date,rel_hum,temp,wind_dir,wind_speed
2022-10-01 00:00:00,100.4,272.733333333333,24.2510927216948,1.18843138874109
2022-10-01 01:00:00,100.4,272.633333333333,356.160678063337,2.26287226428387
2022-10-01 02:00:00,100.4,272.633333333333,23.1121262602361,3.39694285893914
2022-10-01 03:00:00,99.4833333333333,272.95,56.6291320837942,3.20406872405787
2022-10-01 04:00:00,98.05,272.933333333333,342.603525779815,2.35644335780763
2022-10-01 05:00:00,89.3,273.366666666667,58.4865673293477,3.0694164272322
2022-10-01 06:00:00,86.8833333333333,273.216666666667,21.6719892146646,1.83626757698714
2022-10-01 07:00:00,84.0166666666667,273.533333333333,15.5022035927379,3.01180923527889
2022-10-01 08:00:00,80.4666666666667,274.0,15.3533582348944,4.76105493550596
2022-10-01 09:00:00,68.3166666666667,274.733333333333,25.9097788112646,7.45458803683703
2022-10-01 10:00:00,55.5833333333333,275.433333333333,27.7772957981497,7.93243872798955
2022-10-01 11:00:00,67.4166666666667,274.966666666667,11.5073487440126,6.82171807451662
2022-10-01 12:00:00,97.7166666666667,273.316666666667,42.8964822842267,5.41160842143883
2022-10-01 13:00:00,100.4,274.066666666667,29.2878495839486,9.14278650456805
2022-10-01 14:00:00,100.266666666667,274.616666666667,23.5462835802314,9.86112257320549
2022-10-01 15:00:00,100.383333333333,274.1,6.79845918592412,6.74172025752816
2022-10-01 16:00:00,100.4,273.5,8.67559860690477,5.27818236259773
2022-10-01 17:00:00,100.4,273.533333333333,5.35776614406001,7.17577639530958
2022-10-01 18:00:00,100.4,273.683333333333,356.07917719415,7.68545191656643
2022-10-01 19:00:00,100.4,273.766666666667,353.521443507857,7.34449797707189
2022-10-01 20:00:00,100.4,274.166666666667,359.141613297014,8.0959448713606
2022-10-01 21:00:00,100.4,274.7,354.400397071345,8.60189526707464
2022-10-01 22:00:00,100.4,274.95,346.449243381666,10.4139084950626
2022-10-01 23:00:00,100.4,274.75,351.978607727178,8.49931129746779
2022-10-02 00:00:00,100.4,274.683333333333,355.520664938999,9.33646196308448
2022-10-02 01:00:00,100.4,274.45,348.316309147617,10.1524797955458
2022-10-02 02:00:00,100.4,274.516666666667,351.960020282398,9.44187684912253
2022-10-02 03:00:00,100.4,274.866666666667,346.082965475928,9.10768856432197
2022-10-02 04:00:00,100.416666666667,275.183333333333,349.123824534906,10.7499490223869
2022-10-02 05:00:00,100.4,275.183333333333,354.003409955265,9.36615497834922
2022-10-02 06:00:00,100.4,275.383333333333,359.436772515107,10.1497121791364
2022-10-02 07:00:00,100.4,275.75,8.09895926577718,10.1886706937818
2022-10-02 08:00:00,97.2666666666667,276.65,4.71670083837194,10.4852213652604
2022-10-02 09:00:00,91.3666666666667,277.333333333333,4.16120082941865,8.71294961835478
2022-10-02 10:00:00,99.8166666666667,277.05,12.4230498454299,9.02055714307018
2022-10-02 11:00:00,96.0166666666667,277.616666666667,10.2095752505476,11.222488508227
2022-10-02 12:00:00,89.35,277.916666666667,15.337395033721,12.3130920783029
2022-10-02 13:00:00,91.0166666666667,277.983333333333,18.7958030628091,11.3102291399274
2022-10-02 14:00:00,82.8666666666667,278.75,19.8685803614509,12.4551387791045
2022-10-02 15:00:00,86.0666666666667,278.566666666667,11.0508875811551,11.5260905372788
2022-10-02 16:00:00,88.45,278.383333333333,6.87108487228664,10.2012140649978
2022-10-02 17:00:00,78.1333333333333,278.633333333333,5.53614050553767,11.8968632553972
2022-10-02 18:00:00,88.5333333333334,277.6,353.26735986852,10.3233310324722
2022-10-02 19:00:00,82.0,277.383333333333,0.038077500893678,11.1791647457626
2022-10-02 20:00:00,84.8166666666667,276.783333333333,346.747544996367,10.8678555753253
2022-10-02 21:00:00,84.5333333333334,276.1,346.082747876411,8.86260779274338
2022-10-02 22:00:00,86.6166666666667,275.833333333333,353.258986571792,9.54172343560463
2022-10-02 23:00:00,97.7166666666667,275.2,347.260503826627,8.05309522065637
2022-10-03 00:00:00,100.4,274.633333333333,349.208928027831,6.44120755289336
2022-10-03 01:00:00,100.4,274.15,357.310368281013,3.50887767171044
2022-10-03 02:00:00,100.4,274.633333333333,349.57777790365,2.9101761213086
2022-10-03 03:00:00,100.4,275.05,331.649750893977,4.72264845144258
2022-10-03 04:00:00,100.4,275.05,347.070021796262,3.77588319427775
2022-10-03 05:00:00,100.4,275.016666666667,341.854149785654,3.61436593963327
2022-10-03 06:00:00,100.416666666667,274.866666666667,354.009060417121,3.52910953514998
2022-10-03 07:00:00,100.4,274.466666666667,350.865443084097,3.19754502166683
2022-10-03 08:00:00,100.4,274.433333333333,2.52057395087894,3.05211298973001
2022-10-03 09:00:00,100.45,274.45,356.382665254491,3.02013595952002
2022-10-03 10:00:00,100.466666666667,274.966666666667,346.810109068127,3.31462106428991
2022-10-03 11:00:00,96.6166666666667,275.783333333333,347.974239360199,3.16409219911191
2022-10-03 12:00:00,82.6333333333333,276.483333333333,355.396915545349,3.70578265174034
2022-10-03 13:00:00,80.4833333333333,277.316666666667,358.587157994322,3.29945599748944
2022-10-03 14:00:00,77.5,277.6,347.530271056941,4.16918478945865
2022-10-03 15:00:00,76.85,277.55,331.543296969831,5.0612841797355
2022-10-03 16:00:00,73.8833333333334,277.5,339.307995269115,3.45449110969188
2022-10-03 17:00:00,80.0833333333333,277.1,0.473199020994287,3.07462646178325
2022-10-03 18:00:00,79.0666666666667,276.6,1.14803230391897,2.38915808837688
2022-10-03 19:00:00,72.9,275.883333333333,10.7535083844381,1.39930897331573
2022-10-03 20:00:00,59.3333333333333,276.016666666667,23.5130173008499,0.24881554902411
2022-10-03 21:00:00,50.3666666666667,276.116666666667,29.8350548315972,1.16125038195304
2022-10-03 22:00:00,53.2,275.916666666667,25.1996070857102,1.54916519034478
2022-10-03 23:00:00,32.3,276.5,35.8000263886819,2.36738117889127
2022-10-04 00:00:00,18.5,277.15,29.5818582692283,1.86173863671982
2022-10-04 01:00:00,24.1333333333333,277.483333333333,37.2942026874114,2.78899173129521
2022-10-04 02:00:00,27.6333333333333,277.733333333333,31.4493814536902,2.41573293109788
2022-10-04 03:00:00,29.9333333333333,277.733333333333,17.613019162596,1.52678510824377
2022-10-04 04:00:00,30.3166666666667,278.3,37.8232102986345,2.06419810526212
2022-10-04 05:00:00,30.3166666666667,278.183333333333,15.3472090412672,2.53420989026524
2022-10-04 06:00:00,30.3833333333333,278.05,17.6391880393405,2.60988257292007
2022-10-04 07:00:00,29.25,278.5,35.5780794587186,2.74993046510981
2022-10-04 08:00:00,29.2166666666667,278.766666666667,45.2653903619008,2.07229026808927
2022-10-04 09:00:00,26.8666666666667,279.9,24.0964195292618,1.47111589063965
2022-10-04 10:00:00,28.45,280.15,37.2679384678236,1.88046421132858
2022-10-04 11:00:00,28.1333333333333,281.083333333333,17.7177654075822,1.56006028219491
2022-10-04 12:00:00,29.1166666666667,281.666666666667,23.3201789796344,1.97892033912825
2022-10-04 13:00:00,30.8333333333333,282.2,3.86390671834079,2.0290869464689
2022-10-04 14:00:00,30.9833333333333,282.566666666667,348.271950556058,2.56225433338101
2022-10-04 15:00:00,30.2833333333333,282.533333333333,342.031912197604,3.64854159994922
2022-10-04 16:00:00,27.2833333333333,282.75,336.009763702989,4.96266890629527
2022-10-04 17:00:00,27.6166666666667,282.4,349.090564384412,4.261548504709
2022-10-04 18:00:00,25.7666666666667,281.766666666667,357.510991206039,3.9326759820696
2022-10-04 19:00:00,27.4666666666667,280.783333333333,21.9289203754092,3.35572594627857
2022-10-04 20:00:00,25.3,280.916666666667,48.3279468248425,3.05401332655393
2022-10-04 21:00:00,22.95,281.066666666667,34.7845790599611,2.88785271918518
2022-10-04 22:00:00,19.8833333333333,281.35,45.1964483058035,2.19419610756049
2022-10-04 23:00:00,16.4,281.65,37.6434598751506,2.03132554359605
2022-10-05 00:00:00,13.5333333333333,281.983333333333,33.7509540921569,3.18425616272306
2022-10-05 01:00:00,12.8333333333333,282.05,27.5688872048738,3.27985474263377
2022-10-05 02:00:00,13.9333333333333,281.783333333333,0.930400989714258,3.12883441510521
2022-10-05 03:00:00,13.7,281.65,34.3784834072169,2.38623642191019
2022-10-05 04:00:00,13.05,281.766666666667,18.8316585926775,2.05359492692236
2022-10-05 05:00:00,12.4166666666667,282.35,30.3794637066728,2.7906108456135
2022-10-05 06:00:00,11.3166666666667,282.7,33.389405986193,2.55707737376293
2022-10-05 07:00:00,9.8,283.166666666667,40.0184405809874,1.72424619972185
2022-10-05 08:00:00,8.91666666666667,284.25,16.1672789262178,0.986664679524951
2022-10-05 09:00:00,7.93333333333333,285.85,14.5040563420092,1.01881345617572
2022-10-05 10:00:00,9.66666666666667,286.283333333333,44.7618000679285,0.890451917285097
2022-10-05 11:00:00,14.35,287.516666666667,18.9412073987286,0.575593795568781
2022-10-05 12:00:00,15.9333333333333,287.5,9.8601849183874,1.03252483942866
2022-10-05 13:00:00,17.0,287.716666666667,0.172005053968519,1.25213078263161
2022-10-05 14:00:00,20.5166666666667,287.8,5.83858765973679,2.24440767912288
2022-10-05 15:00:00,21.8666666666667,288.033333333333,22.4056388119462,2.3618549866323
2022-10-05 16:00:00,24.9,287.816666666667,13.3785660469222,2.22001087365546
2022-10-05 17:00:00,28.8333333333333,286.45,343.225432622488,1.81059102971918
2022-10-05 18:00:00,31.7,285.366666666667,53.2333637807226,0.105008089570454
2022-10-05 19:00:00,32.6333333333333,284.416666666667,273.414228721737,0.377378641789147
2022-10-05 20:00:00,34.8666666666667,283.983333333333,3.24500003652577,1.30638327124611
2022-10-05 21:00:00,38.8,282.983333333333,4.87083599267714,2.05935009476065
2022-10-05 22:00:00,40.3833333333333,282.316666666667,332.916270654676,0.306145306737624
2022-10-05 23:00:00,41.0,281.95,0.936913335669885,1.73372156238192
2022-10-06 00:00:00,40.5166666666667,281.533333333333,13.1155693076979,3.52103872754
2022-10-06 01:00:00,41.1333333333333,281.233333333333,1.62067153825427,4.07621280809591
2022-10-06 02:00:00,40.95,280.483333333333,1.11195758817502,4.87391327672542
2022-10-06 03:00:00,42.85,279.883333333333,9.47759203893526,3.29838417772104
2022-10-06 04:00:00,47.0,279.2,351.367679682441,2.89655090725062
2022-10-06 05:00:00,38.4,279.233333333333,27.0270336475211,3.69378357503335
2022-10-06 06:00:00,31.7166666666667,279.25,36.2076434667683,3.15158118810121
2022-10-06 07:00:00,35.1333333333333,278.6,20.2035857060142,2.18439048238229
2022-10-06 08:00:00,29.2166666666667,279.75,40.4241253424756,1.28579744049859
2022-10-06 09:00:00,27.4833333333333,280.916666666667,36.867015356527,0.580176596790164
2022-10-06 10:00:00,28.4333333333333,281.633333333333,139.164318566885,0.101855673613845
2022-10-06 11:00:00,32.35,281.6,186.1070279918,0.745988959639886
2022-10-06 12:00:00,37.4,280.9,218.785488447477,1.67460990082423
2022-10-06 13:00:00,35.3333333333333,281.366666666667,191.359311015756,1.66542672579625
2022-10-06 14:00:00,37.4833333333333,281.283333333333,216.696641852681,1.46020097144614
2022-10-06 15:00:00,41.8833333333333,281.5,208.114497767898,0.946727595064119
2022-10-06 16:00:00,50.2666666666667,281.7,264.194905968026,0.50573999929046
2022-10-06 17:00:00,65.3333333333333,280.233333333333,208.470104393669,0.927662385182017
2022-10-06 18:00:00,78.35,279.3,197.094756053772,0.977062958914196
2022-10-06 19:00:00,76.6333333333333,278.733333333333,222.73634146082,2.24320522216738
2022-10-06 20:00:00,81.1833333333333,278.45,60.2160058039281,0.534111189511225
2022-10-06 21:00:00,69.3166666666667,279.066666666667,170.214209245278,1.12423071836189
2022-10-06 22:00:00,62.4833333333333,279.666666666667,143.643046974194,0.236070888261451
2022-10-06 23:00:00,60.55,279.8,15.4031878443756,0.689943148606284
2022-10-07 00:00:00,55.3333333333333,280.15,118.402823374067,0.692417666193631
2022-10-07 01:00:00,51.8166666666667,280.366666666667,36.8919704732024,1.26295811667752
2022-10-07 02:00:00,51.8833333333333,280.466666666667,297.816005599754,0.610970779765542
2022-10-07 03:00:00,48.9,280.35,145.826540143544,0.301771812676298
2022-10-07 04:00:00,45.4,280.483333333333,182.21873245855,0.474360464992057
2022-10-07 05:00:00,42.7,280.483333333333,52.7238009795362,0.92818085067094
2022-10-07 06:00:00,40.6333333333333,280.533333333333,136.405459399238,0.749240023266688
2022-10-07 07:00:00,37.85,280.85,177.896561287886,0.740343868347061
2022-10-07 08:00:00,33.2166666666667,282.15,2.39240584563225,0.329094710919496
2022-10-07 09:00:00,32.8833333333333,283.15,145.157615001373,0.606553416813743
2022-10-07 10:00:00,31.55,284.3,92.7853809790524,0.173069583438944
2022-10-07 11:00:00,31.7333333333333,284.783333333333,357.640185683263,0.249964900731616
2022-10-07 12:00:00,33.7666666666667,284.983333333333,19.2456430941093,0.935283388884934
2022-10-07 13:00:00,35.45,284.733333333333,337.787703670184,1.31612437732784
2022-10-07 14:00:00,38.75,284.9,330.465426123392,1.74717035027405
2022-10-07 15:00:00,39.8,284.683333333333,338.790370348103,2.22449175435481
2022-10-07 16:00:00,46.6333333333333,283.883333333333,316.831619242392,1.50379487213613
2022-10-07 17:00:00,56.3,282.933333333333,352.931226065455,2.30905831726035
2022-10-07 18:00:00,58.4833333333333,281.816666666667,220.843224180756,0.634264584516476
2022-10-07 19:00:00,66.0,280.6,193.584936393635,1.58489990036004
2022-10-07 20:00:00,68.1166666666667,280.3,20.4980343386182,0.376723293957067
2022-10-07 21:00:00,66.1166666666667,280.416666666667,50.4421361663627,1.12533660394458
2022-10-07 22:00:00,66.7666666666667,280.1,32.1210179258352,1.76401118839602
2022-10-07 23:00:00,64.65,279.683333333333,14.1587321992774,2.17846470508331
2022-10-08 00:00:00,58.5,279.716666666667,3.11707185442788,2.04061333506194
2022-10-08 01:00:00,57.4333333333333,279.6,353.138445489168,1.3029348669508
2022-10-08 02:00:00,62.2666666666667,279.033333333333,321.132369617639,1.0448197282999
2022-10-08 03:00:00,65.85,278.466666666667,331.175312209474,0.914860606479947
2022-10-08 04:00:00,69.4833333333333,278.05,337.452069976697,1.27024144856383
2022-10-08 05:00:00,77.85,277.1,353.722409458407,0.957271122728355
2022-10-08 06:00:00,98.7166666666667,276.016666666667,354.231750507856,2.54741454905512
2022-10-08 07:00:00,99.35,275.833333333333,2.78692302324191,3.0600086764339
2022-10-08 08:00:00,91.3833333333333,276.433333333333,4.26074286754852,3.30065663722633
2022-10-08 09:00:00,81.8166666666667,277.566666666667,14.7708227599557,2.25961605814369
2022-10-08 10:00:00,88.3166666666667,277.4,350.739489068609,2.89366183870594
2022-10-08 11:00:00,78.0833333333333,277.966666666667,354.577649549274,2.67120293202089
2022-10-08 12:00:00,80.2666666666667,278.05,354.216726115892,2.27570167490409
2022-10-08 13:00:00,80.2833333333333,278.266666666667,356.380398334286,1.66539666214465
2022-10-08 14:00:00,84.7166666666667,278.233333333333,346.457325976513,1.63024412654474
2022-10-08 15:00:00,91.3833333333333,277.55,353.24502929578,2.04153660445505
2022-10-08 16:00:00,100.283333333333,276.766666666667,349.820273104914,1.95384978634887
2022-10-08 17:00:00,100.4,275.85,359.717448119306,2.05331227564522
2022-10-08 18:00:00,100.4,275.466666666667,27.0701871900295,1.89466573284538
2022-10-08 19:00:00,96.2333333333333,275.666666666667,41.2966977844107,1.71075413460237
2022-10-08 20:00:00,97.8833333333333,275.783333333333,354.492356752063,0.321762087022393
2022-10-08 21:00:00,99.2333333333334,275.75,166.373750789219,1.48729949513692
2022-10-08 22:00:00,100.366666666667,275.65,191.658733748051,2.01333895273106
2022-10-08 23:00:00,100.4,275.55,186.530560100064,0.54456745533744
2022-10-09 00:00:00,100.4,275.633333333333,160.36687021533,1.1402391847716
2022-10-09 01:00:00,96.85,275.866666666667,133.443830774507,1.39409184958704
2022-10-09 02:00:00,98.85,275.516666666667,134.236318644461,0.599279189941798
2022-10-09 03:00:00,100.4,275.0,261.963973045213,0.479659628493276
2022-10-09 04:00:00,100.4,274.633333333333,359.352707157589,0.617432231378329
2022-10-09 05:00:00,100.4,274.866666666667,74.8874437587024,0.978360040566834
2022-10-09 06:00:00,98.6333333333334,275.516666666667,71.3209535722767,1.3910968275655
2022-10-09 07:00:00,97.5,275.583333333333,43.7411870892817,1.9053553522181
2022-10-09 08:00:00,89.15,276.466666666667,94.9528037834479,1.972590507473
2022-10-09 09:00:00,84.6833333333333,276.85,134.028382668381,5.1234733277537
2022-10-09 10:00:00,85.4,276.95,131.801138074064,4.15406957654273
2022-10-09 11:00:00,91.0666666666667,277.116666666667,136.707807139356,1.01931142440115
2022-10-09 12:00:00,94.3166666666667,277.166666666667,57.3449526302236,0.812464648587452
2022-10-09 13:00:00,97.6333333333333,276.85,49.4887668164197,1.45364086927176
2022-10-09 14:00:00,97.2833333333334,277.15,29.3796255844906,0.505738424429211
2022-10-09 15:00:00,95.75,277.566666666667,54.7317871550674,0.824933823310702
2022-10-09 16:00:00,90.2,277.7,62.3451959296537,2.68596222524795
2022-10-09 17:00:00,83.45,278.0,66.2150077069845,3.21593492471891
2022-10-09 18:00:00,74.45,278.25,75.448343246493,3.58906485481938
2022-10-09 19:00:00,72.5833333333333,278.016666666667,99.983970826949,2.14250004227834
2022-10-09 20:00:00,72.5166666666667,277.75,85.3122435081339,2.73596825264399
2022-10-09 21:00:00,72.3333333333333,277.566666666667,85.6805387561091,2.51322806865011
2022-10-09 22:00:00,72.6833333333333,277.316666666667,96.0371961785853,2.14424814966577
2022-10-09 23:00:00,71.7166666666667,277.25,76.245845667047,2.63356926484598
2022-10-10 00:00:00,68.8666666666667,277.416666666667,73.8650046313002,4.00276283384823
2022-10-10 01:00:00,67.0333333333334,277.566666666667,71.2666432683969,3.56968838486094
2022-10-10 02:00:00,67.75,277.45,52.7155580813696,2.9072723135337
2022-10-10 03:00:00,69.5833333333333,277.233333333333,36.0881474249828,2.12583861060086
2022-10-10 04:00:00,71.2,277.0,17.4974163581489,1.17236752859652
2022-10-10 05:00:00,71.1833333333333,276.916666666667,105.830817390833,0.377860224496294
2022-10-10 06:00:00,70.7,277.066666666667,157.655750334978,0.688282505977648
2022-10-10 07:00:00,71.5333333333333,276.9,172.12095224462,0.354390223153137
2022-10-10 08:00:00,70.7166666666667,277.116666666667,203.505917148472,0.525892731151846
2022-10-10 09:00:00,71.1833333333333,277.4,206.233788526216,0.297960035284892
2022-10-10 10:00:00,75.1333333333334,278.116666666667,307.180629914554,0.02816622582476
2022-10-10 11:00:00,81.9,278.783333333333,251.618274336931,0.112996480749252
2022-10-10 12:00:00,78.3666666666667,279.8,323.351087548405,0.422957892898957
2022-10-10 13:00:00,74.3333333333333,279.433333333333,336.637543516178,1.19350767832089
2022-10-10 14:00:00,79.5,278.316666666667,314.455703130424,2.20533848753756
2022-10-10 15:00:00,80.4666666666667,278.333333333333,353.852015127707,2.04156668154099
2022-10-10 16:00:00,82.35,278.383333333333,347.239020973955,2.14125867044767
2022-10-10 17:00:00,96.4833333333334,277.333333333333,333.568238534979,1.44947995929393
2022-10-10 18:00:00,96.3,277.15,355.664594984232,2.35636334295744
2022-10-10 19:00:00,93.85,276.816666666667,348.574532062761,1.7696200139786
2022-10-10 20:00:00,89.4,276.966666666667,2.32679813103817,2.40660817298069
2022-10-10 21:00:00,85.85,276.866666666667,354.391140354754,3.02809696597876
2022-10-10 22:00:00,87.2166666666667,276.383333333333,2.35187898012333,2.7129536738832
2022-10-10 23:00:00,92.4333333333333,275.916666666667,350.594501136377,2.91978113140454
2022-10-11 00:00:00,90.5833333333333,275.75,6.38711509390089,2.43970260511867
2022-10-11 01:00:00,88.2,275.483333333333,6.30759512366626,2.64182375763432
2022-10-11 02:00:00,87.7333333333333,275.333333333333,22.8664207362137,1.89053672487558
2022-10-11 03:00:00,89.8166666666667,275.183333333333,11.8509326041503,1.59010397883644
2022-10-11 04:00:00,74.1833333333333,275.5,60.6120729674319,0.901682453271427
2022-10-11 05:00:00,73.6166666666667,275.516666666667,176.922427997021,0.743986203278895
2022-10-11 06:00:00,80.7833333333334,275.216666666667,214.498960450556,1.61342545043766
2022-10-11 07:00:00,70.3,275.466666666667,68.483782307907,1.08242630773383
2022-10-11 08:00:00,62.4833333333334,275.933333333333,101.036438844487,0.385844562960629
2022-10-11 09:00:00,60.25,277.083333333333,216.811263731117,0.159961214172988
2022-10-11 10:00:00,69.5666666666667,277.283333333333,197.111699965281,1.09763575745533
2022-10-11 11:00:00,65.8166666666667,278.916666666667,33.4267101120166,0.482941530212033
2022-10-11 12:00:00,67.55,279.466666666667,9.49403713996696,0.848585238726762
2022-10-11 13:00:00,66.6,278.85,202.122140708754,0.720248462372881
2022-10-11 14:00:00,66.2166666666667,279.216666666667,218.332201960996,0.630549031636639
2022-10-11 15:00:00,69.0333333333334,279.366666666667,295.348209247019,0.461697712744223
2022-10-11 16:00:00,70.1166666666667,279.266666666667,337.900970771976,1.42214332461371
2022-10-11 17:00:00,76.6333333333333,278.133333333333,331.12855923315,1.00156031771837
2022-10-11 18:00:00,79.85,277.283333333333,204.737844330713,0.470998088632717
2022-10-11 19:00:00,83.9,276.616666666667,183.579507586037,0.241575763806127
2022-10-11 20:00:00,92.5,276.183333333333,32.5815380492506,0.721049782044186
2022-10-11 21:00:00,93.4,276.15,66.4362619456752,0.736627109055217
2022-10-11 22:00:00,93.4,276.05,67.5943833845843,0.451329462223867
2022-10-11 23:00:00,88.55,276.3,105.123542033003,0.277876215030573
2022-10-12 00:00:00,89.0,276.416666666667,358.015872243367,0.910984480516889
2022-10-12 01:00:00,83.15,277.016666666667,347.043519046609,1.64632437952598
2022-10-12 02:00:00,83.95,276.9,348.224374948726,1.92537839260183
2022-10-12 03:00:00,83.2,276.9,5.87823754843839,1.92049659672666
2022-10-12 04:00:00,83.2166666666667,276.816666666667,30.1302522255813,1.60271332042089
2022-10-12 05:00:00,82.8166666666667,276.833333333333,16.3974205959916,3.14103182700316
2022-10-12 06:00:00,84.6333333333334,276.566666666667,13.042968028402,3.01539637523874
2022-10-12 07:00:00,87.5666666666667,276.25,4.67779829518065,2.35064890220361
2022-10-12 08:00:00,89.7,276.15,341.182390472129,2.14084524491002
2022-10-12 09:00:00,85.9333333333333,276.883333333333,355.231885801589,1.21670379415269
2022-10-12 10:00:00,83.4,277.033333333333,23.3644996789545,1.44375195633257
2022-10-12 11:00:00,73.4,279.016666666667,18.7131357299605,1.27162675774169
2022-10-12 12:00:00,65.0333333333333,279.966666666667,359.040522309514,1.33093171289806
2022-10-12 13:00:00,61.25,280.55,344.609182324074,1.52925682362663
2022-10-12 14:00:00,64.25,280.05,339.162631760218,4.06595776793905
2022-10-12 15:00:00,63.4833333333333,280.0,344.612340362941,3.06128310972832
2022-10-12 16:00:00,71.35,279.55,342.638971314745,3.86752362074103
2022-10-12 17:00:00,89.3666666666667,278.216666666667,346.533248070517,4.10185593635537
2022-10-12 18:00:00,96.9,277.183333333333,359.323132606093,2.96009180013789
2022-10-12 19:00:00,95.9166666666667,277.0,12.8882730803471,1.73653310429764
2022-10-12 20:00:00,95.9333333333333,276.783333333333,163.392234855772,0.416933460434372
2022-10-12 21:00:00,99.6333333333333,276.45,145.88812712012,1.35542908903107
2022-10-12 22:00:00,100.283333333333,276.183333333333,15.3075711172647,0.808722792222864
2022-10-12 23:00:00,100.4,275.833333333333,19.9994865694569,0.300331860514278
2022-10-13 00:00:00,91.6,276.25,56.5937847612166,1.24330011482598
2022-10-13 01:00:00,84.8166666666667,276.333333333333,38.0456633562018,1.55517518799366
2022-10-13 02:00:00,81.05,276.466666666667,61.9313430133965,0.62034129907867
2022-10-13 03:00:00,81.6,276.016666666667,21.7233362459078,0.6049166996602
2022-10-13 04:00:00,82.4166666666667,275.95,9.24895874415967,1.60240535211272
2022-10-13 05:00:00,82.9,275.833333333333,26.1209703932852,0.0460258459013875
2022-10-13 06:00:00,88.0,275.9,336.940430513365,1.29933228765497
2022-10-13 07:00:00,86.05,275.666666666667,359.975116380153,1.7629183550959
2022-10-13 08:00:00,87.8333333333333,275.733333333333,29.347175875064,2.08648654593209
2022-10-13 09:00:00,83.5333333333334,276.633333333333,35.1241407492473,0.540447330009136
2022-10-13 10:00:00,81.55,277.283333333333,354.741248235402,0.120854583027315
2022-10-13 11:00:00,82.55,277.266666666667,312.703840592861,1.40097919840494
2022-10-13 12:00:00,75.2333333333333,277.6,323.183135830121,1.59953190063285
2022-10-13 13:00:00,74.05,277.383333333333,337.30346220876,3.35325734543664
2022-10-13 14:00:00,73.5,277.55,333.894957763651,3.11927251141124
2022-10-13 15:00:00,77.4666666666667,277.666666666667,349.831525386993,1.63045105296975
2022-10-13 16:00:00,82.85,277.183333333333,359.511097998807,1.44874013112662
2022-10-13 17:00:00,85.4833333333333,276.833333333333,28.5777084334525,1.56025057281183
2022-10-13 18:00:00,88.0666666666667,276.366666666667,4.08154666063297,2.02380931030317
2022-10-13 19:00:00,77.6833333333333,276.433333333333,67.632203840171,0.878676695990694
2022-10-13 20:00:00,75.75,276.516666666667,149.01642845466,0.306460238981214
2022-10-13 21:00:00,86.9833333333333,275.95,154.626626610818,0.593225938373892
2022-10-13 22:00:00,99.55,275.033333333333,346.146192065341,2.39313882364468
2022-10-13 23:00:00,100.4,273.483333333333,21.019828150277,3.96620711165175
2022-10-14 00:00:00,100.4,273.15,35.2626511854399,3.08999670223562
2022-10-14 01:00:00,100.4,273.4,33.9298074800134,3.71664867995415
2022-10-14 02:00:00,100.4,273.516666666667,20.1869536717585,4.45062835983748
2022-10-14 03:00:00,100.4,273.766666666667,9.47923544157521,4.22285108566315
2022-10-14 04:00:00,100.233333333333,273.966666666667,8.44430742798107,6.10334994821947
2022-10-14 05:00:00,98.1333333333333,274.083333333333,15.4669148635844,4.83293593575188
2022-10-14 06:00:00,98.8166666666667,273.9,5.07258809134498,3.29984021356969
2022-10-14 07:00:00,98.5666666666667,274.016666666667,17.817574531909,3.3956922238299
2022-10-14 08:00:00,97.8333333333333,274.166666666667,21.7363075663634,3.0000822599579
2022-10-14 09:00:00,88.5,275.183333333333,26.1740861784008,1.56846237074106
2022-10-14 10:00:00,85.0666666666667,275.7,24.9181352744807,2.76839361152578
2022-10-14 11:00:00,84.3333333333333,276.583333333333,26.06153447718,2.16233506296203
2022-10-14 12:00:00,89.2833333333333,276.616666666667,31.5454149444249,1.43852810352262
2022-10-14 13:00:00,94.9166666666667,276.366666666667,0.9584654061739,2.54745129341869
2022-10-14 14:00:00,84.0166666666667,276.833333333333,28.8953074622674,5.88851083808279
2022-10-14 15:00:00,77.2833333333333,277.2,30.2804936246626,5.31216216142782
2022-10-14 16:00:00,73.9833333333333,277.433333333333,27.1018157950608,3.73084151651065
2022-10-14 17:00:00,97.8833333333333,275.833333333333,338.659620521376,3.50575080139609
2022-10-14 18:00:00,96.0166666666667,275.383333333333,24.11194769938,2.49987403770046
2022-10-14 19:00:00,90.7333333333333,275.733333333333,7.41125113942928,2.19732655319204
2022-10-14 20:00:00,86.5166666666667,276.083333333333,19.6150172089716,2.92247300787224
2022-10-14 21:00:00,83.25,276.433333333333,34.4998979396552,4.08175707124164
2022-10-14 22:00:00,90.25,276.083333333333,16.5370554943573,4.17005333258801
2022-10-14 23:00:00,91.1333333333333,276.166666666667,22.5681599256166,4.64294406761897
2022-10-15 00:00:00,90.2833333333333,276.35,21.6209931387576,4.83265550268682
2022-10-15 01:00:00,89.4,276.683333333333,20.2220424603506,3.91505825536067
2022-10-15 02:00:00,91.05,276.933333333333,20.6123263139828,6.01122144010714
2022-10-15 03:00:00,91.0333333333333,277.016666666667,24.9670364889275,6.63343325431143
2022-10-15 04:00:00,92.0,276.916666666667,23.1019871053906,6.89833037025729
2022-10-15 05:00:00,93.0333333333333,277.016666666667,14.6632066786198,6.02099867928844
2022-10-15 06:00:00,96.4333333333333,276.8,22.0572571280461,5.56220911709259
2022-10-15 07:00:00,91.2333333333333,277.183333333333,27.5517232081672,5.91164763754106
2022-10-15 08:00:00,85.8333333333333,277.766666666667,16.0447754252564,5.38322118776503
2022-10-15 09:00:00,83.1333333333333,278.05,20.6635826590271,4.324271521032
2022-10-15 10:00:00,76.7833333333333,278.666666666667,32.5900789177945,4.32681564760622
2022-10-15 11:00:00,61.3666666666667,279.95,30.0455698070738,5.41559488842163
2022-10-15 12:00:00,55.95,280.4,26.3633495873752,5.136618837992
2022-10-15 13:00:00,63.2666666666667,280.016666666667,22.6501892650705,5.19610799395946
2022-10-15 14:00:00,76.3166666666667,279.266666666667,5.07904574585893,5.17646869863026
2022-10-15 15:00:00,76.3666666666667,279.916666666667,17.7108935740905,4.2240705919504
2022-10-15 16:00:00,71.7666666666667,280.25,20.5767353694666,4.81295435087026
2022-10-15 17:00:00,70.5666666666667,280.366666666667,12.2989957573791,4.4713757776194
2022-10-15 18:00:00,69.4,280.35,29.8869253085046,4.85243149587012
2022-10-15 19:00:00,69.0833333333333,280.216666666667,17.1999644640883,4.58316550202359
2022-10-15 20:00:00,66.65,280.25,25.3887117923688,4.88861683112512
2022-10-15 21:00:00,64.3833333333333,280.283333333333,40.7748543443619,3.55691605481901
2022-10-15 22:00:00,65.15,280.133333333333,44.4818904810744,3.05880699213784
2022-10-15 23:00:00,61.6,280.016666666667,44.7104822596608,2.94399042919273
2022-10-16 00:00:00,62.2,280.05,352.785063863585,1.44070614163771
2022-10-16 01:00:00,63.7166666666667,279.9,4.50857766514378,2.15816878482978
2022-10-16 02:00:00,61.3666666666667,279.95,14.9466449604441,2.00581736178312
2022-10-16 03:00:00,57.9333333333333,280.183333333333,26.8957324467252,2.03507400926032
2022-10-16 04:00:00,58.55,280.15,0.863570631830839,1.81351500856374
2022-10-16 05:00:00,52.9666666666667,280.333333333333,35.9969297801267,2.05509108357474
2022-10-16 06:00:00,49.9333333333333,280.366666666667,30.9449122867062,2.21984949477751
2022-10-16 07:00:00,42.2666666666667,280.766666666667,45.4025302772476,2.63576741429745
2022-10-16 08:00:00,38.6833333333333,281.1,39.7635804639768,2.56432542043657
2022-10-16 09:00:00,38.9666666666667,281.366666666667,61.4794931443743,2.14566821100093
2022-10-16 10:00:00,39.4666666666667,282.516666666667,83.7397266661733,1.34148617123163
2022-10-16 11:00:00,40.4,283.5,59.8292529114132,0.84619164699645
2022-10-16 12:00:00,39.8,283.05,195.075595761693,1.17426459424089
2022-10-16 13:00:00,39.9166666666667,283.083333333333,179.048926797297,0.958337974739952
2022-10-16 14:00:00,42.95,283.5,267.076532827031,0.662800333411624
2022-10-16 15:00:00,49.5,283.816666666667,315.048616745064,1.21728626637279
2022-10-16 16:00:00,51.9166666666667,284.133333333333,358.583009144949,1.58223451277862
2022-10-16 17:00:00,55.4666666666667,283.25,3.37586352970595,1.28177721843948
2022-10-16 18:00:00,49.45,282.65,86.3855649987235,1.90010259540603
2022-10-16 19:00:00,48.95,282.333333333333,94.8559078059571,2.97254672164666
2022-10-16 20:00:00,53.0666666666667,281.533333333333,88.3884762585915,2.44972007262839
2022-10-16 21:00:00,52.4333333333333,281.25,81.4979306579099,1.99656579867966
2022-10-16 22:00:00,51.8666666666667,280.866666666667,84.3003912003395,0.805045816037375
2022-10-16 23:00:00,49.0,280.516666666667,30.8610568953403,0.425733793109824
2022-10-17 00:00:00,41.3166666666667,280.966666666667,44.1114619420785,0.478032527756256
2022-10-17 01:00:00,34.6166666666667,281.266666666667,83.7211513644669,0.137581917607587
2022-10-17 02:00:00,29.1,281.45,94.0107969803419,0.9164126866568
2022-10-17 03:00:00,28.05,281.6,143.586092501477,1.1187407918653
2022-10-17 04:00:00,25.4833333333333,281.5,54.2637184075077,0.851606442390343
2022-10-17 05:00:00,22.2666666666667,281.866666666667,75.7236210077871,2.12360505855428
2022-10-17 06:00:00,21.35,281.816666666667,86.6408888284379,1.51183046982087
2022-10-17 07:00:00,21.8333333333333,281.6,126.671496988875,0.445192947247541
2022-10-17 08:00:00,20.2166666666667,282.2,41.4052804961276,1.53707846868246
2022-10-17 09:00:00,19.4833333333333,283.65,139.18015652475,0.476214831965271
2022-10-17 10:00:00,20.9333333333333,284.366666666667,144.921410083132,0.459488251967456
2022-10-17 11:00:00,22.5333333333333,285.333333333333,357.990546265176,0.623551075638616
2022-10-17 12:00:00,25.75,284.966666666667,351.608500806088,1.39510994409296
2022-10-17 13:00:00,29.0666666666667,285.033333333333,346.905369434412,1.90416305136283
2022-10-17 14:00:00,30.9,285.35,353.878036044672,2.09636610966655
2022-10-17 15:00:00,32.0,285.616666666667,345.553044196679,2.77238059224013
2022-10-17 16:00:00,33.9333333333333,285.266666666667,352.163608190835,2.4884996532339
2022-10-17 17:00:00,39.5333333333333,283.65,347.395214332705,2.38454436650494
2022-10-17 18:00:00,40.0666666666667,283.066666666667,187.091441831151,0.809233810562427
2022-10-17 19:00:00,43.3,282.533333333333,246.584302530002,0.771460934176683
2022-10-17 20:00:00,41.5833333333333,282.416666666667,104.292030287941,1.16639296735485
2022-10-17 21:00:00,44.8333333333333,281.733333333333,49.6913811230948,1.16494505657762
2022-10-17 22:00:00,46.4166666666667,281.433333333333,54.3897754035658,1.13013528769688
2022-10-17 23:00:00,49.3333333333333,280.95,39.3557222749488,1.24548008958693
2022-10-18 00:00:00,48.75,280.95,53.0445927398875,1.21531188923977
2022-10-18 01:00:00,49.55,280.666666666667,31.3058878027348,1.33125162832352
2022-10-18 02:00:00,49.3833333333333,280.55,19.2489216551293,1.82785493211903
2022-10-18 03:00:00,47.1666666666667,280.483333333333,355.426672534299,1.28780212611206
2022-10-18 04:00:00,42.0666666666667,281.016666666667,20.1334292015619,1.35899106579827
2022-10-18 05:00:00,44.7,280.65,6.28267003030845,2.02686420283212
2022-10-18 06:00:00,52.7833333333333,280.1,3.5335526128427,2.18952573573125
2022-10-18 07:00:00,51.5833333333333,280.0,13.0883173367841,3.53752789659205
2022-10-18 08:00:00,51.9333333333333,280.65,354.777572978265,2.24061624598159
2022-10-18 09:00:00,58.55,280.866666666667,330.485112106442,1.45541967475837
2022-10-18 10:00:00,59.8833333333333,281.133333333333,9.21933425230725,1.71101404591421
2022-10-18 11:00:00,58.4666666666667,281.983333333333,359.611092830882,1.85971254140378
2022-10-18 12:00:00,60.6333333333333,282.016666666667,331.341246090867,1.50889497819761
2022-10-18 13:00:00,56.55,283.05,7.62825440006048,2.71850298772337
2022-10-18 14:00:00,58.35,282.633333333333,345.658771011388,5.97093156602512
2022-10-18 15:00:00,61.0166666666667,281.983333333333,354.658584335238,6.21223746992858
2022-10-18 16:00:00,67.2666666666667,281.25,341.366500570943,5.55282374465866
2022-10-18 17:00:00,74.3833333333333,280.583333333333,346.91486112968,3.90846837873496
2022-10-18 18:00:00,78.85,280.066666666667,353.849838069368,3.13082547038938
2022-10-18 19:00:00,82.1333333333333,279.683333333333,354.994216476181,3.00765651750008
2022-10-18 20:00:00,82.8,279.35,5.52181130108011,3.64488701367648
2022-10-18 21:00:00,82.45,279.2,0.208035554213325,3.34079085035756
2022-10-18 22:00:00,80.4833333333333,279.166666666667,24.96156103072,3.45054412202701
2022-10-18 23:00:00,76.1,279.433333333333,26.7805910985452,2.39513024336259
2022-10-19 00:00:00,76.8166666666667,279.366666666667,38.5578667095008,2.68568163630164
2022-10-19 01:00:00,75.8,279.4,40.9449868399519,2.44105463779182
2022-10-19 02:00:00,77.3333333333333,279.233333333333,33.9450012007932,2.57058126415744
2022-10-19 03:00:00,79.2833333333333,279.0,34.060500486051,1.89052777339103
2022-10-19 04:00:00,79.4333333333333,279.0,26.8650451788931,2.24446041888261
2022-10-19 05:00:00,80.5166666666667,278.866666666667,35.3489206489257,2.31196083622209
2022-10-19 06:00:00,79.7666666666667,278.766666666667,43.6652588052361,2.11914418368064
2022-10-19 07:00:00,79.75,278.733333333333,46.0439482876434,1.82628160649559
2022-10-19 08:00:00,76.8166666666667,279.25,13.0343572497689,0.805014998601418
2022-10-19 09:00:00,71.3833333333333,279.783333333333,63.6914616704728,1.23050372948317
2022-10-19 10:00:00,61.8333333333333,281.033333333333,35.7180796734087,0.424854247345789
2022-10-19 11:00:00,56.6666666666667,281.616666666667,28.1249885252327,0.933688175753436
2022-10-19 12:00:00,50.7166666666667,282.6,6.07916015521107,0.850281582320992
2022-10-19 13:00:00,46.3333333333333,283.366666666667,17.2369293104862,1.85043300473679
2022-10-19 14:00:00,45.1,283.483333333333,352.129148835963,1.66687801830117
2022-10-19 15:00:00,43.6666666666667,283.55,341.024020186226,3.00426703946484
2022-10-19 16:00:00,46.4166666666667,283.25,340.082040497445,2.91503350158769
2022-10-19 17:00:00,49.4166666666667,282.666666666667,342.230142566389,1.73908153073644
2022-10-19 18:00:00,51.4166666666667,281.55,5.31754437886298,0.972499975802672
2022-10-19 19:00:00,54.0833333333333,280.733333333333,33.8159796934092,0.42419205740612
2022-10-19 20:00:00,52.6666666666667,280.633333333333,9.12084932650095,0.660160362439267
2022-10-19 21:00:00,49.1333333333333,280.95,35.1252130622781,1.70852055401644
2022-10-19 22:00:00,47.2833333333333,281.25,31.1242069319031,1.75036742653348
2022-10-19 23:00:00,46.5,281.633333333333,74.1071501360329,1.37812416948888
2022-10-20 00:00:00,45.6,281.3,44.4812127227299,1.64581468795538
2022-10-20 01:00:00,43.2,281.516666666667,43.9974654054072,2.72822887850936
2022-10-20 02:00:00,42.5,281.666666666667,34.1429528124749,3.93009310377083
2022-10-20 03:00:00,41.0333333333333,281.883333333333,41.7384103494613,3.68026536990667
2022-10-20 04:00:00,43.3,281.883333333333,31.4243034592951,3.11933495237029
2022-10-20 05:00:00,46.0166666666667,281.916666666667,34.0467781573224,2.64062995714813
2022-10-20 06:00:00,47.15,281.783333333333,65.6752445457488,1.65678886379212
2022-10-20 07:00:00,49.3333333333333,281.333333333333,61.0024812797033,2.5733327518645
2022-10-20 08:00:00,47.65,281.733333333333,73.2245431115561,3.00339040770456
2022-10-20 09:00:00,43.25,282.233333333333,72.5026760655265,2.26368663628259
2022-10-20 10:00:00,39.7666666666667,283.3,67.4532063778141,1.07713954352459
2022-10-20 11:00:00,39.4,284.516666666667,37.6996259362073,0.583543079443357
2022-10-20 12:00:00,40.4833333333333,283.8,33.7055601206284,1.04616192061328
2022-10-20 13:00:00,40.6166666666667,284.316666666667,32.3738474029753,1.56234238140369
2022-10-20 14:00:00,41.7,283.966666666667,59.3692674351679,2.0035735389012
2022-10-20 15:00:00,44.4,283.55,53.3321762311457,2.77782686488263
2022-10-20 16:00:00,45.9833333333333,283.416666666667,66.2412571276641,3.76389884414309
2022-10-20 17:00:00,48.9833333333333,282.933333333333,72.5566936932605,2.68924564226239
2022-10-20 18:00:00,51.1833333333333,282.633333333333,66.8263706948313,4.43939305657387
2022-10-20 19:00:00,52.8833333333333,282.466666666667,64.7359569848882,3.99582014665314
2022-10-20 20:00:00,55.2166666666667,282.116666666667,70.5750188659546,3.75793588855782
2022-10-20 21:00:00,54.85,282.2,62.6330758835304,4.18679411982181
2022-10-20 22:00:00,54.6,282.15,67.4127366014941,3.24182551370793
2022-10-20 23:00:00,57.6833333333333,281.55,25.5162506410782,2.24845764036951
2022-10-21 00:00:00,59.5333333333333,281.233333333333,0.680020128812998,2.57065522462166
2022-10-21 01:00:00,59.4,281.25,18.3636117804401,0.677219450428937
2022-10-21 02:00:00,60.4666666666667,281.0,10.7282333762907,0.831860608232151
2022-10-21 03:00:00,62.9333333333333,280.583333333333,62.5379824817744,2.18798573524698
2022-10-21 04:00:00,62.3333333333333,280.783333333333,68.6979335393481,3.03188721604093
2022-10-21 05:00:00,62.0333333333333,280.833333333333,72.7577366196228,1.78187076121283
2022-10-21 06:00:00,61.3666666666667,281.066666666667,66.26373662417,6.01563074348781
2022-10-21 07:00:00,59.7166666666667,281.283333333333,62.9479384768434,10.1042262018088
2022-10-21 08:00:00,59.0833333333333,281.433333333333,63.2846489719489,12.0875196236075
2022-10-21 09:00:00,59.4166666666667,281.483333333333,62.7251025935017,11.5990639410165
2022-10-21 10:00:00,64.1333333333333,281.0,15.9765066380227,3.72688957087303
2022-10-21 11:00:00,72.6166666666667,280.05,305.788644284137,0.752052695431637
2022-10-21 12:00:00,81.3333333333333,279.183333333333,311.829981387903,1.4653127304218
2022-10-21 13:00:00,88.0666666666667,278.666666666667,327.686064070708,1.25151125167266
2022-10-21 14:00:00,89.65,278.75,350.089675426426,1.1913854964073
2022-10-21 15:00:00,85.0666666666667,279.35,346.802266153033,0.617862600161884
2022-10-21 16:00:00,89.4666666666667,279.0,323.378169414948,0.238564946359656
2022-10-21 17:00:00,94.9833333333333,278.483333333333,155.855009454006,0.580794538296041
2022-10-21 18:00:00,99.5666666666667,278.0,200.851094973175,0.640252054339473
2022-10-21 19:00:00,97.9,278.066666666667,84.6176041329259,0.33433107493377
2022-10-21 20:00:00,99.15,277.883333333333,165.956659050632,0.724866734829538
2022-10-21 21:00:00,91.6666666666667,278.2,108.872847538725,1.77304206235335
2022-10-21 22:00:00,93.0,277.966666666667,62.6459784295067,1.69859897807591
2022-10-21 23:00:00,97.8833333333333,277.4,355.958255007889,0.377107973459039
2022-10-22 00:00:00,91.2,277.9,5.17260939686173,0.636258779006599
2022-10-22 01:00:00,91.1,277.833333333333,29.3554857528442,1.33685276693913
2022-10-22 02:00:00,91.5833333333333,277.716666666667,222.883816879588,0.366268798428109
2022-10-22 03:00:00,99.7166666666667,276.716666666667,343.375774248994,4.36637277337424
2022-10-22 04:00:00,100.4,274.866666666667,338.722125010593,4.51769724483471
2022-10-22 05:00:00,100.4,273.5,18.7997253794356,3.12097831831891
2022-10-22 06:00:00,100.4,273.716666666667,47.1953548527541,3.1114022547401
2022-10-22 07:00:00,100.316666666667,274.166666666667,28.0463506086701,2.64129828278824
2022-10-22 08:00:00,100.4,273.9,36.5285098029356,3.25544068261907
2022-10-22 09:00:00,100.4,273.6,36.3237306077239,3.46828699221761
2022-10-22 10:00:00,99.5166666666667,274.083333333333,34.899688740813,3.59123371935584
2022-10-22 11:00:00,95.0666666666667,274.9,26.9689131325972,4.14602896650172
2022-10-22 12:00:00,85.8166666666667,275.916666666667,22.8730022809437,4.6584894254928
2022-10-22 13:00:00,84.1166666666667,276.416666666667,3.96595224005887,4.89965750813055
2022-10-22 14:00:00,74.7333333333333,277.516666666667,8.88831210198811,5.29463927575444
2022-10-22 15:00:00,74.2,277.766666666667,3.85177354866971,4.85819817756109
2022-10-22 16:00:00,71.9833333333333,277.883333333333,8.68915097353045,5.22572263874778
2022-10-22 17:00:00,70.4666666666667,278.05,33.7635537437328,3.81176573718626
2022-10-22 18:00:00,67.7,277.816666666667,34.8646400853775,3.33897158693124
2022-10-22 19:00:00,63.5333333333333,277.783333333333,17.5203761951418,1.9579437153051
2022-10-22 20:00:00,63.5,277.633333333333,43.5387522504038,0.637533504301577
2022-10-22 21:00:00,64.3,277.55,24.8968894332124,0.7064072919118
2022-10-22 22:00:00,60.5833333333333,277.866666666667,57.5878270345916,2.85383831729162
2022-10-22 23:00:00,54.7166666666667,278.333333333333,73.5816055257633,3.64961913194775
2022-10-23 00:00:00,55.5833333333333,278.2,58.1903059970162,2.24990423448111
2022-10-23 01:00:00,53.45,278.566666666667,54.5479055930715,3.87167164308258
2022-10-23 02:00:00,56.8333333333333,278.65,50.167692625993,3.3640652063418
2022-10-23 03:00:00,58.9,279.183333333333,55.1339135267615,5.89371318860061
2022-10-23 04:00:00,60.1833333333333,279.333333333333,53.9300987495349,6.26224508415025
2022-10-23 05:00:00,62.1166666666667,279.15,54.7663758841142,5.61490071233168
2022-10-23 06:00:00,62.1166666666667,279.116666666667,53.2709778679953,4.70130526610397
2022-10-23 07:00:00,63.15,279.1,52.7816246546313,4.19268542711486
2022-10-23 08:00:00,60.8666666666667,279.533333333333,56.7935044178156,2.40914536581133
2022-10-23 09:00:00,62.4166666666667,279.683333333333,35.5369988073226,1.77566400275711
2022-10-23 10:00:00,60.7333333333333,280.633333333333,48.3891620366505,6.50425960594704
2022-10-23 11:00:00,56.1,281.633333333333,43.4079840705029,5.73904259386603
2022-10-23 12:00:00,55.2,282.1,42.4503021615011,4.4721883469186
2022-10-23 13:00:00,58.8666666666667,282.65,43.4418781460058,4.05197124130746
2022-10-23 14:00:00,57.3333333333333,282.566666666667,51.1530227481145,5.84215541605307
2022-10-23 15:00:00,58.15,282.383333333333,50.4157494611436,7.24451747299499
2022-10-23 16:00:00,60.8666666666667,282.15,25.1309971081631,3.93879430372319
2022-10-23 17:00:00,60.4833333333334,281.883333333333,34.0959185159637,2.90712868167272
2022-10-23 18:00:00,59.6166666666667,281.75,60.3001162804203,5.09088226834707
2022-10-23 19:00:00,58.4666666666667,281.8,66.6328092738784,4.19819831451184
2022-10-23 20:00:00,56.45,281.983333333333,64.1333515427297,8.5946714795164
2022-10-23 21:00:00,55.8666666666667,282.016666666667,63.7082560236672,6.97899053255463
2022-10-23 22:00:00,61.1666666666667,281.433333333333,55.2094831285078,7.40869343372344
2022-10-23 23:00:00,68.0666666666667,280.566666666667,63.1918273817099,4.79178717294723
2022-10-24 00:00:00,72.3833333333333,279.966666666667,70.1215889439927,3.63291256723597
2022-10-24 01:00:00,77.1166666666667,279.466666666667,56.3071803216668,2.05872068791526
2022-10-24 02:00:00,78.9833333333333,279.3,293.358399484564,1.29115946367736
2022-10-24 03:00:00,88.4,278.5,231.005951963173,0.777300725166314
2022-10-24 04:00:00,87.7666666666667,278.483333333333,131.366052921544,0.90033140202084
2022-10-24 05:00:00,91.45,278.2,0.389932532919147,0.904467438884723
2022-10-24 06:00:00,99.4833333333333,277.5,140.4086273826,1.02025348025056
2022-10-24 07:00:00,95.0333333333333,277.6,105.897407135368,1.52802632308995
2022-10-24 08:00:00,90.25,277.9,72.3056547405564,2.73063192666561
2022-10-24 09:00:00,100.233333333333,277.216666666667,49.1873581822349,1.54385441004232
2022-10-24 10:00:00,95.1833333333333,277.883333333333,51.2988825346678,0.782511707968117
2022-10-24 11:00:00,99.2166666666667,277.65,21.9586514681461,1.8864966578743
2022-10-24 12:00:00,100.4,277.45,341.344898416604,1.82352992021307
2022-10-24 13:00:00,100.4,276.216666666667,336.37989969839,4.83464778992781
2022-10-24 14:00:00,100.4,274.3,26.6057909639047,2.47632925555032
2022-10-24 15:00:00,100.4,273.533333333333,350.791794160541,1.02763856947178
2022-10-24 16:00:00,100.4,273.2,162.438897118517,3.02559338233907
2022-10-24 17:00:00,100.4,273.2,33.8494996304269,2.58778029039049
2022-10-24 18:00:00,100.4,273.183333333333,37.4472236554412,1.93404216448241
2022-10-24 19:00:00,100.4,273.933333333333,10.7063246079861,3.65555278617783
2022-10-24 20:00:00,100.4,274.516666666667,27.4312271102724,3.6728561607558
2022-10-24 21:00:00,100.4,274.883333333333,34.0931115956317,1.88545763069313
2022-10-24 22:00:00,100.4,275.15,36.9398859092013,3.02361552056128
2022-10-24 23:00:00,96.7333333333334,275.4,28.9436627025904,3.50897298575687
2022-10-25 00:00:00,92.2833333333334,275.5,17.3518110616791,4.55648543715277
2022-10-25 01:00:00,88.3333333333333,275.633333333333,357.038587122199,5.21286825050109
2022-10-25 02:00:00,88.3166666666667,275.4,342.847468629457,4.23030431262048
2022-10-25 03:00:00,83.4,275.45,8.96563141449491,4.25151332468134
2022-10-25 04:00:00,83.4166666666667,275.3,5.43537504549011,3.59813525235496
2022-10-25 05:00:00,77.6166666666667,275.583333333333,24.3581188616326,4.58214958062549
2022-10-25 06:00:00,76.55,275.4,26.8788923947424,2.85076760098688
2022-10-25 07:00:00,75.1833333333333,275.483333333333,39.8585965821397,3.47088736497955
2022-10-25 08:00:00,72.1333333333333,275.7,31.1612008227025,3.5527541717257
2022-10-25 09:00:00,66.3666666666667,276.366666666667,39.5823478043026,2.3088082018648
2022-10-25 10:00:00,63.75,276.816666666667,46.4613305476747,2.35273735135887
2022-10-25 11:00:00,60.5833333333333,277.95,34.2381338218609,2.06752549404533
2022-10-25 12:00:00,52.7666666666667,278.3,34.7579327603131,4.62816231663664
2022-10-25 13:00:00,50.5666666666667,279.4,15.9449631205973,4.10865549808284
2022-10-25 14:00:00,45.7166666666667,279.766666666667,27.0493066416565,4.77709508046756
2022-10-25 15:00:00,50.95,280.2,7.50568732342634,3.84686879735878
2022-10-25 16:00:00,59.1,279.683333333333,358.724685943297,3.5264932366227
2022-10-25 17:00:00,52.55,279.066666666667,26.5861162048083,3.20830289570419
2022-10-25 18:00:00,51.9833333333333,278.466666666667,30.5743797339966,2.51661271789593
2022-10-25 19:00:00,51.0333333333333,278.4,47.3518804810674,2.46823440889618
2022-10-25 20:00:00,47.6166666666667,278.516666666667,58.0628791166989,2.55910708608044
2022-10-25 21:00:00,46.5833333333333,278.2,57.438643443304,2.13320176520901
2022-10-25 22:00:00,47.5166666666667,278.3,22.0230559659776,1.69299204167254
2022-10-25 23:00:00,50.2666666666667,278.316666666667,19.8687264732874,0.791951722535339
2022-10-26 00:00:00,48.2833333333333,278.433333333333,330.328471344442,0.732285412588316
2022-10-26 01:00:00,45.05,279.05,27.9645823234154,2.25190109530582
2022-10-26 02:00:00,47.1,279.233333333333,6.92932349776282,3.62965339256104
2022-10-26 03:00:00,54.3833333333333,278.766666666667,26.1741078978476,3.3508297552336
2022-10-26 04:00:00,58.2166666666667,278.65,47.0769926968455,2.53203177333162
2022-10-26 05:00:00,59.3833333333333,278.916666666667,16.6334343332298,4.86300010762613
2022-10-26 06:00:00,66.1666666666667,278.083333333333,7.67616203452798,2.85430814044428
2022-10-26 07:00:00,97.2,275.5,345.372450964709,4.01746133419293
2022-10-26 08:00:00,93.4166666666667,275.716666666667,39.0424302196858,4.50703975032903
2022-10-26 09:00:00,84.3666666666667,276.75,53.7557745086793,3.63027156589414
2022-10-26 10:00:00,80.9833333333333,277.283333333333,27.4101289766787,4.43540445329213
2022-10-26 11:00:00,86.4833333333333,277.05,30.303591603662,3.92306869208228
2022-10-26 12:00:00,77.2833333333334,278.316666666667,33.0437878108109,6.67598567896642
2022-10-26 13:00:00,81.0666666666667,278.016666666667,19.0142859754449,7.53565828220676
2022-10-26 14:00:00,78.5166666666667,278.55,14.7917278959942,4.28074781812065
2022-10-26 15:00:00,76.1166666666667,279.266666666667,15.3227080970516,4.71328873938933
2022-10-26 16:00:00,69.3333333333333,279.683333333333,22.3538818251801,5.61599194643784
2022-10-26 17:00:00,64.1166666666667,279.766666666667,17.4053665103757,6.04907668969137
2022-10-26 18:00:00,65.0833333333333,279.3,19.4675847079798,6.10848297367851
2022-10-26 19:00:00,63.2833333333333,279.2,24.7334819220842,6.39699682879963
2022-10-26 20:00:00,58.4333333333333,279.083333333333,23.9786945949421,5.74836929602285
2022-10-26 21:00:00,61.6333333333333,278.833333333333,25.5334736383687,2.71755514294612
2022-10-26 22:00:00,61.6333333333333,278.8,36.393310563084,2.36545745118995
2022-10-26 23:00:00,55.0333333333333,279.05,46.8575357487907,2.30975076906676
2022-10-27 00:00:00,48.9333333333333,279.516666666667,39.1802637444674,3.51299633348298
2022-10-27 01:00:00,48.3666666666667,279.433333333333,55.771990048625,2.67988955430236
2022-10-27 02:00:00,47.8666666666667,279.483333333333,48.4016114877404,3.23010056949612
2022-10-27 03:00:00,47.5333333333333,279.466666666667,61.4811264927925,2.93917462407964
2022-10-27 04:00:00,42.3,279.783333333333,51.796107896836,3.32135062479518
2022-10-27 05:00:00,39.0,279.966666666667,39.4189129450919,3.38030961495301
2022-10-27 06:00:00,38.3333333333333,280.1,42.8102251225565,2.89141419727307
2022-10-27 07:00:00,38.2666666666667,280.25,41.0786753690749,2.01168324424604
2022-10-27 08:00:00,38.35,280.766666666667,47.4753464801275,2.2473298657638
2022-10-27 09:00:00,45.7,281.033333333333,47.5320353038027,1.39543940997911
2022-10-27 10:00:00,51.3833333333333,281.6,53.6936331611282,2.06944929524328
2022-10-27 11:00:00,50.45,282.616666666667,28.0652733996876,2.55239054542126
2022-10-27 12:00:00,48.5,283.066666666667,9.91121638609411,2.64580097254174
2022-10-27 13:00:00,45.05,283.816666666667,4.51646905500576,2.26907121061843
2022-10-27 14:00:00,42.9333333333333,283.983333333333,3.27283579598543,2.94772252309156
2022-10-27 15:00:00,43.45,284.166666666667,1.0303551808999,2.88968042009618
2022-10-27 16:00:00,44.7666666666667,283.766666666667,345.770815374123,3.52825193586362
2022-10-27 17:00:00,45.9333333333333,283.15,354.736457844264,2.84636272868233
2022-10-27 18:00:00,47.5166666666667,282.25,31.3895714039094,0.83392312788951
2022-10-27 19:00:00,47.35,282.2,26.107172314778,1.74738306220485
2022-10-27 20:00:00,47.8166666666667,281.95,16.41898943312,1.49667307066966
2022-10-27 21:00:00,47.4666666666667,282.016666666667,27.2841931464789,1.04235295848192
2022-10-27 22:00:00,48.7666666666667,281.65,45.9342984005287,0.543584098726435
2022-10-27 23:00:00,48.0166666666667,281.8,72.4532777417326,1.48586138055576
2022-10-28 00:00:00,49.2,281.45,54.3543027728135,1.4555569086289
2022-10-28 01:00:00,48.9833333333333,281.6,51.1946753779291,2.54464820932937
2022-10-28 02:00:00,47.1333333333333,282.116666666667,64.0057287675092,2.47147736123193
2022-10-28 03:00:00,47.4166666666667,281.9,44.0602869180283,2.75654204087865
2022-10-28 04:00:00,46.9166666666667,281.9,54.7358432689128,2.45060473697751
2022-10-28 05:00:00,47.1666666666667,281.866666666667,47.5857767255276,3.38106301575592
2022-10-28 06:00:00,47.4333333333333,282.05,44.4033099294038,3.11237918113592
2022-10-28 07:00:00,47.15,282.083333333333,39.1594061940789,2.65087629067123
2022-10-28 08:00:00,46.5666666666667,282.3,39.2687037547503,3.06713552804055
2022-10-28 09:00:00,46.6333333333333,282.766666666667,49.5756697557139,2.03996642100838
2022-10-28 10:00:00,46.1166666666667,283.616666666667,67.3038018357876,1.03894247242519
2022-10-28 11:00:00,46.2166666666667,284.616666666667,34.6008328625648,0.571880451573803
2022-10-28 12:00:00,45.4333333333333,284.6,25.0310416796687,1.63042981879064
2022-10-28 13:00:00,42.6166666666667,285.233333333333,17.7299850038754,2.21934108928081
2022-10-28 14:00:00,42.2666666666667,285.2,5.64306879499139,2.36402156664556
2022-10-28 15:00:00,42.1666666666667,284.666666666667,11.3721748796957,3.70479587299851
2022-10-28 16:00:00,43.25,284.3,1.81049227438211,3.89453995273104
2022-10-28 17:00:00,44.15,284.15,343.360139578207,2.28663795675036
2022-10-28 18:00:00,45.0666666666667,283.55,0.51018931390297,1.25718874197489
2022-10-28 19:00:00,45.3,283.35,25.9570482402175,1.14494212794688
2022-10-28 20:00:00,45.8666666666667,283.116666666667,61.4580546559448,1.87877646344031
2022-10-28 21:00:00,45.85,283.083333333333,68.41826163245,2.59687586658996
2022-10-28 22:00:00,46.05,283.083333333333,55.2140342981305,2.45110839117958
2022-10-28 23:00:00,46.0333333333333,283.133333333333,62.8352753742101,2.52773650056389
2022-10-29 00:00:00,45.7666666666667,283.1,63.0709688508937,2.83739943896031
2022-10-29 01:00:00,44.75,283.166666666667,60.7133657093633,2.31822713079934
2022-10-29 02:00:00,44.6333333333333,283.05,50.9578426556299,3.16558630223993
2022-10-29 03:00:00,44.2333333333333,283.05,41.1043090701678,3.15163685887917
2022-10-29 04:00:00,44.0333333333333,283.0,42.0556557097498,2.8172860625476
2022-10-29 05:00:00,44.1833333333333,283.033333333333,42.2887093739769,2.04788702377997
2022-10-29 06:00:00,43.6,283.15,43.6370433971973,2.22267040609043
2022-10-29 07:00:00,43.45,283.133333333333,47.6337504711571,2.47014574547652
2022-10-29 08:00:00,43.7333333333333,283.116666666667,52.5756418068493,1.43518179804595
2022-10-29 09:00:00,42.2666666666667,283.883333333333,97.012687593214,0.397122996219127
2022-10-29 10:00:00,42.5333333333333,284.333333333333,89.818334341571,1.09062832734928
2022-10-29 11:00:00,41.2833333333333,285.5,45.0817867354793,0.545600985709962
2022-10-29 12:00:00,40.8333333333333,286.3,20.2394310739535,0.962084928538022
2022-10-29 13:00:00,41.6166666666667,286.1,10.1365539219126,1.27809657525913
2022-10-29 14:00:00,39.0,286.45,6.6272870776391,1.98163287394802
2022-10-29 15:00:00,36.7333333333333,286.3,352.430199087718,2.08035885870159
2022-10-29 16:00:00,35.9166666666667,285.866666666667,17.1537203769379,0.13420520108629
2022-10-29 17:00:00,38.0166666666667,284.766666666667,142.924016745048,2.50183615251336
2022-10-29 18:00:00,40.9833333333333,284.25,114.485220351431,2.43250473635847
2022-10-29 19:00:00,41.6833333333333,284.15,80.287465749279,0.836663675800678
2022-10-29 20:00:00,40.9,284.033333333333,107.066478570082,1.73071636544946
2022-10-29 21:00:00,40.1,283.916666666667,96.7570967702681,1.53076168505103
2022-10-29 22:00:00,42.1666666666667,283.633333333333,97.6588298474751,2.25735460802358
2022-10-29 23:00:00,43.2,283.45,85.2479246800834,2.61533313481122
2022-10-30 00:00:00,44.0,283.183333333333,62.5536076061695,2.17882356749642
2022-10-30 01:00:00,43.85,283.133333333333,72.9508592522859,2.06153432632293
2022-10-30 02:00:00,45.0333333333333,282.916666666667,58.8870879271057,3.46454462659912
2022-10-30 03:00:00,44.5333333333333,282.833333333333,58.7930817760821,3.09111653790883
2022-10-30 04:00:00,42.3166666666667,282.9,87.9436579055245,2.56566620144751
2022-10-30 05:00:00,41.5833333333333,282.866666666667,89.4504282229897,2.07693675763352
2022-10-30 06:00:00,42.3833333333333,282.533333333333,86.2986063559544,1.80692520268733
2022-10-30 07:00:00,42.7166666666667,282.433333333333,93.1729924502077,2.42699006009135
2022-10-30 08:00:00,42.15,282.45,86.1067641354769,3.13584427878919
2022-10-30 09:00:00,40.3166666666667,282.933333333333,87.3960557518348,4.28313457543914
2022-10-30 10:00:00,39.7166666666667,283.433333333333,83.7110762122053,3.24191366846342
2022-10-30 11:00:00,39.3,284.383333333333,51.8045952256706,1.61241962079957
2022-10-30 12:00:00,39.7666666666667,284.9,33.0863248284538,2.73792252938803
2022-10-30 13:00:00,38.35,285.45,9.51362452074579,2.94339256843806
2022-10-30 14:00:00,36.2666666666667,285.7,10.1946203898684,3.64115480755246
2022-10-30 15:00:00,35.4333333333333,285.566666666667,20.9506035884673,3.66938521642125
2022-10-30 16:00:00,33.9,285.216666666667,49.4376354377746,5.52885929114
2022-10-30 17:00:00,36.1666666666667,284.216666666667,57.0843360099536,3.57877186379355
2022-10-30 18:00:00,39.1833333333333,283.25,63.2111894841185,2.17784300070114
2022-10-30 19:00:00,41.2166666666667,282.816666666667,32.5175090684243,2.05155330552992
2022-10-30 20:00:00,42.1666666666667,282.616666666667,77.1066588966274,2.90157707321148
2022-10-30 21:00:00,43.0,282.4,87.8383075780604,2.5811677377147
2022-10-30 22:00:00,41.1,282.233333333333,79.9756591768497,2.97287454234034
2022-10-30 23:00:00,42.1833333333333,281.85,96.2829103674866,2.11985198426301
2022-10-31 00:00:00,41.3166666666667,281.516666666667,88.3950603779283,1.87977030662291
2022-10-31 01:00:00,39.1166666666667,281.55,90.4014839087225,1.98108281482935
2022-10-31 02:00:00,38.3833333333333,281.466666666667,81.7329735055131,3.63140765123391
2022-10-31 03:00:00,37.3166666666667,281.55,76.805517100957,4.38841463044719
2022-10-31 04:00:00,38.6333333333333,281.216666666667,82.018697761629,4.25692339653552
2022-10-31 05:00:00,39.75,280.883333333333,76.2285430255297,3.96242015657403
2022-10-31 06:00:00,39.9166666666667,280.733333333333,84.6952381935607,4.14411963860691
2022-10-31 07:00:00,39.5166666666667,280.583333333333,81.9590476755513,3.36401931471208
2022-10-31 08:00:00,39.6666666666667,280.7,81.8601005751446,2.24582928370277
2022-10-31 09:00:00,38.9666666666667,281.3,76.1574128417535,2.84848991305967
2022-10-31 10:00:00,38.4166666666667,281.7,62.9490773179601,3.87723185686847
2022-10-31 11:00:00,37.7666666666667,282.35,66.8336466188273,4.56487708351848
2022-10-31 12:00:00,35.3333333333333,282.966666666667,62.9882414411471,4.59562241700977
2022-10-31 13:00:00,35.0666666666667,283.433333333333,48.546409151814,4.06755270077671
2022-10-31 14:00:00,35.3333333333333,282.35,73.3165926411838,6.24138867309818
2022-10-31 15:00:00,35.8,282.15,71.2697192188767,5.09280644857604
2022-10-31 16:00:00,34.15,282.75,61.27460264312,5.63741832685204
2022-10-31 17:00:00,34.5666666666667,282.266666666667,64.8041624906924,5.340940449204
2022-10-31 18:00:00,35.7666666666667,281.5,66.723509369157,6.0905391293603
2022-10-31 19:00:00,32.6166666666667,281.333333333333,65.3572337447682,6.66919283904261
2022-10-31 20:00:00,29.85,280.966666666667,70.7338888853053,6.90512957527646
2022-10-31 21:00:00,28.75,280.666666666667,67.554075323414,7.26360598329493
2022-10-31 22:00:00,32.2333333333333,280.25,67.5045270092412,6.50681227835905
2022-10-31 23:00:00,30.6333333333333,280.333333333333,62.5717659248441,6.28835844165602
2022-11-01 00:00:00,32.4833333333333,280.133333333333,64.2588787547567,7.39786791312722
2022-11-01 01:00:00,35.4166666666667,279.583333333333,69.657541936792,5.34716262608994
2022-11-01 02:00:00,36.2833333333333,279.266666666667,76.6341642493804,4.42329040193901
2022-11-01 03:00:00,37.3166666666667,279.566666666667,60.2156052026114,5.92565353934327
2022-11-01 04:00:00,39.6666666666667,279.566666666667,62.4091156199561,4.33296882407294
2022-11-01 05:00:00,40.8666666666667,279.533333333333,89.7203406125507,3.59375270702486
2022-11-01 06:00:00,41.1666666666667,279.5,60.3615200591996,4.54255874383066
2022-11-01 07:00:00,40.7333333333333,279.633333333333,71.3099485588227,3.02485007774795
2022-11-01 08:00:00,42.3833333333333,279.35,42.4189896148118,2.92414278253273
2022-11-01 09:00:00,45.25,279.116666666667,3.90013567808899,1.89457515710294
2022-11-01 10:00:00,51.9666666666667,278.4,18.4656696289904,2.73269785626479
2022-11-01 11:00:00,58.4333333333333,278.366666666667,11.9952034479067,1.98590171786916
2022-11-01 12:00:00,63.4833333333333,278.066666666667,351.500550121098,1.66291711298025
2022-11-01 13:00:00,64.8,278.483333333333,19.8131568896865,2.13852466227451
2022-11-01 14:00:00,71.1833333333333,278.216666666667,15.5984578255896,2.42274183217023
2022-11-01 15:00:00,75.75,277.95,13.3599353901799,1.50716082082269
2022-11-01 16:00:00,82.15,277.2,348.260169886542,0.950037447916427
2022-11-01 17:00:00,83.75,277.183333333333,3.30510010074386,0.381978492911066
2022-11-01 18:00:00,86.5166666666667,276.716666666667,333.597421015629,1.5143904033545
2022-11-01 19:00:00,85.4666666666667,276.783333333333,17.6155160150359,0.872452049062636
2022-11-01 20:00:00,89.2666666666667,276.316666666667,0.124662769803763,1.70238391852975
2022-11-01 21:00:00,87.9,276.2,17.6986103884518,0.790079297189683
2022-11-01 22:00:00,92.5333333333333,275.716666666667,19.9064161405186,1.21576918586859
2022-11-01 23:00:00,79.0833333333333,276.0,66.1059394512341,1.49482887292477
2022-11-02 00:00:00,71.6333333333333,275.95,43.2676033262636,1.87969161352258
2022-11-02 01:00:00,55.5166666666667,276.283333333333,39.1717585199799,2.17641983060227
2022-11-02 02:00:00,45.0666666666667,276.416666666667,28.1858639284945,2.67039602167252
2022-11-02 03:00:00,43.55,276.133333333333,22.3647588727453,1.10741419246872
2022-11-02 04:00:00,42.7,276.05,221.11023721891,0.33831246896269
2022-11-02 05:00:00,58.95,275.183333333333,208.881767251547,1.47978691776794
2022-11-02 06:00:00,91.0,273.283333333333,334.260796379697,1.49813311074986
2022-11-02 07:00:00,96.4,272.933333333333,340.381573362866,1.81066318326514
2022-11-02 08:00:00,95.7166666666667,273.116666666667,14.7009469688909,1.20370343284564
2022-11-02 09:00:00,85.4166666666667,274.283333333333,157.016291999139,0.610314696147325
2022-11-02 10:00:00,85.6666666666667,274.183333333333,194.856669117462,0.867913274467206
2022-11-02 11:00:00,81.7166666666667,274.633333333333,0.0080754588449849,1.30307163871198
2022-11-02 12:00:00,75.45,275.25,346.281966128576,1.70355438084848
2022-11-02 13:00:00,74.6166666666667,276.183333333333,301.231319507736,0.776987630250508
2022-11-02 14:00:00,75.2333333333333,276.0,303.70616813086,0.600895902344968
2022-11-02 15:00:00,84.2166666666667,275.333333333333,210.377974377744,0.79620464259936
2022-11-02 16:00:00,91.9333333333333,274.666666666667,196.899346316677,1.59401881479362
2022-11-02 17:00:00,94.2666666666667,274.633333333333,52.0265824402338,0.886185279308474
2022-11-02 18:00:00,93.5,273.983333333333,72.8825820656547,0.65724108623013
2022-11-02 19:00:00,97.2833333333334,273.466666666667,240.99574064647,0.23857750969777
2022-11-02 20:00:00,100.4,272.833333333333,243.020270115882,1.38653836587433
2022-11-02 21:00:00,92.5166666666667,273.416666666667,165.588009555117,0.154913744793445
2022-11-02 22:00:00,85.8333333333333,273.5,77.2482468744989,0.525290577943168
2022-11-02 23:00:00,74.8333333333333,274.15,75.0971364912651,1.30841914432643
2022-11-03 00:00:00,69.8666666666667,274.45,78.5090637249725,0.863345345437834
2022-11-03 01:00:00,64.9,274.683333333333,112.423711556636,0.242875929223119
2022-11-03 02:00:00,65.0666666666667,274.616666666667,191.211045167561,0.543697846756779
2022-11-03 03:00:00,61.8,274.85,333.634030414797,0.429937454393219
2022-11-03 04:00:00,64.05,274.6,128.745720392096,0.506876234851478
2022-11-03 05:00:00,64.8333333333333,274.416666666667,58.732474686212,0.293907097403026
2022-11-03 06:00:00,61.5666666666667,274.5,58.7580841493851,0.972738018090693
2022-11-03 07:00:00,58.9333333333333,274.483333333333,80.7830166741615,1.63634288991567
2022-11-03 08:00:00,59.5666666666667,274.416666666667,43.5961999936586,1.0612620992717
2022-11-03 09:00:00,51.8833333333333,275.016666666667,65.1250551827676,1.9421617154636
2022-11-03 10:00:00,51.4,275.633333333333,70.6006218680598,1.86626862116908
2022-11-03 11:00:00,48.2333333333333,277.133333333333,50.8905136819207,2.122446775236
2022-11-03 12:00:00,52.3333333333333,277.766666666667,39.2490913458104,1.75801760873251
2022-11-03 13:00:00,53.2833333333333,277.95,34.6272940276601,3.92191974421398
2022-11-03 14:00:00,49.9833333333334,277.933333333333,49.2029254031319,5.10754529102109
2022-11-03 15:00:00,55.0666666666667,277.45,66.5002051415553,3.36632734950992
2022-11-03 16:00:00,53.75,276.733333333333,76.2326008722512,4.4048033820618
2022-11-03 17:00:00,50.7166666666667,276.466666666667,66.2560742880907,6.43882563819734
2022-11-03 18:00:00,54.6666666666667,275.95,68.7508808650215,6.57390078409885
2022-11-03 19:00:00,58.4666666666667,275.65,66.9491347531995,7.61046367506063
2022-11-03 20:00:00,58.5,275.716666666667,62.6007879818271,7.32512126964846
2022-11-03 21:00:00,61.3,275.75,66.3929629434841,7.23561332044506
2022-11-03 22:00:00,64.25,275.566666666667,60.1333421454574,6.29204361632368
2022-11-03 23:00:00,66.2666666666667,275.65,56.5800647004227,6.47542857110213
2022-11-04 00:00:00,76.0666666666667,274.883333333333,60.9786474689494,5.55407088272655
2022-11-04 01:00:00,100.333333333333,272.45,358.69177681907,2.51090637303223
2022-11-04 02:00:00,100.4,271.416666666667,344.64258636089,3.74252049979335
2022-11-04 03:00:00,100.2,269.833333333333,345.372473806899,3.65776099436425
2022-11-04 04:00:00,99.3333333333333,269.1,339.574773966007,3.22347655762431
2022-11-04 05:00:00,98.6333333333333,268.466666666667,24.028424687663,3.74844607268897
2022-11-04 06:00:00,98.2333333333333,268.116666666667,34.5514004257135,3.52759505894326
2022-11-04 07:00:00,98.3166666666667,268.183333333333,32.8624406293247,2.83376772651024
2022-11-04 08:00:00,98.2666666666667,268.2,358.488422707734,3.50931574979917
2022-11-04 09:00:00,97.6333333333333,267.616666666667,207.510134960117,1.6457841570411
2022-11-04 10:00:00,97.3833333333334,267.35,164.258090047448,2.39222984595868
2022-11-04 11:00:00,98.05,268.1,,0.0
2022-11-04 12:00:00,97.7833333333334,268.066666666667,,0.0
2022-11-04 13:00:00,99.0166666666667,269.366666666667,,0.0
2022-11-04 14:00:00,99.8333333333333,270.0,3.23695173886279,0.512759474066814
2022-11-04 15:00:00,100.366666666667,270.816666666667,12.6314256108859,1.4304836799538
2022-11-04 16:00:00,100.333333333333,270.583333333333,44.2662399547747,0.679261996880043
2022-11-04 17:00:00,98.45,268.383333333333,102.122832691776,0.159159661492272
2022-11-04 18:00:00,97.2833333333333,267.066666666667,173.08426290516,1.55315432493015
2022-11-04 19:00:00,97.3666666666667,267.116666666667,176.401938097616,1.26660541347493
2022-11-04 20:00:00,97.3666666666667,267.1,233.775648059694,0.454710401596351
2022-11-04 21:00:00,97.3166666666667,267.15,163.747553785676,2.51352912150982
2022-11-04 22:00:00,97.4333333333333,267.333333333333,191.260081454745,3.6056647852888
2022-11-04 23:00:00,97.4833333333333,267.366666666667,195.15173446182,3.59926680935753
2022-11-05 00:00:00,97.5833333333334,267.483333333333,181.759775152512,1.88384038018225
2022-11-05 01:00:00,97.6666666666667,267.6,197.071956559203,1.62109798085176
2022-11-05 02:00:00,97.7333333333333,267.666666666667,205.616390620539,2.42006165909517
2022-11-05 03:00:00,97.85,267.766666666667,186.406835280957,1.55363820131867
2022-11-05 04:00:00,98.05,267.966666666667,353.276507296264,1.12425465173364
2022-11-05 05:00:00,98.1,268.016666666667,347.881319743515,2.58400521897879
2022-11-05 06:00:00,98.1,267.966666666667,345.389888392154,2.34862966643558
2022-11-05 07:00:00,98.1,268.0,341.783172508695,1.83842854926824
2022-11-05 08:00:00,98.1833333333333,268.083333333333,14.8405724850993,0.91216261909526
2022-11-05 09:00:00,98.45,268.45,313.123612396444,0.185184830416276
2022-11-05 10:00:00,98.4,268.4,171.867263147045,1.20516732642673
2022-11-05 11:00:00,99.95,270.25,345.166895701441,1.10260320976976
2022-11-05 12:00:00,100.383333333333,271.1,19.4824741804623,2.58586675260194
2022-11-05 13:00:00,100.366666666667,271.55,346.609580082436,1.60952224394311
2022-11-05 14:00:00,100.4,270.866666666667,344.64047859601,3.10889561184426
2022-11-05 15:00:00,100.4,271.2,348.080194575677,1.80169307051004
2022-11-05 16:00:00,100.35,270.016666666667,7.19452442321665,2.28531883072796
2022-11-05 17:00:00,99.1666666666667,268.583333333333,3.35656048384226,1.5455568227349
2022-11-05 18:00:00,98.45,267.983333333333,139.457536939352,0.219557281481701
2022-11-05 19:00:00,98.15,267.716666666667,12.7387429667371,0.149498933177783
2022-11-05 20:00:00,98.0833333333333,267.733333333333,177.386874790339,1.14021304571536
2022-11-05 21:00:00,97.85,267.5,198.811794582414,1.45411594718634
2022-11-05 22:00:00,97.5166666666667,267.166666666667,36.6374570946132,0.884460439742626
2022-11-05 23:00:00,97.15,266.766666666667,62.7846344781678,0.396318645511592
2022-11-06 00:00:00,97.05,266.666666666667,128.729162759389,0.508203795222162
2022-11-06 01:00:00,96.95,266.583333333333,233.37630649356,0.447893461898903
2022-11-06 02:00:00,96.6833333333333,266.333333333333,11.018233819794,0.557652343479882
2022-11-06 03:00:00,96.75,266.45,70.8620530961035,0.483981348525383
2022-11-06 04:00:00,96.8166666666667,266.883333333333,99.5404591585166,0.811020025926195
2022-11-06 05:00:00,96.8166666666667,266.783333333333,43.3446219297516,1.14418193674344
2022-11-06 06:00:00,96.8666666666667,267.25,125.583555995436,0.639562635361672
2022-11-06 07:00:00,97.15,267.433333333333,60.617633948937,0.472055236714199
2022-11-06 08:00:00,96.1333333333334,267.4,63.0805181828893,1.28808530082004
2022-11-06 09:00:00,96.15,268.85,39.4097123125729,1.58806106906238
2022-11-06 10:00:00,94.3833333333333,269.65,68.7897365221761,1.01490058290549
2022-11-06 11:00:00,84.8833333333333,271.35,73.4037927306276,0.511154699542882
2022-11-06 12:00:00,73.7666666666667,272.85,79.3195367913731,0.245373231247895
2022-11-06 13:00:00,48.7833333333333,274.133333333333,17.9416923767512,2.41748358107981
2022-11-06 14:00:00,20.65,276.25,6.52464282553717,2.94479974410982
2022-11-06 15:00:00,16.3333333333333,277.116666666667,14.588684155938,3.5818099833287
2022-11-06 16:00:00,26.45,276.833333333333,19.3523106112979,3.43970485176831
2022-11-06 17:00:00,24.6666666666667,276.05,329.950062045829,1.9283491135568
2022-11-06 18:00:00,28.25,276.083333333333,21.1621570679914,3.69553781036575
2022-11-06 19:00:00,40.6,276.633333333333,13.9685462246408,6.18653052234721
2022-11-06 20:00:00,50.5,276.25,15.7635179375517,6.60304892895123
2022-11-06 21:00:00,51.5333333333333,275.45,349.214117812985,4.44560321220084
2022-11-06 22:00:00,56.8666666666667,273.916666666667,333.42848201697,3.39778125515803
2022-11-06 23:00:00,54.25,272.733333333333,335.086873594407,2.05824499022706
2022-11-07 00:00:00,53.3666666666667,272.5,26.080171589164,2.21800406225797
2022-11-07 01:00:00,52.1166666666667,273.083333333333,18.5222745079093,3.13557958981108
2022-11-07 02:00:00,54.05,273.75,2.74376423999485,4.35746211793655
2022-11-07 03:00:00,58.3,272.766666666667,325.921264116013,2.93043458266255
2022-11-07 04:00:00,66.1833333333334,272.816666666667,13.0498063789171,3.38350573392674
2022-11-07 05:00:00,69.3166666666667,272.75,12.7451549951583,3.38763393486728
2022-11-07 06:00:00,70.9166666666667,272.616666666667,20.5982197477278,1.75575862875717
2022-11-07 07:00:00,69.65,272.733333333333,3.80847233567545,2.18682081791556
2022-11-07 08:00:00,52.0,274.0,37.3229848141453,4.4628756042568
2022-11-07 09:00:00,39.6666666666667,274.75,37.5164767518551,4.51841872404822
2022-11-07 10:00:00,31.7833333333333,275.516666666667,30.1833899612045,3.5333641563106
2022-11-07 11:00:00,22.85,276.316666666667,45.0957333487567,5.14481098968347
2022-11-07 12:00:00,24.8833333333333,276.866666666667,49.9309687679679,6.16652060195026
2022-11-07 13:00:00,24.0333333333333,277.583333333333,38.2475558642088,5.01123080312833
2022-11-07 14:00:00,27.0833333333333,277.716666666667,17.10814464851,3.7286973209455
2022-11-07 15:00:00,30.2833333333333,277.616666666667,2.471764761077,3.33847480455618
2022-11-07 16:00:00,30.5,277.1,11.5763722790066,4.33272179827572
2022-11-07 17:00:00,33.2666666666667,276.3,15.9756224068365,3.58383993067636
2022-11-07 18:00:00,32.5833333333333,276.133333333333,28.1201763441018,3.90273150100918
2022-11-07 19:00:00,32.05,276.1,19.8569025174031,3.6389229814889
2022-11-07 20:00:00,28.1666666666667,276.5,22.8335054483714,3.66475535846129
2022-11-07 21:00:00,25.5166666666667,276.733333333333,36.7352796257623,4.64706307765719
2022-11-07 22:00:00,21.9,277.5,44.6369289943191,5.86340415076912
2022-11-07 23:00:00,21.1833333333333,277.283333333333,42.6286279533384,4.63576312123456
2022-11-08 00:00:00,20.1333333333333,277.35,49.133208208796,4.39908543421705
2022-11-08 01:00:00,19.35,277.3,42.890060122429,2.67634334086344
2022-11-08 02:00:00,19.5666666666667,277.033333333333,29.0470320579515,3.22804975831615
2022-11-08 03:00:00,15.65,277.85,46.6231822882637,3.86089777084945
2022-11-08 04:00:00,14.4166666666667,278.333333333333,41.2421835651111,3.52719658415355
2022-11-08 05:00:00,15.5333333333333,278.383333333333,41.2593830904994,3.79553964576372
2022-11-08 06:00:00,14.35,278.416666666667,54.1793706951866,2.77318643025963
2022-11-08 07:00:00,8.56666666666667,279.166666666667,55.007376315907,2.91280564449622
2022-11-08 08:00:00,7.11666666666667,279.033333333333,121.425717756205,0.739694082027458
2022-11-08 09:00:00,6.63333333333333,279.6,73.3196426189137,0.722442371439528
2022-11-08 10:00:00,7.25,279.8,56.8103392394488,1.08861182236542
2022-11-08 11:00:00,9.61666666666667,280.066666666667,70.4862627755557,0.522784564704527
2022-11-08 12:00:00,10.3,280.0,150.357906369014,1.06401803811862
2022-11-08 13:00:00,12.1166666666667,280.283333333333,199.39993571352,0.314293800099588
2022-11-08 14:00:00,13.8166666666667,281.366666666667,9.66296390675575,1.68477323562707
2022-11-08 15:00:00,18.45,280.0,335.449440841882,0.646632281296369
2022-11-08 16:00:00,22.95,278.9,110.126669847969,0.220832489077444
2022-11-08 17:00:00,26.4666666666667,277.516666666667,162.989488643509,1.5238434207122
2022-11-08 18:00:00,27.5,277.016666666667,337.546442250712,0.499099515838012
2022-11-08 19:00:00,26.7833333333333,277.183333333333,150.37889282372,0.979380520396696
2022-11-08 20:00:00,26.0,277.316666666667,178.851441645148,0.679202885528819
2022-11-08 21:00:00,25.0,276.966666666667,32.4627045545168,0.204211696074203
2022-11-08 22:00:00,23.9166666666667,277.4,115.652558191065,0.40457084170751
2022-11-08 23:00:00,24.3666666666667,277.216666666667,37.396785802986,1.28172993442598
2022-11-09 00:00:00,25.3833333333333,277.083333333333,143.215749636215,0.837127832508449
2022-11-09 01:00:00,26.1166666666667,277.216666666667,85.337371415315,1.12349326195753
2022-11-09 02:00:00,29.1833333333333,276.616666666667,23.4293900797587,1.01776436209831
2022-11-09 03:00:00,32.0166666666667,276.883333333333,10.6214806469326,1.35283469874113
2022-11-09 04:00:00,34.9,276.15,339.289490838971,1.38160267157403
2022-11-09 05:00:00,39.8166666666667,275.983333333333,45.3898124015751,0.71564673222094
2022-11-09 06:00:00,47.2,275.45,17.1765227020112,0.758591649248524
2022-11-09 07:00:00,52.8,275.283333333333,7.99640863773431,1.43975423480456
2022-11-09 08:00:00,59.5833333333333,275.433333333333,343.945623091855,2.04039746724082
2022-11-09 09:00:00,63.0,275.683333333333,16.3525273904401,1.67940911140472
2022-11-09 10:00:00,61.8333333333333,276.533333333333,5.46066629261577,1.93794710721113
2022-11-09 11:00:00,66.7833333333333,275.45,334.664474996547,1.18153320765464
2022-11-09 12:00:00,61.7166666666667,277.466666666667,354.509684956013,1.60344261661654
2022-11-09 13:00:00,62.6666666666667,277.65,24.9208055357485,2.40843335846496
2022-11-09 14:00:00,65.7,277.233333333333,9.58973551639906,1.56030117715206
2022-11-09 15:00:00,67.6166666666667,277.083333333333,41.1938103446911,3.15787738577942
2022-11-09 16:00:00,66.65,277.083333333333,44.6565181812288,3.8847482245206
2022-11-09 17:00:00,73.2333333333333,276.033333333333,22.2777598480894,1.81936878288132
2022-11-09 18:00:00,75.8333333333333,275.75,7.17739294229136,2.93162722695033
2022-11-09 19:00:00,77.8833333333333,275.566666666667,1.64295335351255,1.33190432071394
2022-11-09 20:00:00,87.7166666666667,274.733333333333,340.929433969877,1.33375470488862
2022-11-09 21:00:00,96.55,273.816666666667,8.55825682244563,1.79157571978261
2022-11-09 22:00:00,100.4,273.066666666667,357.782573760444,2.34231768091634
2022-11-09 23:00:00,100.4,272.733333333333,5.80159675891434,2.355438746454
2022-11-10 00:00:00,100.4,272.533333333333,358.271129884993,2.071064866648
2022-11-10 01:00:00,100.4,272.55,359.596599877217,2.95254476680701
2022-11-10 02:00:00,100.4,272.6,6.11471377103476,3.86771666615386
2022-11-10 03:00:00,100.4,272.433333333333,12.7625060167081,3.28220406356657
2022-11-10 04:00:00,100.4,272.366666666667,350.895952731457,2.31153661036849
2022-11-10 05:00:00,100.4,272.383333333333,35.1348865962925,2.52858310019651
2022-11-10 06:00:00,100.4,272.333333333333,352.436474817286,1.88583089816363
2022-11-10 07:00:00,100.4,272.216666666667,3.51202830146019,2.72972175109884
2022-11-10 08:00:00,100.4,272.016666666667,3.02112510924007,2.72250436126444
2022-11-10 09:00:00,100.4,272.166666666667,354.493519664802,2.05216966554787
2022-11-10 10:00:00,100.4,272.266666666667,14.779885920598,1.49135739546267
2022-11-10 11:00:00,100.4,272.3,40.411923023133,1.4456348044389
2022-11-10 12:00:00,98.5333333333334,272.716666666667,10.747589658355,2.73143097642729
2022-11-10 13:00:00,87.2666666666667,273.55,22.1010318979367,2.86539169655718
2022-11-10 14:00:00,78.0666666666667,274.883333333333,8.99653664688862,2.68629747013193
2022-11-10 15:00:00,74.8,275.016666666667,18.039260395717,2.30564292543012
2022-11-10 16:00:00,76.9833333333333,274.416666666667,322.402436910661,0.860292515164649
2022-11-10 17:00:00,75.0,273.433333333333,217.011704692801,0.709721541944249
2022-11-10 18:00:00,75.8,273.216666666667,64.1978401694626,0.497095805743141
2022-11-10 19:00:00,60.7666666666667,273.7,166.071423692459,0.77339679598796
2022-11-10 20:00:00,33.5333333333333,275.083333333333,187.736291883154,0.575545838569187
2022-11-10 21:00:00,22.4166666666667,276.6,76.817865565425,0.916944477739001
2022-11-10 22:00:00,28.35,277.766666666667,115.436540392741,1.15722695561644
2022-11-10 23:00:00,32.8833333333333,277.9,134.798511124425,1.05010767915942
2022-11-11 00:00:00,34.45,278.483333333333,146.085237983354,1.07870972699528
2022-11-11 01:00:00,33.3333333333333,278.616666666667,67.618215408796,0.429857801102316
2022-11-11 02:00:00,32.8166666666667,278.816666666667,179.108376902133,0.979180436200993
2022-11-11 03:00:00,30.6166666666667,279.316666666667,61.8057381704161,1.10677808613725
2022-11-11 04:00:00,30.05,279.5,125.493032882534,0.481025166399516
2022-11-11 05:00:00,29.8333333333333,279.766666666667,175.039881786103,0.489439591695366
2022-11-11 06:00:00,28.9333333333333,280.066666666667,135.456666300698,0.798203770923711
2022-11-11 07:00:00,27.8666666666667,280.3,51.613702265892,1.00150549753917
2022-11-11 08:00:00,28.25,280.566666666667,60.1096399605071,1.01160974437624
2022-11-11 09:00:00,27.7333333333333,281.166666666667,173.245505163647,0.354938574116152
2022-11-11 10:00:00,24.5166666666667,282.766666666667,183.891142454929,0.614339270393841
2022-11-11 11:00:00,24.7333333333333,282.166666666667,211.380435966425,0.350059348812863
2022-11-11 12:00:00,26.1333333333333,282.733333333333,76.2351780440894,0.21497196344155
2022-11-11 13:00:00,32.3166666666667,283.1,348.410180786194,0.183617189142854
2022-11-11 14:00:00,31.1666666666667,281.216666666667,179.388941232702,1.23984359249504
2022-11-11 15:00:00,33.4,281.55,98.7000972221463,0.40916055082455
2022-11-11 16:00:00,30.3333333333333,281.183333333333,199.096809719374,1.15026832410593
2022-11-11 17:00:00,30.9666666666667,280.666666666667,181.139606262463,0.561898225923799
2022-11-11 18:00:00,30.8333333333333,280.316666666667,38.1373855944462,0.36358615161895
2022-11-11 19:00:00,32.1666666666667,279.866666666667,352.059287905741,0.245678194894154
2022-11-11 20:00:00,28.1833333333333,279.983333333333,148.059212842307,0.430572261159839
2022-11-11 21:00:00,24.0166666666667,280.65,90.921131666617,1.18626183316353
2022-11-11 22:00:00,21.5,281.05,74.5838654463798,1.56684033734984
2022-11-11 23:00:00,18.7166666666667,281.333333333333,62.5042122349311,2.3750181899885
2022-11-12 00:00:00,18.3,281.15,63.5346075126964,3.48936114772003
2022-11-12 01:00:00,15.45,281.516666666667,59.8274067532317,2.31677705112427
2022-11-12 02:00:00,15.8,281.333333333333,77.674343623345,2.40407074636569
2022-11-12 03:00:00,15.6166666666667,281.066666666667,159.791416171752,0.894131641889392
2022-11-12 04:00:00,15.75,281.0,190.049856668442,0.700191781250676
2022-11-12 05:00:00,13.3666666666667,281.2,69.9673731884218,0.511474548505247
2022-11-12 06:00:00,13.2333333333333,281.3,164.177528883889,0.534788365621905
2022-11-12 07:00:00,14.05,281.183333333333,212.528458250664,0.980565486883938
2022-11-12 08:00:00,14.05,280.933333333333,176.092645406897,0.253354272611335
2022-11-12 09:00:00,13.4166666666667,281.366666666667,37.1260865527717,0.232946127626297
2022-11-12 10:00:00,12.6666666666667,282.0,96.4188497299382,0.561580664427146
2022-11-12 11:00:00,12.4166666666667,282.633333333333,119.505955721182,0.543591623193009
2022-11-12 12:00:00,10.1166666666667,284.15,143.577723927777,0.0987230531156409
2022-11-12 13:00:00,14.1,283.716666666667,230.375181160981,0.0932061427303269
2022-11-12 14:00:00,23.5,282.7,358.53059558515,0.298418911850989
2022-11-12 15:00:00,15.5833333333333,281.966666666667,186.043905041578,0.960158268502265
2022-11-12 16:00:00,18.1666666666667,281.633333333333,95.0496709039752,0.674381695444891
2022-11-12 17:00:00,17.1666666666667,281.016666666667,41.0126347879678,0.008888931514829
2022-11-12 18:00:00,16.8,280.7,157.795878744529,0.271203298583439
2022-11-12 19:00:00,18.75,280.066666666667,176.630864278266,0.160974701614695
2022-11-12 20:00:00,15.3333333333333,280.416666666667,165.928615342311,1.82365009257962
2022-11-12 21:00:00,13.4333333333333,280.916666666667,161.997638415893,4.4618318107222
2022-11-12 22:00:00,15.65,280.15,161.78311343671,1.1417654326519
2022-11-12 23:00:00,16.0333333333333,279.716666666667,4.04128968525072,0.0569232683020584
2022-11-13 00:00:00,17.1,279.566666666667,297.441169520851,0.119665433984558
2022-11-13 01:00:00,16.2833333333333,279.833333333333,303.81967737783,0.622666329829083
2022-11-13 02:00:00,14.1333333333333,280.383333333333,106.879611725237,0.95582614383999
2022-11-13 03:00:00,13.95,280.35,165.739223236231,0.239789070564141
2022-11-13 04:00:00,14.8333333333333,280.383333333333,161.432830178895,0.563019113732814
2022-11-13 05:00:00,15.7166666666667,279.9,39.503894319937,0.528606755793904
2022-11-13 06:00:00,23.0166666666667,279.483333333333,35.94428270062,0.305149463318591
2022-11-13 07:00:00,25.4,279.283333333333,139.177755192655,0.424623201373666
2022-11-13 08:00:00,28.1166666666667,279.033333333333,59.3003686796587,0.707521997778807
2022-11-13 09:00:00,30.1833333333333,279.283333333333,68.7673196410815,1.71471856142413
2022-11-13 10:00:00,31.4666666666667,280.283333333333,67.1591484002494,0.87194007942053
2022-11-13 11:00:00,33.8166666666667,279.8,101.957240185412,1.43648432298188
2022-11-13 12:00:00,34.8833333333333,279.216666666667,91.902331333671,1.57533462424971
2022-11-13 13:00:00,33.0166666666667,279.05,42.269100682698,0.714540193739754
2022-11-13 14:00:00,27.95,279.216666666667,31.0767467325068,1.42503219376483
2022-11-13 15:00:00,28.7666666666667,278.883333333333,357.893863256716,1.27776556994005
2022-11-13 16:00:00,26.45,277.9,35.2773579485421,2.07990714270459
2022-11-13 17:00:00,29.1833333333333,276.766666666667,73.8056228013965,2.020905349552
2022-11-13 18:00:00,32.7666666666667,276.2,76.1172161388363,1.33648518500699
2022-11-13 19:00:00,38.8333333333333,275.583333333333,44.2629123809447,2.81517553305515
2022-11-13 20:00:00,41.0333333333333,275.483333333333,101.688581974433,1.86302776906066
2022-11-13 21:00:00,44.9666666666667,274.6,70.0230513518991,1.93149786774046
2022-11-13 22:00:00,46.5666666666667,274.266666666667,108.537706792392,1.1303174276794
2022-11-13 23:00:00,50.1333333333333,274.166666666667,65.9639151576247,3.16751741679152
2022-11-14 00:00:00,55.1666666666667,274.016666666667,53.8526103303614,3.16574729751049
2022-11-14 01:00:00,61.15,273.516666666667,63.7013389779883,3.07731823139188
2022-11-14 02:00:00,67.0833333333334,272.8,55.7118790509076,2.48936991391627
2022-11-14 03:00:00,72.2666666666667,272.25,76.878536331934,3.44212753138035
2022-11-14 04:00:00,73.8,271.966666666667,88.570618361966,2.54234941338881
2022-11-14 05:00:00,76.1,271.6,73.5237363370711,3.71316958135831
2022-11-14 06:00:00,75.3166666666667,271.566666666667,69.8181623454475,6.38884897023793
2022-11-14 07:00:00,75.1,271.483333333333,73.4980854932709,5.90267860453422
2022-11-14 08:00:00,69.7166666666667,271.583333333333,72.8432825949854,6.41695337126425
2022-11-14 09:00:00,65.1333333333334,271.85,80.607478439661,6.78778416089111
2022-11-14 10:00:00,66.7166666666667,271.833333333333,72.3641124288768,8.43897695604631
2022-11-14 11:00:00,63.4166666666667,272.416666666667,64.7114693648615,9.49241474945721
2022-11-14 12:00:00,63.1666666666667,272.766666666667,59.0755510103762,5.53618733675035
2022-11-14 13:00:00,61.5166666666667,273.416666666667,61.1459257810516,5.15559028643045
2022-11-14 14:00:00,57.5666666666667,274.066666666667,42.1464859188786,5.98151305558219
2022-11-14 15:00:00,57.1666666666667,273.95,43.0260460381256,5.2782312107476
2022-11-14 16:00:00,59.3,273.683333333333,33.6765276740234,2.79037390489291
2022-11-14 17:00:00,64.5333333333334,272.433333333333,14.8027843918181,1.12535784188479
2022-11-14 18:00:00,65.85,272.166666666667,131.148171701373,0.434879424605144
2022-11-14 19:00:00,66.7666666666667,272.233333333333,67.2506809822141,0.601169912582879
2022-11-14 20:00:00,67.6833333333333,272.016666666667,354.094684455114,0.251477024919154
2022-11-14 21:00:00,66.9666666666667,272.4,120.907177013183,0.993295740827529
2022-11-14 22:00:00,67.9166666666667,272.483333333333,39.5306432612182,1.18090080982771
2022-11-14 23:00:00,69.6166666666667,272.433333333333,70.4215148390379,0.425636419093606
2022-11-15 00:00:00,69.2833333333333,272.75,149.267583335608,0.905586595131373
2022-11-15 01:00:00,66.75,273.183333333333,47.6949363656337,0.946555683698547
2022-11-15 02:00:00,66.3,273.016666666667,155.383645106084,1.17511129402137
2022-11-15 03:00:00,60.1166666666667,273.35,58.2699596049433,0.401082112932657
2022-11-15 04:00:00,51.9833333333333,274.116666666667,65.0491367635291,2.08232210110975
2022-11-15 05:00:00,53.0833333333333,273.783333333333,126.968392378697,0.756252759397333
2022-11-15 06:00:00,51.6666666666667,273.65,28.1040216160347,0.469746537372828
2022-11-15 07:00:00,51.55,273.566666666667,44.084231745231,1.0411159008039
2022-11-15 08:00:00,50.9833333333333,273.5,81.2324827523158,0.831343274338897
2022-11-15 09:00:00,48.8,273.983333333333,67.7250492446015,0.464811196725586
2022-11-15 10:00:00,44.1666666666667,275.766666666667,71.6598154617503,0.742177795724669
2022-11-15 11:00:00,48.1333333333333,275.716666666667,26.5007599171928,0.572253004569169
2022-11-15 12:00:00,49.8333333333333,276.716666666667,17.426593161579,1.22534240337638
2022-11-15 13:00:00,53.4,276.633333333333,1.26136165173432,1.5587217877556
2022-11-15 14:00:00,56.45,275.983333333333,346.129839048974,1.94568567075644
2022-11-15 15:00:00,62.0833333333333,275.533333333333,342.608606794612,3.16389360870732
2022-11-15 16:00:00,69.15,274.7,336.624662378838,1.17719888178172
2022-11-15 17:00:00,72.85,274.266666666667,38.1107398833239,0.483739175966074
2022-11-15 18:00:00,73.9833333333333,274.116666666667,108.727258336243,1.28721589768689
2022-11-15 19:00:00,73.9,273.933333333333,119.047212305373,0.443984712122078
2022-11-15 20:00:00,72.6,274.116666666667,89.2907745153389,0.676414903269965
2022-11-15 21:00:00,72.9166666666667,274.033333333333,121.327834296571,0.432104367892608
2022-11-15 22:00:00,72.4333333333333,274.166666666667,120.832836230753,1.65484530056875
2022-11-15 23:00:00,72.0666666666667,274.15,81.6835043774034,2.16120031268844
2022-11-16 00:00:00,71.5333333333334,274.3,77.9702532748495,1.6951571626686
2022-11-16 01:00:00,69.5833333333333,274.816666666667,89.7889577042431,2.79488763321969
2022-11-16 02:00:00,69.9166666666667,274.85,100.1954798181,0.954134118925309
2022-11-16 03:00:00,80.2666666666667,273.916666666667,155.613474043824,0.347187367814876
2022-11-16 04:00:00,97.95,272.716666666667,151.338731479841,0.811406671585917
2022-11-16 05:00:00,100.05,272.766666666667,332.454218768351,0.530506688331323
2022-11-16 06:00:00,100.4,272.133333333333,347.819368382621,1.69387560189234
2022-11-16 07:00:00,100.4,271.966666666667,2.77270136979257,2.8573784345006
2022-11-16 08:00:00,100.4,272.1,15.8442156713428,3.37928124904928
2022-11-16 09:00:00,100.4,271.983333333333,341.160946800622,2.64998458429606
2022-11-16 10:00:00,100.4,271.783333333333,346.695422522837,3.78803902617802
2022-11-16 11:00:00,100.4,271.533333333333,334.963918942218,2.7441909681386
2022-11-16 12:00:00,100.4,271.466666666667,341.977659831185,2.80279066661359
2022-11-16 13:00:00,100.4,271.533333333333,345.484416757074,1.83575577281129
2022-11-16 14:00:00,100.316666666667,271.183333333333,0.61477119880044,3.05964017497383
2022-11-16 15:00:00,98.1666666666667,270.583333333333,11.8581084426172,2.77846067603329
2022-11-16 16:00:00,95.5833333333333,270.15,9.15230290086777,2.94747672949617
2022-11-16 17:00:00,91.4166666666667,269.8,29.4802505889322,1.96390520422687
2022-11-16 18:00:00,87.5,269.85,36.0502141786976,2.8462363630327
2022-11-16 19:00:00,76.9166666666667,270.266666666667,43.1357820177624,2.72919482357739
2022-11-16 20:00:00,67.8333333333333,270.516666666667,42.712122002439,1.87450266536526
2022-11-16 21:00:00,60.0666666666667,270.666666666667,44.1541204314092,2.61739170142882
2022-11-16 22:00:00,53.35,271.033333333333,42.2099835790827,3.04417050005044
2022-11-16 23:00:00,49.8166666666667,272.0,40.9612846156035,5.30710424282217
2022-11-17 00:00:00,45.5833333333333,272.733333333333,31.5441641101127,5.50240541617731
2022-11-17 01:00:00,42.4833333333333,273.316666666667,44.4500646060691,5.58062378989321
2022-11-17 02:00:00,45.5333333333333,273.45,32.8118301428976,6.65823196203209
2022-11-17 03:00:00,47.65,273.516666666667,37.2469171759237,4.72619604284493
2022-11-17 04:00:00,46.2166666666667,273.583333333333,46.494425487801,5.05961897661595
2022-11-17 05:00:00,51.1333333333333,273.683333333333,39.3426719512503,5.53871343559538
2022-11-17 06:00:00,59.05,274.05,25.3684692122287,5.83713095035908
2022-11-17 07:00:00,70.3666666666667,272.933333333333,30.2068305691018,3.92233499455226
2022-11-17 08:00:00,65.3833333333333,273.016666666667,10.5421633435094,2.59965155743546
2022-11-17 09:00:00,59.7333333333333,273.533333333333,13.7988829653518,3.55640575455164
2022-11-17 10:00:00,59.6833333333333,273.533333333333,18.4299812005273,3.29068291820544
2022-11-17 11:00:00,54.8166666666667,274.85,31.9280527730639,5.00395387142773
2022-11-17 12:00:00,62.7166666666667,273.55,339.588325810558,3.6772613919688
2022-11-17 13:00:00,66.85,273.35,324.414833303076,1.91186968030071
2022-11-17 14:00:00,77.5,272.733333333333,343.271687891829,2.20655075722033
2022-11-17 15:00:00,77.8166666666667,273.0,11.4762906460109,4.03184582855862
2022-11-17 16:00:00,64.25,273.616666666667,45.0009101505712,4.65178067031555
2022-11-17 17:00:00,55.2166666666667,273.733333333333,60.7086503655363,2.97576264705311
2022-11-17 18:00:00,58.0666666666667,273.266666666667,57.3723820105552,2.16775169678191
2022-11-17 19:00:00,61.9,272.833333333333,64.5853895842013,2.48543182292172
2022-11-17 20:00:00,60.9833333333333,272.733333333333,60.0277993968093,2.07009168146323
2022-11-17 21:00:00,60.65,272.366666666667,62.2849588340596,2.20314949550266
2022-11-17 22:00:00,57.5333333333333,272.55,30.1526067005319,1.71014621633015
2022-11-17 23:00:00,71.15,271.833333333333,345.582293629027,2.77065603991116
2022-11-18 00:00:00,69.5833333333333,271.683333333333,41.1973482008652,1.2924451155417
2022-11-18 01:00:00,66.8,271.866666666667,59.8235158900269,3.03284785608192
2022-11-18 02:00:00,70.85,271.65,42.4186829314344,2.94936160947582
2022-11-18 03:00:00,70.2166666666667,271.916666666667,31.0768016848691,2.91491274881029
2022-11-18 04:00:00,86.9166666666667,270.633333333333,322.311025569354,1.15511944117857
2022-11-18 05:00:00,96.8166666666667,269.15,3.63874298034511,9.24129231635806
2022-11-18 06:00:00,98.0833333333333,268.533333333333,19.1782399369218,7.36360985373161
2022-11-18 07:00:00,98.0,268.316666666667,15.7306855892717,8.42540871466552
2022-11-18 08:00:00,97.6833333333333,267.966666666667,13.365793368336,8.44529647143177
2022-11-18 09:00:00,96.7333333333333,267.6,6.86510869416202,5.61545553865136
2022-11-18 10:00:00,96.7166666666667,267.883333333333,7.76765748400015,5.3570950491066
2022-11-18 11:00:00,97.5666666666667,268.016666666667,5.68399215073202,7.56874548211242
2022-11-18 12:00:00,97.5833333333333,268.083333333333,357.909595125908,5.76466531046281
2022-11-18 13:00:00,97.5833333333333,268.066666666667,3.23882472143498,5.35132670979142
2022-11-18 14:00:00,97.4333333333333,267.916666666667,2.27272992075854,6.01233764849786
2022-11-18 15:00:00,97.2833333333333,267.666666666667,7.02366183983423,5.60185452759631
2022-11-18 16:00:00,97.3666666666667,267.616666666667,9.74198413073134,6.96749049895994
2022-11-18 17:00:00,97.4333333333333,267.616666666667,357.567651334123,5.2245206811256
2022-11-18 18:00:00,97.1666666666667,267.316666666667,18.8127124887914,3.41350157457148
2022-11-18 19:00:00,97.2833333333334,267.416666666667,359.658554809306,4.41939031135334
2022-11-18 20:00:00,96.85,266.95,351.848983749928,4.83564615522298
2022-11-18 21:00:00,96.5333333333333,266.616666666667,343.910639285117,4.96273598199732
2022-11-18 22:00:00,95.9833333333333,266.05,355.596525018828,4.42915616432646
2022-11-18 23:00:00,95.8,265.95,20.5617640744782,4.16719877638752
2022-11-19 00:00:00,95.1833333333333,265.383333333333,39.5854405566488,3.56626630650977
2022-11-19 01:00:00,95.2833333333333,265.583333333333,17.2356319972099,3.4044343755824
2022-11-19 02:00:00,95.3833333333333,265.766666666667,11.2247653444973,3.34544306928769
2022-11-19 03:00:00,95.3,265.75,15.3059447361293,2.91172944799617
2022-11-19 04:00:00,95.25,265.816666666667,28.9285854845546,2.67255046556988
2022-11-19 05:00:00,94.8833333333334,265.85,33.1882736306354,3.52859511699591
2022-11-19 06:00:00,94.6333333333333,265.75,29.7199071207773,1.75239613620425
2022-11-19 07:00:00,94.3833333333333,265.816666666667,24.4642741659918,2.17250388278356
2022-11-19 08:00:00,93.8666666666667,265.783333333333,10.4027509038663,2.42346927141009
2022-11-19 09:00:00,93.6,265.95,18.9322883304851,2.65622677808155
2022-11-19 10:00:00,92.65,266.283333333333,28.8148927328916,2.23465269663981
2022-11-19 11:00:00,91.4,268.05,34.9532018554813,1.27392270347483
2022-11-19 12:00:00,90.3333333333333,268.316666666667,47.6844535876826,1.110531518348
2022-11-19 13:00:00,89.8166666666667,268.1,33.3764636723283,1.92933660463243
2022-11-19 14:00:00,89.55,267.816666666667,27.3277909025347,2.30594403674888
2022-11-19 15:00:00,90.4166666666667,267.683333333333,25.5371311504582,3.23242801639088
2022-11-19 16:00:00,92.05,266.783333333333,8.11478487336274,3.25376348665295
2022-11-19 17:00:00,93.4333333333333,266.033333333333,13.312282598755,2.41175261944053
2022-11-19 18:00:00,94.6833333333333,265.95,341.850177587812,0.978856650815535
2022-11-19 19:00:00,95.4166666666667,265.933333333333,277.633966641082,0.558773309444642
2022-11-19 20:00:00,96.3,266.25,357.481012220196,1.46588538348149
2022-11-19 21:00:00,95.9333333333333,266.2,337.592687929003,2.49583876120234
2022-11-19 22:00:00,95.6666666666667,265.966666666667,4.97170773313724,2.3787772876013
2022-11-19 23:00:00,95.3333333333333,265.666666666667,4.6144163426622,2.31919405070696
2022-11-20 00:00:00,95.1166666666667,265.416666666667,11.7008596840232,3.25317844125039
2022-11-20 01:00:00,95.0,265.316666666667,355.439447025802,2.80462232436977
2022-11-20 02:00:00,94.9333333333333,265.266666666667,19.0276789560039,2.22360022741802
2022-11-20 03:00:00,94.95,265.25,3.90517674693547,2.26097256816502
2022-11-20 04:00:00,94.7333333333333,265.083333333333,22.2975481702973,2.16373378867768
2022-11-20 05:00:00,94.8833333333333,265.166666666667,350.412584421058,3.27707767144167
2022-11-20 06:00:00,94.8166666666667,265.15,357.726956704444,3.66291820108681
2022-11-20 07:00:00,94.45,264.8,6.26188474301546,3.40306133776006
2022-11-20 08:00:00,94.4166666666667,264.766666666667,15.6802096827645,3.04657815831863
2022-11-20 09:00:00,94.4333333333333,264.9,11.4246684230712,4.84489847416838
2022-11-20 10:00:00,94.4666666666667,265.1,3.54830247989776,5.02695867017868
2022-11-20 11:00:00,94.4166666666667,265.216666666667,4.31860792949914,5.06039122492798
2022-11-20 12:00:00,93.9,264.783333333333,19.3923917868393,4.08022496649727
2022-11-20 13:00:00,94.2666666666667,265.4,3.41734139317924,3.01736779007607
2022-11-20 14:00:00,94.3666666666667,265.266666666667,2.83389236892299,3.96685194086319
2022-11-20 15:00:00,93.7666666666667,265.083333333333,35.3354765219227,4.66287157646732
2022-11-20 16:00:00,89.6333333333333,264.516666666667,39.9956010275797,5.24059589814944
2022-11-20 17:00:00,88.6666666666667,264.4,24.7050594622604,4.02693003377457
2022-11-20 18:00:00,84.4333333333333,264.533333333333,34.2907281085235,4.78030738210931
2022-11-20 19:00:00,80.7166666666667,264.916666666667,29.250476515645,3.53454036675876
2022-11-20 20:00:00,72.65,265.416666666667,39.0961626828643,3.64364633718081
2022-11-20 21:00:00,61.8833333333333,265.766666666667,39.7245336787985,4.08896147982692
2022-11-20 22:00:00,60.1,265.9,25.3847090943407,6.21504650692331
2022-11-20 23:00:00,74.0833333333333,265.366666666667,19.1188251844004,6.82233914730809
2022-11-21 00:00:00,93.5833333333333,265.433333333333,35.4255636178094,9.15362493733953
2022-11-21 01:00:00,94.5833333333333,265.55,19.6586395358578,10.6790850129369
2022-11-21 02:00:00,94.9166666666667,265.533333333333,11.9869896082153,10.5096314001808
2022-11-21 03:00:00,94.6333333333333,265.066666666667,0.272701021675459,11.050227929234
2022-11-21 04:00:00,94.55,264.983333333333,4.92779459360929,8.64579971444982
2022-11-21 05:00:00,94.55,265.0,26.4340060764941,9.57149884936496
2022-11-21 06:00:00,94.6166666666667,265.116666666667,17.1489985968869,7.91475842553391
2022-11-21 07:00:00,94.6166666666667,265.316666666667,20.3660607494608,11.4611921401795
2022-11-21 08:00:00,93.9,265.366666666667,12.9271989869287,11.2668115862239
2022-11-21 09:00:00,92.1333333333333,265.283333333333,17.9285214304416,10.8488984078321
2022-11-21 10:00:00,89.6,265.516666666667,23.749833639806,13.0346011402595
2022-11-21 11:00:00,83.9333333333333,265.833333333333,24.1836028009474,10.1532733371129
2022-11-21 12:00:00,75.6333333333333,266.416666666667,40.4179842916423,7.56933404516887
2022-11-21 13:00:00,58.2833333333333,267.483333333333,30.7998013614096,5.73754970793194
2022-11-21 14:00:00,46.8833333333333,268.733333333333,21.8114420170786,5.41272736445517
2022-11-21 15:00:00,39.5,269.266666666667,50.908064766772,5.45517650295813
2022-11-21 16:00:00,35.3833333333333,270.033333333333,55.7147810331069,4.84708477804286
2022-11-21 17:00:00,34.9,270.15,71.9304232840611,4.15419428605173
2022-11-21 18:00:00,33.3166666666667,270.15,86.963609213955,3.38324492149407
2022-11-21 19:00:00,34.2833333333333,270.75,79.2003390269068,6.05114524946417
2022-11-21 20:00:00,40.9,270.533333333333,73.3509333328968,8.17907171419509
2022-11-21 21:00:00,45.2,270.133333333333,67.1575763043423,7.82650842284257
2022-11-21 22:00:00,51.2333333333333,269.683333333333,67.8739262816981,4.69005557040594
2022-11-21 23:00:00,62.4,269.266666666667,69.1477634465545,3.83948455550988
2022-11-22 00:00:00,65.35,268.9,53.6288043760026,1.93938694905358
2022-11-22 01:00:00,64.8666666666667,269.15,77.9199254350172,2.07729573693173
2022-11-22 02:00:00,65.5833333333333,269.35,97.6430974540547,1.7849386979433
2022-11-22 03:00:00,66.85,268.916666666667,30.4372283565075,0.746931989728769
2022-11-22 04:00:00,70.8333333333333,268.883333333333,134.094369113609,0.711706513300746
2022-11-22 05:00:00,84.8666666666667,267.816666666667,192.567729667859,1.28377697738031
2022-11-22 06:00:00,96.1833333333333,267.1,199.626120843734,3.24790323852809
2022-11-22 07:00:00,96.55,267.133333333333,216.611995591464,2.47310526655835
2022-11-22 08:00:00,96.0833333333333,266.666666666667,19.9777108690997,2.8085841506544
2022-11-22 09:00:00,95.75,266.316666666667,357.664469644636,1.65435439583971
2022-11-22 10:00:00,95.5,266.15,356.448053884561,2.33522405672529
2022-11-22 11:00:00,95.3333333333334,266.15,3.65299593864086,2.53084179613585
2022-11-22 12:00:00,95.0833333333333,265.983333333333,356.613963580559,2.61762821737981
2022-11-22 13:00:00,94.75,265.7,348.061361120484,2.69061481387912
2022-11-22 14:00:00,94.6666666666667,265.5,346.757619623655,3.68305510317257
2022-11-22 15:00:00,94.5,265.183333333333,334.389724683187,3.38903186724432
2022-11-22 16:00:00,94.25,264.8,3.01499566541514,2.5949828983431
2022-11-22 17:00:00,93.8833333333333,264.383333333333,22.7574081339538,3.11956412339279
2022-11-22 18:00:00,93.9666666666667,264.383333333333,13.8334317626087,2.46682445606743
2022-11-22 19:00:00,94.2,264.633333333333,8.43496904926326,2.62102916190861
2022-11-22 20:00:00,94.5666666666667,264.983333333333,5.36227218510805,2.81793782959964
2022-11-22 21:00:00,94.7166666666667,265.2,1.26651061220167,2.5600094064326
2022-11-22 22:00:00,94.8666666666667,265.333333333333,11.0266951944378,2.47943805975061
2022-11-22 23:00:00,94.8833333333333,265.333333333333,352.114433006818,2.53730243573827
2022-11-23 00:00:00,94.7666666666667,265.216666666667,358.182796243667,3.26230629719701
2022-11-23 01:00:00,94.6,265.05,347.644623158052,2.87049159381587
2022-11-23 02:00:00,94.4833333333333,264.916666666667,355.568958651622,1.62111420174831
2022-11-23 03:00:00,94.3833333333333,264.816666666667,358.559201728817,1.82312463380896
2022-11-23 04:00:00,94.25,264.7,356.555962745412,2.18881762178488
2022-11-23 05:00:00,94.0666666666667,264.516666666667,358.342799297298,1.28765610238793
2022-11-23 06:00:00,93.5833333333333,264.066666666667,40.7605556252182,1.33249523519011
2022-11-23 07:00:00,93.2666666666667,263.65,167.637334849076,0.831413782991902
2022-11-23 08:00:00,93.2166666666667,263.616666666667,193.42635099305,0.193270548076516
2022-11-23 09:00:00,93.0166666666667,263.516666666667,26.6926567318941,0.98222418197808
2022-11-23 10:00:00,94.1666666666667,265.166666666667,43.1488742821104,0.918599282116884
2022-11-23 11:00:00,94.7833333333334,267.1,38.8509476023922,0.800030099234147
2022-11-23 12:00:00,94.3666666666667,267.483333333333,51.45792475638,0.716164735813122
2022-11-23 13:00:00,91.0333333333333,266.35,30.393493051377,2.55373680268077
2022-11-23 14:00:00,68.9666666666667,266.9,28.1895848064937,4.64913393817406
2022-11-23 15:00:00,32.4166666666667,268.466666666667,29.8047602581459,5.94517341032459
2022-11-23 16:00:00,15.1333333333333,269.233333333333,34.0056280335223,6.4023689111456
2022-11-23 17:00:00,29.9166666666667,269.283333333333,40.0903600479518,6.75154358760935
2022-11-23 18:00:00,59.3666666666667,269.633333333333,29.9076122841212,6.17377457260918
2022-11-23 19:00:00,67.2166666666667,270.266666666667,13.7065022609503,4.56564664882978
2022-11-23 20:00:00,85.05,267.866666666667,359.041405388981,5.37531669483855
2022-11-23 21:00:00,97.4833333333333,268.25,27.1028430328564,8.3726723216682
2022-11-23 22:00:00,97.6333333333333,268.216666666667,22.664556667555,9.79531450954328
2022-11-23 23:00:00,95.55,267.066666666667,355.052101269169,10.6677872679836
2022-11-24 00:00:00,93.6333333333333,266.666666666667,8.07602794775647,7.66450525063137
2022-11-24 01:00:00,96.25,267.083333333333,6.47041577307249,4.67983962357429
2022-11-24 02:00:00,96.9166666666667,267.283333333333,6.04810883157688,6.30801322779212
2022-11-24 03:00:00,96.9,267.266666666667,2.45257758167315,5.70139067208648
2022-11-24 04:00:00,96.7333333333333,267.083333333333,355.31846629002,7.98000429285196
2022-11-24 05:00:00,96.25,266.55,8.66103653765424,5.09178458019575
2022-11-24 06:00:00,96.2,266.516666666667,357.489205520897,7.82343816049524
2022-11-24 07:00:00,96.0333333333334,266.333333333333,340.168255802086,5.30795073693979
2022-11-24 08:00:00,96.1666666666667,266.45,358.84703333514,6.96387747124618
2022-11-24 09:00:00,96.0666666666667,266.483333333333,356.563822497056,7.03609966083618
2022-11-24 10:00:00,95.5166666666667,266.683333333333,359.384066360379,4.98254546536723
2022-11-24 11:00:00,95.6833333333333,266.933333333333,12.1660713686484,6.09203504575773
2022-11-24 12:00:00,95.7333333333333,267.35,11.2541811524276,3.82343839252586
2022-11-24 13:00:00,96.5666666666667,267.333333333333,11.8106501778598,7.38214562744145
2022-11-24 14:00:00,95.1833333333333,266.966666666667,7.505096218885,9.5813900702251
2022-11-24 15:00:00,94.9333333333333,267.066666666667,6.36404867981105,8.10429671790425
2022-11-24 16:00:00,92.5,266.833333333333,0.160411844040084,8.8416826957803
2022-11-24 17:00:00,93.4,266.516666666667,0.606584152648338,6.34871207204331
2022-11-24 18:00:00,85.9333333333333,266.2,18.7728625037596,3.87551321562529
2022-11-24 19:00:00,77.75,266.183333333333,33.2865910995872,4.75950070750763
2022-11-24 20:00:00,76.6666666666667,266.683333333333,35.5017266690947,4.21277166657565
2022-11-24 21:00:00,71.5166666666667,266.9,85.4345789736585,1.09358152098215
2022-11-24 22:00:00,56.7666666666667,267.5,91.2328553920704,0.885507339688345
2022-11-24 23:00:00,38.9,268.45,76.9889761972348,1.35946147331735
2022-11-25 00:00:00,26.7666666666667,269.416666666667,51.5359448197255,2.09703135769466
2022-11-25 01:00:00,13.7666666666667,270.8,45.7185540764449,3.61209907894174
2022-11-25 02:00:00,11.4666666666667,271.483333333333,40.513451109419,3.81246522864394
2022-11-25 03:00:00,13.0833333333333,271.816666666667,33.7580464650255,3.72923360325622
2022-11-25 04:00:00,13.0833333333333,271.933333333333,27.4708980856598,3.90522527732831
2022-11-25 05:00:00,11.7833333333333,272.0,30.7316452771439,2.02550374753613
2022-11-25 06:00:00,13.2333333333333,271.633333333333,3.70021780897548,2.72607090317705
2022-11-25 07:00:00,16.1833333333333,270.95,6.52090320957194,2.65796997958075
2022-11-25 08:00:00,25.2,270.883333333333,4.80764890829732,2.46795941882351
2022-11-25 09:00:00,26.9,270.983333333333,35.964598264865,1.35473045109175
2022-11-25 10:00:00,29.4333333333333,271.283333333333,328.773071320096,1.47295226554475
2022-11-25 11:00:00,28.6,272.483333333333,348.529006072821,1.51000525610635
2022-11-25 12:00:00,27.9833333333333,273.266666666667,19.7131968449671,1.46870797682015
2022-11-25 13:00:00,26.7333333333333,273.416666666667,24.1366581753553,1.63203494131463
2022-11-25 14:00:00,30.5333333333333,270.9,202.478852314321,0.880297034271165
2022-11-25 15:00:00,32.1333333333333,271.15,314.671105203266,0.3142323783492
2022-11-25 16:00:00,36.7166666666667,270.416666666667,7.77145192176744,1.64482201517691
2022-11-25 17:00:00,75.1333333333333,268.366666666667,1.95159797221294,4.29690101410526
2022-11-25 18:00:00,78.3666666666667,268.133333333333,46.2466471538263,3.66978677864769
2022-11-25 19:00:00,87.45,268.183333333333,40.1281398431555,3.38157493513076
2022-11-25 20:00:00,91.7833333333333,268.35,14.2827225101656,2.7892209609453
2022-11-25 21:00:00,98.55,267.933333333333,347.824981764452,3.10138473618901
2022-11-25 22:00:00,98.4333333333333,267.8,348.91000889148,2.63521086272918
2022-11-25 23:00:00,97.65,267.583333333333,349.976898114145,2.96171382451941
2022-11-26 00:00:00,97.2166666666667,267.283333333333,344.991392629805,3.2966590919869
2022-11-26 01:00:00,96.8666666666667,266.983333333333,351.515913528482,1.84051152332748
2022-11-26 02:00:00,96.7833333333333,266.866666666667,340.281036299474,1.65917329199265
2022-11-26 03:00:00,96.7333333333333,266.883333333333,354.555954425794,1.04283985255356
2022-11-26 04:00:00,96.5666666666667,266.75,236.557626176667,0.381344321942575
2022-11-26 05:00:00,96.1666666666667,266.366666666667,352.908107335311,1.23246855637451
2022-11-26 06:00:00,96.0666666666667,266.233333333333,341.771546883617,1.54599305154363
2022-11-26 07:00:00,95.6166666666667,265.833333333333,290.611101758675,1.15526824764297
2022-11-26 08:00:00,95.6166666666667,265.783333333333,190.555685728475,1.29027920181959
2022-11-26 09:00:00,95.6333333333333,265.916666666667,179.86906172293,1.25422257079336
2022-11-26 10:00:00,95.6833333333333,266.1,206.346845392548,0.875731663147826
2022-11-26 11:00:00,95.75,266.45,193.072484440739,0.593415167324336
2022-11-26 12:00:00,92.1666666666667,266.033333333333,147.906826675094,2.13298150950502
2022-11-26 13:00:00,83.0166666666667,266.766666666667,165.33254967657,1.51790608022224
2022-11-26 14:00:00,91.7,267.516666666667,342.84316746083,2.12755953071455
2022-11-26 15:00:00,92.05,266.95,6.50794284993668,1.45965525377887
2022-11-26 16:00:00,81.2666666666667,266.566666666667,147.445333282858,0.972420639563503
2022-11-26 17:00:00,81.6833333333334,265.75,138.927620243447,0.663770577027094
2022-11-26 18:00:00,82.1,265.65,176.831783225785,0.950324607008101
2022-11-26 19:00:00,79.7166666666667,264.983333333333,1.70190225655574,0.395200002471247
2022-11-26 20:00:00,68.8333333333333,265.466666666667,56.7812603136112,0.24348330942392
2022-11-26 21:00:00,33.3,267.116666666667,65.2724569719196,0.688318155010675
2022-11-26 22:00:00,28.0,267.15,79.8920496711228,0.629823726850867
2022-11-26 23:00:00,18.0,267.833333333333,66.6363018279719,0.909341647469004
2022-11-27 00:00:00,16.3333333333333,268.5,148.984894581726,1.28991617158174
2022-11-27 01:00:00,15.4666666666667,268.866666666667,19.2192119336026,0.880009121655287
2022-11-27 02:00:00,12.5166666666667,270.233333333333,51.5919205022913,2.32904021731925
2022-11-27 03:00:00,13.9833333333333,270.083333333333,33.979294425876,2.12433756565989
2022-11-27 04:00:00,14.45,269.6,6.58550771092814,1.39665130074458
2022-11-27 05:00:00,13.7333333333333,269.65,21.8749042513359,0.621456749049023
2022-11-27 06:00:00,12.4833333333333,270.216666666667,31.2238191023436,2.89635294902656
2022-11-27 07:00:00,11.3666666666667,270.466666666667,22.155363084983,5.23581975069334
2022-11-27 08:00:00,9.73333333333333,270.5,28.3672866881293,3.92124877521015
2022-11-27 09:00:00,7.81666666666667,271.016666666667,43.7669353271435,2.6612072703137
2022-11-27 10:00:00,6.76666666666667,271.416666666667,29.7518983669846,2.64249424729511
2022-11-27 11:00:00,5.76666666666667,273.016666666667,23.1744939778365,2.5023618256769
2022-11-27 12:00:00,5.7,274.166666666667,6.84559498286575,2.38506939238673
2022-11-27 13:00:00,10.65,272.75,14.8009306965549,4.34345382074849
2022-11-27 14:00:00,10.3833333333333,273.166666666667,16.6506574704925,3.77931191907767
2022-11-27 15:00:00,11.7833333333333,273.35,7.20609037417927,2.93863302223657
2022-11-27 16:00:00,11.6,273.15,22.7689851517894,3.11592614194824
2022-11-27 17:00:00,19.1166666666667,272.7,47.8801201181344,2.42706196219735
2022-11-27 18:00:00,29.35,272.45,50.8138710283371,0.976633002996903
2022-11-27 19:00:00,31.6666666666667,272.9,46.1205388032081,2.08520143585459
2022-11-27 20:00:00,32.95,273.216666666667,50.0606619278709,2.08099841729323
2022-11-27 21:00:00,28.3666666666667,273.783333333333,52.741310333633,2.7463999141787
2022-11-27 22:00:00,28.4833333333333,274.066666666667,61.4427161682653,1.80523097469961
2022-11-27 23:00:00,30.7166666666667,273.666666666667,35.8433820249613,1.49709853645002
2022-11-28 00:00:00,27.7,274.166666666667,38.4818377407386,3.57507396783122
2022-11-28 01:00:00,29.5833333333333,274.45,48.8065679982328,4.65159986784732
2022-11-28 02:00:00,33.4,274.0,30.3850909594565,4.83140013808367
2022-11-28 03:00:00,45.9166666666667,272.85,23.3684196438582,4.83994391368698
2022-11-28 04:00:00,67.7833333333333,271.65,65.9662378449916,2.7832552704678
2022-11-28 05:00:00,78.75,271.4,93.9823224811581,1.14275881350773
2022-11-28 06:00:00,80.15,271.2,59.9119912413315,1.57274039715347
2022-11-28 07:00:00,74.95,271.366666666667,173.67865220754,0.694727566707031
2022-11-28 08:00:00,72.65,271.333333333333,179.213244168327,1.83923300680023
2022-11-28 09:00:00,70.8666666666667,271.216666666667,138.433822647147,0.949658301063938
2022-11-28 10:00:00,73.2666666666667,271.083333333333,63.4006451563411,0.563358831617574
2022-11-28 11:00:00,69.8666666666667,271.466666666667,0.242673551094981,0.200938190709317
2022-11-28 12:00:00,70.2,271.45,16.8794118916634,0.21571652913238
2022-11-28 13:00:00,76.95,270.166666666667,202.516479829917,1.58687005683132
2022-11-28 14:00:00,82.9,269.6,198.692754059697,1.96501683788667
2022-11-28 15:00:00,86.4,269.566666666667,358.184472804838,0.389091927553664
2022-11-28 16:00:00,88.8,269.266666666667,209.0906274717,1.23631362348941
2022-11-28 17:00:00,98.0,268.533333333333,210.435557194159,2.45006825150822
2022-11-28 18:00:00,96.6,268.683333333333,43.5254087407817,0.632146685530933
2022-11-28 19:00:00,96.9666666666667,268.666666666667,28.9777497956468,0.455904928407871
2022-11-28 20:00:00,98.2333333333334,268.566666666667,53.2145177666583,0.706369126989097
2022-11-28 21:00:00,98.4166666666667,268.5,44.2509658057953,0.694892448974825
2022-11-28 22:00:00,98.2166666666667,268.4,2.85901034128977,0.601367733086672
2022-11-28 23:00:00,98.2333333333333,268.633333333333,17.0351256474846,1.12322606372289
2022-11-29 00:00:00,98.5333333333334,268.65,8.9102302324867,1.41541047072952
2022-11-29 01:00:00,98.5,268.65,10.2715062239492,1.24551402528008
2022-11-29 02:00:00,98.5166666666667,268.383333333333,12.2046547504239,1.68928428867136
2022-11-29 03:00:00,98.3333333333333,268.033333333333,2.69863052632127,2.38746761442516
2022-11-29 04:00:00,98.05,267.933333333333,173.219064617108,0.504504388113283
2022-11-29 05:00:00,97.9,267.833333333333,174.022007921304,1.33296726928252
2022-11-29 06:00:00,97.5833333333333,267.683333333333,170.935497794996,1.28337813373271
2022-11-29 07:00:00,97.7666666666667,267.65,203.052636333003,2.60336925113619
2022-11-29 08:00:00,97.6166666666667,267.583333333333,190.605580775074,2.47596759330496
2022-11-29 09:00:00,97.0833333333333,267.2,174.922529845575,2.32970893153209
2022-11-29 10:00:00,96.55,266.833333333333,172.091472259362,2.74102299471014
2022-11-29 11:00:00,96.55,267.016666666667,148.348170600926,1.81546429587895
2022-11-29 12:00:00,97.1166666666667,268.0,28.2944875355428,0.102488162380679
2022-11-29 13:00:00,97.1,268.033333333333,27.858880907597,0.461311201940218
2022-11-29 14:00:00,96.95,267.633333333333,191.357081634352,0.328972839269139
2022-11-29 15:00:00,97.2166666666667,267.85,11.5051193023438,2.3645308356997
2022-11-29 16:00:00,97.2,267.516666666667,12.2215320862745,2.24297781084701
2022-11-29 17:00:00,97.1,267.216666666667,6.00200812814381,2.12494436906155
2022-11-29 18:00:00,97.05,267.133333333333,6.52328887877673,1.71786414465935
2022-11-29 19:00:00,96.9833333333333,267.05,338.065936502218,1.24975525582582
2022-11-29 20:00:00,96.9666666666667,267.05,354.412857370805,1.73404832480278
2022-11-29 21:00:00,96.8833333333333,267.016666666667,6.80504394594271,2.06338055331178
2022-11-29 22:00:00,96.8,266.95,344.334353290285,1.09346695828506
2022-11-29 23:00:00,96.7666666666667,266.883333333333,350.816255994648,1.0097005953651
2022-11-30 00:00:00,96.75,266.85,14.3575576834999,0.991467808255069
2022-11-30 01:00:00,96.7166666666667,266.85,349.421561604722,1.59506229044784
2022-11-30 02:00:00,96.7,266.833333333333,357.315046908033,1.4694920897913
2022-11-30 03:00:00,96.7,266.85,1.95911033283613,1.1947962920531
2022-11-30 04:00:00,96.8,266.866666666667,149.170244135362,0.769289127208447
2022-11-30 05:00:00,96.9166666666667,267.033333333333,174.901938743944,1.10334398277255
2022-11-30 06:00:00,96.95,267.05,193.120439226528,1.33861008864641
2022-11-30 07:00:00,96.9,266.983333333333,217.953421939153,1.04449092282508
2022-11-30 08:00:00,96.8333333333333,266.916666666667,186.782978845151,1.38323192068225
2022-11-30 09:00:00,96.7,266.866666666667,180.633935854348,1.438569070901
2022-11-30 10:00:00,96.7666666666667,267.05,198.309863082745,1.09783644604183
2022-11-30 11:00:00,97.55,268.266666666667,31.691690663204,0.260365359993958
2022-11-30 12:00:00,98.8666666666667,269.416666666667,13.8516226056634,0.42729085179902
2022-11-30 13:00:00,97.45,267.816666666667,47.7517059918736,0.131780719742117
2022-11-30 14:00:00,98.1,269.466666666667,219.972177940916,0.441492894863987
2022-11-30 15:00:00,95.5166666666667,266.866666666667,213.189003837295,1.24419790671791
2022-11-30 16:00:00,95.7333333333333,266.216666666667,201.426162322737,1.73588969831958
2022-11-30 17:00:00,95.65,265.65,176.93857839523,1.77333938780421
2022-11-30 18:00:00,95.7,265.633333333333,190.179240695729,1.31139299574435
2022-11-30 19:00:00,95.7166666666667,265.633333333333,199.776393492481,1.39987916320332
2022-11-30 20:00:00,95.6333333333333,265.583333333333,207.774989719696,0.934227448082287
2022-11-30 21:00:00,95.3833333333333,265.283333333333,101.626720302508,0.685673807247581
2022-11-30 22:00:00,95.0833333333333,265.083333333333,100.269566449455,0.379104132939033
2022-11-30 23:00:00,94.45,264.433333333333,228.541686300846,0.017557393842605
2022-12-01 00:00:00,94.85,264.833333333333,210.511585186815,1.25890008872997
2022-12-01 01:00:00,94.65,264.65,192.154130758086,1.6105226730133
2022-12-01 02:00:00,94.3,264.316666666667,173.353587839084,1.1263036162541
2022-12-01 03:00:00,93.7,263.8,88.8487696369175,0.140050151528096
2022-12-01 04:00:00,93.6666666666667,263.716666666667,203.467764105302,0.384606244423892
2022-12-01 05:00:00,94.75,264.983333333333,136.661973503768,0.991141569605316
2022-12-01 06:00:00,94.7166666666667,265.133333333333,133.495713556497,0.782948854970224
2022-12-01 07:00:00,94.8,265.166666666667,150.575341465758,0.972777977208399
2022-12-01 08:00:00,92.7833333333333,265.416666666667,115.005233228475,1.02957848705836
2022-12-01 09:00:00,91.6833333333333,265.45,100.349090637707,0.418681272673192
2022-12-01 10:00:00,87.4166666666667,265.833333333333,128.643807824172,1.48621920585194
2022-12-01 11:00:00,81.9666666666667,267.633333333333,136.847419817949,1.16077710177362
2022-12-01 12:00:00,82.9833333333333,268.0,161.255481137164,1.63047683851775
2022-12-01 13:00:00,66.15,269.883333333333,65.4172361009766,0.653108590849998
2022-12-01 14:00:00,67.1833333333333,271.083333333333,139.323381825993,0.279441995068777
2022-12-01 15:00:00,60.1333333333333,269.516666666667,75.2944836309076,0.474208074744268
2022-12-01 16:00:00,71.4166666666667,267.333333333333,166.929958339172,1.25487664571264
2022-12-01 17:00:00,63.9166666666667,267.45,129.707091153593,0.461657648184376
2022-12-01 18:00:00,60.0166666666667,267.866666666667,144.6345702276,0.484528034101928
2022-12-01 19:00:00,59.45,268.066666666667,163.43850337048,0.781311871982443
2022-12-01 20:00:00,45.3,269.433333333333,143.629932497499,1.35729106205537
2022-12-01 21:00:00,47.0166666666667,268.816666666667,63.6349680858007,0.7252346580426
2022-12-01 22:00:00,44.9666666666667,268.983333333333,131.536743946268,0.281511156890924
2022-12-01 23:00:00,41.3,269.2,63.7895705674556,0.886111285147729
2022-12-02 00:00:00,40.3666666666667,270.0,79.4974684251416,2.19458366284316
2022-12-02 01:00:00,45.7166666666667,270.15,67.0455330441844,2.95521335396025
2022-12-02 02:00:00,50.25,269.9,64.4301559331045,2.68940784470084
2022-12-02 03:00:00,52.5,269.383333333333,63.4794044689466,1.5091747726449
2022-12-02 04:00:00,52.25,268.616666666667,121.203204608849,0.335699936191093
2022-12-02 05:00:00,53.2166666666667,268.7,170.000151614857,0.393504484013708
2022-12-02 06:00:00,57.5333333333333,267.616666666667,267.985436017232,0.0572259962918489
2022-12-02 07:00:00,56.6,267.866666666667,339.484607887138,0.556999297713275
2022-12-02 08:00:00,58.3,267.9,357.582254508289,0.717785082910899
2022-12-02 09:00:00,60.0,267.783333333333,35.2143678215739,0.451778317867386
2022-12-02 10:00:00,61.1166666666667,268.683333333333,14.3418000129677,0.272437207274976
2022-12-02 11:00:00,83.1166666666667,267.15,17.1585570778876,1.22022668594125
2022-12-02 12:00:00,88.35,267.083333333333,9.39436693265031,1.37411082419197
2022-12-02 13:00:00,87.9,267.466666666667,3.56611771704576,0.693593686957393
2022-12-02 14:00:00,87.1833333333333,267.683333333333,0.915643561867,0.548275068390812
2022-12-02 15:00:00,87.1166666666667,267.8,10.9721349425265,1.06695642861327
2022-12-02 16:00:00,92.1166666666667,266.883333333333,9.66996957713133,1.62867444671555
2022-12-02 17:00:00,95.6833333333333,266.4,300.306369856115,0.596447494626352
2022-12-02 18:00:00,96.1666666666667,266.233333333333,310.998380195351,0.666507660559713
2022-12-02 19:00:00,95.6666666666667,266.333333333333,352.973057483176,0.88341055204018
2022-12-02 20:00:00,91.5,266.316666666667,62.7663932797161,0.840260550465276
2022-12-02 21:00:00,86.9,266.0,54.5661597126743,2.42737883122273
2022-12-02 22:00:00,74.9666666666667,266.183333333333,70.2615032748612,3.67697479076765
2022-12-02 23:00:00,77.8833333333333,265.816666666667,65.3739751751681,3.02545397454598
2022-12-03 00:00:00,79.3,265.633333333333,81.7109495760492,3.88347290900262
2022-12-03 01:00:00,74.8833333333333,265.8,94.7918930902668,3.6918848902778
2022-12-03 02:00:00,72.85,265.866666666667,100.064638695162,1.77677945688538
2022-12-03 03:00:00,68.4,265.833333333333,105.582766571998,2.30358636578422
2022-12-03 04:00:00,65.25,265.966666666667,93.3383616995449,1.16592761693647
2022-12-03 05:00:00,62.6166666666667,266.016666666667,341.587206273731,0.408294652440382
2022-12-03 06:00:00,60.4666666666667,266.1,43.5659822964723,1.01331511299664
2022-12-03 07:00:00,58.6666666666667,266.416666666667,179.350696488368,0.717848479163077
2022-12-03 08:00:00,59.1166666666667,266.75,118.90577108184,1.48716718757702
2022-12-03 09:00:00,60.1833333333333,268.016666666667,84.0280323871662,2.35163915596356
2022-12-03 10:00:00,62.7,269.233333333333,66.3461230000795,3.44089987608745
2022-12-03 11:00:00,59.3,269.916666666667,107.295797625582,1.90921187430008
2022-12-03 12:00:00,58.2833333333333,270.35,85.0182498940773,3.31367838261466
2022-12-03 13:00:00,57.75,271.25,88.6895407665806,3.0232986774959
2022-12-03 14:00:00,59.8666666666667,271.15,102.929013195172,3.43111284533346
2022-12-03 15:00:00,64.4333333333333,270.583333333333,115.474474959462,3.53668343430742
2022-12-03 16:00:00,63.7333333333333,270.7,103.235914807436,2.8204280559993
2022-12-03 17:00:00,64.4333333333333,270.833333333333,88.0491126684207,4.15532308802952
2022-12-03 18:00:00,65.3166666666667,270.883333333333,89.0922204183161,4.27660141866701
2022-12-03 19:00:00,65.5833333333333,271.0,96.9652930365375,4.99999433944318
2022-12-03 20:00:00,65.75,271.183333333333,96.4635302521778,3.76776402345779
2022-12-03 21:00:00,66.1833333333333,271.233333333333,117.529557261814,2.63064649871457
2022-12-03 22:00:00,64.8666666666667,271.433333333333,99.8235518533276,2.84907700228512
2022-12-03 23:00:00,65.2833333333333,271.55,92.4072637547502,4.51114415157578
2022-12-04 00:00:00,63.6,271.666666666667,95.1535353219308,5.79744261524978
2022-12-04 01:00:00,62.4666666666667,272.016666666667,88.6729361499306,6.5977990566962
2022-12-04 02:00:00,65.4,271.966666666667,91.6916462738371,5.83842301567582
2022-12-04 03:00:00,63.6833333333333,272.083333333333,86.0916872484418,5.0391100524826
2022-12-04 04:00:00,64.3833333333333,271.983333333333,81.8627130950992,5.53169984617679
2022-12-04 05:00:00,63.0166666666667,272.15,82.6022255520995,5.76409134895978
2022-12-04 06:00:00,64.5833333333333,271.983333333333,90.6744649238168,3.93977478370153
2022-12-04 07:00:00,64.15,271.933333333333,100.708855661703,2.831699494052
2022-12-04 08:00:00,65.3,271.816666666667,96.0462625738253,2.87735628559778
2022-12-04 09:00:00,68.6666666666667,271.683333333333,121.58062985184,2.49169680644681
2022-12-04 10:00:00,67.7,272.15,148.383545718807,3.93623014346469
2022-12-04 11:00:00,73.2833333333334,272.1,148.61393951376,3.92911720671775
2022-12-04 12:00:00,84.1166666666667,271.383333333333,144.807238688847,4.02381059772034
2022-12-04 13:00:00,92.3333333333333,271.15,144.450980144697,3.18404388785514
2022-12-04 14:00:00,85.35,271.533333333333,137.288394993397,3.49617834291822
2022-12-04 15:00:00,87.4,271.4,104.870669826298,1.83790011388752
2022-12-04 16:00:00,93.2166666666667,271.083333333333,6.18232718501622,1.34656970642293
2022-12-04 17:00:00,81.45,271.183333333333,85.9264358290103,3.59451682229004
2022-12-04 18:00:00,77.95,271.066666666667,72.508273384337,4.19052023610804
2022-12-04 19:00:00,67.8166666666667,271.466666666667,76.5007636001958,5.6923386619723
2022-12-04 20:00:00,68.3833333333333,271.066666666667,80.9695272747227,6.10239650270088
2022-12-04 21:00:00,67.2666666666667,270.9,87.5368441432366,4.18130013002222
2022-12-04 22:00:00,64.9833333333333,270.5,79.0057170395393,5.16598501844315
2022-12-04 23:00:00,63.0666666666667,270.583333333333,78.3489335117255,6.68603107894366
2022-12-05 00:00:00,64.05,270.533333333333,67.8197734856458,8.2357734032551
2022-12-05 01:00:00,67.0666666666667,270.233333333333,67.3692057099502,6.82360825422029
2022-12-05 02:00:00,57.4,271.216666666667,70.7164136532313,7.74073770417206
2022-12-05 03:00:00,67.8,270.166666666667,70.9070674761655,3.02811460467126
2022-12-05 04:00:00,69.9166666666667,270.0,40.8210614479464,0.796075759710867
2022-12-05 05:00:00,70.8833333333334,269.733333333333,99.8104564452061,2.6436799400432
2022-12-05 06:00:00,72.7166666666667,269.583333333333,117.220263970401,1.91708750232798
2022-12-05 07:00:00,73.7,269.5,66.2575943074634,2.68404201571429
2022-12-05 08:00:00,76.1666666666667,269.316666666667,128.642413968167,1.9887716010555
2022-12-05 09:00:00,93.2,267.45,155.291772298527,0.527938377782082
2022-12-05 10:00:00,96.4333333333333,266.583333333333,294.156204365529,0.560698599524743
2022-12-05 11:00:00,95.95,267.15,342.128370599772,0.580811307724515
2022-12-05 12:00:00,94.7166666666667,265.716666666667,346.007826177919,2.69720309486172
2022-12-05 13:00:00,94.15,265.0,349.934993720161,3.41418087607695
2022-12-05 14:00:00,93.75,264.633333333333,357.951006525396,3.59596218660479
2022-12-05 15:00:00,93.0833333333333,263.85,0.179227982501573,4.97244019680013
2022-12-05 16:00:00,93.0166666666667,263.716666666667,27.845693291511,3.27065037735768
2022-12-05 17:00:00,92.6833333333333,263.4,27.6701779700447,3.17675845192505
2022-12-05 18:00:00,92.45,263.15,33.8692150746664,3.2428352116916
2022-12-05 19:00:00,92.2333333333333,262.983333333333,34.1706151312455,2.11124994593256
2022-12-05 20:00:00,92.4,263.133333333333,29.5162873734881,2.29401005860454
2022-12-05 21:00:00,92.6166666666667,263.316666666667,40.7314568022436,2.57383059717492
2022-12-05 22:00:00,92.7333333333333,263.416666666667,29.0667532254593,2.57847613728327
2022-12-05 23:00:00,92.5333333333334,263.2,13.9575412150944,3.75753519599634
2022-12-06 00:00:00,92.3166666666667,263.183333333333,38.8055627156118,3.22203706229131
2022-12-06 01:00:00,92.0166666666667,262.9,30.0926804795421,4.31148465467548
2022-12-06 02:00:00,91.7666666666667,262.95,27.2299382309756,4.61903369813583
2022-12-06 03:00:00,88.9666666666667,263.3,21.4233390700667,5.94261206964053
2022-12-06 04:00:00,76.0833333333333,263.966666666667,48.7701931978738,3.64509686799599
2022-12-06 05:00:00,61.1666666666667,264.766666666667,54.4237616687402,2.61436464905094
2022-12-06 06:00:00,59.6,265.516666666667,41.390015259058,3.77116715186545
2022-12-06 07:00:00,61.4,265.816666666667,42.1588929536173,4.62608230360294
2022-12-06 08:00:00,55.65,265.3,27.6872190021153,4.68472179180875
2022-12-06 09:00:00,63.7333333333334,265.866666666667,37.0682959630127,4.74224618863949
2022-12-06 10:00:00,71.2,266.45,32.4202996739763,4.77314262940777
2022-12-06 11:00:00,71.8,266.433333333333,20.0621876212407,3.19798946706816
2022-12-06 12:00:00,68.3166666666667,267.683333333333,34.8979122266303,6.96201944226506
2022-12-06 13:00:00,64.2,268.3,26.5074101373781,6.46228946087802
2022-12-06 14:00:00,60.85,269.066666666667,26.8400715307153,6.27256371769068
2022-12-06 15:00:00,61.0833333333333,269.016666666667,27.8271081368588,5.76071236796858
2022-12-06 16:00:00,63.0833333333333,268.3,29.3037849309277,5.54409892306048
2022-12-06 17:00:00,63.0,267.883333333333,38.3734786586884,5.46835802067536
2022-12-06 18:00:00,60.5833333333333,267.833333333333,38.9449517302936,6.89375982075774
2022-12-06 19:00:00,58.65,267.85,35.2533971289505,6.74038439344248
2022-12-06 20:00:00,56.9333333333333,267.816666666667,37.0372834510855,5.23556816496025
2022-12-06 21:00:00,62.3833333333333,267.266666666667,21.4139543625656,3.51470504901631
2022-12-06 22:00:00,57.5666666666667,267.966666666667,39.3255790712656,6.22832787814205
2022-12-06 23:00:00,56.15,267.9,30.8492796872151,6.92502415375018
2022-12-07 00:00:00,55.0333333333333,267.85,25.9374528469224,6.2575870245936
2022-12-07 01:00:00,56.7166666666667,267.766666666667,35.0961355804017,6.70004774169935
2022-12-07 02:00:00,61.0,267.566666666667,26.6887399709544,5.79274014459949
2022-12-07 03:00:00,64.9666666666667,266.966666666667,352.316634018099,4.5294920086378
2022-12-07 04:00:00,67.3833333333333,266.85,10.1833446670985,5.42458626124105
2022-12-07 05:00:00,71.8666666666667,266.416666666667,8.64593742938143,4.37858955694696
2022-12-07 06:00:00,75.1666666666667,266.083333333333,8.06306782778654,3.53412664647699
2022-12-07 07:00:00,77.9833333333333,265.866666666667,352.873337730116,2.96419312449844
2022-12-07 08:00:00,80.3,265.783333333333,20.5814264435542,3.70828565085523
2022-12-07 09:00:00,79.3333333333333,265.566666666667,358.932868505541,5.5126355591211
2022-12-07 10:00:00,77.5,265.533333333333,18.0315369958776,7.11475685938111
2022-12-07 11:00:00,74.3,265.683333333333,20.3791311868853,6.14285657519987
2022-12-07 12:00:00,71.9,265.95,20.5911137602739,4.70177531368208
2022-12-07 13:00:00,72.5833333333333,265.9,16.4552264838766,4.18793520683404
2022-12-07 14:00:00,70.1166666666667,266.85,28.8237992209541,3.08576675181035
2022-12-07 15:00:00,70.2333333333333,266.166666666667,47.3423881710319,3.5795502605637
2022-12-07 16:00:00,65.2166666666667,266.2,36.8929295614627,3.37990687935755
2022-12-07 17:00:00,62.2166666666667,265.566666666667,39.9403937234653,3.34506531595466
2022-12-07 18:00:00,52.5833333333333,265.733333333333,37.8470590280318,3.38302764210087
2022-12-07 19:00:00,41.9833333333333,265.933333333333,42.7385758033723,2.74579181676888
2022-12-07 20:00:00,38.3333333333333,265.95,40.5554414403146,2.51317036949433
2022-12-07 21:00:00,31.9833333333333,265.95,38.6454049629606,1.30873735331794
2022-12-07 22:00:00,21.2333333333333,266.183333333333,34.0889123499324,1.16351442478671
2022-12-07 23:00:00,20.2,266.416666666667,25.4543641266641,2.01773687720281
2022-12-08 00:00:00,19.0166666666667,266.5,29.0048321669507,3.22013080618495
2022-12-08 01:00:00,17.1,266.766666666667,40.834867571973,3.85398260155626
2022-12-08 02:00:00,19.35,266.916666666667,36.6154198425547,2.95345093717998
2022-12-08 03:00:00,22.4166666666667,266.233333333333,11.6705655191911,1.54173551539719
2022-12-08 04:00:00,24.65,266.733333333333,37.0821463564031,4.12218100829341
2022-12-08 05:00:00,29.6666666666667,266.65,35.240867362375,4.8616428107757
2022-12-08 06:00:00,33.5666666666667,266.433333333333,27.8654174742418,4.75399791502257
2022-12-08 07:00:00,31.7166666666667,266.783333333333,31.8056386567259,4.62216802579788
2022-12-08 08:00:00,31.15,267.116666666667,45.4312261294149,5.82680277689679
2022-12-08 09:00:00,29.3,267.25,47.2009766990422,6.49263579779229
2022-12-08 10:00:00,28.9,267.133333333333,44.7906060449537,5.05876208151423
2022-12-08 11:00:00,25.7666666666667,267.983333333333,40.2191815080103,5.52942026133984
2022-12-08 12:00:00,28.4,268.5,38.6018768916698,6.28813742055621
2022-12-08 13:00:00,31.4666666666667,268.7,43.9654031469639,6.79309070404311
2022-12-08 14:00:00,31.4166666666667,268.966666666667,38.7675005049742,7.1655584394145
2022-12-08 15:00:00,32.7666666666667,268.933333333333,37.3421063558063,5.11981974472947
2022-12-08 16:00:00,34.7833333333333,268.6,27.799760059851,4.58706898318645
2022-12-08 17:00:00,33.9166666666667,267.866666666667,48.3649210649821,5.39372799378904
2022-12-08 18:00:00,33.1,268.066666666667,46.382927560137,6.48975373678497
2022-12-08 19:00:00,37.0333333333333,268.083333333333,49.5000350758395,7.02877629941219
2022-12-08 20:00:00,39.4166666666667,268.466666666667,45.1359183066845,8.48512693565324
2022-12-08 21:00:00,36.8333333333333,268.7,50.1604612504259,6.98924114827301
2022-12-08 22:00:00,35.4,268.65,61.9798734674998,7.23512433093848
2022-12-08 23:00:00,38.5333333333333,268.116666666667,52.0988425521372,5.36410105647637
2022-12-09 00:00:00,37.8166666666667,268.716666666667,56.7353345559684,6.80417822354765
2022-12-09 01:00:00,42.0,269.366666666667,58.1719784798123,8.87917615051017
2022-12-09 02:00:00,46.4,269.066666666667,70.0878363650821,6.16938020569516
2022-12-09 03:00:00,48.1833333333333,268.566666666667,93.6844428115153,2.27935426684146
2022-12-09 04:00:00,50.5666666666667,268.716666666667,63.3113891822944,2.45495554347989
2022-12-09 05:00:00,60.6166666666667,268.45,128.001792981404,1.22753610678826
2022-12-09 06:00:00,62.7833333333333,268.633333333333,170.214997700843,1.42034524529259
2022-12-09 07:00:00,65.95,269.016666666667,122.784773718521,2.18047998123312
2022-12-09 08:00:00,71.3833333333333,268.783333333333,124.862501733387,0.97601621335588
2022-12-09 09:00:00,93.9666666666667,267.7,199.366299311342,1.95813682563299
2022-12-09 10:00:00,92.3166666666667,268.566666666667,188.830857904983,1.17875667749493
2022-12-09 11:00:00,89.1,269.35,79.2979813710326,0.286302926678494
2022-12-09 12:00:00,91.8,269.416666666667,18.4798320040505,0.667897567813392
2022-12-09 13:00:00,88.5333333333333,270.0,15.1753112178076,0.719383619362091
2022-12-09 14:00:00,89.7333333333333,269.983333333333,201.405927669388,1.10855809518109
2022-12-09 15:00:00,96.3166666666667,269.95,323.529293087323,1.67004775963483
2022-12-09 16:00:00,99.4333333333334,269.783333333333,359.438165358641,1.775904896331
2022-12-09 17:00:00,99.7166666666667,269.8,345.48411141803,2.51901021069484
2022-12-09 18:00:00,99.7333333333333,269.716666666667,354.170103072463,2.61288081184093
2022-12-09 19:00:00,99.3833333333333,269.333333333333,16.7886328870384,2.21438505690299
2022-12-09 20:00:00,98.5833333333333,268.516666666667,358.238134564407,1.27865698256985
2022-12-09 21:00:00,98.6333333333334,268.583333333333,19.1128943527293,1.99300160042305
2022-12-09 22:00:00,98.5666666666667,268.5,28.8564980497691,1.01460637413952
2022-12-09 23:00:00,98.65,268.6,38.8205446181361,0.812331071984754
2022-12-10 00:00:00,98.7333333333333,268.683333333333,10.0495525495882,0.0766512432614054
2022-12-10 01:00:00,98.6333333333333,268.566666666667,33.3829005140951,0.527845461822284
2022-12-10 02:00:00,98.2666666666667,268.2,28.6682446899447,0.613392887076542
2022-12-10 03:00:00,98.2666666666667,268.1,70.1764871554479,0.556652715994789
2022-12-10 04:00:00,97.9833333333334,267.85,333.740110530566,0.549076421918833
2022-12-10 05:00:00,97.9,267.783333333333,355.073345905172,0.509650042531872
2022-12-10 06:00:00,97.6666666666667,267.533333333333,359.952324548515,0.754463651279325
2022-12-10 07:00:00,97.55,267.45,341.820437562446,0.516304490049436
2022-12-10 08:00:00,97.4333333333333,267.25,160.669300826557,0.301739617307329
2022-12-10 09:00:00,97.2,267.116666666667,155.983876700994,0.390369171573302
2022-12-10 10:00:00,97.2833333333334,267.383333333333,112.818524920198,0.361400612007967
2022-12-10 11:00:00,97.7666666666667,267.95,62.4683718029007,0.134999289694737
2022-12-10 12:00:00,97.35,267.683333333333,342.503944578565,1.00249663325761
2022-12-10 13:00:00,97.7166666666667,267.966666666667,344.939094341922,0.870784485978667
2022-12-10 14:00:00,97.5,267.816666666667,344.712009803351,1.23392738677951
2022-12-10 15:00:00,95.8,266.066666666667,8.66668939697104,2.92084217867169
2022-12-10 16:00:00,94.0,264.116666666667,8.19864508306091,3.50346115640067
2022-12-10 17:00:00,93.0833333333333,263.183333333333,1.59866964499713,3.36091760568998
2022-12-10 18:00:00,92.2333333333333,262.533333333333,354.406632272943,3.62638978561108
2022-12-10 19:00:00,91.75,262.133333333333,1.2575619010712,2.27017286496808
2022-12-10 20:00:00,91.1166666666667,261.683333333333,350.256581551093,2.01713456091718
2022-12-10 21:00:00,90.8,261.383333333333,359.732462441404,1.77121298597607
2022-12-10 22:00:00,90.3666666666667,261.1,355.564604401688,1.81632413079863
2022-12-10 23:00:00,90.05,260.8,0.629694362327427,1.95589722988356
2022-12-11 00:00:00,89.6666666666667,260.5,5.46823326419212,1.87344794533677
2022-12-11 01:00:00,89.0333333333333,259.916666666667,353.321624442975,1.81984248916543
2022-12-11 02:00:00,88.6333333333334,259.55,3.35387078906047,1.40609114749985
2022-12-11 03:00:00,88.2666666666667,259.316666666667,358.719910936677,1.22083277592452
2022-12-11 04:00:00,87.7833333333333,258.85,358.1316215439,1.18104981971522
2022-12-11 05:00:00,87.4666666666667,258.55,359.540851745229,0.978632493000087
2022-12-11 06:00:00,87.1333333333333,258.316666666667,346.473225563463,0.738617647661513
2022-12-11 07:00:00,86.7,257.933333333333,357.46317321305,0.512444492482684
2022-12-11 08:00:00,86.2,257.45,352.66663657794,0.139981046668745
2022-12-11 09:00:00,86.2833333333334,257.566666666667,347.212311759739,0.353186762897997
2022-12-11 10:00:00,87.2333333333333,258.483333333333,,0.0
2022-12-11 11:00:00,87.6166666666667,258.85,,0.0
2022-12-11 12:00:00,88.7833333333334,259.95,,0.0
2022-12-11 13:00:00,89.9333333333333,261.116666666667,,0.0
2022-12-11 14:00:00,91.3833333333333,262.45,,0.0
2022-12-11 15:00:00,89.5,260.65,,0.0
2022-12-11 16:00:00,89.4333333333333,260.533333333333,,0.0
2022-12-11 17:00:00,84.7333333333333,256.083333333333,,0.0
2022-12-11 18:00:00,83.8,255.166666666667,,0.0
2022-12-11 19:00:00,83.6833333333333,255.083333333333,,0.0
2022-12-11 20:00:00,83.8833333333333,255.283333333333,,0.0
2022-12-11 21:00:00,83.8333333333333,255.3,,0.0
2022-12-11 22:00:00,84.05,255.483333333333,,0.0
2022-12-11 23:00:00,84.1666666666666,255.766666666667,40.8449051230214,0.478441446981144
2022-12-12 00:00:00,83.45,255.816666666667,34.3683290130529,0.654757149387772
2022-12-12 01:00:00,82.4166666666667,255.516666666667,17.6296986503518,0.8990490963053
2022-12-12 02:00:00,78.8166666666667,255.866666666667,26.520199601197,1.14646029895236
2022-12-12 03:00:00,64.1666666666667,256.7,36.5698273790711,1.5528722786163
2022-12-12 04:00:00,52.7,257.383333333333,44.6926843889238,1.5379446622993
2022-12-12 05:00:00,46.2666666666667,257.55,47.4742195188145,1.80701709480087
2022-12-12 06:00:00,42.05,257.866666666667,41.9318507015385,3.90505572022963
2022-12-12 07:00:00,42.7166666666667,257.933333333333,23.3536139078707,4.7911139682489
2022-12-12 08:00:00,46.5666666666667,258.016666666667,12.2940583618623,4.42515077885699
2022-12-12 09:00:00,50.85,258.083333333333,12.6915148837636,5.44699223758378
2022-12-12 10:00:00,54.3833333333333,258.316666666667,18.2071785736453,5.02371442349981
2022-12-12 11:00:00,59.55,258.533333333333,28.8066319153741,6.62241299988695
2022-12-12 12:00:00,64.6,258.933333333333,22.7422396337769,5.80845110081678
2022-12-12 13:00:00,65.0666666666667,259.2,32.8596877182281,6.22234531385842
2022-12-12 14:00:00,65.9333333333333,259.166666666667,32.9744094815515,7.17410147623571
2022-12-12 15:00:00,65.5,259.266666666667,32.6393190203963,5.39981881317693
2022-12-12 16:00:00,65.5666666666667,259.1,25.6903522032064,4.69729074739596
2022-12-12 17:00:00,65.75,258.933333333333,31.3420502896523,3.12340392111703
2022-12-12 18:00:00,65.2666666666667,259.016666666667,48.0447278229748,4.09837135904566
2022-12-12 19:00:00,64.8,259.016666666667,46.9007013398537,4.04369926735374
2022-12-12 20:00:00,65.05,259.1,54.9685913959597,2.73010149815211
2022-12-12 21:00:00,64.3333333333333,259.05,55.1681055579218,2.37948550105333
2022-12-12 22:00:00,60.5666666666667,259.1,85.5331397951829,1.19629713001221
2022-12-12 23:00:00,57.7833333333333,258.866666666667,95.1177270152163,0.194183815483766
2022-12-13 00:00:00,55.6666666666667,258.75,71.6585007570257,0.462865076982992
2022-12-13 01:00:00,42.45,259.95,78.6273385425117,1.88266524972879
2022-12-13 02:00:00,39.4166666666667,260.133333333333,79.0575369557986,2.39464211645619
2022-12-13 03:00:00,41.3833333333333,260.183333333333,68.9597839450087,2.89348966802996
2022-12-13 04:00:00,42.5833333333333,260.483333333333,70.9337229467738,3.09747442721611
2022-12-13 05:00:00,42.5,260.65,63.9660507244294,1.92293548630056
2022-12-13 06:00:00,43.9166666666667,260.7,18.9927095194697,0.383213519585722
2022-12-13 07:00:00,43.1166666666667,261.45,6.47020404376747,0.841370601374831
2022-12-13 08:00:00,52.4333333333333,262.016666666667,9.74772809563433,2.38022609880941
2022-12-13 09:00:00,83.35,262.25,10.1705873312701,2.57822654777027
2022-12-13 10:00:00,89.7333333333333,262.5,356.494848329425,2.28755395641117
2022-12-13 11:00:00,89.6666666666667,263.2,13.5795659056539,2.11999364666695
2022-12-13 12:00:00,91.4833333333333,263.5,10.4191845672955,3.02205823640407
2022-12-13 13:00:00,92.3833333333333,263.9,10.7593764698685,2.43275266442014
2022-12-13 14:00:00,93.7333333333333,264.433333333333,18.4076125658177,3.36536033300688
2022-12-13 15:00:00,94.85,265.566666666667,30.2101479405386,5.06280842009733
2022-12-13 16:00:00,95.5666666666667,266.316666666667,38.4461339200372,4.9668831596208
2022-12-13 17:00:00,95.45,266.866666666667,38.0649005251261,5.51786407049582
2022-12-13 18:00:00,94.95,267.4,40.9099913886611,5.55866929111583
2022-12-13 19:00:00,96.6833333333333,267.783333333333,31.3263359118125,4.94312220094303
2022-12-13 20:00:00,97.8666666666667,268.05,25.1527063562006,3.78923374903976
2022-12-13 21:00:00,97.25,268.816666666667,33.3872784679136,5.19078752763286
2022-12-13 22:00:00,93.4166666666667,269.45,37.1898169374299,6.62592876248414
2022-12-13 23:00:00,89.0333333333333,269.816666666667,31.470451620765,5.99629540611759
2022-12-14 00:00:00,88.05,269.833333333333,23.1378817800909,3.95543712954873
2022-12-14 01:00:00,84.2333333333333,270.116666666667,30.2352283925832,3.4272740426365
2022-12-14 02:00:00,83.3,270.1,17.7783693843214,3.36278616607348
2022-12-14 03:00:00,73.0833333333333,270.733333333333,34.1183408573647,4.59962341922058
2022-12-14 04:00:00,80.7166666666667,270.383333333333,34.1418837208829,4.62235901022861
2022-12-14 05:00:00,74.6,270.766666666667,34.1171084442572,5.44720348065743
2022-12-14 06:00:00,67.1,271.0,22.9880791706339,8.22040845358617
2022-12-14 07:00:00,67.25,270.9,22.374829079649,8.99351058971006
2022-12-14 08:00:00,69.7,271.016666666667,30.0180090459446,7.35789372207117
2022-12-14 09:00:00,74.5166666666667,270.933333333333,38.0738897345703,6.36969114261789
2022-12-14 10:00:00,68.0333333333334,271.7,30.5869134622117,5.41750305084242
2022-12-14 11:00:00,72.6166666666667,271.466666666667,28.4885379022131,5.49307339743634
2022-12-14 12:00:00,62.3333333333333,272.383333333333,49.3982275065839,7.69449050726724
2022-12-14 13:00:00,57.1333333333333,272.666666666667,35.0211806868452,6.95021634060374
2022-12-14 14:00:00,56.2666666666667,272.733333333333,35.5260157496119,7.47335889496153
2022-12-14 15:00:00,58.25,272.566666666667,41.0386574629239,6.47716405291459
2022-12-14 16:00:00,65.0166666666667,272.016666666667,39.0123090394542,6.70890497353113
2022-12-14 17:00:00,82.25,270.866666666667,27.3651377935685,6.93568458371747
2022-12-14 18:00:00,89.8,270.25,29.4256019863418,8.32467120943571
2022-12-14 19:00:00,78.6666666666667,270.883333333333,28.4219447547908,11.9792883750683
2022-12-14 20:00:00,75.2,270.883333333333,22.9707840838707,11.7499785280899
2022-12-14 21:00:00,74.0333333333333,271.0,32.0810278973555,7.81667104403342
2022-12-14 22:00:00,72.1333333333334,271.133333333333,30.4879825337458,6.48616282957526
2022-12-14 23:00:00,70.8666666666667,271.416666666667,39.2612272490465,6.90467897983445
2022-12-15 00:00:00,74.1833333333333,271.066666666667,32.8471607933089,3.89765260116315
2022-12-15 01:00:00,69.6,271.816666666667,45.5184460202684,7.31084149717475
2022-12-15 02:00:00,73.65,271.466666666667,29.6575362316812,7.35803756115141
2022-12-15 03:00:00,66.7333333333333,271.9,44.6829738077112,6.37243935535181
2022-12-15 04:00:00,64.25,271.916666666667,25.0611329663436,5.88870622201789
2022-12-15 05:00:00,62.5166666666667,271.95,49.9279732270978,4.84685995273756
2022-12-15 06:00:00,57.05,272.3,60.9769765143037,6.00521489480163
2022-12-15 07:00:00,56.0666666666667,272.083333333333,48.5780394433802,3.81120396833252
2022-12-15 08:00:00,57.7,271.55,49.8191652434502,1.54712756842245
2022-12-15 09:00:00,59.3833333333333,271.2,19.7247098424804,0.224029100372009
2022-12-15 10:00:00,54.9166666666667,271.833333333333,349.861320125347,0.805158518094154
2022-12-15 11:00:00,46.3833333333333,272.85,9.68748548170663,0.256093899899237
2022-12-15 12:00:00,39.7833333333333,273.066666666667,127.391636452427,0.632149548723365
2022-12-15 13:00:00,38.2,273.1,138.678512490212,0.880859843174012
2022-12-15 14:00:00,41.2166666666667,272.483333333333,138.388851311603,2.34272132008348
2022-12-15 15:00:00,43.3166666666667,272.25,111.93834239445,1.37567464518766
2022-12-15 16:00:00,46.5333333333333,272.35,79.0279487672644,3.66984967570406
2022-12-15 17:00:00,65.8,271.316666666667,84.329105257057,3.34448122580004
2022-12-15 18:00:00,79.7,269.983333333333,128.303520262291,2.41078315161351
2022-12-15 19:00:00,87.2666666666667,269.5,130.636681191723,2.05847646874724
2022-12-15 20:00:00,82.9166666666667,270.016666666667,88.7939130085433,2.04327154091005
2022-12-15 21:00:00,80.7666666666667,270.133333333333,36.7494770769814,1.30375274197361
2022-12-15 22:00:00,83.15,269.75,45.8958116005065,4.43239661822398
2022-12-15 23:00:00,84.55,269.716666666667,21.2338258781556,1.37078709226721
2022-12-16 00:00:00,82.9833333333333,270.3,19.6795971823942,1.10891022929449
2022-12-16 01:00:00,97.3333333333333,269.15,338.905746463689,1.72516033438207
2022-12-16 02:00:00,98.2,269.533333333333,333.932044333633,1.00798169030289
2022-12-16 03:00:00,95.15,269.816666666667,3.81826062183353,1.36264091077354
2022-12-16 04:00:00,94.4833333333333,269.933333333333,10.8307395403842,2.05348451175631
2022-12-16 05:00:00,97.2166666666667,269.833333333333,351.51754427261,0.602332159613536
2022-12-16 06:00:00,98.7,269.733333333333,13.683807300528,0.637270147166218
2022-12-16 07:00:00,99.9333333333333,269.45,332.326837008295,0.604413270681495
2022-12-16 08:00:00,99.3833333333333,269.083333333333,345.546890750696,2.2832901192107
2022-12-16 09:00:00,99.0666666666667,269.0,349.240852030196,2.52398133211765
2022-12-16 10:00:00,98.6666666666667,268.666666666667,352.194489616172,2.90641945479674
2022-12-16 11:00:00,98.4833333333333,268.716666666667,18.3432716750936,2.28852037188887
2022-12-16 12:00:00,97.65,267.95,356.242244589034,3.41713102695625
2022-12-16 13:00:00,97.6666666666667,268.016666666667,18.3417180614882,2.68768064683884
2022-12-16 14:00:00,97.65,267.9,24.2702856638679,2.3541230254904
2022-12-16 15:00:00,97.7333333333334,268.033333333333,13.533893221014,1.45943823151343
2022-12-16 16:00:00,97.3166666666667,267.566666666667,10.2624530696406,1.60973561843513
2022-12-16 17:00:00,96.95,266.933333333333,357.547160116737,3.97419277697504
2022-12-16 18:00:00,96.9333333333334,266.933333333333,0.126678110965599,2.91336762465431
2022-12-16 19:00:00,96.6333333333333,266.7,356.835844037948,1.64157640211231
2022-12-16 20:00:00,96.4833333333333,266.6,11.8965076710546,1.51930602246913
2022-12-16 21:00:00,96.0833333333333,266.266666666667,2.97918788919765,2.55971531899633
2022-12-16 22:00:00,95.65,265.783333333333,356.550461373687,2.06829190480544
2022-12-16 23:00:00,95.35,265.5,346.745785451297,1.81551018199316
2022-12-17 00:00:00,95.1666666666667,265.383333333333,350.131976901284,2.66627576217689
2022-12-17 01:00:00,95.1166666666667,265.283333333333,0.22404193532924,3.16952608425449
2022-12-17 02:00:00,94.65,264.883333333333,346.200684715561,2.74318766672772
2022-12-17 03:00:00,93.5833333333333,263.816666666667,351.567781773398,3.60861358641275
2022-12-17 04:00:00,93.0333333333333,263.333333333333,11.3863941221557,3.09799668507386
2022-12-17 05:00:00,92.35,262.783333333333,342.201054364922,2.33868535756687
2022-12-17 06:00:00,91.7666666666667,262.333333333333,23.8738489299813,1.81876826143054
2022-12-17 07:00:00,91.45,262.1,41.4348141065684,2.05115376343248
2022-12-17 08:00:00,90.4,261.15,41.9241230061373,1.43262394272789
2022-12-17 09:00:00,89.75,260.616666666667,27.988603371194,1.20637318725829
2022-12-17 10:00:00,89.45,260.616666666667,25.1122641576067,1.59360612897487
2022-12-17 11:00:00,89.2,262.916666666667,20.4480279013314,2.08310189327383
2022-12-17 12:00:00,81.2333333333333,263.483333333333,357.794071882821,2.50222334245663
2022-12-17 13:00:00,51.65,265.1,30.2716492260234,2.48367341401327
2022-12-17 14:00:00,33.4833333333333,266.966666666667,1.72504899847888,1.6907132922885
2022-12-17 15:00:00,20.55,266.35,12.7792060070144,2.41309015098618
2022-12-17 16:00:00,8.21666666666667,266.5,18.2262466053131,2.89248122345738
2022-12-17 17:00:00,6.55,265.65,35.5208773613531,2.74734306460694
2022-12-17 18:00:00,5.56666666666667,266.3,38.3032409869744,3.34292233217572
2022-12-17 19:00:00,5.76666666666667,266.35,38.3866377616032,3.94444093569268
2022-12-17 20:00:00,5.66666666666667,266.316666666667,30.463403431625,3.6724365388737
2022-12-17 21:00:00,5.91666666666667,266.616666666667,37.8145416299279,3.12214913397862
2022-12-17 22:00:00,6.55,267.066666666667,47.2371395775001,3.90788127890307
2022-12-17 23:00:00,6.38333333333333,267.416666666667,33.8021081186672,4.70141434329879
2022-12-18 00:00:00,7.46666666666667,267.666666666667,38.6816183548779,4.39488162153231
2022-12-18 01:00:00,11.0166666666667,268.0,49.4901331883846,3.49004652938682
2022-12-18 02:00:00,13.2,268.033333333333,21.2893650452504,3.02715664271036
2022-12-18 03:00:00,13.2333333333333,268.55,41.2827567241073,3.33773507100044
2022-12-18 04:00:00,12.8666666666667,268.716666666667,55.6060744690048,3.18842752185671
2022-12-18 05:00:00,12.3333333333333,268.8,62.933898721908,3.30588105873589
2022-12-18 06:00:00,13.1833333333333,269.0,61.1070670506894,3.31988446971235
2022-12-18 07:00:00,14.2666666666667,269.05,57.9164758301121,3.00950076653188
2022-12-18 08:00:00,15.0,269.316666666667,62.8350270784472,2.93910937878979
2022-12-18 09:00:00,14.0666666666667,269.883333333333,56.6622930845402,3.6602025108255
2022-12-18 10:00:00,11.85,270.2,53.6160063242313,3.43711449894191
2022-12-18 11:00:00,9.65,271.05,47.3878016264854,2.46607144587062
2022-12-18 12:00:00,8.21666666666667,272.983333333333,16.3513258106943,2.39108981611496
2022-12-18 13:00:00,7.16666666666667,273.05,11.24751723139,3.1606835623346
2022-12-18 14:00:00,7.46666666666667,273.116666666667,6.27311303644831,2.59305143778565
2022-12-18 15:00:00,6.06666666666667,272.8,48.292326345842,3.42460508479084
2022-12-18 16:00:00,5.25,272.65,52.6621660649832,2.93875503711901
2022-12-18 17:00:00,3.75,272.783333333333,52.0466737788032,2.86970646752095
2022-12-18 18:00:00,4.11666666666667,272.466666666667,30.6537611230982,2.02199224271284
2022-12-18 19:00:00,4.75,272.566666666667,43.1043610674701,2.89402787959018
2022-12-18 20:00:00,5.08333333333333,272.966666666667,54.1140153064092,3.62320953691642
2022-12-18 21:00:00,5.83333333333333,273.233333333333,42.8284923541479,3.30140700603984
2022-12-18 22:00:00,6.0,273.75,46.128670396117,3.62526363485285
2022-12-18 23:00:00,6.61666666666667,273.95,51.8211859951651,3.35756410597728
2022-12-19 00:00:00,6.98333333333333,273.8,45.6689741112181,0.770990409099137
2022-12-19 01:00:00,7.63333333333333,273.95,217.346503137647,0.0372847165589332
2022-12-19 02:00:00,8.66666666666667,274.183333333333,358.067206314105,2.49630136526375
2022-12-19 03:00:00,12.7333333333333,275.083333333333,32.4216431218866,3.51240030521031
2022-12-19 04:00:00,13.95,275.183333333333,24.9606113511318,4.12234894464187
2022-12-19 05:00:00,18.8333333333333,274.6,30.2521973130853,5.48975931001988
2022-12-19 06:00:00,20.0,275.3,31.9021944274891,5.75622952210872
2022-12-19 07:00:00,36.4,275.433333333333,36.0463303014645,5.47946307316058
2022-12-19 08:00:00,39.6333333333333,275.4,31.7483959812164,4.74336453599968
2022-12-19 09:00:00,59.4166666666667,275.15,26.7270231183398,3.47697344894199
2022-12-19 10:00:00,71.8333333333333,276.35,44.7201076130647,3.14588658584493
2022-12-19 11:00:00,75.3833333333333,277.133333333333,53.270825250709,2.7303006336725
2022-12-19 12:00:00,72.5833333333333,277.95,44.1844083811546,2.10014737789285
2022-12-19 13:00:00,69.7166666666667,278.533333333333,66.0021153669341,0.960498147489171
2022-12-19 14:00:00,65.6,279.233333333333,82.4495630446605,0.419942137097218
2022-12-19 15:00:00,67.05,278.5,46.2529785359013,1.04295866011012
2022-12-19 16:00:00,64.1,278.683333333333,10.7963526085298,1.31900748555256
2022-12-19 17:00:00,64.4333333333333,278.35,349.483542855851,1.48972675150656
2022-12-19 18:00:00,59.8166666666667,278.733333333333,28.3726920500943,2.5382617642546
2022-12-19 19:00:00,56.2166666666667,279.05,43.7322912252345,2.73879902435243
2022-12-19 20:00:00,53.4333333333333,279.3,70.4049052272636,2.2477200820535
2022-12-19 21:00:00,52.6166666666667,279.316666666667,82.9817678684073,2.07438113133191
2022-12-19 22:00:00,59.45,278.566666666667,227.732746869701,1.51395822558406
2022-12-19 23:00:00,54.7833333333333,278.75,330.533120190921,0.342690323151451
2022-12-20 00:00:00,52.15,278.866666666667,97.5221149515651,0.235991616212713
2022-12-20 01:00:00,50.0,278.833333333333,108.730623259009,0.15332788933618
2022-12-20 02:00:00,49.3666666666667,278.85,337.696792950005,0.667528012070903
2022-12-20 03:00:00,47.7666666666667,278.816666666667,340.998787441913,0.582896401636659
2022-12-20 04:00:00,49.1166666666667,278.45,327.908983622983,1.27385854384104
2022-12-20 05:00:00,47.9,278.133333333333,112.145523217245,0.4241704944887
2022-12-20 06:00:00,47.8666666666667,278.116666666667,185.317182193836,0.571388597407419
2022-12-20 07:00:00,44.2333333333333,278.283333333333,197.947064406845,0.333698107800425
2022-12-20 08:00:00,44.4166666666667,278.2,190.964876651927,0.884227131880957
2022-12-20 09:00:00,40.5833333333333,278.516666666667,334.505110368295,0.66790368148461
2022-12-20 10:00:00,39.0333333333333,278.7,144.672864435714,0.206587004681687
2022-12-20 11:00:00,35.8333333333333,279.316666666667,95.4108630875011,0.0912733856416355
2022-12-20 12:00:00,32.9666666666667,279.766666666667,317.384801902807,0.467973075228207
2022-12-20 13:00:00,29.45,280.45,352.570171220764,0.577390101544829
2022-12-20 14:00:00,29.35,280.15,331.726255353313,0.221364015256203
2022-12-20 15:00:00,27.1333333333333,280.516666666667,39.537107972253,1.86645829936512
2022-12-20 16:00:00,26.3333333333333,279.733333333333,137.789007819237,0.218809949284187
2022-12-20 17:00:00,27.8,279.25,59.1225133033518,0.318213845058249
2022-12-20 18:00:00,28.4833333333333,279.083333333333,56.6828771720378,0.790858656924115
2022-12-20 19:00:00,33.3,279.116666666667,74.5503247512062,1.69901853832167
2022-12-20 20:00:00,33.0333333333333,278.75,184.057994905403,0.2786682211591
2022-12-20 21:00:00,35.4666666666667,279.35,81.3211439897953,1.16189716842554
2022-12-20 22:00:00,39.1166666666667,279.133333333333,76.1588124686625,1.65693286837939
2022-12-20 23:00:00,37.6666666666667,278.383333333333,354.583853337857,1.96692058641668
2022-12-21 00:00:00,39.95,277.116666666667,329.55926294534,2.27355195914053
2022-12-21 01:00:00,46.8166666666667,275.833333333333,321.897407878463,0.645985009885981
2022-12-21 02:00:00,52.8333333333333,274.85,16.724493406031,3.23295056386565
2022-12-21 03:00:00,56.75,274.233333333333,358.378713389546,2.22793529676362
2022-12-21 04:00:00,59.2666666666667,273.833333333333,332.102236546054,1.38084421188181
2022-12-21 05:00:00,66.2,272.816666666667,244.720269268959,0.43201941292802
2022-12-21 06:00:00,68.7333333333333,272.533333333333,191.802053713501,2.55202981332798
2022-12-21 07:00:00,73.0666666666667,272.016666666667,191.277137779562,0.861141365787981
2022-12-21 08:00:00,74.8166666666667,271.866666666667,28.9917608929902,1.4851790807492
2022-12-21 09:00:00,80.4666666666667,271.433333333333,33.8575728314664,2.895044258142
2022-12-21 10:00:00,88.2666666666667,272.333333333333,44.6802529407832,5.24343768130996
2022-12-21 11:00:00,90.0333333333334,272.616666666667,28.9990782052905,4.80365028874759
2022-12-21 12:00:00,82.4166666666667,273.1,33.7546288655977,5.73783933212728
2022-12-21 13:00:00,84.3666666666667,272.85,19.7151086609375,4.39974065252883
2022-12-21 14:00:00,83.2666666666667,272.983333333333,22.8317280193129,4.32792328912138
2022-12-21 15:00:00,85.7,272.683333333333,28.5017205833987,3.92885661448476
2022-12-21 16:00:00,84.6666666666667,272.983333333333,25.3557730309383,3.56319827970571
2022-12-21 17:00:00,91.9333333333333,272.466666666667,29.8270360293803,3.45484685247918
2022-12-21 18:00:00,91.0166666666667,272.533333333333,16.3125191418787,3.43708210141617
2022-12-21 19:00:00,89.1666666666667,272.6,24.8383393520141,2.73534468735493
2022-12-21 20:00:00,83.4166666666667,272.666666666667,25.1970598082869,4.2568695306561
2022-12-21 21:00:00,94.1166666666667,271.866666666667,357.237487731536,2.50445212948647
2022-12-21 22:00:00,90.7166666666667,271.933333333333,16.7167670972137,2.19963163841559
2022-12-21 23:00:00,91.5333333333333,271.6,42.4933605996449,2.14012293479626
2022-12-22 00:00:00,91.75,271.733333333333,0.0017699441026479,1.93430885414129
2022-12-22 01:00:00,89.2333333333334,271.933333333333,22.4129664484774,2.6655242270848
2022-12-22 02:00:00,78.4333333333333,272.616666666667,37.4566336498389,4.22529016772834
2022-12-22 03:00:00,68.9,273.05,37.1669346014279,5.38622204754852
2022-12-22 04:00:00,67.05,273.116666666667,37.0501093582382,5.50955392062294
2022-12-22 05:00:00,74.4333333333333,272.2,16.2243572059776,3.43465177387567
2022-12-22 06:00:00,80.5333333333333,271.65,26.2264877601332,4.15660589878214
2022-12-22 07:00:00,72.45,272.15,27.8415277067387,4.2728427001146
2022-12-22 08:00:00,74.6333333333334,271.5,18.9562948235385,5.26342170862915
2022-12-22 09:00:00,66.8666666666667,271.933333333333,26.4298361148987,8.75051436726958
2022-12-22 10:00:00,72.4333333333333,271.25,1.2975678314977,4.86468462770733
2022-12-22 11:00:00,59.9666666666667,272.15,30.7050154086938,9.35540630782441
2022-12-22 12:00:00,53.95,272.35,30.4528955394849,13.0330815917225
2022-12-22 13:00:00,55.2,271.983333333333,24.4197357231377,13.0217085876887
2022-12-22 14:00:00,65.5333333333334,271.283333333333,356.949905677776,9.46199374021239
2022-12-22 15:00:00,62.9833333333333,271.333333333333,30.9842558828854,13.6958308166253
2022-12-22 16:00:00,61.7333333333334,271.333333333333,26.6115780173831,12.8778195214904
2022-12-22 17:00:00,62.5166666666667,271.233333333333,25.2841888177798,11.9371635082384
2022-12-22 18:00:00,62.8666666666667,270.933333333333,26.9420484184027,9.4126748569979
2022-12-22 19:00:00,64.1333333333333,270.716666666667,25.8261974341772,5.73980812106163
2022-12-22 20:00:00,66.3166666666667,271.05,33.216211265842,6.4384498507391
2022-12-22 21:00:00,80.5,270.5,31.0819043765467,4.96719668891509
2022-12-22 22:00:00,80.5166666666667,271.233333333333,53.3963752877908,5.94124719090395
2022-12-22 23:00:00,81.8333333333333,271.216666666667,46.5548653284818,6.44867434331203
2022-12-23 00:00:00,92.4833333333333,270.883333333333,45.5580794031714,5.75694688348911
2022-12-23 01:00:00,95.75,271.05,37.3683365828913,7.748556783535
2022-12-23 02:00:00,100.35,271.533333333333,39.321879735889,10.5086430203547
2022-12-23 03:00:00,100.4,272.1,41.7224232985798,10.6422477158023
2022-12-23 04:00:00,100.4,272.133333333333,20.2902336190936,8.32861612354993
2022-12-23 05:00:00,100.4,272.366666666667,28.050297498417,11.2063682951513
2022-12-23 06:00:00,100.4,272.583333333333,4.28413256145825,8.97923543901343
2022-12-23 07:00:00,100.4,272.483333333333,4.17432594737232,6.78381591957265
2022-12-23 08:00:00,100.4,272.533333333333,5.5379944008007,7.46372550896756
2022-12-23 09:00:00,100.4,272.55,20.606085053142,6.48436537954863
2022-12-23 10:00:00,100.4,272.75,16.3808070140936,6.15395815193468
2022-12-23 11:00:00,100.4,272.766666666667,20.1338133384994,6.91163818601316
2022-12-23 12:00:00,100.4,272.816666666667,27.2064567388148,7.23398635446084
2022-12-23 13:00:00,100.4,273.016666666667,23.2862078142509,7.30920657515549
2022-12-23 14:00:00,100.4,273.116666666667,33.2924315964461,8.61378724839509
2022-12-23 15:00:00,100.4,273.15,28.8386733531314,9.51385092569261
2022-12-23 16:00:00,100.4,273.15,25.3031615130958,9.28327148476335
2022-12-23 17:00:00,100.4,273.15,29.8736477424125,9.34866216312492
2022-12-23 18:00:00,100.4,273.116666666667,30.4122198780202,12.5036055916201
2022-12-23 19:00:00,100.4,273.133333333333,26.4955412231877,11.143016982991
2022-12-23 20:00:00,100.4,273.116666666667,29.106475811212,10.934869903563
2022-12-23 21:00:00,100.4,272.583333333333,18.2415701839827,11.4825880440597
2022-12-23 22:00:00,100.4,272.233333333333,14.8783250041107,8.81339870544692
2022-12-23 23:00:00,100.4,271.3,20.6134924358608,13.5513953131407
2022-12-24 00:00:00,100.4,271.066666666667,20.8118647607307,14.0283285097103
2022-12-24 01:00:00,100.4,270.966666666667,18.7660582084504,10.4048718223601
2022-12-24 02:00:00,100.4,271.2,25.5449567975588,6.47535238995332
2022-12-24 03:00:00,100.4,271.083333333333,8.57822964514918,9.83200522770099
2022-12-24 04:00:00,100.4,270.666666666667,20.1944008596799,8.32937660177652
2022-12-24 05:00:00,100.4,270.3,9.72853545574031,7.39860417079786
2022-12-24 06:00:00,100.4,269.95,4.86333443093594,4.60356241058369
2022-12-24 07:00:00,100.4,269.933333333333,4.73627746389235,3.91137552229051
2022-12-24 08:00:00,100.4,269.85,25.9322932310696,4.31419488340227
2022-12-24 09:00:00,100.4,269.883333333333,26.5675933501416,4.31557287274077
2022-12-24 10:00:00,100.4,269.966666666667,15.5890566340565,3.97931867235334
2022-12-24 11:00:00,100.4,270.033333333333,21.5714065939342,4.55482272468809
2022-12-24 12:00:00,100.4,270.516666666667,13.3788993508845,3.80235039883275
2022-12-24 13:00:00,100.4,270.8,18.0151556539556,4.98242231409654
2022-12-24 14:00:00,100.4,271.05,18.3631980734253,5.0762505658174
2022-12-24 15:00:00,100.4,270.9,19.7613504233002,5.49050857212669
2022-12-24 16:00:00,100.4,271.2,22.0339169842697,4.94435165598491
2022-12-24 17:00:00,100.4,271.166666666667,28.0617307007985,4.01715656305193
2022-12-24 18:00:00,100.4,271.466666666667,31.9791673779318,4.35294637870961
2022-12-24 19:00:00,100.4,272.183333333333,17.9625794648344,5.58242619250057
2022-12-24 20:00:00,100.4,272.35,22.3926037218657,7.73775555974448
2022-12-24 21:00:00,100.4,272.6,30.2039629171255,6.09926102848241
2022-12-24 22:00:00,100.4,272.716666666667,20.2495348104408,6.12054975738088
2022-12-24 23:00:00,100.4,272.716666666667,14.7403768623135,5.81338319326108
2022-12-25 00:00:00,100.4,272.55,17.4585556626513,5.28583443103295
2022-12-25 01:00:00,100.4,272.783333333333,20.6201633391396,5.33654637778834
2022-12-25 02:00:00,100.4,272.783333333333,21.7664916415737,4.58691196824513
2022-12-25 03:00:00,100.4,272.883333333333,20.6930766500624,4.59271532478311
2022-12-25 04:00:00,100.4,272.916666666667,12.3689744189303,2.5916660520947
2022-12-25 05:00:00,100.4,272.583333333333,334.959083266589,0.895652067500559
2022-12-25 06:00:00,100.4,272.65,342.04756149072,1.49593316296186
2022-12-25 07:00:00,100.4,272.483333333333,353.331471689477,2.28871747167363
2022-12-25 08:00:00,100.4,272.416666666667,13.0136947648184,2.28126566442119
2022-12-25 09:00:00,100.4,272.883333333333,26.0886433315865,4.75145717332875
2022-12-25 10:00:00,100.4,273.066666666667,33.9845716152678,5.0201696109816
2022-12-25 11:00:00,100.4,272.816666666667,40.3679513208173,5.94423810928783
2022-12-25 12:00:00,100.4,273.083333333333,36.7393295229313,5.87702773880838
2022-12-25 13:00:00,100.4,273.15,34.0465286752051,4.16779251189376
2022-12-25 14:00:00,100.4,273.633333333333,20.5387111268734,2.70937148911729
2022-12-25 15:00:00,100.4,274.166666666667,345.410539011564,1.2929117139094
2022-12-25 16:00:00,94.15,274.15,325.112034147872,1.59870959435254
2022-12-25 17:00:00,62.6333333333333,275.5,11.936795078056,3.41675756656869
2022-12-25 18:00:00,47.0,276.8,36.0171170546148,5.79930572589711
2022-12-25 19:00:00,32.7833333333333,278.083333333333,40.0695606390032,6.4224637591973
2022-12-25 20:00:00,28.0333333333333,278.25,31.0400408048024,6.04082208670522
2022-12-25 21:00:00,28.3166666666667,277.916666666667,35.0468429501677,5.15901964900628
2022-12-25 22:00:00,39.1833333333333,276.416666666667,356.957534457467,2.89621413137058
2022-12-25 23:00:00,32.2166666666667,277.05,34.9785710810578,4.73855859236802
2022-12-26 00:00:00,25.65,278.316666666667,49.0433756598047,8.02789535768231
2022-12-26 01:00:00,24.9333333333333,278.4,52.0146270096053,8.56386152452422
2022-12-26 02:00:00,33.2666666666667,276.583333333333,19.2629930590082,3.91411294979142
2022-12-26 03:00:00,31.2,276.916666666667,37.6775483738262,5.05491148212036
2022-12-26 04:00:00,32.0333333333333,276.55,30.6527010471607,3.52286754310592
2022-12-26 05:00:00,39.35,275.1,356.899014867862,1.0705250153534
2022-12-26 06:00:00,35.0166666666667,275.716666666667,27.4315578363625,1.99823010498717
2022-12-26 07:00:00,56.3166666666667,273.616666666667,358.802234109819,1.71584123272093
2022-12-26 08:00:00,52.2666666666667,274.15,16.6685728884524,2.45525275339014
2022-12-26 09:00:00,56.55,273.666666666667,349.21736634398,1.10775164084166
2022-12-26 10:00:00,55.5833333333333,273.833333333333,352.418432166531,1.99390658906843
2022-12-26 11:00:00,52.6333333333333,274.666666666667,9.72098455720561,1.25369058769329
2022-12-26 12:00:00,54.2166666666667,275.066666666667,12.7041167705938,2.00579402096612
2022-12-26 13:00:00,57.5666666666667,274.416666666667,14.3358580992358,4.30789538455141
2022-12-26 14:00:00,61.4166666666667,274.033333333333,13.6421570638501,4.31205924145261
2022-12-26 15:00:00,58.05,274.316666666667,40.5542267621403,5.35643307810353
2022-12-26 16:00:00,63.9166666666667,273.583333333333,26.8010250250163,5.57261482661331
2022-12-26 17:00:00,77.2166666666667,272.416666666667,18.6840576888222,3.937344958436
2022-12-26 18:00:00,76.8166666666667,272.783333333333,44.3405925431563,6.12448399147111
2022-12-26 19:00:00,93.9333333333333,271.183333333333,356.28596309363,6.32735645198709
2022-12-26 20:00:00,100.066666666667,269.833333333333,355.760116512168,5.27157891848148
2022-12-26 21:00:00,99.45,269.166666666667,16.0047444425711,9.4981335312194
2022-12-26 22:00:00,99.3,268.966666666667,28.4570873810729,10.3424801748182
2022-12-26 23:00:00,99.5666666666667,269.216666666667,31.5864655364893,11.382330308578
2022-12-27 00:00:00,99.85,269.483333333333,27.6202159091466,10.5957535760141
2022-12-27 01:00:00,99.7833333333333,269.433333333333,23.9312687407692,11.8173362761059
2022-12-27 02:00:00,99.35,269.166666666667,17.7355141929152,10.8009473282478
2022-12-27 03:00:00,99.4166666666667,268.916666666667,357.547387055538,7.34574652999297
2022-12-27 04:00:00,98.85,268.366666666667,4.90872287871741,8.32416891933192
2022-12-27 05:00:00,98.55,268.116666666667,0.866019798191928,6.44276900389157
2022-12-27 06:00:00,98.0166666666667,267.616666666667,5.20134528633605,8.38483149044207
2022-12-27 07:00:00,97.5333333333334,267.15,9.99678088366221,8.65465372536386
2022-12-27 08:00:00,97.3,266.966666666667,19.4117502541782,7.39448333933901
2022-12-27 09:00:00,96.9833333333333,266.9,23.6102608300794,7.42052306782888
2022-12-27 10:00:00,96.2166666666667,266.683333333333,27.2147853942367,9.56973606392036
2022-12-27 11:00:00,95.5666666666667,266.833333333333,28.2815178385117,8.12735261672759
2022-12-27 12:00:00,95.5666666666667,267.0,11.1032574593615,5.78570452557377
2022-12-27 13:00:00,93.75,267.016666666667,27.7019168008013,4.04323866565322
2022-12-27 14:00:00,91.3,267.083333333333,18.0559857133947,4.39675255409577
2022-12-27 15:00:00,89.0,267.066666666667,17.6753025673349,3.66813603599479
2022-12-27 16:00:00,86.9333333333333,266.233333333333,32.2455411313443,3.74732293123206
2022-12-27 17:00:00,81.6166666666667,266.083333333333,23.7206173795204,3.65166299068083
2022-12-27 18:00:00,79.7833333333333,266.2,36.5949657923455,3.51945246352001
2022-12-27 19:00:00,69.9,266.4,35.962271114052,3.98118742497199
2022-12-27 20:00:00,56.5666666666667,266.766666666667,35.6486028672398,3.70674710060728
2022-12-27 21:00:00,41.15,267.6,40.2545381053495,3.38873290453041
2022-12-27 22:00:00,30.3833333333333,268.283333333333,33.4506230904773,3.51086286095729
2022-12-27 23:00:00,22.35,268.733333333333,31.4197221168882,4.30853557557582
2022-12-28 00:00:00,15.3666666666667,269.1,46.3512548335218,3.57278644138867
2022-12-28 01:00:00,15.9,268.7,30.4126227237122,3.140969429295
2022-12-28 02:00:00,13.1333333333333,269.866666666667,47.3129056809892,6.43011528739438
2022-12-28 03:00:00,13.8333333333333,270.016666666667,33.7500220448804,6.10858035051557
2022-12-28 04:00:00,15.0,270.133333333333,39.385851230277,6.50220135968415
2022-12-28 05:00:00,16.0166666666667,270.416666666667,31.9375444187429,5.96807077141499
2022-12-28 06:00:00,19.0833333333333,270.25,27.1677207934893,5.9689787541313
2022-12-28 07:00:00,23.7333333333333,270.216666666667,29.0002177158812,5.48781626867705
2022-12-28 08:00:00,28.9833333333333,270.716666666667,32.1538228974923,5.16955087992118
2022-12-28 09:00:00,28.95,269.933333333333,4.3325620142495,2.98035969044651
2022-12-28 10:00:00,31.45,270.666666666667,19.738079763729,3.090217422014
2022-12-28 11:00:00,30.1833333333333,271.433333333333,31.9920479594859,3.77093253907625
2022-12-28 12:00:00,29.6166666666667,272.416666666667,42.8845985994288,6.37376873716732
2022-12-28 13:00:00,26.3666666666667,273.183333333333,36.331313089568,6.79521920795651
2022-12-28 14:00:00,25.6166666666667,273.766666666667,32.8047534358409,5.9350043291218
2022-12-28 15:00:00,31.6166666666667,273.7,5.35195585980245,2.83101830385174
2022-12-28 16:00:00,33.1,272.933333333333,331.105983001143,0.999265901429407
2022-12-28 17:00:00,38.3833333333333,272.15,172.702429015708,0.573964492811808
2022-12-28 18:00:00,39.55,272.1,162.702181597635,0.550737497227645
2022-12-28 19:00:00,40.15,272.2,200.360441949749,0.853934240043844
2022-12-28 20:00:00,40.5666666666667,272.3,190.143424464973,0.983324556472226
2022-12-28 21:00:00,42.3833333333333,271.883333333333,26.8644005664959,1.17567704676882
2022-12-28 22:00:00,42.7833333333333,271.583333333333,47.5346798502268,1.74465752937476
2022-12-28 23:00:00,41.2,271.75,10.7176585075662,1.22485618276696
2022-12-29 00:00:00,33.8333333333333,272.233333333333,13.2223997755451,1.36940251311192
2022-12-29 01:00:00,39.5166666666667,271.533333333333,232.564901189605,0.195701214254178
2022-12-29 02:00:00,28.9,272.233333333333,40.3285148776444,3.5542456224261
2022-12-29 03:00:00,24.8833333333333,272.333333333333,29.4062894335855,4.24776544050145
2022-12-29 04:00:00,17.35,273.0,35.80826162875,5.58556703117782
2022-12-29 05:00:00,13.7333333333333,273.066666666667,22.4261100377477,4.43349902980233
2022-12-29 06:00:00,15.5833333333333,272.816666666667,36.3568650339768,1.90605663810379
2022-12-29 07:00:00,17.5333333333333,272.3,232.718310921198,0.191215419420358
2022-12-29 08:00:00,18.4166666666667,272.116666666667,84.2689546008208,0.551124124278941
2022-12-29 09:00:00,19.1,272.416666666667,16.3084021860628,0.71740293255819
2022-12-29 10:00:00,22.6166666666667,272.716666666667,348.667004526429,1.43623718737189
2022-12-29 11:00:00,23.6666666666667,273.15,19.8761794197349,1.70976008527426
2022-12-29 12:00:00,24.9333333333333,273.1,7.70252649605567,2.06106171871351
2022-12-29 13:00:00,32.1833333333333,272.966666666667,51.2238874097846,5.07456104715709
2022-12-29 14:00:00,38.55,273.066666666667,59.4768862502273,4.57794042114753
2022-12-29 15:00:00,44.1666666666667,272.316666666667,59.7637480722691,3.64843973175802
2022-12-29 16:00:00,45.6333333333333,271.733333333333,73.4809435485872,1.50869558036165
2022-12-29 17:00:00,47.3166666666667,271.116666666667,26.7126534484687,2.19128335769826
2022-12-29 18:00:00,50.15,270.983333333333,50.9362439079116,1.21377949741324
2022-12-29 19:00:00,51.7666666666667,271.016666666667,57.8024306461731,1.30358880923044
2022-12-29 20:00:00,51.7166666666667,271.216666666667,76.360814162665,1.95918847904268
2022-12-29 21:00:00,53.25,270.933333333333,76.7677272413674,2.17350880950991
2022-12-29 22:00:00,54.3,270.916666666667,62.9382012435447,2.04649825978194
2022-12-29 23:00:00,54.7666666666667,270.933333333333,31.5972100175079,2.27131222969243
2022-12-30 00:00:00,62.95,269.783333333333,347.154817525655,1.67195009409469
2022-12-30 01:00:00,65.05,269.65,299.64444299136,1.19110325286731
2022-12-30 02:00:00,68.9166666666667,269.5,343.167905958137,1.87269602594172
2022-12-30 03:00:00,75.1,269.083333333333,347.806558400327,1.92585720735018
2022-12-30 04:00:00,86.8333333333333,268.483333333333,15.5273107464209,1.36293452759108
2022-12-30 05:00:00,93.3333333333333,268.566666666667,39.9663882184688,1.5158933821251
2022-12-30 06:00:00,98.8333333333333,268.483333333333,6.41423709141748,2.57767794138071
2022-12-30 07:00:00,97.15,268.883333333333,26.9320978667273,2.37857168446896
2022-12-30 08:00:00,97.9333333333333,268.383333333333,194.079041006712,0.271098906167427
2022-12-30 09:00:00,92.55,269.2,24.5342117816908,2.03152639298509
2022-12-30 10:00:00,68.65,271.216666666667,57.4390243908825,4.65655612951205
2022-12-30 11:00:00,63.7666666666667,271.383333333333,78.579240146917,3.43000671807218
2022-12-30 12:00:00,64.8166666666667,271.55,68.4186918297776,4.05244501401633
2022-12-30 13:00:00,60.35,271.983333333333,64.6776047756198,4.20666018472312
2022-12-30 14:00:00,55.6166666666667,272.333333333333,40.2299265875896,3.04173236213668
2022-12-30 15:00:00,53.05,272.233333333333,56.6904916751948,4.0545797350518
2022-12-30 16:00:00,54.2666666666667,272.283333333333,46.0611656883397,5.56626326190859
2022-12-30 17:00:00,76.1,271.566666666667,54.0051937203547,6.03464312833347
2022-12-30 18:00:00,97.3166666666667,270.666666666667,30.9947038444752,2.85497604176068
2022-12-30 19:00:00,100.383333333333,271.533333333333,27.3487734259642,5.70247206771524
2022-12-30 20:00:00,97.6333333333334,272.216666666667,46.8872426273935,6.38038145369231
2022-12-30 21:00:00,94.1833333333333,272.383333333333,28.5849919020867,7.45503237096443
2022-12-30 22:00:00,88.3333333333333,272.983333333333,29.5726023598909,5.62707339840097
2022-12-30 23:00:00,91.7333333333333,272.95,27.2499224854846,5.33623837036477
2022-12-31 00:00:00,96.1,272.85,24.1592967850406,5.91919979247152
2022-12-31 01:00:00,96.9666666666667,273.183333333333,40.9107752411708,6.10000338906245
2022-12-31 02:00:00,97.25,273.45,26.0335021108681,6.46746033265107
2022-12-31 03:00:00,98.9166666666667,273.35,21.7107868125232,6.24537431400297
2022-12-31 04:00:00,94.4833333333333,273.483333333333,31.9493648210232,8.83931426473007
2022-12-31 05:00:00,82.3333333333333,274.666666666667,32.2787669646297,7.71322933851371
2022-12-31 06:00:00,78.5333333333333,275.083333333333,28.2496399315724,7.35895057643159
2022-12-31 07:00:00,85.3,274.8,33.2650650600396,6.9378619102369
2022-12-31 08:00:00,82.4833333333333,275.15,51.118689497048,6.99036078586082
2022-12-31 09:00:00,78.4666666666667,275.4,52.4166232242392,7.94178869820183
2022-12-31 10:00:00,69.6,276.266666666667,45.9717769086793,6.79937385669375
2022-12-31 11:00:00,61.1666666666667,277.316666666667,49.2237331398044,5.45151828732463
2022-12-31 12:00:00,52.1333333333333,278.45,48.0533324634564,7.4730524681189
2022-12-31 13:00:00,50.1333333333333,278.433333333333,50.1173225191189,6.07837012065525
2022-12-31 14:00:00,47.6833333333333,278.733333333333,60.1134270874625,6.14237052779943
2022-12-31 15:00:00,47.8,278.45,62.7303165975726,2.83540135708843
2022-12-31 16:00:00,43.0166666666667,278.883333333333,57.9808641406224,2.79060700169511
2022-12-31 17:00:00,41.1333333333333,278.833333333333,66.9392652910281,3.23364328924563
2022-12-31 18:00:00,41.7833333333333,278.566666666667,55.5839984717305,3.79190337633204
2022-12-31 19:00:00,43.3333333333333,278.35,66.1801463565776,4.52908582619505
2022-12-31 20:00:00,45.7666666666667,278.216666666667,63.7625037731782,3.30895443823937
2022-12-31 21:00:00,48.5333333333333,277.716666666667,56.9751474583121,1.4805111800041
2022-12-31 22:00:00,50.7,277.2,60.8430325685317,1.65943533396213
2022-12-31 23:00:00,47.5666666666667,277.9,62.8663106526126,3.82318357853337
2023-01-01 00:00:00,50.3333333333333,277.466666666667,83.3921002748092,2.41184206959334
2023-01-01 01:00:00,51.8166666666667,277.55,11.1691454667251,1.64059536268852
2023-01-01 02:00:00,58.3666666666667,276.583333333333,3.93397891107497,2.03812805390298
2023-01-01 03:00:00,59.7166666666667,276.216666666667,40.9355412674775,1.38461001965174
2023-01-01 04:00:00,59.3833333333333,276.516666666667,55.0053373505482,4.50671090584241
2023-01-01 05:00:00,63.0333333333333,276.233333333333,32.0408495674932,3.00430003237508
2023-01-01 06:00:00,68.4666666666667,275.733333333333,17.9149839986105,2.99564337046589
2023-01-01 07:00:00,63.9833333333333,276.35,61.7874312144713,3.12480619353713
2023-01-01 08:00:00,65.2166666666667,276.1,79.7283868755669,2.22952715250237
2023-01-01 09:00:00,66.7,275.85,61.2922164024677,0.349103399667539
2023-01-01 10:00:00,62.75,276.45,82.5438308457283,0.861171508136072
2023-01-01 11:00:00,61.25,276.966666666667,168.947045146652,0.294048732947417
2023-01-01 12:00:00,54.7,278.316666666667,262.638052295379,0.152225073291668
2023-01-01 13:00:00,50.3666666666667,278.8,29.3492313265487,1.51360371046642
2023-01-01 14:00:00,49.45,278.533333333333,35.0863919360273,2.19727165209325
2023-01-01 15:00:00,49.9666666666667,278.283333333333,34.1697895447132,2.10566073756059
2023-01-01 16:00:00,50.3666666666667,277.8,52.6263800120415,0.713826926007346
2023-01-01 17:00:00,54.9833333333334,276.533333333333,18.1681379421343,0.584479892535333
2023-01-01 18:00:00,53.7833333333333,276.45,43.6211461954566,1.99686408121806
2023-01-01 19:00:00,52.7166666666667,276.516666666667,25.0798033796389,3.78303637332831
2023-01-01 20:00:00,45.1166666666667,277.166666666667,63.6796209720878,3.19469161834226
2023-01-01 21:00:00,43.2833333333333,277.316666666667,74.537719181371,2.9426991045027
2023-01-01 22:00:00,43.9333333333333,276.833333333333,75.5138901659523,1.3968650814916
2023-01-01 23:00:00,45.7,276.366666666667,13.5218652855345,0.900763472227365
2023-01-02 00:00:00,47.8166666666667,275.95,28.642668988536,1.31170124965051
2023-01-02 01:00:00,49.4666666666667,275.45,55.8515394217081,0.3505010646597
2023-01-02 02:00:00,48.7833333333333,275.516666666667,51.168140556976,2.41926491307124
2023-01-02 03:00:00,54.65,274.583333333333,2.58601209917629,0.468024364461294
2023-01-02 04:00:00,48.65,274.983333333333,43.9253800780012,3.69486210340433
2023-01-02 05:00:00,37.2833333333333,275.95,54.3721272143583,4.74563762492424
2023-01-02 06:00:00,35.5666666666667,276.033333333333,55.377272632377,3.56012232681821
2023-01-02 07:00:00,32.65,276.45,64.9942799984834,6.3397274933279
2023-01-02 08:00:00,33.2833333333333,276.266666666667,69.4128340138431,5.8829829035987
2023-01-02 09:00:00,34.5833333333333,276.15,65.2560382165302,5.75727484825645
2023-01-02 10:00:00,35.3,276.083333333333,70.1062348548605,5.56682113526899
2023-01-02 11:00:00,33.9,276.5,63.9651491789067,4.50801420857074
2023-01-02 12:00:00,34.6666666666667,276.5,47.1664361659988,3.47202262693435
2023-01-02 13:00:00,35.75,276.7,355.334291913521,2.92070066086034
2023-01-02 14:00:00,36.4333333333333,276.7,8.34066106769217,2.01357028817614
2023-01-02 15:00:00,40.2666666666667,276.066666666667,48.3287666300134,3.45900064987421
2023-01-02 16:00:00,44.8833333333333,275.366666666667,48.8383757672535,2.95167262892302
2023-01-02 17:00:00,48.7,274.733333333333,52.1994807164687,2.82972162066453
2023-01-02 18:00:00,57.2833333333333,273.966666666667,6.99648755819976,3.9668280069885
2023-01-02 19:00:00,64.1666666666667,273.366666666667,6.79793913837466,3.38431562484686
2023-01-02 20:00:00,72.7166666666667,272.516666666667,14.8199457711027,2.95990776784422
2023-01-02 21:00:00,76.8,272.1,0.215966013384957,2.33010458383919
2023-01-02 22:00:00,76.3333333333333,272.1,355.60872966448,2.24048308294443
2023-01-02 23:00:00,72.6166666666667,272.466666666667,36.4215505705793,3.20727428843045
2023-01-03 00:00:00,73.5166666666667,272.416666666667,39.8451410972089,2.88051842187091
2023-01-03 01:00:00,80.1666666666667,271.683333333333,16.5578416962931,1.58555560962376
2023-01-03 02:00:00,86.7166666666667,271.216666666667,275.517419282615,0.256451883937737
2023-01-03 03:00:00,96.05,270.4,203.296190147103,1.30015596257788
2023-01-03 04:00:00,100.166666666667,270.183333333333,103.771059659767,0.306038688661747
2023-01-03 05:00:00,99.9333333333333,270.166666666667,154.626516684186,0.349021829492711
2023-01-03 06:00:00,99.4833333333333,270.433333333333,171.918844951839,0.320761379562532
2023-01-03 07:00:00,97.7166666666667,270.733333333333,134.221391935371,0.475948443019353
2023-01-03 08:00:00,97.95,270.683333333333,295.930841342471,0.143947462910678
2023-01-03 09:00:00,94.3166666666667,271.066666666667,14.9174852334555,0.41399754456427
2023-01-03 10:00:00,91.25,271.4,17.6270255134128,1.18046594178287
2023-01-03 11:00:00,95.4833333333334,271.166666666667,15.0412754890635,1.09865678085104
2023-01-03 12:00:00,95.4166666666667,271.366666666667,18.4695454366197,2.75230967068913
2023-01-03 13:00:00,91.9833333333333,271.7,22.3928828321396,3.17010528293023
2023-01-03 14:00:00,99.9333333333333,271.133333333333,6.66735943833493,3.2965196956615
2023-01-03 15:00:00,100.4,270.916666666667,30.2495950996291,3.17004448219421
2023-01-03 16:00:00,100.4,270.633333333333,19.1774497744245,2.98060347958631
2023-01-03 17:00:00,100.4,270.483333333333,6.3426980130659,3.91225060905989
2023-01-03 18:00:00,100.4,270.283333333333,1.78750516232213,2.83595087914031
2023-01-03 19:00:00,100.4,270.25,11.0320672834392,2.72888310611676
2023-01-03 20:00:00,100.4,270.15,351.144218227955,2.59231969050312
2023-01-03 21:00:00,100.25,269.866666666667,12.4954050679026,3.37813064528673
2023-01-03 22:00:00,99.4666666666667,269.45,6.26752039869655,2.56249598372557
2023-01-03 23:00:00,99.0,269.15,15.1700140183003,1.79232015865713
2023-01-04 00:00:00,92.1833333333333,269.316666666667,55.450305050324,4.11945247972235
2023-01-04 01:00:00,88.7666666666667,269.316666666667,43.2970171146582,3.56229617962479
2023-01-04 02:00:00,86.6166666666667,269.2,22.9516777553447,2.47003193999649
2023-01-04 03:00:00,81.8833333333333,269.233333333333,24.8884747405197,1.71050693593471
2023-01-04 04:00:00,82.7666666666667,269.2,26.8605771575433,2.73840367100359
2023-01-04 05:00:00,74.6833333333333,269.783333333333,23.0948621534162,3.53195632449997
2023-01-04 06:00:00,59.8333333333333,270.616666666667,28.1189899543225,5.53307202668451
2023-01-04 07:00:00,47.45,270.983333333333,26.2917386861096,4.4601813266968
2023-01-04 08:00:00,39.0833333333333,271.05,24.1184480031853,5.15649359539038
2023-01-04 09:00:00,35.9,270.916666666667,25.4402591596372,4.65882041652741
2023-01-04 10:00:00,22.45,271.75,34.9652729187641,5.87666170860309
2023-01-04 11:00:00,19.8833333333333,272.816666666667,33.9427817209117,6.11464130162182
2023-01-04 12:00:00,25.3666666666667,272.966666666667,32.2766840837352,6.0284570354033
2023-01-04 13:00:00,32.0333333333333,272.3,12.7863143262817,3.80077006797794
2023-01-04 14:00:00,33.6166666666667,272.516666666667,35.4603201778054,5.6842235971876
2023-01-04 15:00:00,32.5166666666667,272.7,30.2108434959957,6.24633784066976
2023-01-04 16:00:00,43.1,272.85,27.0026188778734,6.32342474542492
2023-01-04 17:00:00,49.0833333333333,272.566666666667,17.9463737358773,6.19860480006393
2023-01-04 18:00:00,57.9333333333333,272.266666666667,18.3163954921675,7.29334229263438
2023-01-04 19:00:00,69.0833333333333,272.083333333333,30.9279418131601,7.84727969728059
2023-01-04 20:00:00,69.45,272.3,37.337609763007,9.97872870765088
2023-01-04 21:00:00,68.1333333333333,272.283333333333,26.2322359067309,9.72580177077088
2023-01-04 22:00:00,64.75,272.2,37.6357071667153,7.51669818686415
2023-01-04 23:00:00,64.1833333333333,271.866666666667,23.3583391961129,6.89831078579573
2023-01-05 00:00:00,67.5833333333333,272.166666666667,26.4606521551712,8.29411944015062
2023-01-05 01:00:00,78.25,271.866666666667,27.5476480056888,8.66624216080153
2023-01-05 02:00:00,92.8833333333333,271.05,24.2556304103083,7.68741411646369
2023-01-05 03:00:00,100.166666666667,271.433333333333,29.5399298489572,7.36964381740612
2023-01-05 04:00:00,99.3166666666667,272.066666666667,25.389114584967,7.38946420569855
2023-01-05 05:00:00,100.4,272.3,12.2925302664216,7.7557015114085
2023-01-05 06:00:00,100.4,272.266666666667,23.1494826380563,8.2578638927292
2023-01-05 07:00:00,100.383333333333,272.133333333333,13.7621963966784,8.47557732540248
2023-01-05 08:00:00,100.4,272.083333333333,12.6909360773192,7.79294597738102
2023-01-05 09:00:00,100.4,271.883333333333,6.21781225351936,9.57539408757714
2023-01-05 10:00:00,100.4,270.9,6.0679341909464,10.0989363908232
2023-01-05 11:00:00,100.366666666667,270.85,7.90185071222669,9.220354561413
2023-01-05 12:00:00,98.7666666666667,270.733333333333,15.5830367090226,10.5181016841347
2023-01-05 13:00:00,98.9833333333333,270.866666666667,19.6615968053445,8.5401520165192
2023-01-05 14:00:00,98.6333333333334,270.666666666667,17.2789269064471,8.74733202759757
2023-01-05 15:00:00,95.2,270.433333333333,345.014511526622,5.87581315317288
2023-01-05 16:00:00,92.95,270.05,4.5600735815068,4.929942593532
2023-01-05 17:00:00,94.65,270.083333333333,6.77418828980694,4.88424796574386
2023-01-05 18:00:00,100.266666666667,270.2,12.9217457151698,6.23623946271678
2023-01-05 19:00:00,100.35,270.216666666667,13.5246811164506,5.46911687071188
2023-01-05 20:00:00,100.25,270.083333333333,16.3343103810309,5.09528924996724
2023-01-05 21:00:00,99.35,269.95,25.2914659520326,4.70829369051157
2023-01-05 22:00:00,96.45,269.866666666667,21.2891601414833,4.8519989852636
2023-01-05 23:00:00,93.4333333333333,269.566666666667,21.4335614895537,3.49764010137065
2023-01-06 00:00:00,87.7,269.633333333333,47.6900099668487,2.3602069853715
2023-01-06 01:00:00,67.8333333333334,270.633333333333,43.0925363331752,2.48547089606677
2023-01-06 02:00:00,51.6833333333333,272.033333333333,45.7651735516033,2.45963560925773
2023-01-06 03:00:00,42.65,272.8,40.0439616308513,2.45826103448955
2023-01-06 04:00:00,30.6666666666667,274.266666666667,56.1054264809512,2.51374474670904
2023-01-06 05:00:00,27.2333333333333,274.616666666667,48.6983090984774,2.45347758154295
2023-01-06 06:00:00,22.95,274.983333333333,33.9079492180827,2.63138274462877
2023-01-06 07:00:00,21.55,275.366666666667,35.7304762820863,3.38224018555801
2023-01-06 08:00:00,21.2333333333333,275.633333333333,42.4561854755099,3.29908471517947
2023-01-06 09:00:00,19.95,276.016666666667,52.7986469475043,3.62041051770813
2023-01-06 10:00:00,19.8333333333333,276.35,44.2427807516489,3.4883624745338
2023-01-06 11:00:00,18.8833333333333,276.833333333333,43.501165292388,3.8393566766908
2023-01-06 12:00:00,17.8666666666667,277.65,38.0623874743739,3.31916780377402
2023-01-06 13:00:00,18.1166666666667,277.483333333333,47.6292125718671,2.89565791481534
2023-01-06 14:00:00,17.7666666666667,277.583333333333,40.5983814653119,3.31094067791831
2023-01-06 15:00:00,17.4,277.833333333333,23.4488123599834,3.22975835363429
2023-01-06 16:00:00,21.3333333333333,276.733333333333,344.103214738493,1.80607003809519
2023-01-06 17:00:00,25.0666666666667,275.2,349.369121991123,2.32680992796456
2023-01-06 18:00:00,25.1333333333333,274.8,9.36488726978558,2.65305709346044
2023-01-06 19:00:00,27.35,274.816666666667,6.54934311599163,1.81913695323636
2023-01-06 20:00:00,34.6666666666667,274.683333333333,328.869607870717,1.16834738041515
2023-01-06 21:00:00,35.2833333333333,274.483333333333,285.525253260877,0.760878100894013
2023-01-06 22:00:00,36.75,274.033333333333,301.973204018509,0.405944926599404
2023-01-06 23:00:00,27.8333333333333,274.266666666667,5.70342635208374,0.953125172927928
2023-01-07 00:00:00,26.0833333333333,274.433333333333,166.409564912278,1.17394258735561
2023-01-07 01:00:00,26.6833333333333,274.5,284.778437392959,0.46743211974549
2023-01-07 02:00:00,26.6666666666667,274.133333333333,21.36905240614,0.723035299592978
2023-01-07 03:00:00,25.0333333333333,274.4,3.87617982138221,2.31917179329556
2023-01-07 04:00:00,23.75,274.533333333333,12.904188901011,2.06450119273996
2023-01-07 05:00:00,23.25,274.566666666667,352.602854957014,1.60939021077986
2023-01-07 06:00:00,22.7,274.683333333333,359.572202284951,2.01675668115071
2023-01-07 07:00:00,23.3833333333333,274.083333333333,358.682104771004,0.762532135415595
2023-01-07 08:00:00,23.9333333333333,274.483333333333,310.229951270593,0.710543184754835
2023-01-07 09:00:00,23.4833333333333,274.75,15.5180444069728,2.14077636471651
2023-01-07 10:00:00,22.5666666666667,275.133333333333,40.0839333935369,2.19779014449766
2023-01-07 11:00:00,26.85,275.55,68.2538307152981,3.13265166548627
2023-01-07 12:00:00,30.4833333333333,276.15,69.4551913345956,4.20120765363299
2023-01-07 13:00:00,31.6666666666667,276.216666666667,64.8056923451645,3.86153387155067
2023-01-07 14:00:00,32.0666666666667,276.716666666667,17.7448781140352,3.02728115468997
2023-01-07 15:00:00,33.7166666666667,276.433333333333,18.2992720255905,2.804509437009
2023-01-07 16:00:00,32.2833333333333,276.483333333333,55.8462959673744,1.49694572036193
2023-01-07 17:00:00,35.0666666666667,274.75,62.1965854231061,0.627165267203017
2023-01-07 18:00:00,34.9333333333333,274.266666666667,77.0741820976831,0.510790595161052
2023-01-07 19:00:00,31.8166666666667,274.566666666667,91.1633293915473,0.82322438824692
2023-01-07 20:00:00,30.2333333333333,274.516666666667,126.643217486211,0.857837094702438
2023-01-07 21:00:00,28.0333333333333,274.333333333333,99.9590652717692,0.599227122912328
2023-01-07 22:00:00,27.4833333333333,273.8,50.3068567630114,0.849507443532038
2023-01-07 23:00:00,26.85,273.683333333333,63.4604933229929,0.656831363206316
2023-01-08 00:00:00,26.4333333333333,273.65,65.1259773233904,1.05865998733555
2023-01-08 01:00:00,24.9,273.733333333333,107.618314444015,0.832459919865281
2023-01-08 02:00:00,22.2166666666667,274.016666666667,84.5062183666897,1.13994536847228
2023-01-08 03:00:00,23.8666666666667,273.533333333333,84.2407956878701,0.956533311964488
2023-01-08 04:00:00,24.2,273.45,90.4062631897788,1.4251502362518
2023-01-08 05:00:00,31.7333333333333,272.016666666667,17.2853655637366,1.93095936715569
2023-01-08 06:00:00,39.5,270.666666666667,142.011764768838,0.560905395211261
2023-01-08 07:00:00,37.85,271.233333333333,10.8968072884653,0.667596488393774
2023-01-08 08:00:00,43.8333333333333,270.683333333333,6.86785570824583,2.06912317133316
2023-01-08 09:00:00,46.8166666666667,270.466666666667,351.873742143755,0.523166270646857
2023-01-08 10:00:00,50.6333333333333,270.366666666667,353.231551707264,1.14768952232972
2023-01-08 11:00:00,52.45,270.7,349.531404295163,2.40884384566409
2023-01-08 12:00:00,56.7833333333334,270.466666666667,333.049703938147,2.31895371899822
2023-01-08 13:00:00,81.6333333333333,269.066666666667,8.79026462760123,1.90984704653302
2023-01-08 14:00:00,91.4166666666667,268.866666666667,70.476410729405,1.02119508777898
2023-01-08 15:00:00,90.6333333333333,269.233333333333,333.621585650146,0.321013272406864
2023-01-08 16:00:00,86.4833333333333,269.833333333333,21.2576627150575,0.481830163243451
2023-01-08 17:00:00,83.2333333333333,269.983333333333,39.2608539868833,2.73522108927491
2023-01-08 18:00:00,74.45,270.666666666667,54.0487307341127,5.99208866156235
2023-01-08 19:00:00,70.2833333333334,271.316666666667,52.2557390139804,6.19687729964231
2023-01-08 20:00:00,74.1,270.783333333333,28.0552620981979,2.85995112888185
2023-01-08 21:00:00,74.8166666666667,270.933333333333,44.2969802270796,3.69707629881097
2023-01-08 22:00:00,86.0833333333333,270.116666666667,36.5385312102997,2.59999396192327
2023-01-08 23:00:00,93.1166666666667,269.666666666667,52.0804245759079,1.18183305767291
2023-01-09 00:00:00,81.1333333333333,270.6,53.7654046525128,5.370443388323
2023-01-09 01:00:00,77.1833333333333,270.733333333333,37.4695048577794,4.02570444563579
2023-01-09 02:00:00,94.85,269.65,334.67179804007,2.08063457679067
2023-01-09 03:00:00,98.7333333333333,269.416666666667,4.68548921968267,2.61495138016753
2023-01-09 04:00:00,95.5,269.6,39.2132687656025,5.25100740322768
2023-01-09 05:00:00,89.6,269.466666666667,38.5086561549726,6.81870547735658
2023-01-09 06:00:00,95.3666666666667,268.55,355.445461759165,7.3346825009516
2023-01-09 07:00:00,95.9166666666667,266.083333333333,352.16571946671,11.3938915057387
2023-01-09 08:00:00,95.15,265.266666666667,20.0964120035953,9.09286832177114
2023-01-09 09:00:00,94.95,265.133333333333,354.863790391898,7.36387098078952
2023-01-09 10:00:00,94.55,264.816666666667,344.150930622014,6.20693197433935
2023-01-09 11:00:00,93.3333333333333,263.883333333333,16.1320750690048,6.79100060552694
2023-01-09 12:00:00,92.3,264.116666666667,19.8409007672434,6.38924164707571
2023-01-09 13:00:00,92.3666666666667,264.5,17.6075898590674,4.72187954373656
2023-01-09 14:00:00,91.6166666666667,264.566666666667,8.17025094451793,5.92790371177943
2023-01-09 15:00:00,92.5,264.65,6.85103460080234,5.37601242892915
2023-01-09 16:00:00,93.4166666666667,264.716666666667,5.1528976412726,6.26147231276774
2023-01-09 17:00:00,91.35,264.1,10.5615487098856,9.77939777364773
2023-01-09 18:00:00,91.7,263.7,0.408163312968554,6.36947549166213
2023-01-09 19:00:00,93.3833333333333,263.683333333333,342.31881183918,4.0327620245749
2023-01-09 20:00:00,93.5,263.85,349.735967826972,4.99150141592415
2023-01-09 21:00:00,93.4666666666667,263.883333333333,348.594551841991,6.3581429883128
2023-01-09 22:00:00,93.5,263.933333333333,353.648995889223,5.98327815727013
2023-01-09 23:00:00,93.4666666666667,263.883333333333,352.320758891603,6.25800376540729
2023-01-10 00:00:00,93.3833333333333,263.766666666667,349.45030480433,4.76917326356552
2023-01-10 01:00:00,93.3833333333333,263.766666666667,347.325233308167,4.61955662531769
2023-01-10 02:00:00,93.3833333333333,263.766666666667,342.792870537893,2.92230015414157
2023-01-10 03:00:00,93.45,263.866666666667,345.221512302641,2.79631932937394
2023-01-10 04:00:00,93.6666666666667,264.116666666667,329.294289383097,3.95003869873707
2023-01-10 05:00:00,93.6666666666667,264.1,325.372255770842,5.88102642624285
2023-01-10 06:00:00,93.4333333333333,263.833333333333,317.316992795638,7.59557347094431
2023-01-10 07:00:00,93.35,263.766666666667,333.796699340741,6.00477154351785
2023-01-10 08:00:00,92.9833333333333,263.433333333333,340.637881829376,3.83875415514308
2023-01-10 09:00:00,92.6666666666667,263.15,345.670982919848,2.98376489301861
2023-01-10 10:00:00,92.7333333333333,263.2,348.973015786669,2.28766984435949
2023-01-10 11:00:00,92.7,263.233333333333,4.10253712034341,2.33334977851447
2023-01-10 12:00:00,92.9833333333333,263.533333333333,2.52447810331864,2.33081160766006
2023-01-10 13:00:00,93.1,263.6,355.147921886464,2.35594315706708
2023-01-10 14:00:00,93.8833333333333,264.4,8.17789189605492,2.27478273687056
2023-01-10 15:00:00,92.5333333333334,263.283333333333,19.6441484621413,2.15801466055817
2023-01-10 16:00:00,92.6833333333333,263.566666666667,34.0391722178704,1.84944654354812
2023-01-10 17:00:00,91.15,262.133333333333,44.938703298858,1.50152107078599
2023-01-10 18:00:00,90.5666666666667,261.45,36.5871687171482,1.81696452813862
2023-01-10 19:00:00,90.3666666666667,261.55,29.2805824340172,1.92636093398471
2023-01-10 20:00:00,88.0333333333334,262.216666666667,20.6303644061489,3.43145937916337
2023-01-10 21:00:00,85.35,262.933333333333,29.6020315185264,4.86806600604197
2023-01-10 22:00:00,80.5833333333333,264.1,30.6949107775196,4.16905133346922
2023-01-10 23:00:00,75.1333333333334,265.2,20.6314335670531,4.70786223421676
2023-01-11 00:00:00,81.95,267.05,41.0780278786474,4.42202394692179
2023-01-11 01:00:00,95.8,269.1,16.8995723210724,5.30372865421664
2023-01-11 02:00:00,99.55,269.633333333333,15.2287540526037,5.34279552026812
2023-01-11 03:00:00,99.9833333333333,269.933333333333,15.5832825586537,6.26911577504637
2023-01-11 04:00:00,99.9666666666667,269.816666666667,12.4296238255355,4.29554178233269
2023-01-11 05:00:00,99.7666666666667,269.6,11.3448825697641,3.23163600134654
2023-01-11 06:00:00,95.95,270.166666666667,32.619955691508,5.07017153016759
2023-01-11 07:00:00,89.6666666666667,270.583333333333,19.6374922075276,4.41456494060358
2023-01-11 08:00:00,84.25,270.65,31.4294233915928,4.19614927512115
2023-01-11 09:00:00,84.2333333333333,270.466666666667,11.9910312076086,3.76373508377577
2023-01-11 10:00:00,85.5666666666667,270.333333333333,13.6088519726697,2.79154159927351
2023-01-11 11:00:00,67.0166666666667,271.65,37.9817979872482,5.70609955470824
2023-01-11 12:00:00,63.3666666666667,272.2,26.9844131395764,4.25364270728241
2023-01-11 13:00:00,58.7666666666667,272.916666666667,36.0167387741501,5.15527278503853
2023-01-11 14:00:00,55.1833333333333,273.083333333333,30.1769855790587,4.51170404282367
2023-01-11 15:00:00,61.2666666666667,272.266666666667,0.260076882257238,4.92432432688
2023-01-11 16:00:00,72.1333333333334,271.766666666667,34.7789595550402,6.00490180492644
2023-01-11 17:00:00,94.9,270.433333333333,24.4816322625783,5.28341363020811
2023-01-11 18:00:00,99.7,269.766666666667,2.75744688868741,5.671874335624
2023-01-11 19:00:00,99.45,269.466666666667,11.4962886694583,8.1233131905036
2023-01-11 20:00:00,98.9666666666667,268.916666666667,355.430006052718,6.85564639545037
2023-01-11 21:00:00,98.6,268.55,17.2438976086601,6.49621420469188
2023-01-11 22:00:00,97.75,267.733333333333,13.361530001055,9.55850732372642
2023-01-11 23:00:00,97.3166666666667,267.5,6.08368676561804,7.50225361302794
2023-01-12 00:00:00,96.7166666666667,267.166666666667,19.6153366314937,9.20770598942396
2023-01-12 01:00:00,95.8,266.583333333333,14.4999742130782,8.01914923737312
2023-01-12 02:00:00,95.3666666666667,266.183333333333,4.17133777719732,5.34022282993002
2023-01-12 03:00:00,92.85,265.45,20.2672714840572,6.59558647329166
2023-01-12 04:00:00,83.0,264.9,34.7314678189564,4.55770210921243
2023-01-12 05:00:00,81.1,264.8,19.7104814439157,4.09027610698999
2023-01-12 06:00:00,72.8666666666667,265.15,42.0300679669048,4.81509075752258
2023-01-12 07:00:00,61.95,266.016666666667,53.6933851220622,4.27549306025706
2023-01-12 08:00:00,44.7833333333333,267.033333333333,37.7605877621833,4.67108687427453
2023-01-12 09:00:00,37.3666666666667,267.8,31.826193147628,5.6693582777354
2023-01-12 10:00:00,37.8333333333333,268.466666666667,39.9972312057294,7.31862863405817
2023-01-12 11:00:00,40.9333333333333,269.383333333333,18.8001841880391,6.78158602943957
2023-01-12 12:00:00,48.2,270.016666666667,29.9728178069861,7.89836051515496
2023-01-12 13:00:00,54.1666666666667,270.5,32.8897097185921,8.25254065080457
2023-01-12 14:00:00,51.8,270.7,31.4688040564887,8.98549212177302
2023-01-12 15:00:00,43.5166666666667,271.0,36.7431866532653,8.3734187591439
2023-01-12 16:00:00,36.5333333333333,271.316666666667,34.7319642791362,8.03453464054409
2023-01-12 17:00:00,32.6166666666667,271.5,31.6956741190668,7.97969261779782
2023-01-12 18:00:00,27.7666666666667,271.783333333333,31.8752136469824,7.29644515289863
2023-01-12 19:00:00,24.2166666666667,272.133333333333,33.288844744772,6.34798781318166
2023-01-12 20:00:00,25.1666666666667,272.3,32.5483033884339,8.91348457098004
2023-01-12 21:00:00,22.9333333333333,272.483333333333,27.9397787829824,8.02309178209224
2023-01-12 22:00:00,21.0666666666667,272.783333333333,31.4909872168864,8.64675153532094
2023-01-12 23:00:00,21.5166666666667,272.9,22.4487268590341,7.48480746759472
2023-01-13 00:00:00,24.0666666666667,273.133333333333,24.7976124613938,6.3755850502685
2023-01-13 01:00:00,26.6166666666667,272.8,28.3844266304171,5.42923571721384
2023-01-13 02:00:00,28.7166666666667,272.333333333333,28.8519602591144,5.56708237819411
2023-01-13 03:00:00,38.4,270.75,17.3974201825902,3.79042952691969
2023-01-13 04:00:00,38.2166666666667,271.45,20.007484309118,5.51837182135224
2023-01-13 05:00:00,55.2666666666667,268.966666666667,10.427629537476,4.56681697550976
2023-01-13 06:00:00,58.1833333333333,268.816666666667,36.1027909731708,3.95039686595498
2023-01-13 07:00:00,48.9166666666667,270.5,34.9826534479435,5.81551136428496
2023-01-13 08:00:00,49.4333333333333,270.883333333333,42.5245580670598,7.03057927513747
2023-01-13 09:00:00,62.7,270.55,26.7981640916655,6.95644739982652
2023-01-13 10:00:00,68.9833333333333,270.35,25.7842689101744,5.5820447122791
2023-01-13 11:00:00,65.8833333333334,270.666666666667,28.9925189867264,6.87006591984624
2023-01-13 12:00:00,58.4666666666667,271.416666666667,27.7880762895478,9.71198537678113
2023-01-13 13:00:00,73.0833333333333,270.383333333333,356.115997143623,7.71826550191361
2023-01-13 14:00:00,82.6333333333333,269.716666666667,13.302489529947,9.016339698831
2023-01-13 15:00:00,92.85,268.916666666667,7.80582731405059,8.62990100214016
2023-01-13 16:00:00,97.1666666666667,268.383333333333,23.0284523660325,7.80925703017438
2023-01-13 17:00:00,97.5833333333333,267.95,356.783756606633,9.2231170690373
2023-01-13 18:00:00,96.7333333333333,267.066666666667,358.416446514163,10.0214921075151
2023-01-13 19:00:00,89.7833333333334,266.5,17.6584764548362,10.6311217933342
2023-01-13 20:00:00,95.0,266.25,12.7552991027445,5.6203378705978
2023-01-13 21:00:00,95.65,266.166666666667,23.7097974433249,8.87101794711232
2023-01-13 22:00:00,95.5,265.966666666667,7.59260684552282,9.05551645469133
2023-01-13 23:00:00,92.3333333333333,264.866666666667,18.8315785249898,10.8468484372888
2023-01-14 00:00:00,93.2666666666667,264.95,19.1243749708212,10.9092054970383
2023-01-14 01:00:00,94.0333333333333,264.733333333333,18.9072481653801,6.51459668265273
2023-01-14 02:00:00,94.2833333333333,264.783333333333,26.8085125684039,8.0494727856778
2023-01-14 03:00:00,89.9333333333333,264.85,25.9482009913435,10.8179083292801
2023-01-14 04:00:00,87.4666666666667,264.766666666667,23.0886882111664,9.45662065581026
2023-01-14 05:00:00,85.45,265.033333333333,27.5348692585869,10.4493560585568
2023-01-14 06:00:00,82.3666666666667,264.85,37.4413944480672,5.41192949979627
2023-01-14 07:00:00,72.7333333333333,264.966666666667,47.9678458189895,6.0955137121904
2023-01-14 08:00:00,56.0833333333333,265.783333333333,35.7325417490231,5.61486831443644
2023-01-14 09:00:00,47.55,267.166666666667,37.4608346748476,3.87829825117136
2023-01-14 10:00:00,43.7333333333333,268.25,53.7701339839139,3.84481195458129
2023-01-14 11:00:00,34.5666666666667,269.433333333333,46.3519619101373,6.08906074866525
2023-01-14 12:00:00,43.4666666666667,271.016666666667,36.3045704553742,6.09983855061444
2023-01-14 13:00:00,41.6333333333333,272.0,33.2171949977846,6.91830950928404
2023-01-14 14:00:00,37.5833333333333,272.466666666667,35.7620443841431,6.52522645934227
2023-01-14 15:00:00,38.8833333333333,272.333333333333,45.2090845247813,6.67605875861071
2023-01-14 16:00:00,37.15,272.333333333333,47.0100715917346,5.88186280388693
2023-01-14 17:00:00,36.15,272.366666666667,33.99230176598,7.92372661096539
2023-01-14 18:00:00,38.45,272.466666666667,56.8240036359156,8.69370269034196
2023-01-14 19:00:00,38.1166666666667,272.65,52.8714618463186,9.19606621434234
2023-01-14 20:00:00,36.9666666666667,272.583333333333,46.7718125014364,9.56284940281976
2023-01-14 21:00:00,38.2666666666667,272.433333333333,37.2977362664018,8.6780821954928
2023-01-14 22:00:00,42.45,272.666666666667,50.6657362682708,8.53702424171575
2023-01-14 23:00:00,44.0666666666667,272.833333333333,49.4327131839106,8.3774158507262
2023-01-15 00:00:00,58.6666666666667,272.5,45.389608102874,8.57834621319741
2023-01-15 01:00:00,83.6666666666667,270.833333333333,25.0048266981553,2.74977077987928
2023-01-15 02:00:00,99.45,270.666666666667,23.2597641240055,2.02312240001589
2023-01-15 03:00:00,93.1333333333333,272.0,25.9024173426752,5.59936218857169
2023-01-15 04:00:00,81.0166666666667,272.95,21.5745976426196,5.06014600781777
2023-01-15 05:00:00,73.55,273.183333333333,19.0661956588673,5.283254403215
2023-01-15 06:00:00,63.5833333333333,274.3,34.5363517307743,6.3071801370917
2023-01-15 07:00:00,67.6,273.3,7.75340397389607,4.25499379403347
2023-01-15 08:00:00,68.6,273.283333333333,39.4542824686,7.69806505837637
2023-01-15 09:00:00,64.5,273.25,13.44938572173,3.95853168463537
2023-01-15 10:00:00,66.8666666666667,272.533333333333,340.633715111005,2.08209565804479
2023-01-15 11:00:00,68.8833333333334,272.25,30.4559854088822,3.78158016348975
2023-01-15 12:00:00,67.9333333333333,272.55,343.45860474438,2.00560218914288
2023-01-15 13:00:00,80.7666666666667,270.733333333333,319.502154408407,2.88100480000584
2023-01-15 14:00:00,98.9666666666667,268.65,346.38136289683,5.39589514223862
2023-01-15 15:00:00,96.2666666666667,266.8,339.81507596231,5.71865960814635
2023-01-15 16:00:00,94.9833333333333,265.516666666667,346.606621854134,3.43297690907925
2023-01-15 17:00:00,94.25,264.75,3.46428586545062,5.52628664693909
2023-01-15 18:00:00,93.3,263.933333333333,11.6277052824189,7.76234010345927
2023-01-15 19:00:00,92.2833333333334,263.05,35.4995503899868,8.55437523875537
2023-01-15 20:00:00,90.65,261.966666666667,41.6746762731709,8.30935184392093
2023-01-15 21:00:00,84.8333333333333,261.416666666667,48.4091826156501,6.08012861956133
2023-01-15 22:00:00,84.2666666666667,261.7,49.8971301459672,5.56285928245394
2023-01-15 23:00:00,64.35,262.683333333333,35.3988174267436,4.6529648792911
2023-01-16 00:00:00,46.2166666666667,263.566666666667,51.033196549846,3.74463427470737
2023-01-16 01:00:00,42.5166666666667,263.833333333333,44.3918541451114,4.27224608303427
2023-01-16 02:00:00,43.05,263.85,33.3292039921739,3.21580389365043
2023-01-16 03:00:00,41.4333333333333,263.933333333333,63.5222167370484,3.32949296370609
2023-01-16 04:00:00,40.25,264.316666666667,57.6878732599589,3.44001154943081
2023-01-16 05:00:00,38.7,264.566666666667,64.1761857636813,2.08644327585673
2023-01-16 06:00:00,39.5333333333333,264.45,76.0977230997779,2.27621271363267
2023-01-16 07:00:00,39.2666666666667,264.516666666667,77.6623141180571,1.89124087934802
2023-01-16 08:00:00,35.6833333333333,264.616666666667,81.6417832010441,2.85693586133554
2023-01-16 09:00:00,32.1333333333333,265.15,88.2326934156659,4.43417804435056
2023-01-16 10:00:00,33.3166666666667,265.0,78.9698742549923,5.04926058105512
2023-01-16 11:00:00,34.05,265.883333333333,77.1571345611778,8.49087580484479
2023-01-16 12:00:00,37.2,265.633333333333,65.041164787106,7.01916166708539
2023-01-16 13:00:00,42.3666666666667,265.4,65.251135700345,10.1390848165179
2023-01-16 14:00:00,47.6166666666667,265.383333333333,65.9410359512683,9.44383161992759
2023-01-16 15:00:00,58.5666666666667,264.916666666667,55.0277687802051,6.16724591044192
2023-01-16 16:00:00,61.1666666666667,264.983333333333,52.0781596208171,4.75469722344452
2023-01-16 17:00:00,61.0,265.333333333333,53.0709471128706,8.62333225351589
2023-01-16 18:00:00,61.6166666666667,265.133333333333,42.5693791871663,6.60713913442733
2023-01-16 19:00:00,64.05,264.816666666667,52.6035325659902,7.06560996325464
2023-01-16 20:00:00,58.65,264.75,52.9799524975946,7.86964497802129
2023-01-16 21:00:00,58.3,264.283333333333,47.7080940485437,6.18552536209973
2023-01-16 22:00:00,63.3,263.85,30.7040607894827,5.63835312018093
2023-01-16 23:00:00,73.7333333333333,263.233333333333,41.104249110018,5.88447946062502
2023-01-17 00:00:00,69.8333333333333,263.1,31.9767200432965,4.9094170027262
2023-01-17 01:00:00,89.0333333333333,262.133333333333,349.997785889545,2.88757973006225
2023-01-17 02:00:00,78.6333333333333,262.416666666667,58.2007215222085,6.62355334746921
2023-01-17 03:00:00,68.3166666666667,262.666666666667,51.9471763534426,5.87337664748915
2023-01-17 04:00:00,67.9166666666667,262.55,54.6206835967069,5.99412696426083
2023-01-17 05:00:00,53.7,262.883333333333,63.3825063088959,6.08763301624688
2023-01-17 06:00:00,53.8166666666667,262.583333333333,67.102983531186,3.46984452645844
2023-01-17 07:00:00,53.7666666666667,262.316666666667,96.2631225709926,2.12767363112023
2023-01-17 08:00:00,59.6833333333333,261.966666666667,107.328846051182,1.14551519103866
2023-01-17 09:00:00,54.5333333333333,262.416666666667,101.475992610166,1.16861825412267
2023-01-17 10:00:00,56.05,262.833333333333,88.6719310035542,2.71716779769721
2023-01-17 11:00:00,57.0333333333333,263.15,90.1251093579821,2.51700626656036
2023-01-17 12:00:00,63.4166666666667,263.133333333333,86.2641792304206,2.04505027989457
2023-01-17 13:00:00,83.1333333333333,262.466666666667,82.0666708510415,2.20665185737857
2023-01-17 14:00:00,76.15,263.216666666667,65.7591303218679,3.01309460614349
2023-01-17 15:00:00,76.1,263.55,66.1402723060271,2.83425294464509
2023-01-17 16:00:00,75.3666666666667,263.666666666667,70.3563830062424,2.3658362401549
2023-01-17 17:00:00,80.1,263.066666666667,332.655238020592,0.193867851668291
2023-01-17 18:00:00,85.6333333333333,263.283333333333,11.2728851228172,1.44982882661869
2023-01-17 19:00:00,83.85,263.75,41.800458705093,2.60816963236724
2023-01-17 20:00:00,86.5666666666667,263.516666666667,356.234659221294,4.53022092528219
2023-01-17 21:00:00,79.7,263.5,28.5533945453844,3.24924777461354
2023-01-17 22:00:00,79.4833333333333,263.2,25.4149631503747,2.32090009221526
2023-01-17 23:00:00,86.1666666666667,262.566666666667,352.466214894191,1.28871966206059
2023-01-18 00:00:00,81.2333333333333,262.75,16.0652712682301,0.962688196849143
2023-01-18 01:00:00,79.1166666666667,262.75,23.5192822335392,2.02050647199944
2023-01-18 02:00:00,83.8,262.316666666667,347.838726759123,1.76826972563609
2023-01-18 03:00:00,93.5833333333333,261.6,17.7759655459574,2.81695011617122
2023-01-18 04:00:00,90.9166666666667,261.533333333333,35.3778408165437,1.78179750782546
2023-01-18 05:00:00,84.0333333333333,261.516666666667,66.5754952932892,1.92748422465051
2023-01-18 06:00:00,79.3333333333333,261.416666666667,40.3992039105882,1.16188494827073
2023-01-18 07:00:00,79.0166666666667,261.683333333333,38.360714287104,3.01758667594869
2023-01-18 08:00:00,85.0666666666667,261.533333333333,7.59705741057178,2.87702896052229
2023-01-18 09:00:00,84.85,261.583333333333,16.0933662915618,2.99982527108224
2023-01-18 10:00:00,86.85,261.583333333333,29.8669393672267,4.35255525763492
2023-01-18 11:00:00,85.5,261.516666666667,30.0100802011423,5.07470239797945
2023-01-18 12:00:00,75.7,262.033333333333,37.9933351018076,4.28152425820833
2023-01-18 13:00:00,66.65,264.1,21.0928147153408,3.0956590603915
2023-01-18 14:00:00,60.6833333333333,264.116666666667,16.0119290810472,3.55360446188074
2023-01-18 15:00:00,63.6666666666667,264.166666666667,20.8333528205167,2.86674277280843
2023-01-18 16:00:00,69.1333333333333,263.116666666667,15.3926198333131,2.59781271676237
2023-01-18 17:00:00,91.6833333333333,261.566666666667,3.42335539922163,1.81337701070674
2023-01-18 18:00:00,89.9666666666667,261.2,349.542363846765,0.937907012485722
2023-01-18 19:00:00,90.1166666666667,260.75,342.591360085423,2.40485944486748
2023-01-18 20:00:00,88.7666666666667,260.35,343.613157556428,3.56907679406558
2023-01-18 21:00:00,88.0833333333333,259.883333333333,356.566519547474,3.80686026409165
2023-01-18 22:00:00,87.8833333333333,259.716666666667,8.5259201699451,2.00694592394997
2023-01-18 23:00:00,87.4833333333333,259.35,16.7261858283365,2.80212056003056
2023-01-19 00:00:00,87.0833333333333,258.966666666667,14.0167624677755,3.11902408619205
2023-01-19 01:00:00,86.7166666666667,258.683333333333,13.7666660504285,2.63344230021554
2023-01-19 02:00:00,86.25,258.266666666667,16.7188404472323,2.85422345790989
2023-01-19 03:00:00,85.9,257.933333333333,29.9341872752892,3.11470036529627
2023-01-19 04:00:00,85.2666666666667,257.333333333333,22.6245754455223,3.15144425888183
2023-01-19 05:00:00,84.65,256.766666666667,13.4646993861195,2.65951768490542
2023-01-19 06:00:00,84.3833333333333,256.516666666667,18.9700524747997,2.14546143639351
2023-01-19 07:00:00,84.2166666666667,256.35,33.7326163065567,2.18140416870221
2023-01-19 08:00:00,84.25,256.35,29.4773309496542,2.1456814661073
2023-01-19 09:00:00,84.4666666666667,256.583333333333,24.3883449216984,1.56787091617306
2023-01-19 10:00:00,85.45,257.6,17.8858019686227,1.47931655928048
2023-01-19 11:00:00,86.65,258.9,41.8427866707682,0.86659319090856
2023-01-19 12:00:00,85.8666666666667,258.366666666667,105.332032852667,0.613620653074631
2023-01-19 13:00:00,86.2,258.45,112.885799444281,0.473867466428625
2023-01-19 14:00:00,87.4333333333333,259.8,1.1190292371416,0.404111677500016
2023-01-19 15:00:00,84.9666666666667,257.666666666667,152.236507745907,1.20961755340389
2023-01-19 16:00:00,84.0666666666667,256.483333333333,169.135533331112,1.66697018691702
2023-01-19 17:00:00,83.85,256.2,152.521813551041,2.47806164508742
2023-01-19 18:00:00,83.3833333333334,255.966666666667,156.397038420342,2.00072199889814
2023-01-19 19:00:00,83.3333333333333,255.933333333333,181.216010368882,1.52859176065233
2023-01-19 20:00:00,83.2666666666667,255.6,38.4951431868813,0.315964095309542
2023-01-19 21:00:00,83.4833333333333,255.766666666667,135.801734864575,0.226783952647987
2023-01-19 22:00:00,83.7333333333333,256.066666666667,177.33541215881,0.200190987387982
2023-01-19 23:00:00,83.8,255.95,59.6030878494457,0.527831492671365
2023-01-20 00:00:00,83.7,255.9,117.33698668862,0.224592627959691
2023-01-20 01:00:00,83.3833333333333,255.583333333333,24.707406671573,0.360699595676605
2023-01-20 02:00:00,83.3,255.266666666667,253.029515230653,1.68862843709468
2023-01-20 03:00:00,83.2666666666667,255.35,239.411344939802,1.58723233543855
2023-01-20 04:00:00,82.8833333333333,255.1,291.674643567306,0.576255650756104
2023-01-20 05:00:00,83.0666666666667,255.2,27.2619327952975,1.18898328136889
2023-01-20 06:00:00,83.1333333333333,255.316666666667,143.163046196988,0.0568337730660034
2023-01-20 07:00:00,83.65,255.85,29.3491412142615,0.792338454887011
2023-01-20 08:00:00,83.1333333333333,255.316666666667,153.084888128852,0.696145326850033
2023-01-20 09:00:00,83.3833333333333,255.6,169.811253739309,1.46646563062772
2023-01-20 10:00:00,83.3833333333334,255.816666666667,178.678947349935,2.27709763914277
2023-01-20 11:00:00,83.8333333333333,256.316666666667,191.388795013321,2.51549361195057
2023-01-20 12:00:00,84.3166666666667,257.016666666667,163.397419632003,2.64196583870724
2023-01-20 13:00:00,84.5333333333333,257.266666666667,201.369232189133,3.13136657279666
2023-01-20 14:00:00,84.7666666666667,257.35,197.088436241036,3.33532469987929
2023-01-20 15:00:00,85.6,258.033333333333,233.205866652921,1.30443629377991
2023-01-20 16:00:00,86.6666666666667,259.0,317.023409872478,1.14938360395273
2023-01-20 17:00:00,85.4,257.683333333333,285.052482734602,0.357537749745473
2023-01-20 18:00:00,84.8166666666667,256.95,233.03512379208,1.29126549988325
2023-01-20 19:00:00,84.8833333333334,257.016666666667,211.256638610672,1.84126616202792
2023-01-20 20:00:00,85.0666666666667,257.166666666667,196.483614605386,3.31267461558395
2023-01-20 21:00:00,85.1,257.216666666667,191.041427525024,3.79704779071089
2023-01-20 22:00:00,85.1333333333333,257.283333333333,197.77443287198,4.00371024262457
2023-01-20 23:00:00,85.2,257.35,192.299256894223,3.27666088974741
2023-01-21 00:00:00,85.2833333333333,257.433333333333,203.872629889432,4.10905143248245
2023-01-21 01:00:00,85.2,257.383333333333,203.214125185271,4.34182359479145
2023-01-21 02:00:00,85.2,257.35,195.643304911647,4.65823820790911
2023-01-21 03:00:00,85.2166666666667,257.35,201.773881071354,4.97123974559177
2023-01-21 04:00:00,85.2166666666667,257.366666666667,197.751716308119,5.44594569790169
2023-01-21 05:00:00,85.1,257.25,200.393680992904,5.35618462805939
2023-01-21 06:00:00,85.1333333333333,257.283333333333,198.246680256204,5.96678344077158
2023-01-21 07:00:00,85.2,257.333333333333,194.118440238343,7.59412465797917
2023-01-21 08:00:00,85.2333333333333,257.366666666667,195.215206998636,7.21073486590394
2023-01-21 09:00:00,85.3,257.466666666667,189.20444775334,7.22455983512675
2023-01-21 10:00:00,85.3,257.55,194.802684737546,8.21703573711769
2023-01-21 11:00:00,85.2666666666667,257.583333333333,176.13652771788,5.78648471681571
2023-01-21 12:00:00,85.4833333333333,257.883333333333,177.788309818701,7.11940136643053
2023-01-21 13:00:00,85.6666666666667,258.066666666667,194.450679920006,7.10921632665018
2023-01-21 14:00:00,85.8,258.216666666667,193.468339694792,6.33098758814953
2023-01-21 15:00:00,85.95,258.25,191.538836431826,4.92117268953422
2023-01-21 16:00:00,86.0333333333333,258.25,178.891812530739,4.12755690776165
2023-01-21 17:00:00,85.8833333333333,258.033333333333,179.759907472282,3.0977550045602
2023-01-21 18:00:00,85.8166666666667,257.9,181.374011216833,3.47172175274879
2023-01-21 19:00:00,85.7166666666667,257.85,180.386149180713,3.1897658957499
2023-01-21 20:00:00,85.3833333333333,257.483333333333,183.512218302822,3.1334308964595
2023-01-21 21:00:00,85.5666666666667,257.683333333333,180.188065845876,2.69492545289991
2023-01-21 22:00:00,85.5166666666667,257.65,195.435908957967,2.1344336148814
2023-01-21 23:00:00,85.35,257.5,187.209690921688,1.27451615778262
2023-01-22 00:00:00,85.3,257.45,187.428498002718,0.430552058390717
2023-01-22 01:00:00,85.3166666666667,257.433333333333,194.278237095806,0.595774534928649
2023-01-22 02:00:00,85.4,257.533333333333,180.20272648156,1.47337823028109
2023-01-22 03:00:00,85.0666666666667,257.233333333333,201.24351500652,1.89828864951149
2023-01-22 04:00:00,84.7333333333333,256.866666666667,201.319959021169,1.14302599555019
2023-01-22 05:00:00,84.7166666666667,256.866666666667,203.649581312922,1.05730739900732
2023-01-22 06:00:00,84.8833333333334,257.016666666667,185.044076737183,2.11366131975941
2023-01-22 07:00:00,84.6,256.833333333333,199.274149527591,2.30130146986762
2023-01-22 08:00:00,84.4666666666667,256.583333333333,211.851263528796,1.34076364453846
2023-01-22 09:00:00,84.75,256.95,199.145399094405,0.62266349792923
2023-01-22 10:00:00,88.9166666666667,260.933333333333,145.437348531632,0.132603431730423
2023-01-22 11:00:00,93.5,266.2,349.277017006875,0.58497305738324
2023-01-22 12:00:00,94.3833333333333,266.95,166.554022358329,0.381746582189048
2023-01-22 13:00:00,92.8166666666667,264.95,163.530807913519,0.658817493159412
2023-01-22 14:00:00,87.2166666666667,259.983333333333,183.886297515273,1.21896493361024
2023-01-22 15:00:00,88.35,260.666666666667,203.618029702417,1.56876290688221
2023-01-22 16:00:00,87.7833333333333,259.883333333333,215.188776761292,1.71037042724677
2023-01-22 17:00:00,87.1666666666667,259.183333333333,233.115037645863,1.05525453120324
2023-01-22 18:00:00,86.0,257.933333333333,236.594397158261,1.40260529750281
2023-01-22 19:00:00,85.85,257.65,249.18397605306,1.41313543693282
2023-01-22 20:00:00,85.7666666666667,257.583333333333,231.754858505262,1.88016345865703
2023-01-22 21:00:00,85.8833333333334,257.733333333333,233.859195847061,2.21008416354144
2023-01-22 22:00:00,85.8666666666667,257.733333333333,230.039642549268,2.50266946553789
2023-01-22 23:00:00,85.8333333333333,257.716666666667,247.04692754125,2.1380533222885
2023-01-23 00:00:00,85.8,257.716666666667,224.582696432426,1.306931252716
2023-01-23 01:00:00,85.8833333333333,257.733333333333,222.198423182646,0.910068807441469
2023-01-23 02:00:00,86.9,258.833333333333,213.295543844136,1.1471520025735
2023-01-23 03:00:00,85.8166666666667,257.816666666667,226.470816507647,0.6367639556413
2023-01-23 04:00:00,87.1166666666667,258.816666666667,187.492361479291,0.858073015733527
2023-01-23 05:00:00,87.5833333333333,259.366666666667,193.166015700651,0.971097039607297
2023-01-23 06:00:00,88.8833333333333,260.416666666667,184.775187561329,1.93272640531804
2023-01-23 07:00:00,90.0333333333334,261.5,173.55228909607,3.04193817544702
2023-01-23 08:00:00,90.9833333333333,262.333333333333,148.765828152501,3.3861999591864
2023-01-23 09:00:00,92.6166666666667,263.75,118.390600151659,3.94030622559381
2023-01-23 10:00:00,92.7166666666667,264.633333333333,122.380005632238,5.35549786548008
2023-01-23 11:00:00,87.75,264.533333333333,140.174539210778,5.28834978162141
2023-01-23 12:00:00,83.2166666666667,264.8,131.442359367508,5.79377394590602
2023-01-23 13:00:00,76.2666666666667,265.616666666667,131.498113783861,5.05818553038171
2023-01-23 14:00:00,68.3,266.85,116.702326968248,4.23955340377387
2023-01-23 15:00:00,64.2,267.35,118.171987419661,4.59674538476145
2023-01-23 16:00:00,63.8666666666667,267.566666666667,125.482087918086,4.04077408680094
2023-01-23 17:00:00,67.6833333333333,267.116666666667,124.346835157135,4.03528444759043
2023-01-23 18:00:00,75.1166666666667,266.283333333333,125.577069351935,3.78599593355104
2023-01-23 19:00:00,75.25,266.3,119.763463813963,3.73506101624044
2023-01-23 20:00:00,73.5333333333333,266.533333333333,114.355976111134,3.60634005316333
2023-01-23 21:00:00,70.4,267.0,118.480212142262,3.75792295499222
2023-01-23 22:00:00,59.9166666666667,268.016666666667,121.660107144524,4.2042719209401
2023-01-23 23:00:00,58.6833333333333,267.85,116.605646761742,4.01227960398237
2023-01-24 00:00:00,63.0833333333333,267.15,125.542145905965,3.42355835962437
2023-01-24 01:00:00,62.2,266.983333333333,124.131905321864,3.19144915955582
2023-01-24 02:00:00,63.0,266.883333333333,91.060147166698,1.43194827214739
2023-01-24 03:00:00,64.85,266.6,103.231134606735,1.08602976758137
2023-01-24 04:00:00,64.1833333333333,266.566666666667,117.374060864648,0.948025891662541
2023-01-24 05:00:00,65.6666666666667,266.25,163.539200244748,1.17684421938199
2023-01-24 06:00:00,65.1333333333333,266.3,184.594242659145,1.05293755487668
2023-01-24 07:00:00,61.0166666666667,266.616666666667,150.924319151715,1.72720677105778
2023-01-24 08:00:00,58.6666666666667,266.55,156.343853075719,2.05222135917234
2023-01-24 09:00:00,58.15,266.733333333333,162.955633385912,1.06386989023334
2023-01-24 10:00:00,58.2333333333333,266.95,150.451266296871,0.505658406602297
2023-01-24 11:00:00,57.4166666666667,267.733333333333,118.716148005296,1.67133183130843
2023-01-24 12:00:00,55.7833333333333,268.416666666667,129.413412810585,1.63336145200641
2023-01-24 13:00:00,57.8833333333334,268.2,124.520343872268,2.33157253577394
2023-01-24 14:00:00,56.5333333333333,268.8,122.707417595201,1.97536025196923
2023-01-24 15:00:00,54.95,269.366666666667,130.65636525914,1.20147336988757
2023-01-24 16:00:00,54.0333333333333,269.733333333333,156.136197844561,0.583976669545441
2023-01-24 17:00:00,61.6833333333333,268.6,37.1450319631379,0.11039294321773
2023-01-24 18:00:00,65.8666666666667,267.916666666667,162.779885841794,0.567214870969374
2023-01-24 19:00:00,66.25,267.933333333333,169.613601930902,1.53058646029589
2023-01-24 20:00:00,66.85,268.15,157.86268340396,2.26132607135359
2023-01-24 21:00:00,64.5,268.383333333333,172.998703796605,1.69169230783863
2023-01-24 22:00:00,60.9333333333333,268.866666666667,156.87624333855,2.39005658559419
2023-01-24 23:00:00,57.8,269.116666666667,157.303080869282,1.86973127629378
2023-01-25 00:00:00,57.3333333333333,268.916666666667,128.266292810367,1.6449595151282
2023-01-25 01:00:00,57.5333333333333,268.9,145.683629133799,1.69390157676629
2023-01-25 02:00:00,58.45,268.633333333333,174.562191211206,0.68060615974753
2023-01-25 03:00:00,56.9333333333333,268.8,128.991650685724,1.71918970539536
2023-01-25 04:00:00,55.65,268.75,121.800464581705,2.14086076384669
2023-01-25 05:00:00,51.7,268.85,135.986915695443,1.18994221828388
2023-01-25 06:00:00,44.6666666666667,269.066666666667,123.29754073756,2.24345653874079
2023-01-25 07:00:00,43.6166666666667,269.133333333333,122.766912303786,2.38132380018667
2023-01-25 08:00:00,42.3,269.25,114.119820880316,2.20037625131476
2023-01-25 09:00:00,37.9333333333333,269.566666666667,119.277420887028,3.56755086803746
2023-01-25 10:00:00,33.7333333333333,270.266666666667,131.412635311546,4.13807378588519
2023-01-25 11:00:00,33.3833333333333,270.516666666667,123.782837749734,2.25603272549587
2023-01-25 12:00:00,29.6,270.616666666667,109.865443288059,2.36073586140934
2023-01-25 13:00:00,26.9833333333333,270.266666666667,134.356391773109,2.91574321658685
2023-01-25 14:00:00,26.75,270.666666666667,105.163489248929,1.59771746215196
2023-01-25 15:00:00,27.3833333333333,270.316666666667,117.099143494712,1.9054744899923
2023-01-25 16:00:00,29.5833333333333,269.85,155.084945024142,1.0141011723477
2023-01-25 17:00:00,31.9833333333333,269.2,177.729846610985,0.851951388841928
2023-01-25 18:00:00,30.5333333333333,268.866666666667,92.0477095724808,1.34922577532555
2023-01-25 19:00:00,27.8166666666667,268.95,112.193851815331,1.12255680562293
2023-01-25 20:00:00,27.1333333333333,268.866666666667,232.716502817983,0.192627341403978
2023-01-25 21:00:00,24.6666666666667,268.85,208.873311729713,0.380935167954091
2023-01-25 22:00:00,20.4,269.066666666667,207.449161645482,0.796967980876242
2023-01-25 23:00:00,18.7833333333333,268.983333333333,208.698684231195,2.35402031394232
2023-01-26 00:00:00,24.7,268.266666666667,205.056568101037,3.93433099421126
2023-01-26 01:00:00,26.7666666666667,267.966666666667,198.338433522656,3.57764290981459
2023-01-26 02:00:00,25.8166666666667,267.8,179.814649650925,3.38691348396504
2023-01-26 03:00:00,25.15,268.033333333333,181.19707803894,5.21089482219909
2023-01-26 04:00:00,25.9166666666667,267.766666666667,173.887606108924,4.90743647073743
2023-01-26 05:00:00,28.0666666666667,267.05,167.774289833614,3.51663089594981
2023-01-26 06:00:00,30.6166666666667,266.583333333333,175.34626835913,2.7181432178426
2023-01-26 07:00:00,33.8333333333333,266.066666666667,179.748945849848,3.02657530944431
2023-01-26 08:00:00,36.5166666666667,265.566666666667,177.560116119907,2.15466142554512
2023-01-26 09:00:00,38.8833333333333,265.416666666667,152.559503595489,2.18937598399077
2023-01-26 10:00:00,37.05,266.1,190.082334596481,2.26378545808579
2023-01-26 11:00:00,34.1833333333333,266.816666666667,204.069441264086,1.32646238545694
2023-01-26 12:00:00,36.7666666666667,266.433333333333,209.939739034415,1.59903250908142
2023-01-26 13:00:00,39.4,266.6,237.556748443347,1.23233577346301
2023-01-26 14:00:00,46.1833333333333,265.933333333333,197.749705077847,1.77143521818572
2023-01-26 15:00:00,45.0166666666667,265.95,155.288567704065,1.34067145183052
2023-01-26 16:00:00,44.7166666666667,266.533333333333,199.163864300016,0.310915687403846
2023-01-26 17:00:00,53.7333333333333,264.683333333333,201.663350207249,1.10907132605396
2023-01-26 18:00:00,58.6833333333333,263.933333333333,184.299519053384,1.92672576734291
2023-01-26 19:00:00,59.8333333333333,263.6,190.096942498688,2.66393686394908
2023-01-26 20:00:00,54.2333333333333,263.383333333333,169.246370318214,2.70589092063972
2023-01-26 21:00:00,49.15,263.516666666667,177.954911344098,3.74047091093018
2023-01-26 22:00:00,42.6166666666667,263.933333333333,196.52455842303,3.20735938757012
2023-01-26 23:00:00,42.6666666666667,264.483333333333,175.211314184764,3.77900752796399
2023-01-27 00:00:00,51.6833333333333,264.283333333333,172.128809962373,4.53762445256363
2023-01-27 01:00:00,56.8,264.1,158.39743014835,3.43559623111415
2023-01-27 02:00:00,57.8333333333333,263.9,193.640054915392,3.24448373540865
2023-01-27 03:00:00,55.8833333333333,263.25,217.33424158987,2.27933272411575
2023-01-27 04:00:00,49.85,262.866666666667,218.330334623759,2.00907888969182
2023-01-27 05:00:00,50.1666666666667,262.1,184.911983580911,2.64393577996015
2023-01-27 06:00:00,47.6,261.783333333333,197.449659020666,3.17114740348947
2023-01-27 07:00:00,36.3166666666667,262.05,194.0445356635,3.83440031295153
2023-01-27 08:00:00,30.6833333333333,262.683333333333,174.943913768333,4.17524362457125
2023-01-27 09:00:00,34.4333333333333,262.05,168.196429703204,4.80443967817621
2023-01-27 10:00:00,29.15,262.633333333333,169.872827640674,4.33443690342054
2023-01-27 11:00:00,49.95,261.316666666667,200.729958548721,3.40094910959079
2023-01-27 12:00:00,50.2666666666667,261.8,190.947688399684,3.51266910943144
2023-01-27 13:00:00,51.3,261.616666666667,197.476517893325,3.34365496066346
2023-01-27 14:00:00,53.2,262.066666666667,197.438023879423,2.73054179647071
2023-01-27 15:00:00,65.3333333333333,261.533333333333,206.40890207113,3.22140302280479
2023-01-27 16:00:00,78.35,260.7,192.840326876897,2.62523547490114
2023-01-27 17:00:00,84.2833333333334,259.683333333333,77.1804052716153,0.650237516517782
2023-01-27 18:00:00,88.85,258.016666666667,213.847259046144,1.22253657053909
2023-01-27 19:00:00,86.0833333333333,257.8,224.532527915388,2.21187307414035
2023-01-27 20:00:00,85.6666666666667,257.716666666667,201.849059474199,2.9001757210319
2023-01-27 21:00:00,85.6666666666667,257.766666666667,203.646325759986,2.74100969504786
2023-01-27 22:00:00,85.5166666666667,257.766666666667,209.899801428577,3.71260719682253
2023-01-27 23:00:00,85.85,258.0,194.973194450737,4.86349330358047
2023-01-28 00:00:00,86.2,258.533333333333,198.117352633218,4.25356526834426
2023-01-28 01:00:00,86.7666666666667,259.133333333333,199.316747224532,4.3058226431619
2023-01-28 02:00:00,86.4666666666667,259.133333333333,181.307700407885,3.53879643729247
2023-01-28 03:00:00,86.5333333333333,258.983333333333,186.942142661255,3.04692529745646
2023-01-28 04:00:00,85.9833333333333,258.133333333333,200.011485070257,2.65968852971897
2023-01-28 05:00:00,85.75,257.8,223.098378717333,2.06296179528674
2023-01-28 06:00:00,85.5,257.616666666667,200.927218536472,0.460083664104588
2023-01-28 07:00:00,85.5666666666667,257.716666666667,229.018466534504,2.10769006720514
2023-01-28 08:00:00,86.15,258.266666666667,221.669393642074,3.5895260647626
2023-01-28 09:00:00,87.6,259.883333333333,192.681334232477,3.75265758078473
2023-01-28 10:00:00,84.2,261.233333333333,166.76572730392,5.19028967107577
2023-01-28 11:00:00,71.0,263.283333333333,141.067274425081,7.14372274441249
2023-01-28 12:00:00,76.15,262.45,151.036069507121,3.51042196224423
2023-01-28 13:00:00,85.2666666666667,260.633333333333,5.27215468077588,0.843706240954695
2023-01-28 14:00:00,87.6,260.983333333333,201.10984498746,1.81830097037727
2023-01-28 15:00:00,87.55,261.433333333333,229.293117056731,0.666084227037859
2023-01-28 16:00:00,83.8333333333334,262.4,44.4976812165744,0.738737850678547
2023-01-28 17:00:00,88.4833333333333,259.816666666667,238.4671587665,2.18634341051632
2023-01-28 18:00:00,87.6666666666667,259.516666666667,245.886754011848,1.4042612674761
2023-01-28 19:00:00,87.4166666666667,259.416666666667,239.987178128519,1.23269234433798
2023-01-28 20:00:00,87.9333333333334,260.166666666667,200.811705687016,2.40344304393538
2023-01-28 21:00:00,88.0333333333334,261.016666666667,201.781498721727,2.46565426475047
2023-01-28 22:00:00,88.2666666666667,260.25,212.727213044271,1.27112438807011
2023-01-28 23:00:00,83.6166666666667,261.05,188.689359451112,0.670876962999826
2023-01-29 00:00:00,80.9166666666667,262.016666666667,179.331602716845,2.07097621222915
2023-01-29 01:00:00,64.7833333333334,263.85,178.811730227761,1.34897324104194
2023-01-29 02:00:00,61.9833333333333,264.616666666667,177.804679433555,1.97731078182539
2023-01-29 03:00:00,57.05,264.966666666667,320.371421858168,0.350404522514345
2023-01-29 04:00:00,53.5,265.25,346.603957681657,0.837016296812622
2023-01-29 05:00:00,49.8166666666667,265.95,150.082837924203,1.24883533957564
2023-01-29 06:00:00,50.4333333333333,265.833333333333,179.307001953233,1.55789433433363
2023-01-29 07:00:00,44.3666666666667,266.266666666667,191.059049113834,2.6504293346065
2023-01-29 08:00:00,41.9333333333333,266.2,186.565390092297,2.39865129689699
2023-01-29 09:00:00,42.0166666666667,266.683333333333,156.829673685166,0.878671161848621
2023-01-29 10:00:00,37.7666666666667,268.75,134.154848993294,0.602111957113694
2023-01-29 11:00:00,34.5,269.316666666667,148.958021136109,1.05685809836595
2023-01-29 12:00:00,34.3,269.183333333333,197.09372884927,2.15165965539392
2023-01-29 13:00:00,43.3666666666667,267.85,204.637933731989,3.3049029122884
2023-01-29 14:00:00,48.5833333333333,267.333333333333,211.059707111952,2.00605172614843
2023-01-29 15:00:00,46.9666666666667,267.933333333333,122.104818196242,0.308296861634887
2023-01-29 16:00:00,40.0333333333333,268.633333333333,30.3981618532533,0.599437399949789
2023-01-29 17:00:00,37.6666666666667,267.983333333333,53.1827752439973,0.534740749057969
2023-01-29 18:00:00,24.8166666666667,268.35,59.2665168067651,0.939290548509317
2023-01-29 19:00:00,25.0166666666667,268.283333333333,107.14272037126,0.462256802231067
2023-01-29 20:00:00,24.4166666666667,268.083333333333,30.7489036143475,1.74147020018741
2023-01-29 21:00:00,14.0666666666667,268.316666666667,46.6940640526458,0.663897298728179
2023-01-29 22:00:00,10.45,268.716666666667,34.9091218776795,1.49356615595207
2023-01-29 23:00:00,18.5333333333333,267.85,11.7180051598524,2.92564896890365
2023-01-30 00:00:00,15.6,267.733333333333,22.6869305059293,2.69623978558409
2023-01-30 01:00:00,10.3,268.0,33.2216902869792,3.11442812859144
2023-01-30 02:00:00,7.48333333333333,268.116666666667,29.3007138235706,2.91214311773079
2023-01-30 03:00:00,8.13333333333334,268.183333333333,24.9367144005443,2.87157273611383
2023-01-30 04:00:00,15.15,268.383333333333,21.0664926975504,3.36513959434298
2023-01-30 05:00:00,16.1166666666667,268.083333333333,358.304676489496,4.85348915928529
2023-01-30 06:00:00,13.55,267.516666666667,358.491445339417,5.63872551268079
2023-01-30 07:00:00,18.3666666666667,267.233333333333,7.29152087031895,5.58975582849254
2023-01-30 08:00:00,29.8666666666667,267.516666666667,19.8011726493576,4.27882576139994
2023-01-30 09:00:00,27.0,267.233333333333,5.35773391908083,6.29790143196737
2023-01-30 10:00:00,34.6166666666667,267.616666666667,10.5931148452932,5.97970087451589
2023-01-30 11:00:00,42.8666666666667,267.733333333333,27.0669527107386,6.75415582199144
2023-01-30 12:00:00,49.2166666666667,267.833333333333,23.5790432127114,7.79162628329279
2023-01-30 13:00:00,56.9666666666667,267.416666666667,23.6521481375803,9.50167961004429
2023-01-30 14:00:00,51.5,267.6,20.6953786503259,9.80333164193964
2023-01-30 15:00:00,56.2666666666667,267.016666666667,10.1468367106174,10.5583066996007
2023-01-30 16:00:00,65.7,265.85,352.848122397804,10.6932482866493
2023-01-30 17:00:00,81.1833333333333,264.75,6.18450401703149,9.87070801109173
2023-01-30 18:00:00,93.1,264.45,15.0908480684379,9.83116021854156
2023-01-30 19:00:00,93.3666666666667,264.583333333333,3.41893910596951,9.55104481676301
2023-01-30 20:00:00,92.8666666666667,264.0,355.00296571402,8.37752951589307
2023-01-30 21:00:00,92.3666666666667,263.5,342.45532792314,7.64297290671453
2023-01-30 22:00:00,91.5833333333333,262.783333333333,336.580055843916,6.2478701683749
2023-01-30 23:00:00,90.65,262.033333333333,3.27845511531973,7.15639861176817
2023-01-31 00:00:00,90.3833333333333,261.766666666667,352.562751753633,7.90685337581083
2023-01-31 01:00:00,90.45,261.85,5.53874992586407,5.55909652631696
2023-01-31 02:00:00,90.2,261.616666666667,354.199185361257,6.30778290166317
2023-01-31 03:00:00,89.9666666666667,261.416666666667,16.2417148932676,5.79744315496378
2023-01-31 04:00:00,89.7833333333334,261.233333333333,15.8619190024764,6.13592240432189
2023-01-31 05:00:00,89.7166666666667,261.183333333333,10.5348902314506,5.15181258975486
2023-01-31 06:00:00,89.3833333333333,260.95,12.3562094716697,5.30542651971206
2023-01-31 07:00:00,88.9166666666666,260.466666666667,8.22951047333856,4.37969329498049
2023-01-31 08:00:00,88.5833333333333,260.2,19.3513185817605,4.61835600328126
2023-01-31 09:00:00,88.3166666666667,259.966666666667,21.378380689978,3.76490624635593
2023-01-31 10:00:00,89.1,261.333333333333,19.546025435792,4.94466263371574
2023-01-31 11:00:00,89.0333333333333,262.033333333333,17.963453177901,5.47206308754097
2023-01-31 12:00:00,84.05,263.133333333333,12.1272525597324,4.96212986129494
2023-01-31 13:00:00,64.3833333333333,263.816666666667,13.9888645742703,5.3572718145872
2023-01-31 14:00:00,44.6166666666667,264.266666666667,12.8909025995723,5.12770591583854
2023-01-31 15:00:00,28.9,264.516666666667,22.5829300455889,5.81968792156242
2023-01-31 16:00:00,20.35,265.283333333333,19.6190626127998,5.12024185371223
2023-01-31 17:00:00,20.8,265.316666666667,19.3237921429246,5.71794162513696
2023-01-31 18:00:00,36.5333333333333,264.716666666667,16.83347786859,7.28913393690209
2023-01-31 19:00:00,55.3166666666667,264.45,19.4644167580673,8.69971794977883
2023-01-31 20:00:00,71.1,263.783333333333,8.08207464139252,5.30205757535201
2023-01-31 21:00:00,76.8166666666667,263.383333333333,13.8184311361887,4.38084853386546
2023-01-31 22:00:00,80.0666666666667,263.8,33.9624242753675,4.68543830138655
2023-01-31 23:00:00,73.05,264.6,24.9496618168117,4.99327943154891
2023-02-01 00:00:00,78.0333333333333,264.783333333333,24.4955504103717,8.41607621132961
2023-02-01 01:00:00,74.75,265.1,23.9992252382086,7.7945373407365
2023-02-01 02:00:00,75.8666666666667,265.316666666667,21.6254952011843,7.12130000819734
2023-02-01 03:00:00,71.1666666666667,265.766666666667,25.4006129560809,9.31896936661436
2023-02-01 04:00:00,70.4333333333333,265.75,24.9730845493078,10.3518171705706
2023-02-01 05:00:00,65.4333333333333,265.566666666667,11.9060801265687,8.20688180688729
2023-02-01 06:00:00,65.6,265.483333333333,17.9726250978345,9.89058296035696
2023-02-01 07:00:00,68.3333333333333,265.016666666667,2.40322405231188,9.83357640201641
2023-02-01 08:00:00,68.3,264.15,7.03692003295873,13.0489585676653
2023-02-01 09:00:00,86.3833333333333,264.233333333333,16.2623252334173,10.1213239935968
2023-02-01 10:00:00,91.7333333333333,264.283333333333,358.801693377185,7.68154025974724
2023-02-01 11:00:00,92.6333333333333,264.333333333333,358.255618902053,9.20886337951786
2023-02-01 12:00:00,91.8833333333333,264.383333333333,13.478615152223,8.28878219005531
2023-02-01 13:00:00,87.35,264.633333333333,19.701137872858,8.96127370502834
2023-02-01 14:00:00,84.4666666666667,264.516666666667,16.5442104391205,10.6047133717153
2023-02-01 15:00:00,83.4666666666667,264.5,18.7908450997546,9.30407636385624
2023-02-01 16:00:00,83.9333333333333,264.516666666667,23.2328253683252,9.38010481711153
2023-02-01 17:00:00,92.5,264.216666666667,1.99824260652338,5.57098877975969
2023-02-01 18:00:00,92.6333333333333,263.883333333333,8.51705187329583,8.48805683508352
2023-02-01 19:00:00,92.55,263.7,1.3778704361726,10.2076288817375
2023-02-01 20:00:00,92.4833333333333,263.616666666667,12.4109735378306,9.18800229993762
2023-02-01 21:00:00,92.45,263.55,8.31119837905419,9.55623759492313
2023-02-01 22:00:00,92.4166666666667,263.516666666667,355.750983754782,10.5081704321389
2023-02-01 23:00:00,92.3333333333334,263.416666666667,5.99963781022149,10.4394434014124
2023-02-02 00:00:00,92.0833333333333,263.2,5.80839334337304,10.7956869920687
2023-02-02 01:00:00,92.0,263.083333333333,359.39880677941,11.4726809946239
2023-02-02 02:00:00,91.8166666666667,262.95,6.25613140006067,11.1162617811376
2023-02-02 03:00:00,91.8833333333333,263.016666666667,9.33735560845236,9.28592518180916
2023-02-02 04:00:00,91.9,263.05,9.10845905372474,9.18943189118794
2023-02-02 05:00:00,91.9833333333333,263.066666666667,5.02431772015029,9.91893917017273
2023-02-02 06:00:00,92.3166666666667,263.35,359.964112921556,9.60229749413144
2023-02-02 07:00:00,92.5,263.55,353.345570802053,9.59839391904784
2023-02-02 08:00:00,92.5666666666667,263.6,5.28863094816887,7.79129497809554
2023-02-02 09:00:00,92.7166666666667,263.75,2.15240646981988,9.10330864946341
2023-02-02 10:00:00,92.8333333333333,263.983333333333,7.39327286994165,9.31798368282421
2023-02-02 11:00:00,92.9666666666667,264.2,2.97649714598242,9.75360699580024
2023-02-02 12:00:00,92.9833333333333,264.266666666667,0.524337815265881,8.58941843338968
2023-02-02 13:00:00,93.1,264.4,359.162947820566,9.20643439000782
2023-02-02 14:00:00,93.3333333333333,264.533333333333,3.4593648370643,8.4814750882735
2023-02-02 15:00:00,93.5,264.583333333333,357.818386592146,9.49346194708321
2023-02-02 16:00:00,93.5666666666667,264.55,353.509041722733,9.61758908550282
2023-02-02 17:00:00,93.5,264.45,352.96774805173,8.22647371151242
2023-02-02 18:00:00,93.45,264.366666666667,2.29300903847843,7.17769943875086
2023-02-02 19:00:00,93.65,264.533333333333,356.719963708897,6.37303685427382
2023-02-02 20:00:00,93.9,264.783333333333,359.433485829943,7.53303993834751
2023-02-02 21:00:00,94.1833333333333,265.033333333333,357.437712575726,7.08936515747832
2023-02-02 22:00:00,94.35,265.216666666667,3.32900278076079,6.34152504123956
2023-02-02 23:00:00,94.5833333333334,265.4,8.75942487978699,7.43527782980532
2023-02-03 00:00:00,94.65,265.45,16.9850607800058,7.28037286902799
2023-02-03 01:00:00,94.6166666666667,265.366666666667,20.3413354315823,6.2100496028485
2023-02-03 02:00:00,94.5833333333333,265.383333333333,6.17377347076558,4.58221923605775
2023-02-03 03:00:00,94.4666666666667,265.233333333333,12.5947573888569,5.4952424857881
2023-02-03 04:00:00,94.1,264.833333333333,358.625032208462,4.98369781901025
2023-02-03 05:00:00,93.8166666666667,264.55,21.4078359001054,6.81690688277467
2023-02-03 06:00:00,93.7,264.45,19.9143817690021,5.44442122015252
2023-02-03 07:00:00,93.85,264.566666666667,31.3619446553842,4.57010350409151
2023-02-03 08:00:00,93.9,264.683333333333,37.8835113413862,5.67041625333743
2023-02-03 09:00:00,94.1833333333333,265.083333333333,31.6486179594072,7.02233368908053
2023-02-03 10:00:00,94.8666666666667,265.933333333333,19.0919992229267,7.68022873854836
2023-02-03 11:00:00,94.9666666666667,266.533333333333,14.2405522540288,5.27076956899603
2023-02-03 12:00:00,94.4333333333333,266.366666666667,18.2861873150412,6.21664334809451
2023-02-03 13:00:00,93.9666666666667,266.383333333333,19.0165135264493,8.13198096791467
2023-02-03 14:00:00,88.55,266.3,12.9312258434708,10.0669557042071
2023-02-03 15:00:00,68.6166666666667,267.1,12.5597019222352,13.2500418202121
2023-02-03 16:00:00,49.3333333333333,268.4,8.15558530211661,12.3471591616231
2023-02-03 17:00:00,39.5,269.1,13.7508570799745,12.8729972997883
2023-02-03 18:00:00,40.7166666666667,268.9,12.1196091489485,12.5579340141601
2023-02-03 19:00:00,43.6666666666667,268.583333333333,1.91528416059907,12.2416006191556
2023-02-03 20:00:00,69.5,267.033333333333,11.2969883439323,10.8364322110426
2023-02-03 21:00:00,92.5333333333334,266.166666666667,19.7657530215539,9.64743433354379
2023-02-03 22:00:00,95.4166666666667,266.3,12.8154574129069,9.8985529915292
2023-02-03 23:00:00,95.8166666666667,266.616666666667,6.98690077687729,9.63837744167526
2023-02-04 00:00:00,96.1833333333333,266.933333333333,356.707119442464,7.64520556271583
2023-02-04 01:00:00,96.4833333333333,267.15,351.152627969895,7.22845938648976
2023-02-04 02:00:00,96.4833333333333,267.133333333333,351.212093578556,5.97549791662572
2023-02-04 03:00:00,96.3833333333334,267.0,353.041023522356,6.81234903956479
2023-02-04 04:00:00,96.35,266.883333333333,354.217987833453,7.66224348702248
2023-02-04 05:00:00,96.4833333333333,267.033333333333,345.488144738764,7.40617165277254
2023-02-04 06:00:00,96.6666666666667,267.216666666667,341.833500486473,5.43467004728629
2023-02-04 07:00:00,96.7166666666667,267.25,351.206339003357,4.70996855973714
2023-02-04 08:00:00,96.8,267.3,348.300514510697,3.74330733691866
2023-02-04 09:00:00,96.7666666666667,267.266666666667,338.468129770384,2.64586966316383
2023-02-04 10:00:00,96.85,267.433333333333,325.227649422566,3.61690499716687
2023-02-04 11:00:00,96.65,267.383333333333,317.392383187746,4.43942882582903
2023-02-04 12:00:00,96.7,267.466666666667,316.511303881542,3.3526370827785
2023-02-04 13:00:00,96.6166666666667,267.4,329.262242468365,3.34051881492485
2023-02-04 14:00:00,96.4833333333334,267.25,343.303005431772,4.88823136015001
2023-02-04 15:00:00,96.3166666666667,267.266666666667,359.459679282208,5.55087785898419
2023-02-04 16:00:00,95.5,266.133333333333,17.3439416050213,4.93388067428353
2023-02-04 17:00:00,95.2333333333333,265.7,17.9093719725366,4.01786058540365
2023-02-04 18:00:00,94.4166666666667,264.8,14.7966649828851,3.43823449892486
2023-02-04 19:00:00,93.8166666666667,264.183333333333,15.0761414102424,4.25132845692206
2023-02-04 20:00:00,93.4166666666667,263.816666666667,25.4271764417843,3.22259158305917
2023-02-04 21:00:00,92.25,262.85,187.762315015123,0.32905874084477
2023-02-04 22:00:00,91.6833333333333,262.466666666667,9.05272420208416,1.55212414698861
2023-02-04 23:00:00,91.5166666666667,262.383333333333,234.368576605104,2.20815871523254
2023-02-05 00:00:00,89.6333333333333,262.733333333333,220.138946128798,1.16635149494473
2023-02-05 01:00:00,85.3333333333333,262.383333333333,25.659537906882,3.13212750101805
2023-02-05 02:00:00,82.8833333333333,262.45,3.72152601344868,1.97919392453894
2023-02-05 03:00:00,78.95,262.4,12.8941325577409,2.63396485214295
2023-02-05 04:00:00,70.4166666666667,262.55,20.735304426802,3.94774368233732
2023-02-05 05:00:00,60.25,262.883333333333,31.6630246290434,3.45518979740142
2023-02-05 06:00:00,49.1833333333333,263.25,29.1863533141313,3.95137298379158
2023-02-05 07:00:00,46.35,263.433333333333,20.2457205866436,4.07623097601475
2023-02-05 08:00:00,42.4666666666667,263.5,21.6460643160082,3.53029258491835
2023-02-05 09:00:00,36.3833333333333,263.783333333333,13.9354474063318,4.65059780616195
2023-02-05 10:00:00,31.2166666666667,265.45,14.732884755509,3.48617594442284
2023-02-05 11:00:00,29.8166666666667,264.666666666667,15.1233816808711,3.68283704559366
2023-02-05 12:00:00,43.4666666666667,263.783333333333,17.338167322293,4.71299200720959
2023-02-05 13:00:00,69.8,263.55,356.886173125364,4.07114995017796
2023-02-05 14:00:00,90.1,262.966666666667,19.0377112832458,3.57000878296981
2023-02-05 15:00:00,89.15,263.216666666667,28.526366685612,2.15750704240102
2023-02-05 16:00:00,87.7833333333333,263.75,24.9210826040195,1.41387039934015
2023-02-05 17:00:00,91.1,263.6,352.133388681288,0.896632689378997
2023-02-05 18:00:00,92.2666666666667,262.8,12.439875866932,1.62090386947515
2023-02-05 19:00:00,91.9333333333333,263.116666666667,65.848472711868,1.27797817322641
2023-02-05 20:00:00,92.0166666666667,263.183333333333,167.710076689367,1.25662582987672
2023-02-05 21:00:00,92.6166666666667,263.166666666667,180.333723193854,4.04085718463799
2023-02-05 22:00:00,92.4166666666667,263.133333333333,202.821866189715,2.06631767319695
2023-02-05 23:00:00,92.2333333333333,263.0,190.677773890997,3.97102853130404
2023-02-06 00:00:00,92.2333333333333,263.016666666667,186.324470099953,3.11924602177513
2023-02-06 01:00:00,92.0666666666667,262.916666666667,174.084651705505,2.97123997850738
2023-02-06 02:00:00,91.8333333333333,262.733333333333,162.935596654399,2.71355760097594
2023-02-06 03:00:00,91.9,262.75,193.736742192526,2.84491470838788
2023-02-06 04:00:00,91.7166666666667,262.65,193.931147203329,1.83189408263269
2023-02-06 05:00:00,91.65,262.616666666667,194.317243153346,1.36211756495456
2023-02-06 06:00:00,90.6833333333333,261.833333333333,152.015844699316,1.26123555852327
2023-02-06 07:00:00,90.1833333333333,261.266666666667,165.053865004923,1.38514632077506
2023-02-06 08:00:00,89.9166666666667,261.1,143.345143669997,0.383746716734513
2023-02-06 09:00:00,89.7333333333333,261.216666666667,149.194105917351,0.967449050600631
2023-02-06 10:00:00,57.85,263.016666666667,189.101992196953,2.60891320193639
2023-02-06 11:00:00,36.2166666666667,263.416666666667,192.979819014734,3.15855953149101
2023-02-06 12:00:00,36.1166666666667,264.033333333333,112.470440291926,0.800991095515884
2023-02-06 13:00:00,37.9833333333333,264.166666666667,218.02442408046,1.21686619744136
2023-02-06 14:00:00,72.15,262.15,214.171766177795,3.18736327440768
2023-02-06 15:00:00,71.35,262.483333333333,194.65142497852,2.68974405377908
2023-02-06 16:00:00,65.5666666666667,262.533333333333,178.276249516479,2.2361712097411
2023-02-06 17:00:00,74.9833333333333,261.883333333333,325.430921338463,0.958741703469181
2023-02-06 18:00:00,91.9833333333333,261.066666666667,349.150670968294,3.22755714891904
2023-02-06 19:00:00,89.95,260.783333333333,346.479735888061,3.24140121179451
2023-02-06 20:00:00,89.2833333333333,260.5,199.103685747334,1.91312279671384
2023-02-06 21:00:00,88.1166666666667,259.616666666667,195.153374295866,3.24982843605583
2023-02-06 22:00:00,87.7333333333333,259.35,203.398677368061,2.84077168693861
2023-02-06 23:00:00,87.15,258.85,180.153669483312,2.44500665877298
2023-02-07 00:00:00,86.85,258.6,123.494733305577,2.53079082306132
2023-02-07 01:00:00,86.7833333333333,258.833333333333,115.583435816604,2.16005878839493
2023-02-07 02:00:00,86.25,258.516666666667,108.336392796782,1.98590037841228
2023-02-07 03:00:00,85.65,258.5,99.7920233533764,1.82549587150623
2023-02-07 04:00:00,84.9333333333334,258.566666666667,143.549305276581,0.732265316133757
2023-02-07 05:00:00,82.2166666666667,259.033333333333,166.500583346266,0.569675443374499
2023-02-07 06:00:00,71.4,259.966666666667,139.90078794715,0.766426360174602
2023-02-07 07:00:00,51.6333333333333,261.45,115.086172100525,1.39883989005533
2023-02-07 08:00:00,37.7666666666667,262.433333333333,119.408896424935,1.84971075822075
2023-02-07 09:00:00,34.55,262.983333333333,123.550405045991,1.76565073248274
2023-02-07 10:00:00,28.1,264.7,28.5408525930735,0.906266113233446
2023-02-07 11:00:00,25.3166666666667,265.633333333333,68.8005464821288,1.52182691818557
2023-02-07 12:00:00,18.6166666666667,268.866666666667,19.3569775835114,0.503249280152682
2023-02-07 13:00:00,19.7666666666667,267.666666666667,253.783715299985,0.34105750539216
2023-02-07 14:00:00,25.8833333333333,265.533333333333,160.489571687673,1.57117125959837
2023-02-07 15:00:00,22.6666666666667,268.5,28.9697175259488,0.206203834287021
2023-02-07 16:00:00,24.8,267.416666666667,16.2769019979467,0.727359779580862
2023-02-07 17:00:00,36.0,265.1,342.66413284509,0.878188494208661
2023-02-07 18:00:00,48.9166666666667,263.3,189.583804607801,1.38413293166335
2023-02-07 19:00:00,59.6,262.4,190.955677138079,0.450466377064902
2023-02-07 20:00:00,60.75,262.116666666667,181.945433103679,1.13919509549163
2023-02-07 21:00:00,57.55,261.883333333333,108.623220210344,0.381358904543364
2023-02-07 22:00:00,52.8833333333333,262.05,244.241799765389,0.383012293568338
2023-02-07 23:00:00,39.55,262.55,226.737672521083,0.30122561861187
2023-02-08 00:00:00,29.4833333333333,262.9,140.835409746005,1.18989605119269
2023-02-08 01:00:00,32.95,262.333333333333,175.186271185359,0.983999645438907
2023-02-08 02:00:00,33.1166666666667,262.083333333333,179.249347347415,1.02013484977516
2023-02-08 03:00:00,26.15,262.95,128.639974441545,2.24191400095164
2023-02-08 04:00:00,22.3166666666667,263.533333333333,146.276771470897,2.17290197087865
2023-02-08 05:00:00,19.4666666666667,264.183333333333,134.795484864299,2.14168184902967
2023-02-08 06:00:00,22.3833333333333,263.333333333333,50.8877470574486,1.25224467298093
2023-02-08 07:00:00,20.8333333333333,263.35,46.011891263111,0.848895848688401
2023-02-08 08:00:00,20.15,263.516666666667,160.658114233782,0.671516855767091
2023-02-08 09:00:00,18.3,264.3,166.439961891285,1.53673271964761
2023-02-08 10:00:00,15.5166666666667,266.066666666667,145.440586016063,0.756408080553848
2023-02-08 11:00:00,13.6333333333333,267.766666666667,183.33018468157,0.543440854358149
2023-02-08 12:00:00,15.0666666666667,267.183333333333,189.032118869197,0.898033150222444
2023-02-08 13:00:00,15.2,267.183333333333,77.8073192033523,0.797312909246629
2023-02-08 14:00:00,15.1166666666667,269.3,38.4371442928299,0.338566594175993
2023-02-08 15:00:00,16.1166666666667,267.466666666667,33.3707803069051,1.31909742784625
2023-02-08 16:00:00,21.7166666666667,266.366666666667,218.797769244854,0.314985751381481
2023-02-08 17:00:00,40.1666666666667,263.466666666667,315.258654303652,0.521167049171563
2023-02-08 18:00:00,33.05,263.216666666667,101.490115055455,0.281863166779886
2023-02-08 19:00:00,29.9,263.283333333333,55.048633168512,0.209269169890684
2023-02-08 20:00:00,28.2,263.616666666667,138.474344450878,0.734276482225094
2023-02-08 21:00:00,28.05,263.566666666667,180.377871823239,0.636697425267119
2023-02-08 22:00:00,18.8833333333333,264.55,158.419045579142,1.04169374360931
2023-02-08 23:00:00,12.9166666666667,265.45,135.399837936048,2.07155139157235
2023-02-09 00:00:00,9.85,265.933333333333,156.688390366097,2.21940929870077
2023-02-09 01:00:00,8.25,265.983333333333,173.668628959442,1.62547204206831
2023-02-09 02:00:00,12.0166666666667,265.233333333333,191.418566757487,3.00718742059383
2023-02-09 03:00:00,9.26666666666667,265.633333333333,152.697077795701,1.26258715511677
2023-02-09 04:00:00,9.51666666666667,265.816666666667,140.265768611236,1.36165510171997
2023-02-09 05:00:00,10.9166666666667,265.75,154.891524812477,1.40803406324405
2023-02-09 06:00:00,11.1166666666667,265.7,189.425585708075,0.906582381439588
2023-02-09 07:00:00,13.6333333333333,264.216666666667,35.6531672762412,0.580540296522384
2023-02-09 08:00:00,17.45,263.35,176.365741734514,0.368187877651919
2023-02-09 09:00:00,16.1333333333333,264.383333333333,97.7810854250893,0.318369555883351
2023-02-09 10:00:00,14.0166666666667,266.2,198.011864517362,0.428564317636735
2023-02-09 11:00:00,18.4833333333333,265.433333333333,236.493788375731,1.06748101250525
2023-02-09 12:00:00,30.2,264.916666666667,341.779789256019,1.34292623443937
2023-02-09 13:00:00,34.85,264.1,313.020845130304,1.15494552874844
2023-02-09 14:00:00,29.8666666666667,265.416666666667,158.336956799235,0.335172581777891
2023-02-09 15:00:00,39.15,264.35,287.008721979536,0.902129906956318
2023-02-09 16:00:00,38.1666666666667,265.45,283.515121587811,0.191585359409912
2023-02-09 17:00:00,40.4166666666667,264.566666666667,5.87044509799512,0.832600936189198
2023-02-09 18:00:00,40.7666666666667,263.083333333333,14.7500434372815,0.636432827676764
2023-02-09 19:00:00,35.0333333333333,263.433333333333,157.441875470968,1.66587848566924
2023-02-09 20:00:00,25.2833333333333,263.95,171.347615015473,0.988032778404844
2023-02-09 21:00:00,22.4833333333333,264.066666666667,95.2605420393338,1.13843904177462
2023-02-09 22:00:00,21.4,264.266666666667,64.2728629948196,0.800104744367734
2023-02-09 23:00:00,18.35,265.283333333333,114.438052907065,0.604455721000722
2023-02-10 00:00:00,17.0833333333333,265.766666666667,155.819038323852,0.385471841811962
2023-02-10 01:00:00,19.2666666666667,264.85,352.755695566871,0.675490840499224
2023-02-10 02:00:00,25.4833333333333,263.616666666667,15.3486803719752,2.11300552768493
2023-02-10 03:00:00,23.1833333333333,263.966666666667,18.6949995861221,1.96487016755756
2023-02-10 04:00:00,19.85,264.283333333333,53.5825494450845,1.30028608885576
2023-02-10 05:00:00,24.95,263.383333333333,8.94592295717422,2.26414871155888
2023-02-10 06:00:00,17.6833333333333,264.516666666667,41.4391196668476,0.742205075296263
2023-02-10 07:00:00,12.95,265.716666666667,198.728033564682,1.25209210483538
2023-02-10 08:00:00,12.55,265.75,194.584705533745,1.87639492628662
2023-02-10 09:00:00,11.7833333333333,266.966666666667,185.925544630132,0.790229073264345
2023-02-10 10:00:00,11.4166666666667,268.1,161.508552002673,0.2892396604718
2023-02-10 11:00:00,12.3166666666667,268.233333333333,88.7593935566069,0.776470934406566
2023-02-10 12:00:00,10.95,270.583333333333,173.754309034144,0.277013696844673
2023-02-10 13:00:00,12.5333333333333,269.966666666667,63.5362148316687,0.965678709896481
2023-02-10 14:00:00,13.35,270.016666666667,55.0902066135632,1.49961435799832
2023-02-10 15:00:00,13.55,271.15,40.6804197917651,1.20710024022987
2023-02-10 16:00:00,9.23333333333333,272.433333333333,29.5422824760282,0.471498257397358
2023-02-10 17:00:00,11.2833333333333,269.95,12.2886548930048,2.03957254263139
2023-02-10 18:00:00,14.5,268.033333333333,16.7924898708891,2.85634329171559
2023-02-10 19:00:00,11.2333333333333,267.95,25.2009495064737,1.89844910619583
2023-02-10 20:00:00,11.05,267.85,349.589932940415,1.11044738234977
2023-02-10 21:00:00,9.9,267.883333333333,19.4882460618567,1.67814144272368
2023-02-10 22:00:00,14.0833333333333,268.883333333333,42.0946592213107,2.0487336226388
2023-02-10 23:00:00,23.5666666666667,269.616666666667,43.1498349139624,2.29324120489841
2023-02-11 00:00:00,19.1,269.116666666667,4.28720401459344,1.57341858191415
2023-02-11 01:00:00,21.8666666666667,268.733333333333,5.57749672021936,2.32451449814228
2023-02-11 02:00:00,22.3833333333333,268.9,23.1734741581465,2.5138435628644
2023-02-11 03:00:00,19.55,268.85,28.2706078205779,0.82534116430512
2023-02-11 04:00:00,14.5666666666667,269.5,32.9952094447647,3.26028400909851
2023-02-11 05:00:00,12.4333333333333,269.6,29.30800995481,2.58290252265698
2023-02-11 06:00:00,11.5666666666667,269.966666666667,29.6332646710172,2.30273079248998
2023-02-11 07:00:00,12.0,270.033333333333,39.0400011050783,1.72643749810867
2023-02-11 08:00:00,17.9166666666667,270.466666666667,235.824552468746,0.75561334489971
2023-02-11 09:00:00,13.65,270.3,19.684932802874,1.00341019162062
2023-02-11 10:00:00,30.15,271.033333333333,115.95380860818,0.634763151608719
2023-02-11 11:00:00,47.0166666666667,271.666666666667,197.720871367358,1.50519320879351
2023-02-11 12:00:00,47.6666666666667,271.933333333333,203.992912250209,0.556442386470406
2023-02-11 13:00:00,44.6,273.216666666667,25.7389659070444,1.46876314771404
2023-02-11 14:00:00,66.75,272.816666666667,259.241330697059,0.884960088512598
2023-02-11 15:00:00,75.5166666666667,272.15,204.364864137924,1.33985046162141
2023-02-11 16:00:00,75.2333333333333,272.25,237.266440785409,0.775753415996325
2023-02-11 17:00:00,75.55,272.066666666667,8.57543577894455,1.4818778293477
2023-02-11 18:00:00,78.55,271.25,8.65557532356615,2.65884898479921
2023-02-11 19:00:00,79.95,270.783333333333,3.97927728749221,2.16224687239184
2023-02-11 20:00:00,80.75,270.483333333333,24.0939821653338,3.08266091061056
2023-02-11 21:00:00,78.8333333333333,270.2,20.9962447092412,1.84584980373554
2023-02-11 22:00:00,76.95,270.333333333333,34.7450111095917,3.00198390699539
2023-02-11 23:00:00,71.8666666666667,270.516666666667,28.855930571753,2.02852617339702
2023-02-12 00:00:00,55.4666666666667,270.8,40.7778991050607,0.663212107615497
2023-02-12 01:00:00,48.2166666666667,271.033333333333,38.1762429706995,1.12607657826689
2023-02-12 02:00:00,42.9333333333333,270.783333333333,23.0075727709341,0.939935026962695
2023-02-12 03:00:00,39.7833333333333,270.75,19.7592253884871,0.6919566834583
2023-02-12 04:00:00,32.1,270.933333333333,154.112351824073,0.209301160241718
2023-02-12 05:00:00,34.4166666666667,270.9,36.6080093403238,0.857802657305442
2023-02-12 06:00:00,43.0333333333333,270.866666666667,41.5899904225137,0.527782217651287
2023-02-12 07:00:00,67.2166666666667,271.133333333333,127.917735959462,1.14394898792383
2023-02-12 08:00:00,67.9666666666667,271.166666666667,65.7319413900988,0.759963782252495
2023-02-12 09:00:00,66.8833333333333,272.016666666667,75.3699217974419,1.49675524403967
2023-02-12 10:00:00,56.75,273.633333333333,108.564142305723,0.547155221406657
2023-02-12 11:00:00,53.5,273.6,151.395717478089,1.00881601967513
2023-02-12 12:00:00,46.6833333333333,275.383333333333,143.062567371804,0.611157479474136
2023-02-12 13:00:00,50.25,274.45,202.906186468566,1.42759755795882
2023-02-12 14:00:00,51.7333333333333,274.95,141.462186193674,1.78225509846208
2023-02-12 15:00:00,51.2833333333333,275.333333333333,176.531892930069,0.776601097877574
2023-02-12 16:00:00,52.2666666666667,274.933333333333,258.635553007089,0.618647585873315
2023-02-12 17:00:00,57.95,273.616666666667,248.808429361945,0.569525391987345
2023-02-12 18:00:00,59.4666666666667,273.166666666667,45.6607491517234,0.678907245179808
2023-02-12 19:00:00,58.9,272.983333333333,152.840920513875,0.695519118540949
2023-02-12 20:00:00,55.0833333333333,273.333333333333,353.714219898716,0.189009028045674
2023-02-12 21:00:00,47.7833333333333,273.95,185.86605837109,0.769396425467938
2023-02-12 22:00:00,40.8666666666667,274.55,96.5265686970524,0.462494825903736
2023-02-12 23:00:00,37.7166666666667,275.016666666667,153.239734015389,0.847008909620627
2023-02-13 00:00:00,34.6333333333333,275.133333333333,134.114783333631,0.867894218243264
2023-02-13 01:00:00,37.5833333333333,274.533333333333,171.208964605929,0.490482131273267
2023-02-13 02:00:00,35.3833333333333,274.466666666667,78.8253226972227,0.247721088486084
2023-02-13 03:00:00,36.2,274.116666666667,355.686549183332,1.0550665149903
2023-02-13 04:00:00,31.4666666666667,274.966666666667,54.3301917420003,1.12376104117869
2023-02-13 05:00:00,32.1666666666667,274.35,359.547747132169,0.602482134606257
2023-02-13 06:00:00,37.3666666666667,273.966666666667,26.8379630468539,2.14773577991797
2023-02-13 07:00:00,37.4666666666667,274.033333333333,22.1416090159447,2.29323094154672
2023-02-13 08:00:00,37.8833333333333,273.966666666667,22.2527505618374,1.8810134987103
2023-02-13 09:00:00,34.6833333333333,275.616666666667,26.1632522217427,1.61298838601021
2023-02-13 10:00:00,32.8833333333333,276.433333333333,28.8205853462704,1.55563256433428
2023-02-13 11:00:00,28.8333333333333,278.5,15.938366552437,1.24690461526296
2023-02-13 12:00:00,31.9666666666667,277.066666666667,28.0952633659389,1.55570991889522
2023-02-13 13:00:00,30.25,278.466666666667,1.54931581791152,1.23999238011652
2023-02-13 14:00:00,33.25,278.233333333333,12.1478661372173,1.62762862873285
2023-02-13 15:00:00,36.75,277.233333333333,20.243386505458,1.77262824367689
2023-02-13 16:00:00,39.1,276.016666666667,24.6439800579139,2.43667276241552
2023-02-13 17:00:00,40.3333333333333,275.033333333333,23.6143730744643,2.23496106096148
2023-02-13 18:00:00,40.9833333333333,273.95,18.3125074752443,0.888809709535236
2023-02-13 19:00:00,40.1166666666667,273.533333333333,168.079409085675,1.02497719678404
2023-02-13 20:00:00,43.7833333333333,273.283333333333,203.644151757248,0.800488251825905
2023-02-13 21:00:00,43.35,272.983333333333,49.93850409436,0.167734003165703
2023-02-13 22:00:00,33.1833333333333,273.533333333333,191.713702154883,0.719343123057386
2023-02-13 23:00:00,10.6,275.216666666667,138.338273895444,0.591694105837828
2023-02-14 00:00:00,8.93333333333333,275.416666666667,166.061311094196,0.695554598359207
2023-02-14 01:00:00,8.63333333333334,276.066666666667,163.23453036642,0.975790105040876
2023-02-14 02:00:00,12.0166666666667,275.65,181.148717995772,0.182957164375017
2023-02-14 03:00:00,10.8833333333333,275.316666666667,342.111042633491,0.413042729912193
2023-02-14 04:00:00,11.55,275.016666666667,68.2814048244649,0.243293851433312
2023-02-14 05:00:00,14.4,275.283333333333,145.216590752734,0.873589706452527
2023-02-14 06:00:00,14.8833333333333,275.016666666667,141.125094696504,0.284349315676253
2023-02-14 07:00:00,14.0,275.133333333333,161.96350007188,1.08814725584267
2023-02-14 08:00:00,13.55,275.65,168.905785459878,1.68706430580358
2023-02-14 09:00:00,13.2666666666667,276.7,146.834870547677,1.62688952898466
2023-02-14 10:00:00,12.2,277.55,137.960783365218,1.37599776836013
2023-02-14 11:00:00,12.6833333333333,277.816666666667,141.708922737789,2.25420306583553
2023-02-14 12:00:00,10.2666666666667,279.966666666667,64.6078033329707,0.587694154436812
2023-02-14 13:00:00,11.3333333333333,279.85,138.714864319209,0.787105565621014
2023-02-14 14:00:00,13.1,278.533333333333,87.1627189729289,1.07209568470359
2023-02-14 15:00:00,12.1166666666667,280.8,109.79842798907,0.186084727870125
2023-02-14 16:00:00,12.35,279.533333333333,213.244540967877,0.465899408034386
2023-02-14 17:00:00,13.2333333333333,279.35,19.5716535650829,0.815411777707689
2023-02-14 18:00:00,15.7,276.783333333333,71.0652790574967,0.271770572864547
2023-02-14 19:00:00,17.3833333333333,275.083333333333,177.230774537344,0.0775609852867645
2023-02-14 20:00:00,15.8666666666667,276.216666666667,172.613498106135,0.371557912934889
2023-02-14 21:00:00,16.05,276.0,84.8119081110229,0.395504779510896
2023-02-14 22:00:00,15.5333333333333,276.166666666667,156.304831194777,0.564948976264838
2023-02-14 23:00:00,16.45,275.65,46.5159136308886,1.67905869388889
2023-02-15 00:00:00,13.65,276.283333333333,71.6280483357249,0.849743697615787
2023-02-15 01:00:00,12.1666666666667,276.233333333333,34.3540759348811,0.516761552893354
2023-02-15 02:00:00,11.5333333333333,276.533333333333,26.9710875966025,1.47392969498178
2023-02-15 03:00:00,10.85,276.633333333333,20.2281903980331,1.35317483710409
2023-02-15 04:00:00,11.45,276.5,13.6244923523419,1.12619939644038
2023-02-15 05:00:00,12.8,276.583333333333,351.921687632695,2.81594173036755
2023-02-15 06:00:00,13.65,276.533333333333,345.545490644689,3.3857526623096
2023-02-15 07:00:00,14.6,276.35,357.427274305086,3.07269249775276
2023-02-15 08:00:00,14.5166666666667,276.066666666667,356.544844364901,0.949341407922385
2023-02-15 09:00:00,11.4333333333333,279.25,27.1456099185341,0.362912001239814
2023-02-15 10:00:00,10.5666666666667,281.033333333333,16.1438316780705,1.13183745924157
2023-02-15 11:00:00,12.0333333333333,280.083333333333,8.33972955926504,2.13713872357193
2023-02-15 12:00:00,12.2166666666667,280.083333333333,354.707075049596,1.5100887945967
2023-02-15 13:00:00,12.2,281.15,12.8294526428721,1.08447053319731
2023-02-15 14:00:00,13.8833333333333,280.783333333333,27.004320917255,1.39218054242104
2023-02-15 15:00:00,15.4333333333333,280.366666666667,3.22506579072126,2.09458411464339
2023-02-15 16:00:00,18.3666666666667,279.366666666667,22.7460569939902,2.10176044468643
2023-02-15 17:00:00,20.6166666666667,278.083333333333,352.487923072462,1.93831775950755
2023-02-15 18:00:00,22.15,276.983333333333,312.999832278614,1.58009323345665
2023-02-15 19:00:00,24.7333333333333,276.35,316.357571536028,0.740553884625428
2023-02-15 20:00:00,27.4833333333333,275.833333333333,313.00748649138,0.897940005375839
2023-02-15 21:00:00,27.9666666666667,275.5,12.334160482212,1.41019474432515
2023-02-15 22:00:00,27.7333333333333,275.6,18.0593841411461,2.96676912969338
2023-02-15 23:00:00,26.15,275.433333333333,28.248844386208,3.56791670151839
2023-02-16 00:00:00,24.15,275.483333333333,34.5965311803212,2.87102892992834
2023-02-16 01:00:00,23.7833333333333,275.066666666667,16.060783303295,1.84302647187401
2023-02-16 02:00:00,19.3666666666667,275.266666666667,55.6896409604399,1.0455582503111
2023-02-16 03:00:00,14.5833333333333,275.283333333333,61.8693881054979,0.692487654295763
2023-02-16 04:00:00,12.8666666666667,275.233333333333,55.4378002737237,0.691569523412032
2023-02-16 05:00:00,15.3166666666667,274.15,8.94287585327379,0.422690109611782
2023-02-16 06:00:00,23.1833333333333,273.233333333333,357.041498885506,1.73026097701122
2023-02-16 07:00:00,28.0166666666667,272.55,12.2229524346925,1.8572470935112
2023-02-16 08:00:00,32.0666666666667,272.4,11.4716465476914,1.51998049837891
2023-02-16 09:00:00,34.85,272.616666666667,353.124650835882,2.90426277263163
2023-02-16 10:00:00,33.4666666666667,273.583333333333,5.61791780237286,2.10263133503883
2023-02-16 11:00:00,28.0,274.183333333333,35.6459138744293,3.19315660169438
2023-02-16 12:00:00,26.5833333333333,274.55,42.7292282227706,3.67755854769952
2023-02-16 13:00:00,27.0833333333333,275.133333333333,24.3609879788178,4.20707343405147
2023-02-16 14:00:00,29.4333333333333,274.8,17.4090588529364,4.64589961179312
2023-02-16 15:00:00,38.6,274.183333333333,356.954443597003,3.77773775615301
2023-02-16 16:00:00,42.0166666666667,273.216666666667,2.03196119810718,4.52831169875328
2023-02-16 17:00:00,35.95,272.9,14.5554247538316,5.60214881283271
2023-02-16 18:00:00,34.0,272.0,16.0834318929913,6.82506736200559
2023-02-16 19:00:00,32.0666666666667,271.533333333333,19.1462075696153,7.10110640080873
2023-02-16 20:00:00,31.6,271.433333333333,31.3978022210191,6.06396454893503
2023-02-16 21:00:00,35.0166666666667,271.5,19.5734838156344,5.71135313860944
2023-02-16 22:00:00,35.45,271.333333333333,16.3293341037822,5.77495419834344
2023-02-16 23:00:00,34.6666666666667,271.0,18.7919687016114,6.69846069410708
2023-02-17 00:00:00,35.0,270.95,19.1202915553043,7.91588657354962
2023-02-17 01:00:00,35.4333333333333,271.0,18.5118350192155,8.02102033727467
2023-02-17 02:00:00,38.3166666666667,270.9,15.0169593045981,7.31818903456246
2023-02-17 03:00:00,40.3166666666667,270.916666666667,20.5017582057466,6.57169362359289
2023-02-17 04:00:00,43.6,270.866666666667,20.32452702412,7.13500369441547
2023-02-17 05:00:00,53.7166666666667,270.6,28.3339817742865,6.46990905520187
2023-02-17 06:00:00,61.0,270.35,17.6304785750674,5.5855396672566
2023-02-17 07:00:00,66.2833333333333,270.716666666667,30.9890631045034,6.51317278117413
2023-02-17 08:00:00,70.6833333333333,270.966666666667,19.8654963289593,5.1818092124593
2023-02-17 09:00:00,74.8666666666667,271.55,29.5765659083225,6.35120640123677
2023-02-17 10:00:00,85.7666666666667,271.333333333333,27.4446264478971,5.66022959446743
2023-02-17 11:00:00,91.8,271.133333333333,21.7613320098439,4.91215401588463
2023-02-17 12:00:00,89.0333333333333,272.033333333333,19.8522293747203,6.55057058303846
2023-02-17 13:00:00,85.2666666666667,272.733333333333,27.5752890687543,5.93143720768609
2023-02-17 14:00:00,89.5,272.616666666667,15.2176548432018,7.3282071665051
2023-02-17 15:00:00,95.4,272.433333333333,12.6972980787428,6.45809076880119
2023-02-17 16:00:00,94.65,272.516666666667,24.3561675141045,7.39699925497319
2023-02-17 17:00:00,97.3333333333333,272.333333333333,18.7048605365551,4.75579089524821
2023-02-17 18:00:00,99.3166666666667,272.166666666667,19.9673776527918,5.01388105431987
2023-02-17 19:00:00,100.4,272.1,17.2436525272079,6.07744737943539
2023-02-17 20:00:00,100.366666666667,272.266666666667,1.05514788163339,6.43488166520552
2023-02-17 21:00:00,96.1666666666667,272.516666666667,357.00497068365,5.3646078298073
2023-02-17 22:00:00,94.45,272.65,9.43488008299988,5.41369926908476
2023-02-17 23:00:00,90.2,272.85,4.48226458394089,5.40014866212039
2023-02-18 00:00:00,86.75,272.933333333333,21.6874373041356,5.9538450124882
2023-02-18 01:00:00,84.9333333333333,273.033333333333,16.9853556123566,6.80508209456256
2023-02-18 02:00:00,83.7,273.066666666667,21.9113619799571,6.42979194713153
2023-02-18 03:00:00,81.3333333333333,272.966666666667,15.5474120256433,5.78401146833935
2023-02-18 04:00:00,78.7833333333334,272.8,35.8472851074632,3.6340858227611
2023-02-18 05:00:00,72.6,273.016666666667,44.4843043670492,3.89199916673538
2023-02-18 06:00:00,64.6333333333333,273.5,23.6819651540976,5.85284394614285
2023-02-18 07:00:00,62.15,273.55,23.7809349217219,6.5030500114739
2023-02-18 08:00:00,62.4333333333333,273.833333333333,21.653389765158,7.82988559257147
2023-02-18 09:00:00,62.3,274.166666666667,29.0061855199451,7.054053105685
2023-02-18 10:00:00,58.2833333333333,274.7,27.734227126374,7.73342881209975
2023-02-18 11:00:00,56.35,275.183333333333,25.9562076715595,7.73061394165487
2023-02-18 12:00:00,54.85,275.416666666667,21.5123356397714,8.79091756486483
2023-02-18 13:00:00,47.9833333333334,275.75,22.6025000165441,9.23470333856541
2023-02-18 14:00:00,45.7166666666667,275.866666666667,23.2131211772349,9.23685151686306
2023-02-18 15:00:00,47.5833333333333,275.833333333333,12.7639033575169,9.81161970969775
2023-02-18 16:00:00,46.85,275.683333333333,14.5857875941159,9.38015226433441
2023-02-18 17:00:00,49.3,275.283333333333,4.85395704751664,8.57896255698928
2023-02-18 18:00:00,47.5,274.916666666667,19.7857420664988,9.85038967121385
2023-02-18 19:00:00,44.5666666666667,274.6,21.2512510851151,10.9611215916507
2023-02-18 20:00:00,39.7166666666667,274.55,25.179503218718,11.1319606329514
2023-02-18 21:00:00,35.8666666666667,274.616666666667,26.0220523787922,10.7929158536461
2023-02-18 22:00:00,35.5833333333333,274.433333333333,23.1617573295433,10.4959922438935
2023-02-18 23:00:00,33.6833333333333,274.25,28.4532834088275,8.50409363426753
2023-02-19 00:00:00,32.0333333333333,274.15,28.5137460790089,9.13653877829374
2023-02-19 01:00:00,30.7666666666667,274.183333333333,24.742604192412,9.8495842285868
2023-02-19 02:00:00,33.75,274.05,25.8004753658016,11.1681202803272
2023-02-19 03:00:00,38.4,273.933333333333,27.2694964025962,13.2725607351414
2023-02-19 04:00:00,40.5166666666667,273.883333333333,27.5881866542666,13.6125159138669
2023-02-19 05:00:00,38.9833333333333,273.683333333333,20.8555462865494,13.4893649230967
2023-02-19 06:00:00,40.5666666666667,273.616666666667,24.2173886147796,14.1670696220202
2023-02-19 07:00:00,44.45,273.416666666667,21.2308017429527,14.6284613963447
2023-02-19 08:00:00,79.6166666666667,270.5,9.73436170761852,10.3021677489928
2023-02-19 09:00:00,94.1666666666667,269.8,26.6684902274527,9.89557634632978
2023-02-19 10:00:00,93.7333333333333,270.033333333333,21.1931335920252,9.05424085816069
2023-02-19 11:00:00,90.65,270.3,11.1595724595176,8.37917712673029
2023-02-19 12:00:00,83.1666666666667,270.65,31.7067045580321,12.6539534853823
2023-02-19 13:00:00,79.4166666666667,270.816666666667,25.1923742662473,10.8487843293383
2023-02-19 14:00:00,74.25,271.133333333333,13.8814807134972,9.94181697872367
2023-02-19 15:00:00,71.1333333333333,271.283333333333,13.4486898453346,11.2067486560477
2023-02-19 16:00:00,73.75,271.0,24.3872787265072,11.3290133661344
2023-02-19 17:00:00,81.3,270.383333333333,8.08836000795441,7.73473229517999
2023-02-19 18:00:00,89.4833333333333,269.666666666667,357.709565529208,7.3891647016235
2023-02-19 19:00:00,92.9,269.166666666667,14.2267912623126,7.29256845700626
2023-02-19 20:00:00,90.4333333333333,269.0,26.9010781574934,6.51569272782459
2023-02-19 21:00:00,95.35,268.616666666667,18.3101009677902,4.95851150137866
2023-02-19 22:00:00,79.3333333333333,269.2,37.817374590859,6.83900011944699
2023-02-19 23:00:00,79.3,269.15,21.9656134004531,6.06081049389868
2023-02-20 00:00:00,81.2166666666667,268.916666666667,21.181557770748,5.22811720399569
2023-02-20 01:00:00,79.3333333333333,269.0,25.804138398851,4.715618708978
2023-02-20 02:00:00,69.75,269.816666666667,37.3207526108429,6.8033043258618
2023-02-20 03:00:00,62.35,270.333333333333,41.2573012093241,7.52892058700251
2023-02-20 04:00:00,62.2166666666667,270.3,48.025740936607,6.87690795917283
2023-02-20 05:00:00,65.4,270.233333333333,38.6625945829534,6.02797287771582
2023-02-20 06:00:00,64.2666666666667,270.5,25.9242537829195,6.15526689589908
2023-02-20 07:00:00,61.5833333333333,270.683333333333,15.5477491014686,4.80833708010267
2023-02-20 08:00:00,60.4666666666667,270.683333333333,25.720110711781,4.23080122143396
2023-02-20 09:00:00,54.3166666666667,271.783333333333,40.1730989933897,4.61714087744579
2023-02-20 10:00:00,51.5833333333333,272.7,20.2320335714959,3.07679145122823
2023-02-20 11:00:00,51.5833333333333,273.05,37.5718074009935,3.20675943506501
2023-02-20 12:00:00,48.5666666666667,274.733333333333,26.7693434939072,3.20646788306348
2023-02-20 13:00:00,48.9666666666667,275.033333333333,32.5102285997618,2.84096233807722
2023-02-20 14:00:00,45.7,275.35,28.1131044028017,4.31891994708863
2023-02-20 15:00:00,39.6,275.3,35.2200265049605,4.29571031832281
2023-02-20 16:00:00,26.3166666666667,276.016666666667,47.7249819461575,2.51652047535753
2023-02-20 17:00:00,28.2,275.916666666667,8.3892316637922,2.60473386921605
2023-02-20 18:00:00,37.1666666666667,274.766666666667,0.454383703845394,2.12130567555664
2023-02-20 19:00:00,32.1333333333333,274.683333333333,8.8196088803204,2.56246683288705
2023-02-20 20:00:00,23.0666666666667,275.116666666667,22.9193058961824,3.10351769273314
2023-02-20 21:00:00,20.0,275.4,31.3124389653201,3.30915581674756
2023-02-20 22:00:00,18.2833333333333,275.633333333333,30.3623582239537,3.51026343428965
2023-02-20 23:00:00,17.7333333333333,275.816666666667,36.5415308060884,3.09438674908873
2023-02-21 00:00:00,17.05,275.883333333333,31.1944555921506,3.2777020452001
2023-02-21 01:00:00,16.9666666666667,275.75,29.0119339404437,2.5357051054049
2023-02-21 02:00:00,17.1166666666667,275.55,38.4050059322787,2.21714226048531
2023-02-21 03:00:00,11.4833333333333,275.85,32.9199944133453,2.38585814543945
2023-02-21 04:00:00,6.26666666666667,276.383333333333,41.9958447514721,2.12359124187962
2023-02-21 05:00:00,5.53333333333333,276.566666666667,38.030109438565,2.33612868445433
2023-02-21 06:00:00,6.38333333333333,276.266666666667,24.049162269893,2.38806539417846
2023-02-21 07:00:00,8.25,275.433333333333,12.2081779946207,2.86426715282969
2023-02-21 08:00:00,9.8,275.066666666667,10.8401079187978,2.38648750177718
2023-02-21 09:00:00,11.2333333333333,276.0,20.6464648677785,1.44995596369854
2023-02-21 10:00:00,11.0666666666667,276.383333333333,29.8893063287122,1.65275408220684
2023-02-21 11:00:00,11.2166666666667,277.183333333333,20.2289551097553,0.199387242295769
2023-02-21 12:00:00,11.4,277.516666666667,42.9542513635836,1.11701984165988
2023-02-21 13:00:00,9.63333333333333,279.0,349.805937236042,0.739666596511234
2023-02-21 14:00:00,16.7666666666667,277.716666666667,33.6074399004835,1.09328092212406
2023-02-21 15:00:00,14.4166666666667,277.533333333333,67.9567003616099,0.777352540352668
2023-02-21 16:00:00,14.4,276.85,164.868201241583,0.668408201507351
2023-02-21 17:00:00,19.5666666666667,275.9,175.408196797855,1.72029924045939
2023-02-21 18:00:00,25.7666666666667,275.066666666667,176.858956734259,0.554305960692222
2023-02-21 19:00:00,19.0833333333333,274.7,16.2352363796391,1.17368784213551
2023-02-21 20:00:00,19.7333333333333,275.0,50.5588155653461,1.01771371706981
2023-02-21 21:00:00,26.5833333333333,274.95,140.593904719684,0.635884785458335
2023-02-21 22:00:00,21.6166666666667,275.383333333333,153.365815652327,0.581256611078321
2023-02-21 23:00:00,18.0333333333333,275.016666666667,57.2060485677938,0.12680179194516
2023-02-22 00:00:00,19.6666666666667,275.733333333333,79.5538022753579,0.501776188904864
2023-02-22 01:00:00,21.8166666666667,275.633333333333,140.915897335861,0.606302099503878
2023-02-22 02:00:00,18.7833333333333,275.566666666667,134.593011009321,0.333636471742095
2023-02-22 03:00:00,16.95,274.7,20.2122785735909,1.49589618069255
2023-02-22 04:00:00,20.0166666666667,274.916666666667,23.6000968125313,1.63478512981987
2023-02-22 05:00:00,20.8,274.666666666667,9.4286144840803,1.51442937365272
2023-02-22 06:00:00,17.2833333333333,274.716666666667,16.2457406673508,1.63722270019251
2023-02-22 07:00:00,15.9833333333333,275.183333333333,20.2913164089171,2.15393291756969
2023-02-22 08:00:00,14.45,275.15,25.2250540504429,0.742598102175397
2023-02-22 09:00:00,13.4166666666667,276.133333333333,359.971039811062,1.17792468325642
2023-02-22 10:00:00,13.15,276.433333333333,25.7660132039255,1.20259271318867
2023-02-22 11:00:00,10.9833333333333,277.766666666667,323.73560797864,0.74890353860134
2023-02-22 12:00:00,11.5666666666667,277.816666666667,327.863675780105,0.598719994536356
2023-02-22 13:00:00,10.7166666666667,278.066666666667,181.771230453725,0.332354448377616
2023-02-22 14:00:00,15.9333333333333,279.266666666667,356.766916728035,0.5868383189304
2023-02-22 15:00:00,20.6166666666667,278.416666666667,10.1036988378345,0.726966038046434
2023-02-22 16:00:00,22.2333333333333,277.716666666667,170.89972077722,0.152475371193096
2023-02-22 17:00:00,28.05,275.583333333333,195.899424480603,0.57850429126709
2023-02-22 18:00:00,34.05,274.216666666667,201.059826858154,1.35034154694364
2023-02-22 19:00:00,55.6,272.266666666667,323.066778759108,1.86948322157301
2023-02-22 20:00:00,62.4166666666667,271.616666666667,278.38504333095,0.496881221653004
2023-02-22 21:00:00,70.9333333333333,270.9,252.982975232522,0.681326828428552
2023-02-22 22:00:00,89.95,269.833333333333,355.25988011877,2.40708397576148
2023-02-22 23:00:00,92.9666666666667,269.45,358.373877077873,1.80081910159528
2023-02-23 00:00:00,99.3666666666667,269.283333333333,4.62232020971567,2.35517313579707
2023-02-23 01:00:00,97.2166666666667,269.3,357.336130140609,1.68312365484395
2023-02-23 02:00:00,97.3333333333333,269.266666666667,6.58331922537292,1.29116423118964
2023-02-23 03:00:00,98.5,269.1,352.616521365571,1.84046785850006
2023-02-23 04:00:00,99.0166666666667,268.983333333333,2.09310086515626,0.295464839751765
2023-02-23 05:00:00,95.3,269.033333333333,166.039036496126,0.724541671938784
2023-02-23 06:00:00,93.9666666666667,268.95,104.858508383788,0.386190726044145
2023-02-23 07:00:00,96.4,268.683333333333,161.294604673212,0.692155205785822
2023-02-23 08:00:00,97.5,268.633333333333,11.7464818864979,0.589292548647606
2023-02-23 09:00:00,97.3833333333334,269.0,26.3166888502138,1.36147355962563
2023-02-23 10:00:00,95.0833333333333,269.716666666667,25.9154894112462,1.59355154073054
2023-02-23 11:00:00,92.3166666666667,269.883333333333,33.5721063685388,1.91277589173273
2023-02-23 12:00:00,84.1833333333333,270.95,24.4848807697343,2.05257124281594
2023-02-23 13:00:00,70.9833333333333,272.45,25.1848278089489,1.44759158363971
2023-02-23 14:00:00,72.9166666666667,271.633333333333,36.4105762256979,2.25125488524441
2023-02-23 15:00:00,74.3166666666667,271.683333333333,31.4210958001801,2.44479756905194
2023-02-23 16:00:00,72.25,271.483333333333,40.0341027036764,2.01497702031976
2023-02-23 17:00:00,73.45,271.216666666667,30.7847354182596,1.67979899225375
2023-02-23 18:00:00,89.9166666666667,270.266666666667,344.415769102376,1.73399206672297
2023-02-23 19:00:00,88.2666666666667,270.1,352.352543254935,1.28014323964533
2023-02-23 20:00:00,91.9833333333333,269.766666666667,21.9504637736663,1.69117124887887
2023-02-23 21:00:00,87.0833333333333,269.95,27.0967931476883,2.56270036260386
2023-02-23 22:00:00,78.35,270.166666666667,42.9681827873787,1.92192601818361
2023-02-23 23:00:00,76.95,269.916666666667,33.8758605786888,1.60733627716762
2023-02-24 00:00:00,78.3333333333333,269.75,33.2036694044253,2.75249436787275
2023-02-24 01:00:00,78.9166666666667,269.616666666667,2.88951702976431,1.99970967055145
2023-02-24 02:00:00,80.0833333333334,269.65,341.554216216599,1.34391907893574
2023-02-24 03:00:00,75.95,269.616666666667,51.737084566039,1.52908735159726
2023-02-24 04:00:00,68.9166666666667,269.683333333333,41.2145700922638,1.72539057932684
2023-02-24 05:00:00,76.1,269.066666666667,337.087998566014,0.951665070135314
2023-02-24 06:00:00,73.7833333333333,269.216666666667,2.21222113718369,2.59506748766345
2023-02-24 07:00:00,68.0833333333333,269.75,43.422709578121,4.43841040010525
2023-02-24 08:00:00,66.95,269.833333333333,42.2928134580184,3.43619672457573
2023-02-24 09:00:00,71.9166666666667,269.683333333333,7.95471890350842,3.77838161374581
2023-02-24 10:00:00,73.1833333333333,269.783333333333,40.4326805360544,4.46932343573793
2023-02-24 11:00:00,65.5333333333334,270.966666666667,44.065496113813,5.50879379259084
2023-02-24 12:00:00,63.3666666666667,271.216666666667,48.8115821883435,6.11592542281811
2023-02-24 13:00:00,63.0166666666667,271.35,50.0799039828289,5.28800968155038
2023-02-24 14:00:00,61.5333333333333,272.016666666667,46.1775824752729,6.50479560745674
2023-02-24 15:00:00,59.35,271.85,52.1051811492506,8.967223128056
2023-02-24 16:00:00,61.45,271.65,52.7120321333806,7.35218263780637
2023-02-24 17:00:00,64.35,271.266666666667,53.8666839833827,7.499688597941
2023-02-24 18:00:00,69.6833333333333,270.716666666667,58.0813439223066,7.96368900686407
2023-02-24 19:00:00,67.5166666666667,270.616666666667,57.5249274193188,8.90572248517493
2023-02-24 20:00:00,68.5,270.333333333333,52.6362838229579,7.8985290761345
2023-02-24 21:00:00,82.15,269.45,28.6605762539631,6.1939914315273
2023-02-24 22:00:00,79.35,269.466666666667,62.0699343263775,7.59191349565434
2023-02-24 23:00:00,90.7166666666667,268.816666666667,21.4424082076378,5.62826276374449
2023-02-25 00:00:00,97.5666666666667,268.25,33.0777216859639,5.62103683590054
2023-02-25 01:00:00,97.4166666666667,268.316666666667,41.6642603480851,6.77110090474844
2023-02-25 02:00:00,95.8166666666667,268.866666666667,41.1527300663136,13.5611480954753
2023-02-25 03:00:00,97.8,268.816666666667,25.2062891229843,10.6821200223141
2023-02-25 04:00:00,98.1,268.433333333333,18.1943470456052,9.39939421081067
2023-02-25 05:00:00,96.7,266.95,349.911643988031,6.61799966851037
2023-02-25 06:00:00,96.2833333333333,266.533333333333,2.82170477148878,6.19178411461537
2023-02-25 07:00:00,95.8333333333333,266.066666666667,21.499149285531,7.87350123339792
2023-02-25 08:00:00,96.0166666666667,266.283333333333,30.4927973284324,10.1470760149782
2023-02-25 09:00:00,96.1,266.45,9.99128957911483,7.86428195412356
2023-02-25 10:00:00,96.0333333333334,266.466666666667,14.723415427968,5.85096741494821
2023-02-25 11:00:00,96.0333333333334,266.533333333333,37.8440457461174,8.56926678207799
2023-02-25 12:00:00,96.0333333333334,266.566666666667,31.0579896303308,9.42341290472512
2023-02-25 13:00:00,96.3333333333333,266.983333333333,23.2195030600838,7.85044595301903
2023-02-25 14:00:00,96.0166666666667,266.716666666667,31.8976964088445,7.59459654234582
2023-02-25 15:00:00,96.1666666666667,266.866666666667,14.8132686923859,6.88281212350818
2023-02-25 16:00:00,95.8833333333333,266.383333333333,23.854590216376,7.85824721031418
2023-02-25 17:00:00,95.5,265.983333333333,16.3306177793334,6.42501084410149
2023-02-25 18:00:00,94.8,265.1,23.3111623175543,7.26706224785346
2023-02-25 19:00:00,94.2166666666667,264.5,7.64487656999523,5.68774597058206
2023-02-25 20:00:00,93.55,263.9,15.5278321342371,4.87199131688656
2023-02-25 21:00:00,92.7166666666667,263.166666666667,11.3871400121242,3.93541003703927
2023-02-25 22:00:00,91.1166666666667,261.883333333333,4.81350286372037,3.80424200607995
2023-02-25 23:00:00,90.2666666666667,261.15,6.6439953274031,3.46246198538115
2023-02-26 00:00:00,89.5666666666667,260.533333333333,331.452879177264,2.07126348400577
2023-02-26 01:00:00,89.1,260.15,2.18359311654143,2.02363193149791
2023-02-26 02:00:00,88.9666666666667,260.05,12.6672625939127,1.84038886642803
2023-02-26 03:00:00,88.7,259.866666666667,346.677193689431,1.59600094679555
2023-02-26 04:00:00,88.15,259.4,350.213418702454,3.00493522255853
2023-02-26 05:00:00,87.15,258.516666666667,348.237284486406,2.65242352980672
2023-02-26 06:00:00,86.6333333333333,258.05,326.0,0.05
2023-02-26 07:00:00,86.0833333333333,257.583333333333,254.404598226339,0.71457668253353
2023-02-26 08:00:00,85.7,257.216666666667,217.260448752498,1.80278974115335
2023-02-26 09:00:00,85.65,257.266666666667,200.451156985507,2.73841772328771
2023-02-26 10:00:00,86.0333333333333,257.733333333333,192.594842999775,3.0223527924275
2023-02-26 11:00:00,85.3833333333333,257.166666666667,190.396068400203,4.60892838531076
2023-02-26 12:00:00,85.6833333333333,257.55,187.560519905427,3.86197651168725
2023-02-26 13:00:00,86.15,258.066666666667,194.316256917355,3.42076180996945
2023-02-26 14:00:00,86.5333333333333,258.4,199.160288735357,3.67449777413097
2023-02-26 15:00:00,87.0333333333334,258.833333333333,192.377981534638,1.90319565043445
2023-02-26 16:00:00,86.8,258.616666666667,147.087608165101,1.82246527708917
2023-02-26 17:00:00,86.15,257.916666666667,134.017103709113,1.87167604769259
2023-02-26 18:00:00,85.5166666666667,257.2,138.026058113879,1.90614718183979
2023-02-26 19:00:00,85.2166666666667,256.866666666667,141.659805114666,2.54961743304304
2023-02-26 20:00:00,85.1833333333333,256.833333333333,144.705265032407,2.40620916287616
2023-02-26 21:00:00,85.2666666666667,256.9,149.412989509407,1.69947431475747
2023-02-26 22:00:00,85.4333333333334,257.083333333333,126.762159738386,1.78353102087198
2023-02-26 23:00:00,85.6666666666667,257.316666666667,137.299247256617,2.0554508334693
2023-02-27 00:00:00,85.8166666666667,257.45,139.640786173591,2.05866361675669
2023-02-27 01:00:00,85.9,257.55,123.050120635736,2.36846722614597
2023-02-27 02:00:00,85.6833333333333,257.383333333333,112.084595708981,1.0052472888047
2023-02-27 03:00:00,85.25,256.983333333333,30.6426734523741,0.341028843969823
2023-02-27 04:00:00,85.65,257.283333333333,139.214745812437,1.03383495890208
2023-02-27 05:00:00,86.05,257.733333333333,136.634100334083,1.23914301088409
2023-02-27 06:00:00,86.1666666666667,257.75,175.774612856887,1.28136679009613
2023-02-27 07:00:00,85.7666666666667,257.45,16.4343541874945,0.442539846052914
2023-02-27 08:00:00,85.6666666666667,257.35,49.8911450843876,0.568825217646028
2023-02-27 09:00:00,87.0166666666667,258.766666666667,109.111412786761,0.224797443298722
2023-02-27 10:00:00,87.4833333333333,259.516666666667,168.709499493019,1.28507166936446
2023-02-27 11:00:00,94.2833333333333,265.633333333333,20.0851430584624,0.106340132281577
2023-02-27 12:00:00,97.5166666666667,268.616666666667,1.84339244292789,0.173179823957
2023-02-27 13:00:00,96.1666666666667,267.383333333333,162.105101665184,0.482744333701576
2023-02-27 14:00:00,95.45,266.65,151.891645466493,0.429795481623006
2023-02-27 15:00:00,99.1666666666667,270.333333333333,58.2841370551106,0.618632863794882
2023-02-27 16:00:00,95.4833333333333,266.316666666667,74.2968858690347,0.585295343124537
2023-02-27 17:00:00,94.6,264.866666666667,24.4072428235785,1.28173752603605
2023-02-27 18:00:00,91.4166666666667,262.2,44.0008481065837,0.89362592182139
2023-02-27 19:00:00,89.8,260.6,156.340034663154,0.152864784516492
2023-02-27 20:00:00,88.6666666666667,259.683333333333,65.5532408067841,0.455762845879981
2023-02-27 21:00:00,87.15,258.416666666667,22.3274465723515,0.593205435992154
2023-02-27 22:00:00,87.1,258.333333333333,50.6561525483878,0.786231670254924
2023-02-27 23:00:00,88.5666666666667,259.65,56.6712897228638,0.897331896928532
2023-02-28 00:00:00,89.0333333333333,260.15,64.397567340946,0.771219362398458
2023-02-28 01:00:00,89.9833333333333,260.9,199.318818026835,0.992229055212679
2023-02-28 02:00:00,90.1166666666667,261.1,99.7257897918153,0.602018994845744
2023-02-28 03:00:00,91.7666666666667,262.45,105.328751052444,1.36432087261303
2023-02-28 04:00:00,91.5333333333333,262.3,50.7089332641759,2.30148680854264
2023-02-28 05:00:00,91.7333333333333,262.383333333333,124.851473825881,0.542262374151482
2023-02-28 06:00:00,91.5,262.283333333333,90.8654354445001,1.13026607594817
2023-02-28 07:00:00,91.9833333333333,262.716666666667,86.274318604564,2.10907168729512
2023-02-28 08:00:00,92.9166666666667,263.55,82.2369694727762,3.72056511781198
2023-02-28 09:00:00,94.05,265.1,81.5550044901601,2.13851388375698
2023-02-28 10:00:00,96.2833333333334,268.116666666667,68.919276825985,0.905522653900505
2023-02-28 11:00:00,96.9833333333333,269.166666666667,106.585019262089,0.747759754652783
2023-02-28 12:00:00,95.9166666666667,267.85,92.203511374031,1.36418916940339
2023-02-28 13:00:00,95.75,268.333333333333,108.702547529212,1.10119052203092
2023-02-28 14:00:00,95.3,267.7,108.726454340365,1.27336340997595
2023-02-28 15:00:00,94.5166666666667,267.25,161.486595213437,1.28181056281984
2023-02-28 16:00:00,94.5666666666667,266.916666666667,182.126471216175,1.37813028621381
2023-02-28 17:00:00,94.4833333333334,266.55,174.327194569765,0.910624154164763
2023-02-28 18:00:00,94.9166666666667,265.783333333333,210.735334140824,1.75410206602591
2023-02-28 19:00:00,94.2333333333333,265.75,168.854033987789,1.42056259928231
2023-02-28 20:00:00,94.0166666666667,265.05,100.365063092957,0.405016398884391
2023-02-28 21:00:00,93.1333333333333,265.2,155.140464235782,1.43414167508856
2023-02-28 22:00:00,93.05,264.633333333333,52.9052131637802,0.429297140279966
2023-02-28 23:00:00,92.3666666666667,264.516666666667,117.119150827499,0.280590307978149
2023-03-01 00:00:00,88.5666666666667,265.4,117.344568776508,1.96253806837005
2023-03-01 01:00:00,90.2833333333333,264.833333333333,99.3572139868347,0.314608147746332
2023-03-01 02:00:00,84.6333333333334,265.6,119.101588500178,1.53014483698698
2023-03-01 03:00:00,82.4833333333333,265.466666666667,125.586131690142,0.963759828745984
2023-03-01 04:00:00,79.7,265.583333333333,114.893196990862,0.78326091998824
2023-03-01 05:00:00,72.2666666666667,266.15,149.519527232101,1.74526743124501
2023-03-01 06:00:00,66.5333333333333,266.333333333333,124.943729057059,1.0700763795339
2023-03-01 07:00:00,70.6333333333333,266.033333333333,329.241141413882,0.302992665424599
2023-03-01 08:00:00,59.8333333333333,266.716666666667,170.098437182833,1.21309022010855
2023-03-01 09:00:00,49.5333333333333,268.983333333333,155.851459799396,1.13010343356351
2023-03-01 10:00:00,40.2333333333333,268.916666666667,120.251365151183,2.38208480162239
2023-03-01 11:00:00,37.4166666666667,269.283333333333,148.663811147997,2.82797890221663
2023-03-01 12:00:00,33.6666666666667,270.05,176.920940875211,2.02059239641881
2023-03-01 13:00:00,38.2666666666667,270.183333333333,169.192882876088,2.90123658726412
2023-03-01 14:00:00,44.9333333333333,270.416666666667,152.730123716163,2.38815983439367
2023-03-01 15:00:00,49.0,270.766666666667,142.233989323805,2.00357152225898
2023-03-01 16:00:00,51.8,270.083333333333,147.006152791605,1.77341380544038
2023-03-01 17:00:00,50.8833333333333,270.083333333333,157.212087580389,1.45756170259389
2023-03-01 18:00:00,53.35,269.816666666667,152.260042151749,1.5616448647595
2023-03-01 19:00:00,58.3166666666667,269.55,159.693821954571,1.64507286920253
2023-03-01 20:00:00,66.4333333333333,269.066666666667,202.713776250699,0.8322622563417
2023-03-01 21:00:00,63.2333333333333,269.566666666667,119.429145271762,1.94459215011425
2023-03-01 22:00:00,58.4,270.233333333333,115.226947678519,3.31553234617444
2023-03-01 23:00:00,61.3666666666667,269.9,111.378617380419,2.94215875328724
2023-03-02 00:00:00,63.8333333333333,269.583333333333,105.32831435932,2.73938237726864
2023-03-02 01:00:00,70.1166666666667,268.616666666667,61.2659502340068,2.10445586974619
2023-03-02 02:00:00,70.3666666666667,268.666666666667,59.0044642310944,1.85452064383919
2023-03-02 03:00:00,70.3833333333333,268.483333333333,64.1257895316417,1.05339785080016
2023-03-02 04:00:00,69.2166666666667,268.5,67.7695781363239,1.59155090516525
2023-03-02 05:00:00,67.4166666666667,268.383333333333,99.077426933407,1.72981694176983
2023-03-02 06:00:00,69.5833333333333,267.9,132.180228339419,0.384288988595763
2023-03-02 07:00:00,65.9166666666667,267.95,46.2740756353406,1.39955734446221
2023-03-02 08:00:00,64.3166666666667,268.166666666667,352.280526806436,1.02388234956644
2023-03-02 09:00:00,61.4666666666667,268.383333333333,54.9786540812377,2.22616268564956
2023-03-02 10:00:00,60.2333333333333,268.483333333333,68.002486771706,2.68947200684255
2023-03-02 11:00:00,59.4833333333333,268.916666666667,74.7013089694892,3.11770378097912
2023-03-02 12:00:00,58.0166666666667,269.55,84.1115337234824,2.19241020826071
2023-03-02 13:00:00,58.1166666666667,269.566666666667,82.0110370640778,3.60563439738805
2023-03-02 14:00:00,59.55,270.283333333333,64.7631537780914,3.17554474660522
2023-03-02 15:00:00,54.0833333333333,270.883333333333,49.9486004282568,2.10583428635726
2023-03-02 16:00:00,52.3833333333333,271.5,45.3883990724406,0.832742869973538
2023-03-02 17:00:00,55.5,270.333333333333,166.852538260748,0.792694058562539
2023-03-02 18:00:00,59.15,269.5,138.465889859635,1.91125379704809
2023-03-02 19:00:00,59.4166666666667,269.333333333333,165.319392452095,1.75240575124506
2023-03-02 20:00:00,63.3,268.916666666667,202.091018739261,2.10699052861204
2023-03-02 21:00:00,66.2666666666667,268.45,177.109103726919,1.19117216405513
2023-03-02 22:00:00,73.2666666666667,268.066666666667,207.080878879602,0.963740320616608
2023-03-02 23:00:00,72.3666666666667,267.716666666667,209.229131330439,0.227532764599596
2023-03-03 00:00:00,75.35,267.733333333333,191.113677038254,1.12078612325704
2023-03-03 01:00:00,77.75,267.533333333333,160.358977944864,1.91852644345818
2023-03-03 02:00:00,76.3833333333334,267.566666666667,155.694686519193,2.09548150150288
2023-03-03 03:00:00,75.8,267.55,153.991328218857,2.39995757225998
2023-03-03 04:00:00,71.9166666666667,267.783333333333,171.807934246076,2.10625124036009
2023-03-03 05:00:00,76.4333333333333,267.616666666667,184.5541472721,1.6293673644052
2023-03-03 06:00:00,79.3666666666667,267.133333333333,187.160690920228,1.59451327316276
2023-03-03 07:00:00,81.85,266.733333333333,174.706364079247,1.5006862637982
2023-03-03 08:00:00,81.8333333333333,267.0,179.454042381025,2.37446901764306
2023-03-03 09:00:00,77.25,267.45,173.103281227387,1.47946291501298
2023-03-03 10:00:00,69.1166666666667,269.033333333333,185.461571334715,1.02244873345147
2023-03-03 11:00:00,71.7333333333333,268.766666666667,194.235458347944,1.19541481004827
2023-03-03 12:00:00,80.8,267.75,204.074316014076,1.69872655730976
2023-03-03 13:00:00,73.5166666666667,268.75,223.505375367196,1.00157130706761
2023-03-03 14:00:00,71.65,269.85,70.4558855203878,0.269715999962183
2023-03-03 15:00:00,75.3166666666667,269.35,116.91357489502,0.579655152288751
2023-03-03 16:00:00,79.7166666666667,269.166666666667,80.9760897174282,0.74919539504243
2023-03-03 17:00:00,84.3666666666667,268.416666666667,177.109800160655,1.3765721982028
2023-03-03 18:00:00,88.5333333333334,267.95,244.654138042014,0.52626169998543
2023-03-03 19:00:00,92.95,267.433333333333,214.284879378013,1.59933750476624
2023-03-03 20:00:00,98.9166666666667,267.15,185.555145565055,1.27106690597636
2023-03-03 21:00:00,97.9833333333333,267.083333333333,220.643847500801,0.43604400445018
2023-03-03 22:00:00,84.5166666666667,266.883333333333,125.058132930878,1.32915978154077
2023-03-03 23:00:00,92.3166666666667,266.283333333333,310.971212805229,0.187802642444422
2023-03-04 00:00:00,96.3333333333333,265.883333333333,222.38771387728,1.2581197371541
2023-03-04 01:00:00,95.9,265.6,181.006396200654,1.77651900379703
2023-03-04 02:00:00,95.2666666666667,265.366666666667,203.378340779219,1.2153402127066
2023-03-04 03:00:00,95.2333333333333,265.116666666667,230.294230565668,2.47626062434228
2023-03-04 04:00:00,94.9333333333333,264.9,243.782626490073,2.34470291640301
2023-03-04 05:00:00,94.5666666666667,264.766666666667,221.046310097806,2.12650915851623
2023-03-04 06:00:00,94.3166666666667,264.916666666667,191.131056781387,1.90534080144088
2023-03-04 07:00:00,94.0833333333333,264.9,211.270305962231,1.30325919143307
2023-03-04 08:00:00,92.5833333333333,264.983333333333,195.015534988761,2.5076303295144
2023-03-04 09:00:00,67.9833333333333,266.6,193.804054054726,2.00915071912787
2023-03-04 10:00:00,46.6666666666667,268.383333333333,196.515332633233,1.01598020810035
2023-03-04 11:00:00,50.5666666666667,268.683333333333,207.477490396622,1.30633584416651
2023-03-04 12:00:00,63.9,267.883333333333,187.783140145775,2.15426667690606
2023-03-04 13:00:00,44.7166666666667,271.5,19.9967217299561,1.36606273315774
2023-03-04 14:00:00,51.95,269.6,31.8029944921316,2.93656110159504
2023-03-04 15:00:00,53.9166666666667,269.45,32.4567763602237,3.48562762011078
2023-03-04 16:00:00,61.2166666666667,269.283333333333,20.1371272538551,3.773098620896
2023-03-04 17:00:00,68.7833333333333,268.416666666667,28.9740092825037,3.82619631772526
2023-03-04 18:00:00,78.2166666666667,267.683333333333,17.1726560219943,3.66201788270129
2023-03-04 19:00:00,82.6833333333333,266.7,11.3202491676604,3.64846153059156
2023-03-04 20:00:00,80.2333333333333,266.333333333333,8.18503354612886,2.55140408461321
2023-03-04 21:00:00,94.5833333333333,265.466666666667,7.73037869120162,3.94165150093891
2023-03-04 22:00:00,93.4333333333333,264.716666666667,18.4925393805872,2.92654039891676
2023-03-04 23:00:00,57.4333333333333,265.9,33.7406784235117,2.91934440898825
2023-03-05 00:00:00,32.6833333333333,266.5,17.4960499710529,2.86233629472338
2023-03-05 01:00:00,27.85,266.466666666667,36.8275500728019,3.28224046308639
2023-03-05 02:00:00,21.9166666666667,266.733333333333,17.3858380627483,2.90151428782354
2023-03-05 03:00:00,25.25,266.466666666667,9.89694748200384,2.35688402364625
2023-03-05 04:00:00,29.8333333333333,266.533333333333,20.8116625088558,2.19090571247804
2023-03-05 05:00:00,30.2666666666667,266.0,21.0075216378608,2.4579702498956
2023-03-05 06:00:00,33.4166666666667,265.65,20.8090778123453,2.9744003175743
2023-03-05 07:00:00,32.85,266.266666666667,13.3262277454211,3.47660880913285
2023-03-05 08:00:00,33.5166666666667,266.4,12.3185218613832,4.0689761385059
2023-03-05 09:00:00,31.2166666666667,266.9,10.9859243381586,3.79571370726831
2023-03-05 10:00:00,29.5166666666667,267.65,8.26389191236137,3.52288368939952
2023-03-05 11:00:00,28.1666666666667,268.216666666667,29.8514987196384,2.98274049246107
2023-03-05 12:00:00,25.45,268.866666666667,29.0490753655418,3.71825690003607
2023-03-05 13:00:00,26.8333333333333,269.0,19.4304918431722,5.29736967111673
2023-03-05 14:00:00,32.4333333333333,269.116666666667,20.0954464146406,6.34397126669592
2023-03-05 15:00:00,32.6333333333333,268.716666666667,31.5054688816044,7.3607361786878
2023-03-05 16:00:00,39.75,268.666666666667,22.7841775683489,6.30776716000491
2023-03-05 17:00:00,46.2333333333333,268.116666666667,30.4189018154304,6.42761690216079
2023-03-05 18:00:00,40.2166666666667,267.833333333333,24.1483047035613,6.3042155914957
2023-03-05 19:00:00,32.1333333333333,267.4,27.2006443651707,5.42096345521417
2023-03-05 20:00:00,28.0,267.266666666667,33.8055513634247,5.24891300321659
2023-03-05 21:00:00,26.85,267.233333333333,27.510077834688,5.62372583994243
2023-03-05 22:00:00,27.5,267.233333333333,28.3493447341824,5.76550342575099
2023-03-05 23:00:00,29.7833333333333,267.316666666667,31.7703381261441,6.20950163751099
2023-03-06 00:00:00,34.9833333333333,267.283333333333,37.6546249249673,6.70335644865826
2023-03-06 01:00:00,38.3833333333333,267.016666666667,44.0723211860623,6.35722206801793
2023-03-06 02:00:00,40.9833333333333,266.8,32.8366623588752,6.17063745635325
2023-03-06 03:00:00,42.65,266.7,40.2745273682482,5.929592758762
2023-03-06 04:00:00,42.1333333333333,266.716666666667,45.7866518208366,6.57399582939486
2023-03-06 05:00:00,41.85,266.75,37.1151003585293,5.91711780384767
2023-03-06 06:00:00,41.45,266.766666666667,32.1770832832314,6.00893085385485
2023-03-06 07:00:00,43.1166666666667,266.666666666667,36.5011914272707,5.27278908974335
2023-03-06 08:00:00,46.75,266.433333333333,50.6054121733465,5.55770484963101
2023-03-06 09:00:00,50.45,266.433333333333,46.15088487435,6.35716525729595
2023-03-06 10:00:00,54.5333333333333,266.45,33.6667745146079,6.45090999404523
2023-03-06 11:00:00,58.0666666666667,266.516666666667,50.8236174359104,7.59368419968723
2023-03-06 12:00:00,54.9,267.166666666667,45.2491195193595,7.5323272495998
2023-03-06 13:00:00,57.55,267.483333333333,32.5016165159749,6.8651645760247
2023-03-06 14:00:00,62.4666666666667,267.7,22.39778186018,6.47299215860929
2023-03-06 15:00:00,73.7666666666667,267.35,20.301420927189,5.70510672667012
2023-03-06 16:00:00,78.3,267.15,28.8641473947918,5.28142920388031
2023-03-06 17:00:00,84.8,266.316666666667,33.1535737357081,5.06083044833271
2023-03-06 18:00:00,80.9666666666667,266.3,42.6999477741902,4.85936963597599
2023-03-06 19:00:00,87.3,265.483333333333,34.1785817722668,3.90927761955455
2023-03-06 20:00:00,89.9166666666667,264.983333333333,24.2576877936194,3.86005654884541
2023-03-06 21:00:00,93.4166666666667,264.116666666667,16.6066362277269,3.43501590996125
2023-03-06 22:00:00,93.05,263.9,19.1885945214949,3.20244192084883
2023-03-06 23:00:00,92.6,263.466666666667,24.5083308361727,3.02306679659417
2023-03-07 00:00:00,92.7166666666667,263.816666666667,40.5677571942848,4.17020118177187
2023-03-07 01:00:00,92.6666666666667,264.0,24.0899786383654,4.15939488403411
2023-03-07 02:00:00,91.9666666666667,264.05,24.2546370258336,4.38738919876448
2023-03-07 03:00:00,82.3166666666667,264.533333333333,29.9122833336249,4.84515886508803
2023-03-07 04:00:00,81.15,264.4,30.6587138404142,4.2093232060563
2023-03-07 05:00:00,62.5166666666667,265.45,45.5283085785116,5.31945998615184
2023-03-07 06:00:00,53.3,265.816666666667,51.4444758036451,5.59624499223241
2023-03-07 07:00:00,39.8666666666667,266.65,58.1121179698574,7.62415151306123
2023-03-07 08:00:00,38.7833333333333,267.133333333333,53.0910759418572,7.07645667401688
2023-03-07 09:00:00,34.8833333333333,267.716666666667,47.4681384830615,6.13465243659507
2023-03-07 10:00:00,39.9166666666667,267.95,20.1339547110897,4.74881002195775
2023-03-07 11:00:00,31.6,268.783333333333,44.4153244981164,7.13630375824917
2023-03-07 12:00:00,28.15,269.25,49.6079150554602,7.56042185166731
2023-03-07 13:00:00,21.75,269.933333333333,51.841873891261,6.94527885321656
2023-03-07 14:00:00,21.0833333333333,270.666666666667,41.1314202369372,6.0098450384456
2023-03-07 15:00:00,23.8,270.416666666667,56.2178964869521,7.47385174513579
2023-03-07 16:00:00,27.4833333333333,270.45,55.9470390979803,7.06933806733828
2023-03-07 17:00:00,42.4166666666667,269.566666666667,44.9979546531341,4.83402189153836
2023-03-07 18:00:00,55.4166666666667,268.7,33.7633712038586,4.95331069230589
2023-03-07 19:00:00,60.4833333333334,268.033333333333,41.7605719497834,5.79292451605408
2023-03-07 20:00:00,66.0,267.583333333333,39.5018489360713,5.71688148643891
2023-03-07 21:00:00,61.0,267.866666666667,53.2716685157403,8.27980712556204
2023-03-07 22:00:00,66.0666666666667,267.45,55.3984105988125,7.47469789191209
2023-03-07 23:00:00,81.8166666666667,266.383333333333,38.5035901897485,6.61928560859727
2023-03-08 00:00:00,78.9,266.733333333333,47.5801799700886,7.63800587725154
2023-03-08 01:00:00,81.1833333333333,266.383333333333,38.8346689583418,6.9434821084364
2023-03-08 02:00:00,77.9333333333333,266.216666666667,43.4439526156552,6.6469237693501
2023-03-08 03:00:00,63.7,266.7,42.5616569545813,7.23607892800731
2023-03-08 04:00:00,55.6666666666667,266.966666666667,44.2610553589352,7.36213693629884
2023-03-08 05:00:00,51.7333333333333,267.266666666667,44.8279761979076,4.71484473085827
2023-03-08 06:00:00,50.9666666666667,267.783333333333,53.1123147034253,4.80322219188101
2023-03-08 07:00:00,49.8333333333333,268.233333333333,50.6066208674716,5.11893960360301
2023-03-08 08:00:00,48.7166666666667,269.016666666667,51.1801256864388,7.45090159850556
2023-03-08 09:00:00,52.45,269.533333333333,59.6615602782009,9.61745868241372
2023-03-08 10:00:00,62.7166666666667,269.9,59.5436517216465,10.3754383237557
2023-03-08 11:00:00,87.1333333333333,269.3,36.3347046767705,6.63702587242539
2023-03-08 12:00:00,94.0833333333333,269.6,40.3155720414939,6.4757545363551
2023-03-08 13:00:00,94.95,270.15,41.2027576688017,7.29479795483197
2023-03-08 14:00:00,95.4833333333333,270.3,49.0011047685792,9.36228630893484
2023-03-08 15:00:00,87.1166666666667,270.866666666667,57.3129692164722,10.8837271568299
2023-03-08 16:00:00,69.6166666666667,271.983333333333,49.6686360758133,8.15021289547287
2023-03-08 17:00:00,62.8666666666667,272.283333333333,46.1700605686272,8.96755250483229
2023-03-08 18:00:00,59.5166666666667,272.383333333333,56.4433603205453,8.47249133264617
2023-03-08 19:00:00,77.75,271.083333333333,53.5691516622121,8.34104546812894
2023-03-08 20:00:00,80.8666666666667,271.333333333333,58.9306564852202,13.2025385719769
2023-03-08 21:00:00,90.9333333333333,270.95,27.3521504613369,10.3051404125242
2023-03-08 22:00:00,86.3666666666667,271.333333333333,35.6094149983776,12.1043939597752
2023-03-08 23:00:00,74.8166666666667,272.166666666667,29.7303176562248,10.3948621490925
2023-03-09 00:00:00,80.8666666666667,271.6,30.1203751700485,8.34158468304974
2023-03-09 01:00:00,99.2333333333333,270.333333333333,53.1782930542611,5.10249358336209
2023-03-09 02:00:00,100.383333333333,270.683333333333,58.4663723775849,8.98500839989481
2023-03-09 03:00:00,99.75,270.716666666667,32.6530872338958,8.82081540994699
2023-03-09 04:00:00,98.25,270.733333333333,30.8405012074784,10.3373836588321
2023-03-09 05:00:00,91.3333333333333,270.7,31.8465738673438,9.13735330675325
2023-03-09 06:00:00,92.4666666666667,270.516666666667,41.4455821700956,9.6686123474328
2023-03-09 07:00:00,82.5833333333333,270.6,28.0884675634059,10.8822759425512
2023-03-09 08:00:00,95.8166666666667,269.716666666667,13.7151323030613,9.55290682592068
2023-03-09 09:00:00,99.4166666666667,269.383333333333,2.52598220643449,9.22173010115426
2023-03-09 10:00:00,98.8666666666667,269.05,348.584241898258,6.5488333916972
2023-03-09 11:00:00,98.9833333333333,269.35,8.7642959142122,6.6028173061945
2023-03-09 12:00:00,95.35,269.35,20.7369670072014,9.11568565084594
2023-03-09 13:00:00,82.9833333333333,269.783333333333,22.8381841078302,12.21518804106
2023-03-09 14:00:00,79.9,269.966666666667,26.112867067142,8.97843077765881
2023-03-09 15:00:00,80.35,270.6,18.1204013991088,7.55819545202151
2023-03-09 16:00:00,73.5,271.133333333333,20.7285042956995,6.73298128214372
2023-03-09 17:00:00,71.35,271.116666666667,50.1204200652623,6.46959041114458
2023-03-09 18:00:00,60.25,271.55,36.7609072345027,5.93788332669304
2023-03-09 19:00:00,55.25,271.683333333333,54.0882035157674,6.24035952608974
2023-03-09 20:00:00,50.1833333333333,272.116666666667,51.9842473975413,6.63895655318378
2023-03-09 21:00:00,48.55,272.283333333333,56.0269770664805,7.09279702428018
2023-03-09 22:00:00,45.1833333333333,272.466666666667,50.3985350668836,6.78267662299332
2023-03-09 23:00:00,43.2166666666667,272.566666666667,52.7096505918401,7.57319695889403
2023-03-10 00:00:00,44.5333333333333,272.366666666667,56.5856322178133,8.1759996765454
2023-03-10 01:00:00,42.6666666666667,272.5,54.2593851006974,7.87995631121184
2023-03-10 02:00:00,44.6666666666667,272.383333333333,69.7917404138856,7.34075608284674
2023-03-10 03:00:00,45.95,272.233333333333,68.2835652732455,6.33805346279096
2023-03-10 04:00:00,45.65,272.05,62.7824097158585,6.24360243959063
2023-03-10 05:00:00,46.3333333333333,271.916666666667,54.2339264685195,5.76618676351394
2023-03-10 06:00:00,55.5166666666667,271.05,28.4079307862096,6.18318744561458
2023-03-10 07:00:00,85.4666666666667,268.933333333333,62.5511706844267,4.08816134830782
2023-03-10 08:00:00,92.05,268.633333333333,70.0312581857696,1.14332179876811
2023-03-10 09:00:00,80.6,269.733333333333,73.3124003474007,1.38235401900629
2023-03-10 10:00:00,67.4,270.6,42.8052176182525,6.75380916012345
2023-03-10 11:00:00,65.6333333333333,271.033333333333,27.4018091949273,5.57875387723039
2023-03-10 12:00:00,93.55,269.2,10.501285853655,7.7421956776082
2023-03-10 13:00:00,71.75,270.116666666667,22.218718886967,6.64986447031096
2023-03-10 14:00:00,78.95,269.883333333333,23.7010626957591,7.75013885078171
2023-03-10 15:00:00,97.5666666666667,268.633333333333,10.7917049782041,10.4815605151888
2023-03-10 16:00:00,97.4666666666667,268.216666666667,17.4477610697396,8.94958740696412
2023-03-10 17:00:00,97.5,268.166666666667,25.3313293603205,9.09233658768813
2023-03-10 18:00:00,90.1,267.65,21.8042225802444,14.5403260181875
2023-03-10 19:00:00,95.85,266.116666666667,356.72551963683,12.6429518305681
2023-03-10 20:00:00,95.9333333333333,266.15,26.8779436338111,11.0423270913119
2023-03-10 21:00:00,96.0833333333334,266.316666666667,17.223391103649,10.9251457887608
2023-03-10 22:00:00,96.15,266.35,12.8735170180723,15.9605405979538
2023-03-10 23:00:00,95.8833333333333,266.033333333333,358.693466630953,13.4498967584094
2023-03-11 00:00:00,95.6666666666667,265.833333333333,11.1781747324104,11.1674678893593
2023-03-11 01:00:00,95.3,265.5,10.1702144997775,12.1504286889306
2023-03-11 02:00:00,95.0166666666667,265.183333333333,3.38921083715172,11.2110654561148
2023-03-11 03:00:00,94.6,264.833333333333,11.9370954911208,12.0758192504665
2023-03-11 04:00:00,94.2,264.45,13.009881629903,10.9650322345644
2023-03-11 05:00:00,94.0166666666667,264.233333333333,17.5130504832133,9.08384645233433
2023-03-11 06:00:00,93.8333333333333,264.116666666667,23.6672874812051,8.80220058745763
2023-03-11 07:00:00,93.8,264.133333333333,28.3720414041232,8.28996811081408
2023-03-11 08:00:00,93.7,264.1,25.6009328396631,6.71921710760469
2023-03-11 09:00:00,93.7333333333333,264.233333333333,29.2710104316224,8.35261368454272
2023-03-11 10:00:00,94.1,264.833333333333,31.5283315285435,7.42887655171325
2023-03-11 11:00:00,94.25,265.25,28.230988156816,8.86589412575009
2023-03-11 12:00:00,94.3,265.733333333333,22.2688846407414,8.20478705135976
2023-03-11 13:00:00,94.35,265.85,19.966725176274,10.7643973910579
2023-03-11 14:00:00,95.2166666666667,266.266666666667,23.8786675033487,10.7920123692184
2023-03-11 15:00:00,95.7166666666667,266.616666666667,19.2565414726558,10.0384162329094
2023-03-11 16:00:00,95.95,266.75,17.280849802931,9.70671646550016
2023-03-11 17:00:00,96.3166666666667,266.816666666667,15.4698835557718,11.0294050150437
2023-03-11 18:00:00,96.5333333333334,266.8,10.8743825740163,7.51782606027993
2023-03-11 19:00:00,96.7,266.916666666667,21.3443328805428,7.74080122159215
2023-03-11 20:00:00,96.4833333333333,266.616666666667,14.6843486970984,6.79688300463078
2023-03-11 21:00:00,96.35,266.45,16.8853393542864,7.70984887280056
2023-03-11 22:00:00,96.3833333333334,266.45,22.4504478505082,5.97518032042783
2023-03-11 23:00:00,96.4,266.5,14.5850399693937,6.50283602513719
2023-03-12 00:00:00,96.7833333333333,266.866666666667,17.4587556251018,8.54981153505979
2023-03-12 01:00:00,97.1,267.2,7.57091086732311,10.3325662088069
2023-03-12 02:00:00,97.2333333333333,267.316666666667,4.14558999030703,8.74768734837654
2023-03-12 03:00:00,97.3,267.416666666667,15.7941155059792,7.48096356165751
2023-03-12 04:00:00,97.3,267.35,13.301311200578,7.47459315278356
2023-03-12 05:00:00,97.3833333333333,267.4,3.60296847517174,8.34091067902763
2023-03-12 06:00:00,97.8833333333333,267.916666666667,358.138120536388,9.28978173516784
2023-03-12 07:00:00,98.15,268.166666666667,0.874371028950293,8.18217714368969
2023-03-12 08:00:00,98.2666666666667,268.3,9.77040614859595,8.79888467078278
2023-03-12 09:00:00,98.3166666666667,268.466666666667,6.34255990152985,8.14356809390669
2023-03-12 10:00:00,98.3666666666667,268.733333333333,351.990350424638,8.73694352710691
2023-03-12 11:00:00,98.2,268.533333333333,356.911778604025,8.87938089970152
2023-03-12 12:00:00,98.7166666666667,269.25,2.64735204247961,6.71665889553654
2023-03-12 13:00:00,99.5,269.916666666667,7.27312300117586,6.89316438708391
2023-03-12 14:00:00,99.6833333333333,269.983333333333,5.66268618094625,10.5087043418117
2023-03-12 15:00:00,99.6,269.933333333333,5.28753601112504,11.197286401403
2023-03-12 16:00:00,99.3666666666667,269.616666666667,10.1099287086645,11.4772542412812
2023-03-12 17:00:00,99.5166666666667,269.516666666667,4.55783480866182,8.23496905284423
2023-03-12 18:00:00,98.9833333333333,268.85,32.0572335953524,6.71690857530619
2023-03-12 19:00:00,98.5333333333333,268.216666666667,30.0002412208011,7.29505093528798
2023-03-12 20:00:00,97.95,267.9,28.798082334451,6.54631559537868
2023-03-12 21:00:00,96.9833333333333,267.716666666667,27.4765940962716,5.81649718212895
2023-03-12 22:00:00,87.1,268.333333333333,18.6845519484034,7.77251761277339
2023-03-12 23:00:00,46.0666666666667,270.733333333333,24.820098806,8.60338993769391
2023-03-13 00:00:00,18.6166666666667,272.766666666667,22.6616335058611,8.85022854364456
2023-03-13 01:00:00,14.2333333333333,273.233333333333,23.9898263012997,6.76644799547877
2023-03-13 02:00:00,13.1,273.7,28.431651928916,6.16689198278726
2023-03-13 03:00:00,13.1666666666667,274.2,29.8125652219654,7.47352515598017
2023-03-13 04:00:00,17.1333333333333,274.416666666667,37.9305244395517,7.9616690865697
2023-03-13 05:00:00,22.55,274.55,34.2284761212229,8.12865411728642
2023-03-13 06:00:00,24.6,274.833333333333,48.1126985972213,8.19438859455642
2023-03-13 07:00:00,33.95,275.0,32.4077096716621,7.16901885777898
2023-03-13 08:00:00,51.2666666666667,274.366666666667,17.1491933294719,6.82063821611741
2023-03-13 09:00:00,78.2333333333333,273.366666666667,43.1545026156656,5.24521985712856
2023-03-13 10:00:00,79.1666666666667,274.533333333333,36.8225525454407,5.89573142236635
2023-03-13 11:00:00,69.5166666666667,276.083333333333,50.0974853499067,6.76378965052591
2023-03-13 12:00:00,63.95,277.55,45.6305527753256,7.14005517712888
2023-03-13 13:00:00,57.6833333333333,278.483333333333,28.2220361636699,4.73221996121897
2023-03-13 14:00:00,58.7166666666667,277.666666666667,2.25914698745237,2.53252049557931
2023-03-13 15:00:00,53.1166666666667,278.216666666667,29.16283527176,3.59130904724412
2023-03-13 16:00:00,43.4833333333333,279.383333333333,21.3180781440116,4.24529806028969
2023-03-13 17:00:00,46.4166666666667,279.083333333333,10.4979628543913,0.957729772034261
2023-03-13 18:00:00,41.95,278.35,61.3387509892077,3.28363926702475
2023-03-13 19:00:00,34.6166666666667,278.3,55.6337130009143,9.66703685574799
2023-03-13 20:00:00,28.8166666666667,278.616666666667,55.400087713704,13.8348832491846
2023-03-13 21:00:00,38.1666666666667,277.366666666667,45.1426080689786,14.2745946525359
2023-03-13 22:00:00,46.8833333333333,276.583333333333,44.435216668059,17.3468486801557
2023-03-13 23:00:00,53.3,275.933333333333,46.0881517973215,13.8850571618831
2023-03-14 00:00:00,55.1333333333333,276.0,57.0994333891129,10.4181176206288
2023-03-14 01:00:00,60.8666666666667,275.566666666667,68.2902584658119,8.07493468168538
2023-03-14 02:00:00,79.7,273.333333333333,6.04585527689619,3.0266348871628
2023-03-14 03:00:00,100.4,271.433333333333,347.718812267001,2.78463830126664
2023-03-14 04:00:00,100.4,271.066666666667,357.513693590295,2.39872717857041
2023-03-14 05:00:00,100.4,270.766666666667,25.1416388498357,2.66681144788558
2023-03-14 06:00:00,100.4,270.35,334.602547474859,2.45367518263283
2023-03-14 07:00:00,100.4,270.516666666667,42.0107056179476,2.01562800271434
2023-03-14 08:00:00,100.4,270.4,5.56919110605384,0.707747630317522
2023-03-14 09:00:00,100.4,270.35,36.1094989821118,2.5913921878011
2023-03-14 10:00:00,100.266666666667,270.1,40.1744241296924,7.386935224127
2023-03-14 11:00:00,100.266666666667,270.8,18.3117903130614,6.88175492221684
2023-03-14 12:00:00,99.75,270.5,34.7978960293201,6.70329957391657
2023-03-14 13:00:00,100.35,271.15,7.82325203663163,6.01808304082729
2023-03-14 14:00:00,100.4,270.466666666667,1.84429637244159,7.65262279724479
2023-03-14 15:00:00,99.75,269.4,0.0013344654788625,11.0773829398598
2023-03-14 16:00:00,98.3666666666667,267.983333333333,351.53819310798,12.0737544614695
2023-03-14 17:00:00,97.3333333333333,266.9,351.316394724182,12.1414479094486
2023-03-14 18:00:00,96.0666666666667,265.65,0.0569412539518908,11.2689581527571
2023-03-14 19:00:00,95.55,265.183333333333,20.9707842177564,11.4678958002446
2023-03-14 20:00:00,95.65,265.3,8.36833523432529,6.59028348144006
2023-03-14 21:00:00,95.7,265.383333333333,8.84203952495716,5.89066394021381
2023-03-14 22:00:00,95.4833333333333,265.2,12.8907000968481,9.92854735350951
2023-03-14 23:00:00,94.7666666666667,264.566666666667,351.396603439823,10.3034590682742
2023-03-15 00:00:00,94.2166666666667,264.033333333333,1.59447168186085,7.9667586172054
2023-03-15 01:00:00,93.9333333333333,263.833333333333,13.5464856975605,8.09673103832007
2023-03-15 02:00:00,93.9333333333333,263.8,20.7830680356611,8.47045413922967
2023-03-15 03:00:00,93.9166666666667,263.85,19.5429472009033,7.3611683411243
2023-03-15 04:00:00,92.9,263.016666666667,334.925015068001,9.06414683388394
2023-03-15 05:00:00,91.2666666666667,261.666666666667,357.98403666922,6.24717805681793
2023-03-15 06:00:00,91.1666666666667,261.583333333333,325.58251548316,5.01109383460472
2023-03-15 07:00:00,90.0833333333333,260.75,329.369006511508,5.12282603543013
2023-03-15 08:00:00,89.4166666666667,260.183333333333,333.883689758156,2.51946087864771
2023-03-15 09:00:00,90.0333333333334,260.883333333333,7.43106428448817,1.847262573754
2023-03-15 10:00:00,91.5333333333333,262.85,29.327033058596,1.55512912745453
2023-03-15 11:00:00,89.1166666666667,261.25,38.8750169950761,2.187028860524
2023-03-15 12:00:00,90.7166666666667,262.516666666667,20.9739747398207,2.22993949786025
2023-03-15 13:00:00,92.7833333333333,264.366666666667,5.27792012218345,2.82082942607484
2023-03-15 14:00:00,92.8166666666667,264.316666666667,3.64223994107414,3.35215280429341
2023-03-15 15:00:00,92.8333333333333,263.766666666667,354.254403270593,3.5839108040731
2023-03-15 16:00:00,92.5666666666667,263.333333333333,342.502616998048,5.06675163403443
2023-03-15 17:00:00,92.1166666666667,262.75,351.58793029501,3.99137312205414
2023-03-15 18:00:00,91.4166666666667,262.116666666667,7.62051575690782,3.28210353459549
2023-03-15 19:00:00,91.1166666666667,261.7,9.71671385980943,3.67255995694537
2023-03-15 20:00:00,91.15,261.716666666667,17.6364542658166,3.37279819504207
2023-03-15 21:00:00,91.2833333333334,261.833333333333,16.2775503110697,3.18749472610455
2023-03-15 22:00:00,91.3666666666667,261.95,25.228579755118,2.44750443653984
2023-03-15 23:00:00,91.4666666666667,262.016666666667,15.306259776483,2.79169925682588
2023-03-16 00:00:00,91.05,261.666666666667,30.9270399218299,3.35752015285016
2023-03-16 01:00:00,90.8,261.533333333333,26.6783630806549,3.74249254008548
2023-03-16 02:00:00,91.0,261.933333333333,37.8035910533955,2.95169854203101
2023-03-16 03:00:00,90.0166666666667,262.016666666667,57.0234830598554,2.5537254092282
2023-03-16 04:00:00,89.7666666666667,262.1,46.1965868432684,2.20001652741777
2023-03-16 05:00:00,77.7333333333333,262.95,37.8502623384296,3.48372052210601
2023-03-16 06:00:00,56.3666666666667,264.016666666667,43.479329023622,4.15536205669322
2023-03-16 07:00:00,27.9666666666667,265.833333333333,39.2931389119193,4.24109172022463
2023-03-16 08:00:00,11.05,267.833333333333,29.4067467795957,3.51833453450947
2023-03-16 09:00:00,7.83333333333333,269.0,48.0020866128577,2.50117671770829
2023-03-16 10:00:00,6.48333333333333,270.416666666667,21.3087308853432,2.9021253458197
2023-03-16 11:00:00,6.91666666666667,270.4,40.0714191233398,3.05612270341621
2023-03-16 12:00:00,6.81666666666667,270.9,42.1008208764204,4.08274721001677
2023-03-16 13:00:00,10.95,271.816666666667,36.463629712806,3.81565091446775
2023-03-16 14:00:00,17.75,273.683333333333,17.116249000253,2.76173815789534
2023-03-16 15:00:00,28.1333333333333,273.066666666667,24.4023406779259,3.95765783127446
2023-03-16 16:00:00,38.8,273.55,14.2025890314539,3.50149081398945
2023-03-16 17:00:00,42.7,273.3,22.3954638816162,4.34399300354749
2023-03-16 18:00:00,46.1833333333333,273.05,22.9996667326205,4.08404093085441
2023-03-16 19:00:00,48.8833333333333,272.716666666667,19.5069124263625,3.75747295758331
2023-03-16 20:00:00,49.1166666666667,272.95,44.7357395763427,2.76097767518304
2023-03-16 21:00:00,50.15,273.15,41.4867422790101,3.16122188107518
2023-03-16 22:00:00,49.7666666666667,273.15,49.9032344880538,2.61827445079106
2023-03-16 23:00:00,29.7166666666667,274.283333333333,65.1718045645067,2.95346996959893
2023-03-17 00:00:00,17.9,274.983333333333,63.261645317129,2.50280789154255
2023-03-17 01:00:00,10.1166666666667,275.733333333333,66.3396064699901,1.30972736168935
2023-03-17 02:00:00,7.91666666666667,276.1,62.2744281337645,2.22312723133051
2023-03-17 03:00:00,7.63333333333333,276.916666666667,54.5227238979049,2.23667981499197
2023-03-17 04:00:00,10.1666666666667,276.8,55.5872168520346,2.12660580453814
2023-03-17 05:00:00,13.6666666666667,277.0,60.3575343395163,2.43536087625603
2023-03-17 06:00:00,16.4,276.983333333333,49.4923174719024,1.66276167826898
2023-03-17 07:00:00,16.9166666666667,277.533333333333,68.0641943115774,1.37446074948414
2023-03-17 08:00:00,15.3333333333333,278.8,69.4954856458531,1.67987892130002
2023-03-17 09:00:00,13.65,279.883333333333,50.5294322567307,1.07375726197211
2023-03-17 10:00:00,11.8333333333333,280.766666666667,60.4311316749141,1.55927206259486
2023-03-17 11:00:00,11.0166666666667,282.7,41.1189332112929,0.772277956302861
2023-03-17 12:00:00,11.7833333333333,283.383333333333,74.412240369087,0.571944489432449
2023-03-17 13:00:00,13.7833333333333,283.3,100.949197672081,0.265895746002121
2023-03-17 14:00:00,15.8833333333333,282.916666666667,29.9852333446202,0.750273565120199
2023-03-17 15:00:00,20.9833333333333,280.733333333333,70.9923804647813,0.886514912518555
2023-03-17 16:00:00,21.25,280.583333333333,173.025811163927,0.693368187920105
2023-03-17 17:00:00,24.8166666666667,280.216666666667,45.5075725988432,0.862897011170074
2023-03-17 18:00:00,30.0833333333333,278.95,264.394017500385,0.710229686629996
2023-03-17 19:00:00,32.5166666666667,278.266666666667,324.776677853182,0.838839849824543
2023-03-17 20:00:00,34.9,277.75,43.4212532528089,0.729593388301957
2023-03-17 21:00:00,35.3833333333333,277.533333333333,76.5693531203976,0.371417333609155
2023-03-17 22:00:00,36.2166666666667,277.05,24.9331913016155,0.788612242151307
2023-03-17 23:00:00,39.0,276.466666666667,19.1910124011891,0.301807862626248
2023-03-18 00:00:00,46.65,275.116666666667,4.03963887185364,1.41558535663544
2023-03-18 01:00:00,45.05,275.333333333333,164.94538966069,0.825729097381043
2023-03-18 02:00:00,46.6166666666667,275.033333333333,170.959349978388,1.28576688133891
2023-03-18 03:00:00,51.7,274.3,246.542813637437,0.170377861141403
2023-03-18 04:00:00,57.35,273.533333333333,258.532424723751,0.586951278799562
2023-03-18 05:00:00,57.8166666666667,273.4,193.236571150648,1.17351931215856
2023-03-18 06:00:00,60.1166666666667,272.733333333333,22.6348832445481,0.424169187726267
2023-03-18 07:00:00,57.2,272.916666666667,207.698290665181,0.355858796166009
2023-03-18 08:00:00,56.5833333333333,273.0,64.0021354375824,0.397822343303323
2023-03-18 09:00:00,50.4166666666667,274.6,23.4458330320329,0.474611635287495
2023-03-18 10:00:00,44.9666666666667,275.516666666667,107.652474345466,0.493714294953473
2023-03-18 11:00:00,37.85,278.05,69.6585598904038,0.137641395615956
2023-03-18 12:00:00,41.3333333333333,276.95,148.653264327567,0.394825569374976
2023-03-18 13:00:00,50.6333333333333,275.816666666667,246.39971342686,0.861356784749459
2023-03-18 14:00:00,40.9333333333333,279.0,347.171041299548,0.40679159351425
2023-03-18 15:00:00,46.2333333333333,277.65,67.801629340076,0.143177253789055
2023-03-18 16:00:00,50.1,277.316666666667,27.6441468999907,1.24259735369749
2023-03-18 17:00:00,51.9166666666667,276.9,11.6971839106268,2.05341441392796
2023-03-18 18:00:00,56.8833333333333,275.6,13.0914792864889,1.54821547177436
2023-03-18 19:00:00,55.9,275.483333333333,116.166672100638,1.1801084291537
2023-03-18 20:00:00,53.8333333333333,275.3,98.4342499066508,2.14188167288865
2023-03-18 21:00:00,57.1333333333334,274.733333333333,73.7745456029405,1.94418964787938
2023-03-18 22:00:00,61.3166666666667,274.216666666667,69.1274935831762,3.31769229306362
2023-03-18 23:00:00,64.1166666666667,273.916666666667,64.6725966403099,1.31328162944519
2023-03-19 00:00:00,70.2166666666667,273.366666666667,14.2821224790731,1.11372009139893
2023-03-19 01:00:00,72.7833333333334,272.866666666667,333.989987413191,1.22816671110176
2023-03-19 02:00:00,74.5833333333333,272.516666666667,339.266021587808,0.558309636668016
2023-03-19 03:00:00,72.4,272.616666666667,86.1652132413132,0.149830088868781
2023-03-19 04:00:00,77.6833333333333,272.1,356.178516935538,1.32564702937405
2023-03-19 05:00:00,77.7833333333334,271.85,15.0699889955799,1.58699045896894
2023-03-19 06:00:00,86.1833333333333,270.883333333333,3.53212045397964,1.94031577396864
2023-03-19 07:00:00,94.2333333333333,270.05,4.02305859187368,2.82496641892483
2023-03-19 08:00:00,90.6333333333333,270.633333333333,8.88235790307471,1.60139451107483
2023-03-19 09:00:00,81.7,271.766666666667,297.463196653611,0.159501029918909
2023-03-19 10:00:00,75.8666666666667,273.183333333333,339.56119398907,0.890014532710186
2023-03-19 11:00:00,76.75,272.7,87.7358729599075,0.261166704400262
2023-03-19 12:00:00,74.2,273.266666666667,15.63383298319,0.382557374500614
2023-03-19 13:00:00,78.05,273.033333333333,351.322386881478,1.99669219651359
2023-03-19 14:00:00,74.8666666666667,273.05,37.7787640578035,2.8821277727824
2023-03-19 15:00:00,74.5,273.266666666667,337.47292519003,1.84294802572483
2023-03-19 16:00:00,91.1666666666667,271.5,328.060428286671,2.4743053854233
2023-03-19 17:00:00,98.5166666666667,271.216666666667,337.176947638988,0.865180789485538
2023-03-19 18:00:00,100.383333333333,270.666666666667,354.375233981089,1.45632102692696
2023-03-19 19:00:00,100.4,270.566666666667,16.2893039503434,1.68316589415981
2023-03-19 20:00:00,100.4,270.216666666667,7.05736965168399,2.18279143393415
2023-03-19 21:00:00,100.4,270.2,332.39084961499,2.56176685717703
2023-03-19 22:00:00,100.4,269.966666666667,330.777230456096,2.84963140979713
2023-03-19 23:00:00,100.4,269.533333333333,1.02390498040097,3.24155741095165
2023-03-20 00:00:00,100.266666666667,269.35,13.9105006183955,3.49036582495816
2023-03-20 01:00:00,100.033333333333,269.15,9.48865105919708,2.38921705436279
2023-03-20 02:00:00,99.6333333333333,268.783333333333,1.56517391720467,2.55596305018266
2023-03-20 03:00:00,99.3833333333333,268.6,4.37653968313794,2.09953181756293
2023-03-20 04:00:00,99.2833333333333,268.483333333333,4.83043286629692,0.641695241879074
2023-03-20 05:00:00,99.15,268.4,326.0,0.131666666666667
2023-03-20 06:00:00,99.2333333333334,268.55,318.212864368951,0.17901086223862
2023-03-20 07:00:00,99.1833333333333,268.466666666667,6.92238854574504,0.310720995445497
2023-03-20 08:00:00,98.8833333333333,268.55,278.677896113364,0.0707163213394377
2023-03-20 09:00:00,98.8,270.916666666667,2.01938251896166,0.665945934134783
2023-03-20 10:00:00,96.9,270.816666666667,32.5784100657517,1.06186417610178
2023-03-20 11:00:00,86.25,270.116666666667,156.712364609649,1.22044381368392
2023-03-20 12:00:00,86.0333333333333,271.233333333333,271.904190519841,0.954517323723363
2023-03-20 13:00:00,83.25,273.733333333333,10.7623706705417,1.12073063827084
2023-03-20 14:00:00,81.2666666666667,272.95,13.6356737186195,2.16881558350871
2023-03-20 15:00:00,84.8833333333333,271.916666666667,11.9372613080775,3.48514322402042
2023-03-20 16:00:00,89.4,271.366666666667,29.8116851652874,3.2760389435681
2023-03-20 17:00:00,88.8666666666667,271.416666666667,30.175022175711,3.33799181924849
2023-03-20 18:00:00,82.8833333333333,271.6,20.8815913154164,2.25554823534874
2023-03-20 19:00:00,77.9166666666667,271.25,28.8971725131045,1.18516979735513
2023-03-20 20:00:00,80.7166666666667,270.8,348.49766991682,2.17559250641261
2023-03-20 21:00:00,65.9833333333333,271.283333333333,31.3233920097399,2.81620208046373
2023-03-20 22:00:00,65.55,271.066666666667,16.4277318716719,2.42223020550419
2023-03-20 23:00:00,66.5166666666667,271.033333333333,18.5434208547121,3.53301087264362
2023-03-21 00:00:00,57.6333333333333,271.266666666667,21.0609575124641,2.92478804237962
2023-03-21 01:00:00,50.45,271.416666666667,17.2957120154526,1.99503940822449
2023-03-21 02:00:00,37.4333333333333,271.833333333333,39.4103363519898,2.56246645309868
2023-03-21 03:00:00,30.6833333333333,271.916666666667,17.0635739371575,2.11833765802287
2023-03-21 04:00:00,29.2166666666667,271.866666666667,21.2497624631458,3.30872591757342
2023-03-21 05:00:00,28.45,272.166666666667,20.3638267832067,2.29519528514193
2023-03-21 06:00:00,29.3166666666667,272.516666666667,41.9311452706754,2.01653578369889
2023-03-21 07:00:00,29.1,273.116666666667,38.5393540696208,2.81831373912484
2023-03-21 08:00:00,36.5,273.383333333333,42.0824598228902,2.56837818470797
2023-03-21 09:00:00,53.3666666666667,273.9,41.0542703438645,1.92839103299145
2023-03-21 10:00:00,59.65,274.883333333333,28.3683623622829,1.86310999390971
2023-03-21 11:00:00,52.85,276.383333333333,6.12594469710928,1.30601818803409
2023-03-21 12:00:00,52.0666666666667,277.433333333333,12.1209528600835,1.74341384253097
2023-03-21 13:00:00,59.9,276.55,27.5911236048044,1.84013146482719
2023-03-21 14:00:00,52.6,276.85,17.9553392636572,2.26007860156806
2023-03-21 15:00:00,53.9833333333333,276.183333333333,7.52742628122473,2.15166605116235
2023-03-21 16:00:00,54.9666666666667,275.433333333333,358.997055309538,2.82834792615099
2023-03-21 17:00:00,57.0166666666667,275.55,25.2970139963049,2.95976967632748
2023-03-21 18:00:00,61.85,274.55,354.720489115282,2.21772397566377
2023-03-21 19:00:00,62.8,273.9,357.820947660124,3.11758988601709
2023-03-21 20:00:00,48.3,273.866666666667,341.517581157353,3.10988667754696
2023-03-21 21:00:00,55.9166666666667,273.183333333333,353.103788218993,3.36887680371653
2023-03-21 22:00:00,50.65,272.7,0.436662813292514,3.34442764259908
2023-03-21 23:00:00,36.0166666666667,273.016666666667,40.598680452843,3.53298669175149
2023-03-22 00:00:00,35.45,273.1,26.2798120036736,2.39401136139636
2023-03-22 01:00:00,36.05,272.716666666667,325.867815402946,0.91756328798708
2023-03-22 02:00:00,35.7833333333333,272.733333333333,14.1981642943798,0.579176995333874
2023-03-22 03:00:00,31.6,273.15,41.2442143635244,0.419808358548917
2023-03-22 04:00:00,33.3833333333333,273.283333333333,59.8014988719065,1.29594809065446
2023-03-22 05:00:00,34.95,273.4,111.987241279028,0.285366855698963
2023-03-22 06:00:00,35.3333333333333,273.233333333333,322.3644783013,0.641486116456313
2023-03-22 07:00:00,37.4833333333333,273.366666666667,22.0320458834705,1.25521768832935
2023-03-22 08:00:00,33.75,274.716666666667,342.248937550591,0.615841618088101
2023-03-22 09:00:00,30.05,276.866666666667,336.607052812947,0.358165752653187
2023-03-22 10:00:00,32.2666666666667,277.016666666667,28.2371975972878,0.318744819760177
2023-03-22 11:00:00,38.65,276.65,25.9292494827815,1.48645190538172
2023-03-22 12:00:00,42.1666666666667,276.3,38.1792738178559,2.72960639583206
2023-03-22 13:00:00,38.6333333333333,277.65,20.401526128099,3.4659631229724
2023-03-22 14:00:00,39.2333333333333,278.35,7.87339980011592,3.39180972805016
2023-03-22 15:00:00,41.2,278.1,30.183471506756,3.92454420144993
2023-03-22 16:00:00,42.4166666666667,278.266666666667,26.1535616624975,3.47859945689859
2023-03-22 17:00:00,45.95,277.433333333333,31.8621546555804,3.51307495443892
2023-03-22 18:00:00,47.1166666666667,277.283333333333,29.9319286914458,2.79768751832815
2023-03-22 19:00:00,50.3166666666667,276.466666666667,18.5319096287396,2.77246120307245
2023-03-22 20:00:00,53.0,275.983333333333,25.9732706035077,2.84220589577882
2023-03-22 21:00:00,51.7666666666667,275.783333333333,51.757461838718,2.1820324371058
2023-03-22 22:00:00,50.4833333333333,275.566666666667,66.4480734173852,2.4341241735753
2023-03-22 23:00:00,49.2833333333333,275.25,74.7470620363707,1.9411330915972
2023-03-23 00:00:00,49.4666666666667,275.15,38.680105786871,1.42585844486507
2023-03-23 01:00:00,47.8666666666667,275.0,57.6783458029428,1.6072102451546
2023-03-23 02:00:00,51.75,274.516666666667,22.6333352101082,0.44193073930136
2023-03-23 03:00:00,59.6833333333333,274.05,280.798862758474,1.03610655737915
2023-03-23 04:00:00,57.7333333333333,273.883333333333,27.5784732736165,0.246279769935341
2023-03-23 05:00:00,58.45,273.7,331.123354675307,1.321462361782
2023-03-23 06:00:00,59.6833333333333,273.516666666667,25.6756626536011,1.42992280916844
2023-03-23 07:00:00,52.6666666666667,274.066666666667,48.5230467524848,4.88887132115897
2023-03-23 08:00:00,56.1833333333333,273.816666666667,24.9796576049145,2.5855218381847
2023-03-23 09:00:00,60.0833333333333,274.433333333333,20.989949907937,3.58662042878704
2023-03-23 10:00:00,62.8166666666667,275.2,37.5671869234897,4.62233688563367
2023-03-23 11:00:00,60.8,275.883333333333,8.59201065425748,3.34283932110875
2023-03-23 12:00:00,60.3333333333333,276.0,347.047512477376,1.71565663038504
2023-03-23 13:00:00,60.2,276.4,44.8503718251079,2.69937189529981
2023-03-23 14:00:00,56.7,278.033333333333,30.4032608751242,3.31268857841616
2023-03-23 15:00:00,54.8833333333333,278.766666666667,14.6449557418717,1.97761542128449
2023-03-23 16:00:00,56.4,278.716666666667,19.4723514649988,1.36596728706015
2023-03-23 17:00:00,63.1333333333333,277.05,3.24480722670637,2.20384728436482
2023-03-23 18:00:00,66.6,276.483333333333,25.7430777960819,2.61460389989919
2023-03-23 19:00:00,65.5166666666667,276.633333333333,36.6363160667572,1.08169330074123
2023-03-23 20:00:00,69.4333333333333,276.45,31.6035466145461,3.32461498645446
2023-03-23 21:00:00,82.9333333333334,275.183333333333,12.1886431623207,2.27738046471575
2023-03-23 22:00:00,73.3666666666667,276.283333333333,45.0792160364343,2.6396546491881
2023-03-23 23:00:00,73.2,276.033333333333,6.15007706902208,1.09928793813772
2023-03-24 00:00:00,70.9166666666667,276.183333333333,70.9364698883839,0.357521595054455
2023-03-24 01:00:00,70.4666666666667,276.116666666667,75.6360605644783,1.44341366368135
2023-03-24 02:00:00,68.9,276.216666666667,71.1954661675237,1.98103776055798
2023-03-24 03:00:00,69.9666666666667,275.95,17.7141093179864,2.32749986275657
2023-03-24 04:00:00,68.75,275.9,21.8820362347872,2.84543588093939
2023-03-24 05:00:00,68.7166666666667,275.783333333333,46.1079988179513,1.98389377019576
2023-03-24 06:00:00,71.8666666666667,275.383333333333,18.0630369203524,3.45914089253146
2023-03-24 07:00:00,67.1666666666667,275.983333333333,59.5666482601084,2.31551146117586
2023-03-24 08:00:00,67.25,276.1,22.1121360956683,3.39288771772143
2023-03-24 09:00:00,68.6166666666667,276.216666666667,292.855171764413,0.336519434845267
2023-03-24 10:00:00,69.15,276.25,15.1534086691769,2.49172820502973
2023-03-24 11:00:00,84.6666666666667,274.633333333333,17.2353414381937,4.86128819287335
2023-03-24 12:00:00,95.3666666666667,274.016666666667,7.70672667955353,3.61748974076195
2023-03-24 13:00:00,89.0333333333333,274.716666666667,59.6949456038339,2.85155122669809
2023-03-24 14:00:00,77.3833333333333,276.633333333333,12.9911382349406,2.41814242972897
2023-03-24 15:00:00,73.9666666666667,276.8,21.8250136372386,2.28608128037879
2023-03-24 16:00:00,84.5833333333333,275.616666666667,343.14602942042,0.901269650295032
2023-03-24 17:00:00,98.3,272.566666666667,9.20684966087452,5.37835587403392
2023-03-24 18:00:00,100.4,272.316666666667,28.8216231021592,7.18748349126857
2023-03-24 19:00:00,100.4,272.183333333333,35.6800564800541,5.63730070230861
2023-03-24 20:00:00,100.4,272.2,34.3801719982858,6.0563696830209
2023-03-24 21:00:00,100.4,271.816666666667,353.251240406922,3.49664287535973
2023-03-24 22:00:00,100.4,270.733333333333,6.48360559163223,5.58786714595023
2023-03-24 23:00:00,100.4,270.466666666667,25.3777971976289,6.58269112010331
2023-03-25 00:00:00,100.366666666667,270.016666666667,358.617041278241,7.10564079512044
2023-03-25 01:00:00,99.2833333333333,268.216666666667,11.5522091930275,6.30938356740706
2023-03-25 02:00:00,98.8833333333334,267.95,23.4409954060735,6.46202137027495
2023-03-25 03:00:00,98.4666666666667,267.733333333333,17.1042646214398,5.77120775668798
2023-03-25 04:00:00,98.3666666666667,267.8,23.0864011668071,5.10224872694939
2023-03-25 05:00:00,98.3666666666667,267.65,359.17268891539,4.10086129822735
2023-03-25 06:00:00,98.0833333333333,267.366666666667,1.42752873355738,7.22114142905816
2023-03-25 07:00:00,97.6333333333334,266.966666666667,22.0898456806571,6.44936516184526
2023-03-25 08:00:00,97.5166666666667,267.1,2.52637848123055,6.75504924619531
2023-03-25 09:00:00,97.1833333333333,266.933333333333,13.4951390342988,9.40029506794187
2023-03-25 10:00:00,97.0,267.166666666667,13.2104113307207,4.95340303208689
2023-03-25 11:00:00,97.0666666666667,267.216666666667,25.5530242415765,4.3658110027006
2023-03-25 12:00:00,97.3,267.516666666667,26.9536024445555,6.79734174142152
2023-03-25 13:00:00,97.35,267.616666666667,30.2008691891525,11.4290835617007
2023-03-25 14:00:00,96.9,267.483333333333,21.526153499335,14.9550509726355
2023-03-25 15:00:00,97.0166666666667,267.05,15.5128021746915,11.9109544196393
2023-03-25 16:00:00,97.4,267.416666666667,358.294552414279,9.30951914687791
2023-03-25 17:00:00,97.35,267.3,0.496884639102689,10.7835044804358
2023-03-25 18:00:00,97.2833333333334,267.183333333333,16.673468301569,9.48552725003303
2023-03-25 19:00:00,96.3833333333333,266.766666666667,24.9210104796235,9.98600192845299
2023-03-25 20:00:00,93.4833333333333,266.933333333333,27.1774478312933,13.5494455582854
2023-03-25 21:00:00,87.3666666666667,267.2,22.6038988887752,9.70425302143744
2023-03-25 22:00:00,84.0333333333333,267.366666666667,23.954855426245,8.96717434013014
2023-03-25 23:00:00,78.6,267.716666666667,25.1724552260098,11.6823158144413
2023-03-26 00:00:00,72.2166666666667,268.233333333333,25.6622968259157,11.4092338720879
2023-03-26 01:00:00,70.15,268.4,24.6935114515267,9.84016479507451
2023-03-26 02:00:00,71.1166666666667,268.2,24.3217789444668,5.46408267992731
2023-03-26 03:00:00,69.3666666666667,268.083333333333,31.6739124738448,5.50565957586151
2023-03-26 04:00:00,67.5,268.266666666667,34.2219454662701,5.86858349076971
2023-03-26 05:00:00,65.0333333333334,268.466666666667,41.4724466911708,3.99446845397143
2023-03-26 06:00:00,61.1,268.783333333333,43.7936863099139,3.58904087174197
2023-03-26 07:00:00,58.5833333333333,269.3,25.5440452680506,5.35694491081839
2023-03-26 08:00:00,57.3333333333333,270.35,49.8469648759889,6.97144883156014
2023-03-26 09:00:00,61.95,270.833333333333,45.6440193567754,5.89597636516491
2023-03-26 10:00:00,73.0333333333334,270.15,21.9926895806496,4.37757937491585
2023-03-26 11:00:00,90.8666666666667,269.333333333333,31.3443623673049,3.71806085774804
2023-03-26 12:00:00,97.6833333333333,269.066666666667,352.896514376064,3.05453249955891
2023-03-26 13:00:00,98.05,268.933333333333,353.339367525405,3.03535438517713
2023-03-26 14:00:00,96.9666666666667,267.45,12.5647239673194,8.5234955637405
2023-03-26 15:00:00,97.0833333333333,267.583333333333,23.9087055768667,6.70134140655728
2023-03-26 16:00:00,96.1166666666667,267.733333333333,47.3937397306421,6.10898232238501
2023-03-26 17:00:00,92.7333333333333,267.816666666667,22.8956117655381,5.40451432560105
2023-03-26 18:00:00,90.6,267.516666666667,14.2136951648818,6.65056275545528
2023-03-26 19:00:00,95.9833333333333,265.95,5.94607649334478,10.1258015763906
2023-03-26 20:00:00,95.6666666666666,265.516666666667,2.0054432561974,6.08345217457025
2023-03-26 21:00:00,95.4166666666667,265.316666666667,1.79976769273549,7.69899070454262
2023-03-26 22:00:00,94.9833333333333,264.883333333333,7.96775402690389,7.18028563249938
2023-03-26 23:00:00,95.05,264.916666666667,14.7574313397685,5.99889344793928
2023-03-27 00:00:00,95.25,265.133333333333,5.19551224441011,4.90312376234406
2023-03-27 01:00:00,95.3666666666667,265.25,349.286013447868,3.31753739851855
2023-03-27 02:00:00,95.45,265.366666666667,8.40023877002068,8.46205175543708
2023-03-27 03:00:00,95.2833333333333,265.183333333333,9.0370231346742,4.88294589490434
2023-03-27 04:00:00,95.5333333333333,265.433333333333,1.83943295802578,5.57946717143209
2023-03-27 05:00:00,95.7166666666667,265.633333333333,344.452094204106,7.20972577144955
2023-03-27 06:00:00,95.6,265.466666666667,336.460154673986,5.42517922596907
2023-03-27 07:00:00,95.3666666666667,265.266666666667,343.127145521532,7.28146275683559
2023-03-27 08:00:00,95.0,264.9,324.205350294898,9.00080641108866
2023-03-27 09:00:00,94.3,264.266666666667,306.603488586307,8.82268882225906
2023-03-27 10:00:00,94.85,264.833333333333,330.059197023248,6.03691254835185
2023-03-27 11:00:00,95.1666666666667,265.233333333333,327.799035571024,6.08156790658171
2023-03-27 12:00:00,95.0166666666667,265.2,328.139100204413,5.52213634466073
2023-03-27 13:00:00,94.15,264.35,331.057875585613,5.67865686202089
2023-03-27 14:00:00,93.6333333333333,263.916666666667,336.666394877008,6.1475440316152
2023-03-27 15:00:00,93.25,263.616666666667,357.287341853526,7.27838380486654
2023-03-27 16:00:00,92.7,263.216666666667,353.555805488336,7.99505668955946
2023-03-27 17:00:00,91.5833333333333,262.183333333333,355.701315692473,5.29398530810476
2023-03-27 18:00:00,91.2,261.783333333333,330.232517249246,4.53417373605511
2023-03-27 19:00:00,89.55,260.3,299.859223087512,4.4305534629239
2023-03-27 20:00:00,89.1666666666667,259.933333333333,334.186435465718,3.96430776702148
2023-03-27 21:00:00,89.2166666666667,260.016666666667,343.56977118549,3.27642074658716
2023-03-27 22:00:00,89.3666666666667,260.183333333333,8.90339152517822,3.89329259097834
2023-03-27 23:00:00,89.7,260.516666666667,331.130567850085,4.05477549475294
2023-03-28 00:00:00,89.85,260.633333333333,326.289859352544,4.57824940344032
2023-03-28 01:00:00,89.7166666666667,260.516666666667,333.054315122917,4.24346161059293
2023-03-28 02:00:00,89.4333333333333,260.283333333333,329.119968329824,3.97508046671572
2023-03-28 03:00:00,89.4666666666667,260.333333333333,342.415342830497,6.68191110523241
2023-03-28 04:00:00,89.0666666666667,260.0,346.589339054062,6.49842204950028
2023-03-28 05:00:00,88.95,259.883333333333,359.244263114188,5.14699799342623
2023-03-28 06:00:00,89.1,260.05,4.9825224326392,5.66388650120555
2023-03-28 07:00:00,89.2666666666667,260.183333333333,1.31869446278301,3.26243786332053
2023-03-28 08:00:00,90.3,261.166666666667,2.13196859938159,2.81981110844433
2023-03-28 09:00:00,92.2333333333333,263.383333333333,19.5274685647243,3.63691725835421
2023-03-28 10:00:00,91.5666666666667,263.15,30.6411929631792,3.12673700548
2023-03-28 11:00:00,90.2666666666667,263.1,45.4599506572492,2.75704438816329
2023-03-28 12:00:00,90.0333333333334,262.55,50.1345679257094,2.55904040170644
2023-03-28 13:00:00,92.0666666666667,263.783333333333,58.4792884963613,2.15088465855759
2023-03-28 14:00:00,92.4666666666667,264.616666666667,45.7916537286763,2.80731041980833
2023-03-28 15:00:00,90.6833333333333,262.9,43.8243584790999,3.2443022435018
2023-03-28 16:00:00,90.9666666666667,263.233333333333,33.300305792439,2.8367645635785
2023-03-28 17:00:00,87.85,263.016666666667,32.8110976271887,3.11002631561643
2023-03-28 18:00:00,65.1166666666667,263.283333333333,51.0094748510093,4.847639143009
2023-03-28 19:00:00,28.0666666666667,265.566666666667,43.8426384270192,5.39838357627911
2023-03-28 20:00:00,13.8333333333333,266.866666666667,32.7815113369275,4.11691821332568
2023-03-28 21:00:00,10.65,267.85,36.904532799301,3.96660868977347
2023-03-28 22:00:00,21.7,268.25,31.50072305197,7.76739477607341
2023-03-28 23:00:00,36.8833333333333,268.166666666667,24.5048107926737,9.83555726461743
2023-03-29 00:00:00,47.0833333333333,267.966666666667,24.9846867899126,8.60565041640168
2023-03-29 01:00:00,80.5833333333333,266.45,35.4757390207237,6.07875454558953
2023-03-29 02:00:00,95.1833333333333,266.583333333333,22.4554118543919,6.29739178790271
2023-03-29 03:00:00,97.3666666666667,267.383333333333,10.9910390090276,10.2137654905293
2023-03-29 04:00:00,97.6166666666667,267.483333333333,10.9930188633154,10.2876254111774
2023-03-29 05:00:00,97.8833333333333,267.716666666667,13.7082481291775,10.7668913990095
2023-03-29 06:00:00,98.1333333333333,267.916666666667,19.5754481836801,10.4623788761781
2023-03-29 07:00:00,98.3833333333333,268.016666666667,15.3753282588498,9.29003747413677
2023-03-29 08:00:00,98.1666666666667,268.733333333333,25.2673457042122,8.70693243712641
2023-03-29 09:00:00,99.8,269.5,18.1197958841819,9.35037939235139
2023-03-29 10:00:00,99.5833333333333,270.166666666667,9.13014055521444,10.216161727047
2023-03-29 11:00:00,100.166666666667,270.783333333333,1.85679337111304,9.50838293459968
2023-03-29 12:00:00,100.4,271.133333333333,6.26644739226504,11.29169564158
2023-03-29 13:00:00,100.4,271.55,4.83263400013726,8.57034326090722
2023-03-29 14:00:00,100.4,272.1,9.87983002346692,7.47560998919827
2023-03-29 15:00:00,100.4,272.066666666667,9.48109025868257,7.68340115451406
2023-03-29 16:00:00,99.15,272.233333333333,16.1716728654234,11.6906351641338
2023-03-29 17:00:00,87.95,272.433333333333,16.4095231231667,11.7532840317145
2023-03-29 18:00:00,88.5333333333333,273.0,7.19397329070881,8.79119962552275
2023-03-29 19:00:00,96.8833333333333,272.633333333333,3.11946284054443,7.67934697480245
2023-03-29 20:00:00,99.2166666666667,272.216666666667,10.2276930775229,7.1689533096794
2023-03-29 21:00:00,100.4,272.616666666667,13.0429928118435,7.0411205054663
2023-03-29 22:00:00,100.4,273.066666666667,21.8494842841155,5.4082471694966
2023-03-29 23:00:00,100.4,272.733333333333,14.8875723521401,4.13468660123288
2023-03-30 00:00:00,100.4,273.166666666667,23.2609862628539,7.00233479798343
2023-03-30 01:00:00,100.4,273.633333333333,24.9427349925726,5.85570415470783
2023-03-30 02:00:00,100.4,273.65,25.7454878175857,5.13156259829674
2023-03-30 03:00:00,100.4,274.0,38.8497196681305,5.14641980528962
2023-03-30 04:00:00,98.9666666666667,274.483333333333,33.9448293906204,3.11185588905476
2023-03-30 05:00:00,84.7333333333333,275.066666666667,27.867806159038,5.97368998852772
2023-03-30 06:00:00,97.7333333333333,273.75,24.6590026390386,5.89103199391781
2023-03-30 07:00:00,95.15,274.233333333333,51.0228268084141,4.81503233644634
2023-03-30 08:00:00,89.8666666666667,275.0,20.4741294603482,5.82875849479694
2023-03-30 09:00:00,73.2,276.15,26.5001450592745,6.09311204631057
2023-03-30 10:00:00,67.4166666666667,276.683333333333,46.4768221662039,8.51703372472362
2023-03-30 11:00:00,69.3833333333333,276.55,49.1352013326767,8.27575145991006
2023-03-30 12:00:00,67.3333333333333,277.05,37.8707841981178,6.49339765242851
2023-03-30 13:00:00,80.65,275.6,345.43187604754,4.71981797015428
2023-03-30 14:00:00,100.4,272.633333333333,352.397258024735,8.04225648496383
2023-03-30 15:00:00,100.4,272.233333333333,35.1476469036741,9.01022436461622
2023-03-30 16:00:00,100.4,272.616666666667,28.1327176930785,7.50206899348336
2023-03-30 17:00:00,100.4,272.433333333333,9.91178457641979,7.10600301161523
2023-03-30 18:00:00,100.4,271.6,359.10730603201,10.5623439507892
2023-03-30 19:00:00,100.4,271.133333333333,22.9637339683818,12.7189887501867
2023-03-30 20:00:00,100.4,271.0,9.92489344609561,10.3343116496904
2023-03-30 21:00:00,100.4,270.95,14.2304835247962,7.2791445780834
2023-03-30 22:00:00,100.4,270.65,12.4618731393576,8.88854108740806
2023-03-30 23:00:00,100.4,270.616666666667,11.3319201125242,6.7900442479541
2023-03-31 00:00:00,100.333333333333,270.6,19.6720983758383,5.66041242565975
2023-03-31 01:00:00,97.8166666666667,270.7,23.2044487415632,6.30847591303534
2023-03-31 02:00:00,91.85,270.9,53.6386828183773,6.0673321402071
2023-03-31 03:00:00,77.7833333333333,271.466666666667,50.846238757651,6.54228656798631
2023-03-31 04:00:00,69.3666666666667,272.15,35.1129678597215,5.47119282774559
2023-03-31 05:00:00,66.5833333333333,272.366666666667,34.3209171810728,5.0360639997648
2023-03-31 06:00:00,64.7833333333333,273.083333333333,48.0443418718456,7.19867627039186
2023-03-31 07:00:00,69.0,273.083333333333,30.7469060486016,5.47590709306614
2023-03-31 08:00:00,77.9,272.983333333333,40.338236790856,6.39928025051524
2023-03-31 09:00:00,65.4333333333333,274.2,45.5584322976542,8.3020341994262
2023-03-31 10:00:00,71.0,273.5,42.1914408204329,7.06506985869941
2023-03-31 11:00:00,98.35,271.333333333333,341.855340935591,5.15943988764365
2023-03-31 12:00:00,100.4,271.533333333333,4.47664152003489,3.77263362156434
2023-03-31 13:00:00,100.4,271.1,1.19946413561786,5.05664229256125
2023-03-31 14:00:00,100.4,270.15,28.7990555583062,8.03513385460175
2023-03-31 15:00:00,100.4,269.733333333333,22.2338445717471,10.5845646171307
2023-03-31 16:00:00,100.4,269.733333333333,9.52094069360788,8.55320236050898
2023-03-31 17:00:00,100.033333333333,268.733333333333,13.0639450584692,10.920784642991
2023-03-31 18:00:00,98.9166666666667,267.8,28.1237981554064,14.0508592442628
2023-03-31 19:00:00,99.3833333333333,267.916666666667,23.2672761490433,10.6760847293865
2023-03-31 20:00:00,98.8833333333334,267.416666666667,29.0473527981829,9.75273518854399
2023-03-31 21:00:00,98.2833333333333,267.25,36.9378293982542,8.47686469845704
2023-03-31 22:00:00,97.35,267.2,21.9871364856011,8.33589453654587
2023-03-31 23:00:00,98.5333333333334,267.15,27.7684829042864,12.1684616024107
2023-04-01 00:00:00,97.8,267.333333333333,23.2532071833663,10.3490439435844
2023-04-01 01:00:00,97.0833333333333,267.316666666667,12.2287629304596,7.29112125737042
2023-04-01 02:00:00,97.4666666666667,267.416666666667,14.2298987134287,8.52769718741887
2023-04-01 03:00:00,98.3666666666667,267.383333333333,17.2875189929098,10.9267311780067
2023-04-01 04:00:00,97.5333333333334,267.25,16.1549104573975,10.3871203771829
2023-04-01 05:00:00,96.6666666666667,267.133333333333,11.0225738210983,11.8146480259784
2023-04-01 06:00:00,95.6,267.066666666667,2.45035602706662,9.69014671399274
2023-04-01 07:00:00,93.4666666666667,266.983333333333,13.4124002981573,10.0348495100592
2023-04-01 08:00:00,91.1333333333333,267.166666666667,22.2584983523459,7.55113438017356
2023-04-01 09:00:00,95.0333333333333,267.066666666667,26.0804433277915,10.3034653838154
2023-04-01 10:00:00,87.8833333333333,267.566666666667,29.8763312495629,11.1522712693639
2023-04-01 11:00:00,89.5333333333333,267.933333333333,26.9600659209556,9.68243977929298
2023-04-01 12:00:00,92.0,268.066666666667,36.7691698431653,9.04701033465919
2023-04-01 13:00:00,95.0833333333333,268.183333333333,34.4927081184296,6.08592565190295
2023-04-01 14:00:00,93.5166666666667,268.2,29.1688800120777,7.77414913066123
2023-04-01 15:00:00,92.3166666666667,268.016666666667,30.8529110999985,8.92331304041495
2023-04-01 16:00:00,86.1166666666667,268.233333333333,31.1971516558989,9.36393629505429
2023-04-01 17:00:00,88.3666666666667,267.933333333333,31.7412352026121,8.48455673179079
2023-04-01 18:00:00,86.0333333333334,267.816666666667,25.7070915140434,6.47595172845426
2023-04-01 19:00:00,92.3,267.516666666667,16.263706189363,4.36229399828242
2023-04-01 20:00:00,97.3833333333334,267.4,11.1077528223079,5.26590080073514
2023-04-01 21:00:00,90.75,267.516666666667,2.08962099352453,3.76466997462727
2023-04-01 22:00:00,97.8166666666667,267.25,21.058012389302,4.0518966787214
2023-04-01 23:00:00,98.7666666666667,267.316666666667,356.791626221733,5.37372350145869
2023-04-02 00:00:00,98.4,267.183333333333,7.99642591896179,5.16134159644253
2023-04-02 01:00:00,97.7,266.9,13.0371706212686,3.95612099791497
2023-04-02 02:00:00,96.8333333333333,266.916666666667,17.6474260259282,3.19952944669174
2023-04-02 03:00:00,98.0,266.766666666667,17.2210382379345,4.29272800901127
2023-04-02 04:00:00,97.6333333333334,266.483333333333,10.0118902197701,2.48085272437972
2023-04-02 05:00:00,97.7333333333333,266.533333333333,12.8753731104998,2.84019285493297
2023-04-02 06:00:00,95.7166666666667,266.316666666667,24.4998664225618,2.67328824570834
2023-04-02 07:00:00,92.6166666666667,266.6,17.4537147067583,2.42262819874516
2023-04-02 08:00:00,86.3666666666667,267.35,14.2245927698319,1.70167997950343
2023-04-02 09:00:00,87.4333333333333,267.883333333333,22.6704074152685,2.28910004599271
2023-04-02 10:00:00,81.7333333333333,269.416666666667,28.8701151582044,1.57417448635425
2023-04-02 11:00:00,81.8666666666667,270.3,353.017566878903,0.727312693141618
2023-04-02 12:00:00,76.7,270.266666666667,349.875710906474,1.464865303405
2023-04-02 13:00:00,77.85,269.883333333333,351.70189712841,2.14007902233633
2023-04-02 14:00:00,77.8666666666667,270.3,354.797743687667,1.2281625169659
2023-04-02 15:00:00,85.4166666666667,269.833333333333,348.587487746008,1.62999321554904
2023-04-02 16:00:00,91.4833333333333,268.983333333333,337.355734263073,1.8789906644975
2023-04-02 17:00:00,91.8666666666667,269.2,281.003380898696,0.412454702396155
2023-04-02 18:00:00,94.8,268.533333333333,172.338537813945,1.0419651472267
2023-04-02 19:00:00,98.3166666666667,268.2,196.099918237539,1.74326171113698
2023-04-02 20:00:00,97.8166666666667,268.066666666667,192.078113229263,1.64179766139546
2023-04-02 21:00:00,99.75,268.033333333333,282.866829272825,0.542345722909854
2023-04-02 22:00:00,100.4,268.066666666667,257.87106629404,1.08434740667402
2023-04-02 23:00:00,100.25,268.133333333333,285.973894109813,1.10714467218143
2023-04-03 00:00:00,100.0,268.05,353.93010038711,1.5672357105589
2023-04-03 01:00:00,99.8833333333333,268.116666666667,323.383589480846,1.9539113281296
2023-04-03 02:00:00,99.5,267.933333333333,323.010219981088,1.44900234952933
2023-04-03 03:00:00,99.45,267.933333333333,336.519610637825,2.03434788802809
2023-04-03 04:00:00,99.3166666666667,267.75,217.964932978368,1.40307402963949
2023-04-03 05:00:00,98.8,267.283333333333,189.400165534615,3.20962436009613
2023-04-03 06:00:00,97.9,266.533333333333,161.434617949703,1.75092541087006
2023-04-03 07:00:00,97.3833333333333,266.216666666667,14.53602108207,0.176773477259121
2023-04-03 08:00:00,99.75,269.5,351.308030338946,0.498013396138833
2023-04-03 09:00:00,99.1833333333333,269.366666666667,341.747109277476,0.485485607078832
2023-04-03 10:00:00,96.0333333333333,266.55,59.0938392136136,1.2818088429565
2023-04-03 11:00:00,93.4833333333333,266.066666666667,183.744067395165,1.59127809674691
2023-04-03 12:00:00,93.3666666666667,266.766666666667,199.333259965076,1.67528485393076
2023-04-03 13:00:00,89.75,268.25,236.446256427208,0.954533492975402
2023-04-03 14:00:00,87.8833333333333,268.466666666667,239.147741649461,0.792251669412768
2023-04-03 15:00:00,85.8166666666667,268.716666666667,316.284813939693,1.54496672353702
2023-04-03 16:00:00,84.2166666666667,268.916666666667,320.133992042382,1.67966171383733
2023-04-03 17:00:00,91.7333333333333,265.9,244.651320884052,1.56726997740449
2023-04-03 18:00:00,96.6166666666667,264.25,198.116955415913,3.20565420213825
2023-04-03 19:00:00,94.7166666666667,263.583333333333,193.133972422863,4.03741652185281
2023-04-03 20:00:00,93.1166666666667,262.716666666667,193.156697380123,4.72001826666699
2023-04-03 21:00:00,93.2,262.5,191.083296405311,3.39245300553542
2023-04-03 22:00:00,92.15,261.883333333333,185.604920854361,2.08129052412896
2023-04-03 23:00:00,91.5166666666667,261.4,179.804640316624,1.08554861033557
2023-04-04 00:00:00,90.8666666666667,260.866666666667,210.278442703689,0.140348665435025
2023-04-04 01:00:00,90.1666666666667,260.3,173.126410087944,0.589793533766165
2023-04-04 02:00:00,89.8333333333333,259.966666666667,209.351934322182,0.557590205024511
2023-04-04 03:00:00,89.4166666666667,259.583333333333,195.493150525278,1.82030671370396
2023-04-04 04:00:00,88.6,258.933333333333,200.108694131042,1.35711126544654
2023-04-04 05:00:00,88.4,258.816666666667,221.958525672387,1.44830978286828
2023-04-04 06:00:00,88.0333333333333,258.5,223.008880005859,3.3652703966165
2023-04-04 07:00:00,87.3166666666667,258.566666666667,208.571506223558,0.929369084165007
2023-04-04 08:00:00,67.0333333333333,260.3,173.118560633389,1.74652479992443
2023-04-04 09:00:00,46.0166666666667,261.816666666667,186.636912044392,2.8280828725055
2023-04-04 10:00:00,45.95,262.033333333333,174.689141217146,4.37529963740516
2023-04-04 11:00:00,35.0666666666667,263.183333333333,177.267433255404,5.62643529269696
2023-04-04 12:00:00,31.9,263.966666666667,177.4375955229,4.62105326132182
2023-04-04 13:00:00,37.8,264.45,183.703897787815,3.68519815457697
2023-04-04 14:00:00,40.65,264.966666666667,173.391793840146,2.88322760265844
2023-04-04 15:00:00,42.0833333333333,265.433333333333,187.96841913761,2.58488270861153
2023-04-04 16:00:00,63.9166666666667,265.45,291.917641708008,0.901082701557371
2023-04-04 17:00:00,89.2166666666667,263.95,330.551789697141,3.84455448637372
2023-04-04 18:00:00,95.35,263.5,354.75944045653,3.5586726158164
2023-04-04 19:00:00,95.6333333333333,262.716666666667,21.465373850999,2.61433337635231
2023-04-04 20:00:00,93.0166666666667,262.4,67.0001009992745,1.01697806268228
2023-04-04 21:00:00,92.2833333333334,261.983333333333,202.384049735892,1.37548614738456
2023-04-04 22:00:00,92.7666666666667,261.666666666667,245.253558705201,0.773855423530609
2023-04-04 23:00:00,91.5833333333333,261.3,32.8334555978563,0.688492826236275
2023-04-05 00:00:00,91.3333333333333,260.816666666667,84.0163647700929,0.448352766841383
2023-04-05 01:00:00,88.9333333333333,260.516666666667,97.9276886255531,0.448757293194296
2023-04-05 02:00:00,66.1333333333333,261.416666666667,194.30141059207,0.915796919130432
2023-04-05 03:00:00,38.85,262.55,156.244682132426,0.655977506890267
2023-04-05 04:00:00,27.2666666666667,262.916666666667,80.007898131565,0.311746814220038
2023-04-05 05:00:00,18.6333333333333,263.466666666667,197.468716903743,0.912103846455097
2023-04-05 06:00:00,14.3166666666667,263.55,178.512629557329,0.638202811677688
2023-04-05 07:00:00,15.3833333333333,263.7,46.3669766461592,0.579777928949078
2023-04-05 08:00:00,13.95,265.8,11.5134835734888,1.03250192743044
2023-04-05 09:00:00,13.15,266.516666666667,351.55654365397,1.22683525691416
2023-04-05 10:00:00,14.7,266.45,25.8421712779527,1.34484977675732
2023-04-05 11:00:00,18.5333333333333,267.283333333333,17.3226320034696,1.37538309889324
2023-04-05 12:00:00,31.0666666666667,265.6,27.4205326808919,2.18082804695552
2023-04-05 13:00:00,48.4333333333333,265.733333333333,347.121266002174,3.7051055142792
2023-04-05 14:00:00,59.4666666666667,265.533333333333,344.065034262167,4.87342181583579
2023-04-05 15:00:00,70.7,265.1,335.416352054035,5.56200038008734
2023-04-05 16:00:00,73.7666666666667,264.983333333333,324.78009039257,4.11850515960549
2023-04-05 17:00:00,77.25,264.866666666667,321.643556248939,4.02338048334331
2023-04-05 18:00:00,84.7833333333333,264.3,330.208419949626,3.9398958794267
2023-04-05 19:00:00,91.5166666666667,263.733333333333,330.915118786283,4.03441806530172
2023-04-05 20:00:00,95.0,263.516666666667,338.97024417528,3.52263931829198
2023-04-05 21:00:00,93.7333333333333,263.166666666667,340.00664751716,3.10788183691478
2023-04-05 22:00:00,92.4666666666667,262.683333333333,22.7194763001686,3.25871149349041
2023-04-05 23:00:00,86.0333333333334,262.333333333333,36.6505103379514,3.17737350497017
2023-04-06 00:00:00,75.9,262.416666666667,18.6229676725151,2.2627718767856
2023-04-06 01:00:00,84.5833333333333,262.383333333333,355.492764164327,3.04490634646337
2023-04-06 02:00:00,78.1333333333333,262.733333333333,24.3691362356024,2.59820657825806
2023-04-06 03:00:00,75.6833333333333,262.8,3.25466811032084,2.98285083598915
2023-04-06 04:00:00,78.6,262.466666666667,359.924260084367,2.77924505503154
2023-04-06 05:00:00,80.05,262.1,15.3020337443573,2.523951771112
2023-04-06 06:00:00,76.4833333333333,262.233333333333,31.1658295385203,3.21996335936862
2023-04-06 07:00:00,71.65,262.483333333333,12.2021514135801,4.49593928204337
2023-04-06 08:00:00,64.9833333333333,263.35,9.38131814718298,4.16819049607553
2023-04-06 09:00:00,68.0333333333333,263.616666666667,35.2076345715929,3.23274498496044
2023-04-06 10:00:00,60.9666666666667,264.2,50.6733037042575,2.35615606940697
2023-04-06 11:00:00,55.6833333333333,265.15,35.0559088113288,3.19268518857366
2023-04-06 12:00:00,52.65,266.3,25.4156876350006,2.91430564972433
2023-04-06 13:00:00,52.9333333333333,266.916666666667,15.8259289400957,4.46819343411924
2023-04-06 14:00:00,50.3666666666667,267.566666666667,17.7356975010093,5.27976479849851
2023-04-06 15:00:00,50.7,267.8,17.5564625576494,5.77785966864245
2023-04-06 16:00:00,51.8833333333333,267.716666666667,353.105505961702,4.47094259607721
2023-04-06 17:00:00,51.8666666666667,267.516666666667,325.347332097471,5.37171225789674
2023-04-06 18:00:00,55.7666666666667,267.383333333333,335.405229801404,5.50428327204733
2023-04-06 19:00:00,59.5833333333333,266.7,337.102070978475,6.0021479655197
2023-04-06 20:00:00,52.05,266.266666666667,349.289236394346,4.95922917083626
2023-04-06 21:00:00,54.8666666666667,265.9,352.9415242889,4.39022549470156
2023-04-06 22:00:00,62.2833333333333,265.566666666667,4.86739422477433,3.14146986139161
2023-04-06 23:00:00,72.5333333333333,265.033333333333,355.964835044966,3.11286424614074
2023-04-07 00:00:00,79.6,264.983333333333,39.0677408847595,3.00258887562321
2023-04-07 01:00:00,83.9666666666667,265.6,28.5188187784744,3.41463818059286
2023-04-07 02:00:00,89.5833333333333,265.733333333333,12.2408848869965,3.25345857262593
2023-04-07 03:00:00,94.6333333333333,265.7,8.13324198965017,4.37838151693971
2023-04-07 04:00:00,97.0666666666667,266.016666666667,353.599344746816,4.92890093181396
2023-04-07 05:00:00,96.8,266.183333333333,359.552781977479,5.32685632639889
2023-04-07 06:00:00,96.9833333333333,266.283333333333,16.1112102153141,4.8598658038452
2023-04-07 07:00:00,95.6166666666667,266.116666666667,35.5075408371342,4.09194083938116
2023-04-07 08:00:00,76.3166666666667,267.083333333333,39.7098273690744,3.26179264528298
2023-04-07 09:00:00,75.75,267.75,20.2932941687532,1.11986589235675
2023-04-07 10:00:00,65.0833333333333,269.083333333333,20.7103357306576,1.69495427795141
2023-04-07 11:00:00,62.2666666666667,270.883333333333,359.456218312746,0.361253648365583
2023-04-07 12:00:00,64.8333333333333,270.566666666667,27.0102408745813,1.47200342953448
2023-04-07 13:00:00,64.2166666666667,270.95,38.8746809158134,1.0293842469236
2023-04-07 14:00:00,72.8833333333333,269.416666666667,319.946980795954,1.96783368145482
2023-04-07 15:00:00,74.8166666666667,269.883333333333,354.386712866985,1.81961974351957
2023-04-07 16:00:00,78.7333333333333,269.833333333333,345.83615001795,3.17895459568155
2023-04-07 17:00:00,91.8833333333333,268.616666666667,343.4337491365,1.99526203916875
2023-04-07 18:00:00,94.4,268.133333333333,277.982027106132,0.24564338190095
2023-04-07 19:00:00,98.7666666666667,267.616666666667,252.540000359615,0.906250974124336
2023-04-07 20:00:00,99.4166666666667,267.483333333333,223.810889208998,2.72659466298713
2023-04-07 21:00:00,98.6,267.316666666667,227.509915098751,1.31187736931478
2023-04-07 22:00:00,98.6333333333333,267.283333333333,213.026209614158,2.32974676455039
2023-04-07 23:00:00,98.3,267.1,211.232412777766,2.16784320268949
2023-04-08 00:00:00,97.9833333333333,266.85,232.0784156539,1.8553891875384
2023-04-08 01:00:00,97.75,266.683333333333,262.057575071266,0.94648288828774
2023-04-08 02:00:00,97.7,266.616666666667,337.53479141901,0.994548904505259
2023-04-08 03:00:00,97.6,266.55,4.40444923774533,1.65680204403599
2023-04-08 04:00:00,97.5833333333333,266.533333333333,343.678388644629,0.725787269631318
2023-04-08 05:00:00,97.5666666666667,266.516666666667,2.11620872619073,1.74419562089638
2023-04-08 06:00:00,97.4,266.45,5.8544894851172,1.79964961709973
2023-04-08 07:00:00,97.45,266.616666666667,347.995189107766,0.851564730450773
2023-04-08 08:00:00,97.7333333333333,267.15,270.927796899514,0.233647586915586
2023-04-08 09:00:00,97.45,266.933333333333,204.139094521786,1.5202696607149
2023-04-08 10:00:00,97.4,267.25,230.73876437406,1.73972318083711
2023-04-08 11:00:00,97.0666666666667,267.216666666667,218.072932533178,2.92982487693686
2023-04-08 12:00:00,97.65,268.166666666667,182.000454816772,0.68353701302783
2023-04-08 13:00:00,97.7666666666667,268.383333333333,352.435940678315,2.96067988900385
2023-04-08 14:00:00,98.1833333333333,268.95,349.287032093595,2.86195692116396
2023-04-08 15:00:00,98.35,268.55,354.089899182102,3.41691741263002
2023-04-08 16:00:00,98.7833333333334,268.583333333333,346.917855896517,2.9609692864035
2023-04-08 17:00:00,98.55,267.883333333333,346.033593671293,4.54931969389116
2023-04-08 18:00:00,98.4833333333333,267.483333333333,344.133512852877,4.36620499328404
2023-04-08 19:00:00,98.2166666666667,267.066666666667,341.564515098834,3.20230228455285
2023-04-08 20:00:00,97.8333333333333,266.666666666667,333.383381234581,1.93295112699822
2023-04-08 21:00:00,97.6333333333334,266.533333333333,348.169932533286,1.65202969529397
2023-04-08 22:00:00,97.4833333333333,266.366666666667,329.912641406757,1.43959456816847
2023-04-08 23:00:00,97.3333333333333,266.266666666667,352.668860733107,0.31818591522932
2023-04-09 00:00:00,97.3666666666667,266.266666666667,359.020145783843,1.40935745262237
2023-04-09 01:00:00,97.2,266.15,351.200331758106,0.948124136218164
2023-04-09 02:00:00,97.3666666666667,266.3,336.550216758855,1.57776887091141
2023-04-09 03:00:00,97.2333333333333,266.166666666667,332.445682726433,1.2501147024756
2023-04-09 04:00:00,97.1333333333333,266.083333333333,313.054782017943,0.881746414912916
2023-04-09 05:00:00,97.0833333333333,266.033333333333,325.874466034777,1.29257476923548
2023-04-09 06:00:00,96.7166666666667,265.733333333333,321.730821327037,0.643776504917211
2023-04-09 07:00:00,96.5166666666667,265.583333333333,145.093995645612,0.205835768661316
2023-04-09 08:00:00,96.0333333333334,265.85,61.5917308046003,0.519158932665794
2023-04-09 09:00:00,96.05,266.85,92.7756677892094,0.0987418578013629
2023-04-09 10:00:00,96.3833333333333,267.883333333333,146.94849536165,0.641467331621401
2023-04-09 11:00:00,98.4666666666667,270.683333333333,306.588179029435,0.129718435326903
2023-04-09 12:00:00,95.7333333333333,270.6,116.721191699803,0.222114524627558
2023-04-09 13:00:00,89.0166666666667,269.2,50.9962240803795,0.713840688928802
2023-04-09 14:00:00,82.0333333333333,269.15,59.3898574194345,1.15029705449719
2023-04-09 15:00:00,81.1,269.316666666667,170.02083968354,0.156310837122806
2023-04-09 16:00:00,79.1666666666667,269.783333333333,173.496007480179,0.115003754050379
2023-04-09 17:00:00,76.55,270.5,340.601443570459,1.88099870668117
2023-04-09 18:00:00,75.4666666666667,270.666666666667,325.973024919252,2.81684654796996
2023-04-09 19:00:00,84.45,268.6,312.525005489458,1.46967059962137
2023-04-09 20:00:00,88.9,267.616666666667,215.267557343878,1.66643304801953
2023-04-09 21:00:00,92.35,267.333333333333,218.010783154883,0.84026733726398
2023-04-09 22:00:00,94.1,267.066666666667,46.6737976336971,0.20389358908353
2023-04-09 23:00:00,89.5666666666667,266.783333333333,94.6160480141929,0.916754236060908
2023-04-10 00:00:00,77.6,266.75,129.612064496494,0.583344841540795
2023-04-10 01:00:00,71.85,266.816666666667,80.920072494635,0.483001811925652
2023-04-10 02:00:00,51.25,267.35,128.723239779611,1.10143585520184
2023-04-10 03:00:00,49.1666666666667,267.133333333333,70.3821186081818,0.865617353441291
2023-04-10 04:00:00,50.0166666666667,266.833333333333,133.424973977829,0.29086944814738
2023-04-10 05:00:00,48.2833333333333,266.933333333333,33.7002248401056,1.44499061110815
2023-04-10 06:00:00,44.0833333333333,267.7,39.5328773561934,2.70047770919321
2023-04-10 07:00:00,43.6833333333333,268.066666666667,48.870741220832,2.86142025732852
2023-04-10 08:00:00,39.5833333333333,268.966666666667,55.7423963421123,2.04804255199998
2023-04-10 09:00:00,33.75,271.066666666667,25.7174044304222,1.56956948636638
2023-04-10 10:00:00,28.85,272.433333333333,9.38476040348633,1.74391861354554
2023-04-10 11:00:00,25.7666666666667,272.766666666667,14.4206165845987,0.794346732385811
2023-04-10 12:00:00,27.2333333333333,273.3,8.46822715665525,2.94970497421196
2023-04-10 13:00:00,27.4833333333333,273.25,27.3134021481644,2.87843790295917
2023-04-10 14:00:00,24.2833333333333,273.433333333333,31.1831779514675,3.16532248981777
2023-04-10 15:00:00,26.6,273.6,32.0617190546473,3.61007722492434
2023-04-10 16:00:00,32.9,273.5,33.072722176928,4.20831623966703
2023-04-10 17:00:00,35.45,273.166666666667,35.8669418731965,4.09729266275565
2023-04-10 18:00:00,36.9333333333333,273.1,21.2391042753024,4.5515470887518
2023-04-10 19:00:00,36.3166666666667,272.816666666667,15.9162095209552,5.06005720739241
2023-04-10 20:00:00,32.8333333333333,272.866666666667,21.0991301128813,4.04263324147098
2023-04-10 21:00:00,31.85,273.15,35.8788898622846,3.03632638920582
2023-04-10 22:00:00,32.95,273.233333333333,30.0725305587207,4.87073302533803
2023-04-10 23:00:00,37.55,273.0,20.817469172692,4.93927718815241
2023-04-11 00:00:00,43.9166666666667,272.683333333333,12.0149400478006,4.78897305181873
2023-04-11 01:00:00,45.8666666666667,272.516666666667,23.5186105757137,4.61434875354731
2023-04-11 02:00:00,48.1666666666667,272.533333333333,29.6318978410212,5.19026749340386
2023-04-11 03:00:00,46.4666666666667,272.75,27.2964363006901,6.21375994333482
2023-04-11 04:00:00,64.3833333333333,271.516666666667,35.0902869617105,6.56058784130191
2023-04-11 05:00:00,67.8666666666667,272.3,30.227953907008,7.37304589962881
2023-04-11 06:00:00,72.8333333333333,272.333333333333,15.9906183325731,7.17956002158626
2023-04-11 07:00:00,83.9833333333333,271.166666666667,4.24999749748838,4.39254359126914
2023-04-11 08:00:00,95.4833333333333,270.85,34.7206674444092,6.82628227581932
2023-04-11 09:00:00,96.4333333333333,271.166666666667,29.7053205381451,8.33682708948079
2023-04-11 10:00:00,100.366666666667,270.7,20.957863161712,7.11910619862263
2023-04-11 11:00:00,100.4,270.416666666667,15.2756279728096,7.60960613935621
2023-04-11 12:00:00,100.4,270.483333333333,17.9491157169531,9.99229239528679
2023-04-11 13:00:00,99.4166666666667,270.716666666667,8.9412517233697,7.64441771859415
2023-04-11 14:00:00,100.4,270.366666666667,359.355976580093,6.29434257780948
2023-04-11 15:00:00,100.133333333333,269.783333333333,16.6691199059726,9.85230137471735
2023-04-11 16:00:00,98.4833333333333,269.466666666667,358.954731560016,9.9756980792125
2023-04-11 17:00:00,100.35,268.8,352.353052715925,8.56434875661392
2023-04-11 18:00:00,100.316666666667,268.633333333333,5.59710132538891,8.22414477235164
2023-04-11 19:00:00,100.4,268.6,5.01787744504918,6.36451153340226
2023-04-11 20:00:00,100.4,268.6,22.7652542916857,3.52083266768375
2023-04-11 21:00:00,100.4,268.716666666667,28.0197961592987,4.67051122892705
2023-04-11 22:00:00,96.3333333333333,269.083333333333,35.0562286178985,4.4026231570367
2023-04-11 23:00:00,92.4833333333333,269.266666666667,24.6413450818807,3.22871622459897
2023-04-12 00:00:00,94.0666666666667,269.166666666667,30.1627163053056,1.79511809661651
2023-04-12 01:00:00,99.3833333333333,268.783333333333,48.3322182250447,1.77560213189343
2023-04-12 02:00:00,96.9333333333334,269.6,20.4409607701341,5.90198025672495
2023-04-12 03:00:00,99.9833333333333,269.483333333333,18.0183185910112,6.4572087292516
2023-04-12 04:00:00,100.4,270.15,28.6486376978502,7.51488646652643
2023-04-12 05:00:00,100.4,270.15,21.1002144427914,6.66636243679651
2023-04-12 06:00:00,100.383333333333,270.083333333333,6.75218640689303,3.42166937624041
2023-04-12 07:00:00,100.4,270.716666666667,10.1058506978325,4.31632168573831
2023-04-12 08:00:00,100.4,271.2,15.3407079616338,4.49160972891016
2023-04-12 09:00:00,100.4,271.85,29.1898086567078,6.49330836288216
2023-04-12 10:00:00,100.4,272.3,30.3695744055294,6.82267888842815
2023-04-12 11:00:00,100.4,272.733333333333,24.0535977905425,8.00756351181937
2023-04-12 12:00:00,99.0833333333333,272.816666666667,46.6968290200848,7.10352711079907
2023-04-12 13:00:00,84.45,273.616666666667,36.3627715137586,6.76585583570999
2023-04-12 14:00:00,89.5666666666667,273.583333333333,15.8216085566487,4.10508628651862
2023-04-12 15:00:00,89.5166666666667,274.033333333333,42.1226889832399,4.39527702325338
2023-04-12 16:00:00,80.2666666666667,274.483333333333,38.9109810060606,6.13890132726552
2023-04-12 17:00:00,94.9,273.833333333333,24.0219948557882,2.80406261688736
2023-04-12 18:00:00,92.6,273.7,118.418062986127,0.839772429915231
2023-04-12 19:00:00,94.7166666666667,273.183333333333,171.163369615468,0.943280049138368
2023-04-12 20:00:00,100.4,272.733333333333,21.7248453427821,0.397640596912665
2023-04-12 21:00:00,100.4,272.416666666667,312.727346127455,1.06540571023328
2023-04-12 22:00:00,100.4,270.666666666667,349.321537259177,6.31740936800934
2023-04-12 23:00:00,100.4,269.266666666667,5.54474067571948,6.95933300187454
2023-04-13 00:00:00,100.4,268.833333333333,17.3651606899746,6.34447647588707
2023-04-13 01:00:00,100.4,268.65,24.5970821835535,4.2587599045632
2023-04-13 02:00:00,99.8166666666667,267.766666666667,336.812702379806,4.04024018837493
2023-04-13 03:00:00,98.3666666666667,266.5,357.338319672663,2.38774442277386
2023-04-13 04:00:00,97.5666666666667,265.816666666667,336.188804426474,2.86112794999866
2023-04-13 05:00:00,97.0166666666667,265.4,326.562970280106,2.74196347839316
2023-04-13 06:00:00,96.3833333333333,264.966666666667,350.366780471253,2.81370555622408
2023-04-13 07:00:00,96.1666666666667,264.816666666667,353.251021458453,2.40520409350542
2023-04-13 08:00:00,96.2333333333333,264.916666666667,358.531509378364,1.1867770771851
2023-04-13 09:00:00,97.25,265.983333333333,284.565147034456,0.191633603790285
2023-04-13 10:00:00,99.3,267.933333333333,284.020804088058,0.411612363690872
2023-04-13 11:00:00,96.75,265.616666666667,186.355602466073,0.800350591441214
2023-04-13 12:00:00,98.6,267.416666666667,10.4740627393696,1.59261002897783
2023-04-13 13:00:00,98.3666666666667,267.233333333333,355.710423863309,1.9634818042148
2023-04-13 14:00:00,99.5166666666667,268.233333333333,22.7616917084795,0.394128186442117
2023-04-13 15:00:00,97.4166666666667,266.466666666667,191.325841033141,1.26519686359866
2023-04-13 16:00:00,96.6833333333333,265.616666666667,187.838922662621,1.44386749819284
2023-04-13 17:00:00,96.2,265.2,164.675333686256,1.36959393775199
2023-04-13 18:00:00,95.5333333333333,264.45,173.18194910618,1.16463105605463
2023-04-13 19:00:00,95.25,264.083333333333,204.923840409474,1.60295470115826
2023-04-13 20:00:00,95.1,263.966666666667,184.041184891397,1.36443042632311
2023-04-13 21:00:00,95.1666666666667,264.05,94.2493920563758,0.383446494757692
2023-04-13 22:00:00,95.2,264.066666666667,166.354978713906,1.05974735047025
2023-04-13 23:00:00,95.3,264.183333333333,160.675886991413,2.03208129126319
2023-04-14 00:00:00,95.5,264.383333333333,198.501218694097,1.26757657647158
2023-04-14 01:00:00,95.6,264.483333333333,353.941963096659,1.90123823487988
2023-04-14 02:00:00,95.7,264.616666666667,340.272205075961,1.47220306728194
2023-04-14 03:00:00,95.8,264.7,340.752815686007,0.851530057618274
2023-04-14 04:00:00,95.8,264.716666666667,341.979549567822,1.96572467537888
2023-04-14 05:00:00,95.8,264.7,343.178230005925,2.01484550903058
2023-04-14 06:00:00,95.8,264.75,348.371718715409,1.14366250535594
2023-04-14 07:00:00,96.0333333333334,264.95,347.117883141508,1.73583976498225
2023-04-14 08:00:00,96.8666666666667,265.766666666667,338.698234078731,1.69865686656766
2023-04-14 09:00:00,97.5833333333333,266.433333333333,317.250148071333,2.19622204045579
2023-04-14 10:00:00,99.45,268.016666666667,332.704812143855,2.87003852795247
2023-04-14 11:00:00,100.3,269.383333333333,310.045370273342,1.85446441526407
2023-04-14 12:00:00,100.4,270.966666666667,341.685551402047,3.33512248095509
2023-04-14 13:00:00,100.4,269.766666666667,353.663904745012,3.66262062286011
2023-04-14 14:00:00,100.4,271.233333333333,357.877068147219,2.86683495829123
2023-04-14 15:00:00,100.4,272.483333333333,358.826606292281,2.07477083590845
2023-04-14 16:00:00,100.4,272.45,355.404493869784,1.58348470991346
2023-04-14 17:00:00,100.4,271.366666666667,22.5405173053899,2.02142170082224
2023-04-14 18:00:00,99.35,267.033333333333,19.8924389988734,2.70440506637701
2023-04-14 19:00:00,97.6,265.9,36.2383325662912,2.18312147818705
2023-04-14 20:00:00,96.5833333333333,265.0,35.1543685866585,1.4903578563474
2023-04-14 21:00:00,96.3333333333333,264.783333333333,58.7925970857363,1.06180639658009
2023-04-14 22:00:00,95.8666666666667,264.366666666667,73.7973806480399,0.330734512608298
2023-04-14 23:00:00,94.75,263.383333333333,156.634258189006,0.28910243683075
2023-04-15 00:00:00,95.45,264.083333333333,160.962793416216,1.92045885859766
2023-04-15 01:00:00,95.75,264.433333333333,194.474438943981,2.00138347037628
2023-04-15 02:00:00,95.6333333333333,264.283333333333,32.63104389444,1.34105156381984
2023-04-15 03:00:00,95.0166666666667,263.816666666667,348.725461530838,1.24942247996825
2023-04-15 04:00:00,94.7,263.516666666667,357.072530893077,1.69329657623851
2023-04-15 05:00:00,94.9833333333333,263.8,3.93772316939021,1.75560601067294
2023-04-15 06:00:00,95.25,264.033333333333,33.0566786089598,2.25958985210344
2023-04-15 07:00:00,95.5333333333333,264.416666666667,29.3028509305131,3.49095049087833
2023-04-15 08:00:00,97.8666666666667,266.7,13.1707950876872,1.76717690843993
2023-04-15 09:00:00,98.3833333333333,267.333333333333,144.796278375752,1.32059274698723
2023-04-15 10:00:00,98.0166666666667,267.433333333333,161.759216143176,1.20267279042538
2023-04-15 11:00:00,100.4,269.9,164.988314989886,0.72985532279275
2023-04-15 12:00:00,100.4,270.4,19.460140324911,0.395497621747131
2023-04-15 13:00:00,100.416666666667,273.066666666667,342.668102256365,1.83207985694601
2023-04-15 14:00:00,100.4,269.916666666667,347.529294911183,3.53184831998583
2023-04-15 15:00:00,100.4,270.383333333333,339.170264740417,2.61646408743889
2023-04-15 16:00:00,100.366666666667,269.733333333333,350.992114208756,1.93784734201996
2023-04-15 17:00:00,100.166666666667,268.45,349.479234136236,2.49740264946547
2023-04-15 18:00:00,98.85,266.833333333333,2.268432556525,4.34483102667523
2023-04-15 19:00:00,98.6666666666667,266.65,7.988738775721,2.81925909633488
2023-04-15 20:00:00,98.3333333333333,266.283333333333,2.75762622769912,3.21436758113235
2023-04-15 21:00:00,98.35,266.4,355.237015322603,4.00950392115493
2023-04-15 22:00:00,98.45,266.5,357.859274182269,3.58732191710238
2023-04-15 23:00:00,98.4333333333333,266.55,7.43584272656312,3.65055224769301
2023-04-16 00:00:00,98.5833333333333,266.65,15.0476474672723,4.0628624018776
2023-04-16 01:00:00,98.7,266.766666666667,11.1110006730347,4.65408214039168
2023-04-16 02:00:00,98.8,266.85,12.174713808485,5.18084629218647
2023-04-16 03:00:00,98.75,266.833333333333,1.68534281172316,5.55231725955997
2023-04-16 04:00:00,98.6,266.7,6.7150529512183,4.6822013009196
2023-04-16 05:00:00,98.45,266.566666666667,6.41408224160398,4.31661822332155
2023-04-16 06:00:00,98.3333333333333,266.466666666667,10.5412579735289,4.25656556637165
2023-04-16 07:00:00,98.5666666666667,266.8,8.89490093444414,3.76265129648479
2023-04-16 08:00:00,99.0833333333333,267.333333333333,8.12361786549599,3.87084141493637
2023-04-16 09:00:00,99.25,267.7,18.6811591396912,3.7445490936214
2023-04-16 10:00:00,99.6833333333333,268.316666666667,17.4830694606744,3.6376869124779
2023-04-16 11:00:00,100.366666666667,269.6,21.1890508132533,3.30346482952567
2023-04-16 12:00:00,100.4,271.233333333333,10.3431434678569,3.02413358434027
2023-04-16 13:00:00,100.4,272.816666666667,2.33299702215794,2.06179664855285
2023-04-16 14:00:00,100.4,272.216666666667,14.1720634626092,2.38029983643081
2023-04-16 15:00:00,100.383333333333,270.083333333333,19.7201776471597,2.32411449532255
2023-04-16 16:00:00,100.4,271.083333333333,5.73942637202754,2.29375371575574
2023-04-16 17:00:00,100.4,270.05,3.32163829654229,2.42247301772077
2023-04-16 18:00:00,100.4,269.066666666667,358.637752373061,2.78473419361912
2023-04-16 19:00:00,100.35,268.183333333333,2.72081816695714,2.53803206688944
2023-04-16 20:00:00,100.016666666667,267.8,357.104026215459,2.77678615202161
2023-04-16 21:00:00,99.9,267.7,0.795853001462717,2.29831003443077
2023-04-16 22:00:00,99.8333333333333,267.716666666667,34.0815730205773,0.949317129443603
2023-04-16 23:00:00,99.95,267.816666666667,145.649352625036,0.775325995194244
2023-04-17 00:00:00,100.066666666667,267.916666666667,184.269828144341,2.37173306990586
2023-04-17 01:00:00,100.0,267.85,213.640062884972,2.19482928226142
2023-04-17 02:00:00,99.9333333333333,267.766666666667,205.008744713835,2.13337211286842
2023-04-17 03:00:00,99.9166666666667,267.8,205.684224408047,2.17771448486695
2023-04-17 04:00:00,99.6166666666667,267.55,173.302776031946,0.6694746894519
2023-04-17 05:00:00,98.35,266.416666666667,134.598884685703,0.597048335699771
2023-04-17 06:00:00,98.0333333333333,266.166666666667,169.726622360094,0.993778566209072
2023-04-17 07:00:00,98.3166666666667,266.583333333333,188.444854472084,1.1454036247701
2023-04-17 08:00:00,98.9833333333333,267.733333333333,175.589072065439,1.1066244100877
2023-04-17 09:00:00,99.8,268.966666666667,176.549202068583,0.914709219414095
2023-04-17 10:00:00,99.8,268.883333333333,179.943775201355,1.15953591627696
2023-04-17 11:00:00,99.7666666666667,269.5,197.678093955025,1.09372086201252
2023-04-17 12:00:00,100.316666666667,270.1,214.475186619219,0.586331452030385
2023-04-17 13:00:00,100.4,270.366666666667,191.033780757139,0.326544019240727
2023-04-17 14:00:00,100.4,270.7,186.750524831461,0.720391136664971
2023-04-17 15:00:00,100.433333333333,272.116666666667,189.734458227913,0.198471529780141
2023-04-17 16:00:00,100.4,271.016666666667,206.476975275169,1.40057963799746
2023-04-17 17:00:00,100.4,269.183333333333,202.071312033811,2.74591352896313
2023-04-17 18:00:00,100.4,269.15,187.322865323317,1.91083579812609
2023-04-17 19:00:00,100.4,268.983333333333,188.568734999657,1.16326359295186
2023-04-17 20:00:00,100.4,268.85,205.554413011653,1.8347765419546
2023-04-17 21:00:00,100.4,268.283333333333,130.016425793316,0.838214931479901
2023-04-17 22:00:00,100.4,268.116666666667,132.438156097036,0.875766704675732
2023-04-17 23:00:00,100.4,268.2,108.852425169002,1.32725395450114
2023-04-18 00:00:00,100.4,268.116666666667,112.026171721366,1.50265949225665
2023-04-18 01:00:00,100.2,267.9,103.968667113791,1.65259060988301
2023-04-18 02:00:00,100.2,267.866666666667,86.2694745760164,1.34685219895792
2023-04-18 03:00:00,100.033333333333,267.75,84.1390263549207,1.17625398950764
2023-04-18 04:00:00,99.4833333333333,267.25,168.61167656581,0.671388845479351
2023-04-18 05:00:00,99.4166666666667,267.2,248.406112658664,0.344002035687136
2023-04-18 06:00:00,99.1333333333333,267.0,204.142857396649,1.24980529430797
2023-04-18 07:00:00,99.8333333333333,268.2,267.941134047433,0.137786209123798
2023-04-18 08:00:00,100.1,268.95,274.031593955903,0.66459223046539
2023-04-18 09:00:00,100.216666666667,270.333333333333,258.711268712504,0.624911394672609
2023-04-18 10:00:00,100.35,270.233333333333,193.372355076866,1.33494289809881
2023-04-18 11:00:00,100.433333333333,271.65,221.683668488503,0.935540992924712
2023-04-18 12:00:00,100.4,270.216666666667,219.865268189425,2.20847373054627
2023-04-18 13:00:00,100.4,270.316666666667,225.071810849044,2.67926259539244
2023-04-18 14:00:00,100.4,270.7,200.479164020148,1.89659648195801
2023-04-18 15:00:00,100.4,272.3,174.81193920871,0.837438443473694
2023-04-18 16:00:00,100.4,272.5,67.0401849469266,0.527712967043275
2023-04-18 17:00:00,100.433333333333,272.65,326.17535697745,0.170449033827783
2023-04-18 18:00:00,100.483333333333,273.0,16.0760261837954,0.810035832554359
2023-04-18 19:00:00,100.416666666667,271.0,187.486671404514,0.468562778900491
2023-04-18 20:00:00,100.4,270.366666666667,243.591793074272,0.088165581866591
2023-04-18 21:00:00,100.4,270.566666666667,29.8245489958725,0.882577742782513
2023-04-18 22:00:00,100.4,270.15,109.099136952929,0.571633968281162
2023-04-18 23:00:00,100.4,269.833333333333,146.509904719878,1.05022329808336
2023-04-19 00:00:00,100.4,269.433333333333,20.8525009771068,0.240522680287661
2023-04-19 01:00:00,100.4,269.383333333333,215.01730717581,0.537655909062137
2023-04-19 02:00:00,100.4,269.416666666667,169.665291420094,0.963207033537721
2023-04-19 03:00:00,100.4,269.066666666667,168.174604882516,0.71008711172178
2023-04-19 04:00:00,100.4,269.05,189.845792480412,0.65568309273564
2023-04-19 05:00:00,100.4,269.066666666667,227.912675913235,1.18814761792807
2023-04-19 06:00:00,100.4,269.3,201.115654280214,1.13857670512546
2023-04-19 07:00:00,100.4,269.633333333333,351.755115055477,0.338920173761217
2023-04-19 08:00:00,100.4,269.8,238.497353080945,0.791759100642599
2023-04-19 09:00:00,100.416666666667,272.016666666667,156.705221953931,0.337241784046013
2023-04-19 10:00:00,100.4,270.316666666667,64.5601239784537,0.780376316282128
2023-04-19 11:00:00,100.4,270.333333333333,37.7642469829174,1.58904015653882
2023-04-19 12:00:00,100.4,271.55,355.454908385725,2.12264854320551
2023-04-19 13:00:00,100.4,271.733333333333,357.052443039957,1.66957361978655
2023-04-19 14:00:00,100.4,271.416666666667,3.73105548303249,1.78666366999935
2023-04-19 15:00:00,100.4,270.816666666667,343.347090733729,2.51432800813642
2023-04-19 16:00:00,100.4,270.683333333333,2.27435421583982,4.06361709265322
2023-04-19 17:00:00,100.4,270.483333333333,11.3659976337025,5.56012154251422
2023-04-19 18:00:00,100.4,270.316666666667,14.3742779203212,5.86550708160416
2023-04-19 19:00:00,100.4,269.933333333333,24.7046793323547,7.30551355290671
2023-04-19 20:00:00,100.4,269.833333333333,20.1404096001818,5.51839874387672
2023-04-19 21:00:00,100.4,269.783333333333,28.1687588153409,5.35991729686806
2023-04-19 22:00:00,100.4,269.6,18.6190801792455,5.43694619196931
2023-04-19 23:00:00,100.4,269.433333333333,14.8710241905166,4.52870173142157
2023-04-20 00:00:00,100.4,269.45,0.491591685293656,2.93401678288717
2023-04-20 01:00:00,100.4,269.283333333333,34.0557938005982,5.52628586864443
2023-04-20 02:00:00,100.4,269.15,28.5796948970866,4.65353211865564
2023-04-20 03:00:00,100.4,269.133333333333,21.4791566435333,4.05747890197326
2023-04-20 04:00:00,100.4,269.116666666667,20.1593345493554,2.83830644411367
2023-04-20 05:00:00,100.4,268.933333333333,1.62122666470174,1.40371608160864
2023-04-20 06:00:00,100.4,268.816666666667,24.0680995141519,1.35970113456911
2023-04-20 07:00:00,100.4,268.85,66.9483249218299,3.80770938828973
2023-04-20 08:00:00,99.95,269.016666666667,83.3556666371922,2.3302253036473
2023-04-20 09:00:00,96.85,269.666666666667,93.1493333132289,2.75384789434707
2023-04-20 10:00:00,97.5833333333333,269.783333333333,87.0838704168439,2.37427290667737
2023-04-20 11:00:00,100.366666666667,270.966666666667,166.85261909952,0.631870175949215
2023-04-20 12:00:00,100.133333333333,270.65,207.332929175829,0.948612556650483
2023-04-20 13:00:00,99.5333333333333,270.8,173.043209150752,1.34177500417515
2023-04-20 14:00:00,99.8166666666667,272.233333333333,22.3239632072132,0.542490336722429
2023-04-20 15:00:00,99.7333333333333,271.466666666667,107.546998605788,1.17038741589872
2023-04-20 16:00:00,100.4,271.166666666667,150.637502589593,0.501552212364283
2023-04-20 17:00:00,100.366666666667,270.95,310.973454274165,0.552334320409745
2023-04-20 18:00:00,100.4,270.75,130.940289549736,0.696125493930613
2023-04-20 19:00:00,100.4,270.55,227.120901553945,1.76209703133289
2023-04-20 20:00:00,100.4,270.466666666667,225.440838919519,1.14856194904727
2023-04-20 21:00:00,100.4,270.416666666667,227.305700116294,1.37376730144709
2023-04-20 22:00:00,100.1,270.266666666667,128.562421051717,1.40725321194679
2023-04-20 23:00:00,100.066666666667,270.383333333333,114.589967132861,1.81404588568915
2023-04-21 00:00:00,98.4,270.45,88.292215389551,2.6691591993237
2023-04-21 01:00:00,100.033333333333,270.083333333333,34.381692749644,1.25215602471848
2023-04-21 02:00:00,100.4,270.083333333333,184.859230173829,1.34536448074432
2023-04-21 03:00:00,96.4666666666667,270.05,103.010979444739,1.12136299647476
2023-04-21 04:00:00,92.3666666666667,270.35,104.041868771602,1.42944488493234
2023-04-21 05:00:00,94.2833333333333,270.133333333333,85.7508549669673,1.5697664968809
2023-04-21 06:00:00,90.55,270.2,97.610570964568,2.02674829572362
2023-04-21 07:00:00,85.3333333333333,270.566666666667,111.54459366588,2.74467095373588
2023-04-21 08:00:00,86.55,270.983333333333,93.3347492254568,1.67741557831472
2023-04-21 09:00:00,85.0166666666667,271.233333333333,98.2510629037092,2.67182759045551
2023-04-21 10:00:00,79.4,271.55,96.159991379777,3.91432721376078
2023-04-21 11:00:00,74.5,272.283333333333,94.437756691884,3.95490153929868
2023-04-21 12:00:00,73.6833333333333,272.883333333333,69.9574664247528,4.47429891765761
2023-04-21 13:00:00,66.7833333333333,273.483333333333,59.6773194052901,5.45015785759727
2023-04-21 14:00:00,64.1333333333333,273.883333333333,69.3456452397514,4.57465513522805
2023-04-21 15:00:00,62.9833333333334,274.433333333333,62.4012288692443,3.69967380177023
2023-04-21 16:00:00,60.5166666666667,274.516666666667,60.9450690929011,3.83281457462876
2023-04-21 17:00:00,61.6333333333333,274.5,62.7836177933099,2.88273146844536
2023-04-21 18:00:00,61.4666666666667,274.433333333333,50.6013269776333,1.97792409331598
2023-04-21 19:00:00,61.7166666666667,273.95,62.4069069914626,3.02949866706241
2023-04-21 20:00:00,59.35,273.883333333333,82.2796085603081,1.96309525702402
2023-04-21 21:00:00,56.6833333333333,273.883333333333,157.070787212956,0.509235652507756
2023-04-21 22:00:00,57.8666666666667,273.716666666667,150.29797968537,0.154098027490163
2023-04-21 23:00:00,60.9833333333333,273.383333333333,57.1376658477637,1.4063924846207
2023-04-22 00:00:00,60.3833333333333,273.2,25.3060753491942,0.756396772873886
2023-04-22 01:00:00,59.1833333333333,273.2,104.651711563431,0.61924769270526
2023-04-22 02:00:00,58.1333333333333,273.2,140.989672822037,0.483612023612432
2023-04-22 03:00:00,55.25,273.333333333333,112.781576610163,0.511465751954806
2023-04-22 04:00:00,53.9833333333333,273.133333333333,148.042114491232,0.103609362362912
2023-04-22 05:00:00,52.2,273.383333333333,263.652784163047,0.411676613612174
2023-04-22 06:00:00,49.75,273.65,207.386243144846,0.443376147067033
2023-04-22 07:00:00,44.6333333333333,274.766666666667,19.3657822284669,1.85092271143382
2023-04-22 08:00:00,43.1666666666667,275.766666666667,45.0063823042858,2.93671860787968
2023-04-22 09:00:00,41.8666666666667,276.333333333333,44.8168718538797,3.64928047507994
2023-04-22 10:00:00,39.9,276.916666666667,50.7086800781389,2.73223734743274
2023-04-22 11:00:00,37.8833333333333,278.533333333333,81.3502464387724,0.777062923903247
2023-04-22 12:00:00,32.6833333333333,281.683333333333,18.8049600597828,0.441610857043825
2023-04-22 13:00:00,42.6,279.183333333333,134.99019961735,0.903794449136698
2023-04-22 14:00:00,46.4666666666667,278.75,104.931638278914,1.19489223663729
2023-04-22 15:00:00,41.4666666666667,280.55,48.7542000204355,0.839362249623749
2023-04-22 16:00:00,44.3666666666667,279.616666666667,49.1488174292317,0.899225771597683
2023-04-22 17:00:00,45.95,279.416666666667,24.002401584254,0.939294498683572
2023-04-22 18:00:00,47.05,279.516666666667,4.33572034912339,2.24055563330288
2023-04-22 19:00:00,64.3333333333333,277.333333333333,334.65204468153,1.50856412473329
2023-04-22 20:00:00,66.3166666666667,276.416666666667,26.4857908836863,0.526590067468997
2023-04-22 21:00:00,63.7833333333333,276.433333333333,183.748516179275,1.14166876601299
2023-04-22 22:00:00,73.5833333333333,275.9,314.638123076052,0.124397861839657
2023-04-22 23:00:00,73.85,275.733333333333,58.6205945090504,0.447342469860227
2023-04-23 00:00:00,77.95,275.45,180.509176500535,0.340736246056484
2023-04-23 01:00:00,78.5666666666667,275.416666666667,119.694517373742,0.445765385112714
2023-04-23 02:00:00,83.7166666666667,275.0,38.0697035072888,0.951550681440698
2023-04-23 03:00:00,89.8333333333333,274.416666666667,32.6257106318254,1.34756070404551
2023-04-23 04:00:00,98.95,273.533333333333,62.8027083102824,1.29163597604392
2023-04-23 05:00:00,97.15,273.716666666667,343.034912892022,1.28299823576011
2023-04-23 06:00:00,95.35,273.733333333333,2.55154233456392,1.14476598969925
2023-04-23 07:00:00,81.0,274.233333333333,41.3958377739358,3.1223680785522
2023-04-23 08:00:00,74.6666666666667,274.966666666667,49.3572648079485,1.23188940198194
2023-04-23 09:00:00,74.1333333333333,276.233333333333,216.208949528907,0.576886146133617
2023-04-23 10:00:00,66.9333333333333,276.666666666667,36.2840956533387,1.04540372274976
2023-04-23 11:00:00,67.2666666666667,275.683333333333,61.5776438010469,3.30956917287741
2023-04-23 12:00:00,61.65,276.333333333333,55.3761563305349,4.00218380305636
2023-04-23 13:00:00,58.4833333333333,277.25,44.5448896397277,2.32294670402341
2023-04-23 14:00:00,58.7333333333334,277.616666666667,26.5760812900367,2.01356318937092
2023-04-23 15:00:00,64.35,276.9,28.0270267392527,2.70178639746109
2023-04-23 16:00:00,69.9333333333333,276.433333333333,24.4733610564109,2.9798214112381
2023-04-23 17:00:00,62.9166666666667,276.25,47.3940497371514,4.49920850141616
2023-04-23 18:00:00,63.9166666666667,276.033333333333,43.3989351844723,3.63610339810773
2023-04-23 19:00:00,70.75,275.416666666667,26.4607209013471,2.84823753605368
2023-04-23 20:00:00,92.1,274.183333333333,4.26511736760676,2.84684193751494
2023-04-23 21:00:00,82.35,274.45,5.60310302728612,2.68657918209135
2023-04-23 22:00:00,91.5833333333333,273.683333333333,3.37677899522629,3.36765098046278
2023-04-23 23:00:00,100.4,271.683333333333,339.455513347863,5.21338476951408
2023-04-24 00:00:00,100.4,270.683333333333,19.6381698825476,4.54039534715443
2023-04-24 01:00:00,100.4,270.016666666667,23.4601222822228,5.3910068980703
2023-04-24 02:00:00,100.4,269.65,18.2460448710626,5.58135561595649
2023-04-24 03:00:00,100.4,269.283333333333,33.6024098761338,3.9524970908992
2023-04-24 04:00:00,100.4,269.266666666667,38.2329585564017,2.46437425230398
2023-04-24 05:00:00,100.4,269.583333333333,23.0809780695552,2.28408432119873
2023-04-24 06:00:00,100.4,269.7,19.2983395996103,4.65394173034908
2023-04-24 07:00:00,100.4,269.75,12.8464444647751,4.67564317950673
2023-04-24 08:00:00,100.4,270.033333333333,9.64998811910493,3.89484539776825
2023-04-24 09:00:00,100.4,270.25,16.1482138845418,4.61415742572595
2023-04-24 10:00:00,100.4,269.633333333333,12.0052422417403,6.25229219984199
2023-04-24 11:00:00,99.9833333333333,268.75,1.42917877450788,6.52864710420528
2023-04-24 12:00:00,99.7166666666667,268.616666666667,4.52384466588103,8.28814591326973
2023-04-24 13:00:00,99.8166666666667,268.666666666667,352.122066201608,8.1124112021666
2023-04-24 14:00:00,100.233333333333,269.283333333333,354.938898365527,7.97613226663935
2023-04-24 15:00:00,100.05,269.033333333333,359.524474578796,8.75555105264979
2023-04-24 16:00:00,99.5,268.466666666667,4.62670766430824,10.5740841002617
2023-04-24 17:00:00,99.7666666666667,268.233333333333,1.70166031819929,9.50804190088876
2023-04-24 18:00:00,100.216666666667,268.433333333333,2.15204292514318,6.27661692120003
2023-04-24 19:00:00,100.316666666667,268.266666666667,6.06645648227527,5.80377395168168
2023-04-24 20:00:00,100.183333333333,268.016666666667,11.7214786207547,5.3506606185375
2023-04-24 21:00:00,100.216666666667,268.05,22.6088784197129,5.32145856998042
2023-04-24 22:00:00,100.333333333333,268.15,8.99698106265629,3.15658934847773
2023-04-24 23:00:00,100.35,268.116666666667,22.680220841691,4.06209859280334
2023-04-25 00:00:00,100.266666666667,268.016666666667,3.20634825725455,5.1937416471262
2023-04-25 01:00:00,100.1,267.85,17.3641326936395,3.56738833354967
2023-04-25 02:00:00,100.133333333333,267.883333333333,2.78036473907542,4.23275176971288
2023-04-25 03:00:00,99.5333333333333,267.4,356.544680667899,4.86017879543884
2023-04-25 04:00:00,99.2333333333333,267.116666666667,3.29026936383207,5.71288940534677
2023-04-25 05:00:00,98.7833333333334,266.75,358.705740455738,5.14152078362406
2023-04-25 06:00:00,98.75,266.766666666667,20.1007522983062,3.52683352925907
2023-04-25 07:00:00,98.8666666666667,267.033333333333,1.40319989488228,3.35099737707266
2023-04-25 08:00:00,99.2333333333333,267.583333333333,359.206617111869,2.87227311121401
2023-04-25 09:00:00,99.6166666666667,268.366666666667,348.101666001198,3.17489946274667
2023-04-25 10:00:00,100.033333333333,269.1,344.342142881482,3.32916474084388
2023-04-25 11:00:00,100.4,269.716666666667,348.767751928272,4.14013618273361
2023-04-25 12:00:00,99.6666666666667,268.5,18.7081907596516,8.40259086157053
2023-04-25 13:00:00,98.3,267.85,14.5181896362279,11.1696852401661
2023-04-25 14:00:00,98.5666666666667,267.933333333333,10.2015514584964,6.6865331908105
2023-04-25 15:00:00,98.6166666666667,267.9,6.06724769313792,9.10360293646196
2023-04-25 16:00:00,98.2833333333333,267.366666666667,357.46350768795,9.44345018191902
2023-04-25 17:00:00,98.7833333333334,267.283333333333,335.885646203666,5.39008476097003
2023-04-25 18:00:00,98.6166666666667,267.166666666667,14.0321369700187,5.93185401147829
2023-04-25 19:00:00,98.25,266.566666666667,14.6721506746434,5.3621468329015
2023-04-25 20:00:00,98.3666666666667,266.55,12.7863536908119,5.0375878362021
2023-04-25 21:00:00,98.3333333333333,266.483333333333,12.0201425735538,2.68694262466246
2023-04-25 22:00:00,98.5,266.65,11.5787129144354,4.6910459922064
2023-04-25 23:00:00,98.5166666666667,266.633333333333,14.1174466200845,5.83834091816658
2023-04-26 00:00:00,98.4666666666667,266.583333333333,14.4654850078218,5.6051619354251
2023-04-26 01:00:00,98.15,266.366666666667,12.1302317452145,5.31437416616309
2023-04-26 02:00:00,98.0,266.183333333333,16.5164193487637,4.41190058300554
2023-04-26 03:00:00,98.1166666666667,266.3,13.7860490687334,5.00546690456726
2023-04-26 04:00:00,98.1166666666667,266.3,10.5338220291731,5.38255742176689
2023-04-26 05:00:00,97.5166666666667,265.766666666667,5.94713985984754,6.30281495173686
2023-04-26 06:00:00,97.2166666666667,265.533333333333,358.29654393953,5.24658275362355
2023-04-26 07:00:00,96.75,265.55,24.5303348418211,6.06939774241772
2023-04-26 08:00:00,96.9333333333334,266.55,17.1565695454345,3.77908987429194
2023-04-26 09:00:00,95.4166666666667,265.683333333333,53.5228961497172,3.90479361539859
2023-04-26 10:00:00,94.9666666666667,265.933333333333,49.4169932576094,4.05890435293062
2023-04-26 11:00:00,94.6166666666667,266.516666666667,49.7903366367791,4.01818621419794
2023-04-26 12:00:00,94.95,267.833333333333,22.4593860569319,4.11812521481218
2023-04-26 13:00:00,89.3166666666667,268.233333333333,16.968318562827,4.89021422173464
2023-04-26 14:00:00,79.1833333333333,269.083333333333,25.4477876082535,5.51213185034382
2023-04-26 15:00:00,68.1166666666667,269.983333333333,35.8715112005384,4.45743132612156
2023-04-26 16:00:00,62.15,270.65,19.9491895481367,4.04628871108612
2023-04-26 17:00:00,63.4,271.35,4.67824132102578,3.46024408566919
2023-04-26 18:00:00,69.35,270.916666666667,355.314129272502,3.25181534162602
2023-04-26 19:00:00,62.8666666666667,270.833333333333,8.23508314226507,5.25228436262388
2023-04-26 20:00:00,68.4833333333333,270.616666666667,14.6588940625237,6.48464464281573
2023-04-26 21:00:00,78.05,270.516666666667,12.7366909703974,6.73300401235581
2023-04-26 22:00:00,90.45,269.916666666667,353.573612011157,8.90409873046654
2023-04-26 23:00:00,96.4666666666667,269.733333333333,8.8336290694084,9.30644007105961
2023-04-27 00:00:00,100.033333333333,269.883333333333,10.9336329938286,7.75995528869046
2023-04-27 01:00:00,100.4,270.183333333333,12.0286214295821,6.11168616220763
2023-04-27 02:00:00,100.4,270.25,4.35736388736547,6.47135741727692
2023-04-27 03:00:00,100.4,270.216666666667,13.2876689737681,4.51225519943051
2023-04-27 04:00:00,100.4,270.383333333333,11.0744582815763,6.89486672145718
2023-04-27 05:00:00,100.4,270.45,9.77366102393705,6.39575799687936
2023-04-27 06:00:00,100.4,270.416666666667,2.34459712740176,5.05445796503655
2023-04-27 07:00:00,100.4,270.533333333333,18.5969451968944,4.89463376801989
2023-04-27 08:00:00,100.4,270.55,17.0807200279207,5.88317845013328
2023-04-27 09:00:00,100.4,271.0,9.51019997304763,4.1372267964062
2023-04-27 10:00:00,98.2333333333333,271.266666666667,17.62224926956,3.99898674606269
2023-04-27 11:00:00,91.2,272.25,22.6399984522178,4.78574575346427
2023-04-27 12:00:00,81.4666666666667,273.233333333333,14.0162820664733,6.12208416414621
2023-04-27 13:00:00,70.9666666666667,273.65,27.2524134577951,4.41232419792718
2023-04-27 14:00:00,73.0333333333334,274.383333333333,358.974603853183,3.75192001805231
2023-04-27 15:00:00,75.3,274.45,24.3597857964093,5.8525918541486
2023-04-27 16:00:00,64.1,274.85,33.7987154480529,4.83307309551737
2023-04-27 17:00:00,67.3,274.9,31.4318735663204,3.59841978338986
2023-04-27 18:00:00,77.4666666666667,274.833333333333,341.671256561771,4.79042349902492
2023-04-27 19:00:00,79.2,274.566666666667,0.647717273758872,2.55860343158843
2023-04-27 20:00:00,92.5666666666667,273.333333333333,15.9577782640166,1.97945672782391
2023-04-27 21:00:00,89.0166666666667,273.366666666667,43.6931264178786,2.13680557841281
2023-04-27 22:00:00,81.05,273.883333333333,29.9319418441719,2.06006499372399
2023-04-27 23:00:00,80.6,273.866666666667,12.9502026562432,2.39195683700031
2023-04-28 00:00:00,76.9,274.116666666667,30.2303218530095,4.12773107536942
2023-04-28 01:00:00,68.3666666666667,274.533333333333,35.386231547809,5.00165067709371
2023-04-28 02:00:00,64.8166666666667,274.716666666667,38.3141113763712,5.90736319816378
2023-04-28 03:00:00,61.7666666666667,274.883333333333,26.2175945176188,5.20416704515317
2023-04-28 04:00:00,58.35,274.85,24.3025111908896,4.88353282543668
2023-04-28 05:00:00,80.4166666666667,273.25,21.3155254126891,5.17303569165666
2023-04-28 06:00:00,100.4,271.866666666667,107.210155472254,0.59104946197828
2023-04-28 07:00:00,100.4,272.283333333333,355.099577684762,1.18309397809815
2023-04-28 08:00:00,100.4,272.85,355.086774980476,2.85870120471103
2023-04-28 09:00:00,100.4,273.05,6.89141112854634,3.14202049349272
2023-04-28 10:00:00,100.4,273.566666666667,32.5208250893298,3.9321813235208
2023-04-28 11:00:00,100.4,273.55,21.339389963232,3.92427095594033
2023-04-28 12:00:00,100.4,273.816666666667,39.9851474252206,5.64977335688197
2023-04-28 13:00:00,100.416666666667,273.95,25.4415707636451,7.53153136502164
2023-04-28 14:00:00,100.416666666667,274.05,19.4909454282493,7.72784319152377
2023-04-28 15:00:00,100.45,274.466666666667,15.3440155961557,8.56848015079504
2023-04-28 16:00:00,100.466666666667,274.466666666667,9.61127885691906,7.36951885470491
2023-04-28 17:00:00,100.5,274.433333333333,2.48785225341845,8.60487560193446
2023-04-28 18:00:00,100.5,274.25,5.70809092268058,5.92121300556991
2023-04-28 19:00:00,100.45,273.916666666667,23.9023505533933,3.32028195505087
2023-04-28 20:00:00,100.466666666667,273.3,25.7735582906721,6.37350455952258
2023-04-28 21:00:00,100.45,273.416666666667,16.5724875200094,5.51190142539433
2023-04-28 22:00:00,100.483333333333,274.316666666667,356.579515427463,5.02861056546136
2023-04-28 23:00:00,100.466666666667,274.966666666667,354.124114824802,4.80076376220823
2023-04-29 00:00:00,100.483333333333,274.283333333333,10.0836962212774,4.94010008784301
2023-04-29 01:00:00,100.483333333333,274.316666666667,24.376447884022,5.39785325835878
2023-04-29 02:00:00,100.483333333333,274.516666666667,14.1412922460066,5.53444584857417
2023-04-29 03:00:00,100.5,274.5,9.39709000593615,4.44105639435536
2023-04-29 04:00:00,100.483333333333,274.383333333333,6.0492090799317,5.08925822622608
2023-04-29 05:00:00,100.483333333333,273.716666666667,24.7274586318225,5.14634068530982
2023-04-29 06:00:00,100.5,273.7,11.2096033761738,3.90228118542052
2023-04-29 07:00:00,100.5,273.516666666667,21.1354419664999,4.63306972082363
2023-04-29 08:00:00,100.45,274.083333333333,24.146997039988,4.29434709302473
2023-04-29 09:00:00,99.6666666666667,274.766666666667,5.78880872323248,4.53323992468861
2023-04-29 10:00:00,87.4,275.133333333333,345.668962305571,3.99148737859937
2023-04-29 11:00:00,85.55,275.5,341.928828213689,3.53625887988938
2023-04-29 12:00:00,79.7166666666667,276.15,342.930340147111,2.94687981986208
2023-04-29 13:00:00,72.05,277.55,14.0218472074802,2.02426077676045
2023-04-29 14:00:00,74.9333333333333,276.866666666667,23.2544326323684,2.4106157689455
2023-04-29 15:00:00,76.55,276.433333333333,18.9339685631248,2.93720322869206
2023-04-29 16:00:00,79.9666666666667,275.883333333333,36.3144580639793,3.08869801034168
2023-04-29 17:00:00,79.3666666666667,275.933333333333,42.3548080055509,2.51653433977996
2023-04-29 18:00:00,82.5666666666667,275.85,3.82161784694119,0.993246198950801
2023-04-29 19:00:00,100.45,273.466666666667,10.2114806146953,3.48123443793572
2023-04-29 20:00:00,100.183333333333,273.533333333333,43.5730867702454,1.15878659900667
2023-04-29 21:00:00,93.7166666666667,274.25,13.914254593987,0.64315695264239
2023-04-29 22:00:00,91.4333333333333,274.166666666667,172.336405725556,1.75500852550882
2023-04-29 23:00:00,86.65,274.066666666667,172.623796793369,1.81533908050742
2023-04-30 00:00:00,88.9666666666667,273.733333333333,109.132464763793,0.135393744832696
2023-04-30 01:00:00,89.0166666666667,273.45,52.8309428022,0.771908979775468
2023-04-30 02:00:00,86.5833333333333,273.25,140.709510481747,0.779463856872391
2023-04-30 03:00:00,80.45,273.3,141.402689213324,1.04497120250188
2023-04-30 04:00:00,78.9833333333333,273.166666666667,121.208982466387,0.726659606078712
2023-04-30 05:00:00,86.95,272.45,228.967134313453,0.189128696224563
2023-04-30 06:00:00,96.2,271.883333333333,276.365380671607,0.738840712685769
2023-04-30 07:00:00,83.4833333333333,273.516666666667,208.069346034452,0.82484806227515
2023-04-30 08:00:00,77.35,274.416666666667,22.7667035594771,1.05627603809305
2023-04-30 09:00:00,76.4166666666667,275.266666666667,44.2225348309634,0.260119396740105
2023-04-30 10:00:00,83.5666666666667,274.75,44.0979446005511,0.705093898006896
2023-04-30 11:00:00,87.05,274.516666666667,60.9631346191438,1.02792106185825
2023-04-30 12:00:00,86.25,274.933333333333,42.4592158232855,1.85616728297092
2023-04-30 13:00:00,68.65,278.633333333333,344.502393083453,0.640950716599322
2023-04-30 14:00:00,71.1833333333333,276.8,166.88203749243,2.03437883384808
2023-04-30 15:00:00,75.95,276.783333333333,156.026904907688,1.80726922053979
2023-04-30 16:00:00,72.1666666666667,278.083333333333,175.926711367645,0.762363661513079
2023-04-30 17:00:00,72.0666666666667,278.2,138.286869748222,0.422969358588383
2023-04-30 18:00:00,86.5833333333333,276.433333333333,193.132792581457,1.32900703648776
2023-04-30 19:00:00,99.8,275.266666666667,202.573935871227,2.58046380482963
2023-04-30 20:00:00,100.35,275.066666666667,50.3736334588376,0.473945428278165
2023-04-30 21:00:00,100.433333333333,274.783333333333,54.4713995362339,1.00747592977451
2023-04-30 22:00:00,100.466666666667,274.566666666667,78.317354014904,1.05766621941394
2023-04-30 23:00:00,100.483333333333,273.983333333333,106.026826831036,1.09626234943907
2023-05-01 00:00:00,100.4,273.85,108.741787215527,0.763412379060476
2023-05-01 01:00:00,99.4833333333334,274.066666666667,23.9300801518123,0.670996801702165
2023-05-01 02:00:00,100.466666666667,273.616666666667,20.8050569313386,0.81787383492162
2023-05-01 03:00:00,100.5,273.533333333333,135.653697866338,0.384601135920066
2023-05-01 04:00:00,100.5,273.466666666667,164.020458887531,0.3960378653592
2023-05-01 05:00:00,100.466666666667,273.466666666667,194.492377072466,0.501588809748701
2023-05-01 06:00:00,100.483333333333,273.366666666667,260.386147003977,0.070285631112789
2023-05-01 07:00:00,100.433333333333,273.6,302.594958714482,0.402158185459275
2023-05-01 08:00:00,95.8166666666667,274.65,2.81821341901798,0.687431194215965
2023-05-01 09:00:00,89.8166666666667,275.5,3.86105844097898,0.464070016288842
2023-05-01 10:00:00,83.1666666666667,276.583333333333,359.262452608334,0.579113441574603
2023-05-01 11:00:00,80.9833333333333,276.616666666667,39.5051478855602,0.52516843711461
2023-05-01 12:00:00,83.15,276.033333333333,109.383491579029,0.306360861950269
2023-05-01 13:00:00,89.3166666666667,275.55,56.7124624513496,1.04131055744564
2023-05-01 14:00:00,98.1166666666667,273.766666666667,347.195759716577,2.85624162652924
2023-05-01 15:00:00,100.5,273.35,24.6038429657676,2.55003103821878
2023-05-01 16:00:00,100.483333333333,273.266666666667,11.4395385589838,2.89511411697933
2023-05-01 17:00:00,100.466666666667,273.266666666667,12.1648306448972,2.29883619700402
2023-05-01 18:00:00,100.4,273.033333333333,15.1434665752673,2.34968134992753
2023-05-01 19:00:00,100.416666666667,272.216666666667,10.329020437976,2.7809687254138
2023-05-01 20:00:00,100.5,271.533333333333,355.865016845945,3.19935588486455
2023-05-01 21:00:00,100.466666666667,271.316666666667,356.815584614037,2.6341696361169
2023-05-01 22:00:00,100.416666666667,271.066666666667,359.564326952018,1.83056536918778
2023-05-01 23:00:00,100.416666666667,270.95,19.7926389405327,1.63455217600946
2023-05-02 00:00:00,100.4,270.783333333333,350.211645536274,1.3393926467906
2023-05-02 01:00:00,100.4,270.766666666667,357.836543235381,1.17668814315601
2023-05-02 02:00:00,100.4,270.683333333333,138.291091458443,0.860749228354228
2023-05-02 03:00:00,100.4,270.65,148.818794256908,1.60215296844866
2023-05-02 04:00:00,100.4,270.65,178.853798623518,1.58342713672521
2023-05-02 05:00:00,100.4,270.65,200.075931901868,2.14074265437134
2023-05-02 06:00:00,100.4,270.65,205.203290941742,2.08705132197565
2023-05-02 07:00:00,100.4,270.616666666667,221.578472765194,2.41113451744969
2023-05-02 08:00:00,100.4,270.516666666667,197.77985037196,3.52468676279978
2023-05-02 09:00:00,100.4,270.6,193.121894398803,2.9091778332461
2023-05-02 10:00:00,100.4,271.1,183.896591865704,2.33767155290616
2023-05-02 11:00:00,100.4,271.383333333333,198.820528978089,2.66522129643722
2023-05-02 12:00:00,100.45,272.116666666667,175.234685953211,1.522393554945
2023-05-02 13:00:00,100.466666666667,271.75,206.411511294078,4.06110874208292
2023-05-02 14:00:00,100.416666666667,271.416666666667,179.395939979106,4.65432042337261
2023-05-02 15:00:00,100.4,271.85,188.18020581136,2.52617786469068
2023-05-02 16:00:00,100.433333333333,272.383333333333,199.334621178271,1.69288293930683
2023-05-02 17:00:00,100.5,271.816666666667,220.263895631234,4.20506917170643
2023-05-02 18:00:00,100.483333333333,271.766666666667,193.812902958993,4.30682395298579
2023-05-02 19:00:00,100.45,271.566666666667,182.863443533887,3.5672528638248
2023-05-02 20:00:00,100.416666666667,271.033333333333,183.096243041216,2.92192563695333
2023-05-02 21:00:00,100.4,270.716666666667,157.685166586265,2.05376422138222
2023-05-02 22:00:00,100.4,270.7,181.225832212211,2.69228791947181
2023-05-02 23:00:00,100.4,270.816666666667,181.332246226478,1.84280222493501
2023-05-03 00:00:00,100.4,270.8,190.381634682014,0.758704457184292
2023-05-03 01:00:00,100.4,270.733333333333,185.87666247128,1.2197830134207
2023-05-03 02:00:00,100.4,270.466666666667,146.728752532396,0.762904799743592
2023-05-03 03:00:00,99.3666666666667,270.083333333333,175.41998203576,1.07519465435151
2023-05-03 04:00:00,100.333333333333,269.933333333333,220.992084236476,1.60848932490946
2023-05-03 05:00:00,99.6333333333333,269.516666666667,185.457503571861,1.30773005845327
2023-05-03 06:00:00,99.9333333333333,269.683333333333,41.5114837521786,0.679191819551562
2023-05-03 07:00:00,93.8666666666667,271.5,136.328450990236,0.519105498881187
2023-05-03 08:00:00,90.45,271.883333333333,148.202769030541,0.606293044576857
2023-05-03 09:00:00,90.8,273.533333333333,203.431933657048,0.584313701834791
2023-05-03 10:00:00,99.7166666666667,271.083333333333,213.716503398235,3.06599713933035
2023-05-03 11:00:00,93.05,273.7,240.718554955294,1.12092724028012
2023-05-03 12:00:00,91.4666666666667,274.133333333333,68.9068766434971,0.680911746226497
2023-05-03 13:00:00,91.3166666666667,274.733333333333,60.884305989232,1.40750361214449
2023-05-03 14:00:00,84.6333333333333,274.6,131.719869046191,1.27759940889267
2023-05-03 15:00:00,59.95,277.2,111.646182700715,0.606637069369184
2023-05-03 16:00:00,63.35,276.45,80.3263448785645,1.33987785603037
2023-05-03 17:00:00,61.0,276.766666666667,45.4637643466919,1.65423040976307
2023-05-03 18:00:00,59.9333333333333,276.983333333333,12.4080085187363,1.94487203024666
2023-05-03 19:00:00,78.0666666666667,276.233333333333,358.814142529945,1.22707387705265
2023-05-03 20:00:00,89.2833333333334,274.6,152.21113946059,0.441447637326967
2023-05-03 21:00:00,92.7,273.966666666667,50.7392587222544,0.67087021053975
2023-05-03 22:00:00,82.4166666666667,273.966666666667,67.6572950495748,0.888385725343125
2023-05-03 23:00:00,87.1,273.416666666667,157.763414884072,0.201517476262312
2023-05-04 00:00:00,82.7166666666667,273.516666666667,157.403258438757,0.606314850699597
2023-05-04 01:00:00,63.3666666666667,274.2,80.6507800178504,0.505029098545713
2023-05-04 02:00:00,49.65,274.933333333333,122.570833907592,0.379749907821542
2023-05-04 03:00:00,48.4833333333333,274.783333333333,60.8574142794719,0.417600216178652
2023-05-04 04:00:00,26.7333333333333,275.833333333333,61.9764461032112,0.773180883219224
2023-05-04 05:00:00,16.6333333333333,275.833333333333,33.1350020232109,0.36580070337523
2023-05-04 06:00:00,12.5166666666667,276.516666666667,38.2520809126426,1.07027569947344
2023-05-04 07:00:00,11.65,277.766666666667,37.6547826405195,1.37859525446741
2023-05-04 08:00:00,12.3833333333333,278.783333333333,35.172666729245,1.73668770313146
2023-05-04 09:00:00,15.3,278.766666666667,37.8052916625374,2.19118385371649
2023-05-04 10:00:00,16.0166666666667,280.216666666667,22.7347842831358,1.51886523994811
2023-05-04 11:00:00,17.7,281.1,7.0581503954192,1.62222471487185
2023-05-04 12:00:00,25.8166666666667,279.416666666667,33.2920249063419,2.96676268292188
2023-05-04 13:00:00,24.6333333333333,280.0,32.5722399567399,2.78387314330701
2023-05-04 14:00:00,27.1833333333333,280.083333333333,33.2535103815654,2.98915820238154
2023-05-04 15:00:00,30.4666666666667,279.833333333333,42.5265316937064,2.95906016328638
2023-05-04 16:00:00,36.9833333333333,280.166666666667,30.9634866532593,2.92627324602077
2023-05-04 17:00:00,42.0166666666667,280.333333333333,24.6137410333296,2.80691763455508
2023-05-04 18:00:00,47.5,280.083333333333,25.8245792449262,2.90884600678451
2023-05-04 19:00:00,55.0,279.1,10.9387890352148,2.64682153450949
2023-05-04 20:00:00,70.1,278.116666666667,352.97204991209,3.07941341881033
2023-05-04 21:00:00,65.0,278.1,27.5935469366732,3.77949904232456
2023-05-04 22:00:00,45.3,278.733333333333,35.2007873360792,2.523740830443
2023-05-04 23:00:00,62.75,278.316666666667,8.19057401263461,4.45165662290826
2023-05-05 00:00:00,70.6166666666667,277.966666666667,13.7773817584482,4.0738840205159
2023-05-05 01:00:00,76.5833333333333,277.716666666667,354.323358406437,3.99888247912255
2023-05-05 02:00:00,78.5166666666667,277.516666666667,1.41661958214291,2.88799981929302
2023-05-05 03:00:00,81.1833333333333,277.333333333333,8.98936008213718,3.23654468648319
2023-05-05 04:00:00,83.7666666666667,277.083333333333,358.259498768259,3.68410970186631
2023-05-05 05:00:00,84.7,276.816666666667,11.5569394746594,2.47556811791974
2023-05-05 06:00:00,82.3833333333333,276.85,39.3098254305256,1.65097195061932
2023-05-05 07:00:00,76.5333333333334,277.8,31.3843914576976,1.59147828277481
2023-05-05 08:00:00,71.1666666666667,278.233333333333,44.9299588342359,1.49441077746449
2023-05-05 09:00:00,62.8166666666667,279.366666666667,60.3549479172473,0.703881445238466
2023-05-05 10:00:00,52.2666666666667,281.266666666667,53.251764704416,0.709122276013624
2023-05-05 11:00:00,60.3,279.4,56.6308419923147,1.5051780802752
2023-05-05 12:00:00,52.85,281.65,68.3201286575886,0.618750939913283
2023-05-05 13:00:00,52.7333333333333,281.666666666667,56.9512387272491,1.03671477115754
2023-05-05 14:00:00,44.5666666666667,284.016666666667,27.2315088592466,0.963736909045412
2023-05-05 15:00:00,47.9666666666667,281.75,42.1047642391609,2.40602608730611
2023-05-05 16:00:00,48.2166666666667,281.55,39.6823718165516,2.36025894611111
2023-05-05 17:00:00,52.5333333333333,280.933333333333,46.894494626979,1.25807147813002
2023-05-05 18:00:00,62.8166666666667,279.783333333333,23.9069141904117,3.05992030580703
2023-05-05 19:00:00,65.1333333333334,279.45,28.8561678208213,4.58260266653632
2023-05-05 20:00:00,97.6166666666667,275.666666666667,3.45775073707694,7.36065831309504
2023-05-05 21:00:00,100.5,274.466666666667,48.5000268609284,3.79392963826944
2023-05-05 22:00:00,100.4,275.65,44.4722872046078,2.78274475644919
2023-05-05 23:00:00,100.416666666667,274.8,26.8173654021133,3.95395215111132
2023-05-06 00:00:00,93.6333333333333,275.683333333333,14.8264787296005,3.56977858431483
2023-05-06 01:00:00,90.3666666666667,276.116666666667,30.0669201193787,4.08255213577038
2023-05-06 02:00:00,90.3666666666667,276.2,13.5558252037303,2.52056020891528
2023-05-06 03:00:00,85.4833333333334,276.433333333333,27.1257963643404,2.83981216133069
2023-05-06 04:00:00,85.55,276.333333333333,26.3135030038126,3.90210212717766
2023-05-06 05:00:00,97.7333333333333,274.966666666667,1.9240122417101,3.21813434800693
2023-05-06 06:00:00,98.2166666666667,274.45,39.7110451757574,4.17077760523491
2023-05-06 07:00:00,87.5666666666667,276.05,43.2432167818076,3.94635898605806
2023-05-06 08:00:00,79.05,277.15,10.6711260565361,1.3655907138898
2023-05-06 09:00:00,96.3,275.383333333333,2.82229463357101,2.86526466132874
2023-05-06 10:00:00,89.3333333333333,276.416666666667,29.2236094817674,1.85370192011715
2023-05-06 11:00:00,81.7833333333334,277.633333333333,0.62902198813299,1.79118249642717
2023-05-06 12:00:00,79.7333333333333,277.966666666667,41.1107064161754,3.39929918274557
2023-05-06 13:00:00,69.3,278.666666666667,41.8332508730243,4.96142483794686
2023-05-06 14:00:00,63.6666666666667,279.466666666667,37.887534964368,4.69338909632531
2023-05-06 15:00:00,66.4666666666667,279.3,52.8079496278506,4.23822952748676
2023-05-06 16:00:00,71.05,279.766666666667,11.2819959039142,2.50703355834681
2023-05-06 17:00:00,80.3333333333333,279.233333333333,334.902354940908,3.83694512349706
2023-05-06 18:00:00,87.9166666666667,278.666666666667,348.920159492717,2.93685089439881
2023-05-06 19:00:00,92.8833333333333,278.183333333333,20.1589342393161,1.83683327326538
2023-05-06 20:00:00,91.2333333333333,277.95,25.5360481876717,2.06508721812642
2023-05-06 21:00:00,91.2666666666667,277.733333333333,1.5770616168183,2.25248922652322
2023-05-06 22:00:00,88.7166666666667,277.15,33.7116804043887,3.73168377066394
2023-05-06 23:00:00,76.0833333333333,276.433333333333,58.8255421808681,2.95110330783384
2023-05-07 00:00:00,71.9333333333333,277.4,48.1468882346437,1.73711033953944
2023-05-07 01:00:00,70.95,277.516666666667,38.5142720370342,1.01519396248185
2023-05-07 02:00:00,72.0333333333333,277.133333333333,48.6855633319985,0.598838423423129
2023-05-07 03:00:00,73.2666666666667,276.883333333333,35.592355788127,1.58796584110219
2023-05-07 04:00:00,61.05,277.8,44.7818303535063,3.51495269837328
2023-05-07 05:00:00,58.5333333333333,277.8,36.4959454072072,3.52822557434925
2023-05-07 06:00:00,63.55,277.6,43.8201946030724,2.20318075424339
2023-05-07 07:00:00,64.0,278.016666666667,27.6353920085587,2.37236629879088
2023-05-07 08:00:00,63.3,278.25,22.9136955643522,3.41282849707441
2023-05-07 09:00:00,63.9833333333333,279.033333333333,19.8200261929517,2.46059154974902
2023-05-07 10:00:00,61.3166666666667,280.5,1.81945634273399,0.882553830121153
2023-05-07 11:00:00,75.9,278.4,335.542078216021,2.2990306237959
2023-05-07 12:00:00,73.5666666666667,278.083333333333,48.9156999410572,2.69890876829711
2023-05-07 13:00:00,65.3666666666667,279.733333333333,20.7172177538392,1.00159201912499
2023-05-07 14:00:00,68.9833333333333,279.583333333333,79.7086568046705,1.36416404988023
2023-05-07 15:00:00,63.5,280.466666666667,61.8846324548389,1.48022615669765
2023-05-07 16:00:00,57.7833333333333,281.516666666667,47.930080696657,0.837042322951722
2023-05-07 17:00:00,55.8666666666667,282.433333333333,20.0750573812392,1.80385159634708
2023-05-07 18:00:00,64.9166666666667,280.133333333333,10.225109331387,2.42752183178162
2023-05-07 19:00:00,97.2666666666667,277.533333333333,354.77798102827,3.70695763478229
2023-05-07 20:00:00,100.5,275.85,352.721034238266,3.81057740454902
2023-05-07 21:00:00,100.5,274.466666666667,8.22923880779956,1.43537142355213
2023-05-07 22:00:00,100.45,274.716666666667,82.8167877354181,0.935922767336412
2023-05-07 23:00:00,97.1166666666667,274.966666666667,209.029372608021,0.933772323694185
2023-05-08 00:00:00,100.4,274.433333333333,202.445097731598,1.29399892155776
2023-05-08 01:00:00,100.4,274.55,55.9549918437469,1.63252867049731
2023-05-08 02:00:00,100.416666666667,274.533333333333,39.1366251463576,1.19787182063299
2023-05-08 03:00:00,100.416666666667,274.5,24.9041430705867,0.5423696310415
2023-05-08 04:00:00,100.5,274.5,174.832398007276,1.3176337696048
2023-05-08 05:00:00,100.5,274.483333333333,196.056720379603,2.05897872116577
2023-05-08 06:00:00,100.483333333333,274.416666666667,183.326150364904,1.40587687211079
2023-05-08 07:00:00,100.5,274.6,94.8506013428411,0.348788652749999
2023-05-08 08:00:00,100.466666666667,275.2,225.865114427764,0.15877761954398
2023-05-08 09:00:00,100.4,274.966666666667,146.55039919414,1.19265958462164
2023-05-08 10:00:00,100.183333333333,275.316666666667,155.402127164966,1.28164955156879
2023-05-08 11:00:00,94.65,276.266666666667,139.357854035929,0.642312006572647
2023-05-08 12:00:00,89.8166666666667,277.133333333333,65.5188807054141,0.745401307829345
2023-05-08 13:00:00,94.2333333333333,276.9,351.788977656275,0.457769561111886
2023-05-08 14:00:00,97.9166666666667,276.6,22.6868409488062,1.96356631298743
2023-05-08 15:00:00,89.3,277.783333333333,21.4740939495761,1.55043030861308
2023-05-08 16:00:00,98.35,276.816666666667,356.939041974511,1.97047168826108
2023-05-08 17:00:00,100.333333333333,275.983333333333,356.755921618297,2.83281520951307
2023-05-08 18:00:00,100.483333333333,275.616666666667,14.4183368149786,3.63388258589265
2023-05-08 19:00:00,100.483333333333,275.466666666667,30.6770304337157,1.86101174677333
2023-05-08 20:00:00,100.4,275.433333333333,359.237236969678,1.53385834419671
2023-05-08 21:00:00,100.4,275.3,14.6732497061148,0.82427411137444
2023-05-08 22:00:00,100.4,275.183333333333,7.22594880569886,1.42769074589423
2023-05-08 23:00:00,100.4,274.85,42.2496031779212,2.03381642646241
2023-05-09 00:00:00,100.333333333333,275.183333333333,26.2772485908056,1.77706729144009
2023-05-09 01:00:00,100.016666666667,275.133333333333,33.9215653394531,2.26379940367768
2023-05-09 02:00:00,92.6833333333333,275.433333333333,40.075683299431,2.33690355045097
2023-05-09 03:00:00,88.2,275.616666666667,72.72949830055,1.44966614195237
2023-05-09 04:00:00,96.8666666666667,275.033333333333,346.949696060596,1.64432548844818
2023-05-09 05:00:00,98.4166666666667,275.033333333333,34.3325156908131,1.2534451530437
2023-05-09 06:00:00,92.0666666666667,275.5,31.9716405910176,0.203399954366478
2023-05-09 07:00:00,98.2,274.7,26.2220618810258,1.8547325855489
2023-05-09 08:00:00,90.3166666666667,275.616666666667,52.9744961538814,1.62003276667427
2023-05-09 09:00:00,79.9,277.366666666667,62.3205355585198,0.74671254796961
2023-05-09 10:00:00,76.4333333333334,278.466666666667,72.1474090197008,0.392207645385726
2023-05-09 11:00:00,82.2333333333333,277.6,51.887866043692,1.88805899696388
2023-05-09 12:00:00,64.7166666666667,278.383333333333,65.2984284389135,2.14246890907961
2023-05-09 13:00:00,57.9666666666667,279.716666666667,37.9602812206524,2.35023318592059
2023-05-09 14:00:00,53.95,280.616666666667,31.5350745264001,3.04449147484851
2023-05-09 15:00:00,50.4166666666667,280.45,34.2245215972364,4.10639555255224
2023-05-09 16:00:00,51.0166666666667,280.583333333333,33.0942891933335,3.14079014442281
2023-05-09 17:00:00,53.9666666666667,280.733333333333,24.9480971859571,1.73318596231322
2023-05-09 18:00:00,83.2166666666667,278.516666666667,341.227589916963,2.26176078292486
2023-05-09 19:00:00,84.3333333333333,277.8,29.6484074864707,2.75706048233765
2023-05-09 20:00:00,86.95,277.05,32.8342024912364,2.37034670804517
2023-05-09 21:00:00,90.7166666666667,276.433333333333,49.316001999022,2.97444001547448
2023-05-09 22:00:00,97.7833333333334,275.783333333333,20.7574206447155,2.39107157032751
2023-05-09 23:00:00,97.6833333333333,275.333333333333,36.8870281985709,0.79979282848279
2023-05-10 00:00:00,100.4,274.75,16.101224552853,2.12218236276862
2023-05-10 01:00:00,100.4,273.933333333333,21.2580571990596,2.54981070804899
2023-05-10 02:00:00,100.483333333333,273.283333333333,26.8940344388508,3.23113587729663
2023-05-10 03:00:00,100.483333333333,273.2,45.905958571134,3.52119538349385
2023-05-10 04:00:00,100.483333333333,273.183333333333,3.09381475047496,3.18242993144238
2023-05-10 05:00:00,100.5,272.716666666667,10.0,0.175
2023-05-10 06:00:00,100.5,272.483333333333,,0.0
2023-05-10 07:00:00,100.5,272.533333333333,,0.0
2023-05-10 08:00:00,100.5,272.5,,0.0
2023-05-10 09:00:00,100.5,272.666666666667,356.981176536668,0.870004141978476
2023-05-10 10:00:00,100.5,272.766666666667,2.17776633529473,2.87765321197447
2023-05-10 11:00:00,100.483333333333,272.883333333333,5.1057771936666,2.57753838268434
2023-05-10 12:00:00,100.5,272.816666666667,13.4715203873238,3.12868983385387
2023-05-10 13:00:00,100.5,273.116666666667,9.86508318829783,2.55848880632218
2023-05-10 14:00:00,100.5,272.733333333333,357.044481026453,3.13221829241068
2023-05-10 15:00:00,100.5,272.133333333333,345.791932831823,3.48148520563813
2023-05-10 16:00:00,100.483333333333,271.866666666667,334.0,2.76666666666667
2023-05-10 17:00:00,100.5,272.05,334.0,1.37333333333333
2023-05-10 18:00:00,100.433333333333,271.5,334.0,1.89333333333333
2023-05-10 19:00:00,100.4,270.866666666667,334.0,1.83166666666667
2023-05-10 20:00:00,100.4,270.383333333333,332.0,1.29333333333333
2023-05-10 21:00:00,100.4,270.166666666667,332.082153411721,1.2983184221017
2023-05-10 22:00:00,100.4,270.216666666667,332.480304489523,0.211654558245825
2023-05-10 23:00:00,100.4,270.133333333333,332.158459717661,0.609983549169759
2023-05-11 00:00:00,100.4,270.183333333333,,0.0
2023-05-11 01:00:00,100.4,270.233333333333,,0.0
2023-05-11 02:00:00,100.4,270.25,,0.0
2023-05-11 03:00:00,100.4,270.183333333333,,0.0
2023-05-11 04:00:00,100.4,270.066666666667,,0.0
2023-05-11 05:00:00,100.4,269.95,,0.0
2023-05-11 06:00:00,100.4,269.983333333333,,0.0
2023-05-11 07:00:00,100.4,270.283333333333,,0.0
2023-05-11 08:00:00,100.4,270.9,,0.0
2023-05-11 09:00:00,100.433333333333,272.05,332.019603977768,0.339997989325065
2023-05-11 10:00:00,100.5,273.283333333333,344.687644132964,1.01353210077352
2023-05-11 11:00:00,100.466666666667,274.45,7.73528144126237,1.7860516254564
2023-05-11 12:00:00,100.5,274.916666666667,22.218647805226,1.69829098132781
2023-05-11 13:00:00,100.466666666667,274.366666666667,1.25116536797179,2.10133643148338
2023-05-11 14:00:00,100.333333333333,273.066666666667,180.419138943327,0.972360929588248
2023-05-11 15:00:00,100.416666666667,271.7,206.651175084818,2.40983304151851
2023-05-11 16:00:00,100.416666666667,271.666666666667,225.734786902659,2.15265830221942
2023-05-11 17:00:00,100.433333333333,271.55,222.127242765038,3.37802298009911
2023-05-11 18:00:00,100.45,271.516666666667,241.425483133934,2.29484984501628
2023-05-11 19:00:00,100.5,271.5,230.662628496182,2.04890661650507
2023-05-11 20:00:00,100.5,271.333333333333,202.73684424722,1.71015348596596
2023-05-11 21:00:00,100.45,271.2,196.277154613179,2.01751263898566
2023-05-11 22:00:00,100.4,271.05,202.748358781037,2.6531966797476
2023-05-11 23:00:00,100.4,270.883333333333,199.924253004553,0.827336775858143
2023-05-12 00:00:00,100.4,270.65,,0.0
2023-05-12 01:00:00,100.4,270.433333333333,41.6393181013029,0.766709530748787
2023-05-12 02:00:00,100.4,270.316666666667,88.6734860491987,0.370630576347003
2023-05-12 03:00:00,100.4,270.25,186.409970819389,0.872269912105361
2023-05-12 04:00:00,100.4,270.1,237.80103198363,0.15455069400376
2023-05-12 05:00:00,100.4,270.083333333333,,0.0
2023-05-12 06:00:00,100.4,270.133333333333,167.285735189401,1.32866745803187
2023-05-12 07:00:00,100.4,270.116666666667,187.496452661456,1.68618539853937
2023-05-12 08:00:00,100.4,270.6,159.033661444649,1.15817364310203
2023-05-12 09:00:00,100.416666666667,271.533333333333,104.474152353444,0.624263967328893
2023-05-12 10:00:00,100.5,273.0,176.893520127681,0.30054855838817
2023-05-12 11:00:00,100.433333333333,273.683333333333,187.80601019764,0.677924291745251
2023-05-12 12:00:00,100.433333333333,273.016666666667,168.673371081823,0.950177890651932
2023-05-12 13:00:00,100.4,273.883333333333,266.54281409027,0.331322904824861
2023-05-12 14:00:00,100.4,273.6,185.675563383596,1.51413997445566
2023-05-12 15:00:00,100.433333333333,273.433333333333,184.674750172195,2.20805021963449
2023-05-12 16:00:00,100.4,273.45,179.15530064671,1.88784667535046
2023-05-12 17:00:00,99.2,273.966666666667,186.391933754248,1.60532101510679
2023-05-12 18:00:00,100.416666666667,273.433333333333,202.698576826836,1.48015675953924
2023-05-12 19:00:00,100.5,273.216666666667,173.081628704202,1.32507145350472
2023-05-12 20:00:00,100.5,273.1,206.17295248334,0.566635393356971
2023-05-12 21:00:00,100.483333333333,272.95,61.3981130159814,0.341958748755036
2023-05-12 22:00:00,100.5,272.6,72.899205113034,1.29890418703918
2023-05-12 23:00:00,100.433333333333,272.383333333333,95.4276379046904,1.44904157597024
2023-05-13 00:00:00,100.45,272.166666666667,41.1853086450985,1.07617970203647
2023-05-13 01:00:00,100.5,272.2,18.9787353880363,1.37035032924164
2023-05-13 02:00:00,100.5,272.083333333333,36.7517790391346,0.453560003608986
2023-05-13 03:00:00,100.5,271.95,42.2145960524049,0.997476466773531
2023-05-13 04:00:00,100.5,271.95,50.7276035623112,1.19401155635472
2023-05-13 05:00:00,100.433333333333,271.85,110.062086308554,0.43313153633284
2023-05-13 06:00:00,100.4,272.016666666667,355.955738816735,0.0795874944492834
2023-05-13 07:00:00,100.4,272.516666666667,349.660188917074,0.148661848121113
2023-05-13 08:00:00,100.4,273.216666666667,17.7429183366141,1.0161850656383
2023-05-13 09:00:00,100.4,273.366666666667,32.686387163444,1.10644222236132
2023-05-13 10:00:00,100.466666666667,273.15,356.443726274936,1.04850594780091
2023-05-13 11:00:00,100.016666666667,273.733333333333,41.9465584427129,1.84112376216712
2023-05-13 12:00:00,96.3,275.483333333333,53.3635948060916,0.317960746356982
2023-05-13 13:00:00,98.9333333333333,275.2,198.954739412699,0.284715317482841
2023-05-13 14:00:00,100.433333333333,273.266666666667,160.463208389732,1.17712897526206
2023-05-13 15:00:00,100.483333333333,273.483333333333,24.1286043670149,0.944817353056243
2023-05-13 16:00:00,99.5166666666667,274.266666666667,90.5123828091396,0.62375690431192
2023-05-13 17:00:00,99.7666666666667,273.533333333333,57.3536309242986,1.06222341227321
2023-05-13 18:00:00,83.4,275.933333333333,182.731389563185,0.118653323930349
2023-05-13 19:00:00,99.4166666666667,273.633333333333,344.412017008678,0.215843071006343
2023-05-13 20:00:00,100.4,272.633333333333,70.502103787236,1.32387171400804
2023-05-13 21:00:00,100.466666666667,272.3,80.5241475628717,2.13725678668325
2023-05-13 22:00:00,100.5,272.033333333333,73.916236633366,1.19001927220028
2023-05-13 23:00:00,100.5,271.816666666667,207.764687955925,1.11253601666826
2023-05-14 00:00:00,100.5,271.45,207.041539584232,0.71953957613381
2023-05-14 01:00:00,100.45,270.95,158.959419087041,0.262057277606694
2023-05-14 02:00:00,100.4,270.9,120.657124215037,0.908400489485492
2023-05-14 03:00:00,98.35,271.116666666667,172.124668496766,0.859263072466976
2023-05-14 04:00:00,100.366666666667,270.983333333333,209.040931257239,1.73446374150742
2023-05-14 05:00:00,100.4,271.166666666667,223.848349088867,1.19602085270879
2023-05-14 06:00:00,100.416666666667,271.35,188.864284208953,2.25239604890784
2023-05-14 07:00:00,100.483333333333,271.616666666667,206.810955377804,1.64871092571283
2023-05-14 08:00:00,100.45,272.066666666667,200.770259006478,0.454300018962129
2023-05-14 09:00:00,100.433333333333,272.7,224.00303272272,0.812733033926349
2023-05-14 10:00:00,100.4,272.383333333333,201.675140617716,1.95989691602206
2023-05-14 11:00:00,96.1333333333333,273.55,199.252348506059,1.23325663509685
2023-05-14 12:00:00,97.4666666666667,273.383333333333,202.714903614163,1.24380565731304
2023-05-14 13:00:00,100.4,272.933333333333,217.749914318875,3.19164381651287
2023-05-14 14:00:00,100.4,273.066666666667,299.986829352639,2.25350745503882
2023-05-14 15:00:00,100.483333333333,272.366666666667,247.820400672241,2.11771999000444
2023-05-14 16:00:00,100.483333333333,272.5,227.089393026723,2.18528683312306
2023-05-14 17:00:00,100.5,272.216666666667,221.937862855174,2.87969060372408
2023-05-14 18:00:00,100.5,272.1,208.989280513966,3.31477063499885
2023-05-14 19:00:00,100.5,271.983333333333,227.576789464251,2.64357385921985
2023-05-14 20:00:00,100.5,271.7,233.221532259075,2.76865865475458
2023-05-14 21:00:00,100.433333333333,271.583333333333,250.1144447152,1.45177831959436
2023-05-14 22:00:00,100.483333333333,271.583333333333,313.180363634407,1.74756478258971
2023-05-14 23:00:00,100.416666666667,271.4,332.727110000977,2.21840812371915
2023-05-15 00:00:00,100.466666666667,271.45,219.243813802549,3.11919064385193
2023-05-15 01:00:00,100.45,271.516666666667,208.144423599814,5.13336188111866
2023-05-15 02:00:00,100.416666666667,271.433333333333,209.902728305171,4.17665816360834
2023-05-15 03:00:00,100.4,271.2,198.939577798489,4.43942703545656
2023-05-15 04:00:00,100.416666666667,271.05,314.856332338582,0.687286431292476
2023-05-15 05:00:00,100.4,270.916666666667,354.988409438471,2.25670263171728
2023-05-15 06:00:00,100.4,270.883333333333,337.42454424439,1.10552677519393
2023-05-15 07:00:00,100.4,271.033333333333,230.145235291158,0.773577233035902
2023-05-15 08:00:00,100.4,271.45,348.106452825096,0.233676493006116
2023-05-15 09:00:00,100.466666666667,271.816666666667,110.669153432882,0.322028357265952
2023-05-15 10:00:00,100.483333333333,271.583333333333,17.0751910868172,2.06646698743613
2023-05-15 11:00:00,100.45,271.85,1.07343534679995,2.19947932509498
2023-05-15 12:00:00,100.5,272.6,28.0152886364695,0.989196254115863
2023-05-15 13:00:00,100.5,273.15,25.2912242321523,0.918197522513713
2023-05-15 14:00:00,100.5,273.466666666667,29.2059850506275,1.05609162788695
2023-05-15 15:00:00,100.5,273.783333333333,3.02658007372293,0.887993101994934
2023-05-15 16:00:00,100.5,273.566666666667,337.088614086744,2.18212739383465
2023-05-15 17:00:00,100.5,273.6,3.55733997547685,2.04777106508126
2023-05-15 18:00:00,100.5,273.416666666667,354.491190105207,3.682322640667
2023-05-15 19:00:00,100.5,273.016666666667,8.02385194391923,2.75411614592254
2023-05-15 20:00:00,100.5,272.266666666667,359.847543580521,2.11145798996917
2023-05-15 21:00:00,100.5,272.116666666667,342.438173681657,0.231100195418526
2023-05-15 22:00:00,100.5,271.85,199.376333679808,2.61121764790035
2023-05-15 23:00:00,100.5,271.6,205.35503385754,2.06214780390959
2023-05-16 00:00:00,100.5,271.533333333333,183.824389413113,3.02220108540157
2023-05-16 01:00:00,100.416666666667,271.483333333333,186.645527533638,3.72887689737836
2023-05-16 02:00:00,100.45,271.366666666667,174.947382140432,3.38964229508275
2023-05-16 03:00:00,100.4,271.166666666667,171.198351322378,2.39149040032072
2023-05-16 04:00:00,100.4,270.95,171.866564582352,2.40832410920424
2023-05-16 05:00:00,100.4,270.85,173.769219414335,3.4337865586293
2023-05-16 06:00:00,100.4,270.833333333333,180.313634888291,4.93758139947199
2023-05-16 07:00:00,100.4,270.883333333333,173.777771939087,4.68350822520906
2023-05-16 08:00:00,100.4,270.933333333333,192.154292973839,5.02940805879263
2023-05-16 09:00:00,100.4,271.083333333333,195.938735669621,5.32090895435277
2023-05-16 10:00:00,100.4,271.3,195.623469904412,5.81223218249641
2023-05-16 11:00:00,100.4,271.533333333333,178.89689573576,5.78058478136201
2023-05-16 12:00:00,100.4,271.633333333333,172.188139198749,4.9409389473114
2023-05-16 13:00:00,100.4,272.05,173.507826807914,4.24361944802105
2023-05-16 14:00:00,100.416666666667,272.133333333333,204.702791420176,5.31628115770518
2023-05-16 15:00:00,100.433333333333,271.983333333333,207.605335271944,6.02241924613432
2023-05-16 16:00:00,100.45,271.866666666667,207.977709296358,6.74653044767354
2023-05-16 17:00:00,100.433333333333,271.816666666667,204.313735289891,5.48096562682031
2023-05-16 18:00:00,100.45,271.666666666667,204.836270258624,6.26799354938754
2023-05-16 19:00:00,100.4,271.516666666667,202.837950363752,7.22769759894506
2023-05-16 20:00:00,100.4,271.133333333333,211.017711586114,6.41998134898057
2023-05-16 21:00:00,100.4,270.75,207.188016884648,5.67203574446575
2023-05-16 22:00:00,100.4,270.533333333333,203.050034804867,5.15517649951149
2023-05-16 23:00:00,100.4,270.416666666667,204.898027312157,4.1965830696631
2023-05-17 00:00:00,100.4,270.183333333333,199.12975309626,5.58048998556663
2023-05-17 01:00:00,100.4,270.016666666667,192.351123932069,5.98207830433893
2023-05-17 02:00:00,100.4,269.683333333333,176.778029572142,5.00839917482397
2023-05-17 03:00:00,100.4,269.2,177.642524384287,4.60852181794298
2023-05-17 04:00:00,100.4,268.733333333333,178.302448446114,2.69914346784274
2023-05-17 05:00:00,100.4,268.6,184.254949795602,2.4800868032716
2023-05-17 06:00:00,100.4,268.666666666667,177.291751307878,2.26206610890729
2023-05-17 07:00:00,100.4,269.033333333333,188.546331001847,1.8388160331925
2023-05-17 08:00:00,100.4,269.766666666667,184.921317518865,1.55341082832698
2023-05-17 09:00:00,100.4,270.65,188.479064085243,1.20391196940737
2023-05-17 10:00:00,100.4,270.383333333333,176.403394237878,1.6854942011276
2023-05-17 11:00:00,100.4,270.45,170.569849810128,1.3756376787579
2023-05-17 12:00:00,100.4,270.95,185.548095001219,1.89656131712814
2023-05-17 13:00:00,100.4,271.0,199.629098536846,2.05506469558641
2023-05-17 14:00:00,100.4,271.283333333333,202.658244719022,2.02578262154983
2023-05-17 15:00:00,100.416666666667,271.316666666667,218.147886547846,1.19838539119843
2023-05-17 16:00:00,100.4,271.0,217.124588608655,1.26921580185049
2023-05-17 17:00:00,100.4,270.8,199.027932114538,0.655610908076573
2023-05-17 18:00:00,100.4,270.633333333333,200.844081212079,0.732555609168622
2023-05-17 19:00:00,100.4,270.166666666667,215.11356299508,0.644894974561537
2023-05-17 20:00:00,100.4,269.716666666667,168.988628939309,0.615154319762545
2023-05-17 21:00:00,100.4,269.416666666667,205.194986776151,1.20780800460678
2023-05-17 22:00:00,100.4,269.25,217.75452410468,1.89136510051283
2023-05-17 23:00:00,100.4,269.133333333333,190.935907045145,1.30296265854689
2023-05-18 00:00:00,100.4,269.216666666667,103.240085536753,1.47245652709387
2023-05-18 01:00:00,100.4,269.066666666667,119.874726950137,1.03003041610173
2023-05-18 02:00:00,100.4,268.766666666667,134.373366126284,0.623090171854443
2023-05-18 03:00:00,100.4,268.55,176.492165856639,0.82596395289256
2023-05-18 04:00:00,100.4,268.1,210.311994635803,0.196956959882061
2023-05-18 05:00:00,100.4,268.233333333333,196.251645709079,1.41464199664151
2023-05-18 06:00:00,100.4,268.483333333333,206.56231091073,1.7318757521661
2023-05-18 07:00:00,100.4,269.366666666667,202.854710239922,1.52293589684126
2023-05-18 08:00:00,100.4,270.9,190.254519762996,1.49423291730889
2023-05-18 09:00:00,100.466666666667,272.883333333333,183.78132693146,1.02020146976931
2023-05-18 10:00:00,100.5,273.3,191.659722971409,0.533564917255378
2023-05-18 11:00:00,100.5,273.366666666667,20.7995415391435,0.756717135832344
2023-05-18 12:00:00,100.5,273.45,16.1296154285819,0.876853014852441
2023-05-18 13:00:00,100.483333333333,273.766666666667,10.6654640573712,0.652262027387145
2023-05-18 14:00:00,100.5,273.283333333333,121.219021860719,0.860051276597777
2023-05-18 15:00:00,100.5,273.383333333333,26.2207614536687,1.02376778087023
2023-05-18 16:00:00,100.5,273.416666666667,123.256558782275,0.176787649360077
2023-05-18 17:00:00,100.5,273.433333333333,59.8711915965015,0.530004729790503
2023-05-18 18:00:00,100.5,273.266666666667,103.260021254668,0.20563730401314
2023-05-18 19:00:00,100.5,272.7,203.817164995065,1.3897388863822
2023-05-18 20:00:00,100.5,272.55,240.596914488611,0.714650909783174
2023-05-18 21:00:00,100.5,272.45,303.831766981561,0.223815709131013
2023-05-18 22:00:00,100.5,272.283333333333,1.38321118312155,0.496399683633937
2023-05-18 23:00:00,100.5,272.033333333333,0.0053640299503854,0.134818967343643
2023-05-19 00:00:00,100.5,271.8,238.206397859274,0.347015135373219
2023-05-19 01:00:00,100.5,271.5,205.569539477812,0.348839976419357
2023-05-19 02:00:00,100.5,271.4,241.715956767486,0.0139248508200721
2023-05-19 03:00:00,100.483333333333,272.466666666667,34.9266975275857,0.574217560627249
2023-05-19 04:00:00,100.5,273.283333333333,98.4362020804533,1.54695101579604
2023-05-19 05:00:00,100.5,273.45,59.887309901554,1.2603998317887
2023-05-19 06:00:00,100.5,273.516666666667,29.0549865186307,0.621612130683421
2023-05-19 07:00:00,100.45,273.683333333333,58.178728695696,1.13721782035511
2023-05-19 08:00:00,100.466666666667,274.266666666667,68.7336034090382,1.08545540532765
2023-05-19 09:00:00,100.4,275.35,63.1793446875835,0.839187981618503
2023-05-19 10:00:00,86.2666666666667,276.45,175.162006002835,0.705508515486693
2023-05-19 11:00:00,69.6666666666667,278.316666666667,87.8138082010692,0.663303262987438
2023-05-19 12:00:00,71.9166666666667,278.883333333333,167.196811647625,0.635088545799656
2023-05-19 13:00:00,77.45,277.366666666667,146.452683131847,1.26951842602337
2023-05-19 14:00:00,76.8166666666667,277.416666666667,109.734400687975,1.32207599940962
2023-05-19 15:00:00,73.8666666666667,277.95,110.258018101761,1.22230266638814
2023-05-19 16:00:00,77.6333333333333,277.366666666667,136.07448124762,1.55517306109691
2023-05-19 17:00:00,78.1833333333333,277.483333333333,134.795672152106,1.19908916095585
2023-05-19 18:00:00,89.5833333333333,276.05,154.380524357128,2.34152335233634
2023-05-19 19:00:00,87.5666666666667,275.95,173.064359763746,1.61674946155643
2023-05-19 20:00:00,100.466666666667,274.983333333333,210.367595292351,1.97441606115444
2023-05-19 21:00:00,100.5,274.733333333333,145.215977572137,1.65508160171624
2023-05-19 22:00:00,98.9833333333333,275.116666666667,132.712195209928,1.70173394192384
2023-05-19 23:00:00,92.2,275.383333333333,133.665401331154,1.17184801811734
2023-05-20 00:00:00,87.1166666666667,275.333333333333,10.2039781526088,1.10964217357594
2023-05-20 01:00:00,90.5666666666667,274.8,66.1003148256093,1.07723012806565
2023-05-20 02:00:00,94.9666666666667,274.4,95.6327592490046,1.4843945543305
2023-05-20 03:00:00,85.0833333333333,275.033333333333,84.1256532211439,1.75845497950347
2023-05-20 04:00:00,79.5666666666667,275.333333333333,84.3780064731266,2.48983465066677
2023-05-20 05:00:00,79.2,275.4,122.85247134451,1.10852574820022
2023-05-20 06:00:00,80.85,275.45,309.558313019471,0.365123325261154
2023-05-20 07:00:00,76.1166666666667,276.416666666667,281.425035070847,0.579015086188133
2023-05-20 08:00:00,75.6833333333333,276.716666666667,206.628270354268,0.499423508452924
2023-05-20 09:00:00,77.3,276.7,197.965044785935,1.74840839774783
2023-05-20 10:00:00,80.1333333333333,276.75,161.351382265765,1.3340908928241
2023-05-20 11:00:00,82.75,277.333333333333,204.434093584989,1.11662297478706
2023-05-20 12:00:00,77.9166666666667,278.133333333333,178.271850923848,0.699710496221919
2023-05-20 13:00:00,71.8833333333333,278.766666666667,122.242936884971,0.62134020113509
2023-05-20 14:00:00,66.8333333333333,279.133333333333,105.936631317888,0.743938891084989
2023-05-20 15:00:00,67.6833333333333,278.983333333333,138.581439992618,1.18129933616607
2023-05-20 16:00:00,74.1333333333333,278.233333333333,156.353853933565,2.29661443440485
2023-05-20 17:00:00,78.4166666666667,277.833333333333,143.189254326791,2.29145003397635
2023-05-20 18:00:00,81.4166666666667,277.55,122.700497267347,1.6898025644403
2023-05-20 19:00:00,80.0666666666667,277.566666666667,143.706486864827,2.66627194773904
2023-05-20 20:00:00,81.95,277.266666666667,140.109532199872,2.30212946983883
2023-05-20 21:00:00,83.55,277.05,134.291084369468,1.84092020490213
2023-05-20 22:00:00,80.8,277.1,142.703438318354,1.00298146290456
2023-05-20 23:00:00,76.0,277.3,299.124941796789,0.316069017791543
2023-05-21 00:00:00,73.2,277.35,18.0894987476028,1.07163358523874
2023-05-21 01:00:00,71.8333333333333,277.433333333333,85.4117529724825,2.69056311246858
2023-05-21 02:00:00,71.7,277.35,93.4066821198469,3.39861341407867
2023-05-21 03:00:00,70.6833333333333,277.2,90.3065682125173,2.65881849801979
2023-05-21 04:00:00,70.6833333333333,277.1,92.1894284596824,1.05251315805406
2023-05-21 05:00:00,70.0666666666667,277.2,71.7849452952772,1.55190019010798
2023-05-21 06:00:00,67.05,277.65,78.8468460712504,5.01011529569102
2023-05-21 07:00:00,68.45,277.566666666667,75.287614350228,4.96189037907751
2023-05-21 08:00:00,64.2166666666667,278.066666666667,70.8532333335112,4.24806053015655
2023-05-21 09:00:00,60.5,278.716666666667,72.4034356695099,3.98082527069323
2023-05-21 10:00:00,63.7833333333333,279.2,78.0376217920332,1.8733664294409
2023-05-21 11:00:00,64.3833333333333,279.683333333333,83.5128784358949,1.79873834571859
2023-05-21 12:00:00,62.45,280.316666666667,107.09377640507,1.76518981645965
2023-05-21 13:00:00,64.0666666666667,279.983333333333,114.002902129352,2.52485124316024
2023-05-21 14:00:00,63.45,280.183333333333,109.545203323115,2.25334818146715
2023-05-21 15:00:00,58.9833333333333,280.766666666667,118.925388539637,1.73540166086181
2023-05-21 16:00:00,58.0833333333333,280.966666666667,106.510628626854,2.0998385375425
2023-05-21 17:00:00,58.1833333333333,281.0,92.8896746458487,1.92971540359874
2023-05-21 18:00:00,56.3166666666667,281.216666666667,104.465093419514,0.966161275962686
2023-05-21 19:00:00,57.1833333333333,280.866666666667,100.161697049509,1.12722409435158
2023-05-21 20:00:00,60.15,280.2,141.23519046003,1.78065993440341
2023-05-21 21:00:00,58.3666666666667,280.233333333333,88.1392816998803,1.45161229828955
2023-05-21 22:00:00,57.2166666666667,280.033333333333,61.4584311065931,2.2754457477224
2023-05-21 23:00:00,59.1333333333333,279.683333333333,69.4963341172556,2.77792381041871
2023-05-22 00:00:00,60.3166666666667,279.45,61.0749028058262,2.88441168079973
2023-05-22 01:00:00,59.2166666666667,279.3,87.2120180618922,1.65553506723502
2023-05-22 02:00:00,61.65,278.883333333333,86.1234861279136,1.1240484317846
2023-05-22 03:00:00,62.5166666666667,278.716666666667,34.9550899180926,1.71133735521111
2023-05-22 04:00:00,62.2833333333333,278.5,87.4993156443854,0.773853788417866
2023-05-22 05:00:00,63.7666666666667,278.2,121.779603458742,0.176572522219801
2023-05-22 06:00:00,63.95,278.233333333333,9.22722015864525,0.357758761946639
2023-05-22 07:00:00,56.0666666666667,280.533333333333,58.9553278453167,0.3275682832579
2023-05-22 08:00:00,53.9666666666667,281.116666666667,99.2587552513174,0.22800240949313
2023-05-22 09:00:00,51.9,281.7,79.8753840896607,0.429006533389005
2023-05-22 10:00:00,54.3833333333333,281.316666666667,150.695824103071,0.982446196688022
2023-05-22 11:00:00,55.6833333333333,281.55,152.497247252625,1.13803394730133
2023-05-22 12:00:00,54.3833333333333,281.816666666667,125.486667799762,1.13603636094559
2023-05-22 13:00:00,50.2666666666667,282.4,155.915597949144,1.28123898406843
2023-05-22 14:00:00,45.9666666666667,283.233333333333,173.798162892967,0.694161323561669
2023-05-22 15:00:00,48.6166666666667,282.7,230.374726520598,1.38608397122795
2023-05-22 16:00:00,51.1166666666667,282.883333333333,304.03190300285,0.252054006533891
2023-05-22 17:00:00,52.8166666666667,283.516666666667,358.485931252059,1.46496067765212
2023-05-22 18:00:00,69.5333333333333,281.916666666667,341.371286256352,4.06935809521606
2023-05-22 19:00:00,80.7666666666667,280.883333333333,356.617923535677,2.43870545557788
2023-05-22 20:00:00,87.7833333333333,279.8,1.57402190400927,2.21912977388364
2023-05-22 21:00:00,89.95,279.416666666667,192.342241264441,1.04664009534356
2023-05-22 22:00:00,84.45,279.116666666667,136.49859632594,1.80689155369519
2023-05-22 23:00:00,76.45,279.233333333333,134.069485123734,1.05482494805548
2023-05-23 00:00:00,72.0833333333333,279.466666666667,44.2463720470682,1.09126844636172
2023-05-23 01:00:00,87.3333333333333,279.016666666667,346.917069394902,1.66917024839802
2023-05-23 02:00:00,90.0833333333333,278.916666666667,28.0352232686709,1.74230828457803
2023-05-23 03:00:00,87.75,278.85,3.28640801875724,1.56512179350388
2023-05-23 04:00:00,92.25,278.55,3.93250995325013,2.2801679718256
2023-05-23 05:00:00,91.9333333333333,278.466666666667,11.7343969180617,1.58526461471755
2023-05-23 06:00:00,93.5,277.833333333333,1.00374269181088,3.34581449818643
2023-05-23 07:00:00,88.4666666666667,277.416666666667,344.145744381226,2.14095206551209
2023-05-23 08:00:00,80.1166666666667,278.116666666667,48.8008610230702,2.58970069223474
2023-05-23 09:00:00,93.0,277.5,182.290762725788,2.25228711953592
2023-05-23 10:00:00,93.65,277.866666666667,43.5507153120324,2.73466479277962
2023-05-23 11:00:00,83.9166666666667,278.333333333333,43.420431371603,3.05637672626473
2023-05-23 12:00:00,81.95,279.6,25.6323742091186,1.94325078867922
2023-05-23 13:00:00,79.65,280.216666666667,350.790161438164,2.55707018298155
2023-05-23 14:00:00,78.9333333333333,280.7,353.450211835195,2.17852845250178
2023-05-23 15:00:00,82.3666666666667,279.716666666667,347.550337899681,3.17333708207156
2023-05-23 16:00:00,85.3666666666667,279.883333333333,336.612977388852,3.42272365015977
2023-05-23 17:00:00,98.5166666666667,278.3,340.392657047444,0.720597386308523
2023-05-23 18:00:00,99.3333333333333,277.133333333333,352.095347359251,3.11268807808483
2023-05-23 19:00:00,91.05,277.1,110.781801949407,0.246051968152866
2023-05-23 20:00:00,91.9166666666667,276.866666666667,26.0913084673821,2.11501283015026
2023-05-23 21:00:00,90.2166666666667,277.066666666667,42.6713772492515,1.61180109898452
2023-05-23 22:00:00,88.15,277.116666666667,37.0538030415193,1.62931927204469
2023-05-23 23:00:00,90.3333333333334,276.916666666667,357.317215484173,0.895249785786441
2023-05-24 00:00:00,92.6,276.766666666667,354.868363530335,0.45930307613897
2023-05-24 01:00:00,94.25,276.633333333333,11.2473466109299,0.328536960008545
2023-05-24 02:00:00,96.1,276.6,12.1539938665544,1.14245528760244
2023-05-24 03:00:00,97.85,276.366666666667,49.8238967878492,0.645516741241579
2023-05-24 04:00:00,96.8166666666666,276.183333333333,38.4110737122878,0.515622875803226
2023-05-24 05:00:00,100.383333333333,276.033333333333,7.53031637850233,0.527990598581383
2023-05-24 06:00:00,100.4,276.183333333333,12.4456082597602,0.49216048081754
2023-05-24 07:00:00,100.466666666667,276.35,40.1926307993688,0.403593536242144
2023-05-24 08:00:00,100.066666666667,276.483333333333,37.4094049365889,1.68892035461716
2023-05-24 09:00:00,96.6333333333333,277.216666666667,20.7378098686584,2.18048386658928
2023-05-24 10:00:00,97.5166666666667,277.45,14.9534912527041,2.58861644406309
2023-05-24 11:00:00,100.45,276.216666666667,342.451416332693,2.85851954532063
2023-05-24 12:00:00,100.483333333333,276.183333333333,0.312446601084503,2.79317741172326
2023-05-24 13:00:00,99.9666666666667,276.666666666667,8.41491573278887,2.66175577655227
2023-05-24 14:00:00,100.2,276.45,333.832606666371,1.87883661249605
2023-05-24 15:00:00,99.6666666666667,276.333333333333,343.822167411015,1.74080162949753
2023-05-24 16:00:00,98.9166666666667,276.466666666667,260.272096473505,0.992821092708999
2023-05-24 17:00:00,100.483333333333,275.2,220.955849995565,3.61776700241237
2023-05-24 18:00:00,100.5,274.85,211.491068581807,2.17546858387399
2023-05-24 19:00:00,100.5,274.683333333333,76.0489702928654,0.491547984159669
2023-05-24 20:00:00,100.5,274.566666666667,110.731419699001,0.226571062915534
2023-05-24 21:00:00,100.5,274.283333333333,58.2107196395124,1.20174690698381
2023-05-24 22:00:00,100.5,273.8,123.979669027375,0.716639399219078
2023-05-24 23:00:00,100.5,273.25,193.89092219673,1.33842479049741
2023-05-25 00:00:00,100.5,273.2,178.536784127429,0.99502512773013
2023-05-25 01:00:00,100.5,273.35,140.636697515218,1.77524324455421
2023-05-25 02:00:00,100.5,273.45,115.269503606116,0.704783374222185
2023-05-25 03:00:00,100.45,273.6,121.878998597707,1.09154994167655
2023-05-25 04:00:00,98.0,274.216666666667,99.3307770871479,0.94588061878114
2023-05-25 05:00:00,88.85,274.783333333333,114.440317484541,2.83026866924391
2023-05-25 06:00:00,80.9666666666667,275.666666666667,90.6318176924071,2.83829781323397
2023-05-25 07:00:00,89.4,275.133333333333,113.294847743216,1.47966028113061
2023-05-25 08:00:00,77.6333333333334,276.633333333333,62.9852891142869,1.53712996870726
2023-05-25 09:00:00,74.5333333333334,277.4,71.2652228103875,1.92221412715639
2023-05-25 10:00:00,69.1333333333333,278.6,113.086845025981,1.14696173576411
2023-05-25 11:00:00,73.5,278.933333333333,118.344227667713,1.33702021024495
2023-05-25 12:00:00,74.2166666666667,279.666666666667,102.635091457317,1.36812653574857
2023-05-25 13:00:00,74.0166666666667,280.133333333333,128.380905556197,0.981488485263523
2023-05-25 14:00:00,72.3666666666667,279.95,155.816936468485,1.16815206576481
2023-05-25 15:00:00,65.1833333333333,280.683333333333,84.5734875235278,2.40308410397644
2023-05-25 16:00:00,61.0,281.816666666667,78.1359236463765,1.09012746785917
2023-05-25 17:00:00,58.3666666666667,281.716666666667,128.675703514227,0.618466848638801
2023-05-25 18:00:00,63.8166666666667,281.166666666667,189.97259382924,2.14866278194254
2023-05-25 19:00:00,80.1166666666667,280.95,226.385167247734,0.613457104747176
2023-05-25 20:00:00,91.0333333333334,279.666666666667,265.999349159802,0.123965204797921
2023-05-25 21:00:00,100.366666666667,278.633333333333,31.7180279531998,0.530012228006908
2023-05-25 22:00:00,100.35,278.45,189.347836136961,1.96200797809312
2023-05-25 23:00:00,100.383333333333,278.0,182.367851972763,1.988084366998
2023-05-26 00:00:00,89.55,278.466666666667,128.855785195535,1.21425549439321
2023-05-26 01:00:00,92.2166666666667,277.916666666667,117.003293242986,0.246161121721111
2023-05-26 02:00:00,88.7,277.866666666667,196.878830360924,0.205389656768224
2023-05-26 03:00:00,86.4666666666667,277.85,279.121919056111,0.0544366716321961
2023-05-26 04:00:00,87.1833333333333,277.7,197.631858337137,0.752939189388002
2023-05-26 05:00:00,68.7166666666667,278.366666666667,62.3689115586993,0.508473990742129
2023-05-26 06:00:00,59.9166666666667,279.6,67.5999918676628,0.633335100134773
2023-05-26 07:00:00,53.8666666666667,281.633333333333,8.80047078480351,0.329638060809284
2023-05-26 08:00:00,49.25,283.183333333333,34.0893463992708,0.09463549734433
2023-05-26 09:00:00,51.6833333333333,282.416666666667,51.9147695475751,0.552941226941089
2023-05-26 10:00:00,55.7833333333333,282.55,31.6092472388054,0.751895220046658
2023-05-26 11:00:00,58.75,282.866666666667,137.591143892381,0.433935947261678
2023-05-26 12:00:00,66.1833333333333,281.8,303.61831680127,1.14388036504723
2023-05-26 13:00:00,68.4833333333333,281.583333333333,314.293926516573,1.71687163346482
2023-05-26 14:00:00,73.0,281.25,307.548672668357,1.88381808888372
2023-05-26 15:00:00,75.5333333333334,280.85,133.405978657015,0.580439669575923
2023-05-26 16:00:00,76.2833333333333,281.766666666667,352.731650178366,1.87829771339854
2023-05-26 17:00:00,89.7833333333334,280.4,348.232470865546,3.40442088802015
2023-05-26 18:00:00,99.7,279.183333333333,350.503968461931,4.00438810999968
2023-05-26 19:00:00,99.2833333333333,278.883333333333,341.824714890678,2.16559563030296
2023-05-26 20:00:00,95.6166666666667,278.883333333333,314.658739907016,0.712742471685831
2023-05-26 21:00:00,96.8666666666667,278.516666666667,144.689341468053,0.363205788565889
2023-05-26 22:00:00,96.3666666666667,278.316666666667,179.979806568517,1.37936162718091
2023-05-26 23:00:00,100.05,277.766666666667,176.254307881612,1.48017860497446
2023-05-27 00:00:00,94.8166666666667,277.633333333333,111.624128877092,0.637799679270631
2023-05-27 01:00:00,100.383333333333,277.166666666667,32.6103262103653,0.280666917580319
2023-05-27 02:00:00,100.466666666667,276.583333333333,15.363362575892,0.206381051537441
2023-05-27 03:00:00,100.45,276.433333333333,138.900439845685,0.29718142424532
2023-05-27 04:00:00,100.333333333333,276.116666666667,187.098097304198,0.74352362235071
2023-05-27 05:00:00,99.7666666666667,276.233333333333,243.85259661948,1.39500997701839
2023-05-27 06:00:00,95.5166666666667,276.383333333333,228.725145435539,2.10254456054621
2023-05-27 07:00:00,94.4333333333333,276.75,214.574866420171,2.39157963816679
2023-05-27 08:00:00,91.7333333333333,277.4,219.634121518555,0.966358239266444
2023-05-27 09:00:00,83.5333333333333,278.35,118.370342871496,0.450355569211825
2023-05-27 10:00:00,82.3833333333333,278.933333333333,179.638340904828,0.971658278434509
2023-05-27 11:00:00,63.9833333333333,280.8,73.807163957293,0.718978262955443
2023-05-27 12:00:00,62.4,281.0,55.1021585747051,0.60693949242689
2023-05-27 13:00:00,54.1833333333333,281.266666666667,249.447886601619,0.227526624034383
2023-05-27 14:00:00,52.3,282.05,339.308565730032,2.91855809658907
2023-05-27 15:00:00,62.55,281.5,332.637298059603,3.06338798259058
2023-05-27 16:00:00,83.7333333333333,280.433333333333,339.297388134793,4.55537819049924
2023-05-27 17:00:00,72.3,280.8,21.2239979047537,2.65851267382511
2023-05-27 18:00:00,85.45,279.783333333333,349.548061217085,2.18882749563025
2023-05-27 19:00:00,86.9,279.7,19.9865101874082,1.52210195175359
2023-05-27 20:00:00,91.8166666666667,279.25,9.26123889423212,0.939306084192503
2023-05-27 21:00:00,96.2,278.633333333333,15.9475756503237,1.41047919613593
2023-05-27 22:00:00,100.166666666667,278.133333333333,354.09277194045,1.11948815747387
2023-05-27 23:00:00,100.4,277.8,145.336680142941,0.765581284579327
2023-05-28 00:00:00,96.9166666666667,277.766666666667,52.0790256162139,1.1477931935173
2023-05-28 01:00:00,99.85,277.416666666667,24.595784048277,1.06522760602978
2023-05-28 02:00:00,92.4333333333333,277.566666666667,19.5506847844238,1.87188465177712
2023-05-28 03:00:00,89.5,277.383333333333,11.4552228991213,0.971367934059358
2023-05-28 04:00:00,89.6,277.35,307.910157706447,0.776607113049096
2023-05-28 05:00:00,93.1166666666667,277.216666666667,186.233771382268,0.336499177606063
2023-05-28 06:00:00,85.9333333333333,278.2,127.166756446505,0.123869989698763
2023-05-28 07:00:00,73.1666666666667,279.85,45.0,0.0106903559372885
2023-05-28 08:00:00,70.5666666666667,280.0,80.9917420254124,0.26137342848103
2023-05-28 09:00:00,70.2666666666667,279.933333333333,301.335187164276,0.308269660283322
2023-05-28 10:00:00,75.75,279.066666666667,221.648743128882,0.773480105304325
2023-05-28 11:00:00,66.25,279.516666666667,352.17019657912,0.323529623415906
2023-05-28 12:00:00,60.1166666666667,279.9,345.010159531671,2.59004182706144
2023-05-28 13:00:00,64.4333333333333,279.65,326.6381453148,3.09271500199649
2023-05-28 14:00:00,66.7833333333334,279.6,333.409104740013,2.38522254894728
2023-05-28 15:00:00,59.25,281.083333333333,350.13719642244,2.11386892036935
2023-05-28 16:00:00,68.7166666666667,280.516666666667,340.376437137012,4.53085239010899
2023-05-28 17:00:00,79.5,278.833333333333,332.353138793495,2.58671043722897
2023-05-28 18:00:00,89.1,277.05,145.017741226803,2.59475215899862
2023-05-28 19:00:00,82.6666666666667,277.366666666667,157.042255139415,1.83278978817449
2023-05-28 20:00:00,80.4833333333333,277.316666666667,172.329061465321,1.46897560711991
2023-05-28 21:00:00,79.7,277.183333333333,125.888673445494,1.55663856313171
2023-05-28 22:00:00,80.0166666666667,277.133333333333,127.170093809296,1.07153460308022
2023-05-28 23:00:00,76.9166666666667,277.033333333333,113.466640503164,0.26632655941113
2023-05-29 00:00:00,76.75,277.1,184.353392918492,1.35503952162416
2023-05-29 01:00:00,76.4,276.983333333333,182.854395572694,0.570116465699347
2023-05-29 02:00:00,78.4166666666667,276.6,39.9294906379112,0.236732368380638
2023-05-29 03:00:00,81.5666666666667,276.183333333333,14.3157704158024,0.821421859102862
2023-05-29 04:00:00,79.2166666666667,276.316666666667,11.2914703167316,0.273079349546301
2023-05-29 05:00:00,81.1,276.1,16.1541057599419,0.593335298217015
2023-05-29 06:00:00,74.7333333333333,277.25,153.435901068366,0.342387309334299
2023-05-29 07:00:00,71.4166666666667,278.25,182.064237163127,0.503532559952567
2023-05-29 08:00:00,64.15,280.183333333333,141.086611020456,0.240173399070096
2023-05-29 09:00:00,70.5833333333333,278.95,158.410641785557,1.16510066288927
2023-05-29 10:00:00,81.25,278.966666666667,173.103930659396,1.42168208481682
2023-05-29 11:00:00,69.9166666666667,279.866666666667,157.117241842943,1.39077071340832
2023-05-29 12:00:00,64.2833333333334,280.516666666667,138.108472915322,1.72613532910606
2023-05-29 13:00:00,59.7333333333333,280.95,148.740260499463,1.96423210905727
2023-05-29 14:00:00,50.5333333333333,281.916666666667,187.850721535438,1.28953234929583
2023-05-29 15:00:00,59.2333333333333,281.066666666667,212.806654678118,4.38891677769285
2023-05-29 16:00:00,66.5833333333333,280.816666666667,210.846845576931,4.31852481441519
2023-05-29 17:00:00,74.55,280.05,216.827649080881,5.45773460409889
2023-05-29 18:00:00,74.7166666666667,279.95,214.370350497805,4.96280511317058
2023-05-29 19:00:00,78.8333333333333,279.233333333333,198.891502204079,5.06199475830341
2023-05-29 20:00:00,79.3666666666667,278.866666666667,204.39428918037,2.44513969583886
2023-05-29 21:00:00,79.1833333333333,278.4,173.091231797332,1.55695646513165
2023-05-29 22:00:00,80.0,278.216666666667,173.63633993253,1.19363114667411
2023-05-29 23:00:00,82.95,277.65,26.4231531873641,0.123338458348063
2023-05-30 00:00:00,84.35,277.266666666667,160.424349049701,0.204500215168717
2023-05-30 01:00:00,88.2666666666667,276.783333333333,40.9200776938556,0.734752997055798
2023-05-30 02:00:00,87.9833333333333,276.616666666667,214.220907673438,0.221038142709602
2023-05-30 03:00:00,86.5333333333333,276.416666666667,161.976879582924,0.708331025253028
2023-05-30 04:00:00,84.3833333333333,276.616666666667,166.980964475184,0.706026497488827
2023-05-30 05:00:00,85.75,276.466666666667,45.8350356495132,0.963443056674088
2023-05-30 06:00:00,83.9166666666667,276.8,44.4786714968645,1.04191976810058
2023-05-30 07:00:00,81.85,277.816666666667,39.3786454575253,0.785618171926495
2023-05-30 08:00:00,75.7,278.383333333333,79.704634470441,0.118058294063817
2023-05-30 09:00:00,77.85,278.35,193.821223915175,1.11735094264978
2023-05-30 10:00:00,80.65,278.133333333333,190.49285620516,1.85062108415981
2023-05-30 11:00:00,67.85,279.183333333333,165.711969207258,2.00183533361775
2023-05-30 12:00:00,54.1333333333333,279.716666666667,136.926150154065,1.91096369107837
2023-05-30 13:00:00,46.8,280.866666666667,114.860712899771,1.09033148987103
2023-05-30 14:00:00,49.1166666666667,280.566666666667,181.953607525108,2.23513875471603
2023-05-30 15:00:00,48.9,280.716666666667,209.035114612239,3.63582413107138
2023-05-30 16:00:00,57.9833333333333,279.983333333333,212.283270080028,4.67780699225728
2023-05-30 17:00:00,72.3833333333333,278.816666666667,197.594272876853,6.63311655868065
2023-05-30 18:00:00,81.3666666666667,277.866666666667,189.773968961042,4.25268895794981
2023-05-30 19:00:00,85.3833333333333,277.483333333333,179.585849188749,2.90361791416344
2023-05-30 20:00:00,83.3,277.416666666667,175.272495761121,1.78289965913291
2023-05-30 21:00:00,84.85,277.0,156.854033996134,1.18761261852812
2023-05-30 22:00:00,88.5333333333333,276.566666666667,189.101834110161,1.59637448234077
2023-05-30 23:00:00,86.0166666666667,276.483333333333,162.390734410384,1.76207316970574
2023-05-31 00:00:00,82.85,276.333333333333,122.016776938839,1.2338842811402
2023-05-31 01:00:00,81.1833333333333,276.333333333333,103.125380393596,1.33655479068414
2023-05-31 02:00:00,80.4166666666667,276.333333333333,103.663922353822,0.958782519492132
2023-05-31 03:00:00,82.9833333333333,276.066666666667,141.996614458531,1.02696590435534
2023-05-31 04:00:00,79.5333333333334,276.333333333333,125.450982420276,1.41361601768626
2023-05-31 05:00:00,78.9833333333333,276.366666666667,120.219535644577,1.4624472399316
2023-05-31 06:00:00,73.9333333333333,277.3,88.6529128614662,0.825706558053348
2023-05-31 07:00:00,74.5666666666667,277.866666666667,174.473857380347,0.667386488288816
2023-05-31 08:00:00,73.0666666666667,278.016666666667,144.001304706741,1.40149399425115
2023-05-31 09:00:00,76.75,278.15,152.94330908289,1.32871199925788
2023-05-31 10:00:00,80.2333333333333,279.433333333333,177.988348261309,0.759062331224044
2023-05-31 11:00:00,74.95,279.85,147.804565632089,1.40446769109275
2023-05-31 12:00:00,62.9666666666667,281.383333333333,139.66035411194,0.805586880662811
2023-05-31 13:00:00,59.8166666666667,281.633333333333,28.733122670913,1.70934247382985
2023-05-31 14:00:00,60.0166666666667,280.933333333333,192.567065953878,1.69748849530391
2023-05-31 15:00:00,60.3666666666667,280.75,154.435649124304,2.11983505221107
2023-05-31 16:00:00,59.6,280.983333333333,151.198445316128,2.62628933254894
2023-05-31 17:00:00,60.0333333333333,281.083333333333,136.454301196653,1.47642943062826
2023-05-31 18:00:00,61.6833333333333,281.35,131.86253240096,0.899121252758483
2023-05-31 19:00:00,72.15,280.766666666667,293.291996751936,1.28758601114926
2023-05-31 20:00:00,86.8833333333333,279.3,268.054040347951,0.894083798606961
2023-05-31 21:00:00,88.9666666666667,278.8,67.2277543266114,0.126582981923956
2023-05-31 22:00:00,86.9,278.783333333333,170.234802834556,0.517971616906165
2023-05-31 23:00:00,86.5166666666667,278.6,99.3295552242078,0.245132288726495
2023-06-01 00:00:00,86.6166666666667,278.466666666667,79.7278735389951,0.383562618947702
2023-06-01 01:00:00,84.1333333333333,278.333333333333,127.399508934014,0.709113633766437
2023-06-01 02:00:00,89.1833333333334,277.866666666667,345.198017385416,0.325413778013489
2023-06-01 03:00:00,83.1666666666667,278.183333333333,336.306065022563,0.359048562668671
2023-06-01 04:00:00,80.1166666666667,277.916666666667,30.2735867953592,0.641276927590105
2023-06-01 05:00:00,73.6,278.233333333333,92.4917967058742,0.345540827534984
2023-06-01 06:00:00,68.2833333333334,279.316666666667,190.980352853935,0.0857091078694279
2023-06-01 07:00:00,66.6166666666667,280.066666666667,216.222823884484,0.0695713472789758
2023-06-01 08:00:00,73.85,279.683333333333,190.83942272737,1.4729728469005
2023-06-01 09:00:00,78.3666666666667,279.65,163.840926139784,1.64592113179078
2023-06-01 10:00:00,72.6833333333333,280.283333333333,162.034571830244,1.57598837064985
2023-06-01 11:00:00,69.5,280.95,299.066097553839,1.16239646203267
2023-06-01 12:00:00,72.7,280.683333333333,339.826577804867,1.51834789062402
2023-06-01 13:00:00,78.6,280.583333333333,348.294108857782,1.99203869555315
2023-06-01 14:00:00,79.2166666666667,280.7,4.78483236836348,0.528032992954386
2023-06-01 15:00:00,63.45,281.683333333333,51.850445090575,2.48531959130531
2023-06-01 16:00:00,82.1666666666667,280.433333333333,309.297117459178,1.68240323949593
2023-06-01 17:00:00,92.9833333333334,278.35,19.3628557830461,0.864875440920486
2023-06-01 18:00:00,93.1166666666667,277.783333333333,111.290335720611,0.660658277277931
2023-06-01 19:00:00,83.2166666666667,277.95,153.943316318419,2.25218137997625
2023-06-01 20:00:00,78.0,278.466666666667,156.95812116796,1.35871950988243
2023-06-01 21:00:00,76.2166666666667,278.7,202.312432034636,1.54955703742902
2023-06-01 22:00:00,75.8833333333333,278.75,190.311590528047,1.89014478481382
2023-06-01 23:00:00,75.6333333333333,278.6,177.181536807665,0.533820205076603
2023-06-02 00:00:00,77.3666666666667,278.45,235.558562256238,0.167021281296945
2023-06-02 01:00:00,79.7,278.366666666667,138.146459238001,0.537273017064143
2023-06-02 02:00:00,82.05,278.033333333333,108.80984027252,0.468081233882253
2023-06-02 03:00:00,84.7833333333333,277.566666666667,76.4988702449168,0.106624975680152
2023-06-02 04:00:00,86.0166666666667,277.316666666667,144.711481120965,0.0207937304457203
2023-06-02 05:00:00,85.6833333333333,277.616666666667,261.587514529803,0.305638141229614
2023-06-02 06:00:00,80.5333333333334,278.316666666667,81.9853165540078,0.376699477241163
2023-06-02 07:00:00,78.4333333333333,278.766666666667,157.980248393998,1.18155641013123
2023-06-02 08:00:00,71.7833333333334,279.483333333333,163.177386200874,0.787455347891739
2023-06-02 09:00:00,66.85,280.6,110.230033579738,0.332861695215087
2023-06-02 10:00:00,68.0666666666667,280.4,149.3267339478,1.20968566887598
2023-06-02 11:00:00,63.3,281.033333333333,155.417996467796,1.83447397779643
2023-06-02 12:00:00,56.2333333333333,281.916666666667,154.539075410352,1.75099827941181
2023-06-02 13:00:00,50.4,282.6,155.731399811986,1.54880318137736
2023-06-02 14:00:00,52.5833333333333,283.233333333333,289.668140214038,1.23790175933794
2023-06-02 15:00:00,58.4666666666667,281.8,196.01192080667,2.92001280426588
2023-06-02 16:00:00,59.7166666666667,281.766666666667,129.928040679908,0.518868565005882
2023-06-02 17:00:00,65.9666666666667,281.316666666667,47.9681067617047,2.90188876838661
2023-06-02 18:00:00,70.9166666666667,281.55,34.3003670268022,2.27032896234961
2023-06-02 19:00:00,74.8166666666667,281.333333333333,0.697024051924473,3.95160992482013
2023-06-02 20:00:00,79.0833333333333,278.866666666667,142.740907029687,2.21193339694069
2023-06-02 21:00:00,76.45,278.85,176.492333786517,1.33133006455725
2023-06-02 22:00:00,76.0666666666667,278.916666666667,222.394469598934,1.04529143244509
2023-06-02 23:00:00,74.7833333333333,278.683333333333,116.040260317518,0.284164036422808
2023-06-03 00:00:00,78.7166666666667,278.35,139.870436407412,0.233281004566009
2023-06-03 01:00:00,79.6333333333333,278.25,66.2245775845997,0.203117240775106
2023-06-03 02:00:00,81.7,278.25,159.063409942955,0.446931775340228
2023-06-03 03:00:00,81.7166666666667,277.9,87.8104610777792,0.26001850504365
2023-06-03 04:00:00,82.0333333333333,277.883333333333,161.644720360566,0.518130861539019
2023-06-03 05:00:00,78.45,277.933333333333,54.9902448335254,0.273697042752743
2023-06-03 06:00:00,74.65,279.016666666667,179.123501402266,0.638653686534805
2023-06-03 07:00:00,68.2,280.083333333333,48.4463062980971,0.505721802979409
2023-06-03 08:00:00,72.3166666666667,279.95,174.668846723195,0.817256085592979
2023-06-03 09:00:00,73.0666666666667,280.35,182.420169132075,0.998553842226034
2023-06-03 10:00:00,69.4333333333333,281.766666666667,65.7523610703142,0.412648631354115
2023-06-03 11:00:00,61.9333333333333,282.1,335.133855850996,0.689298789938505
2023-06-03 12:00:00,57.2666666666667,283.066666666667,330.577019306169,2.08702588788444
2023-06-03 13:00:00,56.8166666666667,283.466666666667,346.430453631724,3.11906471296516
2023-06-03 14:00:00,60.1,283.016666666667,338.856954674554,4.56458624498655
2023-06-03 15:00:00,70.0166666666667,282.333333333333,351.561238659618,5.31111480466142
2023-06-03 16:00:00,84.6,280.066666666667,347.389378548831,4.7052638027661
2023-06-03 17:00:00,88.9166666666667,278.916666666667,4.30207740524145,2.88919522238734
2023-06-03 18:00:00,78.7166666666667,278.783333333333,52.9713473988157,1.72894196868658
2023-06-03 19:00:00,82.1166666666667,278.316666666667,7.85159207978023,3.21659619176946
2023-06-03 20:00:00,87.3666666666667,277.45,35.4258060571622,2.71733041481648
2023-06-03 21:00:00,88.2833333333334,277.283333333333,164.101426285097,1.22068724368828
2023-06-03 22:00:00,90.0666666666667,277.1,125.486500948391,0.477020046230706
2023-06-03 23:00:00,88.7166666666667,277.15,140.784849271163,0.939164396525399
2023-06-04 00:00:00,84.9166666666667,277.583333333333,97.501564612876,0.796492973025011
2023-06-04 01:00:00,84.3166666666667,277.55,93.5313871036467,0.0836985167281193
2023-06-04 02:00:00,80.95,277.766666666667,310.891199348013,0.78980438824869
2023-06-04 03:00:00,74.8666666666667,278.083333333333,209.089527821426,0.90625397560877
2023-06-04 04:00:00,63.7666666666667,278.166666666667,169.70197844651,1.59238147022708
2023-06-04 05:00:00,65.3333333333334,277.85,179.361407159124,2.1820521082081
2023-06-04 06:00:00,69.3,277.866666666667,192.041626034564,2.02409557286822
2023-06-04 07:00:00,64.0666666666667,278.216666666667,191.868551817846,1.89562094017749
2023-06-04 08:00:00,63.2,279.166666666667,195.925391210022,1.17208482780066
2023-06-04 09:00:00,64.8333333333333,279.5,178.654515319847,0.795877717676844
2023-06-04 10:00:00,61.6333333333333,280.433333333333,99.2264241973326,0.181831239346152
2023-06-04 11:00:00,67.15,279.883333333333,194.173493479394,1.57679435843934
2023-06-04 12:00:00,72.25,278.783333333333,73.2817693159758,1.41907652047239
2023-06-04 13:00:00,79.8,277.45,61.2402641654939,2.0272109998889
2023-06-04 14:00:00,87.0166666666667,277.316666666667,73.1930849708944,1.04831836518512
2023-06-04 15:00:00,90.9833333333333,277.8,45.7039245693396,0.597812130297792
2023-06-04 16:00:00,94.8833333333333,277.35,174.726953625349,0.574171281356814
2023-06-04 17:00:00,93.7333333333333,276.85,165.61672787451,1.63725663204469
2023-06-04 18:00:00,94.3166666666667,277.133333333333,171.266223669061,1.12328943531007
2023-06-04 19:00:00,93.8666666666667,277.166666666667,106.938845512571,0.720367508315883
2023-06-04 20:00:00,87.5166666666667,277.133333333333,143.988096726421,0.586831645186648
2023-06-04 21:00:00,90.9666666666667,276.783333333333,171.652728624323,1.3336196977775
2023-06-04 22:00:00,88.2666666666667,276.85,58.1058840515723,0.549310531156486
2023-06-04 23:00:00,88.7666666666667,276.75,156.054675826261,0.995897171990328
2023-06-05 00:00:00,89.3833333333333,276.683333333333,7.98765488173382,0.390164482560852
2023-06-05 01:00:00,88.4166666666667,276.833333333333,291.466974175433,0.008935829855647
2023-06-05 02:00:00,88.75,276.816666666667,53.7761879650796,0.825234510124616
2023-06-05 03:00:00,88.8833333333333,277.016666666667,27.41836297813,1.07939264789069
2023-06-05 04:00:00,90.8666666666667,276.8,331.801472123601,1.03742980027707
2023-06-05 05:00:00,91.3166666666667,276.816666666667,312.423882885576,1.21500083235856
2023-06-05 06:00:00,90.35,277.016666666667,293.785363014888,0.269403009612196
2023-06-05 07:00:00,90.65,277.216666666667,231.563406257393,0.0838000129211516
2023-06-05 08:00:00,91.3166666666667,277.216666666667,202.056433987454,0.590301529809255
2023-06-05 09:00:00,97.2166666666667,276.966666666667,184.207149910052,0.925280345336872
2023-06-05 10:00:00,96.7166666666667,277.316666666667,210.782064354093,1.77871551485407
2023-06-05 11:00:00,100.416666666667,276.95,195.093300117287,3.01445244555252
2023-06-05 12:00:00,96.9166666666667,277.433333333333,183.942252176471,3.03297891823175
2023-06-05 13:00:00,91.7833333333333,277.95,183.495317514107,3.13234688794153
2023-06-05 14:00:00,79.0833333333333,279.466666666667,175.698717347847,1.22548605165602
2023-06-05 15:00:00,81.8,279.433333333333,205.113003415541,4.16140439967066
2023-06-05 16:00:00,93.7,278.116666666667,202.905549825313,6.94311348683881
2023-06-05 17:00:00,95.4333333333333,276.55,170.124746416229,4.80517319809886
2023-06-05 18:00:00,95.9166666666667,276.683333333333,176.357002138982,1.17884891373957
2023-06-05 19:00:00,94.6166666666667,276.816666666667,178.585485240801,2.13172667377888
2023-06-05 20:00:00,90.95,276.883333333333,170.524299171859,2.07512674841456
2023-06-05 21:00:00,86.2666666666667,276.933333333333,163.145590361425,2.44605514342645
2023-06-05 22:00:00,88.6666666666667,276.766666666667,182.39130501186,1.7160975445511
2023-06-05 23:00:00,88.3833333333334,276.733333333333,191.77340750229,1.83345855750064
2023-06-06 00:00:00,88.1166666666667,276.783333333333,180.841350649561,1.28535108388466
2023-06-06 01:00:00,84.1166666666667,276.75,50.2724350175093,0.835058480072612
2023-06-06 02:00:00,84.6,276.7,187.399204094178,0.263056522381988
2023-06-06 03:00:00,85.5,276.483333333333,268.281721775467,0.278785313036646
2023-06-06 04:00:00,88.25,276.1,40.9613341950596,0.144710802848698
2023-06-06 05:00:00,87.0,276.1,38.9386942509441,0.282010530859056
2023-06-06 06:00:00,80.5,277.15,165.367207078637,0.533686068454376
2023-06-06 07:00:00,81.2166666666667,276.966666666667,175.199897523498,1.28050154902458
2023-06-06 08:00:00,80.4333333333334,277.05,192.873520548787,1.371647469363
2023-06-06 09:00:00,81.1166666666667,277.183333333333,190.551450853391,2.14026169160196
2023-06-06 10:00:00,80.8666666666667,277.7,174.943883255473,1.11514973791507
2023-06-06 11:00:00,75.95,278.666666666667,162.630056423754,1.97327090365176
2023-06-06 12:00:00,71.2166666666667,279.2,211.955543093349,2.39855138019152
2023-06-06 13:00:00,66.0166666666667,280.083333333333,252.498632518882,0.834067330593786
2023-06-06 14:00:00,65.7,280.566666666667,277.627617225683,0.682011232027274
2023-06-06 15:00:00,64.3166666666667,280.216666666667,209.572439433483,1.39104670943649
2023-06-06 16:00:00,86.3833333333333,279.283333333333,344.643423072105,5.0807531991064
2023-06-06 17:00:00,82.0833333333333,279.083333333333,353.715249123434,3.46402090396239
2023-06-06 18:00:00,81.45,278.95,349.442909105833,3.53272153976559
2023-06-06 19:00:00,85.9333333333333,278.433333333333,352.938454664806,2.36773623013111
2023-06-06 20:00:00,87.25,278.133333333333,352.306134976864,2.39645685086952
2023-06-06 21:00:00,91.1333333333333,277.6,4.57314762540023,2.0096648703572
2023-06-06 22:00:00,86.0,277.65,40.7845431605585,0.864471745988188
2023-06-06 23:00:00,87.1666666666667,277.516666666667,185.50973159418,0.972966957958358
2023-06-07 00:00:00,89.95,277.116666666667,38.0306451358068,0.525239022553838
2023-06-07 01:00:00,85.5666666666667,277.283333333333,70.6366008355577,1.00258885345712
2023-06-07 02:00:00,85.6,277.0,27.4565121352431,0.683298459313044
2023-06-07 03:00:00,85.35,276.983333333333,14.4467321200727,0.852646173352935
2023-06-07 04:00:00,87.6666666666667,276.9,357.968017125939,1.76037936202049
2023-06-07 05:00:00,78.3666666666667,277.183333333333,31.9082189911645,2.35854900915733
2023-06-07 06:00:00,68.0166666666667,277.766666666667,33.0116334664626,2.03232933826656
2023-06-07 07:00:00,65.6166666666667,278.4,32.1644566820549,1.15257772534554
2023-06-07 08:00:00,49.7833333333333,279.566666666667,51.4398747902463,0.691798334227642
2023-06-07 09:00:00,47.9333333333333,280.833333333333,42.946025114128,0.488517665388511
2023-06-07 10:00:00,50.9666666666667,281.066666666667,68.2193364008288,0.541397682158251
2023-06-07 11:00:00,52.1833333333333,281.466666666667,262.546280551952,0.421229687507684
2023-06-07 12:00:00,48.1833333333333,281.966666666667,336.640128495671,2.46557827430504
2023-06-07 13:00:00,46.0333333333333,282.266666666667,344.800469559854,3.5565041822957
2023-06-07 14:00:00,46.5,282.533333333333,324.20474100999,2.37080644105132
2023-06-07 15:00:00,51.7,281.9,314.050714715606,2.83693295790899
2023-06-07 16:00:00,55.1,282.75,339.620396674636,4.37774465901819
2023-06-07 17:00:00,58.0833333333333,282.666666666667,343.57294706808,4.45912874935757
2023-06-07 18:00:00,59.0,282.25,342.88550657746,3.56621655272894
2023-06-07 19:00:00,62.1833333333333,281.566666666667,342.431615551205,2.84960492970209
2023-06-07 20:00:00,65.6833333333333,280.916666666667,2.71649032617489,2.3391106651348
2023-06-07 21:00:00,71.9333333333333,279.6,2.0848391546491,1.19673928667276
2023-06-07 22:00:00,71.8333333333333,279.55,146.041237927632,1.20232497148333
2023-06-07 23:00:00,74.0,279.133333333333,37.832781970896,1.21632462018304
2023-06-08 00:00:00,78.1333333333333,278.633333333333,26.8837062736355,1.39109604581357
2023-06-08 01:00:00,79.2166666666667,278.683333333333,113.093524523179,0.650499832921446
2023-06-08 02:00:00,80.8666666666667,278.416666666667,65.3442665006033,0.646458432561466
2023-06-08 03:00:00,80.9666666666667,278.266666666667,62.4056795494674,0.612414375359775
2023-06-08 04:00:00,78.2833333333334,278.416666666667,127.160482116308,0.143690127868311
2023-06-08 05:00:00,78.6666666666667,278.533333333333,181.535100846046,0.824471948277397
2023-06-08 06:00:00,76.95,278.716666666667,189.515331225818,1.43639802522404
2023-06-08 07:00:00,74.9333333333333,279.133333333333,172.599655671508,1.70246509656389
2023-06-08 08:00:00,77.1666666666667,279.75,195.720410218833,0.610416234097553
2023-06-08 09:00:00,79.1666666666667,280.3,209.601932433629,0.355250486532097
2023-06-08 10:00:00,76.7333333333333,281.266666666667,200.320638001934,0.043446894261373
2023-06-08 11:00:00,76.3333333333333,280.15,204.984373468574,2.48462554615588
2023-06-08 12:00:00,71.7333333333333,280.85,241.691771638585,1.08802902705173
2023-06-08 13:00:00,73.5333333333333,280.516666666667,194.291022955966,1.24598695596512
2023-06-08 14:00:00,71.5833333333333,280.783333333333,182.075226245836,3.10610521124123
2023-06-08 15:00:00,75.3666666666667,279.666666666667,193.434662937316,7.98407144634701
2023-06-08 16:00:00,80.0166666666667,278.916666666667,153.6013630962,2.87480633716685
2023-06-08 17:00:00,86.8166666666667,277.816666666667,31.01208655095,1.35514595477898
2023-06-08 18:00:00,85.0,277.65,193.352603802724,0.410978923944983
2023-06-08 19:00:00,82.4,277.533333333333,112.296865631483,0.956996215582189
2023-06-08 20:00:00,77.7333333333333,277.966666666667,71.2346602845379,0.866627422788958
2023-06-08 21:00:00,68.3666666666667,279.05,33.5146983165903,2.92356699151516
2023-06-08 22:00:00,66.8666666666667,278.95,7.41427132587694,0.762053524506705
2023-06-08 23:00:00,68.1666666666667,278.783333333333,181.08671121316,2.22749236993449
2023-06-09 00:00:00,69.8333333333333,278.483333333333,141.622036530598,0.338758638087372
2023-06-09 01:00:00,69.8,278.466666666667,48.8557195842651,0.842722081447599
2023-06-09 02:00:00,71.6166666666667,278.083333333333,43.6037420163158,1.49486146340465
2023-06-09 03:00:00,71.2666666666667,278.2,17.7425980342074,0.922033292028968
2023-06-09 04:00:00,71.4166666666667,278.416666666667,12.3587739624635,1.87430956783434
2023-06-09 05:00:00,72.0666666666667,278.483333333333,14.0024989567776,1.41378957575837
2023-06-09 06:00:00,70.5833333333333,279.016666666667,37.4030849733181,1.12071688791703
2023-06-09 07:00:00,66.1833333333333,280.433333333333,107.030538699455,0.148257873544615
2023-06-09 08:00:00,69.0166666666667,280.133333333333,171.622142282035,1.33029695938018
2023-06-09 09:00:00,68.6,280.733333333333,139.487549734292,0.56977083368465
2023-06-09 10:00:00,66.95,281.783333333333,160.359361441636,0.332974064109563
2023-06-09 11:00:00,64.1166666666667,282.35,190.604451475377,0.476722735238701
2023-06-09 12:00:00,55.0333333333333,283.35,315.772089533592,0.789662681453411
2023-06-09 13:00:00,50.9166666666667,283.266666666667,346.87976469948,1.92905503524652
2023-06-09 14:00:00,45.8666666666667,283.266666666667,336.055829801844,3.0234506657743
2023-06-09 15:00:00,44.7,284.433333333333,13.907272012597,2.72817118026165
2023-06-09 16:00:00,50.6833333333333,284.216666666667,302.95122172093,2.33931111771095
2023-06-09 17:00:00,62.0333333333333,283.483333333333,331.301075793857,3.15251415196122
2023-06-09 18:00:00,66.6833333333333,282.683333333333,335.701187975462,0.717617626756689
2023-06-09 19:00:00,71.0333333333333,281.983333333333,200.307785737241,3.58820653462735
2023-06-09 20:00:00,76.3166666666667,281.35,165.745743936066,2.48229435192868
2023-06-09 21:00:00,77.3833333333333,280.983333333333,165.796595282739,1.25622296043049
2023-06-09 22:00:00,80.9,280.5,24.5956943472675,0.706612932183294
2023-06-09 23:00:00,81.2666666666667,280.25,56.9733586388744,0.376283481188719
2023-06-10 00:00:00,79.9833333333333,280.283333333333,93.7480553405424,0.254586876193519
2023-06-10 01:00:00,80.7166666666667,280.166666666667,291.019583523856,0.304193541802609
2023-06-10 02:00:00,80.3333333333333,280.033333333333,333.076134910471,0.383001681062141
2023-06-10 03:00:00,79.25,280.0,94.1186247273229,0.392663075422771
2023-06-10 04:00:00,80.9833333333333,279.966666666667,251.474487154195,0.556364026994065
2023-06-10 05:00:00,82.5166666666667,279.85,170.340825351629,1.15109350345282
2023-06-10 06:00:00,84.3333333333333,279.8,168.252460822999,1.96884408258372
2023-06-10 07:00:00,83.6,280.216666666667,170.952679792891,1.0465252023649
2023-06-10 08:00:00,84.7333333333333,280.316666666667,163.55857522177,0.768589829583568
2023-06-10 09:00:00,82.7,280.65,181.102941411395,1.40600966048327
2023-06-10 10:00:00,74.4833333333333,282.3,216.750617816263,0.988996605226261
2023-06-10 11:00:00,75.9666666666667,281.916666666667,236.786832716513,0.89419306195602
2023-06-10 12:00:00,74.1166666666667,282.3,244.485150123477,0.809379752380019
2023-06-10 13:00:00,73.4833333333334,282.133333333333,241.559796256566,1.20877285737694
2023-06-10 14:00:00,72.7666666666667,282.25,225.215551723257,1.80401077934662
2023-06-10 15:00:00,77.85,282.25,334.70621877928,1.99238455264268
2023-06-10 16:00:00,78.9833333333333,282.416666666667,340.578828906827,4.00176156661667
2023-06-10 17:00:00,81.6333333333333,281.4,219.746455828886,3.43611368293295
2023-06-10 18:00:00,81.0,281.55,330.425231869546,1.53828421561063
2023-06-10 19:00:00,93.55,280.266666666667,300.673013982584,1.16631214954457
2023-06-10 20:00:00,95.8166666666667,279.6,176.157478965543,2.62736297772185
2023-06-10 21:00:00,95.0,279.566666666667,189.815582880475,1.91782332208004
2023-06-10 22:00:00,97.05,279.416666666667,193.419559946765,0.738842492625654
2023-06-10 23:00:00,99.1833333333333,279.033333333333,196.449635175745,0.973590544846396
2023-06-11 00:00:00,93.9333333333333,279.266666666667,168.358100972967,0.412263711443678
2023-06-11 01:00:00,96.3333333333333,279.183333333333,29.8969787919626,1.67776007206713
2023-06-11 02:00:00,92.7333333333333,279.033333333333,29.9141159659898,1.23660295528203
2023-06-11 03:00:00,90.75,279.05,14.5820526870253,1.97285249434639
2023-06-11 04:00:00,96.85,278.666666666667,343.318064167279,1.51650039794169
2023-06-11 05:00:00,97.8333333333333,278.583333333333,359.039099615075,1.27133169874709
2023-06-11 06:00:00,93.0166666666667,279.05,148.679924098757,0.560134662277163
2023-06-11 07:00:00,88.1666666666667,279.433333333333,153.999218033233,1.23707219363039
2023-06-11 08:00:00,87.2833333333334,279.933333333333,174.365173199757,1.31687985133626
2023-06-11 09:00:00,88.3,280.433333333333,195.260558744452,1.70135201410023
2023-06-11 10:00:00,87.1666666666667,280.033333333333,167.688338129065,2.28736368958874
2023-06-11 11:00:00,83.9833333333333,280.7,181.204165303319,1.82312573380058
2023-06-11 12:00:00,78.7833333333333,281.483333333333,165.467252828067,2.17295934883387
2023-06-11 13:00:00,69.1166666666667,283.0,130.251740626865,0.983833636653078
2023-06-11 14:00:00,62.6166666666667,283.116666666667,190.711993523375,1.39359094233076
2023-06-11 15:00:00,72.85,282.25,201.563252121466,2.94713049246479
2023-06-11 16:00:00,84.4833333333333,280.866666666667,340.069701274755,1.84103585285053
2023-06-11 17:00:00,86.3166666666667,280.266666666667,30.1310942001172,2.5689383660459
2023-06-11 18:00:00,74.2333333333333,281.633333333333,170.754600242678,0.686143170728356
2023-06-11 19:00:00,82.85,281.583333333333,201.606480028089,1.25605446582151
2023-06-11 20:00:00,89.95,280.65,198.418477000315,1.08182732179309
2023-06-11 21:00:00,90.3,280.133333333333,208.285235098414,1.54639850267827
2023-06-11 22:00:00,92.6833333333333,279.766666666667,53.8426216603768,0.957615369768736
2023-06-11 23:00:00,95.2666666666667,279.433333333333,37.6654132385727,1.05519965946183
2023-06-12 00:00:00,93.6666666666667,278.916666666667,99.4569256970578,0.448878322562931
2023-06-12 01:00:00,98.8,278.533333333333,78.0270767264278,0.200113198497269
2023-06-12 02:00:00,93.1833333333333,278.483333333333,41.1060317032265,0.0830600623805818
2023-06-12 03:00:00,80.4666666666667,278.966666666667,46.905089898331,1.16321719746132
2023-06-12 04:00:00,73.2666666666667,279.366666666667,9.99800081864169,1.12990177142007
2023-06-12 05:00:00,79.15,279.0,357.436626381637,1.69257133308405
2023-06-12 06:00:00,80.2666666666667,279.733333333333,8.31384480927778,1.64217506868606
2023-06-12 07:00:00,77.4833333333333,280.133333333333,321.175045922319,1.2512228245658
2023-06-12 08:00:00,74.4,280.733333333333,307.970307146533,0.916836332380215
2023-06-12 09:00:00,69.8666666666667,281.65,308.532031565987,0.602616310520941
2023-06-12 10:00:00,70.9666666666667,281.5,319.537359085883,1.06119938230519
2023-06-12 11:00:00,62.1833333333333,282.15,329.098013617721,1.84913996952819
2023-06-12 12:00:00,51.4,283.783333333333,343.700338476351,2.24955247622145
2023-06-12 13:00:00,52.4833333333333,284.1,338.036590381747,3.45632128367703
2023-06-12 14:00:00,56.45,284.583333333333,349.41646861303,4.09957422722283
2023-06-12 15:00:00,69.8833333333333,283.5,339.613723411614,5.33460058007314
2023-06-12 16:00:00,72.05,283.566666666667,344.961328312994,5.69985302666538
2023-06-12 17:00:00,69.9833333333333,282.483333333333,353.4054990844,3.17206250756317
2023-06-12 18:00:00,71.5666666666667,282.433333333333,1.4997088661375,2.17125662971569
2023-06-12 19:00:00,76.7666666666667,282.55,347.881317712209,2.27845743558532
2023-06-12 20:00:00,82.85,281.466666666667,296.952436191639,1.39651833106216
2023-06-12 21:00:00,89.4333333333333,280.216666666667,207.86127164045,2.59384782503551
2023-06-12 22:00:00,90.7333333333333,279.816666666667,36.3475452755037,0.943126558735707
2023-06-12 23:00:00,93.25,279.333333333333,44.2215050524733,1.74160712309509
2023-06-13 00:00:00,96.8833333333333,278.783333333333,57.5431869691398,0.577378449047649
2023-06-13 01:00:00,95.6166666666667,278.766666666667,141.888240211185,0.617226406300933
2023-06-13 02:00:00,98.3333333333333,278.45,143.590485388547,0.345430535455664
2023-06-13 03:00:00,85.7,278.933333333333,106.706560463453,0.457538231544
2023-06-13 04:00:00,82.4833333333333,279.066666666667,16.8928286601362,1.18082249537044
2023-06-13 05:00:00,77.65,279.35,21.001792319305,1.33885228608737
2023-06-13 06:00:00,76.5833333333333,280.033333333333,10.8717489788339,1.89704675395198
2023-06-13 07:00:00,77.1333333333334,280.516666666667,307.801511296614,0.848532499394126
2023-06-13 08:00:00,69.5166666666667,282.233333333333,323.833605567159,0.291609467466241
2023-06-13 09:00:00,71.1333333333333,282.566666666667,302.211297036354,0.187972127024496
2023-06-13 10:00:00,69.9,282.5,262.891460330984,0.302220714220738
2023-06-13 11:00:00,60.8666666666667,283.083333333333,308.956402377596,0.627840351385757
2023-06-13 12:00:00,53.2166666666667,283.716666666667,332.672164179439,3.41785101167173
2023-06-13 13:00:00,52.6,284.2,339.69913003205,4.92706640649179
2023-06-13 14:00:00,57.1833333333333,284.35,336.034911848276,5.00470896475895
2023-06-13 15:00:00,62.9333333333333,284.616666666667,339.854010982648,3.86296738896774
2023-06-13 16:00:00,65.5,284.283333333333,296.704693070088,2.17513881933559
2023-06-13 17:00:00,68.9833333333333,284.35,347.1111972307,5.07517348314872
2023-06-13 18:00:00,74.9333333333333,282.733333333333,352.675548668112,5.58342651462613
2023-06-13 19:00:00,80.5,281.383333333333,351.991568377001,3.99440810475177
2023-06-13 20:00:00,83.25,280.266666666667,350.433587262642,3.39196618523707
2023-06-13 21:00:00,84.4166666666667,279.133333333333,359.900559584054,2.7557301634761
2023-06-13 22:00:00,87.85,279.016666666667,2.06614706869561,1.08540561238878
2023-06-13 23:00:00,86.9,278.616666666667,29.2919985298014,0.524498513482582
2023-06-14 00:00:00,86.9833333333333,278.15,47.9331640247995,1.32796134098606
2023-06-14 01:00:00,88.8333333333333,277.983333333333,55.9198891246867,1.35409453095266
2023-06-14 02:00:00,90.4166666666667,277.666666666667,70.9142755363487,0.864910063535491
2023-06-14 03:00:00,91.2166666666667,277.55,68.6180177066032,0.465899416416564
2023-06-14 04:00:00,88.4333333333333,277.916666666667,37.4743482591962,1.3127079775763
2023-06-14 05:00:00,87.3333333333333,277.933333333333,13.0981943322555,2.38206629223316
2023-06-14 06:00:00,84.5166666666667,278.483333333333,5.79959590860324,1.13307195797406
2023-06-14 07:00:00,87.5166666666667,278.233333333333,352.011087779961,1.46269212431109
2023-06-14 08:00:00,85.5,278.483333333333,301.437493665038,1.09911495696137
2023-06-14 09:00:00,76.8666666666667,278.583333333333,314.588340320538,1.04895784114783
2023-06-14 10:00:00,66.3666666666667,280.083333333333,334.303912494228,0.927732822347478
2023-06-14 11:00:00,60.4833333333333,280.933333333333,338.975205233982,2.20463786470441
2023-06-14 12:00:00,54.3166666666667,281.85,344.354633053608,3.05154648341191
2023-06-14 13:00:00,56.9666666666667,282.3,348.166885970785,4.06080298680799
2023-06-14 14:00:00,58.2666666666667,281.866666666667,348.257164607257,4.06849128324094
2023-06-14 15:00:00,58.0,282.1,348.976499721564,5.41263839472666
2023-06-14 16:00:00,58.8666666666667,282.366666666667,350.408742219937,6.46072622070238
2023-06-14 17:00:00,59.4833333333333,282.0,350.37588848611,5.79968688027829
2023-06-14 18:00:00,63.05,280.833333333333,351.868208725977,3.84040869894235
2023-06-14 19:00:00,65.1166666666667,280.2,338.933620337768,2.42750315477115
2023-06-14 20:00:00,65.7,280.133333333333,335.843414300495,2.26352479046333
2023-06-14 21:00:00,71.55,278.616666666667,8.12789306910349,1.20136431570637
2023-06-14 22:00:00,73.2166666666667,278.133333333333,32.5769004663421,2.22434428772369
2023-06-14 23:00:00,75.7833333333333,277.716666666667,3.09066603868718,2.17030204384417
2023-06-15 00:00:00,77.0833333333333,277.483333333333,8.010229800915,1.66288211057747
2023-06-15 01:00:00,81.5333333333333,276.866666666667,340.608938636511,1.78527936561815
2023-06-15 02:00:00,79.4,276.916666666667,356.135213628748,2.29878825433372
2023-06-15 03:00:00,77.8333333333333,276.866666666667,351.634005104199,2.52999287714526
2023-06-15 04:00:00,78.05,276.733333333333,341.481880124812,2.29093093440818
2023-06-15 05:00:00,68.7,276.866666666667,315.264621148523,2.39596089281366
2023-06-15 06:00:00,67.0833333333334,277.316666666667,335.848294690303,1.3935759763231
2023-06-15 07:00:00,67.9,277.416666666667,317.038802909127,1.32889046327281
2023-06-15 08:00:00,69.6166666666667,277.516666666667,266.736653958752,0.959138842650086
2023-06-15 09:00:00,61.7,279.366666666667,208.128624838576,0.872270123435949
2023-06-15 10:00:00,63.9166666666667,279.033333333333,322.265681326375,1.99000810523493
2023-06-15 11:00:00,61.8,279.366666666667,348.727513918612,3.90401126369156
2023-06-15 12:00:00,62.1833333333333,279.766666666667,341.759645479155,4.89587765404444
2023-06-15 13:00:00,61.4,280.283333333333,351.59100614458,5.45065021744803
2023-06-15 14:00:00,62.45,280.516666666667,346.753007992112,5.74604345579154
2023-06-15 15:00:00,60.0833333333334,280.683333333333,358.943784535343,5.47177539828032
2023-06-15 16:00:00,60.9,280.516666666667,350.157987028283,6.11993448985848
2023-06-15 17:00:00,57.25,280.683333333333,356.194000002123,5.67157451048651
2023-06-15 18:00:00,56.8333333333333,280.516666666667,341.039097604529,5.51704955664235
2023-06-15 19:00:00,59.5166666666667,279.866666666667,335.878773336574,4.27962757157045
2023-06-15 20:00:00,62.7333333333333,278.966666666667,333.672286203392,4.46480611305713
2023-06-15 21:00:00,72.5333333333333,277.783333333333,337.777823743939,3.38717454583695
2023-06-15 22:00:00,77.1,277.516666666667,12.4139393837416,1.9070226851253
2023-06-15 23:00:00,79.35,277.45,44.441765749493,2.04676094597911
2023-06-16 00:00:00,79.0833333333333,277.433333333333,24.4374824189218,1.73648009141467
2023-06-16 01:00:00,80.6,277.2,353.321592074863,2.14760845473
2023-06-16 02:00:00,85.3166666666667,276.7,336.75768346073,2.80840795941465
2023-06-16 03:00:00,93.2666666666667,275.583333333333,207.319541840814,2.91116235758368
2023-06-16 04:00:00,96.25,274.783333333333,173.504330164143,2.51889500954069
2023-06-16 05:00:00,84.1166666666667,275.983333333333,312.770149280659,1.27022453786043
2023-06-16 06:00:00,77.65,276.316666666667,181.052632558075,2.28301712710126
2023-06-16 07:00:00,80.8333333333333,276.2,356.823110450092,1.95044530641096
2023-06-16 08:00:00,81.0333333333334,276.6,296.562144085603,0.977345007368021
2023-06-16 09:00:00,82.2666666666667,276.783333333333,347.717607621966,1.69770370938466
2023-06-16 10:00:00,82.8,277.316666666667,298.562178107615,1.58360433270311
2023-06-16 11:00:00,79.8166666666667,277.783333333333,335.219932862324,3.62526784152463
2023-06-16 12:00:00,72.1,277.933333333333,351.379968173335,4.20501732498415
2023-06-16 13:00:00,70.9333333333333,278.4,7.76693478788764,4.84483857795662
2023-06-16 14:00:00,69.85,278.75,339.046497854282,3.90098606328748
2023-06-16 15:00:00,80.2166666666667,277.95,325.702096919796,3.6910762802982
2023-06-16 16:00:00,70.6666666666667,278.766666666667,348.505053431098,3.40813329982017
2023-06-16 17:00:00,65.45,279.533333333333,322.010464811206,4.12897041536558
2023-06-16 18:00:00,70.5833333333333,278.633333333333,291.038205857005,1.52769225379576
2023-06-16 19:00:00,74.8333333333333,277.916666666667,319.67267513341,0.921029632718451
2023-06-16 20:00:00,80.6333333333333,277.55,321.652067762866,2.02964238295187
2023-06-16 21:00:00,77.05,277.066666666667,306.666008761554,2.46034140790238
2023-06-16 22:00:00,76.6,277.433333333333,340.150219294359,2.61466876185225
2023-06-16 23:00:00,74.6833333333333,277.533333333333,331.504274875698,2.96251505294263
2023-06-17 00:00:00,75.8666666666667,277.333333333333,346.440173207212,2.5386934456101
2023-06-17 01:00:00,75.8333333333334,277.233333333333,328.829330560873,2.06617696576047
2023-06-17 02:00:00,73.7833333333333,277.183333333333,350.748420715772,2.57414766750978
2023-06-17 03:00:00,70.9333333333333,277.2,354.287083147153,2.37902285116158
2023-06-17 04:00:00,72.1166666666667,276.916666666667,338.95986527282,1.80129876923429
2023-06-17 05:00:00,72.8333333333333,276.866666666667,319.449361170112,2.41499069114605
2023-06-17 06:00:00,72.5333333333333,276.933333333333,327.63715871068,2.02377605087757
2023-06-17 07:00:00,67.8666666666667,277.266666666667,316.91344612856,1.29223138649098
2023-06-17 08:00:00,63.7833333333333,278.5,325.085844673532,0.737271444965272
2023-06-17 09:00:00,60.1833333333333,279.033333333333,334.281225652676,1.20683188561978
2023-06-17 10:00:00,54.7166666666667,279.333333333333,343.997657534265,2.36875186836833
2023-06-17 11:00:00,49.4833333333333,279.95,4.60700601034546,3.13777506486478
2023-06-17 12:00:00,48.6666666666667,280.9,330.600665129382,3.46394928622684
2023-06-17 13:00:00,45.6166666666667,281.683333333333,333.199465168023,2.73815684123939
2023-06-17 14:00:00,44.9,281.833333333333,356.947112840629,2.99598602762659
2023-06-17 15:00:00,43.65,282.866666666667,3.50759565585213,4.4219278103253
2023-06-17 16:00:00,43.7333333333333,283.133333333333,5.84937949247097,5.55059319659318
2023-06-17 17:00:00,46.8666666666667,282.983333333333,341.729726804941,5.56564988838987
2023-06-17 18:00:00,45.8666666666667,282.866666666667,337.488239841901,5.51751766665985
2023-06-17 19:00:00,52.3833333333333,282.166666666667,339.291747078937,5.03685656929597
2023-06-17 20:00:00,59.0833333333333,281.25,337.016407714199,4.53615025263618
2023-06-17 21:00:00,60.7166666666667,280.433333333333,355.79724637086,3.18206020388762
2023-06-17 22:00:00,61.2666666666667,280.3,14.9121137963201,3.55959657770469
2023-06-17 23:00:00,63.6833333333333,280.166666666667,25.3543550929538,4.03915382924298
2023-06-18 00:00:00,62.8833333333333,280.1,22.8513631002614,3.7266748450601
2023-06-18 01:00:00,56.4166666666667,280.083333333333,25.4167133658574,3.67237191326001
2023-06-18 02:00:00,52.4,280.25,34.6314854707895,3.29254786119337
2023-06-18 03:00:00,53.2,280.133333333333,42.9822437139125,2.69582441703155
2023-06-18 04:00:00,56.4,280.1,32.4648393632129,2.93827118157042
2023-06-18 05:00:00,60.35,280.266666666667,42.0295922482914,2.9352432020459
2023-06-18 06:00:00,60.8166666666667,280.616666666667,30.4827016491549,3.47634929383727
2023-06-18 07:00:00,59.15,281.116666666667,36.4718977914479,2.55617209737916
2023-06-18 08:00:00,56.1,281.9,38.1939384665314,1.75910477672892
2023-06-18 09:00:00,54.0166666666667,282.766666666667,47.0304417311387,0.966010864370348
2023-06-18 10:00:00,52.4166666666667,283.55,36.2591746529802,1.92614535960939
2023-06-18 11:00:00,49.4166666666667,284.566666666667,9.73055572994338,1.63582345849532
2023-06-18 12:00:00,48.2833333333333,285.133333333333,354.616428591309,2.37382897810873
2023-06-18 13:00:00,45.9666666666667,285.9,4.53284251184897,3.0273973649678
2023-06-18 14:00:00,45.2833333333333,286.15,30.684095530033,2.21839003956231
2023-06-18 15:00:00,45.1166666666667,286.266666666667,347.804770701872,2.12334974342993
2023-06-18 16:00:00,45.5166666666667,286.783333333333,332.80453153602,3.20228396147617
2023-06-18 17:00:00,46.0833333333333,287.216666666667,339.787738765321,4.35178825297762
2023-06-18 18:00:00,49.2666666666667,286.8,343.080392211141,4.48131879925219
2023-06-18 19:00:00,54.9333333333333,285.816666666667,346.59722933557,2.63044165657363
2023-06-18 20:00:00,61.9166666666667,283.883333333333,67.7143491129875,2.98859703040202
2023-06-18 21:00:00,60.55,284.066666666667,0.985814373858489,1.90581378759047
2023-06-18 22:00:00,69.9,283.15,75.1322239528764,0.642094762346449
2023-06-18 23:00:00,66.1333333333333,283.5,43.3457944922111,1.4156800089555
2023-06-19 00:00:00,69.5833333333333,282.866666666667,351.60009242803,1.32160863726656
2023-06-19 01:00:00,70.1166666666667,282.666666666667,48.6296784131907,0.46668221683657
2023-06-19 02:00:00,65.3833333333333,283.183333333333,86.2235448623646,1.1400370731082
2023-06-19 03:00:00,66.8166666666667,282.783333333333,352.6705934629,1.5404999061258
2023-06-19 04:00:00,67.45,282.666666666667,338.800512216418,2.36832326192049
2023-06-19 05:00:00,66.2666666666667,282.6,26.2622143693696,1.72897480492688
2023-06-19 06:00:00,66.1666666666667,282.8,351.668843254168,1.37588892505481
2023-06-19 07:00:00,69.3333333333333,282.85,353.058250099323,0.919386026837357
2023-06-19 08:00:00,74.6833333333333,282.616666666667,173.625891434233,0.569976384291022
2023-06-19 09:00:00,68.95,284.133333333333,120.040907268309,0.748148645649641
2023-06-19 10:00:00,67.2333333333333,285.5,215.561054283865,0.777350622575244
2023-06-19 11:00:00,63.7833333333333,286.183333333333,194.39221816279,1.03624472416224
2023-06-19 12:00:00,59.3666666666667,286.866666666667,249.551447591037,0.524650800450049
2023-06-19 13:00:00,54.8666666666667,287.383333333333,312.682482438204,0.972501014195071
2023-06-19 14:00:00,54.4666666666667,287.816666666667,302.290710420485,1.13263333593914
2023-06-19 15:00:00,54.4833333333333,287.666666666667,336.436876493326,3.3785386150574
2023-06-19 16:00:00,56.6,287.366666666667,359.439581317681,2.54625900768425
2023-06-19 17:00:00,52.9333333333333,288.25,0.0159284372464299,0.899115802351481
2023-06-19 18:00:00,64.1166666666667,287.083333333333,314.071692369107,2.1292813711685
2023-06-19 19:00:00,80.35,284.7,330.357389498895,2.36161245262502
2023-06-19 20:00:00,79.3666666666667,283.233333333333,359.854900384432,3.03758677481995
2023-06-19 21:00:00,71.3333333333333,283.583333333333,35.0510102882228,5.27077595128611
2023-06-19 22:00:00,58.9666666666667,284.516666666667,67.8442522734504,2.62707630279435
2023-06-19 23:00:00,64.5,284.0,89.1523957752669,0.804833440681713
2023-06-20 00:00:00,66.1833333333333,283.816666666667,81.0782148817819,1.95056693961402
2023-06-20 01:00:00,65.6666666666667,283.916666666667,65.7125217311734,3.16439778738196
2023-06-20 02:00:00,68.3666666666667,283.7,61.5877175373959,3.33225660689018
2023-06-20 03:00:00,66.65,283.95,98.4168508166961,1.94732057161091
2023-06-20 04:00:00,66.8166666666667,283.95,58.6872012960952,2.53789216829275
2023-06-20 05:00:00,70.0833333333334,283.4,40.2145086913388,1.60139588238507
2023-06-20 06:00:00,71.35,283.366666666667,19.6982910165383,1.06784632265323
2023-06-20 07:00:00,73.95,283.25,35.1622821507012,2.2308372714955
2023-06-20 08:00:00,64.45,284.816666666667,60.0759925612129,4.39348045586906
2023-06-20 09:00:00,63.7,285.9,64.3538141276428,1.97713266963105
2023-06-20 10:00:00,66.7333333333333,287.2,148.183100983409,0.172666003451344
2023-06-20 11:00:00,58.25,288.55,28.3104083523321,1.59492878787479
2023-06-20 12:00:00,50.35,289.6,20.2971266239675,2.83473045063969
2023-06-20 13:00:00,42.35,290.316666666667,26.1897311722157,4.70901916885877
2023-06-20 14:00:00,43.2666666666667,290.25,37.6948639886565,5.77101219820476
2023-06-20 15:00:00,47.3166666666667,290.45,19.4836548909924,3.80621026833639
2023-06-20 16:00:00,51.2,290.5,342.086934219344,4.53104220794291
2023-06-20 17:00:00,52.4666666666667,290.2,335.807713156539,2.82125844639611
2023-06-20 18:00:00,46.1166666666667,290.55,30.9997879786779,2.72579271783459
2023-06-20 19:00:00,50.0833333333333,289.233333333333,6.49186157687706,3.16352831193487
2023-06-20 20:00:00,54.4166666666667,287.983333333333,21.0509696721184,6.72720979435738
2023-06-20 21:00:00,57.05,287.083333333333,53.9006484404358,7.21820767909187
2023-06-20 22:00:00,53.25,287.4,73.2301667704081,3.48734854533054
2023-06-20 23:00:00,47.3833333333333,287.55,42.4479815476168,7.06833148712293
2023-06-21 00:00:00,45.7166666666667,287.75,41.8507149911597,6.6174306628395
2023-06-21 01:00:00,49.7,286.983333333333,17.8664178280796,3.09587303555024
2023-06-21 02:00:00,49.4333333333333,287.05,42.4587548132895,2.16101568913055
2023-06-21 03:00:00,51.25,286.516666666667,325.538004659057,0.478036303646459
2023-06-21 04:00:00,50.3,286.683333333333,280.034657653347,0.682400345958682
2023-06-21 05:00:00,52.6666666666667,286.416666666667,337.393926119537,1.69871777505949
2023-06-21 06:00:00,52.2833333333333,286.583333333333,357.341561751944,1.72968710519822
2023-06-21 07:00:00,49.3833333333334,286.966666666667,10.3973301254872,2.45418094795633
2023-06-21 08:00:00,47.4333333333333,287.85,354.432085810984,0.552262029911905
2023-06-21 09:00:00,46.6166666666667,288.75,85.1848095802283,0.697785059109047
2023-06-21 10:00:00,46.35,289.466666666667,47.6227328418196,1.11313291330395
2023-06-21 11:00:00,45.3166666666667,289.65,329.084396344756,2.31928128675545
2023-06-21 12:00:00,50.6166666666667,289.566666666667,318.141094534168,2.01146513367475
2023-06-21 13:00:00,49.0333333333333,290.566666666667,5.01584129649234,2.18945410564731
2023-06-21 14:00:00,44.0833333333333,290.7,18.1972427810996,4.11012895091431
2023-06-21 15:00:00,46.1333333333333,290.833333333333,10.4015285082092,4.32411974012592
2023-06-21 16:00:00,70.0166666666667,288.8,346.309026608362,5.17064965325247
2023-06-21 17:00:00,68.5333333333334,289.066666666667,338.529245643808,4.70130373008036
2023-06-21 18:00:00,74.25,288.216666666667,338.419637661569,4.69126140290999
2023-06-21 19:00:00,76.2333333333334,287.616666666667,347.175844504061,2.91806946193718
2023-06-21 20:00:00,76.2333333333333,286.8,38.1389245761869,0.766806306860523
2023-06-21 21:00:00,79.1333333333333,286.05,122.937188140329,1.06803927255351
2023-06-21 22:00:00,71.6,286.65,91.0756390925857,1.35718112222948
2023-06-21 23:00:00,73.2166666666667,286.266666666667,23.2477658742457,4.04673208246645
2023-06-22 00:00:00,48.95,287.816666666667,91.8938543563854,3.0831767908793
2023-06-22 01:00:00,49.45,288.016666666667,70.1423838340218,4.14103247533425
2023-06-22 02:00:00,43.9333333333333,288.55,72.9529035737539,6.26934460436418
2023-06-22 03:00:00,41.1,288.583333333333,68.2518919717982,6.39169686996066
2023-06-22 04:00:00,37.0166666666667,288.783333333333,68.267637446451,5.85325779690461
2023-06-22 05:00:00,37.2166666666667,288.616666666667,71.2603898208722,4.18865848467583
2023-06-22 06:00:00,40.1166666666667,288.316666666667,71.4782507220911,4.4608090867602
2023-06-22 07:00:00,38.2166666666667,288.683333333333,70.4838851299174,7.50743846930539
2023-06-22 08:00:00,35.85,289.116666666667,62.8838597062344,8.72916982033104
2023-06-22 09:00:00,34.95,289.416666666667,60.8773423892556,10.0160244321185
2023-06-22 10:00:00,31.8833333333333,290.316666666667,58.4989422371293,8.26466642761052
2023-06-22 11:00:00,34.0333333333333,290.9,54.0925745507942,6.67163656106625
2023-06-22 12:00:00,34.3833333333333,291.233333333333,63.8309068143053,3.94103799374513
2023-06-22 13:00:00,35.7,291.216666666667,56.9695603712874,4.29956294138097
2023-06-22 14:00:00,36.5666666666667,291.233333333333,55.6833170317722,3.82376004879269
2023-06-22 15:00:00,33.0833333333333,291.783333333333,55.3225576412684,4.00467623238255
2023-06-22 16:00:00,30.6166666666667,291.95,28.5283633333327,2.95600031402045
2023-06-22 17:00:00,45.05,289.616666666667,10.4397065321171,2.25702708276478
2023-06-22 18:00:00,48.4333333333333,288.85,61.3540516389244,4.66774603441026
2023-06-22 19:00:00,43.7833333333333,288.966666666667,63.4152313846719,7.70585777920102
2023-06-22 20:00:00,85.85,284.916666666667,12.6233367011641,3.13297682114952
2023-06-22 21:00:00,74.3333333333333,284.566666666667,37.6323924739867,6.29925084761487
2023-06-22 22:00:00,56.6333333333333,285.616666666667,54.2722111848549,7.20506487458991
2023-06-22 23:00:00,51.9,285.883333333333,59.8814111873447,7.26759590955332
2023-06-23 00:00:00,64.7333333333333,284.416666666667,50.7471598576049,3.63203868271762
2023-06-23 01:00:00,100.3,281.116666666667,351.368069539793,3.36538576857518
2023-06-23 02:00:00,100.4,280.2,355.775515044718,4.13835850413061
2023-06-23 03:00:00,100.4,278.2,20.0960956052912,9.12319689203612
2023-06-23 04:00:00,91.8666666666667,278.683333333333,38.005775027604,7.87604835409657
2023-06-23 05:00:00,82.4333333333333,279.333333333333,21.7162358417131,6.08783928779766
2023-06-23 06:00:00,90.9666666666667,278.95,8.61740316286705,4.524960765133
2023-06-23 07:00:00,100.4,278.316666666667,6.51799694288542,5.72897181066919
2023-06-23 08:00:00,100.4,278.05,2.78451308165069,4.41636571657981
2023-06-23 09:00:00,100.4,277.866666666667,350.984827622781,4.92316646581638
2023-06-23 10:00:00,100.4,277.116666666667,340.191180363994,4.02423845261547
2023-06-23 11:00:00,100.4,276.966666666667,352.646702803561,3.07846980217288
2023-06-23 12:00:00,100.4,277.233333333333,7.27500760516591,4.13855561054779
2023-06-23 13:00:00,100.4,277.983333333333,353.281974033662,2.62507211831227
2023-06-23 14:00:00,100.4,277.9,5.9124439512857,2.68766785984461
2023-06-23 15:00:00,100.4,278.083333333333,7.61491387057038,2.32819211022438
2023-06-23 16:00:00,100.4,278.016666666667,348.663678191906,3.40922714472345
2023-06-23 17:00:00,99.8166666666667,278.183333333333,359.100428968082,3.35824260100825
2023-06-23 18:00:00,97.65,278.866666666667,352.24906405715,3.55119252267317
2023-06-23 19:00:00,84.3333333333333,279.066666666667,335.525811513298,3.72430991961319
2023-06-23 20:00:00,80.2833333333333,278.216666666667,338.089417269377,4.35168090340256
2023-06-23 21:00:00,97.1833333333333,277.45,334.193656563581,3.3095794183502
2023-06-23 22:00:00,100.4,277.3,238.066449231659,1.83732046057092
2023-06-23 23:00:00,97.4,277.266666666667,195.277596033223,5.53237086578064
2023-06-24 00:00:00,96.6666666666667,277.05,191.266883063234,4.52478019806188
2023-06-24 01:00:00,97.0833333333333,276.816666666667,190.046306282236,5.53138202197561
2023-06-24 02:00:00,90.6333333333333,276.9,189.596977792319,5.32390598070764
2023-06-24 03:00:00,96.4666666666667,276.55,180.272717413773,3.54507687979802
2023-06-24 04:00:00,92.65,276.566666666667,183.259729240949,4.67276564877174
2023-06-24 05:00:00,98.45,276.25,190.639920091084,5.14643453690353
2023-06-24 06:00:00,100.4,276.1,181.137902758911,2.97080823318235
2023-06-24 07:00:00,100.416666666667,276.5,176.859633558209,2.28308627225995
2023-06-24 08:00:00,100.4,276.666666666667,197.623209681497,1.29042832750693
2023-06-24 09:00:00,100.4,276.9,197.006283813085,1.74602273189576
2023-06-24 10:00:00,100.4,277.333333333333,187.814918221696,2.72018734305958
2023-06-24 11:00:00,100.4,278.45,194.103245291957,2.05180558607822
2023-06-24 12:00:00,96.6666666666667,279.116666666667,205.813384999787,3.39991485973291
2023-06-24 13:00:00,84.25,280.033333333333,207.975110491948,1.78441168146125
2023-06-24 14:00:00,77.3333333333333,281.116666666667,175.648743463967,1.29276422049237
2023-06-24 15:00:00,74.2,281.516666666667,201.642176012145,2.65557894203577
2023-06-24 16:00:00,70.4666666666667,282.016666666667,204.576563960465,2.18628186371151
2023-06-24 17:00:00,67.5166666666667,282.416666666667,211.73392397095,3.32478798356395
2023-06-24 18:00:00,68.0833333333333,282.383333333333,226.471093908122,2.6311830701081
2023-06-24 19:00:00,71.95,282.216666666667,222.600677130131,2.23250225801595
2023-06-24 20:00:00,79.8166666666667,281.766666666667,269.195381992202,1.04528066776076
2023-06-24 21:00:00,83.15,280.583333333333,227.866121735365,0.484304237273486
2023-06-24 22:00:00,91.6,279.9,17.1684154997143,1.18488697560268
2023-06-24 23:00:00,93.95,279.583333333333,89.3302525774388,0.306272227471579
2023-06-25 00:00:00,93.8666666666667,279.433333333333,178.085709212257,0.534559071169509
2023-06-25 01:00:00,90.4166666666667,279.55,104.285535530356,0.565152015392057
2023-06-25 02:00:00,79.1833333333333,279.733333333333,149.23947450071,0.383273245266851
2023-06-25 03:00:00,60.3333333333333,280.15,38.4889260977608,0.374012162516392
2023-06-25 04:00:00,28.5166666666667,281.533333333333,67.5785345878555,0.358265820401685
2023-06-25 05:00:00,22.9833333333333,281.933333333333,65.9229690987958,0.268502824495592
2023-06-25 06:00:00,21.0,283.983333333333,44.1151024403774,0.169545212019259
2023-06-25 07:00:00,16.85,285.15,51.1003105785802,0.168859395012622
2023-06-25 08:00:00,20.1333333333333,285.333333333333,148.47248101621,0.487130672383973
2023-06-25 09:00:00,19.2333333333333,287.1,35.6371940806687,0.0595435149761901
2023-06-25 10:00:00,16.1833333333333,286.716666666667,17.1241053053251,0.658051668574077
2023-06-25 11:00:00,28.7666666666667,286.966666666667,341.65478822965,0.682567080122497
2023-06-25 12:00:00,36.0,286.983333333333,354.206702522097,1.97516155879657
2023-06-25 13:00:00,39.4166666666667,287.016666666667,340.663881772141,4.57385389210764
2023-06-25 14:00:00,46.7,286.85,342.729866275143,6.40956096071132
2023-06-25 15:00:00,48.55,287.516666666667,339.808772016871,5.50542972159786
2023-06-25 16:00:00,47.6166666666667,287.5,337.749735639538,5.6988233758472
2023-06-25 17:00:00,51.2166666666667,287.466666666667,333.07583753013,5.5718491160818
2023-06-25 18:00:00,43.2333333333333,287.483333333333,359.627076224474,5.59972703865403
2023-06-25 19:00:00,45.9333333333333,286.716666666667,340.043122595322,6.51283786646051
2023-06-25 20:00:00,54.8166666666667,285.6,334.607319873345,5.60948795668182
2023-06-25 21:00:00,62.65,284.25,349.483874094978,4.42954878691456
2023-06-25 22:00:00,65.3333333333333,283.866666666667,13.5325163184589,6.37069052098554
2023-06-25 23:00:00,68.7,283.4,17.0264078200713,6.66462659420827
2023-06-26 00:00:00,58.2833333333333,283.166666666667,17.1196323455944,5.96492702836016
2023-06-26 01:00:00,62.1833333333333,282.883333333333,15.4140788797898,4.26020467542497
2023-06-26 02:00:00,69.1333333333333,282.766666666667,353.412688348938,3.98331789331292
2023-06-26 03:00:00,77.4166666666667,282.633333333333,354.954328179284,4.79039602464396
2023-06-26 04:00:00,80.5,282.516666666667,2.86735702009258,4.71451461078575
2023-06-26 05:00:00,82.35,282.366666666667,358.237742537664,4.16253847117955
2023-06-26 06:00:00,80.7666666666667,282.366666666667,347.400090041948,4.82788855304371
2023-06-26 07:00:00,78.2333333333333,282.566666666667,353.285375440766,3.89800713564827
2023-06-26 08:00:00,72.9166666666667,282.816666666667,1.36503822902603,3.82564828567241
2023-06-26 09:00:00,67.6833333333333,283.55,358.473463526528,3.24695741039716
2023-06-26 10:00:00,64.3666666666667,284.1,340.892875682078,3.12025586872259
2023-06-26 11:00:00,62.65,284.783333333333,344.613444596798,3.05412857942104
2023-06-26 12:00:00,61.2333333333334,285.6,337.616673898003,2.42862703549458
2023-06-26 13:00:00,59.6,285.916666666667,323.415138398718,3.89524623043588
2023-06-26 14:00:00,54.65,286.816666666667,349.329382767166,4.38221280817814
2023-06-26 15:00:00,52.2833333333333,286.666666666667,341.483577697141,5.09552370619948
2023-06-26 16:00:00,50.45,287.116666666667,338.522736993277,4.85295148296317
2023-06-26 17:00:00,49.1333333333333,287.15,352.046985640339,4.56250522901702
2023-06-26 18:00:00,48.7166666666667,287.216666666667,342.83015617201,5.24533193299407
2023-06-26 19:00:00,59.0,286.433333333333,338.619291230858,5.37596213735424
2023-06-26 20:00:00,74.8166666666667,284.666666666667,335.027543211861,4.24672022484674
2023-06-26 21:00:00,86.5666666666667,283.65,351.528984234564,3.25139369331441
2023-06-26 22:00:00,97.1166666666667,282.966666666667,349.928552113423,3.28254954843661
2023-06-26 23:00:00,98.4666666666667,282.116666666667,340.797559580017,3.90163694911877
2023-06-27 00:00:00,98.75,281.3,338.632498575317,3.23148490123035
2023-06-27 01:00:00,100.4,280.85,2.17652899803238,2.47908567174964
2023-06-27 02:00:00,100.4,280.85,10.9180084817292,2.57642506606258
2023-06-27 03:00:00,100.266666666667,280.733333333333,18.4065409196334,3.60154166630597
2023-06-27 04:00:00,94.45,280.95,18.7263324266297,4.60904295500985
2023-06-27 05:00:00,86.5166666666667,281.066666666667,21.1410448407369,4.34182728893772
2023-06-27 06:00:00,85.8666666666667,281.0,25.8555672742056,4.8173458692813
2023-06-27 07:00:00,86.85,280.6,16.4308612919751,5.48582508885208
2023-06-27 08:00:00,89.3,280.5,355.29037957166,3.63750113302708
2023-06-27 09:00:00,90.6833333333333,280.5,357.94829365064,3.47341899402595
2023-06-27 10:00:00,92.9833333333333,280.433333333333,346.768889097348,3.92656244560968
2023-06-27 11:00:00,84.4666666666667,281.266666666667,345.907385346862,4.50645595952763
2023-06-27 12:00:00,82.4,281.483333333333,335.903819767854,5.48309668066818
2023-06-27 13:00:00,80.6166666666667,281.533333333333,339.158497969761,5.78964440240795
2023-06-27 14:00:00,75.3,282.016666666667,333.441138340189,5.34220677371074
2023-06-27 15:00:00,62.85,282.05,333.792347797145,7.63336022076506
2023-06-27 16:00:00,60.9833333333333,281.916666666667,13.9329291872519,6.63827934777519
2023-06-27 17:00:00,61.8,282.083333333333,355.019897333772,6.06018566395342
2023-06-27 18:00:00,60.8333333333333,281.733333333333,344.71950244609,6.35947662020656
2023-06-27 19:00:00,70.2166666666667,281.0,344.383462452125,4.66921157314874
2023-06-27 20:00:00,72.8833333333333,280.5,347.592134647912,5.04234504812665
2023-06-27 21:00:00,79.3166666666667,279.15,356.106562788481,4.12619977516615
2023-06-27 22:00:00,79.7833333333333,278.683333333333,5.63331943564396,5.06849635821507
2023-06-27 23:00:00,88.5833333333334,277.933333333333,359.895394778305,4.80093056045056
2023-06-28 00:00:00,82.6666666666667,277.916666666667,10.0223999806008,4.99479431157736
2023-06-28 01:00:00,80.6666666666667,277.916666666667,19.8263908815015,5.09724910571808
2023-06-28 02:00:00,84.2,277.65,20.3140475683962,4.38073860348658
2023-06-28 03:00:00,86.45,277.383333333333,10.3040716199418,4.44969711065279
2023-06-28 04:00:00,88.55,277.233333333333,1.92314953723997,4.01874423300086
2023-06-28 05:00:00,87.6666666666667,277.133333333333,1.76223739212071,3.84544464378585
2023-06-28 06:00:00,91.3,276.95,1.56986060452772,3.65520501760959
2023-06-28 07:00:00,95.1166666666667,276.75,2.40773250011938,2.65193970605768
2023-06-28 08:00:00,87.2166666666667,277.066666666667,352.270032612624,2.36582504205323
2023-06-28 09:00:00,96.7833333333333,276.466666666667,351.833249932238,2.97663745090868
2023-06-28 10:00:00,100.15,276.583333333333,20.2983997319644,2.68452071582817
2023-06-28 11:00:00,97.4666666666667,276.933333333333,7.77842794335919,3.21363268335607
2023-06-28 12:00:00,99.0,277.1,12.3773025446889,3.2274867658496
2023-06-28 13:00:00,94.65,277.816666666667,14.4078144188234,2.72913701188589
2023-06-28 14:00:00,90.7666666666667,278.433333333333,2.81764619812043,2.27382973680987
2023-06-28 15:00:00,95.7833333333333,278.2,337.554397765,2.22616233712145
2023-06-28 16:00:00,98.8666666666667,278.383333333333,3.91722321264285,2.88349103750411
2023-06-28 17:00:00,94.2833333333333,279.3,0.756134358332929,2.85539956103623
2023-06-28 18:00:00,87.2666666666667,279.85,348.532589090518,2.62399666653516
2023-06-28 19:00:00,93.55,279.216666666667,0.859046976173147,3.05164003919392
2023-06-28 20:00:00,94.0166666666667,278.983333333333,2.3659162885325,2.35909301383224
2023-06-28 21:00:00,95.4166666666667,278.833333333333,3.82361234750795,1.76736532087627
2023-06-28 22:00:00,87.9666666666667,279.183333333333,19.7072502507353,3.05881756917683
2023-06-28 23:00:00,84.55,279.316666666667,29.1552558770212,3.9652044199363
2023-06-29 00:00:00,83.4833333333333,279.383333333333,30.491075373332,3.08721755016401
2023-06-29 01:00:00,78.0666666666667,279.716666666667,42.0406732136492,3.58329741290938
2023-06-29 02:00:00,75.35,280.016666666667,44.854362189361,3.19769718930019
2023-06-29 03:00:00,76.1333333333333,280.183333333333,44.0808904270997,3.06773420937524
2023-06-29 04:00:00,76.1666666666667,280.2,27.6089397893152,2.14335733822294
2023-06-29 05:00:00,74.3,280.433333333333,39.0234910376005,2.4586268421166
2023-06-29 06:00:00,71.1333333333333,281.116666666667,39.878842314983,3.05319992831419
2023-06-29 07:00:00,68.9333333333333,281.85,33.2496024554636,2.18955247188216
2023-06-29 08:00:00,66.1833333333333,282.883333333333,43.6789974709748,0.941687911688829
2023-06-29 09:00:00,63.25,284.0,57.0825486249985,0.698001856911409
2023-06-29 10:00:00,63.0666666666667,284.65,34.2914970809537,0.828411333232597
2023-06-29 11:00:00,63.5,285.266666666667,314.884656700903,1.50034253074748
2023-06-29 12:00:00,61.2166666666667,285.6,326.437203466387,3.70467268572172
2023-06-29 13:00:00,55.6166666666667,286.95,353.376624899463,3.93850662103271
2023-06-29 14:00:00,54.4333333333333,287.516666666667,340.036829517403,3.9588424988553
2023-06-29 15:00:00,57.6,287.0,320.323327406122,4.61001315422607
2023-06-29 16:00:00,57.95,287.65,328.394804006124,4.52262372009618
2023-06-29 17:00:00,64.9166666666667,286.866666666667,335.072955940844,3.89581940110789
2023-06-29 18:00:00,70.4833333333333,285.633333333333,345.601306966331,3.18558488543458
2023-06-29 19:00:00,78.4833333333333,284.566666666667,330.067859510306,2.34251261852582
2023-06-29 20:00:00,93.5333333333333,282.8,354.17228514559,3.43981435495442
2023-06-29 21:00:00,98.9166666666667,281.75,336.165564823989,3.67570081729459
2023-06-29 22:00:00,100.4,280.783333333333,11.5205025484628,3.33649496793068
2023-06-29 23:00:00,99.3166666666667,280.366666666667,50.9728920273658,1.21057137781239
2023-06-30 00:00:00,93.3166666666667,280.95,45.4325893526569,1.56393661727839
2023-06-30 01:00:00,88.95,281.2,40.0229686186052,0.637219945143236
2023-06-30 02:00:00,87.0666666666667,281.35,89.3304531000213,0.764074142138739
2023-06-30 03:00:00,94.4333333333333,280.7,31.0241514398483,0.68008768872632
2023-06-30 04:00:00,98.6166666666667,280.266666666667,93.0159287565709,0.481829915267428
2023-06-30 05:00:00,98.25,280.233333333333,61.8521407131854,1.15966619354767
2023-06-30 06:00:00,97.5833333333333,280.266666666667,121.543345569775,0.329245767617805
2023-06-30 07:00:00,97.2,280.9,357.982053259627,0.226526895555882
2023-06-30 08:00:00,93.3833333333333,281.333333333333,7.38550431530234,1.41502372015932
2023-06-30 09:00:00,91.3,281.566666666667,358.249685888728,0.692308588786378
2023-06-30 10:00:00,91.1166666666667,282.266666666667,351.408726196795,0.958347379671594
2023-06-30 11:00:00,90.9833333333333,282.3,308.643352151809,0.788074221287849
2023-06-30 12:00:00,93.55,281.733333333333,322.073120515098,1.01955268660267
2023-06-30 13:00:00,100.4,280.333333333333,20.7573129150992,0.858825104521522
2023-06-30 14:00:00,98.4833333333333,281.566666666667,204.052646630603,0.404225855989329
2023-06-30 15:00:00,100.35,281.6,358.318048204101,1.10048261175437
2023-06-30 16:00:00,93.3666666666667,280.966666666667,66.9293748745315,1.61235102528133
2023-06-30 17:00:00,98.3,280.733333333333,331.014212889948,1.14109650571343
2023-06-30 18:00:00,100.4,280.383333333333,320.880640614834,0.252038154339071
2023-06-30 19:00:00,100.4,280.15,331.41378525053,1.40136665054292
2023-06-30 20:00:00,100.4,279.566666666667,347.293448910331,3.32075437541962
2023-06-30 21:00:00,100.4,279.333333333333,338.472058794004,3.02943301123766
