date,rel_hum,temp,wind_dir,wind_speed
2022-10-01 00:00:00,100.0,268.95,106.037727065745,4.19142485583302
2022-10-01 01:00:00,100.0,269.116666666667,93.1716613666598,2.19947237892357
2022-10-01 02:00:00,100.0,269.016666666667,90.2608608743182,2.43542370452313
2022-10-01 03:00:00,100.0,268.866666666667,94.3288584431626,2.94849481199591
2022-10-01 04:00:00,99.95,268.333333333333,88.1378182448492,2.81102586658204
2022-10-01 05:00:00,99.9,268.0,104.967553664108,2.7588099309367
2022-10-01 06:00:00,99.7166666666667,267.783333333333,111.48912041813,3.68780259742686
2022-10-01 07:00:00,95.7166666666667,268.0,104.456786641798,3.50571171074964
2022-10-01 08:00:00,93.7333333333333,268.016666666667,119.636614567578,3.87511843731621
2022-10-01 09:00:00,84.15,268.333333333333,106.559996736684,2.92797335459281
2022-10-01 10:00:00,73.0333333333334,268.916666666667,114.913726235861,3.47405686106799
2022-10-01 11:00:00,61.9,269.283333333333,111.71492222314,4.14798531673893
2022-10-01 12:00:00,87.85,269.566666666667,112.728240214179,3.51435985238738
2022-10-01 13:00:00,99.7333333333333,270.416666666667,121.499459772883,4.55374949932792
2022-10-01 14:00:00,99.9166666666667,270.4,112.672467861932,5.3029055283823
2022-10-01 15:00:00,99.9166666666667,270.383333333333,116.601646012529,4.11138342518976
2022-10-01 16:00:00,100.0,270.333333333333,116.909253108033,3.4680904835543
2022-10-01 17:00:00,100.0,270.25,115.732903113065,3.74301495062455
2022-10-01 18:00:00,100.0,270.033333333333,121.233365378342,3.95948300259791
2022-10-01 19:00:00,100.0,269.75,120.097290713929,3.84004129457729
2022-10-01 20:00:00,100.0,269.7,121.723925243703,3.91255485435753
2022-10-01 21:00:00,100.0,269.766666666667,114.767483773171,3.68995751232039
2022-10-01 22:00:00,100.0,269.866666666667,111.069358846487,2.10887446903895
2022-10-01 23:00:00,100.0,270.033333333333,115.28829964319,3.64915535967766
2022-10-02 00:00:00,100.0,269.683333333333,89.7555827231385,1.37725153343641
2022-10-02 01:00:00,100.0,269.5,116.366394674695,4.46745595112994
2022-10-02 02:00:00,100.0,270.066666666667,130.716410036672,5.997450138077
2022-10-02 03:00:00,100.0,270.35,124.310104611921,5.51344723907191
2022-10-02 04:00:00,100.0,270.6,120.340587914189,6.44463504539011
2022-10-02 05:00:00,100.0,270.8,118.153226883841,6.215107792805
2022-10-02 06:00:00,100.0,270.916666666667,115.531267688476,5.92214743730274
2022-10-02 07:00:00,100.0,271.1,106.3079292673,5.81350005656976
2022-10-02 08:00:00,100.0,271.35,106.233007443271,5.38315997341755
2022-10-02 09:00:00,100.0,271.416666666667,100.134265166213,5.67193367630077
2022-10-02 10:00:00,100.0,271.633333333333,95.2618809570882,4.72102899113888
2022-10-02 11:00:00,100.0,272.233333333333,91.377005141955,5.0269468744676
2022-10-02 12:00:00,100.0,272.383333333333,93.7552632391554,5.43104730603015
2022-10-02 13:00:00,100.0,272.5,93.2105231148202,4.64723238886125
2022-10-02 14:00:00,100.0,272.666666666667,98.012737852592,5.23796007457602
2022-10-02 15:00:00,100.0,272.166666666667,100.313708835176,5.46187678706214
2022-10-02 16:00:00,100.0,272.033333333333,100.556946492897,4.84005904125194
2022-10-02 17:00:00,100.0,271.666666666667,102.982513544794,4.79424362226699
2022-10-02 18:00:00,100.0,270.933333333333,112.118651877594,4.15673835054826
2022-10-02 19:00:00,100.0,270.433333333333,108.386877508584,3.89135388730121
2022-10-02 20:00:00,100.0,270.266666666667,117.958823785314,5.56181297021476
2022-10-02 21:00:00,100.0,270.283333333333,126.151740278462,5.92222897860313
2022-10-02 22:00:00,100.0,269.766666666667,130.44818713919,5.27731203279718
2022-10-02 23:00:00,100.0,269.383333333333,129.056834546443,4.47567347262558
2022-10-03 00:00:00,100.0,269.516666666667,121.303134468471,4.17960719392148
2022-10-03 01:00:00,100.0,269.783333333333,118.572802197658,4.23542494803675
2022-10-03 02:00:00,100.0,269.733333333333,106.532858403869,2.09825527473962
2022-10-03 03:00:00,100.0,269.883333333333,103.799709238458,2.15049540599747
2022-10-03 04:00:00,100.0,269.633333333333,112.172102133747,2.70510002010241
2022-10-03 05:00:00,100.0,269.283333333333,100.985027231602,2.23271692222216
2022-10-03 06:00:00,100.0,269.1,66.3076105168992,1.2900777632375
2022-10-03 07:00:00,100.0,268.816666666667,117.342880635184,3.52424973445584
2022-10-03 08:00:00,100.0,268.6,37.3233317706564,0.558157988217402
2022-10-03 09:00:00,99.95,267.716666666667,337.875614110413,2.53312752327683
2022-10-03 10:00:00,99.9333333333333,268.066666666667,14.0404558863674,1.53393342144398
2022-10-03 11:00:00,100.0,268.85,98.7769182456385,2.12694945128005
2022-10-03 12:00:00,100.0,269.316666666667,100.264684848419,2.4381883895146
2022-10-03 13:00:00,100.0,269.766666666667,89.2063753510436,1.63473220290125
2022-10-03 14:00:00,100.0,270.083333333333,99.8131178641634,2.83845200686241
2022-10-03 15:00:00,100.0,270.166666666667,109.305209002091,3.26967756033051
2022-10-03 16:00:00,100.0,270.35,110.871384465819,3.46678149779553
2022-10-03 17:00:00,100.0,270.3,116.338725147168,3.02653053530831
2022-10-03 18:00:00,100.0,269.566666666667,109.343123517035,2.63910368843788
2022-10-03 19:00:00,99.9666666666667,268.333333333333,5.28604017945145,1.48074722693673
2022-10-03 20:00:00,99.9,267.733333333333,25.8115070934704,1.12964447570846
2022-10-03 21:00:00,99.9,267.45,13.3301784184105,1.41976036759476
2022-10-03 22:00:00,99.9,267.35,10.4714346380111,2.07618903110834
2022-10-03 23:00:00,99.8166666666667,267.5,352.033444255275,2.93982431823951
2022-10-04 00:00:00,97.55,267.75,1.71321134705426,1.69343743983454
2022-10-04 01:00:00,93.4666666666667,267.883333333333,76.5896174490731,2.24935692905547
2022-10-04 02:00:00,84.7166666666667,268.083333333333,102.924045656778,2.82091614137192
2022-10-04 03:00:00,75.5,268.416666666667,117.008072094711,2.63509173513258
2022-10-04 04:00:00,67.9666666666667,268.733333333333,112.045499587889,2.88092933307268
2022-10-04 05:00:00,53.6166666666667,269.683333333333,115.830117375717,2.75980638989718
2022-10-04 06:00:00,44.4333333333333,270.333333333333,105.482416609943,2.55208948739703
2022-10-04 07:00:00,42.1166666666667,270.75,107.345748298664,2.79482318739533
2022-10-04 08:00:00,38.2333333333333,271.566666666667,103.708050589771,2.46599322121406
2022-10-04 09:00:00,37.0166666666667,272.183333333333,103.354118290055,1.88878784455179
2022-10-04 10:00:00,35.9333333333333,272.783333333333,105.563024348223,2.45520044497564
2022-10-04 11:00:00,36.1166666666667,273.383333333333,104.106124587585,2.42267518262256
2022-10-04 12:00:00,36.1833333333333,273.95,98.1620859384325,2.46765436871091
2022-10-04 13:00:00,37.1333333333333,274.316666666667,93.9021193052372,2.19247132941667
2022-10-04 14:00:00,37.3666666666667,274.616666666667,108.69305906931,3.35778659826353
2022-10-04 15:00:00,36.6333333333333,275.083333333333,115.172257525031,3.30421414935478
2022-10-04 16:00:00,38.6666666666667,275.183333333333,111.652140145747,3.19830568975743
2022-10-04 17:00:00,39.35,275.3,118.349995073284,2.80046865954975
2022-10-04 18:00:00,39.0,274.633333333333,120.101261484253,3.57635841621236
2022-10-04 19:00:00,38.35,273.95,110.008001028633,3.78062058001922
2022-10-04 20:00:00,39.85,273.866666666667,86.6874807471394,2.29665600160059
2022-10-04 21:00:00,47.8333333333333,274.066666666667,58.717715735081,1.94004308258445
2022-10-04 22:00:00,57.15,274.2,78.9894699148976,1.66116546644149
2022-10-04 23:00:00,64.0666666666667,274.466666666667,45.253305970272,1.09015736547331
2022-10-05 00:00:00,65.35,274.766666666667,7.41037459351168,2.13173066938694
2022-10-05 01:00:00,65.4166666666667,274.55,24.6694811205429,1.338585200376
2022-10-05 02:00:00,65.35,274.7,36.5272368151422,1.71656044231877
2022-10-05 03:00:00,64.7333333333333,274.85,28.8056628479488,2.04010343484181
2022-10-05 04:00:00,55.5,276.533333333333,336.702267049727,3.41924971994939
2022-10-05 05:00:00,58.9333333333333,276.483333333333,0.105395035900472,2.02477616669943
2022-10-05 06:00:00,55.45,277.033333333333,57.3289887014706,2.24078390619722
2022-10-05 07:00:00,55.2333333333333,276.983333333333,80.9594217205822,2.97485720708487
2022-10-05 08:00:00,52.3333333333333,277.7,84.7052026609316,3.20342690140337
2022-10-05 09:00:00,51.3,278.133333333333,82.7860090611639,2.99928819263094
2022-10-05 10:00:00,49.7,278.883333333333,85.8852321149675,2.52079142913787
2022-10-05 11:00:00,46.2166666666667,279.783333333333,85.3914542448264,2.25066206922242
2022-10-05 12:00:00,46.35,280.666666666667,105.195351066936,1.28699250555434
2022-10-05 13:00:00,44.2333333333333,281.216666666667,100.012981471868,1.70340303476036
2022-10-05 14:00:00,44.6,281.566666666667,103.737122612313,1.81742986983036
2022-10-05 15:00:00,45.4333333333333,281.516666666667,101.949741236194,1.89245671118211
2022-10-05 16:00:00,46.9833333333333,281.166666666667,99.7894791209732,1.42439645695734
2022-10-05 17:00:00,45.9833333333333,280.583333333333,99.0956018247924,2.2679952676378
2022-10-05 18:00:00,45.3166666666667,279.75,99.1863397779341,1.59161374086565
2022-10-05 19:00:00,45.7166666666667,278.833333333333,96.2973705861706,1.94122319718026
2022-10-05 20:00:00,44.35,278.55,94.331676256144,2.56942944087601
2022-10-05 21:00:00,40.6833333333333,278.5,86.2959721036456,3.14740963143989
2022-10-05 22:00:00,40.25,278.133333333333,90.9977143753065,2.61181385784723
2022-10-05 23:00:00,38.1333333333333,277.816666666667,86.0025910545923,2.83980638339984
2022-10-06 00:00:00,38.9,277.15,77.6496146066832,1.87570656450286
2022-10-06 01:00:00,39.9,276.65,5.94628196143174,1.72467988034401
2022-10-06 02:00:00,43.9333333333333,276.35,303.179415489583,2.31674562783389
2022-10-06 03:00:00,47.2666666666667,275.783333333333,294.218447031569,2.16616349369142
2022-10-06 04:00:00,60.4333333333333,274.1,277.392497451965,3.1545975747978
2022-10-06 05:00:00,55.1166666666667,274.416666666667,278.475277422856,2.04277199994376
2022-10-06 06:00:00,57.5,273.733333333333,279.285244225386,3.79442947447367
2022-10-06 07:00:00,50.9,273.683333333333,280.673698606499,3.41368054307842
2022-10-06 08:00:00,54.35,273.916666666667,278.468683347243,2.75525577239536
2022-10-06 09:00:00,46.2666666666667,274.35,266.680799088339,1.11210993837128
2022-10-06 10:00:00,48.8666666666667,276.783333333333,110.562356244618,1.89811919740768
2022-10-06 11:00:00,55.2833333333333,276.316666666667,118.477772224822,2.5549752630386
2022-10-06 12:00:00,64.2,276.433333333333,109.076917694985,3.05865798288739
2022-10-06 13:00:00,62.1666666666667,277.733333333333,110.282449287719,2.48728806183154
2022-10-06 14:00:00,58.6333333333333,278.633333333333,107.842402166322,2.10302339540852
2022-10-06 15:00:00,57.9666666666667,278.583333333333,108.069568946293,2.89660475220213
2022-10-06 16:00:00,58.8166666666667,278.383333333333,110.522397487811,2.96261563687129
2022-10-06 17:00:00,59.7666666666667,277.333333333333,115.347010756799,3.24138345103275
2022-10-06 18:00:00,61.6666666666667,276.3,116.517063336015,3.63822122742589
2022-10-06 19:00:00,68.6,275.216666666667,113.395422765356,4.61322483845087
2022-10-06 20:00:00,72.8333333333333,274.766666666667,118.173562459425,4.778545404307
2022-10-06 21:00:00,69.6166666666667,274.7,119.428529594121,5.04459957759993
2022-10-06 22:00:00,63.0833333333333,274.75,113.307817861881,4.85432157434635
2022-10-06 23:00:00,62.6333333333333,274.333333333333,116.275951987581,4.0946564301721
2022-10-07 00:00:00,44.1,274.983333333333,112.245267928185,4.3610753006904
2022-10-07 01:00:00,27.4,275.933333333333,119.712307735061,3.42337040447245
2022-10-07 02:00:00,27.15,275.933333333333,117.911682827661,2.60493397255397
2022-10-07 03:00:00,30.0833333333333,275.983333333333,112.182127824266,3.15235536344826
2022-10-07 04:00:00,32.45,275.9,123.953964558033,2.72177911975851
2022-10-07 05:00:00,35.5333333333333,276.083333333333,120.325065426921,3.12090171706886
2022-10-07 06:00:00,35.8,276.15,125.802522879382,3.26323420582342
2022-10-07 07:00:00,31.7166666666667,276.466666666667,117.595468512013,3.50408139563585
2022-10-07 08:00:00,27.9833333333333,276.833333333333,105.146247950404,3.87775199629973
2022-10-07 09:00:00,24.4666666666667,277.683333333333,100.878622777369,3.43767247669744
2022-10-07 10:00:00,22.0333333333333,278.7,104.19339093767,3.32843513664803
2022-10-07 11:00:00,26.0166666666667,279.533333333333,111.709859893922,2.84547394099147
2022-10-07 12:00:00,30.7333333333333,280.3,112.631182474296,2.7636631060338
2022-10-07 13:00:00,31.85,280.566666666667,111.04554418308,2.19265909218848
2022-10-07 14:00:00,32.4666666666667,280.65,119.361128677004,2.26685251381408
2022-10-07 15:00:00,34.15,280.566666666667,114.369265484832,2.63655981564612
2022-10-07 16:00:00,37.7166666666667,280.283333333333,116.163948665117,2.57293980296855
2022-10-07 17:00:00,41.35,279.566666666667,112.725113859754,2.83838564119756
2022-10-07 18:00:00,47.2166666666667,278.15,106.539230383195,1.81261796490652
2022-10-07 19:00:00,46.4,277.066666666667,104.054449924049,1.48335707393285
2022-10-07 20:00:00,41.6,276.85,106.887152723899,2.88076456065423
2022-10-07 21:00:00,41.95,276.516666666667,106.186196817254,3.68792292066436
2022-10-07 22:00:00,43.8666666666667,275.95,103.152836741278,3.09864310470362
2022-10-07 23:00:00,45.8,275.6,106.583986534654,3.151482873959
2022-10-08 00:00:00,43.95,275.4,115.152765203252,3.61377931200391
2022-10-08 01:00:00,43.7666666666667,275.166666666667,114.415414886771,2.91799988632226
2022-10-08 02:00:00,45.2833333333333,275.05,124.614468528399,3.08391447127938
2022-10-08 03:00:00,42.25,274.85,131.380772205679,3.12317273595386
2022-10-08 04:00:00,36.5833333333333,274.733333333333,131.493088483354,3.40244344077047
2022-10-08 05:00:00,33.3166666666667,274.366666666667,128.008730777844,2.57810051884099
2022-10-08 06:00:00,36.8,273.783333333333,136.219642816077,2.21532462173426
2022-10-08 07:00:00,44.9833333333333,273.816666666667,120.883925749918,1.54287320538005
2022-10-08 08:00:00,53.75,274.566666666667,116.532909976463,1.91540820522265
2022-10-08 09:00:00,60.1,275.3,106.993785582282,1.92400699966687
2022-10-08 10:00:00,60.2666666666667,276.05,107.661974502487,1.28052671326019
2022-10-08 11:00:00,57.5833333333333,277.033333333333,104.331673570487,1.6628997621491
2022-10-08 12:00:00,61.0166666666667,277.0,111.213488266149,1.70598159266701
2022-10-08 13:00:00,72.8666666666667,276.516666666667,105.033237222923,1.19340229761231
2022-10-08 14:00:00,82.7833333333333,275.316666666667,113.084943771252,1.44155160241159
2022-10-08 15:00:00,91.3833333333333,274.483333333333,113.286777527794,1.6261327161028
2022-10-08 16:00:00,98.4666666666667,273.95,118.471590696054,1.87529783107234
2022-10-08 17:00:00,99.95,273.183333333333,120.829009862138,1.95239690812961
2022-10-08 18:00:00,100.0,272.6,120.439718043537,1.87951661251553
2022-10-08 19:00:00,100.0,272.55,118.229288622352,0.939029080676989
2022-10-08 20:00:00,100.0,272.05,131.107361202037,1.17800461780396
2022-10-08 21:00:00,100.0,271.216666666667,266.810933992184,1.41357881963896
2022-10-08 22:00:00,100.0,271.0,283.40276728928,3.35048175001306
2022-10-08 23:00:00,100.0,270.866666666667,287.176881561645,2.83779330922713
2022-10-09 00:00:00,100.0,270.0,283.816124213743,2.53346262422805
2022-10-09 01:00:00,100.0,270.633333333333,276.394733502749,1.541919930945
2022-10-09 02:00:00,100.0,270.8,231.20547622075,1.72804301318079
2022-10-09 03:00:00,100.0,270.933333333333,195.82864993469,0.76820959832781
2022-10-09 04:00:00,100.0,271.35,129.887462853358,2.33862382580079
2022-10-09 05:00:00,100.0,271.45,124.368117751654,2.43600978827191
2022-10-09 06:00:00,100.0,271.783333333333,124.67595030421,2.27331223387216
2022-10-09 07:00:00,100.0,271.683333333333,133.079995962973,1.16957866071009
2022-10-09 08:00:00,100.0,271.533333333333,129.53730722624,2.04149842111872
2022-10-09 09:00:00,100.0,271.6,134.031128510064,3.48383620796397
2022-10-09 10:00:00,100.0,271.483333333333,142.060185013834,3.65955676513679
2022-10-09 11:00:00,100.0,271.233333333333,137.365674413945,4.27193713355628
2022-10-09 12:00:00,100.0,271.383333333333,125.460669425848,3.2706309548558
2022-10-09 13:00:00,100.0,271.766666666667,121.866909415584,3.31824988629014
2022-10-09 14:00:00,100.0,272.266666666667,105.16381057298,5.27907474687996
2022-10-09 15:00:00,100.0,271.9,111.863782909007,4.59529025569302
2022-10-09 16:00:00,100.0,271.55,120.14413960752,3.77523664218952
2022-10-09 17:00:00,100.0,271.166666666667,124.711779120018,2.15465934160005
2022-10-09 18:00:00,100.0,270.516666666667,117.139336464431,4.53153031382986
2022-10-09 19:00:00,100.0,270.283333333333,126.805561944994,4.88139648777741
2022-10-09 20:00:00,100.0,270.1,123.295307938912,5.74443397094128
2022-10-09 21:00:00,100.0,269.783333333333,129.04950138752,5.57628386207016
2022-10-09 22:00:00,100.0,269.366666666667,131.927162502686,5.69459513234923
2022-10-09 23:00:00,100.0,269.166666666667,127.855966054276,5.0566113930484
2022-10-10 00:00:00,100.0,268.95,126.517757360484,4.59967560911077
2022-10-10 01:00:00,100.0,268.883333333333,122.337715857713,4.6031381082457
2022-10-10 02:00:00,100.0,269.55,104.143495620607,2.49227443113138
2022-10-10 03:00:00,99.9166666666667,269.583333333333,105.189825757165,2.03043632062844
2022-10-10 04:00:00,99.9,269.483333333333,103.056082684741,1.74122734396972
2022-10-10 05:00:00,99.8833333333333,269.583333333333,113.660284202023,1.98198098813268
2022-10-10 06:00:00,99.6333333333333,269.65,102.90797004155,1.95367114717777
2022-10-10 07:00:00,96.2833333333334,269.766666666667,102.125281971404,2.16093438017188
2022-10-10 08:00:00,90.1833333333333,270.2,95.2859406434603,1.87916327625838
2022-10-10 09:00:00,86.45,270.816666666667,99.4166888169427,1.46238827843151
2022-10-10 10:00:00,79.9666666666667,270.833333333333,109.197305356047,1.84510051389068
2022-10-10 11:00:00,78.7333333333333,272.366666666667,103.932274507426,1.09488035916537
2022-10-10 12:00:00,78.7833333333334,273.283333333333,101.326795717396,1.25810934209903
2022-10-10 13:00:00,81.5666666666667,274.066666666667,119.679330570528,1.26545937381083
2022-10-10 14:00:00,81.5,274.3,120.320518220615,1.18945931387059
2022-10-10 15:00:00,81.5666666666667,274.283333333333,117.769142522616,0.844000172630314
2022-10-10 16:00:00,95.9166666666667,273.15,117.05652523643,1.38342716246071
2022-10-10 17:00:00,99.9666666666667,272.45,119.556703123992,1.2702994068033
2022-10-10 18:00:00,100.0,271.716666666667,98.2232751015477,0.628535033256488
2022-10-10 19:00:00,100.0,271.8,106.114118509632,1.05868276610079
2022-10-10 20:00:00,100.0,271.633333333333,80.9108372602879,0.66064386967329
2022-10-10 21:00:00,100.0,271.366666666667,38.2726943896868,0.492577243472422
2022-10-10 22:00:00,100.0,270.866666666667,281.767193863801,1.97796479957566
2022-10-10 23:00:00,100.0,270.916666666667,93.0430961432591,0.835018917927327
2022-10-11 00:00:00,100.0,270.216666666667,115.939782514534,1.2706767645843
2022-10-11 01:00:00,100.0,269.416666666667,337.923706786055,1.66047574721964
2022-10-11 02:00:00,100.0,268.85,61.4293123237925,0.862388776713179
2022-10-11 03:00:00,100.0,268.55,58.2045424757508,0.932982211953138
2022-10-11 04:00:00,97.7833333333334,267.4,316.282292839599,2.44823576862917
2022-10-11 05:00:00,77.1166666666667,268.016666666667,297.238241607202,2.83880785826171
2022-10-11 06:00:00,62.95,269.116666666667,267.208237118605,2.57287135634617
2022-10-11 07:00:00,68.5833333333333,269.633333333333,246.433449317439,3.20716475881765
2022-10-11 08:00:00,75.1,270.566666666667,238.067537844283,2.98571323176202
2022-10-11 09:00:00,67.95,271.566666666667,153.415832996321,1.61140567402087
2022-10-11 10:00:00,71.8,272.033333333333,134.257274552042,1.576691435762
2022-10-11 11:00:00,83.1166666666667,272.166666666667,126.487321838236,1.75246972195338
2022-10-11 12:00:00,79.4333333333333,272.883333333333,123.130200370976,1.31231376670989
2022-10-11 13:00:00,73.2,273.533333333333,119.06532870568,0.85708004784561
2022-10-11 14:00:00,71.8,273.683333333333,116.856656192522,0.628311655473784
2022-10-11 15:00:00,68.35,274.433333333333,119.03959497395,0.760682798459378
2022-10-11 16:00:00,72.6666666666667,273.716666666667,120.440455300881,0.883251185818641
2022-10-11 17:00:00,76.7833333333334,273.066666666667,116.914533222977,1.10552569727379
2022-10-11 18:00:00,82.0666666666667,272.366666666667,107.099380756324,0.624864837614165
2022-10-11 19:00:00,84.8166666666667,271.683333333333,105.154561900963,0.25697051041317
2022-10-11 20:00:00,87.4166666666667,271.25,108.661072533081,1.05307444674687
2022-10-11 21:00:00,89.1333333333333,271.116666666667,98.2215729054324,1.12708191025927
2022-10-11 22:00:00,93.1333333333333,271.216666666667,107.557539255324,1.44873881890075
2022-10-11 23:00:00,97.9833333333333,271.1,121.486940246395,1.25632868583451
2022-10-12 00:00:00,98.1,271.05,125.959774710811,1.84131608178392
2022-10-12 01:00:00,99.6666666666667,270.983333333333,123.87597530064,1.4334508244784
2022-10-12 02:00:00,99.3666666666667,270.9,111.466099807225,1.41562125761087
2022-10-12 03:00:00,99.9,270.683333333333,126.774714474313,1.35815390083827
2022-10-12 04:00:00,99.95,270.65,123.930132410069,1.31962159219596
2022-10-12 05:00:00,100.0,270.533333333333,126.819717734473,1.47803264469534
2022-10-12 06:00:00,100.0,270.45,119.318622418569,1.48628246187453
2022-10-12 07:00:00,100.0,270.3,116.83345203335,1.36526292771425
2022-10-12 08:00:00,100.0,270.3,115.359164648314,1.44989176792305
2022-10-12 09:00:00,95.7,271.583333333333,122.237474854402,1.36778855121179
2022-10-12 10:00:00,85.35,272.1,108.253203103898,1.20340440247767
2022-10-12 11:00:00,87.9,271.966666666667,106.889742996513,1.12183400314965
2022-10-12 12:00:00,88.2166666666667,272.283333333333,113.680398706191,0.93028762092663
2022-10-12 13:00:00,83.1833333333333,273.5,119.974858342958,1.23328572410342
2022-10-12 14:00:00,71.0166666666667,274.333333333333,120.415921229878,0.452379855443033
2022-10-12 15:00:00,87.5666666666667,272.333333333333,332.634969399928,0.231224705409806
2022-10-12 16:00:00,80.5166666666667,272.833333333333,26.1986240631384,0.0900164005073177
2022-10-12 17:00:00,85.5166666666667,271.983333333333,315.421002949741,0.611418653674509
2022-10-12 18:00:00,92.0833333333333,271.333333333333,314.976431066244,0.309379061599397
2022-10-12 19:00:00,99.9,270.516666666667,317.937272582938,0.079990957749475
2022-10-12 20:00:00,99.9,270.383333333333,289.342320471977,0.091649644267578
2022-10-12 21:00:00,99.9,270.7,107.387305561391,0.75201933593194
2022-10-12 22:00:00,99.9833333333333,270.616666666667,103.522111516699,1.36601447440896
2022-10-12 23:00:00,99.9666666666667,270.316666666667,114.730000411044,1.57587534930528
2022-10-13 00:00:00,99.9,270.083333333333,83.3336813257448,1.92463825305836
2022-10-13 01:00:00,84.75,269.9,44.5954878769653,2.0601904831675
2022-10-13 02:00:00,78.7833333333333,269.816666666667,60.838798914864,1.91631271545656
2022-10-13 03:00:00,55.2166666666667,270.083333333333,42.868110011117,1.74628563554815
2022-10-13 04:00:00,41.8166666666667,270.15,23.7079191796348,1.71894055164164
2022-10-13 05:00:00,55.6,269.666666666667,6.29080534061438,2.0380546079792
2022-10-13 06:00:00,40.2166666666667,270.166666666667,337.88251211632,1.49293766905039
2022-10-13 07:00:00,47.45,270.066666666667,345.482144151111,2.3608930021051
2022-10-13 08:00:00,54.3666666666667,271.716666666667,356.618475391367,1.46732430079076
2022-10-13 09:00:00,59.7,272.3,20.8312726327698,0.75757390942596
2022-10-13 10:00:00,53.7666666666667,273.066666666667,118.622698570822,0.819025863697283
2022-10-13 11:00:00,54.9333333333333,272.85,120.076437006878,1.34755799041199
2022-10-13 12:00:00,51.55,274.1,114.267851344138,0.790309795393851
2022-10-13 13:00:00,52.6833333333333,274.2,117.202351010075,1.00507093807583
2022-10-13 14:00:00,56.2,273.6,116.197527163531,1.12994450336334
2022-10-13 15:00:00,64.8333333333333,273.033333333333,116.958918807033,0.440087155764416
2022-10-13 16:00:00,72.1166666666667,272.433333333333,111.001375347129,0.582172220966118
2022-10-13 17:00:00,78.4,271.783333333333,116.660110138909,0.565164856682184
2022-10-13 18:00:00,91.3166666666667,270.966666666667,122.827141637722,0.732564744928512
2022-10-13 19:00:00,97.45,270.8,106.349242334992,0.445547099397322
2022-10-13 20:00:00,99.9,270.383333333333,91.8427138986959,0.418334780299976
2022-10-13 21:00:00,99.9333333333333,270.183333333333,111.482976679656,0.643373016867522
2022-10-13 22:00:00,99.9666666666667,269.966666666667,108.208181362316,1.24406379890287
2022-10-13 23:00:00,99.5,270.116666666667,123.78936676,1.25217159209578
2022-10-14 00:00:00,97.2166666666667,269.683333333333,127.277042668015,1.69508405810212
2022-10-14 01:00:00,99.9833333333333,269.516666666667,140.432842452575,2.1862461254
2022-10-14 02:00:00,100.0,269.45,137.626045581998,2.21158579939966
2022-10-14 03:00:00,100.0,269.516666666667,125.036017228657,2.16630982150986
2022-10-14 04:00:00,100.0,269.45,130.01031470116,2.66388706482291
2022-10-14 05:00:00,100.0,269.316666666667,141.559929688136,1.986654256939
2022-10-14 06:00:00,100.0,269.333333333333,136.209044885099,1.96324514745406
2022-10-14 07:00:00,100.0,269.3,135.897726347573,1.89251742122832
2022-10-14 08:00:00,100.0,269.216666666667,122.943931702406,1.34895433652086
2022-10-14 09:00:00,100.0,269.766666666667,121.204476659607,1.22547681632936
2022-10-14 10:00:00,100.0,270.516666666667,129.891022201595,1.60435144884112
2022-10-14 11:00:00,100.0,270.816666666667,132.42493278528,1.68589599690838
2022-10-14 12:00:00,100.0,271.2,136.976788361854,1.71835563071653
2022-10-14 13:00:00,98.3666666666667,271.716666666667,130.945481332798,1.480495106671
2022-10-14 14:00:00,95.3166666666667,272.033333333333,123.658307277458,1.12137287639643
2022-10-14 15:00:00,99.1666666666667,271.866666666667,126.862713292537,1.25728889301391
2022-10-14 16:00:00,99.9833333333333,271.6,134.098525863618,1.83282051110377
2022-10-14 17:00:00,93.1833333333333,271.05,139.454514931553,1.83079137563862
2022-10-14 18:00:00,90.8,270.833333333333,133.439173405887,1.89197369269431
2022-10-14 19:00:00,84.0166666666667,270.733333333333,140.16400477609,1.86499802970265
2022-10-14 20:00:00,79.25,270.8,136.881098616172,2.80339782164634
2022-10-14 21:00:00,76.65,270.933333333333,135.793856971155,2.1822985371127
2022-10-14 22:00:00,85.6166666666667,270.966666666667,137.499976818988,1.95984032201456
2022-10-14 23:00:00,99.4,270.8,125.876156099995,2.12093732215474
2022-10-15 00:00:00,100.0,271.3,140.128624639577,2.34924115685529
2022-10-15 01:00:00,100.0,271.566666666667,135.410439123914,2.62713149463985
2022-10-15 02:00:00,100.0,272.033333333333,139.381905744163,3.54483196995615
2022-10-15 03:00:00,100.0,272.166666666667,149.685046284136,3.28123183824673
2022-10-15 04:00:00,100.0,272.083333333333,144.625719760375,3.41450918988549
2022-10-15 05:00:00,100.0,271.883333333333,144.402819738738,3.43253475034123
2022-10-15 06:00:00,100.0,271.75,139.325457573742,2.87675976093949
2022-10-15 07:00:00,100.0,271.8,138.478505930545,2.45819499970958
2022-10-15 08:00:00,100.0,271.95,140.478316902145,2.2643437746843
2022-10-15 09:00:00,100.0,272.15,137.724858616893,2.21337799477768
2022-10-15 10:00:00,91.4666666666667,272.616666666667,132.047822853574,3.11566580355157
2022-10-15 11:00:00,67.6,274.866666666667,128.679914226544,2.79263138460246
2022-10-15 12:00:00,57.1833333333333,275.35,129.895496790878,2.78992825598538
2022-10-15 13:00:00,54.9666666666667,276.166666666667,140.170235877528,2.48791018973905
2022-10-15 14:00:00,60.1333333333333,276.666666666667,137.824527812172,2.37740160671618
2022-10-15 15:00:00,70.9166666666667,275.75,132.669415815318,2.13040788314834
2022-10-15 16:00:00,79.7,274.916666666667,131.854954368999,1.75728943387248
2022-10-15 17:00:00,84.7833333333334,274.4,136.097916217948,1.87433357163769
2022-10-15 18:00:00,86.9666666666667,274.033333333333,139.925390576602,2.24252590751677
2022-10-15 19:00:00,90.3333333333333,273.783333333333,135.244665611975,2.60893130157872
2022-10-15 20:00:00,77.25,273.816666666667,139.689237400111,2.50223240548414
2022-10-15 21:00:00,75.4666666666667,273.45,139.78996348451,2.40316216617998
2022-10-15 22:00:00,71.55,273.233333333333,130.633300970087,1.94317510184704
2022-10-15 23:00:00,64.6166666666667,273.283333333333,134.055751429311,1.88859474138568
2022-10-16 00:00:00,55.2166666666667,273.683333333333,132.564664802301,2.02654825702258
2022-10-16 01:00:00,53.3333333333333,273.65,139.742450903904,2.35483542626441
2022-10-16 02:00:00,55.6,273.616666666667,140.873973585034,2.79972622467547
2022-10-16 03:00:00,58.15,273.55,139.354969907142,1.49032681207736
2022-10-16 04:00:00,57.65,273.5,133.773962242249,1.41170342827132
2022-10-16 05:00:00,54.6166666666667,273.55,131.842081093704,1.27983820447192
2022-10-16 06:00:00,58.3333333333333,273.45,131.427294271577,1.11237148455629
2022-10-16 07:00:00,58.9333333333333,273.333333333333,128.731778287287,1.11549487022356
2022-10-16 08:00:00,49.7333333333333,274.9,111.357744646143,0.539562486045772
2022-10-16 09:00:00,47.0833333333333,275.516666666667,55.83908172307,0.391179436341766
2022-10-16 10:00:00,49.4666666666667,276.066666666667,114.511558814223,0.848810050558278
2022-10-16 11:00:00,49.3666666666667,276.583333333333,120.629575787102,1.59521974691463
2022-10-16 12:00:00,47.6333333333333,277.616666666667,124.959017525223,1.46746369654549
2022-10-16 13:00:00,45.95,278.466666666667,126.336284651814,1.401296450386
2022-10-16 14:00:00,48.15,278.733333333333,127.587362040724,1.73626377798033
2022-10-16 15:00:00,51.0166666666667,278.766666666667,136.642016732887,1.80039492051926
2022-10-16 16:00:00,55.9,278.083333333333,132.989550013493,1.8537780020072
2022-10-16 17:00:00,60.2333333333333,277.166666666667,129.16510323651,2.05536178785026
2022-10-16 18:00:00,62.9166666666667,275.15,130.053916440844,2.33967740236481
2022-10-16 19:00:00,64.6,274.783333333333,131.269358148767,2.8363928844715
2022-10-16 20:00:00,53.0833333333333,275.283333333333,129.751411594375,2.9690222581711
2022-10-16 21:00:00,55.45,274.716666666667,132.423547841659,2.47963628334027
2022-10-16 22:00:00,46.2166666666667,275.066666666667,119.446181631332,2.62700276632412
2022-10-16 23:00:00,46.3166666666667,274.833333333333,117.662367911072,2.18903260746151
2022-10-17 00:00:00,39.4833333333333,275.15,110.63246153591,1.86662366350654
2022-10-17 01:00:00,33.65,275.366666666667,113.7078293941,2.31422376504579
2022-10-17 02:00:00,28.5666666666667,275.5,117.776627261084,2.69525359212638
2022-10-17 03:00:00,27.15,275.15,127.439942162256,2.58030710612756
2022-10-17 04:00:00,21.3333333333333,275.533333333333,127.13323474046,4.49283110877449
2022-10-17 05:00:00,20.2,275.75,115.873455668566,6.45601907833708
2022-10-17 06:00:00,18.6666666666667,275.983333333333,122.729455639117,5.88117398472334
2022-10-17 07:00:00,19.45,275.9,132.291261202309,5.07109585715419
2022-10-17 08:00:00,20.3333333333333,276.383333333333,132.90428037303,4.66648934288159
2022-10-17 09:00:00,19.2666666666667,276.9,124.59253969278,5.93303872511688
2022-10-17 10:00:00,21.4,277.65,126.247415487804,4.31203065415103
2022-10-17 11:00:00,23.8166666666667,278.466666666667,125.894736171564,2.8995851968176
2022-10-17 12:00:00,29.9666666666667,279.316666666667,123.655986755836,2.18849079680628
2022-10-17 13:00:00,32.05,280.266666666667,118.69495358053,2.05148723680013
2022-10-17 14:00:00,35.8333333333333,280.75,119.745768905655,1.92626789063877
2022-10-17 15:00:00,42.75,280.116666666667,121.435038359999,2.16422561882762
2022-10-17 16:00:00,43.3833333333333,280.033333333333,122.686115208693,1.94100364185438
2022-10-17 17:00:00,48.3,278.866666666667,119.858776170124,1.40039739297603
2022-10-17 18:00:00,52.85,277.75,115.730065023579,1.04613240661416
2022-10-17 19:00:00,53.8,276.916666666667,116.477707296226,1.71596999465465
2022-10-17 20:00:00,56.2166666666667,276.05,130.247950766971,2.4837154348827
2022-10-17 21:00:00,54.9,275.416666666667,128.062491384093,3.82858211843703
2022-10-17 22:00:00,55.1666666666667,274.383333333333,125.342416008516,2.41547497068321
2022-10-17 23:00:00,54.7166666666667,274.933333333333,113.527116266859,1.73001254896954
2022-10-18 00:00:00,55.2333333333333,274.666666666667,113.747997696994,1.65320661594973
2022-10-18 01:00:00,48.1166666666667,274.933333333333,105.979496531992,2.36695036044279
2022-10-18 02:00:00,36.2333333333333,275.35,100.990252243482,2.44738719077363
2022-10-18 03:00:00,34.2,275.083333333333,99.091704579032,1.81783438914074
2022-10-18 04:00:00,33.7833333333333,274.833333333333,101.184420430591,1.77644231187284
2022-10-18 05:00:00,31.1333333333333,274.733333333333,6.15965851490671,1.22460606961873
2022-10-18 06:00:00,35.75,274.733333333333,342.253813620188,2.35788000155649
2022-10-18 07:00:00,49.25,274.55,344.24429113559,1.99400804671856
2022-10-18 08:00:00,57.4833333333333,274.833333333333,339.079077491892,3.05453895288789
2022-10-18 09:00:00,54.25,275.083333333333,9.38563420787062,0.811745043520806
2022-10-18 10:00:00,55.05,276.083333333333,107.481142121289,1.22473278502321
2022-10-18 11:00:00,58.25,276.7,108.110378789943,1.23682105492665
2022-10-18 12:00:00,57.8,277.85,128.239277420337,1.75412023501019
2022-10-18 13:00:00,53.25,278.783333333333,130.874770108408,1.95613205946532
2022-10-18 14:00:00,58.4666666666667,277.6,132.451431726162,1.35011374525829
2022-10-18 15:00:00,59.0166666666667,277.833333333333,128.366590566666,1.26201598019899
2022-10-18 16:00:00,69.95,276.333333333333,125.319441847699,0.858830304891196
2022-10-18 17:00:00,75.7,275.783333333333,137.13607489912,1.38019696186019
2022-10-18 18:00:00,78.9833333333333,275.15,129.208612988177,1.83065698442564
2022-10-18 19:00:00,90.4666666666667,274.3,136.033127624423,2.02754394851346
2022-10-18 20:00:00,89.6333333333333,274.05,126.318119094981,2.02094635817271
2022-10-18 21:00:00,99.4333333333334,273.15,124.771838318195,1.39832388204007
2022-10-18 22:00:00,99.1166666666667,273.016666666667,125.678398893813,2.54945805185345
2022-10-18 23:00:00,92.8,272.766666666667,125.314331376251,2.11983546480153
2022-10-19 00:00:00,87.3833333333333,272.45,142.28502069266,2.80975456300341
2022-10-19 01:00:00,85.9333333333333,272.15,140.599341027267,2.25851904988083
2022-10-19 02:00:00,89.4833333333333,271.766666666667,130.874853482536,1.78872395380849
2022-10-19 03:00:00,92.8333333333333,271.433333333333,128.42824148512,1.84543685721259
2022-10-19 04:00:00,92.3833333333333,271.316666666667,121.699968359196,2.24465059328638
2022-10-19 05:00:00,95.45,271.116666666667,127.803523298686,2.02207461924296
2022-10-19 06:00:00,92.8666666666667,271.066666666667,89.1963164780744,1.62714889202656
2022-10-19 07:00:00,84.0833333333333,271.383333333333,116.576299101786,1.92856422148128
2022-10-19 08:00:00,70.75,272.416666666667,105.370972947977,1.09341510017659
2022-10-19 09:00:00,61.5166666666667,273.466666666667,118.535029520219,0.943039234930968
2022-10-19 10:00:00,54.1666666666667,274.166666666667,121.434073233541,1.1536280043707
2022-10-19 11:00:00,48.7333333333333,275.2,124.673124359431,1.42051623368143
2022-10-19 12:00:00,43.4166666666667,276.416666666667,126.239893011538,1.51548718956192
2022-10-19 13:00:00,45.0,277.116666666667,132.593813797463,1.25021917059506
2022-10-19 14:00:00,41.4,277.75,137.099704239456,1.51069394882328
2022-10-19 15:00:00,40.35,277.983333333333,139.334967184357,1.51244323618171
2022-10-19 16:00:00,41.1666666666667,277.883333333333,135.114368787328,1.51973589055873
2022-10-19 17:00:00,43.8833333333333,277.083333333333,141.141550435454,1.43737333009053
2022-10-19 18:00:00,46.5833333333333,276.1,140.835685844533,1.71190512128702
2022-10-19 19:00:00,48.6166666666667,275.6,138.227534314686,2.09421556360065
2022-10-19 20:00:00,49.7166666666667,275.333333333333,135.722036274168,2.41333275936567
2022-10-19 21:00:00,49.5666666666667,275.1,132.762758378209,2.25530755842446
2022-10-19 22:00:00,45.0166666666667,275.016666666667,127.088984321544,1.80517435687029
2022-10-19 23:00:00,42.4833333333333,274.95,128.766106648957,1.71085353015497
2022-10-20 00:00:00,34.3166666666667,275.15,132.28708135439,1.7588622168548
2022-10-20 01:00:00,31.9,275.05,114.503430237379,1.15830380973004
2022-10-20 02:00:00,36.0833333333333,274.7,125.308753573782,2.03110475391174
2022-10-20 03:00:00,40.0833333333333,274.5,135.401511791206,2.99243500595325
2022-10-20 04:00:00,43.8,274.216666666667,131.13189999998,2.42131208757443
2022-10-20 05:00:00,48.4333333333333,274.016666666667,129.670217264105,2.54784395853436
2022-10-20 06:00:00,54.05,273.866666666667,131.269620560352,2.57450357646882
2022-10-20 07:00:00,57.4666666666667,273.833333333333,133.260452361998,2.32553024498179
2022-10-20 08:00:00,47.8333333333333,274.816666666667,129.071817103199,1.76018564094758
2022-10-20 09:00:00,38.3166666666667,276.183333333333,125.626185112588,1.96752182947049
2022-10-20 10:00:00,33.6666666666667,277.25,131.357801883719,2.16348824940552
2022-10-20 11:00:00,32.4666666666667,278.5,127.542934200785,1.67118604700129
2022-10-20 12:00:00,31.3666666666667,279.3,125.148414089181,1.7817780438963
2022-10-20 13:00:00,33.7,279.283333333333,123.697950990932,1.28452093961428
2022-10-20 14:00:00,36.8833333333333,279.233333333333,124.872067162899,1.31803519114897
2022-10-20 15:00:00,39.5,278.866666666667,128.39355552778,1.82900406353569
2022-10-20 16:00:00,42.7166666666667,278.2,137.565473488714,1.66712712141983
2022-10-20 17:00:00,61.7333333333334,277.0,138.056440269554,2.48127852904946
2022-10-20 18:00:00,65.5333333333333,276.516666666667,137.284706070111,2.02136137855408
2022-10-20 19:00:00,65.65,276.483333333333,127.184629923426,2.68398288533671
2022-10-20 20:00:00,67.2666666666667,276.15,139.261431015942,4.11558892322443
2022-10-20 21:00:00,70.6,276.0,141.69476768877,6.321863641947
2022-10-20 22:00:00,72.4333333333333,275.733333333333,134.508680505921,5.32461154275704
2022-10-20 23:00:00,74.8666666666667,275.4,141.490970000981,5.24416660165191
2022-10-21 00:00:00,78.1166666666667,274.966666666667,128.529046522969,4.27421095841307
2022-10-21 01:00:00,80.7833333333334,274.666666666667,138.484597242727,5.33348277037932
2022-10-21 02:00:00,84.1666666666667,274.416666666667,140.952702361014,5.20428332798495
2022-10-21 03:00:00,82.0166666666667,274.45,139.809566423636,5.20060449051673
2022-10-21 04:00:00,81.2,274.45,140.414088566196,6.16994050222512
2022-10-21 05:00:00,78.7166666666667,274.683333333333,140.798662887573,5.59093389720392
2022-10-21 06:00:00,81.05,274.583333333333,144.999459020943,6.19102346958629
2022-10-21 07:00:00,80.1833333333333,274.566666666667,140.84123367605,7.90468578063831
2022-10-21 08:00:00,79.3,274.633333333333,140.100633162413,7.81719548915695
2022-10-21 09:00:00,80.5333333333334,274.583333333333,137.952621825211,7.46945149960022
2022-10-21 10:00:00,85.7,274.333333333333,133.538854138295,6.08449195757938
2022-10-21 11:00:00,86.8166666666667,274.333333333333,136.72086559488,7.0303161220957
2022-10-21 12:00:00,86.3666666666667,274.316666666667,141.495203391719,5.9470279512799
2022-10-21 13:00:00,88.3,274.166666666667,142.589022656194,5.91506250346264
2022-10-21 14:00:00,90.4333333333333,273.95,137.651987294528,4.16114755723341
2022-10-21 15:00:00,88.15,274.183333333333,136.912961018217,3.89703969416784
2022-10-21 16:00:00,91.6333333333333,273.983333333333,139.558437955439,3.75937752545639
2022-10-21 17:00:00,97.0333333333333,273.583333333333,134.362793767312,3.28130672448812
2022-10-21 18:00:00,99.8833333333333,273.3,139.214373929517,3.8929125662478
2022-10-21 19:00:00,99.9,273.266666666667,141.2920957944,3.9917429988211
2022-10-21 20:00:00,100.0,272.933333333333,146.653163169081,4.11895770415507
2022-10-21 21:00:00,100.0,272.55,152.676613090344,5.0275555803358
2022-10-21 22:00:00,100.0,272.433333333333,151.965075091938,4.27494958449652
2022-10-21 23:00:00,100.0,272.533333333333,151.558746699445,4.48595839846585
2022-10-22 00:00:00,100.0,272.5,151.762743071317,4.56873540685386
2022-10-22 01:00:00,100.0,272.416666666667,139.034254881229,4.98970575303012
2022-10-22 02:00:00,100.0,272.516666666667,134.717583258853,5.33555305089119
2022-10-22 03:00:00,100.0,272.383333333333,140.816282356051,5.07483233139952
2022-10-22 04:00:00,100.0,272.316666666667,135.501948951912,3.2165658099853
2022-10-22 05:00:00,100.0,271.866666666667,42.8250734929195,0.103504876626246
2022-10-22 06:00:00,100.0,270.866666666667,,0.0
2022-10-22 07:00:00,100.0,270.766666666667,,0.0
2022-10-22 08:00:00,100.0,270.7,,0.0
2022-10-22 09:00:00,100.0,270.883333333333,,0.0
2022-10-22 10:00:00,100.0,271.0,,0.0
2022-10-22 11:00:00,100.0,271.3,,0.0
2022-10-22 12:00:00,100.0,272.033333333333,,0.0
2022-10-22 13:00:00,100.0,271.6,,0.0
2022-10-22 14:00:00,100.0,271.9,,0.0
2022-10-22 15:00:00,100.0,272.1,,0.0
2022-10-22 16:00:00,100.0,271.95,,0.0
2022-10-22 17:00:00,100.0,271.4,,0.0
2022-10-22 18:00:00,100.0,269.933333333333,,0.0
2022-10-22 19:00:00,100.0,268.766666666667,133.993450701404,1.03690411111635
2022-10-22 20:00:00,99.9833333333333,268.466666666667,140.248789236562,2.36902111267359
2022-10-22 21:00:00,99.9,268.233333333333,135.668960753203,1.93545527388436
2022-10-22 22:00:00,99.9,268.283333333333,144.32993863324,1.54153126630338
2022-10-22 23:00:00,98.3,268.65,137.189373798827,2.59649415443033
2022-10-23 00:00:00,90.95,269.183333333333,137.544971304512,2.55034064970351
2022-10-23 01:00:00,87.2666666666667,269.683333333333,119.491512898039,2.73784420190987
2022-10-23 02:00:00,90.4666666666667,270.45,132.213830834031,3.54343000531141
2022-10-23 03:00:00,96.8833333333333,270.8,153.376533621784,2.97619659083833
2022-10-23 04:00:00,95.6833333333333,271.1,151.291899055398,2.79433207564508
2022-10-23 05:00:00,99.2333333333334,271.25,133.114660143018,3.95084238338277
2022-10-23 06:00:00,97.85,271.65,123.740940463489,4.40950105534636
2022-10-23 07:00:00,95.0166666666667,272.016666666667,121.994985399582,5.00167592988139
2022-10-23 08:00:00,89.8166666666667,272.45,129.522002669564,4.77333372074584
2022-10-23 09:00:00,88.2,273.083333333333,124.552884213927,3.6997637252195
2022-10-23 10:00:00,88.1333333333333,273.333333333333,136.4431490172,3.96620615155322
2022-10-23 11:00:00,79.7333333333333,274.283333333333,141.591727189562,4.39653854944134
2022-10-23 12:00:00,78.85,274.716666666667,133.652546786464,4.53218155162097
2022-10-23 13:00:00,82.6166666666667,274.733333333333,134.085823588522,7.45789883985245
2022-10-23 14:00:00,83.3,274.833333333333,117.807995764756,7.20335040164726
2022-10-23 15:00:00,84.5333333333333,274.783333333333,130.789490679005,5.44754932710435
2022-10-23 16:00:00,85.1666666666667,274.666666666667,137.292724631924,4.68321504708403
2022-10-23 17:00:00,84.3,274.566666666667,127.252080879496,2.91955385003737
2022-10-23 18:00:00,86.0666666666667,274.2,133.890338539321,3.25630570523687
2022-10-23 19:00:00,87.1833333333333,274.15,147.687084176588,5.17130019199787
2022-10-23 20:00:00,83.9166666666667,274.15,142.961657429868,7.35506959172835
2022-10-23 21:00:00,84.8,273.983333333333,138.533284842282,7.71561360629627
2022-10-23 22:00:00,82.45,274.133333333333,142.149136855765,7.28741123482698
2022-10-23 23:00:00,82.7666666666667,274.2,140.724672830018,7.93183622861076
2022-10-24 00:00:00,86.7666666666667,273.9,141.037529949215,7.66928099631586
2022-10-24 01:00:00,85.4833333333333,273.95,136.311773161382,7.02108128488193
2022-10-24 02:00:00,88.25,273.8,131.229138269916,5.77004362890232
2022-10-24 03:00:00,95.9166666666667,273.4,136.380724791139,5.3765026757921
2022-10-24 04:00:00,99.25,273.233333333333,136.408089126265,5.02107001939692
2022-10-24 05:00:00,99.9,272.866666666667,143.013839814112,4.72619363234445
2022-10-24 06:00:00,100.0,272.6,138.259950871299,4.79033480034657
2022-10-24 07:00:00,100.0,272.366666666667,141.028192780012,6.0660895367532
2022-10-24 08:00:00,100.0,272.566666666667,138.270733768393,5.87098910894579
2022-10-24 09:00:00,100.0,272.666666666667,127.481683903751,5.9423249026174
2022-10-24 10:00:00,100.0,272.7,122.458677107181,5.03413145750503
2022-10-24 11:00:00,100.0,272.566666666667,122.202539446201,4.23284222488791
2022-10-24 12:00:00,100.0,272.75,119.449697044951,4.64653634918484
2022-10-24 13:00:00,100.0,272.85,119.301812440685,3.71880532959568
2022-10-24 14:00:00,100.0,272.583333333333,123.997510064273,3.68917888050154
2022-10-24 15:00:00,100.0,272.483333333333,127.146186382882,3.33859191979627
2022-10-24 16:00:00,100.0,272.183333333333,130.393139449904,2.36130784133663
2022-10-24 17:00:00,100.0,271.816666666667,127.147628475034,2.64695979908662
2022-10-24 18:00:00,100.0,271.25,89.6589164000167,1.22970532138006
2022-10-24 19:00:00,100.0,270.55,114.815639063691,2.52928185978042
2022-10-24 20:00:00,100.0,270.966666666667,125.407569903203,2.37723769299253
2022-10-24 21:00:00,100.0,271.266666666667,120.030651703287,1.81965780650888
2022-10-24 22:00:00,100.0,271.416666666667,105.399516784966,1.33092287514211
2022-10-24 23:00:00,100.0,271.066666666667,305.677777679841,1.04546552266709
2022-10-25 00:00:00,100.0,270.466666666667,341.603130795137,1.69856019850854
2022-10-25 01:00:00,100.0,270.416666666667,96.4984575722921,1.05530638052773
2022-10-25 02:00:00,100.0,270.316666666667,105.442945579718,1.02131228978761
2022-10-25 03:00:00,100.0,270.283333333333,120.752494014649,1.75841117355226
2022-10-25 04:00:00,100.0,269.85,120.993520806886,1.47453855580678
2022-10-25 05:00:00,100.0,269.5,122.294029241844,1.55800416376713
2022-10-25 06:00:00,100.0,269.3,115.353562262312,1.37411958024054
2022-10-25 07:00:00,100.0,268.95,125.033761813038,1.57526707537531
2022-10-25 08:00:00,100.0,269.7,116.925623971597,2.07062053344879
2022-10-25 09:00:00,100.0,269.616666666667,111.326478299315,2.56673317855201
2022-10-25 10:00:00,100.0,269.616666666667,115.929878560312,2.91493805892474
2022-10-25 11:00:00,100.0,269.6,129.211728785543,3.2219105757926
2022-10-25 12:00:00,99.9166666666667,269.233333333333,122.597383025707,3.58213886632885
2022-10-25 13:00:00,99.9833333333333,269.9,124.551768637651,2.83228785490312
2022-10-25 14:00:00,100.0,270.416666666667,124.781227605734,2.77717493701476
2022-10-25 15:00:00,100.0,271.116666666667,123.554070435791,2.05377141257179
2022-10-25 16:00:00,100.0,271.0,138.332637529717,2.17790902786183
2022-10-25 17:00:00,100.0,270.233333333333,130.26452043625,2.20325807767803
2022-10-25 18:00:00,100.0,269.833333333333,141.017510989995,1.96040999257221
2022-10-25 19:00:00,100.0,270.083333333333,141.248925115821,1.98255411571114
2022-10-25 20:00:00,100.0,270.116666666667,146.841117633644,2.45578047150035
2022-10-25 21:00:00,99.9166666666667,269.75,137.9826076619,2.94858984396117
2022-10-25 22:00:00,99.9,269.8,137.969481593,2.84768588368879
2022-10-25 23:00:00,99.1833333333333,269.983333333333,131.025224771136,2.17057660405952
2022-10-26 00:00:00,93.6166666666667,270.233333333333,136.598680892337,2.15015081676628
2022-10-26 01:00:00,88.0,271.233333333333,140.155814320589,2.80421791557408
2022-10-26 02:00:00,80.0666666666667,272.183333333333,130.980230529403,2.52789916180993
2022-10-26 03:00:00,75.25,272.383333333333,137.875143715943,2.45671139453297
2022-10-26 04:00:00,79.6166666666667,272.35,137.780104845928,2.78854726906905
2022-10-26 05:00:00,79.4,272.5,138.980654370013,3.29265263959107
2022-10-26 06:00:00,82.3,272.416666666667,142.581935013152,2.99658324550267
2022-10-26 07:00:00,82.7,272.333333333333,134.275258988497,2.31656484495225
2022-10-26 08:00:00,86.8666666666667,272.033333333333,134.671732530305,1.91909288771767
2022-10-26 09:00:00,94.0666666666667,271.666666666667,131.193815014148,1.58563928495153
2022-10-26 10:00:00,100.0,271.466666666667,134.392225646439,2.8014778388398
2022-10-26 11:00:00,99.9833333333333,271.716666666667,144.259356819114,3.72679291425857
2022-10-26 12:00:00,99.9166666666667,272.116666666667,141.347801620783,3.10885206320757
2022-10-26 13:00:00,99.9,272.05,139.026097503707,2.67621064269632
2022-10-26 14:00:00,99.9833333333333,271.966666666667,137.02588771195,3.14067213126009
2022-10-26 15:00:00,95.0666666666667,272.333333333333,137.429714433728,2.817227857589
2022-10-26 16:00:00,89.8833333333334,272.533333333333,144.333195976498,2.38366651328057
2022-10-26 17:00:00,88.6166666666667,272.416666666667,136.707140488711,2.28003865921222
2022-10-26 18:00:00,86.9,272.2,143.860962504202,2.08356887569926
2022-10-26 19:00:00,86.05,271.9,144.574631584664,2.25708607813585
2022-10-26 20:00:00,87.3,271.6,143.180343954929,2.4076064199137
2022-10-26 21:00:00,85.8666666666667,271.316666666667,141.137227653616,2.28815698379939
2022-10-26 22:00:00,74.0333333333334,271.35,144.325882456559,2.27922466743773
2022-10-26 23:00:00,63.0,271.3,143.724939457819,2.41936884798719
2022-10-27 00:00:00,44.1166666666667,271.683333333333,144.073320454813,3.07301474301115
2022-10-27 01:00:00,34.8,271.733333333333,131.819253245696,1.81836005167589
2022-10-27 02:00:00,25.0166666666667,272.416666666667,97.1442264169004,2.46959580971127
2022-10-27 03:00:00,22.0333333333333,272.666666666667,121.351801193902,2.48418833389235
2022-10-27 04:00:00,21.7,272.883333333333,127.458383908865,2.20678331723934
2022-10-27 05:00:00,22.4666666666667,272.683333333333,129.620982590377,2.49265019432513
2022-10-27 06:00:00,22.1166666666667,272.583333333333,124.844440114332,2.7400187362449
2022-10-27 07:00:00,24.3333333333333,272.05,135.231808204082,1.89822205971486
2022-10-27 08:00:00,39.6833333333333,272.65,127.020822382986,2.58961147503734
2022-10-27 09:00:00,66.0166666666667,272.95,126.118333537089,2.56316009601042
2022-10-27 10:00:00,73.45,273.916666666667,119.257221102129,1.8439697536623
2022-10-27 11:00:00,71.25,275.05,123.381218748849,2.11755332921292
2022-10-27 12:00:00,66.3833333333334,276.233333333333,131.061458043818,1.34949473588076
2022-10-27 13:00:00,63.8833333333333,276.733333333333,130.015638343081,1.29921399205173
2022-10-27 14:00:00,61.05,277.15,142.171831964975,1.6702572517119
2022-10-27 15:00:00,60.25,276.983333333333,141.450063655359,1.20237199098459
2022-10-27 16:00:00,59.8666666666667,276.783333333333,142.409074530216,1.40431681607056
2022-10-27 17:00:00,59.5666666666667,276.533333333333,135.742437281239,1.59581336020516
2022-10-27 18:00:00,64.7333333333333,275.216666666667,114.837743809109,1.09054763702276
2022-10-27 19:00:00,68.2833333333333,274.6,116.042571693024,1.80742489204369
2022-10-27 20:00:00,69.45,274.45,126.647738923995,2.16326985758696
2022-10-27 21:00:00,70.3166666666667,274.316666666667,132.60289235416,2.20785939443754
2022-10-27 22:00:00,73.1833333333333,274.033333333333,130.640922453619,1.918353393671
2022-10-27 23:00:00,69.6,274.033333333333,126.188860412359,1.69175400562564
2022-10-28 00:00:00,66.1166666666667,274.133333333333,105.738753888035,1.46551732828352
2022-10-28 01:00:00,65.95,274.116666666667,100.593866168555,1.64369476682202
2022-10-28 02:00:00,67.4833333333333,273.933333333333,127.382802794863,2.07236670633745
2022-10-28 03:00:00,67.0166666666667,274.033333333333,123.594137357933,1.51289063583686
2022-10-28 04:00:00,66.1333333333333,274.066666666667,129.1983426158,1.87196883828406
2022-10-28 05:00:00,67.7833333333334,273.95,134.574806563871,1.69618097143358
2022-10-28 06:00:00,69.8333333333333,273.716666666667,135.234211215523,1.47915834339654
2022-10-28 07:00:00,71.9166666666667,273.883333333333,136.692423256289,1.95080311735787
2022-10-28 08:00:00,69.85,274.633333333333,135.372853130285,1.81117581709136
2022-10-28 09:00:00,69.5166666666667,274.933333333333,129.751424226774,1.77522211405061
2022-10-28 10:00:00,64.2666666666667,276.066666666667,126.759667159915,1.51574674419138
2022-10-28 11:00:00,61.4333333333333,277.083333333333,125.420659620109,0.942429767926869
2022-10-28 12:00:00,58.8333333333333,277.966666666667,135.097420612511,1.38763670957747
2022-10-28 13:00:00,57.9833333333333,278.283333333333,139.754442094175,1.34825015722064
2022-10-28 14:00:00,58.3,278.383333333333,141.832701081354,1.56965045482526
2022-10-28 15:00:00,58.8,278.283333333333,139.955256750363,1.25993138876564
2022-10-28 16:00:00,62.0666666666667,277.616666666667,137.025341659218,0.967978225369163
2022-10-28 17:00:00,65.9333333333333,276.65,132.335921527065,0.943292304643972
2022-10-28 18:00:00,67.8333333333333,276.033333333333,126.253442165338,0.97553473059985
2022-10-28 19:00:00,69.2,275.5,12.795119435236,0.372686982576077
2022-10-28 20:00:00,69.8333333333333,275.183333333333,50.5562038159201,0.679897250502672
2022-10-28 21:00:00,69.15,275.15,85.9133081219811,1.14463840712495
2022-10-28 22:00:00,69.1333333333333,275.0,117.405782130565,1.05918180082277
2022-10-28 23:00:00,68.5333333333334,274.983333333333,113.040187850503,1.24927859955134
2022-10-29 00:00:00,69.3833333333333,274.916666666667,126.254305628109,1.64080056545727
2022-10-29 01:00:00,67.0833333333333,274.966666666667,127.709475199428,1.90730062064099
2022-10-29 02:00:00,65.7833333333334,274.983333333333,131.058560167296,1.95679643331427
2022-10-29 03:00:00,65.3833333333333,274.9,111.245094328439,1.22955626005331
2022-10-29 04:00:00,66.5666666666667,274.816666666667,119.662282011372,1.40047282410111
2022-10-29 05:00:00,68.6166666666667,274.683333333333,125.642172876942,1.44305550402105
2022-10-29 06:00:00,69.6833333333333,274.783333333333,90.0329475653496,1.21661998006127
2022-10-29 07:00:00,70.3,274.933333333333,129.790825017424,1.98010679681505
2022-10-29 08:00:00,68.55,275.333333333333,106.487289406128,1.39332096137698
2022-10-29 09:00:00,64.4333333333333,276.433333333333,102.447125601581,1.02005945927195
2022-10-29 10:00:00,60.3,277.466666666667,64.6816573560093,0.147733153978291
2022-10-29 11:00:00,60.8,277.333333333333,296.611680918348,0.224626247832683
2022-10-29 12:00:00,57.7666666666667,277.966666666667,89.6193930449533,0.335292331275987
2022-10-29 13:00:00,53.5166666666667,279.0,105.90142292279,0.901128378942146
2022-10-29 14:00:00,53.05,278.283333333333,329.620622876457,0.0115680504043004
2022-10-29 15:00:00,49.6833333333333,278.483333333333,100.518801554905,0.0588474686673321
2022-10-29 16:00:00,53.8,278.35,96.761012856061,0.309113019799849
2022-10-29 17:00:00,57.1666666666667,277.833333333333,90.2535862530877,1.03817140542089
2022-10-29 18:00:00,59.3833333333333,276.916666666667,90.0449655585682,1.0755260305531
2022-10-29 19:00:00,61.2166666666667,276.683333333333,89.9842300080982,1.58459723806672
2022-10-29 20:00:00,65.0166666666667,276.333333333333,96.1313879752106,1.52784374969442
2022-10-29 21:00:00,68.3,275.983333333333,103.022833345098,2.11330737452673
2022-10-29 22:00:00,68.0166666666667,275.85,100.173941022759,2.93873663208833
2022-10-29 23:00:00,66.55,275.766666666667,108.610122704742,4.33805722144678
2022-10-30 00:00:00,61.3833333333333,275.816666666667,96.7858304471245,3.95639961705692
2022-10-30 01:00:00,58.15,275.75,96.8568943278351,3.58352044495428
2022-10-30 02:00:00,63.1,275.366666666667,92.9484573207367,4.26465679638309
2022-10-30 03:00:00,68.7666666666667,274.9,95.256580756291,3.91845928211687
2022-10-30 04:00:00,65.5,275.0,94.9401495535884,4.74262057412406
2022-10-30 05:00:00,64.8333333333333,274.833333333333,94.746521909912,4.72177236109995
2022-10-30 06:00:00,65.3666666666667,274.633333333333,93.3236987804963,4.23097668411993
2022-10-30 07:00:00,68.5333333333333,274.4,93.1597184984756,4.35339877613042
2022-10-30 08:00:00,68.3166666666667,274.783333333333,102.664544841431,4.28417817204659
2022-10-30 09:00:00,66.6833333333333,275.366666666667,103.13011286942,4.08043711222255
2022-10-30 10:00:00,63.65,275.966666666667,108.183392836783,3.00476453228388
2022-10-30 11:00:00,57.5833333333333,277.1,95.6418119374084,2.36569168721635
2022-10-30 12:00:00,53.1833333333333,278.016666666667,93.9062808052114,2.22680412071723
2022-10-30 13:00:00,49.55,278.816666666667,92.2240935640792,2.45003886692485
2022-10-30 14:00:00,47.6833333333333,279.333333333333,94.0724003163838,2.58772849738076
2022-10-30 15:00:00,51.55,279.166666666667,97.2672600411886,2.15592571621543
2022-10-30 16:00:00,58.6833333333333,277.733333333333,91.9844054693975,2.53172523271773
2022-10-30 17:00:00,62.3,276.933333333333,92.6591383107431,2.95379920497668
2022-10-30 18:00:00,68.5,275.533333333333,102.538779602785,3.104797813102
2022-10-30 19:00:00,70.5166666666667,275.2,106.959865593506,3.01488317570865
2022-10-30 20:00:00,72.5666666666667,274.816666666667,98.6271839826751,3.45603120641409
2022-10-30 21:00:00,74.1,274.466666666667,100.147016123828,4.07668496990457
2022-10-30 22:00:00,68.7333333333333,274.416666666667,97.7175292595082,5.64808101880061
2022-10-30 23:00:00,59.55,274.416666666667,104.359343167657,3.89108061198563
2022-10-31 00:00:00,54.95,274.333333333333,99.8201952149271,3.51501068997849
2022-10-31 01:00:00,57.35,274.133333333333,100.057818334402,4.15507098426556
2022-10-31 02:00:00,56.6333333333333,273.933333333333,101.569383908599,4.54619347440879
2022-10-31 03:00:00,54.8166666666667,273.85,100.611610475902,4.76617213637321
2022-10-31 04:00:00,53.9666666666667,273.85,98.7103117952324,4.95980860550803
2022-10-31 05:00:00,51.3166666666667,273.916666666667,96.9340230828564,4.71749801053842
2022-10-31 06:00:00,50.5,273.866666666667,99.830895329919,5.28226039260884
2022-10-31 07:00:00,54.3,273.6,97.1401364429463,4.8927419434656
2022-10-31 08:00:00,58.25,273.7,106.963257324378,3.71466601695286
2022-10-31 09:00:00,60.1166666666667,274.316666666667,102.311371809063,3.02210607490041
2022-10-31 10:00:00,59.7166666666667,274.8,102.953195642921,3.19170329408748
2022-10-31 11:00:00,53.8833333333333,275.533333333333,99.5001712181314,2.6429501803993
2022-10-31 12:00:00,52.8166666666667,276.116666666667,97.7864857990414,2.63155829719203
2022-10-31 13:00:00,52.6333333333333,276.55,100.537984875876,2.81056941869707
2022-10-31 14:00:00,54.3333333333333,276.483333333333,106.311802080147,3.6823493451723
2022-10-31 15:00:00,58.1833333333333,274.933333333333,115.89993681278,4.6896199073049
2022-10-31 16:00:00,61.75,273.866666666667,123.764800886422,6.46468039485121
2022-10-31 17:00:00,61.1833333333333,273.633333333333,128.126836726778,6.86231457926453
2022-10-31 18:00:00,63.7666666666667,273.033333333333,123.811085480373,6.1548015429391
2022-10-31 19:00:00,62.2666666666667,272.816666666667,118.59836092834,5.7115343683603
2022-10-31 20:00:00,59.0166666666667,272.633333333333,111.517339599146,6.25185639129886
2022-10-31 21:00:00,61.0333333333333,272.283333333333,125.122783276262,5.74462808298895
2022-10-31 22:00:00,50.8166666666667,272.55,113.155332426857,4.71168289764635
2022-10-31 23:00:00,45.2,272.466666666667,111.827780311317,5.60824165523087
2022-11-01 00:00:00,37.5666666666667,272.5,111.795464909027,3.8686943079912
2022-11-01 01:00:00,35.95,272.633333333333,108.372803519539,4.8793394576
2022-11-01 02:00:00,40.2,272.416666666667,122.933604194149,4.8236366901701
2022-11-01 03:00:00,47.7333333333333,272.516666666667,127.727195269288,5.4823074330025
2022-11-01 04:00:00,54.1166666666667,272.616666666667,116.781294090435,4.63623154946376
2022-11-01 05:00:00,61.4,272.5,110.145907657829,4.78363254548091
2022-11-01 06:00:00,62.25,272.583333333333,121.744103016492,5.32863574528171
2022-11-01 07:00:00,61.5333333333333,272.616666666667,121.015607926988,4.86194087176442
2022-11-01 08:00:00,60.2,272.75,122.506770858442,4.8198353153621
2022-11-01 09:00:00,59.8666666666667,272.983333333333,117.470499551634,5.25251117361622
2022-11-01 10:00:00,67.3666666666667,272.45,110.941887816945,3.44470171696374
2022-11-01 11:00:00,76.45,271.983333333333,114.530111698082,3.98763471293525
2022-11-01 12:00:00,77.75,272.4,126.334481448367,4.08128989233003
2022-11-01 13:00:00,84.1666666666667,272.033333333333,131.74724262925,4.55988746823024
2022-11-01 14:00:00,87.9,271.85,121.333895922684,4.04007495015877
2022-11-01 15:00:00,92.2,271.816666666667,118.114379040089,3.26554481725661
2022-11-01 16:00:00,98.7666666666667,271.516666666667,122.487522114405,3.46247876495063
2022-11-01 17:00:00,99.3666666666667,271.383333333333,127.993512779559,2.16003286096227
2022-11-01 18:00:00,99.9833333333333,271.133333333333,122.842611719727,1.68816030481241
2022-11-01 19:00:00,100.0,270.966666666667,109.674162220163,1.72292562385878
2022-11-01 20:00:00,100.0,271.016666666667,122.058962082738,1.47048479415778
2022-11-01 21:00:00,100.0,270.816666666667,120.5445985633,1.47468063852775
2022-11-01 22:00:00,100.0,270.366666666667,100.083883833522,1.25614163205907
2022-11-01 23:00:00,99.5,269.366666666667,88.0860172151912,1.85874213643051
2022-11-02 00:00:00,69.8,269.45,106.596891937037,2.25893929437134
2022-11-02 01:00:00,39.7166666666667,270.383333333333,128.021314154228,2.73279903529836
2022-11-02 02:00:00,32.5833333333333,270.333333333333,126.900845794522,2.44991409462099
2022-11-02 03:00:00,30.3166666666667,270.166666666667,130.842131389083,1.9941193327213
2022-11-02 04:00:00,26.1833333333333,270.266666666667,125.500635071316,2.29277548673239
2022-11-02 05:00:00,21.1,270.983333333333,114.676211970222,1.91274984715338
2022-11-02 06:00:00,19.5166666666667,271.366666666667,102.476383824355,2.13511568474656
2022-11-02 07:00:00,23.5833333333333,270.733333333333,121.943640695757,3.21869547541786
2022-11-02 08:00:00,22.95,270.9,131.747153386801,3.57668656457686
2022-11-02 09:00:00,23.0833333333333,272.0,128.799214938478,4.29965152596207
2022-11-02 10:00:00,26.0333333333333,272.883333333333,121.40772900093,3.61402761403627
2022-11-02 11:00:00,32.6333333333333,273.5,110.454065865007,2.35874509393909
2022-11-02 12:00:00,41.75,273.616666666667,115.230358907824,1.31939932382093
2022-11-02 13:00:00,81.9833333333333,272.166666666667,127.826009231358,1.86577804805219
2022-11-02 14:00:00,77.5333333333334,272.416666666667,121.60076361087,1.28028712224094
2022-11-02 15:00:00,81.6666666666667,272.133333333333,123.882915429044,1.08086922180115
2022-11-02 16:00:00,84.8333333333333,271.583333333333,121.043280700003,1.17814819971282
2022-11-02 17:00:00,83.4333333333333,271.1,131.237038606285,1.50443577626091
2022-11-02 18:00:00,85.0666666666667,270.2,118.68586928454,1.33633303906795
2022-11-02 19:00:00,99.95,269.116666666667,129.318376147727,1.84094315993647
2022-11-02 20:00:00,99.7666666666667,268.933333333333,127.893953316268,2.11963073281195
2022-11-02 21:00:00,99.9,268.483333333333,133.254358459822,2.71187186785772
2022-11-02 22:00:00,99.85,268.233333333333,148.581385783744,3.95170295592606
2022-11-02 23:00:00,99.9,268.166666666667,150.287965161485,4.64050458670585
2022-11-03 00:00:00,99.9,268.266666666667,145.072871644853,4.1441573833078
2022-11-03 01:00:00,99.9,268.283333333333,146.364849639539,3.71079730954538
2022-11-03 02:00:00,99.9,267.916666666667,146.64678092623,4.28638794459604
2022-11-03 03:00:00,99.9,267.583333333333,149.404828135546,4.73964832499514
2022-11-03 04:00:00,99.9,267.566666666667,146.650812155469,4.26914246648528
2022-11-03 05:00:00,99.9,267.483333333333,147.089862183491,3.02014328504864
2022-11-03 06:00:00,78.3166666666667,267.716666666667,155.537964957919,3.67910410222084
2022-11-03 07:00:00,68.0333333333334,268.0,154.612220754168,3.70607391965364
2022-11-03 08:00:00,52.45,269.066666666667,150.912523233424,3.46439085268548
2022-11-03 09:00:00,46.1666666666667,269.866666666667,139.852604869063,3.83062603766109
2022-11-03 10:00:00,58.8166666666667,270.35,135.533842854351,3.42112620853583
2022-11-03 11:00:00,77.3666666666667,269.916666666667,134.524296433405,4.36214951938081
2022-11-03 12:00:00,78.45,270.183333333333,141.076362732689,3.68081072680438
2022-11-03 13:00:00,89.8666666666667,269.433333333333,138.665602680527,3.18467314988959
2022-11-03 14:00:00,95.1,269.5,142.954829246034,2.4401565910663
2022-11-03 15:00:00,99.1166666666667,269.25,140.940121291652,2.13739878204682
2022-11-03 16:00:00,98.5833333333333,268.783333333333,146.946173681935,3.21926124238308
2022-11-03 17:00:00,99.9,268.4,149.114528164753,4.65518528616878
2022-11-03 18:00:00,99.9,267.916666666667,150.117571368371,5.02728292262377
2022-11-03 19:00:00,99.9,267.666666666667,152.12201160791,5.90551271714454
2022-11-03 20:00:00,99.9,267.55,151.967185456484,6.38318625489914
2022-11-03 21:00:00,99.9,268.066666666667,150.850531761504,6.25167640971784
2022-11-03 22:00:00,99.9,268.133333333333,140.603267174113,4.82100492748496
2022-11-03 23:00:00,99.9,268.033333333333,139.251310449617,6.44579005462299
2022-11-04 00:00:00,99.9,268.15,132.075828373267,5.77469161563611
2022-11-04 01:00:00,99.9,268.1,138.198663018993,5.36665287914914
2022-11-04 02:00:00,99.9,268.15,133.580481166542,3.72930630764326
2022-11-04 03:00:00,99.9,268.366666666667,131.657506025632,3.2009044101978
2022-11-04 04:00:00,99.9,268.533333333333,131.646801486725,2.64180747449153
2022-11-04 05:00:00,99.9,268.25,141.050545057697,1.68271435355583
2022-11-04 06:00:00,99.5333333333333,265.566666666667,284.929483428705,2.86507166914403
2022-11-04 07:00:00,97.8,264.033333333333,335.022347822833,2.9417862588886
2022-11-04 08:00:00,97.0333333333333,263.6,332.230513789744,2.0162509771868
2022-11-04 09:00:00,96.4833333333333,263.35,327.912808043892,2.07376387388619
2022-11-04 10:00:00,95.6,262.766666666667,318.719014749219,2.33825771388719
2022-11-04 11:00:00,96.3166666666667,263.383333333333,5.19169683591935,0.933227342276173
2022-11-04 12:00:00,98.3666666666667,264.833333333333,73.3979836031803,0.768956507434254
2022-11-04 13:00:00,97.6833333333333,264.283333333333,12.7670951632286,0.719251209061201
2022-11-04 14:00:00,97.9,264.516666666667,357.576083045819,0.616440836910226
2022-11-04 15:00:00,97.0166666666667,263.866666666667,321.94019712352,1.32526692475439
2022-11-04 16:00:00,95.2333333333334,262.616666666667,321.266294488991,1.87578207583111
2022-11-04 17:00:00,94.0333333333333,261.833333333333,314.715796177519,1.9918411168132
2022-11-04 18:00:00,93.15,261.266666666667,313.389304079078,2.16550108820691
2022-11-04 19:00:00,92.9,261.133333333333,344.780585305639,1.41397357368411
2022-11-04 20:00:00,92.7333333333333,261.05,324.247599414355,2.09573423330651
2022-11-04 21:00:00,92.25,260.783333333333,333.27850450998,1.89919479034508
2022-11-04 22:00:00,92.0166666666667,260.583333333333,320.356787382657,1.9707348212647
2022-11-04 23:00:00,91.9166666666667,260.55,324.487649610396,2.08161397850784
2022-11-05 00:00:00,92.0,260.633333333333,311.533060193273,2.25475565724934
2022-11-05 01:00:00,91.9166666666667,260.616666666667,333.857794368403,1.94538100883096
2022-11-05 02:00:00,91.95,260.633333333333,332.02450107214,1.25830079908994
2022-11-05 03:00:00,92.5,261.083333333333,330.363449794341,1.63087981381909
2022-11-05 04:00:00,93.0166666666667,261.483333333333,353.676562941208,0.801029040022975
2022-11-05 05:00:00,93.2833333333333,261.666666666667,355.07821046914,0.9825318229865
2022-11-05 06:00:00,93.6,261.866666666667,347.721590981503,1.40218241820547
2022-11-05 07:00:00,93.5333333333334,261.85,350.772543695263,1.27557615585984
2022-11-05 08:00:00,93.6166666666667,261.9,351.38513504628,1.15314916105682
2022-11-05 09:00:00,94.9166666666667,262.85,330.396373365838,1.07319093154699
2022-11-05 10:00:00,96.05,263.7,323.579065521511,0.644781063150784
2022-11-05 11:00:00,97.6333333333333,264.8,325.70716503969,0.73684433756701
2022-11-05 12:00:00,97.1666666666667,264.35,331.971584835454,0.650703271577959
2022-11-05 13:00:00,97.45,264.6,337.779906773738,0.416756062332593
2022-11-05 14:00:00,97.45,264.55,345.197197894351,0.27732133428392
2022-11-05 15:00:00,97.7166666666667,264.733333333333,15.3435654209451,0.043994991573406
2022-11-05 16:00:00,97.4666666666667,264.5,335.252272901903,0.34302062190727
2022-11-05 17:00:00,95.65,263.1,334.168308052139,0.52942919775085
2022-11-05 18:00:00,94.35,262.15,329.283838521941,0.604539674189307
2022-11-05 19:00:00,93.8666666666667,261.85,,0.0
2022-11-05 20:00:00,93.6,261.733333333333,,0.0
2022-11-05 21:00:00,93.4333333333333,261.65,,0.0
2022-11-05 22:00:00,93.1666666666667,261.5,,0.0
2022-11-05 23:00:00,92.8666666666667,261.3,,0.0
2022-11-06 00:00:00,92.8333333333333,261.25,,0.0
2022-11-06 01:00:00,92.8,261.3,,0.0
2022-11-06 02:00:00,92.4,260.966666666667,,0.0
2022-11-06 03:00:00,92.55,261.133333333333,,0.0
2022-11-06 04:00:00,92.5166666666667,261.133333333333,303.95402402725,1.02097413087379
2022-11-06 05:00:00,92.55,261.183333333333,300.206071587117,2.25653570619032
2022-11-06 06:00:00,92.85,261.5,296.020730077747,3.29232976454329
2022-11-06 07:00:00,93.75,262.283333333333,278.992748933475,2.70300606812984
2022-11-06 08:00:00,96.4,264.366666666667,268.556700326423,1.87102519492553
2022-11-06 09:00:00,97.95,266.033333333333,331.532214385012,2.32366109370248
2022-11-06 10:00:00,99.7,267.566666666667,9.70771097679955,2.65585405230222
2022-11-06 11:00:00,99.9,268.6,54.9601266442128,2.29607461772057
2022-11-06 12:00:00,99.9,269.933333333333,87.3185128962347,1.80592281843355
2022-11-06 13:00:00,99.9,270.166666666667,105.765054635384,2.10416395998415
2022-11-06 14:00:00,99.9,269.516666666667,112.632203157652,2.09593439645729
2022-11-06 15:00:00,99.9,269.6,122.128458330628,2.4578840303026
2022-11-06 16:00:00,99.9,269.683333333333,124.489779065028,2.27529369546923
2022-11-06 17:00:00,99.9,269.316666666667,87.281867207875,1.20819112610377
2022-11-06 18:00:00,99.9,268.95,117.014456507942,1.86323424775122
2022-11-06 19:00:00,99.9,269.0,122.171178323857,1.99063503129218
2022-11-06 20:00:00,99.9,268.733333333333,104.237252877403,0.996385420183729
2022-11-06 21:00:00,99.9,268.733333333333,61.499919413311,1.20851713841729
2022-11-06 22:00:00,99.9,268.516666666667,134.027478385582,2.77659088777016
2022-11-06 23:00:00,99.9,268.45,132.761248841406,2.59449798943837
2022-11-07 00:00:00,99.9,268.55,137.427648582837,2.41767389121776
2022-11-07 01:00:00,99.9,268.7,140.809561756645,2.15327985879982
2022-11-07 02:00:00,99.9,268.083333333333,141.492163186517,2.13239153007637
2022-11-07 03:00:00,99.9,267.633333333333,140.829368925411,1.75222851106896
2022-11-07 04:00:00,99.9,267.216666666667,136.99860322101,1.48912819352888
2022-11-07 05:00:00,99.9,267.0,143.338913604366,2.43720612406331
2022-11-07 06:00:00,99.9,267.266666666667,149.549977820554,2.76405577895025
2022-11-07 07:00:00,99.9,267.0,154.104447296133,2.97171134157101
2022-11-07 08:00:00,97.7166666666667,266.383333333333,152.508248090307,2.81065322831933
2022-11-07 09:00:00,88.3833333333333,267.533333333333,139.356853322603,2.47160766131645
2022-11-07 10:00:00,81.95,268.65,133.667202214564,1.84272850112304
2022-11-07 11:00:00,77.6,269.6,140.71524941484,1.32248729524132
2022-11-07 12:00:00,71.0,270.166666666667,146.16638793411,1.64680361577014
2022-11-07 13:00:00,63.4833333333333,270.3,146.976350005206,2.14397089565874
2022-11-07 14:00:00,56.2166666666667,271.05,147.900759906389,2.19325012537552
2022-11-07 15:00:00,46.0,271.266666666667,149.897479237439,1.98462063045166
2022-11-07 16:00:00,38.4833333333333,271.083333333333,147.727417421243,2.54475127411283
2022-11-07 17:00:00,37.0333333333333,270.233333333333,153.383174107899,2.52970369533871
2022-11-07 18:00:00,35.5333333333333,269.683333333333,150.977668866397,1.9384209166251
2022-11-07 19:00:00,32.8666666666667,269.55,156.256770049543,2.03021293912049
2022-11-07 20:00:00,31.8833333333333,269.566666666667,153.437312623516,1.98029243775859
2022-11-07 21:00:00,30.9833333333333,269.533333333333,152.10834205143,2.4537549844891
2022-11-07 22:00:00,27.3333333333333,269.816666666667,154.209297078415,2.14788614298636
2022-11-07 23:00:00,24.0833333333333,270.2,156.116727465507,3.07823203996208
2022-11-08 00:00:00,24.8666666666667,270.066666666667,154.933846710435,3.94220241814125
2022-11-08 01:00:00,22.5833333333333,270.166666666667,156.891042215947,3.46481704418373
2022-11-08 02:00:00,19.75,270.483333333333,151.997419554579,3.06543247702333
2022-11-08 03:00:00,17.9666666666667,270.733333333333,148.447220110299,3.12316110660603
2022-11-08 04:00:00,19.4166666666667,270.75,145.870544793051,2.8370425490665
2022-11-08 05:00:00,25.4333333333333,271.083333333333,142.048096344149,2.923800676572
2022-11-08 06:00:00,31.75,271.3,135.659279760391,2.99127815809664
2022-11-08 07:00:00,21.7666666666667,271.7,133.362023101983,2.67269874296062
2022-11-08 08:00:00,12.1166666666667,272.366666666667,130.719499619758,2.49522285233187
2022-11-08 09:00:00,10.2833333333333,273.4,126.511457194349,2.66989119794407
2022-11-08 10:00:00,9.18333333333333,274.916666666667,141.444488433074,1.82820411429917
2022-11-08 11:00:00,11.45,274.366666666667,139.500575570557,2.17535742957111
2022-11-08 12:00:00,15.2166666666667,274.883333333333,138.196715042373,2.26180138620985
2022-11-08 13:00:00,16.7,275.283333333333,126.945896415444,1.26462919439042
2022-11-08 14:00:00,19.75,274.933333333333,131.854624004221,1.50152390472881
2022-11-08 15:00:00,20.9333333333333,274.0,131.064620975605,1.97850963564509
2022-11-08 16:00:00,21.4,273.316666666667,128.748667546983,1.74328867718681
2022-11-08 17:00:00,20.5,272.45,130.265349231288,1.75747657811331
2022-11-08 18:00:00,18.9166666666667,271.95,143.561812244069,1.97642130429628
2022-11-08 19:00:00,18.95,271.916666666667,132.925307994381,2.48399586181129
2022-11-08 20:00:00,22.2,271.7,136.047999985608,2.40343753066207
2022-11-08 21:00:00,26.7,271.35,137.177356108336,2.54626181302241
2022-11-08 22:00:00,29.0166666666667,271.15,145.924521774655,1.9803342024363
2022-11-08 23:00:00,40.45,271.0,135.810374302867,2.16969969741447
2022-11-09 00:00:00,47.8166666666667,270.933333333333,140.119887125214,2.23212987192215
2022-11-09 01:00:00,53.2,270.95,129.426348702307,1.80488105852077
2022-11-09 02:00:00,51.7166666666667,271.2,130.629432418255,2.03798360785095
2022-11-09 03:00:00,57.1333333333333,270.566666666667,151.469999258494,2.57538612097302
2022-11-09 04:00:00,57.9,270.666666666667,142.359408352133,1.48667739205455
2022-11-09 05:00:00,62.4833333333334,270.433333333333,154.066406868313,2.53512659161387
2022-11-09 06:00:00,66.3166666666667,270.366666666667,156.069714194375,2.79209470234135
2022-11-09 07:00:00,65.95,270.3,149.123077915136,1.93691076898185
2022-11-09 08:00:00,63.05,270.75,150.883796717869,1.95713523573656
2022-11-09 09:00:00,65.2,271.916666666667,133.551262942305,1.64888724340412
2022-11-09 10:00:00,62.6333333333333,273.016666666667,137.835496848149,1.35216298318145
2022-11-09 11:00:00,62.4166666666667,273.466666666667,127.326172286162,1.45394185244942
2022-11-09 12:00:00,67.6333333333333,272.883333333333,136.015209151921,1.4527575655286
2022-11-09 13:00:00,66.4,273.333333333333,147.798636697904,1.80552895166493
2022-11-09 14:00:00,70.2666666666667,272.75,148.506240649421,1.50841232182221
2022-11-09 15:00:00,74.6,272.3,151.428267868777,1.92794681557858
2022-11-09 16:00:00,77.4833333333334,271.683333333333,154.029777763968,1.97180098830868
2022-11-09 17:00:00,82.0,270.6,145.337273254285,1.66014057300434
2022-11-09 18:00:00,88.4833333333333,269.983333333333,160.435039298033,2.89897117736509
2022-11-09 19:00:00,87.4,269.916666666667,158.97085868952,3.25439218793525
2022-11-09 20:00:00,87.7666666666667,269.95,163.942564694527,3.27782991943494
2022-11-09 21:00:00,92.6333333333333,269.766666666667,156.537993624331,2.18275106221701
2022-11-09 22:00:00,98.0666666666667,269.7,152.491398424776,1.57277788202042
2022-11-09 23:00:00,99.9,269.633333333333,156.20607577818,2.10183318629759
2022-11-10 00:00:00,99.9,269.616666666667,160.544325169091,2.2661596535702
2022-11-10 01:00:00,99.9,269.683333333333,151.363734818831,1.63347956892108
2022-11-10 02:00:00,99.9,269.65,139.109899346534,1.28909726954264
2022-11-10 03:00:00,99.9,268.733333333333,318.110886772021,2.46656805836824
2022-11-10 04:00:00,99.9,268.25,330.56161202219,2.96842919088758
2022-11-10 05:00:00,99.9,267.95,350.75513300797,1.75039165122176
2022-11-10 06:00:00,99.9,267.716666666667,334.954313701861,3.04132036285285
2022-11-10 07:00:00,99.9,267.566666666667,332.257579132214,0.943620510415526
2022-11-10 08:00:00,99.9,267.333333333333,132.061882454956,1.03699012647468
2022-11-10 09:00:00,99.9,267.683333333333,94.6659516412898,0.411743505562325
2022-11-10 10:00:00,99.9,268.216666666667,343.347440508097,2.08451536725296
2022-11-10 11:00:00,99.9,268.6,35.172558102155,0.505071485638813
2022-11-10 12:00:00,99.9,267.933333333333,122.875961558923,1.473276082657
2022-11-10 13:00:00,96.7833333333333,268.383333333333,122.244899564859,1.77588914188631
2022-11-10 14:00:00,90.9666666666667,268.9,110.970473592347,2.02554157480024
2022-11-10 15:00:00,81.5833333333333,269.25,112.200786061106,1.36639719320792
2022-11-10 16:00:00,61.3166666666667,269.333333333333,64.6417669691241,1.64747670670582
2022-11-10 17:00:00,29.05,269.733333333333,358.560304786401,2.03959045086261
2022-11-10 18:00:00,8.3,270.433333333333,312.016484609586,6.25680255957359
2022-11-10 19:00:00,10.9333333333333,270.8,289.907830373787,6.27294532438079
2022-11-10 20:00:00,25.3,270.65,280.059590113266,4.56150454199269
2022-11-10 21:00:00,36.3166666666667,271.233333333333,268.060093267857,3.83015587353997
2022-11-10 22:00:00,36.6333333333333,272.883333333333,254.203518846377,3.28199134172253
2022-11-10 23:00:00,36.5166666666667,273.183333333333,256.334562488096,2.57387560192086
2022-11-11 00:00:00,38.65,273.15,270.268653376482,2.58336749544178
2022-11-11 01:00:00,39.4666666666667,273.033333333333,279.717696069965,2.70371838512191
2022-11-11 02:00:00,40.0333333333333,273.05,279.013975087308,2.22428887646183
2022-11-11 03:00:00,40.6833333333333,273.166666666667,260.879583341492,2.61251672274812
2022-11-11 04:00:00,42.5333333333333,273.233333333333,256.58858405819,3.08320968955343
2022-11-11 05:00:00,40.75,273.583333333333,265.990341062922,2.55578646627256
2022-11-11 06:00:00,42.3666666666667,273.25,279.796109009865,3.15819798502786
2022-11-11 07:00:00,44.5,272.816666666667,280.466786517701,3.47985666595477
2022-11-11 08:00:00,44.2166666666667,273.05,282.894478703705,3.68602121027491
2022-11-11 09:00:00,43.0833333333333,273.2,273.991461861131,3.33765843130084
2022-11-11 10:00:00,42.3666666666667,273.333333333333,274.156406338209,2.84978149128864
2022-11-11 11:00:00,43.5166666666667,273.1,263.767909742326,2.3620477684716
2022-11-11 12:00:00,36.75,273.933333333333,228.211366315144,2.07906255770095
2022-11-11 13:00:00,27.8666666666667,274.75,211.091881694477,3.19173164701401
2022-11-11 14:00:00,30.5666666666667,275.05,157.333937212556,1.56836574660728
2022-11-11 15:00:00,29.9833333333333,274.95,131.773601443653,1.87039988521692
2022-11-11 16:00:00,27.2833333333333,274.633333333333,139.291344332825,1.77189993490978
2022-11-11 17:00:00,25.45,274.1,143.581639259472,2.32804450106212
2022-11-11 18:00:00,23.7166666666667,273.866666666667,139.180943512685,2.66108523368695
2022-11-11 19:00:00,23.75,273.65,142.048100267868,2.53790792738256
2022-11-11 20:00:00,23.5166666666667,273.55,146.278537241731,2.68508423478634
2022-11-11 21:00:00,21.0833333333333,273.833333333333,142.761995890885,2.68642364900741
2022-11-11 22:00:00,21.4166666666667,273.733333333333,139.900562840324,2.91353792513195
2022-11-11 23:00:00,21.5,273.533333333333,146.474172243393,2.61078619104484
2022-11-12 00:00:00,20.7833333333333,273.633333333333,147.06492030947,2.41922332539857
2022-11-12 01:00:00,21.9166666666667,273.533333333333,149.054050830312,2.68559544908007
2022-11-12 02:00:00,22.1333333333333,273.7,148.11897640377,2.47808849535012
2022-11-12 03:00:00,22.3833333333333,273.7,141.570342636283,2.67316365505536
2022-11-12 04:00:00,20.6166666666667,274.133333333333,143.803667808919,2.86518282348832
2022-11-12 05:00:00,15.9166666666667,274.766666666667,141.386357554583,2.57841875435867
2022-11-12 06:00:00,14.55,274.916666666667,142.068592024627,2.59376554682581
2022-11-12 07:00:00,11.05,274.95,148.48326104871,2.45494105813777
2022-11-12 08:00:00,11.0833333333333,274.8,148.355209278003,2.38850710899782
2022-11-12 09:00:00,11.2,275.016666666667,144.778818657373,2.20342704002482
2022-11-12 10:00:00,13.3,275.633333333333,144.733216043778,1.8252974199881
2022-11-12 11:00:00,15.6166666666667,276.05,137.875658009648,1.55419612826752
2022-11-12 12:00:00,15.35,276.733333333333,140.98133458157,1.25252393781239
2022-11-12 13:00:00,15.45,277.516666666667,159.69092540548,0.749870532757926
2022-11-12 14:00:00,14.7666666666667,276.616666666667,219.525695930972,1.3536434668691
2022-11-12 15:00:00,14.0833333333333,276.016666666667,230.995799660016,1.0803525543204
2022-11-12 16:00:00,14.3833333333333,275.766666666667,228.121226229562,1.71913403857687
2022-11-12 17:00:00,12.7833333333333,275.833333333333,234.692096343782,2.98146572962423
2022-11-12 18:00:00,12.9166666666667,275.416666666667,226.62123877377,3.93063660038624
2022-11-12 19:00:00,13.2833333333333,275.216666666667,213.432987900276,4.23751818318336
2022-11-12 20:00:00,14.85,274.766666666667,180.477666842036,3.00589972210326
2022-11-12 21:00:00,17.4833333333333,273.9,142.088227748788,1.00224101563788
2022-11-12 22:00:00,18.2666666666667,273.633333333333,141.086914496681,1.65007151379538
2022-11-12 23:00:00,18.8833333333333,273.366666666667,141.567796228892,1.91626299600658
2022-11-13 00:00:00,19.1833333333333,273.2,144.182634296341,2.12222440366004
2022-11-13 01:00:00,24.35,273.016666666667,146.869840435434,2.4000283041097
2022-11-13 02:00:00,42.1,272.666666666667,146.972647379253,2.31681356330173
2022-11-13 03:00:00,47.3166666666667,272.266666666667,143.350403041541,1.90096275466895
2022-11-13 04:00:00,44.8833333333333,272.25,153.153611984172,2.34939590591091
2022-11-13 05:00:00,53.2666666666667,272.566666666667,165.245923347752,2.42689298075657
2022-11-13 06:00:00,58.1166666666667,272.266666666667,164.852568626306,2.19966149655041
2022-11-13 07:00:00,61.9,271.216666666667,157.465766515212,2.51089916002943
2022-11-13 08:00:00,64.9833333333333,270.516666666667,153.207802154295,2.24866625258249
2022-11-13 09:00:00,49.55,270.933333333333,127.866973115562,0.98005747090196
2022-11-13 10:00:00,42.4,270.85,143.172161553139,2.21691037711104
2022-11-13 11:00:00,50.95,269.983333333333,149.671426488753,2.92590504710792
2022-11-13 12:00:00,55.55,269.85,154.325041059613,2.75000948603777
2022-11-13 13:00:00,38.2,270.933333333333,148.426215950431,2.49333457335163
2022-11-13 14:00:00,42.9166666666667,270.716666666667,147.946130972951,2.85293777545759
2022-11-13 15:00:00,46.3666666666667,270.266666666667,145.823709772641,3.14960544813097
2022-11-13 16:00:00,52.7166666666667,269.933333333333,155.424195955972,3.07704344260328
2022-11-13 17:00:00,62.5,269.1,155.390311245286,3.34445568613074
2022-11-13 18:00:00,67.15,267.966666666667,148.629951121871,2.50936973990866
2022-11-13 19:00:00,68.9333333333333,267.316666666667,151.896625472324,2.38497413432593
2022-11-13 20:00:00,72.3166666666667,266.983333333333,161.010188346087,3.93475621993127
2022-11-13 21:00:00,79.1666666666667,266.85,169.527228548089,2.31967226021515
2022-11-13 22:00:00,81.7833333333334,266.95,159.554257529267,2.63209949159016
2022-11-13 23:00:00,91.1,266.383333333333,166.128999302037,2.3271074670905
2022-11-14 00:00:00,99.7833333333334,265.7,160.755887534758,3.31331484332218
2022-11-14 01:00:00,99.2333333333334,265.833333333333,165.505299959474,1.53827857125987
2022-11-14 02:00:00,99.0,265.816666666667,174.303415045826,2.16015070929974
2022-11-14 03:00:00,98.4833333333333,265.516666666667,168.151391066518,3.30390928225939
2022-11-14 04:00:00,98.15,265.266666666667,173.305950970908,4.90797313523377
2022-11-14 05:00:00,97.7333333333333,264.966666666667,174.44972286333,5.00770827265858
2022-11-14 06:00:00,97.6166666666667,264.933333333333,174.355310592415,4.76822759746046
2022-11-14 07:00:00,97.55,264.883333333333,172.254007791304,3.77447480804702
2022-11-14 08:00:00,97.4666666666667,264.85,178.356466735853,3.81235801545172
2022-11-14 09:00:00,97.4,264.816666666667,173.751795579357,3.71940922752075
2022-11-14 10:00:00,97.2333333333333,264.766666666667,168.79064200436,5.12924501803301
2022-11-14 11:00:00,97.2833333333334,264.916666666667,168.063676408568,5.25154955381542
2022-11-14 12:00:00,97.5333333333334,265.316666666667,163.447535110577,4.45874326523562
2022-11-14 13:00:00,97.65,265.333333333333,156.332255034154,3.94568847752742
2022-11-14 14:00:00,98.0333333333333,265.716666666667,155.970118929364,2.94282352620698
2022-11-14 15:00:00,98.85,266.45,155.568519527678,2.00052702950312
2022-11-14 16:00:00,99.1833333333333,266.616666666667,146.946804775413,2.10460240014548
2022-11-14 17:00:00,98.9,266.166666666667,139.158645009418,1.4865621837229
2022-11-14 18:00:00,98.3333333333333,265.416666666667,122.300586348373,1.45944505644316
2022-11-14 19:00:00,98.2166666666667,265.35,131.024121707279,1.13635079199824
2022-11-14 20:00:00,97.7833333333334,264.966666666667,72.2086081810185,0.543626324733452
2022-11-14 21:00:00,98.1333333333333,265.266666666667,134.411380184219,2.01242287467252
2022-11-14 22:00:00,98.5333333333334,265.666666666667,134.897841933382,2.30455562117292
2022-11-14 23:00:00,98.5,265.583333333333,35.2309000568546,1.05127799166279
2022-11-15 00:00:00,98.75,265.9,333.878525248085,2.04651916673881
2022-11-15 01:00:00,98.25,266.15,316.120699680625,2.71490146430351
2022-11-15 02:00:00,96.4,266.233333333333,296.958681979684,1.73347378168993
2022-11-15 03:00:00,97.5333333333334,265.916666666667,107.357037899508,0.330755418390367
2022-11-15 04:00:00,97.3833333333333,265.9,123.48948391837,2.15555453263436
2022-11-15 05:00:00,96.0833333333334,265.983333333333,125.899780310087,2.11636083447474
2022-11-15 06:00:00,93.7166666666667,265.95,125.037421064076,2.06536572714432
2022-11-15 07:00:00,90.4333333333333,265.783333333333,142.547414320386,1.5461303231095
2022-11-15 08:00:00,88.45,266.016666666667,153.127413709349,2.17650161504143
2022-11-15 09:00:00,85.4666666666667,267.483333333333,138.870792272629,2.13509247567646
2022-11-15 10:00:00,78.8166666666667,268.466666666667,138.90032888607,1.62912062266277
2022-11-15 11:00:00,75.3833333333333,269.383333333333,149.842942723665,2.31218634349632
2022-11-15 12:00:00,76.7833333333334,269.8,138.018646138757,3.20398520176202
2022-11-15 13:00:00,77.1333333333334,270.3,134.274860287927,3.02731341856956
2022-11-15 14:00:00,79.1833333333333,270.25,147.897519459137,2.94779500972111
2022-11-15 15:00:00,81.5166666666667,269.883333333333,151.714795598983,2.67314493045968
2022-11-15 16:00:00,88.9833333333333,269.116666666667,153.654932998601,2.23173970874171
2022-11-15 17:00:00,90.2833333333333,268.733333333333,152.454711017739,1.83082555692087
2022-11-15 18:00:00,93.0833333333333,268.333333333333,142.11806087804,1.9747965163349
2022-11-15 19:00:00,95.3166666666667,267.783333333333,152.125690518159,1.37523077284673
2022-11-15 20:00:00,92.3,267.833333333333,135.33743595066,1.88390968213293
2022-11-15 21:00:00,90.9166666666667,268.1,146.70996401102,2.27582688395912
2022-11-15 22:00:00,86.8333333333333,268.733333333333,141.581562626007,2.46528993555453
2022-11-15 23:00:00,85.45,268.75,132.215352258503,2.13666344566642
2022-11-16 00:00:00,89.1166666666667,268.633333333333,144.343225712539,2.41632749785579
2022-11-16 01:00:00,88.25,268.95,156.108993265112,3.56356182342364
2022-11-16 02:00:00,92.4,268.916666666667,156.706069407568,4.54530577935726
2022-11-16 03:00:00,93.5666666666667,268.85,153.424355439251,2.59383377444116
2022-11-16 04:00:00,98.8,268.85,158.283661482475,2.77716774656124
2022-11-16 05:00:00,99.9,268.883333333333,159.156960490977,2.69178922518272
2022-11-16 06:00:00,99.9,268.766666666667,157.207303448369,2.57302198849391
2022-11-16 07:00:00,99.9,268.666666666667,163.140371949931,2.12686899280007
2022-11-16 08:00:00,99.9,268.6,156.938705300581,2.33336614985479
2022-11-16 09:00:00,99.9,268.583333333333,149.484686305398,1.98252802282065
2022-11-16 10:00:00,99.9,268.65,67.6024211747147,0.287368044506621
2022-11-16 11:00:00,99.9,268.616666666667,337.182426611723,0.219094053292436
2022-11-16 12:00:00,99.8833333333333,267.483333333333,322.958908077773,1.51324625573466
2022-11-16 13:00:00,99.65,267.216666666667,317.916057539319,1.43269775887367
2022-11-16 14:00:00,99.6,266.966666666667,307.135265253697,1.09728629884271
2022-11-16 15:00:00,99.5166666666667,266.516666666667,316.649303747385,1.79014770084293
2022-11-16 16:00:00,99.5666666666667,266.433333333333,357.900975050096,0.733153523168737
2022-11-16 17:00:00,98.75,265.616666666667,50.8865411853689,0.26947473937385
2022-11-16 18:00:00,98.25,265.066666666667,136.929564819445,0.587662148845718
2022-11-16 19:00:00,97.45,264.566666666667,158.739356298282,2.09281656092066
2022-11-16 20:00:00,95.9333333333333,263.45,161.303856336824,2.07148867541361
2022-11-16 21:00:00,95.0833333333333,263.25,157.317064198321,1.9749365734815
2022-11-16 22:00:00,85.7666666666667,263.45,149.090668254355,1.85002038579159
2022-11-16 23:00:00,74.8166666666667,264.133333333333,163.437643263525,2.24506434659625
2022-11-17 00:00:00,73.45,264.55,152.197285981541,2.06970430505576
2022-11-17 01:00:00,60.0166666666667,265.7,158.658873857696,3.31250719294532
2022-11-17 02:00:00,53.7333333333334,266.233333333333,153.141326562808,2.77827915232953
2022-11-17 03:00:00,61.95,266.483333333333,155.970760747042,3.0326043900434
2022-11-17 04:00:00,68.9666666666667,266.783333333333,163.755391630796,3.39069395402057
2022-11-17 05:00:00,71.3666666666667,267.0,163.608738031801,3.80801981387642
2022-11-17 06:00:00,74.0666666666667,267.283333333333,166.577595796833,3.05799646030831
2022-11-17 07:00:00,79.7666666666667,267.75,165.56027114263,4.14517024318806
2022-11-17 08:00:00,79.7833333333334,267.583333333333,158.005458303913,3.35742210924881
2022-11-17 09:00:00,75.2666666666667,267.9,146.155472624916,3.84350527282908
2022-11-17 10:00:00,72.6666666666667,268.466666666667,145.286044322793,3.85387553731911
2022-11-17 11:00:00,66.7666666666667,268.983333333333,161.810270319662,3.3215864062704
2022-11-17 12:00:00,56.6333333333333,269.616666666667,160.650442799908,3.72056648316419
2022-11-17 13:00:00,59.15,269.833333333333,159.539825112216,2.94234887317623
2022-11-17 14:00:00,65.4,269.116666666667,164.610003824556,3.20394013346314
2022-11-17 15:00:00,68.8666666666667,268.633333333333,158.817635564988,3.13216808634091
2022-11-17 16:00:00,70.9333333333333,268.033333333333,161.061057268069,2.83344217974622
2022-11-17 17:00:00,76.3333333333333,266.883333333333,159.465729146044,2.86049621926578
2022-11-17 18:00:00,71.3166666666667,266.516666666667,160.643837536583,3.022325197506
2022-11-17 19:00:00,60.6333333333333,266.616666666667,161.247186245641,3.13518577062902
2022-11-17 20:00:00,56.5833333333333,266.766666666667,160.09199519711,4.03236730176079
2022-11-17 21:00:00,58.6833333333333,266.583333333333,159.154803979455,5.27246521871669
2022-11-17 22:00:00,63.0333333333333,266.166666666667,154.90357193687,4.72134945433922
2022-11-17 23:00:00,73.65,265.466666666667,162.097343171895,3.06431830130143
2022-11-18 00:00:00,83.0,265.4,163.300947667803,5.07855184908629
2022-11-18 01:00:00,83.9,265.45,154.862230222303,4.34741223603687
2022-11-18 02:00:00,85.2333333333333,265.616666666667,159.582485780167,4.06826653107692
2022-11-18 03:00:00,84.5166666666667,265.733333333333,156.359632212566,3.48264926269901
2022-11-18 04:00:00,86.2333333333333,265.85,158.378927327837,4.01667815061021
2022-11-18 05:00:00,91.15,265.733333333333,167.321483169093,3.19147400111784
2022-11-18 06:00:00,97.0166666666667,265.033333333333,174.032211883729,2.32688506552633
2022-11-18 07:00:00,94.8666666666667,263.4,186.514424907308,3.85040588593974
2022-11-18 08:00:00,94.2333333333334,262.916666666667,184.360398646601,3.74217344528828
2022-11-18 09:00:00,93.3166666666667,262.316666666667,178.697679803099,3.44858553978389
2022-11-18 10:00:00,93.0333333333333,262.25,170.481926849204,3.19413990929086
2022-11-18 11:00:00,93.2,262.6,162.639785772337,2.23178515583642
2022-11-18 12:00:00,93.4,262.733333333333,124.135285446706,0.701241478414219
2022-11-18 13:00:00,93.4833333333333,262.783333333333,152.397502313096,0.603424598323618
2022-11-18 14:00:00,93.3666666666667,262.733333333333,161.394260519379,3.23249495859921
2022-11-18 15:00:00,93.45,262.8,176.198271699406,3.64762352089675
2022-11-18 16:00:00,93.3,262.466666666667,182.256555058172,3.41580169765373
2022-11-18 17:00:00,92.9333333333333,262.066666666667,180.342459912691,2.59388385739798
2022-11-18 18:00:00,92.8833333333333,262.033333333333,168.74280340638,2.53105845333858
2022-11-18 19:00:00,92.55,261.75,120.507212688322,0.588111600866546
2022-11-18 20:00:00,92.4666666666667,261.7,146.740542125142,0.900363445289051
2022-11-18 21:00:00,92.2,261.483333333333,163.522991831232,2.8008967208559
2022-11-18 22:00:00,91.8833333333333,261.283333333333,137.532729224594,0.647805548269632
2022-11-18 23:00:00,91.3,260.866666666667,165.284489546742,1.76054443090467
2022-11-19 00:00:00,90.9,260.466666666667,157.610793604394,1.15122732720408
2022-11-19 01:00:00,89.7833333333334,259.6,133.89678350731,0.78835603340899
2022-11-19 02:00:00,89.4,259.266666666667,95.6600018459952,0.604725518963799
2022-11-19 03:00:00,89.3333333333333,259.216666666667,71.4864970811297,0.628671128254626
2022-11-19 04:00:00,88.8833333333333,258.866666666667,136.990635209854,1.2662467590124
2022-11-19 05:00:00,88.8333333333333,258.85,117.371986634373,1.65495276143649
2022-11-19 06:00:00,88.4,258.516666666667,89.9019930951515,1.01663727924202
2022-11-19 07:00:00,88.5833333333333,258.666666666667,96.4299280607934,0.988162869261342
2022-11-19 08:00:00,89.2833333333334,259.316666666667,342.921521350276,1.43630103588619
2022-11-19 09:00:00,91.7166666666667,261.783333333333,119.416344170127,0.58688972854896
2022-11-19 10:00:00,92.5833333333333,262.566666666667,132.211793949309,1.3350455788459
2022-11-19 11:00:00,92.6333333333333,262.716666666667,122.698485882297,1.3060652662597
2022-11-19 12:00:00,92.25,262.483333333333,144.52245082949,1.67159191958078
2022-11-19 13:00:00,92.5,262.683333333333,148.361375650166,1.70024575690521
2022-11-19 14:00:00,92.2333333333333,262.766666666667,148.06848989981,1.98627882775173
2022-11-19 15:00:00,85.0666666666667,262.883333333333,133.95839522092,2.02386053522844
2022-11-19 16:00:00,82.3166666666667,261.45,22.7175864811579,1.10152679588325
2022-11-19 17:00:00,90.1333333333333,260.316666666667,317.5633419627,1.87057601803089
2022-11-19 18:00:00,90.2666666666667,259.766666666667,340.734357464601,2.08491920770593
2022-11-19 19:00:00,91.2666666666667,260.133333333333,350.683855819372,0.597766074958002
2022-11-19 20:00:00,90.9166666666667,260.133333333333,348.723561580253,0.979020642742239
2022-11-19 21:00:00,90.3833333333333,259.983333333333,353.673202688368,1.32354352477442
2022-11-19 22:00:00,89.8833333333333,259.683333333333,346.918601068332,1.50603315912543
2022-11-19 23:00:00,89.6833333333333,259.45,4.27904616199942,0.922778192921658
2022-11-20 00:00:00,89.8333333333333,259.583333333333,105.307668729801,0.392471906562008
2022-11-20 01:00:00,89.15,259.116666666667,90.6808558389711,0.332356245168816
2022-11-20 02:00:00,88.8166666666667,258.9,17.476675980786,1.08378646812277
2022-11-20 03:00:00,89.05,259.05,75.3014009840176,0.544873600070998
2022-11-20 04:00:00,89.1166666666667,259.233333333333,350.768786946714,1.12375070208934
2022-11-20 05:00:00,89.15,259.233333333333,1.01667177298259,1.97673988509929
2022-11-20 06:00:00,89.2,259.3,10.2363542543641,1.00618301900849
2022-11-20 07:00:00,88.9833333333333,259.133333333333,9.64604947361471,1.16111250466567
2022-11-20 08:00:00,88.8333333333334,259.016666666667,97.6303925719893,0.319043545802922
2022-11-20 09:00:00,89.0833333333333,259.333333333333,155.777793157043,1.56128076980807
2022-11-20 10:00:00,89.4833333333333,260.016666666667,154.465965169604,1.66654952553831
2022-11-20 11:00:00,93.0833333333333,263.133333333333,150.368315514921,1.24364286373518
2022-11-20 12:00:00,95.4333333333333,265.866666666667,158.168915565975,1.57403501449007
2022-11-20 13:00:00,91.75,263.933333333333,146.052422848498,2.00583290938834
2022-11-20 14:00:00,90.2833333333333,263.633333333333,163.645853986652,1.6376883496412
2022-11-20 15:00:00,89.6833333333333,262.15,161.627080651968,1.59925041428376
2022-11-20 16:00:00,87.45,261.666666666667,159.551583531678,1.8789408606016
2022-11-20 17:00:00,85.0833333333333,260.783333333333,164.249006536193,2.67718398943263
2022-11-20 18:00:00,74.9666666666667,260.233333333333,161.154523486694,3.29416739454119
2022-11-20 19:00:00,71.5166666666667,259.816666666667,140.262847006051,3.05327945502799
2022-11-20 20:00:00,62.45,259.85,162.820492152951,3.07823613827286
2022-11-20 21:00:00,49.55,260.616666666667,164.332274118265,3.3587674424083
2022-11-20 22:00:00,52.6833333333333,260.6,159.938334171335,3.20709671335586
2022-11-20 23:00:00,69.6666666666667,260.933333333333,167.597253455155,2.55305653494889
2022-11-21 00:00:00,85.35,260.383333333333,166.318509259929,2.95209155099957
2022-11-21 01:00:00,90.1333333333333,260.333333333333,178.050128626604,3.85458657333733
2022-11-21 02:00:00,89.5166666666667,259.783333333333,176.543977895621,4.3065984497138
2022-11-21 03:00:00,89.25,259.533333333333,170.435374459931,3.70589074767299
2022-11-21 04:00:00,88.6166666666667,258.933333333333,165.286249172104,3.08824120875681
2022-11-21 05:00:00,88.6,258.933333333333,172.274624924532,3.52711669467379
2022-11-21 06:00:00,88.7666666666667,259.083333333333,173.544149759484,3.86177308621691
2022-11-21 07:00:00,88.8833333333333,259.183333333333,173.204324750683,3.80629880432869
2022-11-21 08:00:00,89.15,259.433333333333,173.040759346533,4.11139345029506
2022-11-21 09:00:00,88.9166666666667,259.333333333333,171.01893825328,4.77674319751895
2022-11-21 10:00:00,88.8333333333333,259.466666666667,166.722801333191,3.68095518855492
2022-11-21 11:00:00,89.15,260.316666666667,163.835788113748,3.64694218167968
2022-11-21 12:00:00,85.05,261.366666666667,159.090318333138,3.14138784971611
2022-11-21 13:00:00,69.1333333333333,262.283333333333,155.842028251697,4.47677170042408
2022-11-21 14:00:00,59.0,263.583333333333,157.120635983888,4.57534859137398
2022-11-21 15:00:00,61.2666666666667,263.95,156.447061344565,3.6243505478905
2022-11-21 16:00:00,58.35,263.95,159.713525994207,3.51799230465605
2022-11-21 17:00:00,51.4166666666667,263.183333333333,159.414670501173,2.50188546568577
2022-11-21 18:00:00,47.9,263.033333333333,170.943461902515,2.48732316847117
2022-11-21 19:00:00,48.0833333333333,263.2,164.291153029174,4.59372665625851
2022-11-21 20:00:00,56.0333333333333,262.416666666667,171.634419358591,4.18806662149765
2022-11-21 21:00:00,66.35,262.233333333333,171.659391553075,4.27305691775379
2022-11-21 22:00:00,68.15,262.25,169.100777535612,3.98830045928501
2022-11-21 23:00:00,81.9833333333333,262.233333333333,168.300574500093,6.2405698780632
2022-11-22 00:00:00,90.1,262.766666666667,176.258606979361,7.5870851561173
2022-11-22 01:00:00,93.4333333333333,262.816666666667,177.345563064522,7.63863660282814
2022-11-22 02:00:00,93.55,262.866666666667,173.43717384393,4.20106479615536
2022-11-22 03:00:00,93.5,262.75,167.912186780787,4.11634477375977
2022-11-22 04:00:00,93.6333333333333,262.833333333333,170.345407665118,3.73412902146451
2022-11-22 05:00:00,93.8833333333333,263.033333333333,163.611111902326,3.59588530860151
2022-11-22 06:00:00,93.6333333333334,262.816666666667,157.502591092906,1.72334225820473
2022-11-22 07:00:00,93.7333333333333,262.866666666667,155.941489320923,1.3720713153335
2022-11-22 08:00:00,93.4666666666667,262.65,285.537723017786,2.33241479439224
2022-11-22 09:00:00,93.1833333333333,262.466666666667,279.375504407867,3.48446308055684
2022-11-22 10:00:00,91.9666666666667,261.583333333333,278.197895088606,5.35288944781351
2022-11-22 11:00:00,91.0666666666667,260.933333333333,295.703326690077,5.18270258791924
2022-11-22 12:00:00,90.85,260.783333333333,330.130690433203,4.0749663461989
2022-11-22 13:00:00,90.6,260.65,344.436187384971,3.17308024176537
2022-11-22 14:00:00,90.25,260.2,354.69602296485,3.00374961271783
2022-11-22 15:00:00,90.2,260.183333333333,7.61435456820539,2.20514710910408
2022-11-22 16:00:00,89.55,259.6,26.1950001714317,1.72104244970194
2022-11-22 17:00:00,89.1,259.183333333333,3.14237746220999,2.35099468153749
2022-11-22 18:00:00,88.75,258.916666666667,27.0457442832591,2.09641771258662
2022-11-22 19:00:00,88.3833333333333,258.633333333333,15.5469318758256,2.63640862538526
2022-11-22 20:00:00,88.3833333333333,258.65,25.782433986223,1.52992379637286
2022-11-22 21:00:00,88.6666666666667,258.9,12.5790262069066,2.59077770517194
2022-11-22 22:00:00,88.8833333333333,259.083333333333,7.09834265094816,1.89772662884512
2022-11-22 23:00:00,88.95,259.166666666667,357.343979378382,3.05587793730017
2022-11-23 00:00:00,88.9333333333333,259.15,1.60828680631334,3.32584009733362
2022-11-23 01:00:00,89.0,259.216666666667,1.3856098520564,3.14843184058505
2022-11-23 02:00:00,88.9833333333333,259.183333333333,0.51998250371571,1.79749040568544
2022-11-23 03:00:00,88.8833333333333,259.116666666667,1.07462831429507,2.68589324579087
2022-11-23 04:00:00,88.65,258.916666666667,359.33902990601,2.41792904726057
2022-11-23 05:00:00,88.5,258.8,347.793304975713,2.4792209529891
2022-11-23 06:00:00,88.3333333333333,258.666666666667,353.845859702597,1.75989050184572
2022-11-23 07:00:00,87.9333333333333,258.35,308.279629938127,1.58185470362227
2022-11-23 08:00:00,88.1833333333333,258.616666666667,280.721304463325,1.89821942572104
2022-11-23 09:00:00,92.2666666666667,262.316666666667,286.032936676055,3.21960607998893
2022-11-23 10:00:00,94.3666666666667,264.283333333333,301.02274832397,4.14464007148447
2022-11-23 11:00:00,96.6833333333333,266.283333333333,330.975124051287,1.42256560018771
2022-11-23 12:00:00,96.2,265.366666666667,134.092700989632,1.98265590912015
2022-11-23 13:00:00,94.5,263.8,134.121704459759,3.04879107773494
2022-11-23 14:00:00,93.0833333333333,262.633333333333,145.434488831346,2.93663613219259
2022-11-23 15:00:00,92.55,262.283333333333,136.806135960107,2.00475954227359
2022-11-23 16:00:00,91.1833333333334,261.2,156.893933937553,2.46233500974473
2022-11-23 17:00:00,89.5833333333333,259.8,166.847299087315,2.91570590672394
2022-11-23 18:00:00,88.8833333333333,259.05,165.03565257273,1.57681387788254
2022-11-23 19:00:00,91.5833333333333,261.166666666667,171.513111265699,2.51100087728964
2022-11-23 20:00:00,94.6166666666667,263.533333333333,167.194136578273,4.31914848860343
2022-11-23 21:00:00,95.4166666666667,264.1,163.296762179206,4.9757096576952
2022-11-23 22:00:00,94.9833333333333,263.683333333333,170.910865279652,4.47867158370758
2022-11-23 23:00:00,94.2166666666667,263.016666666667,181.673546411499,4.87503098499844
2022-11-24 00:00:00,92.6166666666667,261.75,186.806825482377,4.32809289017469
2022-11-24 01:00:00,91.5,260.9,51.2346656151387,1.31130959938213
2022-11-24 02:00:00,91.1,260.616666666667,23.037828257077,2.80612273747542
2022-11-24 03:00:00,91.6333333333333,261.083333333333,132.127750474187,1.40064741992463
2022-11-24 04:00:00,91.8,261.25,146.263214283836,1.86095106362579
2022-11-24 05:00:00,91.65,261.133333333333,100.139053338148,0.736778948168711
2022-11-24 06:00:00,91.2666666666667,260.816666666667,127.582913276485,0.862910884906768
2022-11-24 07:00:00,91.1333333333333,260.75,144.388915809836,1.55550136809044
2022-11-24 08:00:00,90.85,260.516666666667,139.876891667818,1.25084503216158
2022-11-24 09:00:00,91.4666666666667,261.066666666667,110.014198677901,0.945319251166498
2022-11-24 10:00:00,92.55,262.0,150.45730148754,1.98202527492204
2022-11-24 11:00:00,92.1333333333333,261.633333333333,158.129177181261,2.63896086258206
2022-11-24 12:00:00,92.55,261.933333333333,166.103632079889,2.66988803626117
2022-11-24 13:00:00,93.1833333333333,262.433333333333,152.353343290266,3.12831672344418
2022-11-24 14:00:00,93.0833333333334,262.316666666667,163.800884775731,4.49972542922418
2022-11-24 15:00:00,91.8666666666667,261.35,174.432473839596,4.02754829819536
2022-11-24 16:00:00,91.8,261.316666666667,168.51597384268,2.58828295758867
2022-11-24 17:00:00,90.7166666666667,260.4,166.659064039676,2.56104045074348
2022-11-24 18:00:00,89.8333333333333,259.65,165.087172404043,2.42811836976887
2022-11-24 19:00:00,89.3166666666667,259.216666666667,167.506467183701,4.12867017461538
2022-11-24 20:00:00,89.2833333333334,259.3,171.656125620104,4.59682857540534
2022-11-24 21:00:00,89.3666666666667,259.316666666667,168.168899336346,5.00091259583495
2022-11-24 22:00:00,89.7666666666667,259.75,163.997226078269,3.85017730496927
2022-11-24 23:00:00,90.0833333333334,260.05,154.558686537588,2.67193496478887
2022-11-25 00:00:00,90.0666666666667,260.183333333333,162.027408711402,3.01402816642065
2022-11-25 01:00:00,88.3666666666667,261.233333333333,148.949538098399,3.00608571321535
2022-11-25 02:00:00,83.75,261.966666666667,156.973737874375,3.04127634935745
2022-11-25 03:00:00,80.1333333333333,262.25,151.211372460032,2.65253418438904
2022-11-25 04:00:00,74.6166666666667,262.85,147.196174810329,2.54620835576413
2022-11-25 05:00:00,69.3166666666667,263.15,151.477287481212,2.33138196750209
2022-11-25 06:00:00,69.0666666666667,263.516666666667,149.550639479571,1.70481417463196
2022-11-25 07:00:00,66.8833333333333,263.15,150.057142144699,1.78162758251263
2022-11-25 08:00:00,65.95,262.883333333333,161.653036320557,2.09526308897019
2022-11-25 09:00:00,65.6333333333333,263.483333333333,160.671751396861,2.07751123473265
2022-11-25 10:00:00,67.6666666666667,265.05,150.734150363615,1.29776577696872
2022-11-25 11:00:00,70.4333333333333,265.7,149.038528748381,1.47546354446657
2022-11-25 12:00:00,70.7,266.133333333333,134.592308875838,0.924406621868475
2022-11-25 13:00:00,69.4666666666667,266.266666666667,133.309476337015,0.885487233882455
2022-11-25 14:00:00,59.9333333333333,265.133333333333,128.110547727976,0.838526340098636
2022-11-25 15:00:00,64.8666666666667,265.15,133.927625226643,0.774823375198645
2022-11-25 16:00:00,64.9833333333333,264.65,133.486282990598,1.63037933872703
2022-11-25 17:00:00,73.1,264.15,110.451210263913,1.37322522240514
2022-11-25 18:00:00,73.9833333333333,263.45,129.192879041375,1.31957151589562
2022-11-25 19:00:00,73.45,262.733333333333,139.431060996305,1.95137189356009
2022-11-25 20:00:00,88.8,262.8,151.33162258245,3.27207942723253
2022-11-25 21:00:00,90.4,262.25,133.207148345121,1.05651165959674
2022-11-25 22:00:00,93.7833333333334,261.95,64.3067871868041,0.90546164131395
2022-11-25 23:00:00,93.0833333333333,262.133333333333,79.7700002362117,0.895719672728363
2022-11-26 00:00:00,92.65,262.066666666667,316.988892402901,1.39935743731648
2022-11-26 01:00:00,92.2333333333333,261.766666666667,0.220932900314551,0.7918009424326
2022-11-26 02:00:00,91.4333333333333,261.166666666667,330.512395511411,1.75073730587566
2022-11-26 03:00:00,90.9166666666667,260.766666666667,10.870192117489,0.628777737922328
2022-11-26 04:00:00,90.2,260.183333333333,80.1421807281707,0.460190470987283
2022-11-26 05:00:00,89.8,259.85,81.8290099822576,0.367318267246018
2022-11-26 06:00:00,89.1166666666667,259.283333333333,128.837475063385,0.789727386640001
2022-11-26 07:00:00,88.55,258.783333333333,102.38292602035,0.689713621514853
2022-11-26 08:00:00,88.7833333333334,259.033333333333,37.2323530611949,1.17605315922096
2022-11-26 09:00:00,89.3833333333333,259.666666666667,14.2387813822976,1.10215812749205
2022-11-26 10:00:00,90.9166666666667,261.033333333333,38.8113783578348,0.376772612523712
2022-11-26 11:00:00,91.7833333333333,261.833333333333,352.223384183914,0.904376634780199
2022-11-26 12:00:00,93.9,263.566666666667,37.0777042104543,0.38784166391029
2022-11-26 13:00:00,93.4166666666667,263.466666666667,307.067996009044,1.81713263967481
2022-11-26 14:00:00,90.5666666666667,260.933333333333,300.53077582376,4.83860465827534
2022-11-26 15:00:00,90.1666666666667,260.583333333333,305.47325568559,4.46927029743296
2022-11-26 16:00:00,90.4166666666667,260.45,347.612972365014,1.36824421532211
2022-11-26 17:00:00,89.3833333333333,259.583333333333,313.918415381781,2.02918447389879
2022-11-26 18:00:00,88.4333333333333,258.783333333333,279.912918470169,5.34168369980921
2022-11-26 19:00:00,74.9333333333333,259.1,282.871965610118,5.26269274107188
2022-11-26 20:00:00,34.1166666666667,261.1,273.031781787269,3.96577606199933
2022-11-26 21:00:00,24.1666666666667,261.666666666667,287.143224708491,3.79031196334989
2022-11-26 22:00:00,15.7833333333333,261.916666666667,294.465318508286,3.77140602987151
2022-11-26 23:00:00,12.3166666666667,262.7,278.268490579575,2.83001366941694
2022-11-27 00:00:00,14.5333333333333,263.45,269.745269920449,3.0362194697308
2022-11-27 01:00:00,14.1166666666667,263.533333333333,293.808480345985,3.65328531536881
2022-11-27 02:00:00,13.35,263.483333333333,300.353026042177,4.95639077224965
2022-11-27 03:00:00,13.9333333333333,262.966666666667,344.112164739918,1.68355977688655
2022-11-27 04:00:00,16.7166666666667,262.483333333333,120.423960874381,1.30125008313305
2022-11-27 05:00:00,16.0333333333333,262.75,141.908283877912,1.46243730800856
2022-11-27 06:00:00,14.8166666666667,263.033333333333,131.657219164183,1.75890651048849
2022-11-27 07:00:00,15.3666666666667,263.15,130.924885840717,2.85493482849149
2022-11-27 08:00:00,15.3666666666667,263.35,132.179595736352,2.9558472860058
2022-11-27 09:00:00,14.65,264.35,130.60871718114,3.02667905677768
2022-11-27 10:00:00,14.3666666666667,265.25,114.607411404806,2.09987320132857
2022-11-27 11:00:00,18.4,265.683333333333,127.265561040435,2.28112321749632
2022-11-27 12:00:00,25.1166666666667,266.6,114.287594727188,2.24480687670096
2022-11-27 13:00:00,30.0833333333333,266.783333333333,76.3955751224681,1.14418947264653
2022-11-27 14:00:00,34.1833333333333,266.95,122.646084409713,2.86775941007909
2022-11-27 15:00:00,37.9,267.05,118.486208655098,2.7558060994189
2022-11-27 16:00:00,43.6166666666667,266.633333333333,342.912067283006,2.29045755231074
2022-11-27 17:00:00,47.4333333333333,266.166666666667,45.9098160740443,1.32202598689421
2022-11-27 18:00:00,40.7166666666667,266.066666666667,14.2822361396892,1.04850218386875
2022-11-27 19:00:00,24.5,267.15,326.182810769979,4.02308126634995
2022-11-27 20:00:00,26.7166666666667,266.85,19.8078799656115,1.43172375195944
2022-11-27 21:00:00,26.8333333333333,267.05,131.139569384174,1.41857320163342
2022-11-27 22:00:00,26.4833333333333,267.05,137.402964665264,1.17687965963412
2022-11-27 23:00:00,27.55,267.183333333333,139.2953816992,1.63111786933626
2022-11-28 00:00:00,30.5666666666667,267.166666666667,151.104896376124,2.51017193073274
2022-11-28 01:00:00,36.0833333333333,267.3,150.109887252891,2.96288879518636
2022-11-28 02:00:00,38.3333333333333,267.516666666667,145.124282762918,2.86552619998417
2022-11-28 03:00:00,42.2,266.983333333333,147.387351403435,2.56815322152579
2022-11-28 04:00:00,65.8166666666667,265.983333333333,156.159241129249,2.61955238787638
2022-11-28 05:00:00,84.5166666666667,265.333333333333,149.66965275325,0.491596764231591
2022-11-28 06:00:00,92.4,265.066666666667,330.347608074496,1.69450771770712
2022-11-28 07:00:00,96.3666666666667,264.9,66.8620071052589,0.828514175318752
2022-11-28 08:00:00,96.3833333333334,264.883333333333,119.458772364275,1.38607253684313
2022-11-28 09:00:00,96.0833333333333,264.683333333333,128.810160451177,1.25037556489891
2022-11-28 10:00:00,96.3,265.016666666667,125.136114451429,1.35588190809957
2022-11-28 11:00:00,96.5833333333333,265.45,11.1877796824951,0.884058375485182
2022-11-28 12:00:00,96.8333333333333,265.916666666667,64.284530613669,0.697563634684049
2022-11-28 13:00:00,96.95,265.966666666667,82.4744516277016,0.684795606064669
2022-11-28 14:00:00,96.9666666666667,265.883333333333,83.5103780592399,0.925283429198675
2022-11-28 15:00:00,96.8333333333333,265.483333333333,36.448898671703,0.67051056082492
2022-11-28 16:00:00,96.7666666666667,265.133333333333,330.014421820977,0.562077664956866
2022-11-28 17:00:00,96.5666666666667,264.9,275.365575640647,0.215692885612447
2022-11-28 18:00:00,96.3666666666667,264.533333333333,246.146523078655,1.2652994918869
2022-11-28 19:00:00,96.2166666666667,264.466666666667,214.301981933126,1.36688844497323
2022-11-28 20:00:00,96.1333333333334,264.433333333333,192.039601631256,0.856457855587484
2022-11-28 21:00:00,96.0833333333333,264.383333333333,184.650205172206,0.398084552722216
2022-11-28 22:00:00,95.9166666666667,264.25,255.891360291178,0.351212422753547
2022-11-28 23:00:00,95.6833333333333,264.0,275.308313689402,2.88147658287115
2022-11-29 00:00:00,95.5,263.85,276.571378365008,2.93111767573574
2022-11-29 01:00:00,95.3,263.716666666667,281.03087445816,2.57696806407179
2022-11-29 02:00:00,95.1666666666667,263.6,288.842833251068,2.49834662315674
2022-11-29 03:00:00,95.0166666666667,263.5,293.363501800979,2.09296833823663
2022-11-29 04:00:00,94.9333333333333,263.45,282.139468179066,2.17970677764199
2022-11-29 05:00:00,94.6666666666667,263.2,281.511599831623,1.96409628307378
2022-11-29 06:00:00,94.1666666666667,262.8,276.65615738904,3.29596809061295
2022-11-29 07:00:00,93.8,262.55,275.451116396577,2.62645033690176
2022-11-29 08:00:00,93.55,262.4,274.764685262216,2.16132979685554
2022-11-29 09:00:00,93.4333333333333,262.383333333333,276.592309529088,2.19567183170562
2022-11-29 10:00:00,93.7833333333334,262.716666666667,278.915014059646,1.51114167739885
2022-11-29 11:00:00,94.3,263.233333333333,273.330698097972,1.15754763032135
2022-11-29 12:00:00,94.4833333333333,263.516666666667,273.361491483561,1.00476008018715
2022-11-29 13:00:00,94.7666666666667,263.8,285.011680467444,0.810770808286135
2022-11-29 14:00:00,94.7666666666666,263.883333333333,283.940913183631,0.697195883905839
2022-11-29 15:00:00,93.4,262.533333333333,298.382493132053,0.808163709293444
2022-11-29 16:00:00,92.9833333333333,262.116666666667,300.091992995709,0.867035654495392
2022-11-29 17:00:00,92.7166666666667,261.783333333333,300.51682673724,0.909316946214215
2022-11-29 18:00:00,92.6833333333333,261.75,289.935572853842,0.763256408641289
2022-11-29 19:00:00,92.5666666666667,261.716666666667,284.275679175778,0.852963495636801
2022-11-29 20:00:00,92.45,261.6,313.942463432403,0.615981132799356
2022-11-29 21:00:00,92.2833333333334,261.516666666667,322.976682358549,0.564927160458749
2022-11-29 22:00:00,92.2,261.45,306.290977037127,0.534275463996379
2022-11-29 23:00:00,92.1,261.4,317.870866942781,0.514712402450151
2022-11-30 00:00:00,92.0833333333333,261.35,306.1225879374,0.434918946546798
2022-11-30 01:00:00,91.9,261.25,333.039554955292,0.250801957538325
2022-11-30 02:00:00,91.6833333333333,261.05,319.554665377999,0.419057372745396
2022-11-30 03:00:00,91.5166666666667,260.916666666667,308.234724873374,0.345570011640507
2022-11-30 04:00:00,91.3166666666667,260.8,305.0,0.0383333333333333
2022-11-30 05:00:00,91.3,260.783333333333,,0.0
2022-11-30 06:00:00,90.5666666666667,260.2,135.383174153495,0.142055977848315
2022-11-30 07:00:00,89.5833333333333,259.433333333333,183.691563527849,0.186522711488012
2022-11-30 08:00:00,89.2166666666667,259.1,191.824925111078,0.640615226123862
2022-11-30 09:00:00,90.5,260.65,158.796360216876,0.831992922164263
2022-11-30 10:00:00,89.9,260.983333333333,135.728773512468,1.27266409395695
2022-11-30 11:00:00,86.3,260.683333333333,143.778447956596,1.72885263589043
2022-11-30 12:00:00,75.2333333333333,261.166666666667,143.935915253742,3.50371054803377
2022-11-30 13:00:00,67.1333333333334,261.883333333333,149.047938572013,2.88168566237037
2022-11-30 14:00:00,58.0833333333333,261.65,149.34435766824,2.5181659320999
2022-11-30 15:00:00,46.9333333333333,262.616666666667,148.263395212858,2.80684741594766
2022-11-30 16:00:00,41.2,262.366666666667,149.038364439124,2.81822911844955
2022-11-30 17:00:00,41.9333333333333,262.333333333333,173.528124495939,2.84343842244553
2022-11-30 18:00:00,48.2333333333333,262.216666666667,207.972848256992,3.30740189755813
2022-11-30 19:00:00,54.5666666666667,261.633333333333,184.318036866648,3.5905649623243
2022-11-30 20:00:00,83.3,260.366666666667,162.185501299004,4.44287297129811
2022-11-30 21:00:00,91.7666666666667,261.066666666667,165.742273341762,4.75804762932901
2022-11-30 22:00:00,91.0333333333334,260.916666666667,166.03470509299,3.86481532716423
2022-11-30 23:00:00,90.7166666666667,260.633333333333,167.198289048315,3.42461481581437
2022-12-01 00:00:00,91.0166666666667,260.85,166.805274556716,2.94480472688161
2022-12-01 01:00:00,91.1833333333333,261.0,164.272462434093,1.71808128402415
2022-12-01 02:00:00,91.2833333333333,261.033333333333,167.445907814342,2.18082357341058
2022-12-01 03:00:00,91.1666666666667,260.966666666667,157.253489541563,1.40230858102456
2022-12-01 04:00:00,90.7833333333333,260.633333333333,164.001954827655,1.58255769578479
2022-12-01 05:00:00,90.6666666666667,260.533333333333,164.495670582025,1.48839158713621
2022-12-01 06:00:00,90.1833333333333,260.183333333333,157.88258597678,2.07058794406176
2022-12-01 07:00:00,89.7833333333334,259.8,171.270951354106,2.61962307797158
2022-12-01 08:00:00,89.8833333333334,259.883333333333,161.732652724376,3.25609079772129
2022-12-01 09:00:00,91.4333333333333,261.583333333333,169.818933153902,3.02608399122779
2022-12-01 10:00:00,91.55,261.5,160.352520173384,3.49043093625248
2022-12-01 11:00:00,92.0333333333333,261.983333333333,144.226140403645,3.73921190017384
2022-12-01 12:00:00,91.9333333333333,262.233333333333,160.593391948514,3.41856395563057
2022-12-01 13:00:00,91.9333333333333,262.483333333333,160.966092935411,2.16472271453853
2022-12-01 14:00:00,91.1,261.75,158.486441342282,1.9391325936152
2022-12-01 15:00:00,91.1,262.133333333333,164.121520686282,3.45645927194645
2022-12-01 16:00:00,79.9666666666667,262.483333333333,164.295710142774,3.33400193677656
2022-12-01 17:00:00,72.4166666666667,262.5,170.721190352467,2.71081156437806
2022-12-01 18:00:00,36.3,262.85,177.633107741932,2.67107576672555
2022-12-01 19:00:00,29.7,263.216666666667,174.463146639411,2.84994774870987
2022-12-01 20:00:00,32.1166666666667,263.266666666667,177.88453139698,3.67814204748359
2022-12-01 21:00:00,39.8833333333333,262.783333333333,171.293265290789,3.15327298614204
2022-12-01 22:00:00,50.7,262.7,161.266323941063,2.60443390155382
2022-12-01 23:00:00,66.8,262.766666666667,170.393455078941,2.14611180369865
2022-12-02 00:00:00,82.05,263.066666666667,158.820678507842,1.65332923840182
2022-12-02 01:00:00,94.4333333333333,262.533333333333,160.286246142622,1.93271447507611
2022-12-02 02:00:00,99.05,262.65,154.507604829058,1.62261751020631
2022-12-02 03:00:00,95.3,263.033333333333,144.2335562163,1.37583368926376
2022-12-02 04:00:00,94.4,263.3,143.355975548648,0.972688854283937
2022-12-02 05:00:00,94.7333333333333,263.433333333333,123.163996426188,0.778241708869897
2022-12-02 06:00:00,95.5166666666667,263.3,131.188024960428,1.41734676480257
2022-12-02 07:00:00,95.5,263.3,139.938594679097,1.57760795143968
2022-12-02 08:00:00,95.6666666666667,263.15,121.520107026866,2.37624913280584
2022-12-02 09:00:00,94.7833333333334,262.9,126.06233262579,2.24817345331469
2022-12-02 10:00:00,94.4166666666667,263.133333333333,158.98868011808,1.65482216400219
2022-12-02 11:00:00,94.05,263.033333333333,161.709217356658,2.53261881529273
2022-12-02 12:00:00,93.8166666666667,263.05,167.29270577817,3.4985858530679
2022-12-02 13:00:00,93.3666666666667,262.633333333333,166.370344573659,3.10329860720738
2022-12-02 14:00:00,92.8833333333333,262.283333333333,167.090530299995,3.25507851410437
2022-12-02 15:00:00,92.5833333333333,261.866666666667,174.773971972546,2.54428936433887
2022-12-02 16:00:00,91.95,261.35,176.877746975187,2.85093427446447
2022-12-02 17:00:00,91.45,260.916666666667,173.443979840836,1.94003359962324
2022-12-02 18:00:00,91.0166666666667,260.583333333333,178.426011533895,2.55010525456156
2022-12-02 19:00:00,90.7,260.316666666667,180.58874353182,2.9284764209451
2022-12-02 20:00:00,90.2833333333333,260.033333333333,162.154401573748,3.85299664817224
2022-12-02 21:00:00,89.8166666666667,259.666666666667,158.73360249528,4.03100192643696
2022-12-02 22:00:00,89.4,259.333333333333,168.114103961514,4.01415552737333
2022-12-02 23:00:00,89.2833333333334,259.233333333333,170.686009709486,3.68671619794085
2022-12-03 00:00:00,89.1,259.1,173.171741018071,3.34458607695818
2022-12-03 01:00:00,88.75,258.85,182.192851157694,5.22470746851789
2022-12-03 02:00:00,88.3833333333333,258.516666666667,182.623372646182,4.8626631895624
2022-12-03 03:00:00,87.8833333333333,258.15,179.259635204473,5.0944570482544
2022-12-03 04:00:00,87.8166666666667,258.116666666667,177.953633266719,3.85908685952486
2022-12-03 05:00:00,88.1,258.366666666667,177.717702019276,4.1578263793886
2022-12-03 06:00:00,88.4666666666667,258.65,178.927818622244,4.67838310897953
2022-12-03 07:00:00,89.6833333333333,259.7,176.699402691358,4.69636666983154
2022-12-03 08:00:00,90.7333333333333,260.566666666667,181.149919204057,4.50588552000888
2022-12-03 09:00:00,92.5666666666667,261.933333333333,177.520792945322,3.07009031660659
2022-12-03 10:00:00,94.2666666666667,263.35,172.576044294165,3.58902296293209
2022-12-03 11:00:00,95.2666666666667,264.1,176.208479785256,4.06785799277457
2022-12-03 12:00:00,95.9833333333333,264.683333333333,172.301333940447,4.18790013685155
2022-12-03 13:00:00,95.9833333333333,264.566666666667,168.916203439055,3.80040491552971
2022-12-03 14:00:00,95.7,264.3,168.814090277948,4.33789921458252
2022-12-03 15:00:00,95.8333333333333,264.333333333333,179.760094396436,4.24842595903889
2022-12-03 16:00:00,96.0833333333333,264.55,180.023353858654,3.81190746402894
2022-12-03 17:00:00,95.9,264.35,178.168752102564,3.73344442776824
2022-12-03 18:00:00,95.8166666666667,264.266666666667,175.767648891527,3.33034098195387
2022-12-03 19:00:00,95.9666666666667,264.4,167.032620444885,2.42791434473422
2022-12-03 20:00:00,95.9333333333333,264.383333333333,168.977592831901,2.33224607495534
2022-12-03 21:00:00,96.2333333333333,264.583333333333,165.467201922619,3.33574047584705
2022-12-03 22:00:00,96.4,264.75,161.201518925619,3.92159571652508
2022-12-03 23:00:00,96.4666666666667,264.766666666667,156.841301385555,4.23257393160852
2022-12-04 00:00:00,96.8333333333333,265.05,161.451966210601,4.93768202808046
2022-12-04 01:00:00,97.0,265.216666666667,160.423802904475,5.33788116092282
2022-12-04 02:00:00,97.0166666666667,265.2,162.995333030985,5.52653650105987
2022-12-04 03:00:00,96.8666666666667,265.016666666667,153.73300235666,6.10804453630869
2022-12-04 04:00:00,96.75,264.9,153.600502217201,5.44754226439112
2022-12-04 05:00:00,96.8,264.95,154.751443689333,3.98996540353615
2022-12-04 06:00:00,96.6,264.8,152.532354926914,4.41698620860512
2022-12-04 07:00:00,96.55,264.7,149.476768190481,4.9446738063482
2022-12-04 08:00:00,97.3666666666667,265.45,146.093586977091,4.03596982683912
2022-12-04 09:00:00,98.0,266.05,145.478702793684,2.67042119178261
2022-12-04 10:00:00,98.2833333333333,266.383333333333,145.028369864029,1.04267451538407
2022-12-04 11:00:00,98.7166666666667,266.75,149.173224690231,1.2643338899658
2022-12-04 12:00:00,99.0166666666667,266.983333333333,145.922829088411,1.82172582527606
2022-12-04 13:00:00,98.9833333333333,266.883333333333,134.913172713507,2.77350006193975
2022-12-04 14:00:00,98.2666666666667,266.133333333333,130.475987212741,6.46499083731147
2022-12-04 15:00:00,97.9666666666667,265.766666666667,131.579045190479,5.98325817559524
2022-12-04 16:00:00,97.6833333333333,265.5,128.392328314595,4.35268466570576
2022-12-04 17:00:00,97.2833333333333,265.033333333333,124.594275177109,5.29128387852379
2022-12-04 18:00:00,96.9,264.716666666667,117.722047555532,3.74409990807793
2022-12-04 19:00:00,96.5666666666667,264.45,108.887277165218,2.91751836654024
2022-12-04 20:00:00,96.1166666666667,264.1,114.19173136358,2.86975761243866
2022-12-04 21:00:00,95.5833333333333,263.65,110.329689569471,3.15906982353213
2022-12-04 22:00:00,94.3333333333333,262.666666666667,112.114735089993,3.20630348456282
2022-12-04 23:00:00,94.0166666666667,262.416666666667,117.5121738068,3.56235456837582
2022-12-05 00:00:00,94.1833333333333,262.633333333333,121.716260277188,3.36007656757389
2022-12-05 01:00:00,94.15,262.6,122.577488612653,4.43128616398629
2022-12-05 02:00:00,94.4166666666667,262.85,119.907849854992,4.81053194431085
2022-12-05 03:00:00,94.8,263.15,130.92998396701,3.61643302851511
2022-12-05 04:00:00,94.95,263.3,135.086124224088,2.45440810256173
2022-12-05 05:00:00,95.0666666666667,263.416666666667,132.735792192625,2.62448790866581
2022-12-05 06:00:00,95.1833333333333,263.483333333333,133.48240875109,2.75760861088556
2022-12-05 07:00:00,95.2666666666667,263.55,133.885657548413,2.27863490805415
2022-12-05 08:00:00,95.2166666666667,263.533333333333,133.790859370354,1.97168338738598
2022-12-05 09:00:00,95.2,263.466666666667,134.318040226043,2.4469407205105
2022-12-05 10:00:00,95.6666666666667,263.933333333333,137.239114919203,2.73294031675319
2022-12-05 11:00:00,95.6,263.85,136.999682374666,2.60946349414521
2022-12-05 12:00:00,95.6833333333333,263.933333333333,129.520098425595,1.49308422506749
2022-12-05 13:00:00,96.1833333333333,264.35,125.667663166135,1.5205668542693
2022-12-05 14:00:00,95.7166666666667,263.95,118.810946804523,1.93577908297857
2022-12-05 15:00:00,95.5,263.766666666667,128.440778426763,1.43290683282848
2022-12-05 16:00:00,94.9833333333333,263.3,124.309893660723,0.715755243571959
2022-12-05 17:00:00,94.2666666666667,262.7,111.590478085812,1.14377023677169
2022-12-05 18:00:00,92.6333333333333,261.416666666667,122.907061851102,0.682106383440321
2022-12-05 19:00:00,89.45,258.9,298.067069845927,2.17495767368418
2022-12-05 20:00:00,88.45,258.116666666667,338.529616717746,1.24809322707012
2022-12-05 21:00:00,87.9333333333334,257.8,95.6852488071903,0.908329706881779
2022-12-05 22:00:00,87.7166666666667,257.7,105.296170652954,1.19589153313358
2022-12-05 23:00:00,86.9,257.016666666667,134.199824997868,1.76122156421422
2022-12-06 00:00:00,86.4,256.616666666667,137.260245362198,1.79302431865378
2022-12-06 01:00:00,85.5833333333333,255.966666666667,142.806974151049,1.61812609494735
2022-12-06 02:00:00,85.6833333333333,256.066666666667,131.974311482483,1.54176692911235
2022-12-06 03:00:00,86.0333333333334,256.383333333333,142.087730257228,1.59809165753981
2022-12-06 04:00:00,85.6333333333333,256.116666666667,138.44541852813,0.868421143625656
2022-12-06 05:00:00,84.95,255.583333333333,138.786421616956,0.890908857523171
2022-12-06 06:00:00,85.0666666666667,255.683333333333,138.561260457586,1.19135330704905
2022-12-06 07:00:00,85.7166666666667,256.3,134.304466708426,1.15462179043321
2022-12-06 08:00:00,85.8166666666667,256.333333333333,144.416671065194,1.54874675260485
2022-12-06 09:00:00,88.6833333333334,258.683333333333,142.708711329345,1.89709566523908
2022-12-06 10:00:00,92.2666666666667,261.55,118.801573034934,1.80955656973632
2022-12-06 11:00:00,93.6,262.616666666667,108.960461953764,2.14768161203264
2022-12-06 12:00:00,95.6166666666667,264.166666666667,125.983553505764,1.98167775638078
2022-12-06 13:00:00,96.6333333333333,264.9,135.358907681046,2.55628936956667
2022-12-06 14:00:00,96.2666666666667,264.566666666667,132.157613947078,2.93950215050798
2022-12-06 15:00:00,95.8833333333333,264.216666666667,138.610535315274,3.05587156088071
2022-12-06 16:00:00,95.7166666666667,264.016666666667,142.414380594753,2.73817443556348
2022-12-06 17:00:00,93.65,262.233333333333,137.950204735377,2.78398511120707
2022-12-06 18:00:00,92.4333333333333,261.316666666667,356.153593140148,3.00298761914676
2022-12-06 19:00:00,92.4333333333333,261.366666666667,111.87882293495,2.94503362951281
2022-12-06 20:00:00,92.0666666666667,261.116666666667,83.6044755993208,2.5388751089311
2022-12-06 21:00:00,91.45,260.633333333333,109.666778957624,2.29239406939783
2022-12-06 22:00:00,90.95,260.233333333333,136.877742450654,2.05957443172049
2022-12-06 23:00:00,90.5666666666667,259.983333333333,139.052544556137,1.84084198924979
2022-12-07 00:00:00,90.3666666666667,259.833333333333,146.937217131902,2.51730682575625
2022-12-07 01:00:00,89.9666666666667,259.5,144.546057127777,2.71093121507816
2022-12-07 02:00:00,89.8833333333334,259.483333333333,141.336628640808,2.74151139521951
2022-12-07 03:00:00,89.5,259.133333333333,151.299647320282,2.42686164071775
2022-12-07 04:00:00,89.0,258.75,125.929109789231,1.11341455002619
2022-12-07 05:00:00,88.9666666666667,258.8,9.74969769465099,2.18202298816032
2022-12-07 06:00:00,88.7666666666667,258.633333333333,3.59168781580098,2.44471875803856
2022-12-07 07:00:00,88.8333333333334,258.683333333333,358.645628207935,4.10468897681807
2022-12-07 08:00:00,88.9833333333334,258.85,349.735109729275,3.77394828258393
2022-12-07 09:00:00,88.9,258.75,14.0499393717083,2.47230040924234
2022-12-07 10:00:00,90.4,260.05,136.180751792736,2.38230536872484
2022-12-07 11:00:00,92.6,261.85,107.944427613245,1.89823673569105
2022-12-07 12:00:00,94.4,263.3,138.923026576793,2.26870556013054
2022-12-07 13:00:00,95.2,263.783333333333,142.844268374501,2.50176028142523
2022-12-07 14:00:00,94.6,263.216666666667,151.930726908154,2.11112624796316
2022-12-07 15:00:00,93.75,262.65,148.477331831154,1.97155452996457
2022-12-07 16:00:00,92.25,261.516666666667,153.722892393179,1.61596251130386
2022-12-07 17:00:00,89.3833333333333,259.116666666667,157.041611883088,2.13773702528539
2022-12-07 18:00:00,87.35,257.416666666667,153.570511076974,2.18464487674653
2022-12-07 19:00:00,87.0666666666667,257.3,153.309018438399,2.11486884790743
2022-12-07 20:00:00,86.8666666666667,257.116666666667,155.997416264434,2.40738387355447
2022-12-07 21:00:00,87.3666666666667,257.583333333333,160.511508577403,2.87473325149694
2022-12-07 22:00:00,87.4166666666667,257.683333333333,154.945648505677,2.99804730963763
2022-12-07 23:00:00,87.4833333333333,257.783333333333,156.658770141931,2.58203742943719
2022-12-08 00:00:00,87.6666666666667,257.983333333333,170.702913499833,3.4365633501827
2022-12-08 01:00:00,87.8333333333333,258.116666666667,165.397978337963,3.11947598533861
2022-12-08 02:00:00,87.5166666666667,257.883333333333,171.416151744181,2.89036300047529
2022-12-08 03:00:00,87.5,257.85,170.44860137024,2.83212323302199
2022-12-08 04:00:00,87.5833333333333,257.983333333333,171.65627629809,3.0592427170618
2022-12-08 05:00:00,87.8,258.133333333333,169.54608603648,3.55995280954105
2022-12-08 06:00:00,87.7,258.05,169.879863638791,4.03586550751806
2022-12-08 07:00:00,87.5666666666667,257.983333333333,169.524907783941,3.33955992329885
2022-12-08 08:00:00,87.2166666666667,257.733333333333,167.465505313527,3.11017310244056
2022-12-08 09:00:00,88.0833333333333,258.95,159.033135830667,2.65428903739036
2022-12-08 10:00:00,88.3166666666667,259.616666666667,157.236051783072,2.63205549285354
2022-12-08 11:00:00,89.1333333333333,260.483333333333,156.3550684949,2.25467782978011
2022-12-08 12:00:00,89.1666666666667,260.883333333333,150.604277839419,1.89859382558118
2022-12-08 13:00:00,89.0833333333333,261.133333333333,151.33850910025,1.91883184510678
2022-12-08 14:00:00,88.35,261.166666666667,152.760984902312,1.79728169925209
2022-12-08 15:00:00,86.9,260.833333333333,161.395281774619,1.78197826465378
2022-12-08 16:00:00,85.15,260.316666666667,150.540917278622,1.66863759066515
2022-12-08 17:00:00,82.15,259.383333333333,158.256071480376,2.33423505776518
2022-12-08 18:00:00,78.7666666666667,259.033333333333,176.131811173289,2.73733100605209
2022-12-08 19:00:00,76.4166666666667,258.966666666667,170.167942228546,2.51366627647504
2022-12-08 20:00:00,74.4333333333333,258.85,164.099235113884,2.01173076663564
2022-12-08 21:00:00,69.4666666666667,258.933333333333,165.320866566839,2.66724666999885
2022-12-08 22:00:00,69.4,259.116666666667,168.088736847292,3.69585002515616
2022-12-08 23:00:00,76.9333333333333,259.583333333333,174.038938625729,5.25224866691594
2022-12-09 00:00:00,78.7,260.316666666667,158.021725495142,2.70654670694289
2022-12-09 01:00:00,78.9833333333333,260.933333333333,165.67031127638,4.19834475864116
2022-12-09 02:00:00,81.3,261.166666666667,170.242597747038,4.07556681936919
2022-12-09 03:00:00,85.8333333333333,261.716666666667,172.756321008032,5.0820583551277
2022-12-09 04:00:00,92.4833333333333,262.416666666667,174.162617916933,4.88261849466718
2022-12-09 05:00:00,94.0166666666667,263.083333333333,172.163390406079,6.24803480761335
2022-12-09 06:00:00,93.65,263.733333333333,157.410359073731,5.15275618275805
2022-12-09 07:00:00,92.4833333333333,264.25,162.558066994454,5.79831905446973
2022-12-09 08:00:00,94.1,264.633333333333,157.041492558544,5.24489646291168
2022-12-09 09:00:00,96.35,265.25,160.228164766895,6.29401634939022
2022-12-09 10:00:00,96.6333333333333,265.683333333333,155.020035910271,5.22393586535677
2022-12-09 11:00:00,97.0,265.5,144.571769217656,5.45177695629641
2022-12-09 12:00:00,97.0833333333333,265.55,142.403302134204,5.34093652569347
2022-12-09 13:00:00,97.0666666666667,265.666666666667,140.870131706405,4.93908296912473
2022-12-09 14:00:00,97.2166666666667,266.066666666667,144.043572365068,5.41253882592586
2022-12-09 15:00:00,97.5666666666667,266.216666666667,136.20771349211,5.06856147101123
2022-12-09 16:00:00,98.0,266.2,136.59188224249,4.23576092906551
2022-12-09 17:00:00,98.2166666666667,266.1,137.515802054446,4.0287274518696
2022-12-09 18:00:00,98.2166666666667,266.066666666667,139.332561847671,2.97994432521141
2022-12-09 19:00:00,98.0833333333333,265.933333333333,135.816971615652,2.13184336162395
2022-12-09 20:00:00,97.9,265.683333333333,135.928324534736,2.3038880138913
2022-12-09 21:00:00,97.6166666666667,265.383333333333,140.990143906549,2.352515273511
2022-12-09 22:00:00,97.4166666666667,265.183333333333,133.753462298092,1.99675384231464
2022-12-09 23:00:00,97.2666666666667,265.05,134.285337081017,2.16591638931072
2022-12-10 00:00:00,96.6,264.5,146.631973924553,2.57048795152739
2022-12-10 01:00:00,96.1833333333333,264.116666666667,153.111798987541,3.01064010721298
2022-12-10 02:00:00,96.2166666666667,264.183333333333,153.952554104671,3.32168932870129
2022-12-10 03:00:00,96.3166666666667,264.283333333333,153.850140703016,3.01610489470295
2022-12-10 04:00:00,96.5333333333333,264.466666666667,144.853286266444,2.47212139041332
2022-12-10 05:00:00,96.3,264.316666666667,145.072706180715,1.92545768414684
2022-12-10 06:00:00,96.3833333333333,264.383333333333,137.536167921301,2.11827674191765
2022-12-10 07:00:00,96.5,264.466666666667,126.276646858813,2.04350303960126
2022-12-10 08:00:00,96.3,264.283333333333,121.141766346827,2.60361807634147
2022-12-10 09:00:00,96.0166666666667,264.133333333333,113.32765169209,2.12664460921104
2022-12-10 10:00:00,95.9333333333333,264.466666666667,126.749840622666,1.9414906210299
2022-12-10 11:00:00,96.0166666666667,265.166666666667,126.770392698282,2.15210059400841
2022-12-10 12:00:00,96.0833333333333,264.933333333333,127.378184896496,1.83643053297486
2022-12-10 13:00:00,96.2,265.25,117.274749071333,1.49439164261584
2022-12-10 14:00:00,94.9166666666667,264.283333333333,277.857406558453,0.78674042937746
2022-12-10 15:00:00,93.4833333333333,262.4,272.683975033026,2.43085315692442
2022-12-10 16:00:00,92.7666666666667,261.716666666667,301.868707199415,2.45868628713017
2022-12-10 17:00:00,92.6333333333333,261.533333333333,308.03267956411,1.74312114328686
2022-12-10 18:00:00,92.0333333333333,261.083333333333,289.641254110888,2.0504015860834
2022-12-10 19:00:00,91.1,260.366666666667,307.096368925005,0.814772259310706
2022-12-10 20:00:00,89.7666666666667,259.3,24.388320913677,0.632603396010035
2022-12-10 21:00:00,88.6,258.366666666667,36.3914354418696,0.61749485873255
2022-12-10 22:00:00,87.4,257.433333333333,296.982299251701,2.01413226617104
2022-12-10 23:00:00,86.3333333333333,256.516666666667,300.581339242914,2.11134529990515
2022-12-11 00:00:00,85.5833333333333,255.883333333333,297.399513132139,2.03766126150611
2022-12-11 01:00:00,84.8,255.3,298.543748550335,1.98736669517958
2022-12-11 02:00:00,84.1333333333333,254.716666666667,314.335327804052,1.95995165587718
2022-12-11 03:00:00,83.4333333333333,254.066666666667,320.649873204623,1.88409422415148
2022-12-11 04:00:00,82.8666666666667,253.6,329.155010165128,1.78451546187047
2022-12-11 05:00:00,82.4,253.166666666667,355.108463887296,1.16464373979462
2022-12-11 06:00:00,81.9833333333333,252.816666666667,355.78122515192,1.23472881629536
2022-12-11 07:00:00,81.45,252.283333333333,21.7884173730124,0.66064807790941
2022-12-11 08:00:00,80.85,251.616666666667,5.16925930922673,1.07349847039643
2022-12-11 09:00:00,80.5666666666667,251.316666666667,2.66022039178904,0.960955450996548
2022-12-11 10:00:00,80.9333333333333,251.9,357.72217341149,1.02949177768067
2022-12-11 11:00:00,83.1333333333333,254.866666666667,1.99589836114353,1.13949598468408
2022-12-11 12:00:00,83.0,254.55,336.124869756235,1.16094501128312
2022-12-11 13:00:00,82.8166666666667,254.266666666667,323.72953713285,1.54405563445866
2022-12-11 14:00:00,83.1166666666667,255.016666666667,342.178979550797,1.92493988851525
2022-12-11 15:00:00,81.8666666666667,254.166666666667,341.529658325709,2.6006488604387
2022-12-11 16:00:00,80.3833333333333,252.233333333333,342.90264704021,4.71620720691291
2022-12-11 17:00:00,79.2166666666667,250.15,356.205414100019,3.56780616529903
2022-12-11 18:00:00,78.4333333333333,248.8,51.3652288563508,1.60786741630069
2022-12-11 19:00:00,78.6666666666667,249.133333333333,105.672435568385,2.07963927722719
2022-12-11 20:00:00,78.45,249.033333333333,166.334161611044,4.46795305102558
2022-12-11 21:00:00,78.5333333333333,249.283333333333,164.467285647636,4.16915889619955
2022-12-11 22:00:00,78.2833333333334,249.166666666667,142.072088988139,2.53830501802009
2022-12-11 23:00:00,78.0,248.783333333333,155.434531101743,1.98487223631875
2022-12-12 00:00:00,77.7333333333333,248.783333333333,164.093941767362,3.11080047800543
2022-12-12 01:00:00,77.3833333333333,248.683333333333,171.730802816927,3.02054749537195
2022-12-12 02:00:00,77.0,248.866666666667,168.28681154693,3.39212241995501
2022-12-12 03:00:00,76.4333333333333,248.9,172.114824469517,3.63142450204181
2022-12-12 04:00:00,76.0166666666667,249.183333333333,180.279138719641,4.2001457089774
2022-12-12 05:00:00,76.6166666666667,249.866666666667,170.138360288941,4.33034778997064
2022-12-12 06:00:00,77.8833333333333,250.366666666667,173.190948517418,3.89324047161307
2022-12-12 07:00:00,79.0166666666667,250.466666666667,178.150159620331,3.7038559798119
2022-12-12 08:00:00,79.4166666666667,250.516666666667,176.74496127652,3.84118717512339
2022-12-12 09:00:00,80.25,251.733333333333,179.793361512975,3.30226594947853
2022-12-12 10:00:00,80.6333333333333,252.383333333333,175.81242787152,2.73295504189899
2022-12-12 11:00:00,81.95,253.933333333333,170.70085221872,2.17833078147761
2022-12-12 12:00:00,81.9166666666667,253.783333333333,168.5566119297,2.3277928345606
2022-12-12 13:00:00,81.9833333333333,253.783333333333,170.682288516922,2.20345000477337
2022-12-12 14:00:00,82.1666666666667,253.9,164.326129566199,1.52590332092026
2022-12-12 15:00:00,82.15,253.8,159.44853945509,1.65791376163699
2022-12-12 16:00:00,81.6,253.166666666667,168.722558263298,1.22054178819034
2022-12-12 17:00:00,80.4666666666667,251.583333333333,156.180619935077,1.17489695509288
2022-12-12 18:00:00,79.7833333333333,250.483333333333,170.982500321659,1.60388306329279
2022-12-12 19:00:00,79.65,250.416666666667,166.663166907642,1.93730748838785
2022-12-12 20:00:00,79.6,250.366666666667,183.328349372254,2.09461303207609
2022-12-12 21:00:00,79.7,250.55,179.917662860032,2.20843131578393
2022-12-12 22:00:00,80.0166666666667,251.016666666667,178.97760451467,2.08942548457942
2022-12-12 23:00:00,80.2333333333333,251.283333333333,177.267227642435,1.80925372266137
2022-12-13 00:00:00,80.25,251.316666666667,183.571653076125,1.66504737172456
2022-12-13 01:00:00,80.3666666666667,251.45,184.953018157882,1.99871594151541
2022-12-13 02:00:00,80.55,251.716666666667,184.099952465875,2.28227111462887
2022-12-13 03:00:00,81.0333333333333,252.3,181.412133522722,2.88074231206397
2022-12-13 04:00:00,81.4333333333333,252.766666666667,178.156767973815,2.95323306871348
2022-12-13 05:00:00,81.85,253.166666666667,182.647870588538,3.15479153504346
2022-12-13 06:00:00,82.8,254.083333333333,179.24971070524,3.45546325236828
2022-12-13 07:00:00,83.7666666666667,255.016666666667,178.720979064603,3.24322966436834
2022-12-13 08:00:00,85.4,256.366666666667,183.88756845806,3.49644035591103
2022-12-13 09:00:00,87.2833333333334,257.916666666667,181.344272658962,3.34449997627012
2022-12-13 10:00:00,88.85,259.166666666667,168.811365230996,3.98388971258871
2022-12-13 11:00:00,89.9,260.066666666667,163.5839304996,4.29804882578428
2022-12-13 12:00:00,90.7333333333333,260.8,165.332062545585,4.88713487336065
2022-12-13 13:00:00,91.7,261.483333333333,156.097792477247,4.84393242484538
2022-12-13 14:00:00,92.3,261.783333333333,154.986577009452,4.60044655632746
2022-12-13 15:00:00,92.6,261.883333333333,159.502374648521,4.37616067690987
2022-12-13 16:00:00,92.9333333333333,262.033333333333,151.779049904264,3.60404616446226
2022-12-13 17:00:00,93.2833333333333,262.25,161.856288768878,4.18426380288762
2022-12-13 18:00:00,93.8,262.583333333333,156.276260125152,4.09110426268212
2022-12-13 19:00:00,94.3333333333333,263.016666666667,154.130881906167,4.17218575711688
2022-12-13 20:00:00,94.7666666666667,263.316666666667,145.470085961813,3.95070126060087
2022-12-13 21:00:00,95.1333333333333,263.616666666667,153.003700327755,3.27220025557785
2022-12-13 22:00:00,95.5166666666667,263.916666666667,135.686252268573,3.43577292763655
2022-12-13 23:00:00,95.4166666666667,263.8,141.651041130276,2.95345968173581
2022-12-14 00:00:00,95.6166666666667,263.933333333333,143.472688988902,3.04950558244916
2022-12-14 01:00:00,95.7333333333333,264.05,136.831771329372,2.84622766963307
2022-12-14 02:00:00,95.75,264.033333333333,141.986691575629,3.35084606091685
2022-12-14 03:00:00,95.8833333333333,264.166666666667,144.169106261839,3.75928732809376
2022-12-14 04:00:00,94.2833333333333,264.316666666667,146.306099302629,3.73588812812727
2022-12-14 05:00:00,89.9833333333334,264.116666666667,142.510220825245,3.53327838971137
2022-12-14 06:00:00,88.3166666666667,263.716666666667,155.376449355492,3.65787028769212
2022-12-14 07:00:00,85.3333333333333,263.416666666667,150.447704675078,3.64096139677611
2022-12-14 08:00:00,85.5666666666667,263.366666666667,157.809204980942,4.27105299166291
2022-12-14 09:00:00,85.5166666666667,263.616666666667,153.954130526217,4.45845137845524
2022-12-14 10:00:00,84.1833333333334,264.383333333333,148.027414412542,3.49488397290427
2022-12-14 11:00:00,82.4666666666667,265.266666666667,141.261281605041,3.07480107884519
2022-12-14 12:00:00,82.9333333333334,265.766666666667,132.53269482726,4.07587671323601
2022-12-14 13:00:00,80.65,266.133333333333,138.064484207672,4.0231059496018
2022-12-14 14:00:00,76.8833333333333,266.133333333333,147.119557130431,3.44199852433135
2022-12-14 15:00:00,75.7333333333333,265.8,139.722368540828,3.9859677174944
2022-12-14 16:00:00,76.2833333333334,265.516666666667,147.232324712082,3.52478565150086
2022-12-14 17:00:00,79.85,265.283333333333,153.594372548832,3.86455937192173
2022-12-14 18:00:00,81.4833333333333,265.333333333333,152.975627172985,3.87635789470732
2022-12-14 19:00:00,82.0833333333333,264.966666666667,154.028853535452,3.7449251573489
2022-12-14 20:00:00,78.6666666666667,264.7,155.484387046482,3.37244121486624
2022-12-14 21:00:00,80.8666666666667,264.5,155.288670844062,2.56278519055594
2022-12-14 22:00:00,87.6,264.183333333333,158.855194772713,3.13919993213947
2022-12-14 23:00:00,87.7833333333333,264.0,154.56815052622,3.49922395590002
2022-12-15 00:00:00,86.6166666666667,264.2,153.639782955949,3.23624629107788
2022-12-15 01:00:00,85.9166666666667,264.866666666667,157.061420674601,4.78724782160043
2022-12-15 02:00:00,85.8666666666667,265.25,162.676245515569,6.01251346027801
2022-12-15 03:00:00,84.6,265.1,159.934054087871,4.09484809951386
2022-12-15 04:00:00,81.2833333333334,264.583333333333,165.951829585371,3.79350204346785
2022-12-15 05:00:00,75.5166666666667,264.283333333333,152.733253213957,3.38995046430492
2022-12-15 06:00:00,71.6333333333333,264.416666666667,153.739215235612,3.17386184006524
2022-12-15 07:00:00,63.9666666666667,264.7,147.565913826534,3.98120979747096
2022-12-15 08:00:00,56.8333333333333,264.966666666667,149.994291719732,4.00901690811503
2022-12-15 09:00:00,48.7166666666667,265.383333333333,147.85993911458,2.89278913397798
2022-12-15 10:00:00,42.85,265.916666666667,146.820080893193,2.8966874150963
2022-12-15 11:00:00,35.5166666666667,266.733333333333,139.241895196649,3.95256766203259
2022-12-15 12:00:00,35.5166666666667,267.15,150.98529103141,3.88137247215917
2022-12-15 13:00:00,35.1333333333333,267.116666666667,154.098525597275,4.77203248980445
2022-12-15 14:00:00,33.2,267.033333333333,145.061834478951,5.86937306851526
2022-12-15 15:00:00,36.3833333333333,267.033333333333,145.735365383712,5.09399318620073
2022-12-15 16:00:00,56.2333333333333,266.416666666667,140.376526115744,4.45384404280919
2022-12-15 17:00:00,71.65,265.35,138.696802379067,2.65106337318736
2022-12-15 18:00:00,95.0333333333334,265.116666666667,144.062393448687,4.8696134829505
2022-12-15 19:00:00,95.9666666666667,264.55,157.855056077925,5.13744650516512
2022-12-15 20:00:00,95.8,264.3,163.732622091818,4.76673405015966
2022-12-15 21:00:00,96.55,264.9,160.464221209181,4.26847933526528
2022-12-15 22:00:00,96.7166666666667,264.983333333333,157.414591951695,3.22898420119873
2022-12-15 23:00:00,96.7333333333334,264.95,166.67047117914,5.72862153802525
2022-12-16 00:00:00,97.2166666666667,265.4,158.896486300655,4.0591944922478
2022-12-16 01:00:00,97.4333333333333,265.5,143.571917698207,5.50596013226789
2022-12-16 02:00:00,97.95,265.983333333333,138.103086182255,4.84673640122524
2022-12-16 03:00:00,98.25,266.183333333333,138.061379440853,4.64896331024489
2022-12-16 04:00:00,98.2666666666667,266.133333333333,132.674644154163,4.3978189780005
2022-12-16 05:00:00,97.95,265.716666666667,140.6335404759,2.457315449834
2022-12-16 06:00:00,97.5166666666667,265.266666666667,146.624574306341,2.27530858249296
2022-12-16 07:00:00,97.25,265.033333333333,150.405744469152,2.89673431837752
2022-12-16 08:00:00,97.6,265.4,134.932097994968,3.03089634062745
2022-12-16 09:00:00,97.7,265.516666666667,124.492667303268,1.54536567063164
2022-12-16 10:00:00,97.8,265.733333333333,130.223595657599,2.10673866959746
2022-12-16 11:00:00,97.85,265.85,128.11190492499,3.06637409787516
2022-12-16 12:00:00,97.7333333333333,265.883333333333,131.289730981848,2.77043306049188
2022-12-16 13:00:00,97.7166666666667,265.883333333333,125.691500401651,2.60413953456013
2022-12-16 14:00:00,97.6166666666667,265.733333333333,122.776386423942,1.80203852140205
2022-12-16 15:00:00,97.1166666666667,265.266666666667,250.845861409539,0.214467003968513
2022-12-16 16:00:00,95.8333333333333,263.95,245.846788421048,0.81694972981607
2022-12-16 17:00:00,95.3833333333333,263.483333333333,311.04577341303,1.02973232159298
2022-12-16 18:00:00,94.6333333333333,262.85,313.301422238579,1.851466263948
2022-12-16 19:00:00,94.35,262.666666666667,51.8488128960718,1.00233588600574
2022-12-16 20:00:00,93.8666666666667,262.333333333333,75.5897203121115,0.690970106708593
2022-12-16 21:00:00,93.3333333333333,261.95,63.8192758430259,1.08221457888042
2022-12-16 22:00:00,93.1333333333333,261.816666666667,99.3645196016183,1.50344289309705
2022-12-16 23:00:00,93.1,261.766666666667,105.779946951357,1.20024537876426
2022-12-17 00:00:00,93.0333333333333,261.8,115.207920660711,1.2403784530469
2022-12-17 01:00:00,92.8833333333333,261.683333333333,120.59479613161,0.838237675915366
2022-12-17 02:00:00,92.3833333333333,261.333333333333,121.746059496036,0.766758096189808
2022-12-17 03:00:00,91.5666666666667,260.683333333333,120.460735106653,0.730965163462239
2022-12-17 04:00:00,90.0166666666667,259.483333333333,111.349990163378,0.59662211218583
2022-12-17 05:00:00,88.45,258.166666666667,115.971484864042,0.799652309561235
2022-12-17 06:00:00,86.9166666666667,256.95,76.7445665291475,1.42317480501511
2022-12-17 07:00:00,85.5666666666667,255.8,132.708925420973,2.71373886732731
2022-12-17 08:00:00,85.0833333333333,255.483333333333,136.033244891957,3.54935685524945
2022-12-17 09:00:00,80.2,256.383333333333,140.472950959826,3.02518942127382
2022-12-17 10:00:00,68.7833333333333,257.8,149.997974800643,2.16091710219339
2022-12-17 11:00:00,60.3166666666667,258.933333333333,140.72442780708,1.64627522248627
2022-12-17 12:00:00,55.9166666666667,259.683333333333,145.285821314613,1.92014855921054
2022-12-17 13:00:00,51.25,260.05,158.231837163021,2.28926821540945
2022-12-17 14:00:00,47.0166666666667,260.166666666667,150.552464152486,2.534409867916
2022-12-17 15:00:00,44.5666666666667,260.316666666667,157.888044266086,2.05413640786938
2022-12-17 16:00:00,40.6,259.966666666667,161.924458929976,2.09274272133752
2022-12-17 17:00:00,33.8166666666667,259.033333333333,166.063956229119,2.32776628370071
2022-12-17 18:00:00,28.0666666666667,258.616666666667,161.445130438086,2.10096828493553
2022-12-17 19:00:00,23.7333333333333,258.85,161.127784077659,2.43402502285527
2022-12-17 20:00:00,21.2333333333333,258.966666666667,163.529403550815,2.3314569599117
2022-12-17 21:00:00,20.3333333333333,259.1,161.289358819893,2.39409856815001
2022-12-17 22:00:00,21.85,259.166666666667,163.552263156203,2.65430413828276
2022-12-17 23:00:00,24.1,259.583333333333,155.942125046881,2.38141095157959
2022-12-18 00:00:00,26.85,259.933333333333,157.577195762154,2.38129313132421
2022-12-18 01:00:00,27.95,260.45,163.372642859121,2.81572722932819
2022-12-18 02:00:00,27.3333333333333,260.916666666667,163.141278035017,2.6815528497113
2022-12-18 03:00:00,26.2666666666667,261.05,164.094019678866,2.39745041419523
2022-12-18 04:00:00,24.6166666666667,260.9,158.942135979145,2.12631128689208
2022-12-18 05:00:00,23.1833333333333,260.783333333333,161.089731499489,1.87054329521781
2022-12-18 06:00:00,23.9,260.45,157.092094885951,2.47009143446506
2022-12-18 07:00:00,19.4666666666667,260.9,158.261511946278,2.40412829962095
2022-12-18 08:00:00,14.85,261.616666666667,164.921803229393,2.21313289155316
2022-12-18 09:00:00,12.8666666666667,262.816666666667,153.123145173133,2.38847230734712
2022-12-18 10:00:00,12.8833333333333,264.116666666667,151.61286741354,2.8876203568284
2022-12-18 11:00:00,13.55,265.216666666667,145.007502385325,2.22050966360917
2022-12-18 12:00:00,14.3,265.95,141.572319293832,2.16464423602747
2022-12-18 13:00:00,15.9166666666667,266.266666666667,151.669566775283,2.29400610475782
2022-12-18 14:00:00,16.0,266.366666666667,145.254292260558,2.12032273668821
2022-12-18 15:00:00,15.0333333333333,266.216666666667,148.969956833512,1.92084679097192
2022-12-18 16:00:00,13.4,265.6,146.084198971842,1.92334132853373
2022-12-18 17:00:00,11.5333333333333,265.216666666667,148.479131291321,2.209986906723
2022-12-18 18:00:00,10.3166666666667,265.066666666667,149.483107967995,1.57609433706927
2022-12-18 19:00:00,10.3,265.283333333333,151.210343490721,2.103842646683
2022-12-18 20:00:00,11.3,265.6,150.920914268967,1.97882359570113
2022-12-18 21:00:00,12.4333333333333,265.666666666667,152.474884472846,1.83081810716055
2022-12-18 22:00:00,16.55,265.95,144.654560860179,1.50106137571877
2022-12-18 23:00:00,20.8833333333333,266.483333333333,147.288495652642,2.05845116361992
2022-12-19 00:00:00,21.2833333333333,266.65,149.892343486347,2.91743697579993
2022-12-19 01:00:00,21.4833333333333,267.033333333333,149.195669565245,2.78489507663381
2022-12-19 02:00:00,22.7333333333333,267.433333333333,137.612831150244,2.44505006280307
2022-12-19 03:00:00,28.65,267.583333333333,144.636329402939,2.71290839403375
2022-12-19 04:00:00,34.95,267.866666666667,134.979080611756,2.25702974631629
2022-12-19 05:00:00,42.7833333333333,267.916666666667,136.88268577148,2.17604060275198
2022-12-19 06:00:00,49.4666666666667,268.166666666667,134.367174795821,2.3720890928241
2022-12-19 07:00:00,68.0666666666667,268.666666666667,140.474634281704,2.55700910346722
2022-12-19 08:00:00,77.4,269.083333333333,141.364240663546,2.8899849612945
2022-12-19 09:00:00,87.45,269.65,144.553044901103,3.055608141869
2022-12-19 10:00:00,96.1666666666667,270.283333333333,145.962827556545,3.88865154349758
2022-12-19 11:00:00,99.7833333333333,270.75,136.18393299293,3.33881084940019
2022-12-19 12:00:00,99.9166666666667,271.166666666667,114.438586265458,2.01033802328283
2022-12-19 13:00:00,100.0,271.233333333333,140.290031994912,2.36919712499527
2022-12-19 14:00:00,100.0,271.2,136.21066340903,2.2841989270374
2022-12-19 15:00:00,91.3666666666667,271.816666666667,133.270936044593,2.26128482749945
2022-12-19 16:00:00,75.4166666666667,272.316666666667,142.78303979024,2.32518670059824
2022-12-19 17:00:00,69.5166666666667,272.433333333333,136.796422640943,2.91680882782465
2022-12-19 18:00:00,67.55,272.533333333333,139.485269294484,2.8679890812595
2022-12-19 19:00:00,66.55,272.45,131.382005745555,2.42037262832043
2022-12-19 20:00:00,68.6833333333333,272.116666666667,141.960153396159,2.40974761989689
2022-12-19 21:00:00,68.2833333333333,272.05,133.343814846684,2.16866127884341
2022-12-19 22:00:00,68.1666666666667,271.85,133.803099481024,1.85092406492132
2022-12-19 23:00:00,60.9166666666667,272.1,139.302351933095,2.39037394198154
2022-12-20 00:00:00,44.5666666666667,272.9,148.074711532167,2.31851587029199
2022-12-20 01:00:00,42.2333333333333,273.15,141.98991440881,2.63153899280261
2022-12-20 02:00:00,42.65,273.116666666667,141.656332436849,2.30713922068691
2022-12-20 03:00:00,41.2833333333333,272.816666666667,139.004531351908,1.96510801330486
2022-12-20 04:00:00,41.4166666666667,272.683333333333,147.30429181626,2.63429810149447
2022-12-20 05:00:00,39.3833333333333,272.65,146.863586189173,2.501343402571
2022-12-20 06:00:00,39.95,272.4,146.809519133716,2.28499465428897
2022-12-20 07:00:00,39.5,272.283333333333,135.340006738292,2.06610864355589
2022-12-20 08:00:00,38.9,272.416666666667,134.749589997028,3.18150440023232
2022-12-20 09:00:00,37.3,272.716666666667,136.083775717644,2.91785971101768
2022-12-20 10:00:00,35.3,273.116666666667,129.415648768467,2.47551220354399
2022-12-20 11:00:00,34.8666666666667,273.6,137.658843001468,2.02412837974154
2022-12-20 12:00:00,35.2333333333333,273.75,133.839304227458,2.0312021069628
2022-12-20 13:00:00,35.8333333333333,273.8,135.772086263729,1.75567118326177
2022-12-20 14:00:00,37.7833333333333,273.783333333333,136.470326369992,1.9012992292029
2022-12-20 15:00:00,42.3666666666667,274.033333333333,143.861784767511,2.2282581769993
2022-12-20 16:00:00,46.9333333333333,273.566666666667,145.906655894686,2.31359178028719
2022-12-20 17:00:00,52.8166666666667,272.6,137.407562790378,2.19404780901263
2022-12-20 18:00:00,55.7,272.433333333333,129.715149091984,1.65994767666958
2022-12-20 19:00:00,55.5,272.116666666667,135.200281191572,1.44124988548451
2022-12-20 20:00:00,56.4,272.15,133.504335558153,1.95675774859273
2022-12-20 21:00:00,58.8666666666667,272.383333333333,142.112715327836,1.83590807107679
2022-12-20 22:00:00,59.2166666666667,272.433333333333,127.19954060887,3.26121642924349
2022-12-20 23:00:00,58.5166666666667,272.283333333333,137.537655662102,4.49919415937728
2022-12-21 00:00:00,61.3,272.366666666667,139.379805425187,4.91171255908038
2022-12-21 01:00:00,62.2833333333333,272.45,149.919752426592,4.59173140548295
2022-12-21 02:00:00,64.2166666666667,272.2,146.846806064202,4.72054341179147
2022-12-21 03:00:00,62.85,272.316666666667,131.521180141365,4.03853984635301
2022-12-21 04:00:00,63.5166666666667,272.133333333333,139.900222036297,3.58560816438703
2022-12-21 05:00:00,69.3333333333333,271.516666666667,141.295660878553,4.62664829522174
2022-12-21 06:00:00,75.3166666666667,271.066666666667,141.752027155404,3.6350029468123
2022-12-21 07:00:00,82.1166666666667,270.35,139.605463029637,3.4141636131063
2022-12-21 08:00:00,93.7666666666667,269.316666666667,141.710931116617,3.28464247037447
2022-12-21 09:00:00,89.1,269.45,147.415094908629,3.28964537568927
2022-12-21 10:00:00,91.7,269.05,150.602239331981,3.7316847339225
2022-12-21 11:00:00,98.8833333333333,268.483333333333,153.374623957024,2.84314854893126
2022-12-21 12:00:00,99.1666666666667,268.083333333333,150.992560466014,2.65260210857021
2022-12-21 13:00:00,99.0,267.95,142.660457864972,2.64353705130533
2022-12-21 14:00:00,99.25,267.833333333333,142.271695395469,2.88361728349602
2022-12-21 15:00:00,98.7166666666667,267.75,142.366520524672,2.95157307121279
2022-12-21 16:00:00,98.0333333333333,267.4,123.03738031197,1.34557887932485
2022-12-21 17:00:00,96.6333333333333,266.866666666667,142.372851350903,1.72033230406304
2022-12-21 18:00:00,97.8666666666667,266.666666666667,144.541644269126,1.58359675355005
2022-12-21 19:00:00,97.45,266.733333333333,148.810238361006,1.87896037567728
2022-12-21 20:00:00,96.7833333333333,266.566666666667,143.321645078156,1.80066926724952
2022-12-21 21:00:00,94.4,266.366666666667,152.690259516199,2.20484967699675
2022-12-21 22:00:00,95.7333333333333,265.95,149.035717702365,1.81872159558218
2022-12-21 23:00:00,94.4166666666667,266.25,153.10322920934,2.59159076167655
2022-12-22 00:00:00,90.95,266.35,152.463088738223,3.24180658837777
2022-12-22 01:00:00,89.3833333333333,266.183333333333,164.101967723274,2.93246892381835
2022-12-22 02:00:00,82.2,266.2,160.958855417036,2.36435841439898
2022-12-22 03:00:00,79.0333333333334,266.016666666667,157.680571184511,2.56137990144122
2022-12-22 04:00:00,78.1333333333333,265.983333333333,157.870858568583,2.63577398180769
2022-12-22 05:00:00,80.65,266.15,159.837891825235,3.11823180656643
2022-12-22 06:00:00,78.3833333333334,266.35,159.040554649743,2.17651257843504
2022-12-22 07:00:00,76.6666666666667,266.45,159.783755560113,3.38451568114765
2022-12-22 08:00:00,77.2666666666667,265.95,162.310135712694,3.39159256645105
2022-12-22 09:00:00,66.0833333333333,266.2,158.169012019256,3.82230298166224
2022-12-22 10:00:00,66.3833333333334,266.166666666667,158.825135959791,3.04009820723655
2022-12-22 11:00:00,60.6666666666667,266.6,151.500646541517,3.63417991603615
2022-12-22 12:00:00,67.2166666666667,266.05,159.956925034138,5.51326332945938
2022-12-22 13:00:00,70.3166666666667,265.633333333333,158.585923997256,6.0075152553057
2022-12-22 14:00:00,69.9,265.1,164.480534876593,6.39968437624145
2022-12-22 15:00:00,73.25,264.75,164.245478192192,4.87946217185525
2022-12-22 16:00:00,77.9166666666667,264.45,169.487744227659,4.87511737876984
2022-12-22 17:00:00,76.25,264.083333333333,164.334860637548,4.34393754697883
2022-12-22 18:00:00,64.6333333333334,263.95,169.476544221451,3.58549187121502
2022-12-22 19:00:00,54.4833333333333,264.35,158.890266793405,4.15102468289914
2022-12-22 20:00:00,56.9,264.183333333333,164.91800932251,2.90896393158638
2022-12-22 21:00:00,68.6,264.533333333333,151.813583984608,2.78553849846974
2022-12-22 22:00:00,82.05,265.1,160.151013035105,2.73192920387938
2022-12-22 23:00:00,85.7666666666667,265.516666666667,157.328028694909,3.41772854109456
2022-12-23 00:00:00,88.25,266.25,166.157733024377,4.61719773618079
2022-12-23 01:00:00,97.3833333333334,266.5,159.903666498955,4.94912778728398
2022-12-23 02:00:00,99.0333333333333,266.766666666667,161.713887140336,5.30963967771999
2022-12-23 03:00:00,99.6833333333333,267.166666666667,166.485627679185,5.64968779316395
2022-12-23 04:00:00,99.9,267.483333333333,167.630403416567,6.33663837090398
2022-12-23 05:00:00,99.9,267.483333333333,163.457684684042,4.50893277858084
2022-12-23 06:00:00,99.9,267.433333333333,164.110043283586,5.17552216866522
2022-12-23 07:00:00,99.8666666666667,267.333333333333,161.438979592987,4.59180183960154
2022-12-23 08:00:00,99.9,267.366666666667,156.748047938799,3.95531042606296
2022-12-23 09:00:00,99.9,267.45,156.56166563016,4.10413619455595
2022-12-23 10:00:00,99.9,267.75,151.326884393024,3.66195486467636
2022-12-23 11:00:00,99.9,268.133333333333,147.066622272145,3.07640691062609
2022-12-23 12:00:00,99.9,268.316666666667,140.212348309583,2.86633700945574
2022-12-23 13:00:00,99.9,268.666666666667,144.925905211444,4.53598259272021
2022-12-23 14:00:00,99.9,268.983333333333,152.186574325665,5.4569208472501
2022-12-23 15:00:00,99.9,269.166666666667,143.864976996368,4.82847385239121
2022-12-23 16:00:00,99.9,269.216666666667,148.186731322012,4.81040854773713
2022-12-23 17:00:00,99.9,269.15,145.193877445624,4.46599015871698
2022-12-23 18:00:00,99.9,269.016666666667,148.121721909492,5.36398324796713
2022-12-23 19:00:00,99.9,268.566666666667,124.892791617219,6.26307479414582
2022-12-23 20:00:00,99.9,268.55,133.988875343259,5.50649316611949
2022-12-23 21:00:00,99.9,268.583333333333,136.863293852519,4.66125855199329
2022-12-23 22:00:00,99.9,268.15,130.671857920659,3.87103468176254
2022-12-23 23:00:00,99.9,267.8,123.59728544975,3.19965109789591
2022-12-24 00:00:00,99.9,267.283333333333,133.605187276254,3.91620477573994
2022-12-24 01:00:00,99.8833333333333,266.25,139.580288222662,5.03856405896669
2022-12-24 02:00:00,99.8166666666667,266.183333333333,131.500839399371,4.59862733517455
2022-12-24 03:00:00,99.8666666666667,266.416666666667,129.585553788642,4.35030766802785
2022-12-24 04:00:00,99.8166666666667,266.116666666667,132.638744771249,4.53991333138769
2022-12-24 05:00:00,99.5833333333333,265.783333333333,131.968586385594,3.5982114333365
2022-12-24 06:00:00,99.35,265.65,132.405669750469,3.33225840006644
2022-12-24 07:00:00,99.1333333333333,265.516666666667,140.396090177346,3.44431856989717
2022-12-24 08:00:00,99.15,265.616666666667,137.238640614951,3.85970557635428
2022-12-24 09:00:00,99.0166666666667,265.633333333333,130.765056829052,3.90647136046809
2022-12-24 10:00:00,98.9166666666667,265.633333333333,133.771979340586,4.25403476995802
2022-12-24 11:00:00,99.25,266.133333333333,136.255024590931,5.96134158527646
2022-12-24 12:00:00,99.7166666666667,266.833333333333,117.394530165935,7.03639682216934
2022-12-24 13:00:00,99.9,267.25,110.929075246047,7.07190318144724
2022-12-24 14:00:00,99.9,267.316666666667,109.384165729015,6.28738872356136
2022-12-24 15:00:00,99.8833333333333,267.3,105.943501052334,6.39549544013449
2022-12-24 16:00:00,99.9,267.4,110.541106788374,5.58571466831322
2022-12-24 17:00:00,99.9,267.4,112.299533291151,4.76608131062627
2022-12-24 18:00:00,99.9,267.483333333333,112.077484524276,4.78792533743703
2022-12-24 19:00:00,99.9,267.55,111.832694990174,4.24369582755453
2022-12-24 20:00:00,99.9,267.716666666667,111.605706911329,4.50507201040955
2022-12-24 21:00:00,99.9,267.85,111.718740112604,4.43478977827429
2022-12-24 22:00:00,99.9,267.95,113.967438391984,4.32728377818946
2022-12-24 23:00:00,99.9,268.016666666667,113.311175584614,4.7133504440343
2022-12-25 00:00:00,99.9,268.15,115.434517628106,4.41281596432341
2022-12-25 01:00:00,99.9,268.25,118.213682677079,4.59196983423733
2022-12-25 02:00:00,99.9,268.066666666667,110.088896116474,4.4855734370649
2022-12-25 03:00:00,99.9,267.866666666667,114.674539439094,4.09167020499447
2022-12-25 04:00:00,99.9,267.583333333333,114.258221927651,3.6180473123161
2022-12-25 05:00:00,99.9,267.333333333333,121.911162016238,4.13162544987404
2022-12-25 06:00:00,99.9,267.45,112.529903324445,3.83899999773474
2022-12-25 07:00:00,99.8833333333333,267.383333333333,114.256546643358,3.58105363581093
2022-12-25 08:00:00,99.9,267.35,105.218573328241,3.10074354811473
2022-12-25 09:00:00,99.9,268.166666666667,115.542013867285,2.67736374701947
2022-12-25 10:00:00,99.9,268.833333333333,117.039992676478,3.27646318155536
2022-12-25 11:00:00,99.3833333333333,269.2,107.090079854868,3.36371028039572
2022-12-25 12:00:00,96.45,269.483333333333,110.07579919144,2.72423359258376
2022-12-25 13:00:00,88.0333333333334,269.633333333333,109.411271465387,3.5507829704254
2022-12-25 14:00:00,79.9166666666667,269.883333333333,112.274252234372,4.11728947221895
2022-12-25 15:00:00,72.6166666666667,269.883333333333,113.856013660978,4.40753385188195
2022-12-25 16:00:00,65.45,269.783333333333,112.146666888551,4.54653809735437
2022-12-25 17:00:00,58.3166666666667,269.7,120.625720478453,3.70857336880301
2022-12-25 18:00:00,53.75,269.7,132.39056110053,3.16801234878399
2022-12-25 19:00:00,49.0166666666667,269.866666666667,130.524048443948,3.31437904890733
2022-12-25 20:00:00,41.0333333333333,270.616666666667,132.746782700356,4.23037346919054
2022-12-25 21:00:00,38.7333333333333,270.816666666667,133.619498480753,4.50468463969499
2022-12-25 22:00:00,38.15,270.783333333333,131.241352410186,3.60776474099097
2022-12-25 23:00:00,38.85,270.433333333333,134.424962150321,5.02370269777916
2022-12-26 00:00:00,39.45,270.316666666667,134.766563482645,4.07302501789885
2022-12-26 01:00:00,38.7666666666667,270.333333333333,131.827245933316,4.25838532356175
2022-12-26 02:00:00,40.1,270.166666666667,135.002783935426,4.49777410704461
2022-12-26 03:00:00,41.1833333333333,270.116666666667,132.6059067409,3.60864408842998
2022-12-26 04:00:00,41.1666666666667,269.833333333333,136.264937722003,3.69390287377667
2022-12-26 05:00:00,41.7833333333333,269.6,137.567803337927,3.4708176337065
2022-12-26 06:00:00,42.7333333333333,269.6,143.542454407282,3.76314419836678
2022-12-26 07:00:00,44.2333333333333,269.416666666667,134.613690588838,3.84065086439532
2022-12-26 08:00:00,44.7833333333333,269.3,140.811484118055,3.47575762880451
2022-12-26 09:00:00,45.6166666666667,269.583333333333,144.440184210517,3.96013566240552
2022-12-26 10:00:00,47.55,269.616666666667,140.037345007749,3.61292401755374
2022-12-26 11:00:00,49.0666666666667,269.95,136.160899790509,3.88456726587593
2022-12-26 12:00:00,49.7166666666667,270.366666666667,148.540157184215,4.14903080088281
2022-12-26 13:00:00,52.8666666666667,270.333333333333,148.309973350027,4.481882326904
2022-12-26 14:00:00,56.85,269.8,145.703870605907,4.01126178571483
2022-12-26 15:00:00,59.6166666666667,269.7,143.438867618562,4.60497035061043
2022-12-26 16:00:00,65.5833333333333,269.1,158.331743545771,5.11428156864687
2022-12-26 17:00:00,70.7666666666667,268.25,157.1564565132,5.35237605298818
2022-12-26 18:00:00,74.1666666666667,267.716666666667,154.411358530103,4.96315228380398
2022-12-26 19:00:00,78.2166666666667,267.4,153.226632275762,4.74203582405121
2022-12-26 20:00:00,85.4166666666667,267.1,156.008715325841,4.43678755199922
2022-12-26 21:00:00,96.45,266.183333333333,145.860366232987,2.31930094308156
2022-12-26 22:00:00,97.1666666666667,264.983333333333,121.989729558379,1.13460260841992
2022-12-26 23:00:00,96.4833333333333,264.466666666667,155.348975692968,3.13320838256833
2022-12-27 00:00:00,96.1833333333333,264.283333333333,173.309083277908,5.10917684816252
2022-12-27 01:00:00,95.05,264.166666666667,167.454084947458,4.54622934653374
2022-12-27 02:00:00,88.5833333333333,264.15,172.264828772339,4.20567603185874
2022-12-27 03:00:00,80.0,263.7,168.920292950328,3.58403457557185
2022-12-27 04:00:00,84.8,263.416666666667,166.901771050742,2.99789359578599
2022-12-27 05:00:00,86.0166666666667,263.016666666667,165.907188775963,3.22383827446672
2022-12-27 06:00:00,89.75,262.583333333333,162.432808174286,1.98449614058368
2022-12-27 07:00:00,90.7833333333333,261.95,166.873760187452,3.0434221386417
2022-12-27 08:00:00,91.8166666666667,261.416666666667,169.619409226213,3.18924707784249
2022-12-27 09:00:00,91.4166666666667,260.983333333333,164.336062391936,1.99435351864067
2022-12-27 10:00:00,91.2,261.5,150.137917998782,2.27407352593871
2022-12-27 11:00:00,86.6666666666667,261.916666666667,129.461401685199,1.10309734884257
2022-12-27 12:00:00,81.1666666666667,262.166666666667,144.868218878036,2.4581948060657
2022-12-27 13:00:00,74.2166666666667,262.4,146.311216562289,2.7827441944637
2022-12-27 14:00:00,72.6,261.866666666667,160.409967247183,1.91172988266943
2022-12-27 15:00:00,65.8666666666667,261.666666666667,154.515646605769,2.04542134714919
2022-12-27 16:00:00,57.05,261.066666666667,157.285487769578,2.74683044705031
2022-12-27 17:00:00,43.7833333333333,260.9,158.67156351387,3.04295093408073
2022-12-27 18:00:00,29.15,261.7,158.698982952991,3.391404625085
2022-12-27 19:00:00,27.1833333333333,261.916666666667,148.310822187218,2.71758387994859
2022-12-27 20:00:00,21.5,262.266666666667,139.185527263677,2.52349973709928
2022-12-27 21:00:00,23.2833333333333,262.766666666667,143.550167077339,2.15214055460765
2022-12-27 22:00:00,22.0,262.3,142.450715550249,1.54983452534704
2022-12-27 23:00:00,29.6833333333333,262.133333333333,146.793623355738,2.12952199954948
2022-12-28 00:00:00,34.1333333333333,262.0,151.845461052284,2.90842286249253
2022-12-28 01:00:00,25.1833333333333,262.266666666667,147.295232285334,2.61818923733892
2022-12-28 02:00:00,24.0166666666667,262.4,163.913541583757,2.12392945546343
2022-12-28 03:00:00,23.0166666666667,262.616666666667,149.512696066839,2.04925121932464
2022-12-28 04:00:00,29.15,263.033333333333,156.512894892185,3.13740577556066
2022-12-28 05:00:00,44.3833333333333,263.683333333333,152.836128359018,3.31898766300447
2022-12-28 06:00:00,59.3,263.883333333333,148.370261133318,3.18427260928398
2022-12-28 07:00:00,69.2833333333334,263.916666666667,152.483121916074,2.95955941144565
2022-12-28 08:00:00,70.15,263.933333333333,153.425596296482,2.65627623554661
2022-12-28 09:00:00,68.6333333333333,264.816666666667,148.972969525892,2.36211947175807
2022-12-28 10:00:00,68.3333333333333,265.8,140.231373012516,2.79495207224271
2022-12-28 11:00:00,67.2,266.2,131.124357659444,2.452560403096
2022-12-28 12:00:00,64.05,266.816666666667,124.901853277783,2.38928499128443
2022-12-28 13:00:00,65.3166666666667,266.916666666667,136.023646643002,2.53142548166212
2022-12-28 14:00:00,67.1166666666667,267.316666666667,144.410921827443,2.27726243522531
2022-12-28 15:00:00,66.0833333333333,267.8,141.115560998969,2.42367581310547
2022-12-28 16:00:00,61.8833333333333,267.933333333333,137.356198059431,2.585406254457
2022-12-28 17:00:00,59.0833333333333,267.116666666667,132.469390891502,2.37272371756448
2022-12-28 18:00:00,57.1833333333333,266.95,146.430777309155,2.97522092340444
2022-12-28 19:00:00,60.5333333333333,267.2,146.532007570428,2.75695185825759
2022-12-28 20:00:00,54.8,267.55,146.652177538536,2.34939746321797
2022-12-28 21:00:00,50.3333333333333,268.016666666667,145.35842882547,3.0589813113597
2022-12-28 22:00:00,42.4166666666667,268.166666666667,139.69858251416,2.88037275649893
2022-12-28 23:00:00,34.1,267.9,145.160148434984,2.55297702535502
2022-12-29 00:00:00,33.0666666666667,267.4,143.873666258899,2.85985774628408
2022-12-29 01:00:00,27.7833333333333,266.983333333333,147.930303893005,3.55784540610535
2022-12-29 02:00:00,22.4666666666667,266.966666666667,144.132445189717,3.04251932692775
2022-12-29 03:00:00,23.05,266.933333333333,138.814022742695,2.51254150142183
2022-12-29 04:00:00,23.5666666666667,266.683333333333,136.582799178241,2.64762858434809
2022-12-29 05:00:00,25.15,266.366666666667,126.947328777874,1.91941098395531
2022-12-29 06:00:00,27.8166666666667,266.416666666667,118.027812840776,1.35744958663118
2022-12-29 07:00:00,30.4333333333333,266.666666666667,147.053986121026,2.96296583940552
2022-12-29 08:00:00,26.0666666666667,267.183333333333,153.368031160717,3.12433435727224
2022-12-29 09:00:00,28.3166666666667,268.0,143.431624253454,2.86648375976317
2022-12-29 10:00:00,34.3833333333333,268.133333333333,148.951609579065,2.64187532605861
2022-12-29 11:00:00,37.6,268.4,137.923940136708,2.37286228483435
2022-12-29 12:00:00,41.85,268.566666666667,130.829108395078,1.82565883855441
2022-12-29 13:00:00,46.5833333333333,268.45,132.935870531563,1.41567751201276
2022-12-29 14:00:00,49.0666666666667,266.866666666667,134.451488936358,1.77415748161014
2022-12-29 15:00:00,59.0333333333333,266.583333333333,140.786601890214,1.77228873784978
2022-12-29 16:00:00,61.6833333333333,266.716666666667,150.446571837939,2.28199399017062
2022-12-29 17:00:00,61.9666666666667,265.783333333333,129.193637036558,1.27972342468548
2022-12-29 18:00:00,64.3333333333333,265.35,138.651727633741,1.52652215975406
2022-12-29 19:00:00,67.8,264.833333333333,148.600920266672,1.5684280132137
2022-12-29 20:00:00,69.4166666666667,264.633333333333,152.743347818318,2.99306732770192
2022-12-29 21:00:00,62.8,265.116666666667,152.926362804836,3.54082549926414
2022-12-29 22:00:00,65.8666666666667,264.933333333333,152.904736125339,3.13354178618097
2022-12-29 23:00:00,72.4166666666667,264.55,146.990060803638,3.53393930703345
2022-12-30 00:00:00,79.0666666666667,264.25,161.572706357734,5.52760460446454
2022-12-30 01:00:00,84.1166666666667,264.2,151.40484495749,3.99904754501356
2022-12-30 02:00:00,86.7833333333334,264.183333333333,154.7278316788,4.28785805855046
2022-12-30 03:00:00,84.8333333333333,264.3,161.237414058818,6.87209875262126
2022-12-30 04:00:00,88.4,264.366666666667,152.951735669914,4.30498270147886
2022-12-30 05:00:00,94.2666666666667,264.316666666667,156.371633485191,3.80313080693027
2022-12-30 06:00:00,95.0666666666667,264.283333333333,155.212444129467,3.65114824933034
2022-12-30 07:00:00,94.7166666666667,264.066666666667,162.565383086144,3.77342429648258
2022-12-30 08:00:00,93.55,264.25,160.804059463196,4.1309748446752
2022-12-30 09:00:00,91.2,264.316666666667,159.335762784211,3.75498873972559
2022-12-30 10:00:00,91.35,264.7,155.599586202731,2.61438376269967
2022-12-30 11:00:00,88.6,265.0,147.752546441927,2.43914798760876
2022-12-30 12:00:00,79.9333333333333,265.733333333333,157.179656962947,2.72279119407064
2022-12-30 13:00:00,78.85,265.8,150.583764691331,3.74035627521691
2022-12-30 14:00:00,73.4166666666667,266.066666666667,152.459449049421,3.06770648717456
2022-12-30 15:00:00,68.8833333333334,266.066666666667,147.023377963947,3.64685702694761
2022-12-30 16:00:00,62.4833333333333,265.866666666667,149.959680402775,3.86177401366185
2022-12-30 17:00:00,65.05,266.016666666667,159.932102730126,3.67908537826659
2022-12-30 18:00:00,88.1666666666667,266.7,154.704238829543,4.34431996324209
2022-12-30 19:00:00,98.9833333333333,267.266666666667,155.659299649579,5.04253311704567
2022-12-30 20:00:00,99.2333333333333,267.333333333333,154.511897350955,4.58443436957557
2022-12-30 21:00:00,91.1833333333333,267.466666666667,154.484390573859,4.19049590618725
2022-12-30 22:00:00,93.1666666666667,267.6,159.044549200983,4.17842181314802
2022-12-30 23:00:00,96.4333333333333,268.25,158.70368752477,4.24017097890329
2022-12-31 00:00:00,97.2166666666667,268.766666666667,155.322452384507,4.49028051704023
2022-12-31 01:00:00,96.1833333333333,268.916666666667,157.117294739197,3.80773366097714
2022-12-31 02:00:00,96.8,269.066666666667,152.280377347997,3.83389807217168
2022-12-31 03:00:00,98.8166666666667,269.2,151.614115810688,3.80831159884661
2022-12-31 04:00:00,97.9166666666667,269.166666666667,147.017881069714,3.98006586695963
2022-12-31 05:00:00,98.3833333333333,268.916666666667,137.781369080334,3.84805073653
2022-12-31 06:00:00,92.6166666666667,268.15,148.434460986625,3.13562248224252
2022-12-31 07:00:00,87.9666666666667,268.633333333333,155.486329876043,3.4223511842276
2022-12-31 08:00:00,87.1,269.1,152.838949728913,2.89843930505741
2022-12-31 09:00:00,84.5,269.8,140.445592233612,2.84792563655669
2022-12-31 10:00:00,83.6,270.1,145.33349687695,2.96791036400529
2022-12-31 11:00:00,77.75,270.3,139.348919149016,3.35098501477796
2022-12-31 12:00:00,72.7166666666667,270.55,132.862956609137,3.55174872004599
2022-12-31 13:00:00,65.6,271.516666666667,126.995733232197,3.46285572979202
2022-12-31 14:00:00,60.3833333333333,271.666666666667,139.049964094637,4.90069082667626
2022-12-31 15:00:00,55.9166666666667,272.1,135.059857883448,5.05725454849314
2022-12-31 16:00:00,51.7833333333333,272.166666666667,136.162844130607,4.28060387270637
2022-12-31 17:00:00,49.1666666666667,272.083333333333,146.077748334934,3.2439440536686
2022-12-31 18:00:00,44.4333333333333,272.333333333333,148.442906524253,2.80043480712205
2022-12-31 19:00:00,46.5333333333333,272.05,147.764847571774,1.95093106953452
2022-12-31 20:00:00,45.7,272.25,139.066781121774,1.60945015128305
2022-12-31 21:00:00,44.35,272.383333333333,141.708941104745,2.62532623572486
2022-12-31 22:00:00,43.0166666666667,272.5,149.904117769583,2.58846696153261
2022-12-31 23:00:00,46.45,272.333333333333,153.293603101498,2.65193772070899
2023-01-01 00:00:00,53.35,272.016666666667,154.834345591727,2.91176856730244
2023-01-01 01:00:00,53.7666666666667,272.066666666667,140.303554192956,3.9400344945632
2023-01-01 02:00:00,56.1,271.95,143.01953283114,3.82462117036621
2023-01-01 03:00:00,54.2166666666667,271.966666666667,140.878120560162,3.35326012306564
2023-01-01 04:00:00,61.0333333333333,271.366666666667,141.113661888456,2.89609971360628
2023-01-01 05:00:00,64.4166666666667,271.183333333333,151.752860191949,3.30283173776641
2023-01-01 06:00:00,65.9333333333333,271.15,143.134367208104,2.72063972543453
2023-01-01 07:00:00,74.4333333333333,270.233333333333,141.192468096588,2.74600628325211
2023-01-01 08:00:00,77.1333333333334,270.0,138.687016831276,2.59033746722289
2023-01-01 09:00:00,68.95,270.833333333333,114.792244243864,1.8054225461676
2023-01-01 10:00:00,63.2333333333333,271.733333333333,137.599694744921,1.99448284940409
2023-01-01 11:00:00,55.1333333333333,272.933333333333,131.725228683563,2.43964904019775
2023-01-01 12:00:00,46.3,273.283333333333,127.852170084688,2.41342310776787
2023-01-01 13:00:00,45.25,273.383333333333,137.639125763335,3.24727890794361
2023-01-01 14:00:00,45.5166666666667,273.1,145.625724200971,3.73446102863945
2023-01-01 15:00:00,41.1666666666667,273.133333333333,146.996077832765,4.34716066960498
2023-01-01 16:00:00,40.9333333333333,272.783333333333,148.934376778287,5.35785086853296
2023-01-01 17:00:00,38.75,272.366666666667,141.659448812487,5.99843002740504
2023-01-01 18:00:00,38.6166666666667,271.933333333333,147.332076260522,5.84645370817331
2023-01-01 19:00:00,40.0333333333333,271.666666666667,143.310405912737,6.27773432388704
2023-01-01 20:00:00,39.5333333333333,271.366666666667,143.745229086437,4.2955922083598
2023-01-01 21:00:00,38.7333333333333,271.1,140.582554054369,3.39084927091718
2023-01-01 22:00:00,39.5333333333333,270.666666666667,141.623498746117,2.26401712373128
2023-01-01 23:00:00,39.4166666666667,270.466666666667,136.802109812131,2.66538560846017
2023-01-02 00:00:00,41.4833333333333,270.466666666667,139.553039954677,2.98996601673707
2023-01-02 01:00:00,38.9,270.45,157.824488999904,3.27960985623627
2023-01-02 02:00:00,37.25,270.5,161.746894745118,2.87269183196559
2023-01-02 03:00:00,35.3166666666667,270.316666666667,166.263031556571,3.86569062056665
2023-01-02 04:00:00,36.4333333333333,269.866666666667,157.39020661566,4.89480403012699
2023-01-02 05:00:00,37.2333333333333,269.633333333333,156.370492945506,4.30265596403945
2023-01-02 06:00:00,40.5,269.5,161.647736350927,4.99732081816521
2023-01-02 07:00:00,41.3666666666667,269.45,150.194421958867,4.39015574321687
2023-01-02 08:00:00,37.0,269.766666666667,152.1506523355,2.84554859191414
2023-01-02 09:00:00,31.6333333333333,270.55,152.081724538465,1.15688272402511
2023-01-02 10:00:00,34.1333333333333,270.883333333333,158.831506113989,2.05273476245579
2023-01-02 11:00:00,41.5833333333333,270.516666666667,151.130122240313,6.43553328870256
2023-01-02 12:00:00,41.2666666666667,270.95,156.669977371093,7.4284711472271
2023-01-02 13:00:00,40.5666666666667,271.133333333333,155.511914591143,4.93638239020881
2023-01-02 14:00:00,39.0833333333333,271.366666666667,153.040088277364,3.51122228114336
2023-01-02 15:00:00,45.6833333333333,270.65,141.110595915054,2.43948984567655
2023-01-02 16:00:00,48.15,269.966666666667,142.143496901193,2.13438498151872
2023-01-02 17:00:00,45.8833333333333,269.3,128.607798769417,1.69271145196798
2023-01-02 18:00:00,46.0666666666667,268.966666666667,136.271005310321,1.81725008502544
2023-01-02 19:00:00,46.5666666666667,268.683333333333,124.821688400223,1.06967346865268
2023-01-02 20:00:00,49.5333333333333,268.316666666667,116.436857005312,1.5365678967173
2023-01-02 21:00:00,52.4833333333334,267.916666666667,122.870821396846,1.65299943824292
2023-01-02 22:00:00,49.9833333333334,267.833333333333,125.230878129411,1.42894139627979
2023-01-02 23:00:00,52.8666666666667,267.7,143.343836715612,1.62522578403255
2023-01-03 00:00:00,58.95,267.433333333333,143.409226507034,2.12374666630399
2023-01-03 01:00:00,62.15,267.216666666667,143.241904696088,2.32887538366144
2023-01-03 02:00:00,64.95,266.733333333333,139.378354220511,2.05820994449526
2023-01-03 03:00:00,66.2333333333333,266.616666666667,136.415941852158,2.20781082840159
2023-01-03 04:00:00,70.6666666666667,266.45,141.194220345903,2.08702952579737
2023-01-03 05:00:00,77.1833333333333,266.35,132.639587369265,2.0170704388912
2023-01-03 06:00:00,82.35,266.216666666667,136.706928551607,2.04734964167408
2023-01-03 07:00:00,90.4333333333333,266.0,139.575777068309,2.32599715574405
2023-01-03 08:00:00,93.7666666666667,266.0,136.791883010262,1.74865420867389
2023-01-03 09:00:00,96.15,266.016666666667,110.863122553084,1.20751665580662
2023-01-03 10:00:00,95.25,266.283333333333,118.788490118401,1.27473083996251
2023-01-03 11:00:00,94.3666666666667,266.766666666667,132.054358647885,1.32005774209755
2023-01-03 12:00:00,90.4333333333333,268.033333333333,139.566325940268,1.11892517882899
2023-01-03 13:00:00,93.8333333333333,267.616666666667,144.795592575675,1.3682300830844
2023-01-03 14:00:00,94.7666666666666,267.533333333333,137.050156707114,1.39368730818778
2023-01-03 15:00:00,98.3,267.133333333333,133.03806195484,1.15043029705567
2023-01-03 16:00:00,99.4,266.733333333333,144.044481567604,0.915685895583439
2023-01-03 17:00:00,99.5333333333333,266.5,131.552767457752,1.0210450647332
2023-01-03 18:00:00,98.8333333333333,266.116666666667,132.94262919403,1.52033969056664
2023-01-03 19:00:00,98.3166666666667,266.0,135.615001360225,1.48891149468782
2023-01-03 20:00:00,97.6666666666667,265.433333333333,146.354104846594,1.67142548045661
2023-01-03 21:00:00,96.8666666666667,264.783333333333,144.324581977185,1.85936315607071
2023-01-03 22:00:00,96.1333333333333,264.316666666667,152.565595547001,2.09058029494104
2023-01-03 23:00:00,95.5333333333333,263.85,154.728507055359,2.45558381012597
2023-01-04 00:00:00,94.5666666666667,263.266666666667,148.849944807291,2.19657756796398
2023-01-04 01:00:00,92.7333333333333,262.816666666667,153.326464570302,2.3332460881456
2023-01-04 02:00:00,74.8666666666667,263.083333333333,161.436124769589,3.03071590296828
2023-01-04 03:00:00,51.1,263.783333333333,160.229213879738,3.17798492330676
2023-01-04 04:00:00,27.1,264.85,150.901101893387,3.18880950397238
2023-01-04 05:00:00,21.2666666666667,264.8,141.62286708311,2.44679881369476
2023-01-04 06:00:00,22.2,264.583333333333,148.438697978145,2.77156917045949
2023-01-04 07:00:00,24.5,264.5,140.160042023214,3.19528024079323
2023-01-04 08:00:00,25.1666666666667,264.716666666667,149.256952586287,3.33369071779139
2023-01-04 09:00:00,27.0833333333333,265.433333333333,142.881162576978,4.17330745258933
2023-01-04 10:00:00,33.7166666666667,265.85,146.594623321526,4.70830951019779
2023-01-04 11:00:00,48.1666666666667,266.683333333333,111.537601146891,3.981988321337
2023-01-04 12:00:00,55.4333333333333,267.483333333333,119.393174795974,3.2776085706913
2023-01-04 13:00:00,61.9666666666667,267.816666666667,141.655225558351,2.7823418100647
2023-01-04 14:00:00,73.95,267.416666666667,144.931592006814,3.13136275938955
2023-01-04 15:00:00,80.9,267.283333333333,146.254243564435,2.84704063905585
2023-01-04 16:00:00,84.5833333333333,266.916666666667,147.931390464809,3.2501648881645
2023-01-04 17:00:00,87.1,266.65,148.442925073046,2.63456226733528
2023-01-04 18:00:00,84.0,266.5,153.698756811604,3.19484682742987
2023-01-04 19:00:00,78.9333333333333,266.35,150.979607869821,2.73616157981843
2023-01-04 20:00:00,64.8166666666667,266.416666666667,155.790914033446,3.25264720917137
2023-01-04 21:00:00,60.5333333333333,266.35,163.279681714799,3.92409232101884
2023-01-04 22:00:00,60.8833333333333,266.1,156.686196191079,2.79013552403409
2023-01-04 23:00:00,61.9833333333333,265.816666666667,140.30916892895,1.65426404363023
2023-01-05 00:00:00,76.4,266.416666666667,153.137260244554,2.27258598275854
2023-01-05 01:00:00,86.1166666666667,266.65,155.775161860456,2.64036508854274
2023-01-05 02:00:00,89.7833333333334,266.4,160.323928273682,4.51119796790589
2023-01-05 03:00:00,97.4333333333333,266.816666666667,149.471973330178,2.17913124403814
2023-01-05 04:00:00,95.75,266.633333333333,164.087759229883,3.80008678741503
2023-01-05 05:00:00,95.15,267.016666666667,165.968413853195,4.09642897244311
2023-01-05 06:00:00,95.45,267.35,167.775248006415,5.09904625463335
2023-01-05 07:00:00,97.2833333333334,267.6,171.177180270703,5.8269874606304
2023-01-05 08:00:00,97.1333333333333,267.55,170.513965699703,5.59664533651964
2023-01-05 09:00:00,95.1,267.516666666667,168.308931453892,5.38633840612275
2023-01-05 10:00:00,86.7,266.783333333333,175.011444225673,4.18232916037708
2023-01-05 11:00:00,89.4166666666667,266.483333333333,170.787276248331,4.05435181090106
2023-01-05 12:00:00,89.5666666666667,266.316666666667,174.15291092397,5.09293025714892
2023-01-05 13:00:00,87.0666666666667,266.15,167.68788264675,4.32909527336069
2023-01-05 14:00:00,86.6666666666667,266.216666666667,164.695366862897,4.52210130667122
2023-01-05 15:00:00,91.9833333333333,265.95,159.124894339714,3.69973486425537
2023-01-05 16:00:00,95.9833333333333,265.266666666667,144.461079855822,3.08557506528627
2023-01-05 17:00:00,95.9333333333333,264.666666666667,155.470730030921,3.33596859715689
2023-01-05 18:00:00,92.0666666666667,264.25,157.8478343858,3.09043225716709
2023-01-05 19:00:00,92.45,264.016666666667,164.310065367491,3.90621731112392
2023-01-05 20:00:00,95.1833333333333,263.85,165.687154553093,2.77284262721022
2023-01-05 21:00:00,95.4,263.816666666667,150.994524723888,3.23840866424474
2023-01-05 22:00:00,94.7,263.65,158.727888911682,3.37341905845042
2023-01-05 23:00:00,71.7166666666667,264.366666666667,140.054140358905,3.24326710090426
2023-01-06 00:00:00,54.55,265.65,139.089086293233,3.80539004988611
2023-01-06 01:00:00,47.2333333333333,266.566666666667,140.35143992116,2.76110000976702
2023-01-06 02:00:00,36.4166666666667,267.133333333333,106.298755826374,1.15079283471359
2023-01-06 03:00:00,30.85,266.933333333333,57.7064884780616,1.03592237899355
2023-01-06 04:00:00,31.45,267.266666666667,105.671913276727,1.55811359340771
2023-01-06 05:00:00,33.15,267.266666666667,121.593624506278,2.17133366927025
2023-01-06 06:00:00,31.9166666666667,267.433333333333,144.172007805409,2.37885486493723
2023-01-06 07:00:00,28.8833333333333,267.616666666667,139.238274109972,2.49328778695808
2023-01-06 08:00:00,24.3833333333333,267.8,108.773783413775,1.16063206422487
2023-01-06 09:00:00,23.9333333333333,268.333333333333,121.441083554871,1.20758161138808
2023-01-06 10:00:00,25.8,269.383333333333,133.725371598601,1.5670623575464
2023-01-06 11:00:00,27.1666666666667,269.6,112.694202800024,2.01286632953282
2023-01-06 12:00:00,28.6833333333333,270.633333333333,126.347837756075,1.52597655108604
2023-01-06 13:00:00,30.05,271.383333333333,128.912020793184,1.49131148224032
2023-01-06 14:00:00,28.4,271.433333333333,151.963877386899,1.30396534661106
2023-01-06 15:00:00,28.5666666666667,271.233333333333,153.668900869305,1.78282169085658
2023-01-06 16:00:00,27.8333333333333,270.833333333333,150.949245324555,1.68304845365294
2023-01-06 17:00:00,27.6333333333333,269.966666666667,146.054865920519,2.16725956950928
2023-01-06 18:00:00,27.95,269.0,143.283590719664,2.67613940797563
2023-01-06 19:00:00,29.15,268.583333333333,148.451256169175,2.69670549601216
2023-01-06 20:00:00,29.3,268.4,154.405578724484,2.30353025858435
2023-01-06 21:00:00,27.5333333333333,268.466666666667,159.336812239936,2.31209657853362
2023-01-06 22:00:00,26.65,268.45,150.702233541549,1.99629642315347
2023-01-06 23:00:00,26.3666666666667,268.283333333333,143.919771407357,1.49966995003236
2023-01-07 00:00:00,26.6,268.116666666667,136.960829908361,1.75230020283375
2023-01-07 01:00:00,26.6666666666667,268.066666666667,130.311860027697,2.1188346633221
2023-01-07 02:00:00,25.0833333333333,268.333333333333,131.354260484515,2.67891511507643
2023-01-07 03:00:00,23.1833333333333,268.483333333333,143.355144281879,2.31161226503886
2023-01-07 04:00:00,22.1666666666667,268.5,133.151118634137,2.23452722926007
2023-01-07 05:00:00,22.05,268.366666666667,132.661172056268,1.89348690154358
2023-01-07 06:00:00,21.7,268.4,128.949312737311,2.26952825213874
2023-01-07 07:00:00,22.55,268.233333333333,141.950990587529,2.49712385030104
2023-01-07 08:00:00,22.5333333333333,268.066666666667,143.967107604188,1.92432221465692
2023-01-07 09:00:00,20.5166666666667,268.633333333333,135.908783759439,2.80334186391867
2023-01-07 10:00:00,20.7333333333333,269.316666666667,134.38651688109,2.44687093825675
2023-01-07 11:00:00,23.6,269.966666666667,141.882632321435,1.95017712729413
2023-01-07 12:00:00,30.1166666666667,270.5,145.854604018944,2.4850556812782
2023-01-07 13:00:00,37.25,270.6,148.211508683968,3.41232590651686
2023-01-07 14:00:00,40.75,270.1,152.864939374819,3.01675408935581
2023-01-07 15:00:00,41.2,270.45,157.629011636052,2.61727134627217
2023-01-07 16:00:00,41.8333333333333,270.0,149.857396125935,3.10404043233321
2023-01-07 17:00:00,40.1833333333333,269.083333333333,143.533612639908,2.57694222491716
2023-01-07 18:00:00,37.1666666666667,268.366666666667,135.695397684345,1.8318740348747
2023-01-07 19:00:00,33.6833333333333,268.316666666667,137.015811741597,2.04285091629666
2023-01-07 20:00:00,28.35,268.316666666667,138.587198319573,2.34510648397022
2023-01-07 21:00:00,26.0333333333333,268.25,133.142499892059,2.28736459745756
2023-01-07 22:00:00,19.4,268.633333333333,121.841813912854,2.3090064339813
2023-01-07 23:00:00,17.8833333333333,268.566666666667,133.63674608163,2.15673887828834
2023-01-08 00:00:00,17.7666666666667,268.25,145.148632889907,3.15647190726897
2023-01-08 01:00:00,16.25,268.733333333333,149.00501925045,3.24607469540732
2023-01-08 02:00:00,16.5166666666667,268.8,143.889723570748,4.53007384503853
2023-01-08 03:00:00,15.4333333333333,268.783333333333,155.057034601155,5.55658382742855
2023-01-08 04:00:00,16.9833333333333,268.316666666667,153.18291457541,6.30456184731454
2023-01-08 05:00:00,18.1,268.566666666667,160.628292009984,6.7173408774169
2023-01-08 06:00:00,22.3666666666667,267.95,158.129594012234,7.21832597844834
2023-01-08 07:00:00,29.3666666666667,267.333333333333,150.717219535051,6.78239189649414
2023-01-08 08:00:00,42.8833333333333,267.25,153.539861820525,4.61715025534931
2023-01-08 09:00:00,48.75,267.116666666667,168.435172584494,4.82750711788128
2023-01-08 10:00:00,58.3333333333333,266.566666666667,167.150263342956,5.93444347810663
2023-01-08 11:00:00,65.6833333333333,267.0,158.256852631998,4.27511880263098
2023-01-08 12:00:00,76.0,266.466666666667,147.232025005195,5.65294631564087
2023-01-08 13:00:00,84.6,265.966666666667,156.360450726671,5.93637085736837
2023-01-08 14:00:00,88.75,265.9,151.610839763462,5.46439691473358
2023-01-08 15:00:00,94.6666666666667,265.466666666667,145.237120126559,5.15344021654675
2023-01-08 16:00:00,94.2666666666667,265.083333333333,153.822353731958,4.82044294933902
2023-01-08 17:00:00,95.6333333333333,264.85,153.356112789016,4.22466295297832
2023-01-08 18:00:00,92.3666666666667,265.033333333333,162.424985541536,7.13748944678101
2023-01-08 19:00:00,93.0666666666667,265.45,157.963804755434,5.98806305493481
2023-01-08 20:00:00,95.3833333333333,265.166666666667,161.107562211328,6.1857373875173
2023-01-08 21:00:00,95.45,264.466666666667,173.385577428486,4.9489426854857
2023-01-08 22:00:00,95.1333333333333,264.2,164.106846573039,4.81647065617041
2023-01-08 23:00:00,95.1333333333333,264.183333333333,173.98223569516,4.93923982460427
2023-01-09 00:00:00,95.1666666666667,264.266666666667,172.259547290006,4.89408660250826
2023-01-09 01:00:00,95.05,264.133333333333,169.865264840754,4.52480075721934
2023-01-09 02:00:00,95.3833333333333,264.416666666667,160.652758057431,5.66688949618643
2023-01-09 03:00:00,95.5833333333333,264.55,161.613682765333,4.10120265515349
2023-01-09 04:00:00,95.6,264.566666666667,156.233416148109,3.60205166130723
2023-01-09 05:00:00,95.0833333333333,264.116666666667,160.818977123726,3.64725303689122
2023-01-09 06:00:00,94.5666666666667,263.633333333333,162.84501260324,2.87983410480482
2023-01-09 07:00:00,94.6666666666667,263.75,156.165098819046,2.10277172746789
2023-01-09 08:00:00,93.85,263.066666666667,229.436504536513,0.72225920440204
2023-01-09 09:00:00,90.9666666666667,260.85,141.349005977356,1.41201454605853
2023-01-09 10:00:00,89.6666666666667,259.9,178.595716930142,3.57494349376155
2023-01-09 11:00:00,88.75,259.316666666667,165.695256497805,3.53644920168876
2023-01-09 12:00:00,87.7833333333333,258.766666666667,159.008797579539,1.81875595031787
2023-01-09 13:00:00,87.45,258.516666666667,168.634550997384,2.85461573557475
2023-01-09 14:00:00,87.9,258.766666666667,153.900549380699,2.49107595944399
2023-01-09 15:00:00,87.9333333333334,258.733333333333,160.106316101169,4.21635679230509
2023-01-09 16:00:00,87.9333333333334,258.716666666667,164.236903880309,2.88728112202495
2023-01-09 17:00:00,87.8666666666667,258.55,157.03698262473,1.34752944191188
2023-01-09 18:00:00,87.85,258.55,145.664799702805,0.821007583203529
2023-01-09 19:00:00,87.3833333333333,258.15,165.083903207525,1.0162950258785
2023-01-09 20:00:00,86.5333333333333,257.416666666667,139.997070664303,0.648264960416728
2023-01-09 21:00:00,86.4333333333333,257.35,169.813091708476,1.2376487583667
2023-01-09 22:00:00,86.5666666666667,257.5,159.073622532522,0.809293965083204
2023-01-09 23:00:00,86.5333333333333,257.466666666667,141.780183215445,0.777288728502563
2023-01-10 00:00:00,86.75,257.65,149.140146779994,1.33928703823247
2023-01-10 01:00:00,86.7666666666667,257.7,347.91509269821,1.43793613657904
2023-01-10 02:00:00,86.7,257.6,341.797432942172,1.80935881940064
2023-01-10 03:00:00,86.5666666666667,257.583333333333,33.4536731061523,0.165796883950496
2023-01-10 04:00:00,86.6333333333333,257.583333333333,28.9037230441936,1.54289375697443
2023-01-10 05:00:00,86.8666666666667,257.816666666667,26.6075164656712,2.90881292648198
2023-01-10 06:00:00,86.6833333333334,257.666666666667,25.5146075336977,1.8236547288318
2023-01-10 07:00:00,86.4833333333333,257.483333333333,22.9839931107508,2.08872040493486
2023-01-10 08:00:00,86.55,257.516666666667,17.7761660128775,3.75354538315476
2023-01-10 09:00:00,86.6,257.6,3.22411695244784,3.11099964203546
2023-01-10 10:00:00,86.7666666666667,257.783333333333,6.58243170827711,1.95609791145207
2023-01-10 11:00:00,87.0333333333334,258.083333333333,9.49890434261533,3.17576089929014
2023-01-10 12:00:00,87.6,258.566666666667,14.2865007618528,0.200725616730143
2023-01-10 13:00:00,86.6833333333334,257.766666666667,354.763427358548,2.7579354857569
2023-01-10 14:00:00,87.5333333333334,258.483333333333,110.235767876708,0.307287241275333
2023-01-10 15:00:00,87.6,258.566666666667,52.4016550419094,0.563725136819692
2023-01-10 16:00:00,86.45,257.55,1.02718544580239,4.02612462671033
2023-01-10 17:00:00,85.4666666666667,256.7,28.4248821715437,2.54711391273967
2023-01-10 18:00:00,84.7,255.933333333333,111.112653709383,1.29146840729949
2023-01-10 19:00:00,84.7,255.983333333333,53.1240991226398,1.86325014811588
2023-01-10 20:00:00,85.1333333333333,256.4,40.4611754120678,1.93420544867189
2023-01-10 21:00:00,85.7333333333333,257.05,52.2317193132633,1.40213292376266
2023-01-10 22:00:00,86.4333333333333,257.616666666667,71.2642146687879,1.14261454736561
2023-01-10 23:00:00,88.9333333333333,259.816666666667,134.007619454974,1.34164164106931
2023-01-11 00:00:00,91.25,261.633333333333,157.67313734454,2.91913002878335
2023-01-11 01:00:00,93.6666666666667,263.416666666667,157.35607509676,2.47949985401274
2023-01-11 02:00:00,95.2333333333334,264.616666666667,146.772818622552,1.47683218357974
2023-01-11 03:00:00,95.7833333333333,264.933333333333,14.7999548367884,1.253896962839
2023-01-11 04:00:00,95.8833333333333,264.933333333333,111.386860614574,0.901893782646495
2023-01-11 05:00:00,96.35,265.333333333333,139.746832724303,2.13735281714197
2023-01-11 06:00:00,96.8166666666667,265.783333333333,145.105641160468,2.92109522965424
2023-01-11 07:00:00,97.0,265.833333333333,144.189134272377,3.41412507200031
2023-01-11 08:00:00,96.45,265.166666666667,139.877936340818,3.73604017233271
2023-01-11 09:00:00,96.5833333333333,265.366666666667,135.031468225846,3.75612419277506
2023-01-11 10:00:00,96.6833333333333,265.6,144.598947719826,2.97180331810446
2023-01-11 11:00:00,96.85,266.016666666667,149.926583105857,2.78929469354757
2023-01-11 12:00:00,97.45,266.783333333333,139.17707172708,2.10312242407975
2023-01-11 13:00:00,97.5,266.816666666667,134.448224218248,1.86611442037275
2023-01-11 14:00:00,97.9333333333333,267.183333333333,121.840776632726,1.63932187910033
2023-01-11 15:00:00,98.3666666666667,267.3,98.2202168469225,2.1421615617006
2023-01-11 16:00:00,97.8,266.583333333333,107.079499966384,2.35507446848011
2023-01-11 17:00:00,97.1333333333333,265.7,95.8326737674573,1.91200678448452
2023-01-11 18:00:00,96.8,265.283333333333,114.221274802538,2.81698312489864
2023-01-11 19:00:00,96.7333333333333,265.133333333333,119.029580164239,2.99339107914116
2023-01-11 20:00:00,96.5833333333333,265.05,18.6254361810588,1.06937867900948
2023-01-11 21:00:00,95.1666666666666,263.85,141.497587679465,2.82973974855361
2023-01-11 22:00:00,94.15,263.0,140.579051804311,2.46148442394802
2023-01-11 23:00:00,93.3333333333333,262.383333333333,156.845431040562,3.52816633946544
2023-01-12 00:00:00,92.8,262.033333333333,168.751095060752,3.53105470219827
2023-01-12 01:00:00,92.5,261.833333333333,160.345747611161,1.99707601700974
2023-01-12 02:00:00,92.3833333333333,261.75,150.414032820188,0.950176620897751
2023-01-12 03:00:00,91.8166666666667,261.333333333333,159.561398388836,1.57593959258412
2023-01-12 04:00:00,89.5833333333333,259.566666666667,159.404856587827,2.68036676862163
2023-01-12 05:00:00,88.9,258.95,158.790183858908,2.68385387961033
2023-01-12 06:00:00,89.2833333333334,259.333333333333,168.59830721961,4.47048889386894
2023-01-12 07:00:00,89.2166666666667,259.316666666667,164.015053609314,3.33027767218971
2023-01-12 08:00:00,89.6666666666667,259.75,153.112192575191,3.34598233502005
2023-01-12 09:00:00,90.2833333333333,260.366666666667,152.506680186173,2.91593071379675
2023-01-12 10:00:00,91.4,261.533333333333,147.997278217565,2.2552480070051
2023-01-12 11:00:00,92.4166666666667,262.366666666667,148.278108922941,2.47945084099066
2023-01-12 12:00:00,92.8166666666667,262.683333333333,131.27082386247,1.53829615918858
2023-01-12 13:00:00,93.6166666666667,263.516666666667,127.380745956149,1.11624687789628
2023-01-12 14:00:00,93.5833333333334,263.5,145.61403021192,2.37440702218849
2023-01-12 15:00:00,93.45,263.2,154.314090782464,3.42135390073469
2023-01-12 16:00:00,92.9833333333333,262.8,159.347906362066,4.31233607560931
2023-01-12 17:00:00,91.2666666666667,262.8,160.420022402622,4.07398676946971
2023-01-12 18:00:00,81.6166666666667,263.433333333333,158.396644988684,3.67152976137412
2023-01-12 19:00:00,75.45,263.466666666667,154.18351610171,2.97388076384457
2023-01-12 20:00:00,72.4166666666667,263.933333333333,153.9874264619,2.51909897084901
2023-01-12 21:00:00,68.0666666666667,264.316666666667,151.777418998939,3.09839691192625
2023-01-12 22:00:00,61.8333333333333,264.583333333333,146.409918003092,3.47438687634916
2023-01-12 23:00:00,59.6833333333333,264.566666666667,148.242803663759,3.97783690391106
2023-01-13 00:00:00,62.5333333333333,264.666666666667,155.013108263027,3.90426471705021
2023-01-13 01:00:00,60.3833333333333,264.85,157.506731846772,3.522047170361
2023-01-13 02:00:00,61.1166666666667,264.8,161.893539768714,3.89089294274239
2023-01-13 03:00:00,59.8166666666667,264.55,148.171296544118,3.43434450086689
2023-01-13 04:00:00,55.7,264.616666666667,157.068167565904,3.68511045886738
2023-01-13 05:00:00,53.4666666666667,264.633333333333,153.272061298843,3.05030898487504
2023-01-13 06:00:00,53.8833333333333,264.8,155.461226084142,2.76573813728128
2023-01-13 07:00:00,55.3166666666667,264.566666666667,155.393337757639,3.45769049347018
2023-01-13 08:00:00,54.8333333333333,264.533333333333,152.21283453033,3.45933193381675
2023-01-13 09:00:00,60.1666666666667,264.583333333333,145.274379324745,2.58932421229291
2023-01-13 10:00:00,78.7833333333334,264.3,153.333996311168,2.71345445591715
2023-01-13 11:00:00,84.95,264.433333333333,147.643513634305,3.12401150997138
2023-01-13 12:00:00,71.8333333333333,264.716666666667,150.555942310028,3.19988932560109
2023-01-13 13:00:00,69.7166666666667,264.716666666667,149.778437907876,3.13800410642876
2023-01-13 14:00:00,71.45,264.6,151.675509987151,2.96777203720915
2023-01-13 15:00:00,75.0166666666667,264.233333333333,150.409400052329,3.03974092233612
2023-01-13 16:00:00,76.5333333333334,263.633333333333,154.366759555254,2.83279110769121
2023-01-13 17:00:00,78.0333333333333,263.133333333333,158.562898167745,2.66624652311182
2023-01-13 18:00:00,92.2333333333333,262.3,152.812816772684,2.53649211867459
2023-01-13 19:00:00,91.15,261.533333333333,158.38720710194,3.62457275967879
2023-01-13 20:00:00,90.8166666666667,261.15,161.938952877448,3.24109919790478
2023-01-13 21:00:00,89.5666666666667,260.316666666667,167.301712071459,3.42451319891317
2023-01-13 22:00:00,89.3666666666667,260.283333333333,164.559220228074,3.27220896972575
2023-01-13 23:00:00,89.15,260.066666666667,160.437766201375,3.03126251684878
2023-01-14 00:00:00,87.5,259.366666666667,172.079247519856,4.13717896625629
2023-01-14 01:00:00,87.7,259.383333333333,165.313009646375,3.12077782048113
2023-01-14 02:00:00,88.6333333333333,259.25,162.651369049094,2.99961992301502
2023-01-14 03:00:00,87.5666666666667,258.5,170.176455495514,3.35191721098618
2023-01-14 04:00:00,87.7333333333334,258.616666666667,161.391591272138,2.92373082368268
2023-01-14 05:00:00,87.3333333333333,258.333333333333,161.800784203755,2.92512336016102
2023-01-14 06:00:00,86.6833333333334,257.766666666667,173.504950206373,3.11657677146936
2023-01-14 07:00:00,84.1666666666667,257.8,174.906826341614,4.46680591280323
2023-01-14 08:00:00,71.6166666666667,258.666666666667,173.527232277953,4.98769782364787
2023-01-14 09:00:00,66.0833333333333,259.95,161.77265462401,4.10072417907294
2023-01-14 10:00:00,68.95,261.516666666667,159.90837930101,3.66615443195205
2023-01-14 11:00:00,69.05,262.933333333333,147.858479002267,2.59109600610105
2023-01-14 12:00:00,65.5833333333333,264.05,149.257343057339,2.50081169579514
2023-01-14 13:00:00,69.6,264.133333333333,149.231928376253,2.77345196248775
2023-01-14 14:00:00,72.0666666666667,264.6,152.735104912051,3.89869294622091
2023-01-14 15:00:00,62.8333333333333,265.233333333333,151.169935860006,3.79301889108244
2023-01-14 16:00:00,56.2833333333333,265.1,154.442358887442,3.93463220207909
2023-01-14 17:00:00,64.6333333333334,264.5,156.288341423249,4.40408450959642
2023-01-14 18:00:00,62.8333333333333,264.3,159.37574705111,3.60699480476362
2023-01-14 19:00:00,60.75,264.1,154.971097840704,4.09547248612604
2023-01-14 20:00:00,60.1166666666667,264.3,147.507045023925,4.52895597571481
2023-01-14 21:00:00,60.0666666666667,264.516666666667,146.290688638766,5.04933304080716
2023-01-14 22:00:00,62.6,264.533333333333,154.31156189454,5.83970258772628
2023-01-14 23:00:00,73.8166666666667,265.583333333333,154.243758365624,3.9927072474417
2023-01-15 00:00:00,77.0833333333333,266.066666666667,144.907380926378,3.21364883705493
2023-01-15 01:00:00,89.5166666666667,266.466666666667,145.676760906355,3.07828081794107
2023-01-15 02:00:00,97.1166666666667,267.1,151.128853865637,3.18573425479859
2023-01-15 03:00:00,98.9833333333333,267.833333333333,149.484226192061,4.53770792421496
2023-01-15 04:00:00,94.8333333333333,268.566666666667,152.672071657383,5.15790793633611
2023-01-15 05:00:00,90.9666666666667,268.6,157.888965455326,5.33287939959168
2023-01-15 06:00:00,87.15,268.466666666667,149.060028545401,6.16636059920891
2023-01-15 07:00:00,85.1333333333333,268.216666666667,156.318504576233,6.1447544803316
2023-01-15 08:00:00,78.7,268.633333333333,160.731392455219,6.02618207430291
2023-01-15 09:00:00,80.9666666666667,268.233333333333,151.64687348737,4.37195804135996
2023-01-15 10:00:00,77.3833333333333,268.2,153.162813589075,4.12581944415635
2023-01-15 11:00:00,81.3,267.516666666667,148.723559257614,5.60058708449907
2023-01-15 12:00:00,91.15,266.466666666667,157.591482878972,6.66805465089237
2023-01-15 13:00:00,89.0666666666667,266.433333333333,148.925937377635,4.5879742243775
2023-01-15 14:00:00,88.0,266.0,154.653566223854,4.3985608105726
2023-01-15 15:00:00,84.7333333333333,265.216666666667,156.730201523855,4.88605750126909
2023-01-15 16:00:00,87.75,264.416666666667,153.289457501703,3.51969884787479
2023-01-15 17:00:00,93.3666666666667,263.483333333333,141.440453299767,1.43235596890114
2023-01-15 18:00:00,91.25,261.083333333333,297.707789347784,1.57868168600115
2023-01-15 19:00:00,89.6166666666667,260.0,145.597530265391,3.1102326300023
2023-01-15 20:00:00,88.8666666666667,259.45,142.216244613965,2.54344405703255
2023-01-15 21:00:00,87.85,258.6,151.840344870965,2.50062470397806
2023-01-15 22:00:00,87.25,258.133333333333,167.702012996291,3.0951632828639
2023-01-15 23:00:00,86.35,257.366666666667,160.443476151691,3.21859565421547
2023-01-16 00:00:00,85.3166666666667,256.566666666667,170.63085517806,2.89741540919383
2023-01-16 01:00:00,77.85,255.983333333333,163.798128472939,3.22834787631061
2023-01-16 02:00:00,61.7166666666667,256.233333333333,147.652376239902,2.95129134333876
2023-01-16 03:00:00,52.2,256.2,154.59536679546,2.70919011226432
2023-01-16 04:00:00,43.1666666666667,256.916666666667,156.588449635229,2.85250113934063
2023-01-16 05:00:00,37.85,257.633333333333,137.941220771669,1.94343011774941
2023-01-16 06:00:00,33.9,257.516666666667,157.435438506354,2.35824600846087
2023-01-16 07:00:00,34.1333333333333,258.683333333333,167.117393940115,3.71013607602522
2023-01-16 08:00:00,43.1833333333333,258.35,171.989489131014,5.11744860677452
2023-01-16 09:00:00,58.4,258.25,169.907147019399,6.1276636760143
2023-01-16 10:00:00,58.8666666666667,258.383333333333,174.080169324309,4.60424730772033
2023-01-16 11:00:00,58.5333333333333,259.116666666667,158.500620903285,4.45243064667275
2023-01-16 12:00:00,73.85,258.316666666667,166.537376880089,5.03804180417051
2023-01-16 13:00:00,85.4666666666667,257.633333333333,167.816012309675,5.2300531167206
2023-01-16 14:00:00,85.5,258.2,161.675239583272,4.98049453581069
2023-01-16 15:00:00,84.0666666666667,258.083333333333,167.834266471567,4.51651800244454
2023-01-16 16:00:00,84.5833333333333,257.95,170.60565483756,4.18550148343746
2023-01-16 17:00:00,84.2666666666667,257.983333333333,172.787787102167,5.05183587273318
2023-01-16 18:00:00,86.0333333333334,257.933333333333,167.429401655476,5.1943214091457
2023-01-16 19:00:00,86.2666666666667,257.633333333333,177.02202854271,3.50965030922506
2023-01-16 20:00:00,85.4166666666667,257.2,178.103245025338,3.41593487004253
2023-01-16 21:00:00,78.85,256.9,173.037440103654,3.57529889728697
2023-01-16 22:00:00,80.4833333333333,256.833333333333,173.613945244205,3.28326110821183
2023-01-16 23:00:00,84.6,256.416666666667,173.923929026897,3.6485173397761
2023-01-17 00:00:00,79.8833333333333,255.983333333333,175.700398353038,3.80048916116478
2023-01-17 01:00:00,73.3166666666667,255.483333333333,173.894547030482,2.82907851422881
2023-01-17 02:00:00,75.5333333333334,255.416666666667,171.690857270423,3.32736989955816
2023-01-17 03:00:00,80.0833333333334,255.416666666667,169.102187162928,2.62247780871018
2023-01-17 04:00:00,79.25,255.25,169.330746872226,2.0277144466228
2023-01-17 05:00:00,78.65,255.2,173.023117766336,3.01234273168706
2023-01-17 06:00:00,77.6166666666667,254.95,170.465320316276,2.82227510975209
2023-01-17 07:00:00,76.85,254.816666666667,169.241140009304,2.83819186417695
2023-01-17 08:00:00,75.75,254.7,178.941179944227,3.26639505265367
2023-01-17 09:00:00,80.7833333333334,255.15,189.840438920352,5.13784895072458
2023-01-17 10:00:00,82.3666666666667,255.65,183.463656698159,5.02939845054383
2023-01-17 11:00:00,77.1166666666667,256.033333333333,178.38773019409,5.11257564613537
2023-01-17 12:00:00,80.9666666666667,255.933333333333,177.29483356665,5.00800608434911
2023-01-17 13:00:00,84.5333333333333,256.766666666667,173.866210500651,6.26235365658683
2023-01-17 14:00:00,86.0666666666667,258.116666666667,167.755932504463,5.81985610551918
2023-01-17 15:00:00,86.55,258.983333333333,169.618658862654,5.42134346177613
2023-01-17 16:00:00,86.7666666666667,258.4,182.955415198485,5.15386227032547
2023-01-17 17:00:00,86.8666666666667,258.283333333333,183.547382545091,4.83261918708049
2023-01-17 18:00:00,87.0833333333333,258.4,169.892369712753,3.59306095466118
2023-01-17 19:00:00,87.1333333333333,258.45,172.03876230917,4.37496392064562
2023-01-17 20:00:00,86.95,258.283333333333,166.065248855585,3.78873789066822
2023-01-17 21:00:00,86.45,257.833333333333,165.302424740497,2.72602966419035
2023-01-17 22:00:00,85.8166666666667,257.233333333333,166.604816230484,2.58540401288901
2023-01-17 23:00:00,85.4833333333333,256.95,174.932909477038,3.90213551138211
2023-01-18 00:00:00,84.8,256.366666666667,175.053243666662,4.14045340254772
2023-01-18 01:00:00,79.6166666666667,256.083333333333,165.273844998332,3.07318654321444
2023-01-18 02:00:00,71.75,256.166666666667,160.250992269195,2.04918304544258
2023-01-18 03:00:00,73.2666666666667,256.05,103.323615255091,0.638879993379153
2023-01-18 04:00:00,71.3,256.0,140.53211821222,1.21199850899097
2023-01-18 05:00:00,71.8,255.566666666667,152.942041563418,1.26566323433082
2023-01-18 06:00:00,72.4166666666667,255.116666666667,144.3177830273,1.57393048438907
2023-01-18 07:00:00,74.0666666666667,254.833333333333,138.043542353979,1.4652889854692
2023-01-18 08:00:00,74.8666666666667,254.983333333333,145.084224769263,1.5951871336604
2023-01-18 09:00:00,78.5333333333333,255.25,162.601168292821,2.39261885595113
2023-01-18 10:00:00,74.6666666666667,256.8,135.301931126449,1.26862816291481
2023-01-18 11:00:00,74.1666666666667,257.616666666667,140.748312776761,1.35671754267689
2023-01-18 12:00:00,72.8333333333333,257.933333333333,168.90532452183,1.7985549123149
2023-01-18 13:00:00,73.3833333333334,258.033333333333,167.017466554333,1.93919132812439
2023-01-18 14:00:00,76.3,257.983333333333,166.149356928154,1.50275843015882
2023-01-18 15:00:00,78.8,258.05,167.064040943663,1.26275251431971
2023-01-18 16:00:00,78.6,257.533333333333,164.7632812495,1.04297131757874
2023-01-18 17:00:00,79.2666666666667,256.333333333333,174.57273139378,0.333822212606888
2023-01-18 18:00:00,85.8166666666667,254.933333333333,283.182782266164,2.09346654239377
2023-01-18 19:00:00,83.3166666666667,254.616666666667,276.795680109013,1.62743243392963
2023-01-18 20:00:00,82.7166666666667,254.633333333333,285.804165242763,2.32964701174406
2023-01-18 21:00:00,82.4,254.433333333333,300.84333227982,1.93906177837927
2023-01-18 22:00:00,82.6,254.55,271.296971719146,1.86035153139573
2023-01-18 23:00:00,82.4833333333333,254.516666666667,283.431148283969,1.6398863660638
2023-01-19 00:00:00,81.9333333333333,254.016666666667,289.865347592331,1.76954979808
2023-01-19 01:00:00,81.9166666666667,253.916666666667,290.137494971597,1.95594915820033
2023-01-19 02:00:00,81.5666666666667,253.516666666667,297.136864872171,2.09774228061307
2023-01-19 03:00:00,81.0833333333333,253.05,280.231838078052,3.72252991083376
2023-01-19 04:00:00,80.65,252.6,277.569309394598,3.81875170241919
2023-01-19 05:00:00,80.2333333333333,252.133333333333,279.936718218414,3.96172631945706
2023-01-19 06:00:00,79.8833333333333,251.716666666667,281.902362706515,4.0493624679258
2023-01-19 07:00:00,79.6666666666667,251.466666666667,297.41998084206,3.22974812672727
2023-01-19 08:00:00,79.6,251.383333333333,283.284261831989,3.18528870741305
2023-01-19 09:00:00,79.75,251.75,297.40293583866,2.30970827692103
2023-01-19 10:00:00,80.3666666666667,252.9,287.870184420033,2.62652480869822
2023-01-19 11:00:00,80.4,253.116666666667,276.794807421787,2.53855636765708
2023-01-19 12:00:00,80.6333333333333,253.416666666667,272.567779517696,2.31735166578842
2023-01-19 13:00:00,81.05,253.9,263.896333986812,2.38145695517949
2023-01-19 14:00:00,81.7,254.583333333333,270.357850876521,2.49750991466309
2023-01-19 15:00:00,81.9,254.933333333333,273.833290525125,2.3458808397576
2023-01-19 16:00:00,80.25,252.95,273.705585555588,2.39448051993644
2023-01-19 17:00:00,80.05,252.25,265.881156256512,1.90266015540738
2023-01-19 18:00:00,79.6666666666667,251.616666666667,251.04291147871,1.80683363907326
2023-01-19 19:00:00,80.6333333333333,252.75,201.709127114854,2.51675963705739
2023-01-19 20:00:00,80.65,252.833333333333,171.716697008424,1.05318053195235
2023-01-19 21:00:00,80.5333333333333,252.516666666667,162.416084655781,2.19841757249603
2023-01-19 22:00:00,80.5833333333333,252.583333333333,168.812170993158,2.29078546919848
2023-01-19 23:00:00,80.7666666666667,252.883333333333,175.386651919459,2.15047578197784
2023-01-20 00:00:00,80.4666666666667,252.6,152.628538725258,1.91547532577084
2023-01-20 01:00:00,80.4666666666667,252.583333333333,157.104769528834,2.19522224749718
2023-01-20 02:00:00,80.0333333333333,252.15,151.07122106167,2.352734002985
2023-01-20 03:00:00,79.3833333333333,251.5,158.646449729969,2.24025133535395
2023-01-20 04:00:00,78.8666666666667,251.266666666667,171.39706011485,1.9966276336969
2023-01-20 05:00:00,78.35,251.116666666667,145.473291435832,1.11314002666116
2023-01-20 06:00:00,78.5333333333334,250.416666666667,328.834410030605,1.45489645882787
2023-01-20 07:00:00,79.8333333333333,251.766666666667,301.845603509452,3.70852980099143
2023-01-20 08:00:00,79.75,251.9,287.899764211876,4.80258108095927
2023-01-20 09:00:00,79.5166666666667,252.35,297.868064718049,5.18801148700576
2023-01-20 10:00:00,79.3,253.066666666667,308.011287938386,4.42476805529804
2023-01-20 11:00:00,79.1833333333333,253.266666666667,299.829963461211,4.41891830389896
2023-01-20 12:00:00,78.7,252.333333333333,281.999984802933,5.20432748280885
2023-01-20 13:00:00,78.15,252.216666666667,300.979033568025,5.09720351273172
2023-01-20 14:00:00,77.9666666666667,251.933333333333,309.378810198199,5.40186131467004
2023-01-20 15:00:00,78.4333333333333,251.516666666667,317.127945380986,5.16154283280504
2023-01-20 16:00:00,79.3,251.166666666667,338.237242411355,4.26005754496958
2023-01-20 17:00:00,79.2666666666667,251.066666666667,348.447591732687,2.65573475213499
2023-01-20 18:00:00,79.0166666666667,250.733333333333,351.026354386947,3.2312298946503
2023-01-20 19:00:00,79.0,250.75,340.094464049628,3.49873662630745
2023-01-20 20:00:00,78.9,250.65,339.654872744379,3.68107735699527
2023-01-20 21:00:00,78.8833333333333,250.666666666667,332.880927407465,4.04762695631075
2023-01-20 22:00:00,78.9666666666667,250.766666666667,340.718773352432,2.76524386584384
2023-01-20 23:00:00,78.9666666666667,250.783333333333,337.791247368622,3.6491682472541
2023-01-21 00:00:00,78.9,250.75,319.826255194347,3.97305761309644
2023-01-21 01:00:00,78.8333333333334,250.683333333333,330.879532209576,3.41091504109734
2023-01-21 02:00:00,78.8166666666667,250.65,323.632544547531,3.39089882297179
2023-01-21 03:00:00,78.8833333333333,250.75,308.160279281648,3.26869827953477
2023-01-21 04:00:00,78.8666666666667,250.75,295.808282035007,4.29953276514007
2023-01-21 05:00:00,78.8333333333333,250.7,297.47381463409,5.16074207391719
2023-01-21 06:00:00,78.8833333333333,250.75,300.737126419281,5.42236432600787
2023-01-21 07:00:00,78.8833333333333,250.75,306.556863887829,4.64255268169131
2023-01-21 08:00:00,78.9,250.75,298.224452105833,4.51488375747446
2023-01-21 09:00:00,78.9666666666667,251.0,267.900275373234,4.75838525976463
2023-01-21 10:00:00,79.1,251.383333333333,261.285311525585,5.6676322645802
2023-01-21 11:00:00,79.3,251.8,256.571258274644,6.0910919376924
2023-01-21 12:00:00,79.4666666666667,252.15,258.079839919308,5.82169926906173
2023-01-21 13:00:00,79.6666666666667,252.516666666667,257.78239876473,4.50802096725386
2023-01-21 14:00:00,80.05,252.866666666667,260.567484501026,3.86543191279423
2023-01-21 15:00:00,80.1833333333333,252.983333333333,263.860353040458,4.21560846079229
2023-01-21 16:00:00,80.4166666666667,253.116666666667,257.973053418222,5.18103320310248
2023-01-21 17:00:00,80.8333333333333,253.316666666667,255.527000477582,6.48527461212845
2023-01-21 18:00:00,80.7,253.033333333333,262.553240796543,5.55987515591778
2023-01-21 19:00:00,80.6833333333333,252.966666666667,265.631822404102,5.25872781211684
2023-01-21 20:00:00,80.9,253.233333333333,262.564028033416,4.73929786347603
2023-01-21 21:00:00,81.1,253.416666666667,261.306185095925,4.75820137347331
2023-01-21 22:00:00,80.75,253.05,276.780552374812,3.90025555429582
2023-01-21 23:00:00,80.7833333333334,253.033333333333,283.264778528166,3.17288680379778
2023-01-22 00:00:00,81.0166666666667,253.3,265.617999804112,4.04677623370805
2023-01-22 01:00:00,81.1,253.383333333333,253.459551754876,4.82246031696988
2023-01-22 02:00:00,81.25,253.5,252.397082541383,5.38825261868146
2023-01-22 03:00:00,81.0833333333333,253.383333333333,252.349346963762,4.40217159055962
2023-01-22 04:00:00,80.9333333333333,253.233333333333,252.498973587488,3.62428912468308
2023-01-22 05:00:00,81.2666666666667,253.5,247.173330448635,4.14041731286023
2023-01-22 06:00:00,81.3333333333333,253.583333333333,240.622330287613,3.01056916545224
2023-01-22 07:00:00,82.4333333333333,254.6,189.847629814025,3.01583606669682
2023-01-22 08:00:00,82.7333333333333,254.95,164.083073739513,1.56870314651139
2023-01-22 09:00:00,83.3,255.416666666667,166.410139575168,2.06746073196076
2023-01-22 10:00:00,84.4,256.466666666667,165.260881355461,1.99088433278197
2023-01-22 11:00:00,85.85,257.816666666667,163.831219592959,2.30733175380182
2023-01-22 12:00:00,86.8833333333333,258.733333333333,159.488607112361,1.39510326127011
2023-01-22 13:00:00,88.9166666666667,260.5,145.708933691445,1.19157769326045
2023-01-22 14:00:00,89.7,260.983333333333,150.28970917306,1.5577707598667
2023-01-22 15:00:00,90.2833333333333,261.316666666667,142.638118025999,1.1063669843107
2023-01-22 16:00:00,88.6,259.683333333333,157.23050705404,1.41507493129775
2023-01-22 17:00:00,86.1833333333333,257.7,236.34715502049,3.1424246778172
2023-01-22 18:00:00,85.65,257.016666666667,242.371234584667,4.527605295912
2023-01-22 19:00:00,85.7,257.083333333333,197.261492652511,3.89477500147406
2023-01-22 20:00:00,85.4166666666667,256.866666666667,163.878369178337,1.33958748801493
2023-01-22 21:00:00,85.4833333333333,256.95,160.078336358792,1.06968551994654
2023-01-22 22:00:00,85.4333333333334,256.9,148.516901333212,0.890412753933386
2023-01-22 23:00:00,84.9166666666667,256.5,159.617429208876,1.07644010141553
2023-01-23 00:00:00,84.5166666666667,256.1,157.325414536549,0.893456764397298
2023-01-23 01:00:00,84.5166666666667,256.066666666667,152.081446490151,0.95700146409567
2023-01-23 02:00:00,85.25,256.8,167.096938488203,1.64708162381778
2023-01-23 03:00:00,85.8,257.3,162.84964417652,1.35410555706604
2023-01-23 04:00:00,86.3666666666667,257.8,169.431981103391,2.16912718612402
2023-01-23 05:00:00,86.7833333333333,258.15,171.966763710866,1.62531102740507
2023-01-23 06:00:00,86.9,258.283333333333,168.008559450078,1.41608535696987
2023-01-23 07:00:00,87.2,258.466666666667,171.012444087011,1.98246964225546
2023-01-23 08:00:00,88.1,259.25,177.9023065663,2.72719586332991
2023-01-23 09:00:00,89.0166666666667,260.05,179.55725736537,3.43497888316139
2023-01-23 10:00:00,89.55,260.483333333333,178.25819489714,3.54404378271884
2023-01-23 11:00:00,89.8,260.783333333333,177.119600522741,4.23574023394019
2023-01-23 12:00:00,90.1833333333333,261.1,174.802267773365,3.7750182572039
2023-01-23 13:00:00,90.6,261.533333333333,177.572235024942,3.86559124541832
2023-01-23 14:00:00,90.7666666666667,261.65,164.801488580826,3.11945930220544
2023-01-23 15:00:00,90.7333333333333,261.5,165.519017129055,2.80798956397787
2023-01-23 16:00:00,90.7,261.383333333333,162.725444321314,2.7919214772329
2023-01-23 17:00:00,90.7666666666667,261.333333333333,168.030360987106,2.68357344614753
2023-01-23 18:00:00,90.8333333333333,261.35,162.169209390613,2.15475386104713
2023-01-23 19:00:00,90.7666666666667,261.266666666667,165.604815701559,3.27133786797709
2023-01-23 20:00:00,90.3,260.866666666667,176.735321901928,3.27060663095623
2023-01-23 21:00:00,89.8333333333333,260.45,168.092785610337,2.91744393959292
2023-01-23 22:00:00,89.6,260.25,159.605996098033,2.4856943263166
2023-01-23 23:00:00,89.35,260.033333333333,155.17654487085,1.91915971417735
2023-01-24 00:00:00,89.1166666666667,259.833333333333,142.338350002094,1.84246230214372
2023-01-24 01:00:00,89.0,259.75,145.000744384744,1.97915205565528
2023-01-24 02:00:00,88.9166666666666,259.683333333333,144.064189852879,1.39105565406436
2023-01-24 03:00:00,88.75,259.533333333333,140.153906088884,1.47959172864678
2023-01-24 04:00:00,88.5833333333333,259.4,145.947813880477,1.17377888786208
2023-01-24 05:00:00,88.5,259.333333333333,137.026302429678,0.770929407214939
2023-01-24 06:00:00,88.4,259.25,138.845406172822,0.707390072861416
2023-01-24 07:00:00,88.5,259.35,137.885676252835,0.740259806542274
2023-01-24 08:00:00,88.65,259.466666666667,101.760687961681,1.69350531653707
2023-01-24 09:00:00,89.5666666666667,260.283333333333,108.696180231434,1.79014438960474
2023-01-24 10:00:00,91.4833333333333,261.883333333333,115.031516117418,1.75606975124912
2023-01-24 11:00:00,91.4666666666667,261.866666666667,116.820533715302,2.10108223068713
2023-01-24 12:00:00,92.7333333333334,262.883333333333,123.51942829922,1.94232682038118
2023-01-24 13:00:00,93.5333333333334,263.533333333333,118.367653693444,2.14468719897616
2023-01-24 14:00:00,94.0166666666667,263.883333333333,115.47990812296,1.58475205312902
2023-01-24 15:00:00,93.6666666666667,263.433333333333,112.632202468591,1.73550602387932
2023-01-24 16:00:00,92.6333333333333,262.483333333333,128.446516639103,1.60119119403776
2023-01-24 17:00:00,92.2833333333334,262.2,132.123603672661,1.40653806347211
2023-01-24 18:00:00,91.8666666666667,261.85,128.997486831208,1.13663725793303
2023-01-24 19:00:00,91.6666666666667,261.7,124.336619641658,1.17142626339989
2023-01-24 20:00:00,91.9166666666667,261.933333333333,141.130758931133,1.50561383872062
2023-01-24 21:00:00,92.0,262.0,145.969633452531,1.77329861323514
2023-01-24 22:00:00,91.85,261.866666666667,140.480242547216,1.50017494067018
2023-01-24 23:00:00,91.7166666666667,261.816666666667,142.822631468445,1.60673944149912
2023-01-25 00:00:00,91.7,261.783333333333,149.191715793703,1.74187359799879
2023-01-25 01:00:00,91.5666666666667,261.65,150.327049658964,2.08787925203622
2023-01-25 02:00:00,91.35,261.45,163.018863442409,1.61368509973862
2023-01-25 03:00:00,90.4666666666667,260.716666666667,157.516178071683,2.31892690316525
2023-01-25 04:00:00,89.65,260.016666666667,122.696944105105,1.48954196277173
2023-01-25 05:00:00,89.3,259.75,169.778563316987,2.69092376886125
2023-01-25 06:00:00,89.3333333333333,259.783333333333,165.528136321323,1.46635026026801
2023-01-25 07:00:00,89.3833333333333,259.916666666667,173.341751178245,1.99967216563765
2023-01-25 08:00:00,89.3833333333333,259.933333333333,168.063655640789,1.49729275758351
2023-01-25 09:00:00,89.8,260.316666666667,182.850780711694,3.11017777397315
2023-01-25 10:00:00,90.95,261.383333333333,183.975953219477,3.1359966003159
2023-01-25 11:00:00,91.8666666666667,262.216666666667,159.315417719695,1.55854157341982
2023-01-25 12:00:00,94.4333333333333,264.616666666667,124.596590643037,1.0753115803841
2023-01-25 13:00:00,94.5833333333333,264.616666666667,130.208281814156,1.48371024513096
2023-01-25 14:00:00,93.7833333333334,263.766666666667,148.772766480129,2.11402092012569
2023-01-25 15:00:00,93.1166666666667,263.066666666667,151.37394472294,2.15172414244384
2023-01-25 16:00:00,92.6666666666667,262.683333333333,147.700400749478,1.64127968875749
2023-01-25 17:00:00,92.1333333333333,262.166666666667,157.262708706942,1.49987838778528
2023-01-25 18:00:00,90.3166666666667,260.683333333333,186.98177154581,5.51176913270983
2023-01-25 19:00:00,89.7,260.283333333333,178.093049674771,2.54899497157999
2023-01-25 20:00:00,89.55,260.183333333333,181.880755164009,4.22913011134801
2023-01-25 21:00:00,89.45,260.166666666667,185.007060680271,3.9472331990824
2023-01-25 22:00:00,89.5166666666667,260.333333333333,201.6452107891,6.05030795245117
2023-01-25 23:00:00,63.5666666666667,261.0,215.820484796095,6.60739241080854
2023-01-26 00:00:00,23.3333333333333,262.9,236.227875707155,6.00880142696854
2023-01-26 01:00:00,12.7,262.766666666667,245.359558292664,5.16425710758793
2023-01-26 02:00:00,11.2833333333333,262.133333333333,259.330517684862,3.50634989891187
2023-01-26 03:00:00,13.5666666666667,261.4,260.137563182235,3.83609181983738
2023-01-26 04:00:00,14.4166666666667,260.916666666667,261.414576293166,3.43400508333995
2023-01-26 05:00:00,13.6833333333333,260.833333333333,257.555870719305,3.85726971698485
2023-01-26 06:00:00,20.1166666666667,260.183333333333,258.470899465529,3.90273899652804
2023-01-26 07:00:00,19.0333333333333,260.083333333333,257.235757530763,4.20309669428145
2023-01-26 08:00:00,16.5666666666667,260.15,255.168166505324,4.5134808704199
2023-01-26 09:00:00,18.6,260.3,254.190021635097,3.9041196972393
2023-01-26 10:00:00,12.1333333333333,260.733333333333,244.890314862765,4.78123332393749
2023-01-26 11:00:00,12.3333333333333,261.15,231.37093250309,3.61576823186989
2023-01-26 12:00:00,11.9833333333333,261.65,219.31647466191,2.90896400516201
2023-01-26 13:00:00,11.2,261.55,227.760323520767,2.16089328907108
2023-01-26 14:00:00,13.1666666666667,260.683333333333,264.5633255301,2.61434957604225
2023-01-26 15:00:00,14.3666666666667,260.483333333333,284.656419944073,3.16963970965903
2023-01-26 16:00:00,21.7,259.65,269.919533883511,3.91290403012985
2023-01-26 17:00:00,29.7166666666667,259.116666666667,277.389827250739,3.74077576432493
2023-01-26 18:00:00,39.7333333333333,258.383333333333,282.119396073879,3.67573719163279
2023-01-26 19:00:00,37.1166666666667,257.95,275.350786622047,4.57047323299598
2023-01-26 20:00:00,37.6666666666667,257.683333333333,277.71403248549,4.94149993682433
2023-01-26 21:00:00,35.9,257.65,291.726626089158,3.3023169826674
2023-01-26 22:00:00,35.85,257.25,286.142707922162,4.26935374307203
2023-01-26 23:00:00,42.3333333333333,257.216666666667,280.402921585604,4.75923242082107
2023-01-27 00:00:00,39.7166666666667,257.016666666667,265.300081449681,4.52773967146274
2023-01-27 01:00:00,38.1333333333333,256.75,268.649919552005,4.83036826834428
2023-01-27 02:00:00,30.8,256.9,266.791735231688,5.30887391843261
2023-01-27 03:00:00,30.05,256.3,277.704498220149,5.75894167783337
2023-01-27 04:00:00,30.4,255.933333333333,279.322739323976,5.77603664040646
2023-01-27 05:00:00,30.75,255.666666666667,286.661753224048,5.7209707087136
2023-01-27 06:00:00,33.5333333333333,255.7,266.095249777426,5.49666983876462
2023-01-27 07:00:00,56.85,255.366666666667,262.951303867698,6.15777087278278
2023-01-27 08:00:00,73.8833333333334,255.133333333333,268.987056656794,6.34299712230289
2023-01-27 09:00:00,72.9166666666667,255.4,275.84985809407,6.1383106095043
2023-01-27 10:00:00,71.5333333333333,255.116666666667,272.860982142449,5.27909715909573
2023-01-27 11:00:00,59.6833333333333,255.633333333333,265.388366753842,4.71197425119278
2023-01-27 12:00:00,45.2833333333333,255.55,265.492330843773,4.60167589701097
2023-01-27 13:00:00,43.1666666666667,256.45,251.506694682908,4.28021623023375
2023-01-27 14:00:00,58.2333333333333,256.55,251.492395212189,4.67587052598285
2023-01-27 15:00:00,35.9,257.033333333333,249.576826327141,4.96280778782143
2023-01-27 16:00:00,26.4833333333333,257.516666666667,248.566699860848,5.36885593635942
2023-01-27 17:00:00,21.0166666666667,257.85,253.765239400763,6.0211891832442
2023-01-27 18:00:00,17.5333333333333,257.816666666667,248.370952843965,8.43332722551244
2023-01-27 19:00:00,25.8166666666667,257.55,247.949747539576,7.25530106339942
2023-01-27 20:00:00,46.3166666666667,257.666666666667,253.527584047645,6.5754022377512
2023-01-27 21:00:00,57.3333333333333,257.283333333333,250.159554441918,5.52710797701121
2023-01-27 22:00:00,56.6666666666667,256.966666666667,258.193395482286,6.15289370057932
2023-01-27 23:00:00,69.4,256.2,261.16586492581,6.62152713062651
2023-01-28 00:00:00,82.2833333333334,255.633333333333,253.947601424949,5.92659759470771
2023-01-28 01:00:00,83.7666666666667,255.866666666667,253.040812219196,5.11089402951942
2023-01-28 02:00:00,83.4,255.6,251.23582397365,3.95599746370036
2023-01-28 03:00:00,83.9166666666667,256.05,237.041217026984,4.79888824502873
2023-01-28 04:00:00,84.1,256.183333333333,212.945278215217,4.6636294675373
2023-01-28 05:00:00,84.0666666666667,256.133333333333,231.374222051403,4.36345218651409
2023-01-28 06:00:00,83.9333333333333,255.966666666667,238.248497262747,3.63271252369092
2023-01-28 07:00:00,84.15,256.166666666667,239.166448756896,3.13565617746636
2023-01-28 08:00:00,83.9166666666667,256.0,243.24756057051,2.89403800739474
2023-01-28 09:00:00,84.5,256.816666666667,233.099233847553,3.30240023517598
2023-01-28 10:00:00,84.6666666666667,257.25,242.761365323149,3.81002771171417
2023-01-28 11:00:00,85.45,258.033333333333,243.937057657644,4.46630583865756
2023-01-28 12:00:00,86.2833333333334,258.683333333333,227.865248301917,3.99597036469951
2023-01-28 13:00:00,88.8333333333333,260.833333333333,167.766687507929,1.02039508846359
2023-01-28 14:00:00,88.7833333333334,260.616666666667,244.876615701733,2.50726067656445
2023-01-28 15:00:00,88.1333333333333,259.75,234.146114275477,3.33016906774052
2023-01-28 16:00:00,85.85,258.683333333333,245.27752259059,3.93776942413782
2023-01-28 17:00:00,83.7666666666667,258.016666666667,234.085587184752,5.08758385664041
2023-01-28 18:00:00,85.9333333333333,258.716666666667,228.512514804715,5.05286520985174
2023-01-28 19:00:00,74.95,258.85,208.991506140755,4.84779916086124
2023-01-28 20:00:00,44.4166666666667,259.333333333333,228.379411533479,5.44767074419533
2023-01-28 21:00:00,47.1666666666667,259.016666666667,247.704946745858,4.97816722385074
2023-01-28 22:00:00,66.95,259.216666666667,239.518667630562,4.49978069922458
2023-01-28 23:00:00,75.8166666666667,259.3,247.266984774412,4.87287522954364
2023-01-29 00:00:00,68.9666666666667,259.716666666667,246.127700006599,5.4152901793447
2023-01-29 01:00:00,68.8166666666667,259.766666666667,247.418174310631,6.13529521122068
2023-01-29 02:00:00,60.0,259.516666666667,243.745916551677,4.60007407426679
2023-01-29 03:00:00,56.2,260.25,199.767440413826,3.21175500942358
2023-01-29 04:00:00,55.1166666666667,260.216666666667,230.781031453666,2.04474378560648
2023-01-29 05:00:00,54.1,261.466666666667,239.758709700751,3.40819446803119
2023-01-29 06:00:00,63.2666666666667,261.25,247.296308064348,3.96256466351788
2023-01-29 07:00:00,67.4833333333334,261.466666666667,228.036570375358,4.08016960560968
2023-01-29 08:00:00,69.7666666666667,261.1,251.72859247022,4.54429746629545
2023-01-29 09:00:00,65.85,261.166666666667,251.861232740554,3.23680876644984
2023-01-29 10:00:00,50.1666666666667,261.516666666667,248.202667689188,3.65704864159574
2023-01-29 11:00:00,34.9166666666667,262.133333333333,245.297155305552,3.17878568935949
2023-01-29 12:00:00,20.1833333333333,263.883333333333,209.503192568431,1.98000765482211
2023-01-29 13:00:00,14.85,263.566666666667,250.744646879117,2.09400240735981
2023-01-29 14:00:00,10.8333333333333,263.266666666667,250.72195770114,2.26073286218795
2023-01-29 15:00:00,8.55,263.816666666667,255.159103921659,2.72596352519057
2023-01-29 16:00:00,12.4333333333333,263.35,269.255622312626,3.04511568787494
2023-01-29 17:00:00,8.95,263.683333333333,272.271646240681,2.98092830285639
2023-01-29 18:00:00,5.85,263.933333333333,282.774700585703,3.41273890985879
2023-01-29 19:00:00,6.23333333333333,263.95,285.110707410929,4.27641378931784
2023-01-29 20:00:00,9.23333333333333,263.266666666667,316.832372436179,4.93201799046755
2023-01-29 21:00:00,13.1666666666667,263.033333333333,318.353584992876,5.79719819631223
2023-01-29 22:00:00,30.9666666666667,262.85,324.259896949815,6.38046878188406
2023-01-29 23:00:00,41.25,263.066666666667,332.315117856013,5.76538171230199
2023-01-30 00:00:00,40.15,263.533333333333,328.492600833578,4.96520532942302
2023-01-30 01:00:00,40.5333333333333,263.25,354.959736320571,3.65697759472992
2023-01-30 02:00:00,33.5833333333333,263.733333333333,19.8417100918721,2.86516267630034
2023-01-30 03:00:00,33.0,263.233333333333,84.8450507024238,2.16392695135817
2023-01-30 04:00:00,28.8166666666667,263.35,128.432628442014,2.62061495688534
2023-01-30 05:00:00,24.2166666666667,263.6,110.593283456425,1.81377467386442
2023-01-30 06:00:00,32.8333333333333,262.433333333333,345.3036459062,2.20873211627294
2023-01-30 07:00:00,38.8166666666667,261.95,143.809756183446,3.61959536238396
2023-01-30 08:00:00,32.0,262.983333333333,139.332406916454,5.97161337322083
2023-01-30 09:00:00,25.7666666666667,263.666666666667,144.859081167822,3.9417528843701
2023-01-30 10:00:00,32.2666666666667,262.866666666667,139.055182248718,3.64682394608645
2023-01-30 11:00:00,41.4833333333333,263.316666666667,148.288023550519,5.12501528892294
2023-01-30 12:00:00,47.4666666666667,263.333333333333,150.784434615212,3.7079747480107
2023-01-30 13:00:00,58.1833333333333,263.466666666667,144.402216413014,3.38744998937962
2023-01-30 14:00:00,60.7833333333333,263.583333333333,149.618466143961,2.96183360682401
2023-01-30 15:00:00,66.9166666666667,262.65,160.507494195144,5.03648244750926
2023-01-30 16:00:00,74.8,261.883333333333,156.542991058332,4.17658334651452
2023-01-30 17:00:00,77.6166666666667,260.7,160.381384078413,2.98962724180699
2023-01-30 18:00:00,77.8333333333333,259.5,176.467211243966,3.92748405747131
2023-01-30 19:00:00,84.3166666666667,258.883333333333,170.507850810156,4.22003767849865
2023-01-30 20:00:00,86.6333333333333,258.6,154.603619924982,3.74154527499718
2023-01-30 21:00:00,85.8333333333333,257.75,162.830634858628,1.3479550019807
2023-01-30 22:00:00,84.85,256.866666666667,112.586662838034,1.59590810150048
2023-01-30 23:00:00,84.1,256.116666666667,170.4449426981,4.92458662486986
2023-01-31 00:00:00,83.4166666666667,255.5,176.09029255132,4.57672821622849
2023-01-31 01:00:00,83.2166666666667,255.3,173.554990743435,4.11864350634378
2023-01-31 02:00:00,82.5833333333333,254.75,165.176799287284,4.28267253313816
2023-01-31 03:00:00,82.3666666666667,254.566666666667,166.666554834368,5.33964217485538
2023-01-31 04:00:00,82.25,254.5,145.257065816864,2.49909727960027
2023-01-31 05:00:00,65.35,255.183333333333,146.462573382096,3.14189056106164
2023-01-31 06:00:00,52.0333333333333,255.65,138.121591441956,2.59557638475344
2023-01-31 07:00:00,49.3333333333333,255.616666666667,146.956425355909,3.40187926267881
2023-01-31 08:00:00,42.6166666666667,256.066666666667,147.47509329687,3.21502512977425
2023-01-31 09:00:00,33.9,257.05,127.770165966435,2.72603134836619
2023-01-31 10:00:00,29.7,257.816666666667,121.894445555491,2.71975978845236
2023-01-31 11:00:00,25.2,258.983333333333,127.48268235339,3.12275334683465
2023-01-31 12:00:00,22.5,259.183333333333,51.3916601654053,2.76590230398527
2023-01-31 13:00:00,25.0833333333333,259.2,51.9658889917971,1.80566128792223
2023-01-31 14:00:00,26.8833333333333,259.883333333333,116.725279756725,1.57216083680815
2023-01-31 15:00:00,35.8666666666667,260.633333333333,125.965763910358,1.48390957075614
2023-01-31 16:00:00,71.0166666666667,260.416666666667,114.565566439768,1.30089508203976
2023-01-31 17:00:00,76.9666666666667,261.716666666667,112.300146687346,2.12984615075406
2023-01-31 18:00:00,87.3333333333333,261.583333333333,149.053418468992,3.48279149680801
2023-01-31 19:00:00,87.8666666666667,260.666666666667,155.762922543038,5.15860965923954
2023-01-31 20:00:00,88.9,260.133333333333,169.374010924033,4.80407130025491
2023-01-31 21:00:00,89.05,260.25,161.49046129781,4.73366421752228
2023-01-31 22:00:00,88.7,259.883333333333,163.658658523943,5.00350670555237
2023-01-31 23:00:00,88.7833333333334,259.95,161.704553003825,3.99539556420496
2023-02-01 00:00:00,88.4666666666667,259.633333333333,167.830712368706,3.00215538418209
2023-02-01 01:00:00,88.7166666666667,259.816666666667,168.595847917813,4.58899978222417
2023-02-01 02:00:00,88.15,259.383333333333,173.690031943528,3.28127987786572
2023-02-01 03:00:00,87.2333333333333,258.533333333333,170.210564068584,3.97793454644974
2023-02-01 04:00:00,85.45,258.25,174.014543299647,5.46637790199778
2023-02-01 05:00:00,63.6333333333333,259.15,174.835577886297,6.13658401482883
2023-02-01 06:00:00,50.7666666666667,259.666666666667,166.596337921003,5.22099004008976
2023-02-01 07:00:00,50.0833333333333,259.566666666667,162.546470259012,3.70638409752792
2023-02-01 08:00:00,64.7666666666667,258.683333333333,174.573906226377,5.71937691618698
2023-02-01 09:00:00,63.9833333333333,259.016666666667,164.347554999834,4.59370277873594
2023-02-01 10:00:00,65.8666666666667,259.166666666667,161.846898393986,3.31082181056846
2023-02-01 11:00:00,80.1,258.733333333333,166.266216915815,4.52329686825183
2023-02-01 12:00:00,85.8666666666667,258.766666666667,174.57642396758,4.67928104390633
2023-02-01 13:00:00,86.4833333333333,258.966666666667,161.04558335154,3.16422583817972
2023-02-01 14:00:00,83.1333333333333,259.15,150.971355568006,1.90968062827413
2023-02-01 15:00:00,77.8833333333333,259.566666666667,150.156406193986,1.61194361444151
2023-02-01 16:00:00,73.7,258.983333333333,165.052224754005,3.30166669586101
2023-02-01 17:00:00,74.6833333333333,258.583333333333,172.499744835452,2.48171002995294
2023-02-01 18:00:00,77.8333333333333,258.183333333333,177.037297928346,4.17615156243995
2023-02-01 19:00:00,82.2166666666667,257.95,174.023057856233,3.65811057551455
2023-02-01 20:00:00,85.8,257.75,170.988564697799,3.29347147278446
2023-02-01 21:00:00,85.7666666666667,257.666666666667,175.689018388933,2.99573855045344
2023-02-01 22:00:00,85.7,257.583333333333,163.351961207821,2.53414809905653
2023-02-01 23:00:00,85.6833333333333,257.533333333333,176.577228370017,3.35454363223757
2023-02-02 00:00:00,85.45,257.3,173.393938007311,4.53408390535181
2023-02-02 01:00:00,85.2333333333333,257.133333333333,180.042713166313,4.16977914237935
2023-02-02 02:00:00,85.15,257.033333333333,177.210324304054,4.12575177596161
2023-02-02 03:00:00,85.05,256.95,178.512860360888,3.59011331658961
2023-02-02 04:00:00,85.0833333333333,256.933333333333,175.804285944858,3.71737951997732
2023-02-02 05:00:00,85.2333333333333,257.083333333333,179.263326487101,4.67157507459913
2023-02-02 06:00:00,85.2833333333333,257.15,178.086070692542,4.87045296470415
2023-02-02 07:00:00,85.3833333333333,257.2,181.7892774077,5.56120638406739
2023-02-02 08:00:00,85.6333333333333,257.45,180.478869986137,6.25619096976574
2023-02-02 09:00:00,85.85,257.716666666667,181.685016470986,5.86540707515126
2023-02-02 10:00:00,85.9833333333333,257.933333333333,179.978356632874,5.50087230959955
2023-02-02 11:00:00,86.15,258.366666666667,174.88485384783,4.25416207866658
2023-02-02 12:00:00,86.4166666666667,258.716666666667,178.528113543185,4.88590011096113
2023-02-02 13:00:00,86.7333333333334,259.1,182.7543931084,4.93106695286245
2023-02-02 14:00:00,86.8,259.15,185.841596156113,5.25571052267419
2023-02-02 15:00:00,87.0166666666667,259.183333333333,182.823060184692,4.69810537521373
2023-02-02 16:00:00,87.1166666666667,259.05,181.524240166249,4.73567785838652
2023-02-02 17:00:00,87.1333333333333,258.816666666667,194.572180834529,5.19755374874969
2023-02-02 18:00:00,87.15,258.733333333333,200.11216532212,5.57299144357577
2023-02-02 19:00:00,87.1333333333333,258.683333333333,200.356005974928,6.48758480429434
2023-02-02 20:00:00,87.3166666666667,258.833333333333,191.767915270336,6.38124849860012
2023-02-02 21:00:00,87.6166666666667,259.066666666667,187.436072927252,4.94410608404037
2023-02-02 22:00:00,87.8,259.216666666667,182.125003616041,5.74087113202793
2023-02-02 23:00:00,87.9,259.3,188.37573726869,5.83625790865925
2023-02-03 00:00:00,87.85,259.266666666667,172.549267607393,4.72429600918723
2023-02-03 01:00:00,87.55,259.016666666667,157.030428064576,2.87645870677572
2023-02-03 02:00:00,87.4833333333333,259.0,157.403412720007,4.30318193266612
2023-02-03 03:00:00,87.8833333333333,259.316666666667,159.176812958,5.41925078213278
2023-02-03 04:00:00,88.75,260.1,145.284085966147,2.97091772475995
2023-02-03 05:00:00,88.6666666666667,260.15,147.181327898086,2.7850801018972
2023-02-03 06:00:00,82.65,260.8,142.846936208316,2.5412394195321
2023-02-03 07:00:00,70.7666666666667,261.116666666667,108.530501279375,2.2760931503243
2023-02-03 08:00:00,71.9666666666667,261.35,133.483090581196,2.94995243659405
2023-02-03 09:00:00,64.5,262.516666666667,90.8643877796159,2.09595381764453
2023-02-03 10:00:00,61.8333333333333,262.7,134.118852975702,3.13648077825402
2023-02-03 11:00:00,56.6,262.983333333333,157.967817323368,6.11131021475762
2023-02-03 12:00:00,53.3166666666667,263.95,162.983555576857,4.81849434357499
2023-02-03 13:00:00,50.6,264.416666666667,156.716386676793,4.28903179202383
2023-02-03 14:00:00,49.5833333333333,264.116666666667,154.052059993363,4.79454312631718
2023-02-03 15:00:00,44.45,263.733333333333,152.961465103217,4.20306265813254
2023-02-03 16:00:00,51.8666666666667,263.683333333333,150.433271056654,4.74773634094648
2023-02-03 17:00:00,59.1333333333333,263.4,160.324941075866,5.01199808627946
2023-02-03 18:00:00,68.6833333333333,263.066666666667,161.880050581862,4.84763092484094
2023-02-03 19:00:00,88.9333333333333,262.133333333333,167.544205748179,4.70796040685073
2023-02-03 20:00:00,91.1833333333333,262.066666666667,174.312389318232,5.73528395923551
2023-02-03 21:00:00,91.7166666666667,262.366666666667,179.890316510143,7.13421896051839
2023-02-03 22:00:00,91.6666666666667,262.25,181.932791603788,6.86730946559366
2023-02-03 23:00:00,91.75,262.283333333333,182.46674329354,7.53425092883145
2023-02-04 00:00:00,91.55,262.133333333333,173.950518895995,7.35215761499083
2023-02-04 01:00:00,91.4333333333333,261.95,178.766735027574,6.9441072331424
2023-02-04 02:00:00,91.3166666666667,261.866666666667,181.2865418039,6.7638913626263
2023-02-04 03:00:00,91.2666666666667,261.783333333333,181.379375407264,7.20970964030905
2023-02-04 04:00:00,91.2,261.7,176.984252542419,6.98290844874114
2023-02-04 05:00:00,91.1666666666667,261.65,171.558881404235,7.02274213201528
2023-02-04 06:00:00,91.05,261.6,167.189118249391,5.83090371403105
2023-02-04 07:00:00,90.8833333333333,261.416666666667,170.851095642663,6.84021675802402
2023-02-04 08:00:00,90.7833333333333,261.383333333333,167.477622846833,5.56203640843734
2023-02-04 09:00:00,90.5666666666667,261.4,147.804933741677,3.26288937134417
2023-02-04 10:00:00,89.3833333333333,260.616666666667,117.371452054494,1.08657205870234
2023-02-04 11:00:00,88.1666666666667,259.85,17.2482928180959,2.87813933785106
2023-02-04 12:00:00,84.8166666666667,259.45,25.965957326052,4.39615477722522
2023-02-04 13:00:00,74.0166666666667,259.766666666667,21.3858049251168,4.66909141227751
2023-02-04 14:00:00,65.5833333333333,260.033333333333,21.239703297405,2.25979695317031
2023-02-04 15:00:00,60.6166666666667,260.283333333333,14.4745548195044,3.86985248656291
2023-02-04 16:00:00,52.4,260.466666666667,20.795238753015,4.92162861394751
2023-02-04 17:00:00,61.5,259.733333333333,28.3228258092815,2.85170566255973
2023-02-04 18:00:00,55.4666666666667,259.25,33.6850361041425,4.4779296856513
2023-02-04 19:00:00,45.95,259.066666666667,15.7901713764276,5.2256789312545
2023-02-04 20:00:00,36.1166666666667,259.05,17.2123222332204,5.5146905248217
2023-02-04 21:00:00,26.8333333333333,259.283333333333,352.114524054475,7.0483068024963
2023-02-04 22:00:00,22.25,259.466666666667,351.840023076109,7.08669187484047
2023-02-04 23:00:00,22.25,259.116666666667,350.303044905985,6.18931855482719
2023-02-05 00:00:00,24.0666666666667,259.0,14.0032370471223,4.84637559415482
2023-02-05 01:00:00,22.7833333333333,258.933333333333,25.9068593619128,3.72350655119533
2023-02-05 02:00:00,20.6833333333333,259.2,18.7430424452589,4.40311782479755
2023-02-05 03:00:00,20.0,258.9,0.259660138401671,5.53134326373897
2023-02-05 04:00:00,17.1833333333333,258.716666666667,347.049314791442,6.63924846952914
2023-02-05 05:00:00,15.9,258.816666666667,349.147218422515,7.12648379912525
2023-02-05 06:00:00,14.4833333333333,259.033333333333,345.89626464427,7.75527104450555
2023-02-05 07:00:00,12.7333333333333,259.566666666667,338.823424874821,7.70945704510725
2023-02-05 08:00:00,11.8833333333333,259.433333333333,339.446087226154,8.02216144261116
2023-02-05 09:00:00,13.8166666666667,258.9,340.828121646577,7.34471074664788
2023-02-05 10:00:00,18.1666666666667,258.283333333333,19.6461898849,4.56563922876999
2023-02-05 11:00:00,22.7333333333333,258.2,66.9919347611277,2.12973552440544
2023-02-05 12:00:00,35.9333333333333,258.5,135.291476390092,2.65972009487847
2023-02-05 13:00:00,63.5833333333333,258.7,109.926858250175,1.13042605267739
2023-02-05 14:00:00,72.75,257.583333333333,95.5046052027126,1.19857020838491
2023-02-05 15:00:00,77.05,257.083333333333,125.180653774636,2.13746062140472
2023-02-05 16:00:00,82.1166666666667,256.916666666667,87.0781270315179,1.1497458937434
2023-02-05 17:00:00,85.0,257.15,20.9018512067214,2.71080571031012
2023-02-05 18:00:00,85.1166666666667,257.15,349.199130954432,4.04721460752217
2023-02-05 19:00:00,85.2666666666667,257.283333333333,347.440223409945,3.6783611885283
2023-02-05 20:00:00,85.1,257.116666666667,334.578234806761,3.22723657075469
2023-02-05 21:00:00,84.95,256.933333333333,342.793982883514,3.50796697041191
2023-02-05 22:00:00,84.8,256.783333333333,298.278470032998,4.25167637712241
2023-02-05 23:00:00,84.7833333333333,256.766666666667,288.979446589658,3.63662160808488
2023-02-06 00:00:00,84.65,256.666666666667,277.827210725812,3.86972350646953
2023-02-06 01:00:00,84.3833333333333,256.366666666667,283.909065715544,4.07571783534137
2023-02-06 02:00:00,84.3833333333333,256.4,306.447193950132,2.77280139136571
2023-02-06 03:00:00,84.3833333333333,256.383333333333,296.475368851021,4.02618007441194
2023-02-06 04:00:00,83.5,255.566666666667,287.91226198901,4.21721181003097
2023-02-06 05:00:00,83.05,255.133333333333,286.62686398906,4.60139903930874
2023-02-06 06:00:00,69.35,255.566666666667,288.551087557904,5.52903748554546
2023-02-06 07:00:00,11.45,257.566666666667,306.48161658505,5.95957378111889
2023-02-06 08:00:00,6.68333333333333,257.933333333333,307.370726242858,6.26546986528822
2023-02-06 09:00:00,6.6,258.75,306.656445690353,5.45295810260811
2023-02-06 10:00:00,9.45,258.733333333333,315.046527208871,5.01769584075475
2023-02-06 11:00:00,17.55,258.55,351.929465110574,4.02206377673773
2023-02-06 12:00:00,23.5333333333333,258.216666666667,349.111457761143,4.283557992813
2023-02-06 13:00:00,29.3833333333333,257.916666666667,352.071633572851,4.4105158410615
2023-02-06 14:00:00,22.1,256.883333333333,336.413858243964,4.26931740618103
2023-02-06 15:00:00,42.35,255.866666666667,353.247330413091,2.88954938254424
2023-02-06 16:00:00,82.8166666666667,255.233333333333,352.449561716121,4.28644818254234
2023-02-06 17:00:00,82.6666666666667,255.183333333333,9.9935141604123,2.56528965328863
2023-02-06 18:00:00,82.5,254.916666666667,345.838105460421,2.50504085233367
2023-02-06 19:00:00,82.2,254.6,306.019958298197,3.13647575784501
2023-02-06 20:00:00,81.8333333333333,254.2,325.480272219001,0.602088010627819
2023-02-06 21:00:00,81.7166666666667,254.033333333333,139.474922226937,0.54214710277313
2023-02-06 22:00:00,80.9833333333333,253.316666666667,164.212443040972,1.45559631911743
2023-02-06 23:00:00,81.2333333333333,253.616666666667,162.309300126676,1.06172778550074
2023-02-07 00:00:00,80.5833333333333,252.966666666667,179.067694653517,2.19625809716369
2023-02-07 01:00:00,80.3166666666667,252.633333333333,179.88736442852,1.9878653030701
2023-02-07 02:00:00,80.2333333333333,252.566666666667,177.931803404452,1.7125436226608
2023-02-07 03:00:00,79.9666666666667,252.15,198.841935557845,1.0640452165064
2023-02-07 04:00:00,80.1666666666667,252.483333333333,192.193674405384,1.87735567988151
2023-02-07 05:00:00,80.7666666666667,253.133333333333,183.983647891788,1.81393055543152
2023-02-07 06:00:00,81.1166666666667,253.5,187.620265755484,2.54361499536792
2023-02-07 07:00:00,81.2666666666667,253.75,187.550641510338,1.66802511251827
2023-02-07 08:00:00,80.3166666666667,254.633333333333,184.900881157387,1.88847275162797
2023-02-07 09:00:00,70.55,256.616666666667,173.831070897176,2.6221667280143
2023-02-07 10:00:00,47.35,258.383333333333,164.789659349939,2.90888029742412
2023-02-07 11:00:00,31.6833333333333,260.716666666667,171.846124003714,1.48726267882317
2023-02-07 12:00:00,24.3333333333333,261.933333333333,174.738850708182,1.67787657360986
2023-02-07 13:00:00,19.65,261.016666666667,239.141004108434,2.17243704498504
2023-02-07 14:00:00,28.1166666666667,259.5,300.19422494513,2.37724820272468
2023-02-07 15:00:00,33.35,258.783333333333,322.909805290907,3.24298783246877
2023-02-07 16:00:00,34.0,258.433333333333,326.109920233961,4.76298579367805
2023-02-07 17:00:00,35.4,258.0,306.328640448366,4.79230518832886
2023-02-07 18:00:00,41.7166666666667,257.083333333333,302.782393454158,5.42968057355571
2023-02-07 19:00:00,48.1,256.25,295.531826347496,4.77486578498094
2023-02-07 20:00:00,51.0,255.833333333333,266.974221558122,4.25180532685403
2023-02-07 21:00:00,30.8666666666667,257.016666666667,229.530512471427,5.38283171136695
2023-02-07 22:00:00,26.2833333333333,257.633333333333,205.062736330591,5.74090053578879
2023-02-07 23:00:00,24.9833333333333,257.233333333333,187.413348159609,5.24546923570004
2023-02-08 00:00:00,28.15,256.95,186.56355066058,4.77862824505688
2023-02-08 01:00:00,29.4,257.1,190.021800105178,5.35056952730777
2023-02-08 02:00:00,29.1166666666667,256.833333333333,183.837781384921,3.74155192013928
2023-02-08 03:00:00,28.0,256.483333333333,177.623169483554,1.36381979946021
2023-02-08 04:00:00,25.2833333333333,256.116666666667,178.550930040183,1.49272836983916
2023-02-08 05:00:00,29.9333333333333,256.266666666667,191.707222645306,3.37209679786759
2023-02-08 06:00:00,25.5666666666667,256.633333333333,185.072475971939,2.55310730067893
2023-02-08 07:00:00,20.4166666666667,257.083333333333,185.018819254089,2.64462027141744
2023-02-08 08:00:00,20.1666666666667,257.616666666667,187.107893345956,2.43669159994595
2023-02-08 09:00:00,20.3833333333333,258.7,178.605301199709,1.97939811625484
2023-02-08 10:00:00,20.0666666666667,259.35,172.245181369692,1.91315772178933
2023-02-08 11:00:00,21.2333333333333,259.9,166.54881745918,1.53449538335776
2023-02-08 12:00:00,25.8666666666667,260.266666666667,166.931232045831,2.0004442697117
2023-02-08 13:00:00,29.8,260.566666666667,163.472372818409,1.71784291464256
2023-02-08 14:00:00,27.9166666666667,260.5,166.641298019615,1.2948592962008
2023-02-08 15:00:00,33.0,259.883333333333,148.8281857089,2.14499060721346
2023-02-08 16:00:00,37.6666666666667,258.783333333333,155.936753966448,2.12207297339925
2023-02-08 17:00:00,37.6,258.033333333333,152.807198318859,2.17451811348182
2023-02-08 18:00:00,38.0333333333333,256.833333333333,168.404748500654,2.09449104034199
2023-02-08 19:00:00,18.6666666666667,257.416666666667,179.117942118336,2.97712721359583
2023-02-08 20:00:00,13.8,257.6,179.847018099681,2.50936120318074
2023-02-08 21:00:00,11.7166666666667,257.516666666667,173.720823974206,1.75572333202027
2023-02-08 22:00:00,9.91666666666667,257.016666666667,133.51505008925,0.930489422653087
2023-02-08 23:00:00,8.65,256.716666666667,157.809165629122,1.13738499643686
2023-02-09 00:00:00,9.4,256.4,172.792249623418,2.06167144087736
2023-02-09 01:00:00,10.4833333333333,256.4,178.383043374798,3.05128613989532
2023-02-09 02:00:00,10.8,256.716666666667,178.125507265432,2.69185347512763
2023-02-09 03:00:00,10.8333333333333,256.75,182.936534424577,2.02741108482044
2023-02-09 04:00:00,9.9,256.683333333333,175.814992901941,2.03455661946024
2023-02-09 05:00:00,10.8833333333333,256.95,181.421792132035,2.99595448074361
2023-02-09 06:00:00,15.4833333333333,257.483333333333,180.195245186247,4.01102138969476
2023-02-09 07:00:00,15.4166666666667,257.366666666667,173.998106445594,4.26166097766012
2023-02-09 08:00:00,24.1,257.416666666667,174.095327498345,3.52390247005792
2023-02-09 09:00:00,32.4,257.516666666667,171.625738769215,3.51689403964115
2023-02-09 10:00:00,24.0166666666667,259.466666666667,206.257503335937,3.27414295842571
2023-02-09 11:00:00,24.8333333333333,260.216666666667,174.205378920703,2.28291955093651
2023-02-09 12:00:00,25.5333333333333,260.766666666667,176.895611372749,2.33470849236634
2023-02-09 13:00:00,28.5833333333333,261.1,167.763432660551,1.45690297213248
2023-02-09 14:00:00,31.4333333333333,261.15,166.11137999308,1.31171908990414
2023-02-09 15:00:00,34.35,260.65,169.757241144544,1.54998661872528
2023-02-09 16:00:00,32.7833333333333,260.55,166.146641003079,1.51506153050332
2023-02-09 17:00:00,28.3333333333333,260.05,168.749274510083,2.13804744584114
2023-02-09 18:00:00,22.4833333333333,259.45,189.720657393485,1.89167315387523
2023-02-09 19:00:00,20.5,259.783333333333,266.828516611837,2.42452258047093
2023-02-09 20:00:00,22.9833333333333,259.6,277.086986442209,4.03714066702401
2023-02-09 21:00:00,22.15,259.616666666667,270.891950877476,3.67364747654231
2023-02-09 22:00:00,23.9666666666667,259.316666666667,275.248552217414,4.39697342338907
2023-02-09 23:00:00,22.1166666666667,259.683333333333,276.295208948066,4.34955642167272
2023-02-10 00:00:00,22.7833333333333,259.866666666667,280.822000199512,4.85814605328161
2023-02-10 01:00:00,22.3166666666667,260.683333333333,264.392865597731,4.10951562645686
2023-02-10 02:00:00,22.85,261.166666666667,261.282734228353,3.86964291564554
2023-02-10 03:00:00,24.5333333333333,260.566666666667,293.657373515414,4.14116381084711
2023-02-10 04:00:00,25.9666666666667,260.366666666667,287.640248421809,5.77639928406304
2023-02-10 05:00:00,26.0833333333333,260.2,300.971915831978,6.01727316901101
2023-02-10 06:00:00,26.9,260.383333333333,304.08148928488,5.7313888966707
2023-02-10 07:00:00,27.0666666666667,260.383333333333,299.181808300195,6.25946408607571
2023-02-10 08:00:00,26.8166666666667,260.466666666667,296.469466796617,6.35820216429203
2023-02-10 09:00:00,26.1,260.6,292.046925932184,5.14864959675917
2023-02-10 10:00:00,24.4,260.616666666667,296.19713025699,5.33860882904353
2023-02-10 11:00:00,21.1333333333333,261.016666666667,286.990283446882,5.35402411338095
2023-02-10 12:00:00,15.1333333333333,261.933333333333,280.716143773749,4.55750642284212
2023-02-10 13:00:00,12.9,262.3,304.329143454196,3.92074149434607
2023-02-10 14:00:00,9.83333333333333,262.616666666667,308.649696127445,3.6894735595592
2023-02-10 15:00:00,8.58333333333333,263.0,311.257074182692,2.20940086208073
2023-02-10 16:00:00,17.5166666666667,262.95,328.5838217159,2.72681722588067
2023-02-10 17:00:00,43.4333333333333,262.683333333333,335.929040485417,3.17932248485512
2023-02-10 18:00:00,51.6333333333333,262.483333333333,318.829939351271,4.54256873079896
2023-02-10 19:00:00,42.4,262.466666666667,301.917501843097,5.64102232613706
2023-02-10 20:00:00,16.5833333333333,263.583333333333,296.840712567997,6.34889270454097
2023-02-10 21:00:00,12.4666666666667,263.783333333333,302.392413866629,5.49525758166875
2023-02-10 22:00:00,15.3166666666667,263.4,330.353234953227,3.74791232764111
2023-02-10 23:00:00,19.3333333333333,262.716666666667,7.25562777818192,2.69281262958882
2023-02-11 00:00:00,20.0833333333333,263.15,332.179053369215,5.71736916586823
2023-02-11 01:00:00,23.1833333333333,263.2,344.288889713388,3.66294195808951
2023-02-11 02:00:00,21.2333333333333,263.683333333333,335.965462542643,5.58676966705638
2023-02-11 03:00:00,20.3,263.75,343.194742151576,5.48348685993036
2023-02-11 04:00:00,21.45,263.25,357.066107392665,4.22379688526911
2023-02-11 05:00:00,27.85,263.45,343.832020258783,5.84760584614483
2023-02-11 06:00:00,48.6333333333333,263.6,334.296171408036,6.40704507460017
2023-02-11 07:00:00,63.8666666666667,263.6,315.604273089325,7.3896130474585
2023-02-11 08:00:00,69.9333333333333,263.35,330.788420491885,7.62499481465846
2023-02-11 09:00:00,67.6833333333333,263.533333333333,329.563333133813,7.22321992101738
2023-02-11 10:00:00,78.4166666666667,263.333333333333,345.439449442915,5.0756937912434
2023-02-11 11:00:00,95.75,263.616666666667,4.84840973673227,2.70067963883491
2023-02-11 12:00:00,98.5,264.266666666667,6.05285387918536,2.44804590122803
2023-02-11 13:00:00,95.4166666666667,264.583333333333,339.796234190392,2.97682100237309
2023-02-11 14:00:00,96.6833333333333,265.133333333333,352.556007110427,1.77061227578327
2023-02-11 15:00:00,98.0166666666667,265.516666666667,5.92798539040831,1.56871122955329
2023-02-11 16:00:00,97.9833333333333,265.35,9.87301059745312,3.00342865113577
2023-02-11 17:00:00,97.6666666666667,265.116666666667,12.0795433125684,2.21512953022177
2023-02-11 18:00:00,97.0333333333333,264.7,356.450165640942,3.11569487666907
2023-02-11 19:00:00,96.8333333333333,264.616666666667,355.282131131668,4.03384296711483
2023-02-11 20:00:00,96.5833333333333,264.483333333333,347.172064711528,3.82023304391502
2023-02-11 21:00:00,95.7166666666667,263.9,339.42789418632,4.94531087378739
2023-02-11 22:00:00,94.8833333333333,263.533333333333,329.475040520484,5.37455409680388
2023-02-11 23:00:00,79.05,263.533333333333,324.742063956162,5.79037878076052
2023-02-12 00:00:00,61.1,264.3,329.017982118148,5.43773375574351
2023-02-12 01:00:00,55.6166666666667,264.333333333333,326.018456951099,4.67560793705564
2023-02-12 02:00:00,66.6,264.35,319.289801752035,4.8586996892675
2023-02-12 03:00:00,89.1333333333333,263.866666666667,354.968205880149,3.41715302796952
2023-02-12 04:00:00,99.8,263.866666666667,25.9927952881965,2.16146708183618
2023-02-12 05:00:00,98.1,264.016666666667,356.082916952018,2.72137541898217
2023-02-12 06:00:00,96.0166666666667,263.666666666667,88.4623969874565,2.50054402481779
2023-02-12 07:00:00,91.5833333333333,264.133333333333,319.999791679226,4.02692210043713
2023-02-12 08:00:00,75.8,264.816666666667,316.308722110486,4.66222091290114
2023-02-12 09:00:00,76.3166666666667,265.2,316.896383692547,4.95981150192282
2023-02-12 10:00:00,81.2666666666667,265.9,282.393019770151,3.97735786090147
2023-02-12 11:00:00,83.3833333333334,266.166666666667,263.873383187955,4.59385686542846
2023-02-12 12:00:00,86.8,266.116666666667,292.428246892601,2.32294587058069
2023-02-12 13:00:00,78.8,268.016666666667,101.032130031915,0.665964665905705
2023-02-12 14:00:00,77.5333333333333,267.133333333333,254.597094681646,1.0751210679157
2023-02-12 15:00:00,76.5166666666667,267.066666666667,259.136155504962,2.14582721932169
2023-02-12 16:00:00,67.35,267.633333333333,258.388740263607,3.83742244484081
2023-02-12 17:00:00,61.6333333333333,268.0,255.85472968112,4.57589729284899
2023-02-12 18:00:00,55.95,268.233333333333,255.184457946877,5.41185136024142
2023-02-12 19:00:00,56.6666666666667,268.016666666667,249.467684597507,4.882812521105
2023-02-12 20:00:00,51.45,268.166666666667,240.155338568275,4.84979747739096
2023-02-12 21:00:00,43.8,268.433333333333,215.554737399828,3.78508946414
2023-02-12 22:00:00,40.7166666666667,268.616666666667,207.326198856393,4.00425865103855
2023-02-12 23:00:00,35.7833333333333,269.183333333333,188.441884572362,4.76625493889842
2023-02-13 00:00:00,30.3666666666667,269.566666666667,202.963453363516,4.44486486176459
2023-02-13 01:00:00,30.9166666666667,269.516666666667,237.284790378394,2.57118534532459
2023-02-13 02:00:00,27.75,269.966666666667,253.834478517032,1.89458739448726
2023-02-13 03:00:00,27.5,270.083333333333,261.898551257308,1.84268617531162
2023-02-13 04:00:00,24.95,270.466666666667,256.594791768632,2.42460526564366
2023-02-13 05:00:00,21.9166666666667,270.766666666667,262.050876569762,2.49454779193907
2023-02-13 06:00:00,15.3666666666667,271.3,257.959525715784,2.4189810624955
2023-02-13 07:00:00,17.1833333333333,270.716666666667,271.903023532559,3.01086241119506
2023-02-13 08:00:00,16.5666666666667,271.033333333333,264.94382694966,4.12439060677276
2023-02-13 09:00:00,12.6,271.4,256.591200008794,3.28306340491522
2023-02-13 10:00:00,7.85,271.6,250.534955148416,2.23257898092846
2023-02-13 11:00:00,10.9333333333333,270.833333333333,264.441910947804,1.98585092388415
2023-02-13 12:00:00,6.78333333333333,270.65,275.963836953205,2.89300284966961
2023-02-13 13:00:00,4.95,270.916666666667,283.709057951188,2.53871331351195
2023-02-13 14:00:00,4.31666666666667,270.483333333333,285.718078185439,3.95748287187871
2023-02-13 15:00:00,3.7,270.583333333333,295.649991335459,3.10720211080592
2023-02-13 16:00:00,5.23333333333333,270.516666666667,293.260553634293,2.43747246670085
2023-02-13 17:00:00,6.11666666666667,270.3,305.236285673249,3.04053292217516
2023-02-13 18:00:00,6.61666666666667,269.766666666667,280.413227263704,4.15377545480015
2023-02-13 19:00:00,6.48333333333333,269.933333333333,272.8268527046,3.16806848121158
2023-02-13 20:00:00,5.81666666666667,270.55,256.49441711999,3.46497851688329
2023-02-13 21:00:00,9.86666666666667,270.6,255.350325267234,3.13459129522107
2023-02-13 22:00:00,14.3666666666667,270.65,260.836765720307,2.45513612751964
2023-02-13 23:00:00,14.8833333333333,270.933333333333,268.021500379533,2.0284732671174
2023-02-14 00:00:00,9.91666666666667,271.033333333333,246.733883085263,2.28968143861174
2023-02-14 01:00:00,10.95,270.9,149.225467202884,2.50354674220494
2023-02-14 02:00:00,13.25,270.4,140.935168601684,3.20102076990239
2023-02-14 03:00:00,12.45,270.183333333333,161.495408220571,4.37419457740777
2023-02-14 04:00:00,8.0,270.516666666667,137.396011484504,1.62123249144626
2023-02-14 05:00:00,13.4333333333333,270.183333333333,154.023608711009,4.34511318609525
2023-02-14 06:00:00,14.9666666666667,269.9,149.07746789344,3.70820550228684
2023-02-14 07:00:00,15.0,269.283333333333,156.550927738202,4.16237224593426
2023-02-14 08:00:00,16.4,269.0,144.896468119416,3.69356677466423
2023-02-14 09:00:00,15.85,269.85,142.087941074676,3.89031873389285
2023-02-14 10:00:00,19.0333333333333,270.316666666667,138.740593043008,3.32925267300986
2023-02-14 11:00:00,19.6333333333333,270.883333333333,131.862026958685,2.91332051696191
2023-02-14 12:00:00,20.3166666666667,271.4,125.15633840995,2.61679042533204
2023-02-14 13:00:00,17.5166666666667,271.75,129.39016388939,2.88006967162917
2023-02-14 14:00:00,15.5666666666667,271.766666666667,116.49846926512,2.85026619236212
2023-02-14 15:00:00,12.4666666666667,272.25,116.372855624465,2.33551172591929
2023-02-14 16:00:00,16.8333333333333,272.45,107.959369721142,0.842584609738845
2023-02-14 17:00:00,18.3833333333333,272.083333333333,103.25094260728,0.738366644444764
2023-02-14 18:00:00,14.3833333333333,271.45,114.682768361676,0.993356593816359
2023-02-14 19:00:00,7.26666666666667,271.4,116.478618705272,1.38929044041434
2023-02-14 20:00:00,5.56666666666667,271.3,108.611210161572,0.482031478478113
2023-02-14 21:00:00,4.0,271.2,113.411773335423,1.74072832359877
2023-02-14 22:00:00,3.9,271.016666666667,107.748137040272,2.49322613782937
2023-02-14 23:00:00,4.4,270.716666666667,96.5320864382724,2.67293586238939
2023-02-15 00:00:00,6.36666666666667,270.433333333333,86.5145364554837,2.26302391034673
2023-02-15 01:00:00,6.76666666666667,270.833333333333,76.3484826678306,2.19850242410547
2023-02-15 02:00:00,6.76666666666667,271.066666666667,71.1705041106028,2.07957745659361
2023-02-15 03:00:00,9.91666666666667,270.65,76.074134208384,2.04311532480147
2023-02-15 04:00:00,10.3333333333333,270.85,55.8975813278285,2.32803399845678
2023-02-15 05:00:00,12.8,270.283333333333,59.9449724559324,2.39066693504107
2023-02-15 06:00:00,17.05,270.116666666667,58.8256027186561,2.54396257492271
2023-02-15 07:00:00,17.7666666666667,269.8,40.5355297146706,2.1433165583992
2023-02-15 08:00:00,14.3666666666667,270.9,343.92714925853,2.84274427365561
2023-02-15 09:00:00,12.5166666666667,271.983333333333,338.975564089939,2.60582574323074
2023-02-15 10:00:00,14.6166666666667,273.066666666667,27.7377279830423,1.45050842945813
2023-02-15 11:00:00,14.1166666666667,275.733333333333,93.6352603175315,0.66528549882392
2023-02-15 12:00:00,16.6833333333333,274.666666666667,96.543876373864,0.610743686161254
2023-02-15 13:00:00,20.85,273.766666666667,93.5816746504068,1.16525959642632
2023-02-15 14:00:00,19.7,273.4,90.4561887791102,0.938286804305572
2023-02-15 15:00:00,21.7333333333333,273.016666666667,89.7558003187343,1.12092535484418
2023-02-15 16:00:00,22.5,272.416666666667,90.1521978814994,0.999366217440826
2023-02-15 17:00:00,22.6666666666667,271.8,94.405968295209,0.949783784085288
2023-02-15 18:00:00,24.2666666666667,270.883333333333,89.7726593046812,1.48151781449846
2023-02-15 19:00:00,24.9166666666667,269.95,80.975039221721,2.01262210260452
2023-02-15 20:00:00,24.5833333333333,269.683333333333,83.3680451135579,2.21295360219492
2023-02-15 21:00:00,26.5,269.3,81.5779213525427,2.76003550143268
2023-02-15 22:00:00,27.15,268.816666666667,83.6012843984306,2.75036309398575
2023-02-15 23:00:00,28.4,268.45,83.7762921114325,2.84615927957309
2023-02-16 00:00:00,31.0833333333333,267.916666666667,92.0669434955006,3.31376386636369
2023-02-16 01:00:00,31.8166666666667,267.966666666667,86.9490096380874,2.72230912659663
2023-02-16 02:00:00,33.4666666666667,267.716666666667,90.3836545366686,3.23123116120632
2023-02-16 03:00:00,31.3333333333333,267.966666666667,89.6856549649465,3.21981202068067
2023-02-16 04:00:00,30.45,267.783333333333,94.1780159740918,3.47327748683687
2023-02-16 05:00:00,28.0,267.6,95.4392955398623,3.18853030607738
2023-02-16 06:00:00,25.8833333333333,267.666666666667,90.7691096778178,2.7110844793103
2023-02-16 07:00:00,25.7166666666667,267.616666666667,87.4374376614063,2.10034815070385
2023-02-16 08:00:00,25.85,267.583333333333,90.9334910973489,1.88008345155859
2023-02-16 09:00:00,26.6333333333333,268.366666666667,94.7745454903313,2.34368261884637
2023-02-16 10:00:00,28.3666666666667,269.016666666667,95.3782003014513,2.13277190414855
2023-02-16 11:00:00,29.7666666666667,269.85,95.1933976736987,1.75217710935442
2023-02-16 12:00:00,30.75,270.216666666667,99.3924220381543,1.13571448772364
2023-02-16 13:00:00,32.2,270.133333333333,102.629073691039,0.931731662151189
2023-02-16 14:00:00,34.7666666666667,270.15,89.1309088651362,1.82623650993828
2023-02-16 15:00:00,36.25,269.5,91.8128513687144,1.91001385768772
2023-02-16 16:00:00,38.25,268.983333333333,93.1881969091601,1.79589150262309
2023-02-16 17:00:00,42.6666666666667,268.216666666667,78.9529261484984,1.60246079424602
2023-02-16 18:00:00,50.6333333333333,266.85,72.6996009078453,1.52746261920591
2023-02-16 19:00:00,53.8666666666667,265.75,77.8271038265353,1.96552415404958
2023-02-16 20:00:00,54.1166666666667,265.316666666667,82.7714453809092,2.56198770228617
2023-02-16 21:00:00,47.6,264.933333333333,100.137663349248,2.53482409891635
2023-02-16 22:00:00,54.0166666666667,264.533333333333,100.198177964956,3.01055746797155
2023-02-16 23:00:00,59.45,264.483333333333,93.8420515298037,2.54539401702518
2023-02-17 00:00:00,63.3,264.4,101.846587382731,3.18638345223877
2023-02-17 01:00:00,68.35,264.433333333333,96.3864637328579,3.55157418755781
2023-02-17 02:00:00,76.5833333333333,264.583333333333,110.339008729458,3.91734201669849
2023-02-17 03:00:00,76.1,264.533333333333,104.050968044543,4.11501063260614
2023-02-17 04:00:00,77.3833333333333,264.566666666667,106.527208009651,4.72044300961363
2023-02-17 05:00:00,80.9833333333333,264.566666666667,111.556622495893,4.47909510475133
2023-02-17 06:00:00,85.6833333333333,264.6,108.343147782166,3.63123939160548
2023-02-17 07:00:00,93.6666666666667,264.75,115.862148522682,3.43528323008972
2023-02-17 08:00:00,98.4166666666667,264.966666666667,110.161602296781,3.32239634519489
2023-02-17 09:00:00,99.2166666666667,265.4,110.772678702977,3.11452704834471
2023-02-17 10:00:00,93.6166666666667,266.116666666667,114.756930298167,3.71316171828173
2023-02-17 11:00:00,90.0333333333334,266.366666666667,111.243657177409,4.67588628386398
2023-02-17 12:00:00,90.4833333333333,267.033333333333,105.113187314315,3.94393491925802
2023-02-17 13:00:00,89.85,267.6,99.5908836842611,3.51347390458565
2023-02-17 14:00:00,86.6666666666667,267.95,99.7023100543004,3.85298798654005
2023-02-17 15:00:00,87.3166666666667,267.8,96.4668985789184,3.56077400916982
2023-02-17 16:00:00,88.0333333333333,267.766666666667,102.046247293343,3.36247362488445
2023-02-17 17:00:00,97.85,267.316666666667,101.041382922858,2.44940683201301
2023-02-17 18:00:00,99.9,267.216666666667,78.6822806129589,1.99772024423086
2023-02-17 19:00:00,99.9,267.25,86.4203943786993,2.1733128687693
2023-02-17 20:00:00,99.9,267.3,64.5954018795183,1.9943568720146
2023-02-17 21:00:00,99.9,267.116666666667,69.629272292861,3.32772484153184
2023-02-17 22:00:00,99.9,267.0,85.366102770488,2.58136978502734
2023-02-17 23:00:00,99.8833333333333,266.866666666667,110.55994988418,2.99013440868563
2023-02-18 00:00:00,99.8833333333333,266.616666666667,115.995763628878,3.19929113855947
2023-02-18 01:00:00,99.8666666666667,266.65,46.3324590191471,1.30924040306479
2023-02-18 02:00:00,99.8833333333334,266.8,102.107399443194,2.0931935900649
2023-02-18 03:00:00,99.9,267.116666666667,112.462066703303,2.50229153957963
2023-02-18 04:00:00,99.7833333333334,267.116666666667,124.62335427808,2.60819642536761
2023-02-18 05:00:00,91.6833333333333,267.416666666667,121.190967468176,2.30522759349392
2023-02-18 06:00:00,82.3333333333333,267.75,108.667603683225,2.51010495113287
2023-02-18 07:00:00,77.7333333333333,268.05,98.6508042758596,2.13793525588642
2023-02-18 08:00:00,75.4166666666667,267.966666666667,110.6871942269,2.05092487121156
2023-02-18 09:00:00,71.1166666666667,268.45,116.086959271762,2.45567199523382
2023-02-18 10:00:00,62.85,268.966666666667,102.783410629743,2.58182898360994
2023-02-18 11:00:00,52.2666666666667,270.0,89.5317072233254,1.9185369673538
2023-02-18 12:00:00,44.6,271.15,87.6315861225114,1.18064167530664
2023-02-18 13:00:00,47.1333333333333,271.416666666667,82.6276313409468,2.52644752990222
2023-02-18 14:00:00,49.9,270.933333333333,97.1645789595868,3.2796129140994
2023-02-18 15:00:00,48.9666666666667,270.516666666667,95.6691816113943,3.85900315310743
2023-02-18 16:00:00,48.1333333333333,270.15,95.7376855792159,3.53786703648389
2023-02-18 17:00:00,46.1,269.716666666667,105.571876284715,4.66234198876605
2023-02-18 18:00:00,51.6,268.666666666667,111.615791349012,5.23555846584247
2023-02-18 19:00:00,52.3333333333333,268.233333333333,124.366439059912,5.7167395262982
2023-02-18 20:00:00,53.5666666666667,267.75,120.443580208736,5.18055986861313
2023-02-18 21:00:00,53.9666666666667,267.65,127.120784101359,4.54025785560895
2023-02-18 22:00:00,53.5833333333333,267.466666666667,95.2814123783823,4.4024434596408
2023-02-18 23:00:00,51.9833333333333,267.183333333333,90.508907236901,3.69041334905462
2023-02-19 00:00:00,51.05,267.0,98.0338405860722,4.45009294940933
2023-02-19 01:00:00,49.0666666666667,266.966666666667,100.188407718311,3.72695259303254
2023-02-19 02:00:00,47.6833333333333,266.916666666667,110.406836943701,3.93060368690849
2023-02-19 03:00:00,44.3833333333333,267.083333333333,88.4144987146367,2.55976407942295
2023-02-19 04:00:00,48.0166666666667,266.666666666667,108.723255953661,4.17694892742781
2023-02-19 05:00:00,49.1,266.483333333333,113.373053826568,4.08992906003325
2023-02-19 06:00:00,47.0,266.683333333333,126.726849167262,4.97738701102112
2023-02-19 07:00:00,62.1333333333333,266.833333333333,132.292111907377,6.18339700092235
2023-02-19 08:00:00,73.1166666666667,266.883333333333,128.793836765462,5.44047607479192
2023-02-19 09:00:00,78.5166666666667,266.65,130.699654580157,5.45867807427424
2023-02-19 10:00:00,75.2666666666667,267.216666666667,126.794915075511,5.20102392414067
2023-02-19 11:00:00,72.0333333333334,267.016666666667,127.233732372108,4.78536320775102
2023-02-19 12:00:00,67.1166666666667,266.916666666667,126.458025240847,5.45822018002328
2023-02-19 13:00:00,68.2666666666667,266.816666666667,120.045503019934,3.52822182576492
2023-02-19 14:00:00,68.6166666666667,266.8,106.876768266901,2.43999233724557
2023-02-19 15:00:00,66.2166666666667,267.033333333333,119.990452066464,3.68857660326596
2023-02-19 16:00:00,66.05,266.583333333333,129.737126492178,5.78286003926518
2023-02-19 17:00:00,67.9333333333333,265.916666666667,139.68745700918,5.57463422507905
2023-02-19 18:00:00,70.9,265.183333333333,140.837114601379,4.96463799628728
2023-02-19 19:00:00,72.1833333333333,264.566666666667,140.595582176683,3.22357929685264
2023-02-19 20:00:00,71.7666666666667,264.383333333333,143.905840070792,3.59970370220515
2023-02-19 21:00:00,70.8666666666667,264.283333333333,123.652184105066,3.35705694177121
2023-02-19 22:00:00,70.6333333333333,264.416666666667,133.174738634455,3.30323402770682
2023-02-19 23:00:00,72.6166666666667,264.666666666667,139.01798650326,3.64451957048959
2023-02-20 00:00:00,78.2,264.566666666667,141.845024359232,3.60737353807954
2023-02-20 01:00:00,81.35,264.666666666667,136.908686958582,4.25477910628507
2023-02-20 02:00:00,82.8166666666667,264.583333333333,131.197688222361,4.43655508145438
2023-02-20 03:00:00,83.7833333333333,264.633333333333,147.458517784525,4.71185844112733
2023-02-20 04:00:00,87.0,264.166666666667,143.13867605031,4.20751232111456
2023-02-20 05:00:00,86.8666666666667,264.05,141.825139969388,4.31503930191988
2023-02-20 06:00:00,84.5333333333334,264.1,142.573855676194,3.16921801338733
2023-02-20 07:00:00,80.6666666666667,264.4,357.000216959432,1.97576630836219
2023-02-20 08:00:00,79.5,264.933333333333,19.5768126124625,1.92963055449539
2023-02-20 09:00:00,78.8833333333334,266.7,88.9477372361138,2.0519428170868
2023-02-20 10:00:00,79.35,268.066666666667,83.9338665204488,1.84192469714492
2023-02-20 11:00:00,77.9833333333333,269.266666666667,84.5023491808347,3.02170615952794
2023-02-20 12:00:00,76.45,269.833333333333,101.734849951895,3.72097796632588
2023-02-20 13:00:00,78.3333333333333,269.516666666667,18.0078476207447,2.49808547434869
2023-02-20 14:00:00,69.4,269.516666666667,330.770287172096,5.10913983645675
2023-02-20 15:00:00,61.55,270.783333333333,50.6723556710146,2.16167653611836
2023-02-20 16:00:00,61.0,270.6,76.0507700954427,2.50573267589748
2023-02-20 17:00:00,55.65,271.083333333333,74.459842420786,2.38205994481339
2023-02-20 18:00:00,55.9333333333333,271.516666666667,102.351054356637,2.77435850535813
2023-02-20 19:00:00,55.05,271.366666666667,114.034083427376,3.10708779300791
2023-02-20 20:00:00,50.95,271.533333333333,111.965920607375,2.9359909813193
2023-02-20 21:00:00,48.95,271.116666666667,99.2763792937444,2.59062265659342
2023-02-20 22:00:00,48.2333333333333,270.966666666667,117.156325499254,2.67159270889679
2023-02-20 23:00:00,40.1,270.9,98.3704063810707,1.73006848145647
2023-02-21 00:00:00,31.7,270.45,19.5675511872669,1.58280434762867
2023-02-21 01:00:00,31.1333333333333,269.583333333333,33.4656186075079,1.3156954231955
2023-02-21 02:00:00,32.05,268.666666666667,103.583621328897,1.11219356998567
2023-02-21 03:00:00,33.7833333333333,268.416666666667,130.178961295592,3.21512004275908
2023-02-21 04:00:00,31.0166666666667,268.966666666667,127.969830826694,2.67549938831245
2023-02-21 05:00:00,24.35,268.9,121.874926304157,2.43252631932707
2023-02-21 06:00:00,15.2,269.033333333333,116.144809619008,1.2748824651449
2023-02-21 07:00:00,16.8666666666667,268.733333333333,101.981080828686,1.6697741225719
2023-02-21 08:00:00,17.8833333333333,268.916666666667,93.7782216067292,1.27143449405622
2023-02-21 09:00:00,13.4666666666667,270.133333333333,0.144386973124369,2.08360090705473
2023-02-21 10:00:00,18.3333333333333,270.7,72.6392125915118,1.11822172698893
2023-02-21 11:00:00,25.3833333333333,271.116666666667,75.8583296794532,1.90262052444109
2023-02-21 12:00:00,29.7666666666667,271.766666666667,69.3190667167958,1.579506106099
2023-02-21 13:00:00,30.1333333333333,272.2,56.3969370128141,1.03249324515096
2023-02-21 14:00:00,35.6333333333333,272.233333333333,61.8943828769539,1.11065237331263
2023-02-21 15:00:00,36.75,272.583333333333,89.8741749790271,2.05281242483705
2023-02-21 16:00:00,36.5166666666667,272.366666666667,96.7141273265214,1.96726758254723
2023-02-21 17:00:00,31.8666666666667,271.516666666667,103.063638603725,1.73901630664178
2023-02-21 18:00:00,29.2833333333333,270.433333333333,109.851394727095,1.22161333543513
2023-02-21 19:00:00,24.0666666666667,270.0,100.585859444857,1.26999168321294
2023-02-21 20:00:00,22.5666666666667,270.25,88.6835019573607,1.63660610508652
2023-02-21 21:00:00,24.7833333333333,269.616666666667,105.83249393902,1.56863226068529
2023-02-21 22:00:00,19.6666666666667,269.333333333333,81.5906560305072,0.720800133893192
2023-02-21 23:00:00,17.2666666666667,269.416666666667,49.1757479261613,0.958345975231223
2023-02-22 00:00:00,16.1333333333333,269.3,54.8865060354012,1.22511311241282
2023-02-22 01:00:00,18.5166666666667,269.066666666667,98.0584055339883,1.21996171591203
2023-02-22 02:00:00,19.6,268.666666666667,82.8395942095931,1.66277613261038
2023-02-22 03:00:00,18.8166666666667,268.9,86.6250102865445,2.08983642914902
2023-02-22 04:00:00,19.7333333333333,268.85,65.4534669722205,1.69323332817122
2023-02-22 05:00:00,20.0166666666667,268.933333333333,69.7414474820955,1.65596168054844
2023-02-22 06:00:00,20.1666666666667,269.0,56.0015836625306,1.5822964587077
2023-02-22 07:00:00,21.6333333333333,269.216666666667,45.8404512763808,1.08184248287929
2023-02-22 08:00:00,29.85,269.85,53.8750208230798,0.159994288901377
2023-02-22 09:00:00,28.4,271.416666666667,136.983906260547,0.662229751023486
2023-02-22 10:00:00,26.7666666666667,271.8,113.928887507557,0.848994782874588
2023-02-22 11:00:00,27.6833333333333,272.15,102.495588473879,1.18134225951939
2023-02-22 12:00:00,37.1666666666667,271.733333333333,104.278366150651,1.86775329704317
2023-02-22 13:00:00,46.4,270.5,103.457492728903,2.01528488392763
2023-02-22 14:00:00,48.05,270.366666666667,101.655096351001,2.25323029415332
2023-02-22 15:00:00,51.8333333333333,269.816666666667,103.665597477082,2.68197211097685
2023-02-22 16:00:00,52.6166666666667,269.633333333333,109.855869883979,2.60283691186048
2023-02-22 17:00:00,51.0333333333333,268.85,105.72343865985,2.29649991431906
2023-02-22 18:00:00,56.1,267.283333333333,108.674907972196,1.6337530523834
2023-02-22 19:00:00,56.8666666666667,267.0,105.787012634092,1.27849800987686
2023-02-22 20:00:00,59.7833333333333,266.366666666667,115.125217134659,2.51079913029448
2023-02-22 21:00:00,61.6,266.133333333333,121.288808863473,2.75071194677686
2023-02-22 22:00:00,64.3333333333333,265.733333333333,123.327905825279,1.91453465607867
2023-02-22 23:00:00,72.3666666666667,265.283333333333,124.085607655645,1.69253827037334
2023-02-23 00:00:00,75.8166666666667,265.066666666667,124.771131779095,1.77040764788744
2023-02-23 01:00:00,78.9666666666667,264.7,122.802385628005,1.32471174762009
2023-02-23 02:00:00,81.55,264.333333333333,116.155210780585,1.12268142180872
2023-02-23 03:00:00,81.5,264.533333333333,126.570253509184,1.60584965055782
2023-02-23 04:00:00,82.2166666666667,264.633333333333,134.210529428085,1.18176009954646
2023-02-23 05:00:00,84.9166666666667,264.366666666667,145.741419184135,1.13558654658633
2023-02-23 06:00:00,89.45,264.05,164.870553641994,1.99479091493932
2023-02-23 07:00:00,89.1833333333334,264.0,162.033661885126,1.33315637831289
2023-02-23 08:00:00,84.2333333333334,264.266666666667,177.230574642144,1.59715110902565
2023-02-23 09:00:00,78.75,265.566666666667,200.315845518838,0.503930045162417
2023-02-23 10:00:00,81.85,265.016666666667,281.595875087708,1.06984853949521
2023-02-23 11:00:00,75.1833333333333,266.983333333333,55.8492604735905,0.614989233667169
2023-02-23 12:00:00,78.9,266.533333333333,79.5720855089452,1.72593351391765
2023-02-23 13:00:00,76.3,267.35,98.5956700786375,2.48844071334788
2023-02-23 14:00:00,75.9666666666667,267.516666666667,108.075712960348,1.95469936953703
2023-02-23 15:00:00,79.1833333333333,266.9,108.623199745189,0.858104176268043
2023-02-23 16:00:00,86.5833333333333,266.3,105.404245206112,1.10983009252571
2023-02-23 17:00:00,92.7333333333334,265.516666666667,106.803341466321,1.4859214287596
2023-02-23 18:00:00,96.2666666666667,264.983333333333,104.277295624817,2.03828893139209
2023-02-23 19:00:00,96.2,264.65,113.740656466739,1.92368410994741
2023-02-23 20:00:00,95.4166666666667,264.166666666667,120.050245646484,1.98943724349363
2023-02-23 21:00:00,90.8333333333333,263.7,120.512237913109,2.05994915371033
2023-02-23 22:00:00,87.2,263.733333333333,120.688020860941,2.46309971114797
2023-02-23 23:00:00,90.2166666666667,263.483333333333,118.25288119998,2.3673833222867
2023-02-24 00:00:00,90.7333333333333,263.15,122.860670047108,2.51723072654376
2023-02-24 01:00:00,92.0666666666667,263.05,119.9774854716,2.53283776075062
2023-02-24 02:00:00,88.7666666666667,263.0,116.768447166587,2.09819172812404
2023-02-24 03:00:00,88.5166666666667,262.833333333333,78.6007747284574,1.44117060532517
2023-02-24 04:00:00,85.9666666666667,262.766666666667,122.829620751436,1.83607615139369
2023-02-24 05:00:00,91.4833333333333,262.316666666667,97.6379069098149,0.907980363964021
2023-02-24 06:00:00,88.1833333333333,262.75,89.1974218481545,1.08381044238395
2023-02-24 07:00:00,86.2333333333333,262.9,102.991859482208,1.33310536611874
2023-02-24 08:00:00,87.4166666666667,262.766666666667,79.5846953811744,1.00854120860397
2023-02-24 09:00:00,85.45,263.75,120.984106491387,2.02031026983896
2023-02-24 10:00:00,81.7,264.5,126.074013817523,2.63228860399264
2023-02-24 11:00:00,72.3833333333333,266.316666666667,112.070512485385,2.06459079537774
2023-02-24 12:00:00,69.85,266.833333333333,119.215270258071,2.61840228526792
2023-02-24 13:00:00,71.7333333333333,266.866666666667,122.742551014991,3.17788385157389
2023-02-24 14:00:00,75.0,266.416666666667,117.555072783437,2.5256979303877
2023-02-24 15:00:00,77.4166666666667,265.7,123.606937111896,3.7237513600875
2023-02-24 16:00:00,76.0833333333333,265.383333333333,137.160390789354,3.55264281819412
2023-02-24 17:00:00,80.4,265.033333333333,132.759150051163,3.2063714354359
2023-02-24 18:00:00,87.8166666666667,264.4,131.102126495723,2.72500169323981
2023-02-24 19:00:00,93.85,263.666666666667,140.1644229702,2.394673937329
2023-02-24 20:00:00,92.8666666666667,263.183333333333,152.112507302201,3.34564879316874
2023-02-24 21:00:00,85.8666666666667,263.066666666667,153.071530967642,3.7989185759662
2023-02-24 22:00:00,83.8,263.233333333333,148.271515599943,3.61533803487737
2023-02-24 23:00:00,81.2,263.15,151.37589331284,3.23076492612678
2023-02-25 00:00:00,85.45,263.25,158.164329498495,4.42471972675863
2023-02-25 01:00:00,92.8,262.983333333333,158.898089495759,4.17191470971518
2023-02-25 02:00:00,93.2666666666667,263.15,159.757913952856,4.65668129159695
2023-02-25 03:00:00,93.25,263.116666666667,151.210115292604,4.25823680761887
2023-02-25 04:00:00,93.4666666666667,263.25,140.696208868645,4.26025525880012
2023-02-25 05:00:00,93.4666666666667,263.233333333333,148.858853232474,3.81458258980277
2023-02-25 06:00:00,93.15,262.916666666667,155.332224413669,4.49972550518833
2023-02-25 07:00:00,92.3,262.266666666667,133.74593628976,4.63466622987936
2023-02-25 08:00:00,91.6833333333333,261.783333333333,131.180833248481,3.64103565836556
2023-02-25 09:00:00,91.0833333333333,261.616666666667,136.825688382457,3.94856710746609
2023-02-25 10:00:00,90.85,261.883333333333,107.428934858516,4.62452756828229
2023-02-25 11:00:00,91.1,262.533333333333,105.811127359192,4.81022702521694
2023-02-25 12:00:00,90.05,263.15,90.3497292637637,3.26040911972388
2023-02-25 13:00:00,87.3666666666667,264.183333333333,94.4050807814742,2.77012216093861
2023-02-25 14:00:00,86.65,264.216666666667,98.5010311183508,3.11863589759199
2023-02-25 15:00:00,86.9333333333333,264.166666666667,100.888396357003,2.05987525275285
2023-02-25 16:00:00,89.3166666666667,263.866666666667,93.4643321445036,2.62591992882998
2023-02-25 17:00:00,90.4666666666667,263.633333333333,94.0357120576052,3.2373196465384
2023-02-25 18:00:00,86.3666666666667,262.1,100.979711370888,4.02457715009325
2023-02-25 19:00:00,82.1666666666667,260.283333333333,106.745317376595,3.6320090295453
2023-02-25 20:00:00,86.35,259.283333333333,109.358848655996,3.77677138990549
2023-02-25 21:00:00,88.8166666666667,258.7,108.540553473349,3.3602057431477
2023-02-25 22:00:00,87.9333333333334,258.133333333333,110.425160594485,2.85083865531571
2023-02-25 23:00:00,87.1333333333333,257.933333333333,110.098553381053,2.29468900072436
2023-02-26 00:00:00,85.4833333333333,256.75,100.538356457841,1.53457949427677
2023-02-26 01:00:00,82.8333333333333,254.25,307.503691052444,2.62637496516632
2023-02-26 02:00:00,82.2833333333333,253.95,34.0448615221212,0.854912366204498
2023-02-26 03:00:00,81.9166666666667,253.7,16.7397354928059,1.24319553637078
2023-02-26 04:00:00,81.4166666666667,253.316666666667,352.495209135065,1.5973350301272
2023-02-26 05:00:00,81.0,252.9,334.324470644822,1.03970772564871
2023-02-26 06:00:00,80.7,252.6,335.461822990405,1.95953037954811
2023-02-26 07:00:00,80.3833333333333,252.283333333333,353.471220441548,1.10055280729284
2023-02-26 08:00:00,79.75,251.583333333333,316.075099475279,2.74241415594746
2023-02-26 09:00:00,79.3,251.133333333333,294.33140637445,4.01701166495775
2023-02-26 10:00:00,79.8666666666667,252.25,278.35494526538,2.59554560408967
2023-02-26 11:00:00,80.2166666666667,252.7,293.110839703698,3.24101998272848
2023-02-26 12:00:00,80.8666666666667,253.283333333333,300.434821622366,2.54614809787326
2023-02-26 13:00:00,79.1833333333333,251.933333333333,259.679155689506,2.25581044370593
2023-02-26 14:00:00,80.2666666666667,253.133333333333,277.829974777482,1.59753161645967
2023-02-26 15:00:00,80.6333333333333,253.383333333333,283.64837171465,1.6732959631978
2023-02-26 16:00:00,80.9833333333333,253.433333333333,288.045475509026,2.23136412497657
2023-02-26 17:00:00,79.35,251.516666666667,277.556254945607,2.36434763140924
2023-02-26 18:00:00,78.75,250.533333333333,269.820190205752,2.49663089392774
2023-02-26 19:00:00,78.7666666666667,250.4,250.23198902533,2.57667184649234
2023-02-26 20:00:00,79.0333333333334,250.8,236.24145614477,3.30040329102222
2023-02-26 21:00:00,79.6166666666667,251.466666666667,186.880712286344,3.60768748428341
2023-02-26 22:00:00,80.4666666666667,252.566666666667,142.804974409333,2.3338246362538
2023-02-26 23:00:00,80.95,253.15,140.145691154792,3.25395946826459
2023-02-27 00:00:00,81.8,253.966666666667,141.964510930627,3.90099845226196
2023-02-27 01:00:00,82.3166666666667,254.433333333333,143.472807647806,4.62946526374836
2023-02-27 02:00:00,82.7833333333333,254.833333333333,142.552240016609,6.16207848894979
2023-02-27 03:00:00,83.0666666666667,255.166666666667,137.53514866297,7.07111375176451
2023-02-27 04:00:00,83.3333333333333,255.283333333333,129.264584981099,4.70929220524023
2023-02-27 05:00:00,84.7166666666667,256.55,132.685869982113,4.01025932399284
2023-02-27 06:00:00,86.1166666666667,257.716666666667,128.907633724184,4.54184124759572
2023-02-27 07:00:00,86.5333333333333,258.066666666667,118.757026819443,2.12470550605912
2023-02-27 08:00:00,87.25,258.683333333333,111.505939745029,2.575096372703
2023-02-27 09:00:00,90.6,261.5,108.447817193083,1.97429924297402
2023-02-27 10:00:00,93.25,263.75,102.618436591845,0.928804519992688
2023-02-27 11:00:00,94.5166666666667,265.016666666667,99.9853483396447,1.0467659904267
2023-02-27 12:00:00,95.3833333333333,266.0,98.1866337701146,0.752468997266301
2023-02-27 13:00:00,99.0666666666667,268.933333333333,90.0085092631275,0.718970484507415
2023-02-27 14:00:00,99.5666666666667,269.083333333333,90.9797715280097,0.829347862356335
2023-02-27 15:00:00,98.2166666666667,266.65,97.260734193819,1.10340947636891
2023-02-27 16:00:00,97.15,265.483333333333,99.1960173457957,0.82686958169944
2023-02-27 17:00:00,94.8833333333333,263.483333333333,108.117140524304,0.920606172733616
2023-02-27 18:00:00,92.4666666666667,261.533333333333,103.628020484756,1.02559173820693
2023-02-27 19:00:00,87.85,258.033333333333,108.73182598067,1.4677781006535
2023-02-27 20:00:00,87.5333333333334,257.8,111.556784131055,1.80960838389792
2023-02-27 21:00:00,87.0,257.5,112.567768891231,1.09172480932988
2023-02-27 22:00:00,87.6166666666667,257.983333333333,114.323423496055,1.85812761581541
2023-02-27 23:00:00,87.3166666666667,257.783333333333,116.006199858929,1.44885918227268
2023-02-28 00:00:00,87.5666666666667,258.05,129.53262091445,4.21602851733263
2023-02-28 01:00:00,87.5166666666667,258.066666666667,135.657123001732,5.3034847560902
2023-02-28 02:00:00,87.6333333333333,258.216666666667,132.291341911231,4.69652194206936
2023-02-28 03:00:00,87.1666666666667,257.833333333333,141.555013143071,3.32621829561105
2023-02-28 04:00:00,87.2,257.866666666667,137.490576074898,2.65635219047099
2023-02-28 05:00:00,87.6333333333333,258.216666666667,133.450221125436,3.49072420098679
2023-02-28 06:00:00,87.65,258.266666666667,141.350290605426,3.35111009610675
2023-02-28 07:00:00,87.75,258.383333333333,135.00364143932,3.10474493240796
2023-02-28 08:00:00,88.75,259.266666666667,131.171723953577,2.17906352197449
2023-02-28 09:00:00,92.15,262.316666666667,117.942654722885,1.85904567379984
2023-02-28 10:00:00,92.1166666666667,262.9,108.571061640279,1.93607957656128
2023-02-28 11:00:00,91.6666666666667,262.616666666667,111.895671826415,1.98164398160338
2023-02-28 12:00:00,95.15,265.7,112.361036293722,1.08826767080999
2023-02-28 13:00:00,93.4,264.316666666667,113.099997759709,1.18362221086685
2023-02-28 14:00:00,95.2833333333333,265.45,116.995632009074,0.704871746823844
2023-02-28 15:00:00,94.0833333333333,264.433333333333,113.485878474638,1.0214197542917
2023-02-28 16:00:00,93.5833333333333,263.6,113.357674002422,1.01417785575173
2023-02-28 17:00:00,92.7166666666667,262.85,119.574528325434,1.55745149514254
2023-02-28 18:00:00,92.2166666666667,262.033333333333,122.36140286096,0.756660852463311
2023-02-28 19:00:00,89.9833333333333,259.933333333333,119.838977125241,1.47588830726519
2023-02-28 20:00:00,89.7666666666667,259.75,138.092475146345,1.05554854058056
2023-02-28 21:00:00,89.6166666666667,259.7,153.247067639314,1.17920169418644
2023-02-28 22:00:00,89.3166666666667,259.433333333333,136.267208364217,1.14639849924163
2023-02-28 23:00:00,88.9666666666667,259.283333333333,147.028462356568,1.73270029169683
2023-03-01 00:00:00,88.6666666666667,259.166666666667,135.049685845942,1.44717969180581
2023-03-01 01:00:00,88.5333333333334,259.033333333333,147.245133542849,1.61107762183416
2023-03-01 02:00:00,88.1833333333333,258.9,146.17044031498,2.03731947193552
2023-03-01 03:00:00,87.8666666666667,258.783333333333,138.736964954635,1.8226470640478
2023-03-01 04:00:00,87.6166666666667,258.616666666667,145.951766107658,1.92270693422041
2023-03-01 05:00:00,87.35,258.766666666667,151.555497660334,2.85329657520582
2023-03-01 06:00:00,86.05,258.883333333333,148.921717322282,2.06340385968826
2023-03-01 07:00:00,85.1666666666667,259.1,139.224721956851,1.25015494236833
2023-03-01 08:00:00,84.1166666666667,260.016666666667,147.541811502384,2.79671305451394
2023-03-01 09:00:00,81.7666666666667,261.35,149.529157386046,2.81598533263035
2023-03-01 10:00:00,82.85,262.766666666667,138.82563959074,1.80009288242147
2023-03-01 11:00:00,84.8333333333333,263.166666666667,140.050324282397,2.56494893911891
2023-03-01 12:00:00,87.6333333333333,263.883333333333,137.833814353711,2.53952288445646
2023-03-01 13:00:00,88.0666666666667,264.433333333333,140.904112882659,1.11385100650962
2023-03-01 14:00:00,91.7,264.5,114.393562321985,1.58757608675339
2023-03-01 15:00:00,94.25,264.666666666667,121.956347448743,2.35976024787334
2023-03-01 16:00:00,94.5833333333333,264.0,128.807700204096,2.7185265468478
2023-03-01 17:00:00,94.3666666666667,263.6,136.436368044126,1.76157692352426
2023-03-01 18:00:00,94.2333333333333,263.233333333333,135.281777278811,1.60228210259501
2023-03-01 19:00:00,94.1333333333333,263.116666666667,140.079145451598,1.77265652617252
2023-03-01 20:00:00,93.9333333333333,262.95,132.498611881374,2.18245921451374
2023-03-01 21:00:00,93.8,262.85,137.260684879901,3.09745100615751
2023-03-01 22:00:00,93.7,262.8,133.036625311174,2.94130307896832
2023-03-01 23:00:00,93.6,262.716666666667,123.236533356089,2.57821476948515
2023-03-02 00:00:00,93.2166666666667,262.416666666667,125.646015025155,1.91869563151786
2023-03-02 01:00:00,92.8666666666667,262.183333333333,127.703636304314,1.67790985870607
2023-03-02 02:00:00,92.5166666666667,261.916666666667,127.548502752767,1.06553697389384
2023-03-02 03:00:00,92.35,261.816666666667,146.100246638044,1.15279665160301
2023-03-02 04:00:00,92.1,261.65,123.811530984102,1.25170850447094
2023-03-02 05:00:00,91.7833333333333,261.383333333333,133.413878018855,1.27669784052846
2023-03-02 06:00:00,91.3,261.033333333333,144.211068729811,1.22922418899384
2023-03-02 07:00:00,91.1166666666667,260.9,137.262491726596,0.8578000635897
2023-03-02 08:00:00,91.2833333333334,261.083333333333,122.501752756132,0.961496814556885
2023-03-02 09:00:00,92.15,261.916666666667,140.440919924786,1.19597050730167
2023-03-02 10:00:00,93.35,263.216666666667,136.957089673596,2.02518059307879
2023-03-02 11:00:00,94.3333333333333,264.35,131.572067458678,2.12529855571939
2023-03-02 12:00:00,95.8,265.816666666667,124.045796446246,1.92570568068909
2023-03-02 13:00:00,95.2,264.833333333333,118.359779298406,2.88590242387534
2023-03-02 14:00:00,95.7333333333333,265.25,119.51286435331,1.97853397459175
2023-03-02 15:00:00,95.9666666666667,265.533333333333,114.318636208191,1.62123593614059
2023-03-02 16:00:00,95.3166666666667,264.45,117.341459604698,1.59848443635838
2023-03-02 17:00:00,94.45,263.583333333333,120.401759450876,1.4610826869353
2023-03-02 18:00:00,92.5,261.883333333333,120.13179232507,1.43656411081172
2023-03-02 19:00:00,89.9166666666667,259.883333333333,109.899138307538,0.695087925628634
2023-03-02 20:00:00,90.2166666666667,259.883333333333,232.116509858493,0.764190798468887
2023-03-02 21:00:00,91.4333333333333,260.95,256.524158906646,1.82256974394055
2023-03-02 22:00:00,91.55,261.05,267.388979627284,2.25156466587412
2023-03-02 23:00:00,91.5333333333333,261.15,271.611727411792,2.94752461394352
2023-03-03 00:00:00,91.3833333333333,261.016666666667,257.676393646192,1.9415749292081
2023-03-03 01:00:00,91.2833333333334,260.933333333333,255.84204948629,1.98580872889365
2023-03-03 02:00:00,91.1333333333333,260.85,267.314397251177,2.03559328382303
2023-03-03 03:00:00,90.7333333333333,260.55,270.605322979143,1.78116374631765
2023-03-03 04:00:00,90.7833333333333,260.566666666667,272.384492116929,2.15201900441155
2023-03-03 05:00:00,90.8166666666667,260.65,272.905253300051,2.16321263831764
2023-03-03 06:00:00,90.7,260.55,270.014175440089,1.44629634862244
2023-03-03 07:00:00,90.4833333333333,260.4,265.816931412928,1.06641333351505
2023-03-03 08:00:00,91.05,260.95,211.92737104213,1.73438130074689
2023-03-03 09:00:00,93.9833333333333,263.85,224.698426338548,1.98336543334309
2023-03-03 10:00:00,93.6666666666667,264.033333333333,217.361377937263,3.39400986596401
2023-03-03 11:00:00,94.5666666666667,265.45,194.872213857635,1.5693701905536
2023-03-03 12:00:00,94.3333333333333,265.666666666667,188.517513272749,0.998484573889029
2023-03-03 13:00:00,94.9833333333333,265.983333333333,127.823717425722,0.951680135151857
2023-03-03 14:00:00,95.0333333333334,265.8,108.494402802327,1.20765463001604
2023-03-03 15:00:00,96.3,266.666666666667,108.110669622809,0.317638843465904
2023-03-03 16:00:00,95.7,265.966666666667,103.047237050448,0.413757022911347
2023-03-03 17:00:00,96.5333333333334,265.933333333333,286.635675004394,0.0814541421050044
2023-03-03 18:00:00,94.7666666666667,263.866666666667,295.681614427806,0.685307277735186
2023-03-03 19:00:00,92.4,261.633333333333,285.849129683164,2.13250478278595
2023-03-03 20:00:00,92.1166666666667,261.366666666667,291.768053062215,1.40219650176056
2023-03-03 21:00:00,91.35,260.85,300.888403516737,0.843454028279101
2023-03-03 22:00:00,89.25,260.316666666667,235.845846435665,2.60305702565137
2023-03-03 23:00:00,82.95,260.45,220.560519219082,4.51770109833861
2023-03-04 00:00:00,67.0833333333333,260.8,218.966754557748,4.01106056723597
2023-03-04 01:00:00,54.6666666666667,261.133333333333,232.058006704834,2.97938145042711
2023-03-04 02:00:00,42.8166666666667,261.4,251.32614313838,4.29175148148193
2023-03-04 03:00:00,26.55,262.05,250.032736759496,4.75129544192772
2023-03-04 04:00:00,24.5,262.133333333333,251.499362278887,4.17620594964479
2023-03-04 05:00:00,23.4,262.416666666667,251.450104210602,4.4612933756858
2023-03-04 06:00:00,25.6833333333333,262.4,254.27613396206,4.21209181907814
2023-03-04 07:00:00,25.7666666666667,262.55,251.498422756364,3.71045783128056
2023-03-04 08:00:00,22.9,263.05,249.576190167039,4.55421992898176
2023-03-04 09:00:00,18.2166666666667,263.266666666667,252.634888412823,4.50916253057139
2023-03-04 10:00:00,16.6166666666667,263.666666666667,246.827032290911,2.35907198181545
2023-03-04 11:00:00,15.8666666666667,263.75,256.538738010462,2.83622075621499
2023-03-04 12:00:00,20.2166666666667,263.25,267.353041457522,2.02967715950947
2023-03-04 13:00:00,20.8166666666667,263.183333333333,283.555473106779,2.60824582770542
2023-03-04 14:00:00,20.2833333333333,263.15,297.416750417897,2.81715124277751
2023-03-04 15:00:00,24.65,263.416666666667,317.387087746685,2.05713627334215
2023-03-04 16:00:00,34.6666666666667,263.933333333333,346.983137549656,1.27446761113753
2023-03-04 17:00:00,43.05,264.233333333333,49.6249033659969,1.11488119923816
2023-03-04 18:00:00,50.2666666666667,263.516666666667,36.2298120072186,1.22159264813756
2023-03-04 19:00:00,52.55,261.716666666667,358.606423166841,1.96620947655893
2023-03-04 20:00:00,57.4666666666667,260.95,354.94928467018,2.05731821492995
2023-03-04 21:00:00,58.75,260.55,348.634225635186,3.74326833632609
2023-03-04 22:00:00,52.6,260.533333333333,336.408181156131,5.12082890087742
2023-03-04 23:00:00,53.5833333333333,260.516666666667,359.084367925352,2.59319459157031
2023-03-05 00:00:00,55.9666666666667,260.466666666667,57.8425722241132,1.20995286976822
2023-03-05 01:00:00,58.0166666666667,260.383333333333,11.4982370284023,1.53119896684404
2023-03-05 02:00:00,58.8166666666667,260.233333333333,62.5578838850171,1.40583806605706
2023-03-05 03:00:00,60.3666666666667,260.066666666667,42.139753707899,1.3199830194581
2023-03-05 04:00:00,59.4166666666667,260.35,84.5635208828662,2.55926263391092
2023-03-05 05:00:00,59.3833333333333,260.416666666667,107.11876584475,2.96222206287297
2023-03-05 06:00:00,58.05,260.5,121.719136717981,3.12385962355953
2023-03-05 07:00:00,49.8,260.716666666667,114.270670519272,2.26493123602773
2023-03-05 08:00:00,40.85,261.283333333333,111.911731528281,2.25844941097012
2023-03-05 09:00:00,36.3833333333333,261.85,112.272953795337,2.56008305246931
2023-03-05 10:00:00,32.9166666666667,262.6,117.288954271455,1.67424288635727
2023-03-05 11:00:00,33.05,263.116666666667,110.228352211043,2.92953120991191
2023-03-05 12:00:00,37.6,264.016666666667,118.471059624222,3.1486739832701
2023-03-05 13:00:00,39.2833333333333,264.533333333333,119.78020209929,3.2325441803749
2023-03-05 14:00:00,42.3166666666667,264.716666666667,114.532994693041,2.08013084994373
2023-03-05 15:00:00,47.3333333333333,264.766666666667,124.428298112715,2.36179694384694
2023-03-05 16:00:00,47.25,264.3,130.588368197389,2.54866287464244
2023-03-05 17:00:00,43.4166666666667,263.716666666667,132.983164128647,2.66025808477131
2023-03-05 18:00:00,36.85,262.716666666667,132.747274735533,2.64400464876112
2023-03-05 19:00:00,34.4166666666667,261.366666666667,138.807199645345,2.08584213803754
2023-03-05 20:00:00,32.05,260.833333333333,141.042550605597,2.53767322457818
2023-03-05 21:00:00,31.3333333333333,260.366666666667,143.654601049038,3.06099126748479
2023-03-05 22:00:00,29.9833333333333,259.966666666667,155.2444792697,3.25064723753276
2023-03-05 23:00:00,28.2333333333333,259.8,151.766891959478,2.89337367923977
2023-03-06 00:00:00,29.2666666666667,259.5,150.544239992845,2.92070722170236
2023-03-06 01:00:00,34.7666666666667,259.15,148.336824231529,2.45751497680148
2023-03-06 02:00:00,42.9166666666667,259.0,146.633351796214,2.01120213634753
2023-03-06 03:00:00,46.1166666666667,259.133333333333,153.038047824369,2.49000478054433
2023-03-06 04:00:00,46.55,259.016666666667,151.436348937156,2.28673776617543
2023-03-06 05:00:00,50.1333333333333,258.95,151.643719569365,2.27323470893042
2023-03-06 06:00:00,50.35,259.2,152.555197248498,2.70884436610061
2023-03-06 07:00:00,50.6333333333333,259.233333333333,154.594576316769,2.63855601403831
2023-03-06 08:00:00,50.7833333333333,259.433333333333,148.707509781369,2.07816778880566
2023-03-06 09:00:00,50.75,259.983333333333,142.523155476384,2.07889694138859
2023-03-06 10:00:00,50.8,260.7,145.060592053726,2.43393961684807
2023-03-06 11:00:00,51.7666666666667,261.2,136.91677960077,2.99045125050118
2023-03-06 12:00:00,56.0666666666667,261.8,150.535556125521,3.08232239070846
2023-03-06 13:00:00,58.0166666666667,262.833333333333,149.411338955959,2.97586510545018
2023-03-06 14:00:00,59.6,263.033333333333,141.057459134777,3.40621188048572
2023-03-06 15:00:00,57.3333333333333,263.133333333333,141.61627226188,3.35656954698389
2023-03-06 16:00:00,57.4333333333333,263.1,141.497755334365,2.62144015778338
2023-03-06 17:00:00,59.0666666666667,262.5,136.923700874682,2.00148805921567
2023-03-06 18:00:00,58.3166666666667,261.6,135.482519162542,2.05542892934448
2023-03-06 19:00:00,57.8833333333333,260.583333333333,151.180076075421,2.46592628498436
2023-03-06 20:00:00,58.8666666666667,260.15,154.195763802085,2.72097118390126
2023-03-06 21:00:00,63.0166666666667,259.85,159.993545954714,2.7899874388887
2023-03-06 22:00:00,66.3666666666667,259.533333333333,157.809761411921,2.83850722831285
2023-03-06 23:00:00,72.2,259.333333333333,151.768087838484,2.58273264852778
2023-03-07 00:00:00,74.15,259.066666666667,164.210487871818,2.87184127171134
2023-03-07 01:00:00,70.7,259.016666666667,163.387432319864,2.87513913948276
2023-03-07 02:00:00,65.0666666666667,259.066666666667,162.842620503117,3.45942094414003
2023-03-07 03:00:00,66.0166666666667,259.033333333333,161.478781388478,3.40747002461125
2023-03-07 04:00:00,67.5833333333333,258.916666666667,161.146923788891,3.13936584619826
2023-03-07 05:00:00,67.2,258.933333333333,154.620047928294,2.16766557237857
2023-03-07 06:00:00,65.3666666666667,258.8,158.50313010499,2.83018215431325
2023-03-07 07:00:00,65.8,258.866666666667,164.996803043061,3.22620579237369
2023-03-07 08:00:00,63.5,259.783333333333,154.920314867452,2.99150955739918
2023-03-07 09:00:00,51.55,261.4,154.902250272381,3.21716417539372
2023-03-07 10:00:00,41.4166666666667,262.75,143.420172429059,3.08325057958896
2023-03-07 11:00:00,39.1,263.916666666667,140.278322702795,3.69075110316977
2023-03-07 12:00:00,34.1666666666667,264.766666666667,137.139692037091,3.51670203732427
2023-03-07 13:00:00,33.2,265.083333333333,146.047683851914,3.25941015103863
2023-03-07 14:00:00,35.4833333333333,265.116666666667,140.94892196064,2.97427765527263
2023-03-07 15:00:00,39.4333333333333,264.883333333333,140.831070033165,3.01916899558981
2023-03-07 16:00:00,42.8833333333333,264.083333333333,137.173644053455,3.12416081970849
2023-03-07 17:00:00,48.6,263.3,138.736495734285,3.05953875838073
2023-03-07 18:00:00,51.6333333333333,262.716666666667,143.625880210302,3.18291121636887
2023-03-07 19:00:00,57.5666666666667,261.816666666667,159.992173616626,2.86137840939512
2023-03-07 20:00:00,70.1333333333333,261.066666666667,146.831094185681,1.92193490754659
2023-03-07 21:00:00,77.2666666666667,260.6,156.68448027296,2.14208697227772
2023-03-07 22:00:00,82.75,260.566666666667,155.045444809063,2.78479997886863
2023-03-07 23:00:00,84.35,260.8,165.418353890415,3.46221475322833
2023-03-08 00:00:00,85.7666666666667,260.966666666667,156.099269393518,3.00416102545557
2023-03-08 01:00:00,84.2166666666667,260.7,152.51779020631,2.51327717311158
2023-03-08 02:00:00,74.9666666666667,260.2,155.819230741646,2.8263871854576
2023-03-08 03:00:00,70.8333333333333,260.183333333333,166.324868941934,3.67376004662405
2023-03-08 04:00:00,69.8,260.5,161.956081941593,3.42805259904377
2023-03-08 05:00:00,70.3,260.566666666667,163.801467987565,3.44993656181654
2023-03-08 06:00:00,68.25,261.133333333333,153.579841545404,2.9031105077205
2023-03-08 07:00:00,65.8666666666667,261.766666666667,147.343258673062,2.27363976692567
2023-03-08 08:00:00,65.4833333333333,262.433333333333,155.765586988645,3.01077739075339
2023-03-08 09:00:00,76.3,262.533333333333,154.482526087004,4.58632577437462
2023-03-08 10:00:00,80.4333333333334,263.5,157.225151705907,4.92595596814291
2023-03-08 11:00:00,83.95,265.083333333333,149.54749748194,5.07531893288537
2023-03-08 12:00:00,87.9666666666667,265.683333333333,151.713472282532,5.66758311963059
2023-03-08 13:00:00,77.4666666666667,266.933333333333,149.878754085871,5.20921360112148
2023-03-08 14:00:00,81.6666666666667,266.783333333333,138.122675231908,4.18426861375793
2023-03-08 15:00:00,77.7666666666667,266.966666666667,146.124791570869,4.57613917385815
2023-03-08 16:00:00,72.2333333333333,266.933333333333,139.403644407401,4.62258081308599
2023-03-08 17:00:00,70.5166666666667,266.383333333333,142.461146953045,4.84191237458041
2023-03-08 18:00:00,74.3166666666667,265.616666666667,153.954839264949,4.56144271158467
2023-03-08 19:00:00,81.6,265.283333333333,136.975593724608,4.65362445415493
2023-03-08 20:00:00,92.1333333333333,264.916666666667,127.303458424385,6.12297440790477
2023-03-08 21:00:00,91.9,265.466666666667,136.027722255727,6.0960260022731
2023-03-08 22:00:00,90.25,265.733333333333,135.775741999924,5.35876275245586
2023-03-08 23:00:00,90.5333333333333,265.766666666667,138.68228329522,4.65426895856287
2023-03-09 00:00:00,86.5833333333333,265.933333333333,145.998979008083,4.64137801131264
2023-03-09 01:00:00,89.6666666666667,265.633333333333,137.508189495095,3.74848450789816
2023-03-09 02:00:00,95.2,265.566666666667,144.695734123508,5.21232379756076
2023-03-09 03:00:00,96.65,265.616666666667,146.585977726682,5.04422450948832
2023-03-09 04:00:00,96.2166666666667,265.5,155.664641535042,6.46891611702639
2023-03-09 05:00:00,92.8833333333333,265.366666666667,150.488249945678,5.04844836737378
2023-03-09 06:00:00,87.1666666666667,265.233333333333,153.087007604053,6.35813972963918
2023-03-09 07:00:00,79.5,265.133333333333,152.303389802363,4.77939180885772
2023-03-09 08:00:00,78.8,265.116666666667,143.376800993651,5.24949192467158
2023-03-09 09:00:00,85.1833333333333,265.066666666667,124.121290883858,4.60456546047144
2023-03-09 10:00:00,95.0833333333333,264.9,124.663369969882,4.01098601895031
2023-03-09 11:00:00,94.9166666666667,265.25,121.924737016774,3.99236350157334
2023-03-09 12:00:00,90.05,265.95,118.348669588838,4.00393412524202
2023-03-09 13:00:00,85.0833333333334,266.083333333333,118.062220015972,3.85228288768854
2023-03-09 14:00:00,81.5833333333333,266.166666666667,120.015619669,2.54599018108971
2023-03-09 15:00:00,77.1666666666667,265.883333333333,114.514067399399,2.43209363495882
2023-03-09 16:00:00,71.3166666666667,266.566666666667,119.609540248254,2.36901219105036
2023-03-09 17:00:00,72.5,265.966666666667,129.462790853405,2.90333884937156
2023-03-09 18:00:00,65.7666666666667,265.733333333333,135.33684188273,3.02349577783879
2023-03-09 19:00:00,58.7333333333333,264.916666666667,135.789554963951,2.39572181420268
2023-03-09 20:00:00,56.55,264.35,138.612769213344,2.42790705025603
2023-03-09 21:00:00,58.1166666666667,264.5,141.651406970654,2.77595480874415
2023-03-09 22:00:00,62.6333333333333,264.483333333333,148.389380531351,2.91022380948036
2023-03-09 23:00:00,67.15,264.616666666667,142.462936303552,3.30429282907991
2023-03-10 00:00:00,68.7833333333333,264.633333333333,139.701417159911,2.67468945960744
2023-03-10 01:00:00,65.9666666666667,264.6,144.664196931472,2.746783453407
2023-03-10 02:00:00,60.8,264.966666666667,146.814182508416,3.72114168556285
2023-03-10 03:00:00,61.1833333333333,264.766666666667,154.703915353041,5.08516998867986
2023-03-10 04:00:00,60.6166666666667,264.616666666667,136.333163271455,5.11373712697853
2023-03-10 05:00:00,66.2166666666667,263.816666666667,137.873000999923,4.0908612014373
2023-03-10 06:00:00,68.7666666666667,263.766666666667,130.292402435577,3.24979878703462
2023-03-10 07:00:00,82.6333333333333,263.333333333333,120.690190648751,2.21855963367461
2023-03-10 08:00:00,89.9,263.216666666667,131.690164500122,3.22153442759904
2023-03-10 09:00:00,91.25,263.616666666667,137.608547749692,3.23249409134397
2023-03-10 10:00:00,86.9666666666667,264.283333333333,129.43573790555,2.77296715410513
2023-03-10 11:00:00,80.1666666666667,265.55,136.342135329133,3.30476532077608
2023-03-10 12:00:00,72.7166666666667,266.666666666667,125.348290281155,2.78801542933276
2023-03-10 13:00:00,77.8,266.4,96.3242799785247,2.24709859458439
2023-03-10 14:00:00,77.9,265.766666666667,110.256023509683,3.00896368437833
2023-03-10 15:00:00,76.9166666666667,265.983333333333,114.877692756601,3.70347822413872
2023-03-10 16:00:00,88.3833333333333,265.15,115.238577695371,2.61320972463834
2023-03-10 17:00:00,93.8833333333333,264.083333333333,133.902403151045,3.24870984486829
2023-03-10 18:00:00,92.8,263.333333333333,141.863515443174,3.21671268801934
2023-03-10 19:00:00,89.1333333333333,262.383333333333,147.360291926997,3.53446055044392
2023-03-10 20:00:00,89.3166666666667,261.833333333333,146.601014748391,3.77936404160293
2023-03-10 21:00:00,87.9833333333333,261.3,159.378530472253,5.04362512025475
2023-03-10 22:00:00,87.9666666666667,261.383333333333,160.132324034579,4.96372467708586
2023-03-10 23:00:00,88.3666666666667,261.383333333333,162.232194897507,3.93209594648467
2023-03-11 00:00:00,90.2666666666667,261.166666666667,157.192215427863,3.76684299647716
2023-03-11 01:00:00,90.4833333333333,260.95,164.336169027661,4.3813546696539
2023-03-11 02:00:00,90.2666666666667,260.766666666667,170.747903785522,4.6468270437499
2023-03-11 03:00:00,90.0666666666667,260.616666666667,168.138639847897,4.99300849261561
2023-03-11 04:00:00,89.85,260.433333333333,174.495164088732,5.03811588275045
2023-03-11 05:00:00,89.9,260.483333333333,174.723997659529,5.14698392516122
2023-03-11 06:00:00,89.9166666666667,260.516666666667,166.096765992658,5.18790097200878
2023-03-11 07:00:00,89.55,260.166666666667,172.096458200345,4.99780339989442
2023-03-11 08:00:00,89.2166666666667,260.033333333333,163.797163164007,5.08326457025254
2023-03-11 09:00:00,89.5166666666667,260.45,165.400132160479,4.89565325250139
2023-03-11 10:00:00,89.4833333333333,260.85,163.579395511978,5.09954700863642
2023-03-11 11:00:00,90.05,261.466666666667,158.401380221853,5.25588603625481
2023-03-11 12:00:00,90.5833333333333,262.266666666667,149.637966969889,4.26826452194217
2023-03-11 13:00:00,90.9166666666667,263.016666666667,147.832703621651,3.61539582238774
2023-03-11 14:00:00,88.1,263.7,146.404682748672,3.64704822224023
2023-03-11 15:00:00,87.9333333333334,263.983333333333,143.941291132074,3.22996020860326
2023-03-11 16:00:00,86.8333333333333,263.75,153.05221665206,3.30039294763745
2023-03-11 17:00:00,91.8,263.2,147.768171645879,3.94013952775278
2023-03-11 18:00:00,92.6666666666667,262.75,160.026293451822,4.78695792918834
2023-03-11 19:00:00,92.8666666666667,262.666666666667,163.176077274978,4.66374588337831
2023-03-11 20:00:00,92.85,262.65,164.690631053549,4.63162345230975
2023-03-11 21:00:00,92.6,262.466666666667,165.842385431585,4.76622925433288
2023-03-11 22:00:00,92.4833333333333,262.35,168.338378647476,4.87219017696169
2023-03-11 23:00:00,92.3333333333333,262.2,169.477452651679,6.18549185760672
2023-03-12 00:00:00,92.3666666666667,262.25,169.656234015405,5.29919065118557
2023-03-12 01:00:00,92.4166666666667,262.283333333333,161.709914183727,5.49066069944142
2023-03-12 02:00:00,92.3833333333333,262.233333333333,158.662684069696,5.41093012079499
2023-03-12 03:00:00,92.35,262.233333333333,164.065333271602,5.56475906892996
2023-03-12 04:00:00,92.5166666666667,262.333333333333,165.859113306222,4.61354599929996
2023-03-12 05:00:00,92.5333333333333,262.35,169.636203120832,4.81959545912014
2023-03-12 06:00:00,92.5333333333334,262.3,169.740099718632,4.8717562998921
2023-03-12 07:00:00,92.7,262.45,174.035797914318,5.15695944310831
2023-03-12 08:00:00,92.5833333333333,262.45,170.453195350323,5.26604324684308
2023-03-12 09:00:00,92.6166666666667,262.7,170.397254862494,5.35520589614896
2023-03-12 10:00:00,92.6666666666667,263.083333333333,153.896364557707,4.30632880273921
2023-03-12 11:00:00,92.9,263.583333333333,157.048726488084,4.81595136724567
2023-03-12 12:00:00,92.7666666666667,263.6,160.4215935521,5.00085155406949
2023-03-12 13:00:00,93.3,263.983333333333,151.799333195945,3.75893766919762
2023-03-12 14:00:00,93.9833333333333,264.366666666667,149.190401507411,4.55021606537651
2023-03-12 15:00:00,94.5666666666667,264.883333333333,145.156805565689,3.88414288785267
2023-03-12 16:00:00,94.9833333333333,265.05,138.174307206996,2.88647887700854
2023-03-12 17:00:00,94.8,264.566666666667,138.40682500935,2.76627569471023
2023-03-12 18:00:00,93.8666666666667,263.65,142.193991874804,3.2142241992291
2023-03-12 19:00:00,91.9833333333333,262.633333333333,153.48639844463,3.69888192592584
2023-03-12 20:00:00,70.95,262.883333333333,153.331321201005,3.54786991954198
2023-03-12 21:00:00,54.1166666666667,263.383333333333,151.750806620499,3.2738775000961
2023-03-12 22:00:00,47.6333333333333,263.616666666667,147.098707832294,2.07477234364019
2023-03-12 23:00:00,45.8333333333333,263.766666666667,133.992323623203,1.31880193823018
2023-03-13 00:00:00,45.1,264.05,124.248807387315,1.22131207136717
2023-03-13 01:00:00,43.7,264.3,141.601223713018,1.68379612975153
2023-03-13 02:00:00,39.3833333333333,265.05,141.775414190072,2.06397626287906
2023-03-13 03:00:00,45.1666666666667,266.266666666667,143.320910819975,2.65894850768223
2023-03-13 04:00:00,45.1666666666667,266.466666666667,147.965355491673,2.5669635786944
2023-03-13 05:00:00,45.5333333333333,267.083333333333,145.916018525764,3.52138725530804
2023-03-13 06:00:00,53.1666666666667,267.4,158.970358980166,3.35542944976852
2023-03-13 07:00:00,68.4,268.083333333333,162.375349883031,4.91045655445924
2023-03-13 08:00:00,78.8666666666667,268.616666666667,147.148237890012,3.62593563682138
2023-03-13 09:00:00,87.8666666666667,268.783333333333,143.480301454819,2.53554227331581
2023-03-13 10:00:00,89.7166666666667,269.4,136.933009435143,2.23007433846485
2023-03-13 11:00:00,95.5666666666667,269.966666666667,142.746532041382,2.95798112480429
2023-03-13 12:00:00,92.15,270.666666666667,141.696321925636,3.69278481514186
2023-03-13 13:00:00,74.4666666666667,272.1,128.516415112133,3.59054519119383
2023-03-13 14:00:00,60.8666666666667,272.95,128.266479818651,3.50193699637302
2023-03-13 15:00:00,51.75,272.916666666667,131.056230710304,4.53996606527486
2023-03-13 16:00:00,43.2833333333333,273.033333333333,129.774563709238,5.29741317990901
2023-03-13 17:00:00,49.7333333333333,272.35,140.593021967396,4.79466632317828
2023-03-13 18:00:00,51.3666666666667,271.35,136.183115078462,5.53714616086413
2023-03-13 19:00:00,43.95,270.816666666667,146.445730072226,6.34977779151105
2023-03-13 20:00:00,44.4833333333333,270.45,139.559417438397,6.92219825728043
2023-03-13 21:00:00,50.3666666666667,269.883333333333,145.830691928866,7.92771057464849
2023-03-13 22:00:00,59.0333333333333,269.083333333333,150.045147877755,5.74075589296003
2023-03-13 23:00:00,82.8166666666667,267.783333333333,146.873227446356,5.06175827569892
2023-03-14 00:00:00,86.5166666666667,268.166666666667,151.000110555675,5.20563123988418
2023-03-14 01:00:00,85.65,268.633333333333,143.664456916607,5.4182101891046
2023-03-14 02:00:00,99.1,267.55,143.208824037924,4.85350414267788
2023-03-14 03:00:00,99.9,267.383333333333,143.283028124029,4.59775931397454
2023-03-14 04:00:00,99.9,267.633333333333,144.963288354093,2.8866456063581
2023-03-14 05:00:00,99.85,267.016666666667,150.171324040071,2.63487281067422
2023-03-14 06:00:00,99.7666666666667,266.766666666667,130.95566775401,2.44772933021632
2023-03-14 07:00:00,99.2166666666667,266.233333333333,140.40520335788,3.23506304057799
2023-03-14 08:00:00,99.0,266.1,123.173506126608,1.75293319175414
2023-03-14 09:00:00,98.6666666666667,266.4,117.664781386572,1.86081822986614
2023-03-14 10:00:00,98.2166666666667,266.366666666667,134.098405940144,2.4556961336413
2023-03-14 11:00:00,99.0666666666667,267.5,138.520535488968,2.9324984022719
2023-03-14 12:00:00,98.6666666666667,267.216666666667,139.562729371208,3.46523051143985
2023-03-14 13:00:00,98.65,267.233333333333,136.807632287366,3.17404283098904
2023-03-14 14:00:00,98.0333333333333,266.733333333333,128.619767534143,3.48631017734744
2023-03-14 15:00:00,98.5833333333333,267.016666666667,128.462601515879,2.56326227917483
2023-03-14 16:00:00,98.1833333333334,266.116666666667,158.305611264445,0.353196071755941
2023-03-14 17:00:00,96.4166666666667,264.233333333333,143.925003900828,2.72720989842626
2023-03-14 18:00:00,94.4833333333333,262.716666666667,139.085385501583,1.90609223032848
2023-03-14 19:00:00,92.2166666666667,261.116666666667,158.935074126906,2.82024329882425
2023-03-14 20:00:00,91.1333333333334,260.383333333333,139.262945616716,1.03936024641699
2023-03-14 21:00:00,90.4666666666667,259.916666666667,165.046395217955,2.96054103870525
2023-03-14 22:00:00,90.4166666666667,259.916666666667,162.15340466072,3.21667253143448
2023-03-14 23:00:00,89.9833333333333,259.666666666667,165.37504030779,3.46789009331537
2023-03-15 00:00:00,89.1,258.983333333333,176.467034375246,3.64154710854817
2023-03-15 01:00:00,88.0166666666667,258.183333333333,174.965098690942,4.1384850332854
2023-03-15 02:00:00,87.3666666666667,257.716666666667,182.035733551665,4.73733014721554
2023-03-15 03:00:00,87.15,257.533333333333,174.085892741544,3.9631997216929
2023-03-15 04:00:00,87.2333333333333,257.666666666667,163.745722792767,3.01413909735703
2023-03-15 05:00:00,86.9333333333333,257.45,326.571080161678,2.17156419616248
2023-03-15 06:00:00,85.2666666666667,256.083333333333,138.625112826771,1.45250487516952
2023-03-15 07:00:00,84.2,255.216666666667,152.979243374165,0.362513578514874
2023-03-15 08:00:00,83.3333333333333,254.683333333333,114.101401547182,1.57195955945053
2023-03-15 09:00:00,82.75,254.6,145.200075900521,2.43718909241065
2023-03-15 10:00:00,82.8833333333333,254.9,338.282481551927,1.12946175328566
2023-03-15 11:00:00,84.5,256.583333333333,25.1412869675523,0.8639304177187
2023-03-15 12:00:00,85.0333333333334,257.116666666667,119.247105738278,1.8421761598959
2023-03-15 13:00:00,84.8333333333333,256.766666666667,141.178551304631,1.5206476051653
2023-03-15 14:00:00,85.0833333333333,256.966666666667,149.737428823375,3.21701984129912
2023-03-15 15:00:00,84.2333333333333,256.116666666667,25.7257724168661,0.714443582542871
2023-03-15 16:00:00,84.0666666666667,255.883333333333,358.464372266398,2.47709184056875
2023-03-15 17:00:00,84.55,256.25,358.475605775568,0.913012961866147
2023-03-15 18:00:00,84.5666666666667,256.0,157.036887647189,2.08282287745959
2023-03-15 19:00:00,83.8666666666667,255.2,168.809882279993,2.80301492922559
2023-03-15 20:00:00,83.75,255.05,165.637291603898,2.66385759692367
2023-03-15 21:00:00,83.7333333333333,255.05,155.279871173839,1.56356052096965
2023-03-15 22:00:00,83.6333333333333,254.966666666667,72.2350657904615,1.23851122064211
2023-03-15 23:00:00,83.8833333333333,255.15,131.143311824581,1.62948981126996
2023-03-16 00:00:00,84.35,255.6,147.961807701966,3.63391354849564
2023-03-16 01:00:00,84.9833333333333,256.35,138.538483730951,3.4538554905413
2023-03-16 02:00:00,85.4833333333334,256.9,124.604571033573,3.09498637221486
2023-03-16 03:00:00,85.7833333333334,257.283333333333,136.154714405843,3.03140623296535
2023-03-16 04:00:00,79.7666666666667,257.75,139.153574658601,3.35162933116058
2023-03-16 05:00:00,55.9333333333333,258.316666666667,137.442397976239,3.18545146447954
2023-03-16 06:00:00,45.25,259.7,116.135201524711,2.33904194679868
2023-03-16 07:00:00,46.1333333333333,261.05,72.4219728579074,1.67854456630106
2023-03-16 08:00:00,47.3166666666667,261.566666666667,118.45528295493,2.58880022876921
2023-03-16 09:00:00,49.35,263.016666666667,98.3881061442621,1.86053494471937
2023-03-16 10:00:00,52.0666666666667,263.8,110.070681620402,2.15337718408072
2023-03-16 11:00:00,49.8833333333333,264.333333333333,116.994886025604,3.15954178468045
2023-03-16 12:00:00,53.5,265.133333333333,113.343439629047,2.65768378924204
2023-03-16 13:00:00,57.3333333333333,265.916666666667,95.5608625949839,2.29380763909746
2023-03-16 14:00:00,61.85,266.75,108.320222695972,2.92515307871499
2023-03-16 15:00:00,63.85,267.233333333333,113.61866562207,2.82265105136875
2023-03-16 16:00:00,63.7333333333334,267.016666666667,124.351839365798,2.7959434877409
2023-03-16 17:00:00,62.1166666666667,266.866666666667,116.716079714385,2.45962394891229
2023-03-16 18:00:00,65.05,266.516666666667,120.371449069851,3.01867633062026
2023-03-16 19:00:00,71.3666666666667,266.233333333333,127.608036996494,3.53609733990907
2023-03-16 20:00:00,75.85,266.35,140.828223674908,3.39238812424926
2023-03-16 21:00:00,78.8833333333334,267.0,111.1012587987,2.59124872188005
2023-03-16 22:00:00,75.9333333333333,267.85,108.833136542695,2.50062995677239
2023-03-16 23:00:00,61.2166666666667,268.3,137.862727736652,2.78701854235358
2023-03-17 00:00:00,49.15,268.583333333333,137.614362839372,2.57785456648528
2023-03-17 01:00:00,34.6,268.7,139.903104842783,2.80199108628142
2023-03-17 02:00:00,22.45,269.35,119.699326335947,2.21053574962248
2023-03-17 03:00:00,21.4833333333333,269.816666666667,116.676948280093,2.01814588549866
2023-03-17 04:00:00,24.5,269.666666666667,127.646439850203,1.81646958838767
2023-03-17 05:00:00,26.5166666666667,269.866666666667,135.542915164991,2.91862764283542
2023-03-17 06:00:00,29.15,270.283333333333,127.235821351491,2.57940339446955
2023-03-17 07:00:00,29.4,270.533333333333,138.235302938187,2.40597494606726
2023-03-17 08:00:00,28.6333333333333,270.95,128.215234681891,2.88848316329957
2023-03-17 09:00:00,26.6,272.633333333333,120.768001598207,2.40849068806218
2023-03-17 10:00:00,23.7333333333333,274.266666666667,94.9906222820365,2.16008221325039
2023-03-17 11:00:00,24.4,275.433333333333,97.9512744160364,1.67610313655758
2023-03-17 12:00:00,23.4166666666667,276.316666666667,105.737829788361,1.005325691054
2023-03-17 13:00:00,27.1166666666667,276.416666666667,99.5545850742432,1.5853448032726
2023-03-17 14:00:00,31.8,275.65,109.228628787725,2.09021500776875
2023-03-17 15:00:00,32.05,275.683333333333,107.246237499923,1.47667084435742
2023-03-17 16:00:00,33.9833333333333,275.033333333333,100.925245232088,1.47580969516673
2023-03-17 17:00:00,37.35,273.916666666667,110.09564391945,2.0690031271748
2023-03-17 18:00:00,41.0666666666667,273.183333333333,122.67850213322,3.40084190485516
2023-03-17 19:00:00,42.3666666666667,272.583333333333,125.471156963504,3.34707466143457
2023-03-17 20:00:00,38.15,272.366666666667,128.81581670364,3.45762857430873
2023-03-17 21:00:00,31.8333333333333,272.116666666667,133.05994557831,4.20355704100837
2023-03-17 22:00:00,27.5333333333333,271.95,141.040345722051,4.82615552459569
2023-03-17 23:00:00,26.1666666666667,271.75,144.193248722168,4.20513671964138
2023-03-18 00:00:00,25.7833333333333,271.45,139.970659177326,3.58984868171672
2023-03-18 01:00:00,28.95,271.016666666667,128.384229391906,3.65672133030396
2023-03-18 02:00:00,31.5166666666667,270.8,136.707100883342,3.74069571732761
2023-03-18 03:00:00,37.6666666666667,270.283333333333,134.735050212014,2.66948803523809
2023-03-18 04:00:00,42.95,269.966666666667,124.437279141085,2.36309365285869
2023-03-18 05:00:00,45.95,269.4,116.022770358741,1.69169306069477
2023-03-18 06:00:00,50.2833333333333,269.05,128.000555107,2.09569819325364
2023-03-18 07:00:00,51.35,269.166666666667,131.224838635556,2.14539102427874
2023-03-18 08:00:00,49.2833333333334,269.566666666667,141.674207108295,1.54602449744481
2023-03-18 09:00:00,47.7666666666667,270.9,129.744706297145,1.64071116122389
2023-03-18 10:00:00,45.6,272.316666666667,117.844892793776,1.10621117744977
2023-03-18 11:00:00,44.9,272.516666666667,111.980792046086,1.5436206165487
2023-03-18 12:00:00,46.9333333333333,272.533333333333,134.9137140124,1.79692516825465
2023-03-18 13:00:00,50.2666666666667,272.366666666667,134.821350424387,2.31219664591895
2023-03-18 14:00:00,54.8166666666667,272.0,141.069246697569,2.17708969306071
2023-03-18 15:00:00,58.0,271.716666666667,145.955424118506,2.403043424684
2023-03-18 16:00:00,59.05,271.466666666667,144.066452626109,1.95496491432433
2023-03-18 17:00:00,61.7666666666667,270.516666666667,135.517316798483,1.68566513906021
2023-03-18 18:00:00,65.7,269.583333333333,147.327883975786,2.82934281077655
2023-03-18 19:00:00,69.4833333333333,268.566666666667,144.51005566174,3.64954668337039
2023-03-18 20:00:00,68.4833333333333,268.1,146.729666124643,2.93671721598263
2023-03-18 21:00:00,68.0333333333334,267.75,135.784793940508,2.7816302588277
2023-03-18 22:00:00,74.9166666666667,267.35,153.207743122938,3.500944468816
2023-03-18 23:00:00,64.0833333333333,267.766666666667,151.505176148152,3.86449498893922
2023-03-19 00:00:00,64.7666666666667,267.7,152.371734644619,3.49511345096945
2023-03-19 01:00:00,60.3333333333333,267.633333333333,153.243159257303,3.45985495162214
2023-03-19 02:00:00,57.7166666666667,267.616666666667,147.79493930292,3.60238804097046
2023-03-19 03:00:00,59.3666666666667,267.05,142.373287509951,2.30744439616516
2023-03-19 04:00:00,62.5666666666667,266.75,143.17563329734,2.20466042368258
2023-03-19 05:00:00,60.5833333333333,266.566666666667,136.476336401859,1.66372965395533
2023-03-19 06:00:00,59.65,266.433333333333,122.739364276957,0.720800368253659
2023-03-19 07:00:00,59.3666666666667,266.35,107.761520433506,0.466611916721785
2023-03-19 08:00:00,59.9166666666667,266.816666666667,120.999720584896,1.61533080323469
2023-03-19 09:00:00,53.65,268.966666666667,123.509217070552,0.990022257959173
2023-03-19 10:00:00,55.75,268.833333333333,133.832537096246,2.22827107453394
2023-03-19 11:00:00,57.0833333333333,269.45,125.84343970918,1.59703275049775
2023-03-19 12:00:00,64.5166666666667,269.35,139.459466111462,1.107594466062
2023-03-19 13:00:00,68.45,269.566666666667,142.21142677509,1.39244879364857
2023-03-19 14:00:00,69.5166666666667,269.116666666667,147.560543749284,1.33781887374429
2023-03-19 15:00:00,75.25,268.616666666667,143.432746492077,1.22546226221951
2023-03-19 16:00:00,80.3833333333333,268.216666666667,148.518193703166,1.19303628939957
2023-03-19 17:00:00,85.5333333333334,267.266666666667,148.352400823117,1.28920807629632
2023-03-19 18:00:00,95.0166666666667,266.65,138.293667812788,0.805674094562408
2023-03-19 19:00:00,98.5833333333333,266.0,133.053100936903,0.617891098052373
2023-03-19 20:00:00,99.3166666666667,265.95,125.918755881809,0.467643395749297
2023-03-19 21:00:00,99.0333333333334,265.866666666667,132.263368804034,0.783795085437142
2023-03-19 22:00:00,99.3666666666667,265.733333333333,138.002546613954,0.921063214192258
2023-03-19 23:00:00,98.7833333333334,265.466666666667,108.212343073302,0.551550940328528
2023-03-20 00:00:00,97.2666666666667,264.616666666667,93.3062965020961,0.592659706295214
2023-03-20 01:00:00,97.5833333333333,264.683333333333,108.924479450808,1.20543856916499
2023-03-20 02:00:00,97.45,264.566666666667,299.636239182375,1.31297113700944
2023-03-20 03:00:00,96.9166666666667,264.4,288.589562241864,3.02398372518594
2023-03-20 04:00:00,96.3333333333334,264.133333333333,295.174530711384,2.47664439665181
2023-03-20 05:00:00,96.0833333333333,264.0,266.261639396578,1.44269163869064
2023-03-20 06:00:00,95.8666666666667,263.85,238.527261877233,1.2914327664474
2023-03-20 07:00:00,95.7,263.766666666667,256.132621097762,1.24161279940865
2023-03-20 08:00:00,95.95,264.133333333333,256.804859371088,0.998902690062863
2023-03-20 09:00:00,96.4833333333333,264.766666666667,252.055053667277,1.18772240037898
2023-03-20 10:00:00,97.5333333333334,266.15,234.475394614306,1.4769623513776
2023-03-20 11:00:00,99.1166666666667,268.3,169.554769666939,1.065422135242
2023-03-20 12:00:00,98.7166666666667,267.333333333333,138.76618328107,2.49637367510099
2023-03-20 13:00:00,99.7666666666667,268.733333333333,134.834575121733,1.49485153923663
2023-03-20 14:00:00,99.9,270.95,122.586139049195,0.919865696449051
2023-03-20 15:00:00,99.9,270.733333333333,131.106394731742,0.977121587443444
2023-03-20 16:00:00,96.8666666666667,270.15,118.44409004518,0.887176581374147
2023-03-20 17:00:00,94.7,268.633333333333,129.706291954672,1.11991511064351
2023-03-20 18:00:00,94.1166666666667,267.5,133.006528211013,1.15060627111717
2023-03-20 19:00:00,94.9333333333333,266.1,143.013029671647,2.22873854424722
2023-03-20 20:00:00,76.9666666666667,266.016666666667,138.632256954885,2.60135856751951
2023-03-20 21:00:00,62.35,265.8,127.394340489558,2.40402507849422
2023-03-20 22:00:00,56.1166666666667,265.466666666667,111.141539918659,2.00336142924144
2023-03-20 23:00:00,51.6666666666667,265.183333333333,100.673575813104,1.19251365560307
2023-03-21 00:00:00,49.2666666666667,265.333333333333,114.421256049395,2.13646278808825
2023-03-21 01:00:00,47.65,265.55,113.820176821662,2.5677656153037
2023-03-21 02:00:00,49.3833333333333,265.733333333333,99.4881864141032,1.83739653930202
2023-03-21 03:00:00,66.25,266.066666666667,1.57060882299652,1.50089196726322
2023-03-21 04:00:00,74.25,265.816666666667,353.709380019861,2.06507223198556
2023-03-21 05:00:00,97.5333333333334,266.083333333333,319.749434317242,4.57004611808605
2023-03-21 06:00:00,93.0833333333333,265.833333333333,84.3012630969065,1.23456358711414
2023-03-21 07:00:00,97.4166666666667,266.366666666667,356.196483628584,2.56854068831939
2023-03-21 08:00:00,91.2833333333334,267.266666666667,25.1118372794328,1.33969567745017
2023-03-21 09:00:00,85.2666666666667,268.133333333333,62.7777845533296,0.979982099100906
2023-03-21 10:00:00,75.2166666666667,269.516666666667,45.4501436097573,0.833254845345429
2023-03-21 11:00:00,76.6833333333333,270.35,44.3234729983419,0.984056160966839
2023-03-21 12:00:00,77.4166666666667,270.55,108.84925653299,2.34566915005754
2023-03-21 13:00:00,75.4166666666667,271.216666666667,107.878637736485,2.05762994223802
2023-03-21 14:00:00,75.8666666666667,270.85,115.099487171746,2.40256231632237
2023-03-21 15:00:00,79.4166666666667,270.3,109.805400186938,2.12373440658589
2023-03-21 16:00:00,82.5833333333333,269.9,107.095445507547,1.96825978274474
2023-03-21 17:00:00,86.5666666666667,269.45,121.079125602727,1.71430766081058
2023-03-21 18:00:00,88.4166666666667,269.116666666667,133.269867373405,1.71221013035849
2023-03-21 19:00:00,93.0833333333333,268.633333333333,134.269554868176,1.89054523201907
2023-03-21 20:00:00,94.9833333333333,268.283333333333,138.167945475883,2.0015174827098
2023-03-21 21:00:00,99.5333333333333,267.916666666667,135.000346947439,1.56179378435798
2023-03-21 22:00:00,99.5666666666667,267.766666666667,129.543548680288,1.28395830827579
2023-03-21 23:00:00,99.9,267.533333333333,128.384250180129,1.0931955308569
2023-03-22 00:00:00,99.9,267.483333333333,121.124378431762,1.36998281303593
2023-03-22 01:00:00,99.9,267.333333333333,110.599129934488,1.81823424251201
2023-03-22 02:00:00,97.5666666666667,266.983333333333,116.840858395475,1.70213445988645
2023-03-22 03:00:00,93.35,267.133333333333,134.382826295084,2.03714620230281
2023-03-22 04:00:00,90.5166666666667,267.166666666667,138.520877055938,1.63958453691451
2023-03-22 05:00:00,89.2833333333334,267.133333333333,145.356936102506,1.76812343011501
2023-03-22 06:00:00,82.4666666666667,267.316666666667,136.622690481801,2.00142411599413
2023-03-22 07:00:00,77.4166666666667,267.316666666667,148.410876109568,2.34547451005651
2023-03-22 08:00:00,71.8166666666667,268.366666666667,117.669089706432,1.81906067949796
2023-03-22 09:00:00,65.4333333333333,270.066666666667,103.771899546988,1.81665161742431
2023-03-22 10:00:00,58.7166666666667,272.0,112.351459385747,1.32446826881366
2023-03-22 11:00:00,57.9833333333334,272.483333333333,108.35012414588,1.47454658849629
2023-03-22 12:00:00,60.3166666666667,272.466666666667,118.955667138572,1.11253795014002
2023-03-22 13:00:00,63.0666666666667,272.3,126.264965614068,1.16740993052199
2023-03-22 14:00:00,65.1,272.383333333333,123.31304105336,1.55920290575562
2023-03-22 15:00:00,65.4333333333333,272.383333333333,129.51701229171,1.48831369269676
2023-03-22 16:00:00,66.4166666666667,271.966666666667,140.917784881648,1.31300672006499
2023-03-22 17:00:00,68.1666666666667,271.583333333333,134.040066441172,1.5980088695918
2023-03-22 18:00:00,71.1666666666667,271.033333333333,139.168966937569,1.47090228285439
2023-03-22 19:00:00,77.3,269.733333333333,142.336653707725,1.34691894941099
2023-03-22 20:00:00,79.9333333333333,269.4,133.381125178616,1.34819358264011
2023-03-22 21:00:00,85.25,268.783333333333,128.056893695208,1.34793706473501
2023-03-22 22:00:00,83.75,268.383333333333,131.428613181328,1.24263008539745
2023-03-22 23:00:00,70.3166666666667,268.3,128.324980304289,1.60936168674687
2023-03-23 00:00:00,58.7,268.3,133.659171075624,1.77103943200261
2023-03-23 01:00:00,54.5166666666667,268.216666666667,147.433927050547,2.05932318928462
2023-03-23 02:00:00,44.45,268.666666666667,134.551630415727,2.06134488627502
2023-03-23 03:00:00,43.1833333333333,268.833333333333,127.741147564316,2.32418237231888
2023-03-23 04:00:00,43.8833333333333,268.65,133.56136255637,1.74035891386271
2023-03-23 05:00:00,41.4833333333333,268.466666666667,147.908292142237,2.0644993769326
2023-03-23 06:00:00,39.4166666666667,268.566666666667,148.173190052325,2.0017895212286
2023-03-23 07:00:00,41.4333333333333,268.15,153.519476041516,2.0282379556954
2023-03-23 08:00:00,38.4833333333333,268.616666666667,152.721463255467,2.65540844963308
2023-03-23 09:00:00,37.05,269.283333333333,152.166284288156,2.53224561119534
2023-03-23 10:00:00,47.9,270.133333333333,132.449039854544,2.40343976114785
2023-03-23 11:00:00,60.7833333333333,270.8,142.481590022611,2.26406593942062
2023-03-23 12:00:00,65.9833333333333,272.1,136.965923876147,1.64094163136175
2023-03-23 13:00:00,66.45,272.816666666667,134.286940066716,1.62629453856408
2023-03-23 14:00:00,69.0333333333333,272.616666666667,136.848498383695,1.28969751419064
2023-03-23 15:00:00,69.1166666666667,272.766666666667,139.426870390384,1.06154200702481
2023-03-23 16:00:00,70.6666666666667,272.9,146.939707425664,1.56446558761237
2023-03-23 17:00:00,77.6166666666667,272.116666666667,145.428431942811,2.10954411478347
2023-03-23 18:00:00,80.2833333333333,271.45,153.533858596811,2.25414200580831
2023-03-23 19:00:00,79.7833333333333,271.033333333333,151.934678687217,1.94956857205376
2023-03-23 20:00:00,79.5166666666667,270.9,152.802348837439,1.86331533384477
2023-03-23 21:00:00,82.4833333333333,270.516666666667,159.948720853602,1.69572309241026
2023-03-23 22:00:00,83.2333333333333,270.4,154.451098095437,1.9635819872991
2023-03-23 23:00:00,82.1666666666667,270.5,149.71075328462,2.03388588128911
2023-03-24 00:00:00,83.0666666666667,270.433333333333,153.108755275381,2.0401108413491
2023-03-24 01:00:00,83.1833333333333,270.583333333333,159.704717149152,2.31014466861316
2023-03-24 02:00:00,80.8333333333333,270.55,160.765122065958,2.23788667607255
2023-03-24 03:00:00,74.6666666666667,270.516666666667,155.487898848827,2.6004355909667
2023-03-24 04:00:00,78.2166666666667,270.333333333333,150.860460301142,3.23815403009254
2023-03-24 05:00:00,85.3833333333333,269.866666666667,151.188366156118,3.23984198870234
2023-03-24 06:00:00,77.7,269.95,154.959236361791,3.29607999688998
2023-03-24 07:00:00,77.5,270.266666666667,161.256844519443,4.57522727515317
2023-03-24 08:00:00,77.4666666666667,270.633333333333,150.549008821602,3.99771537534695
2023-03-24 09:00:00,79.25,270.716666666667,152.572862898665,3.69382645899482
2023-03-24 10:00:00,76.9666666666667,271.033333333333,154.752564816564,4.04943698334633
2023-03-24 11:00:00,77.3833333333333,271.283333333333,147.083026471905,3.2176017138712
2023-03-24 12:00:00,78.7,271.45,143.702385164029,2.61382458450336
2023-03-24 13:00:00,87.9333333333334,271.316666666667,157.016862558141,1.97341261384949
2023-03-24 14:00:00,84.65,271.633333333333,147.910096444396,2.31209282061294
2023-03-24 15:00:00,76.2833333333333,271.716666666667,148.679191261515,3.53789612066551
2023-03-24 16:00:00,77.4666666666667,271.016666666667,149.132394732971,3.92216037811336
2023-03-24 17:00:00,78.2666666666667,270.35,156.482870280318,4.42630894057128
2023-03-24 18:00:00,85.1166666666667,269.75,156.841496337968,4.24477824602394
2023-03-24 19:00:00,97.0333333333333,269.0,149.298962456666,2.16226344135055
2023-03-24 20:00:00,99.9,267.616666666667,193.873986895472,0.913556638858334
2023-03-24 21:00:00,96.0,267.216666666667,168.027563446348,3.64432826482411
2023-03-24 22:00:00,83.8666666666667,267.483333333333,169.195593277018,3.24649775302771
2023-03-24 23:00:00,91.75,267.233333333333,161.164471819284,3.27132546988345
2023-03-25 00:00:00,97.7833333333334,266.816666666667,177.291090777864,1.35861578845991
2023-03-25 01:00:00,99.55,266.316666666667,145.855800755501,1.12979870231719
2023-03-25 02:00:00,98.6166666666667,265.5,265.230688164693,0.635530992211458
2023-03-25 03:00:00,98.05,265.1,301.537591768981,0.413426867655777
2023-03-25 04:00:00,97.1,264.416666666667,134.808723891094,1.16411519330902
2023-03-25 05:00:00,96.1833333333333,263.8,161.272942571939,1.4002105000068
2023-03-25 06:00:00,95.0833333333333,263.016666666667,170.596201624513,2.3135597282876
2023-03-25 07:00:00,94.2166666666667,262.583333333333,179.771068248987,2.90691037861838
2023-03-25 08:00:00,92.6333333333333,262.066666666667,180.71560412809,3.41332700051712
2023-03-25 09:00:00,88.8333333333333,262.3,179.629636535939,4.02948408822244
2023-03-25 10:00:00,85.7833333333334,263.383333333333,159.323960781062,2.27972708389031
2023-03-25 11:00:00,87.8666666666667,263.9,162.742551447892,2.21585103568972
2023-03-25 12:00:00,84.2833333333333,263.916666666667,162.076790571813,2.76630438125363
2023-03-25 13:00:00,88.7833333333333,263.383333333333,163.382674619052,3.60605907192452
2023-03-25 14:00:00,89.7666666666667,263.216666666667,161.808547803155,4.26160489823035
2023-03-25 15:00:00,90.65,263.166666666667,165.29559902022,4.71590195116911
2023-03-25 16:00:00,90.9666666666667,263.083333333333,170.520999136624,3.98116505651495
2023-03-25 17:00:00,88.95,262.916666666667,173.003879473078,3.78418197763508
2023-03-25 18:00:00,91.8,262.416666666667,169.257482441354,3.45735286785902
2023-03-25 19:00:00,81.7666666666667,261.35,178.115147639115,3.59155212361333
2023-03-25 20:00:00,79.6833333333333,261.116666666667,176.518657476659,3.68493254862457
2023-03-25 21:00:00,88.3333333333333,261.3,174.274104075462,3.35226872604294
2023-03-25 22:00:00,90.2833333333333,261.15,176.718069722568,3.19350538719189
2023-03-25 23:00:00,86.9,260.983333333333,175.127077008193,3.74153001034934
2023-03-26 00:00:00,85.8166666666667,260.9,175.830575764586,4.10993559251031
2023-03-26 01:00:00,81.7333333333333,261.0,168.031332369663,3.71804166666993
2023-03-26 02:00:00,81.7166666666667,261.133333333333,174.69449983368,3.17129271958343
2023-03-26 03:00:00,81.2666666666667,261.3,177.949525602272,3.40183563515986
2023-03-26 04:00:00,81.45,261.583333333333,165.492930164899,2.06853921755519
2023-03-26 05:00:00,82.3666666666667,261.75,162.49580169389,2.25568789673208
2023-03-26 06:00:00,82.5666666666667,261.916666666667,172.490252242171,3.60344804047638
2023-03-26 07:00:00,83.2666666666667,263.066666666667,174.260937423318,5.42117935636562
2023-03-26 08:00:00,78.2,264.05,171.701799383518,5.41522332422466
2023-03-26 09:00:00,72.45,265.15,157.648864963254,4.11950914392828
2023-03-26 10:00:00,72.2666666666667,265.566666666667,151.592544319316,3.48169791304617
2023-03-26 11:00:00,76.8,265.65,143.049671600037,3.30123754212165
2023-03-26 12:00:00,77.05,266.016666666667,129.805641712517,2.19166044179856
2023-03-26 13:00:00,79.7,266.833333333333,135.179336480771,1.51477459770635
2023-03-26 14:00:00,87.5,266.266666666667,131.738224500682,0.974651826843182
2023-03-26 15:00:00,89.8666666666667,265.433333333333,138.057984116793,0.994278002317887
2023-03-26 16:00:00,92.5666666666667,265.066666666667,131.924903328311,1.0101077028605
2023-03-26 17:00:00,94.3333333333333,263.483333333333,131.634208951599,1.2501511948905
2023-03-26 18:00:00,93.1333333333333,262.5,159.544042993675,2.56173606923891
2023-03-26 19:00:00,92.1833333333333,261.733333333333,145.52035602963,0.742683496781924
2023-03-26 20:00:00,91.9833333333333,261.5,297.842256651363,1.25576876429084
2023-03-26 21:00:00,90.3166666666667,260.316666666667,172.195703120942,2.75718702706207
2023-03-26 22:00:00,89.8666666666667,259.95,99.7045594834857,0.369383430048937
2023-03-26 23:00:00,89.2166666666667,259.45,153.593883263557,1.89254818605999
2023-03-27 00:00:00,88.8333333333333,259.2,125.874308643863,0.816589083674707
2023-03-27 01:00:00,88.8333333333333,259.166666666667,120.76508332502,0.471006469914722
2023-03-27 02:00:00,89.0,259.333333333333,174.722007351173,3.74092573742436
2023-03-27 03:00:00,88.95,259.35,180.345943452165,4.29937877242803
2023-03-27 04:00:00,88.7833333333334,259.183333333333,177.073724468093,4.48153664882134
2023-03-27 05:00:00,89.0333333333333,259.433333333333,165.78769925912,2.95397721508462
2023-03-27 06:00:00,89.2833333333334,259.633333333333,155.362989961732,2.08556565029396
2023-03-27 07:00:00,89.3166666666667,259.75,37.5054409343002,1.35017899960136
2023-03-27 08:00:00,89.4333333333333,259.816666666667,358.844184783107,3.37294921859957
2023-03-27 09:00:00,89.2666666666667,259.783333333333,5.90765337309472,2.43187555055788
2023-03-27 10:00:00,89.1,259.65,74.9419997590167,0.113854785181293
2023-03-27 11:00:00,89.3,259.8,74.960962657339,0.191168505346744
2023-03-27 12:00:00,89.9333333333333,260.55,353.078580690076,2.28266884042234
2023-03-27 13:00:00,89.5333333333333,260.166666666667,343.026515597349,1.96583726587767
2023-03-27 14:00:00,89.6166666666667,260.25,359.301681160038,1.76620327975993
2023-03-27 15:00:00,89.2,259.85,50.8851405900244,0.957616234927591
2023-03-27 16:00:00,87.45,258.4,151.58078830841,2.66105098870121
2023-03-27 17:00:00,86.15,257.25,146.049400147277,1.87284090804586
2023-03-27 18:00:00,84.1166666666667,255.466666666667,155.721802685469,3.06552002970005
2023-03-27 19:00:00,82.95,254.366666666667,130.25070835206,1.01085050618635
2023-03-27 20:00:00,82.05,253.6,155.92153593356,2.11031103425333
2023-03-27 21:00:00,81.7166666666667,253.3,140.048487844008,1.84104796153305
2023-03-27 22:00:00,81.8166666666667,253.433333333333,94.9603048222695,1.45598121845497
2023-03-27 23:00:00,81.8833333333333,253.583333333333,93.2659854319025,1.01209556560762
2023-03-28 00:00:00,82.2,253.866666666667,25.0043421215927,0.780389702423057
2023-03-28 01:00:00,81.9666666666667,253.7,11.5060650079797,0.987868386204727
2023-03-28 02:00:00,81.5833333333333,253.35,79.6139426496737,0.694591046254519
2023-03-28 03:00:00,81.45,253.216666666667,146.729830002036,1.70242483951323
2023-03-28 04:00:00,81.6166666666667,253.416666666667,168.939665749184,4.63516493585643
2023-03-28 05:00:00,81.6333333333333,253.45,151.098354330623,2.23144880132574
2023-03-28 06:00:00,81.6,253.416666666667,153.890920108089,1.83599443130626
2023-03-28 07:00:00,81.6666666666667,253.483333333333,155.606872264069,2.68454233907782
2023-03-28 08:00:00,82.55,254.383333333333,150.609826538204,2.91086456781481
2023-03-28 09:00:00,83.1333333333333,255.066666666667,147.073818654758,3.73633924378465
2023-03-28 10:00:00,84.4166666666667,256.3,103.325884688954,2.11661863223849
2023-03-28 11:00:00,85.3166666666667,257.15,105.184038775303,1.80765418015726
2023-03-28 12:00:00,86.2333333333333,257.983333333333,130.822876791136,1.79392316185125
2023-03-28 13:00:00,85.9833333333333,257.8,143.806410884459,3.00815400240947
2023-03-28 14:00:00,86.95,258.55,132.943879310985,1.6816929678024
2023-03-28 15:00:00,87.6333333333333,259.066666666667,139.411311213241,2.38659276989235
2023-03-28 16:00:00,88.15,259.416666666667,143.478855450282,2.20798308020148
2023-03-28 17:00:00,87.85,259.133333333333,144.758952654366,2.52681183429927
2023-03-28 18:00:00,86.8666666666667,258.216666666667,140.257219877206,2.9185872833164
2023-03-28 19:00:00,86.3833333333333,257.666666666667,145.149531810696,2.40714188664915
2023-03-28 20:00:00,86.1166666666667,257.533333333333,156.427203186095,4.24345346730413
2023-03-28 21:00:00,86.1833333333333,257.75,162.378749076912,3.63423298512587
2023-03-28 22:00:00,87.6333333333333,258.983333333333,163.725105605664,3.16010436271887
2023-03-28 23:00:00,88.0166666666667,259.15,3.65933485854532,2.74182169173381
2023-03-29 00:00:00,88.5166666666667,259.45,99.1538894673325,0.807314591592759
2023-03-29 01:00:00,90.6666666666666,260.966666666667,158.477139912388,4.36868712172402
2023-03-29 02:00:00,95.3666666666667,264.416666666667,161.791324847483,6.46054466282345
2023-03-29 03:00:00,96.2,264.816666666667,160.941730369747,6.3549243054098
2023-03-29 04:00:00,95.85,264.333333333333,152.575387905522,5.75081354705329
2023-03-29 05:00:00,95.2166666666667,263.733333333333,159.887950747667,5.37453045446372
2023-03-29 06:00:00,95.45,263.9,162.219692642014,6.69762045634418
2023-03-29 07:00:00,95.7666666666667,264.183333333333,155.424844564414,5.51265092839455
2023-03-29 08:00:00,96.0833333333333,264.516666666667,150.170245418195,6.77176993488175
2023-03-29 09:00:00,97.2833333333334,265.816666666667,143.856813746189,6.03291493387447
2023-03-29 10:00:00,97.7,266.216666666667,133.646973450766,6.34126214862411
2023-03-29 11:00:00,98.1166666666667,266.566666666667,99.8953921731498,6.90991617030478
2023-03-29 12:00:00,98.4833333333333,266.933333333333,90.6691436482828,6.67689324164933
2023-03-29 13:00:00,98.5166666666667,266.916666666667,102.273464689916,6.68107793989928
2023-03-29 14:00:00,98.8666666666667,267.083333333333,110.366677449063,5.89872109673481
2023-03-29 15:00:00,99.4166666666667,267.366666666667,105.890903309288,6.08901228402316
2023-03-29 16:00:00,99.8333333333333,267.633333333333,113.105188190942,5.81919444542786
2023-03-29 17:00:00,99.9,267.5,116.902582808823,5.98885838619744
2023-03-29 18:00:00,99.9,267.2,121.061409519607,6.06272665661404
2023-03-29 19:00:00,99.9,267.116666666667,107.998899583995,5.00009600024591
2023-03-29 20:00:00,99.9,267.5,105.535004057266,4.87627077138768
2023-03-29 21:00:00,99.9,267.866666666667,128.926914984059,4.590827181436
2023-03-29 22:00:00,99.9,267.883333333333,123.380140242936,3.81912504541284
2023-03-29 23:00:00,99.9,267.883333333333,119.295991097827,3.89257746897471
2023-03-30 00:00:00,99.9,268.05,118.776533856813,4.17793926441459
2023-03-30 01:00:00,99.9,268.45,117.027057101031,3.95296149796645
2023-03-30 02:00:00,99.9,268.516666666667,117.284089075552,3.43729135742515
2023-03-30 03:00:00,99.9,268.683333333333,106.590205045959,3.31582172875402
2023-03-30 04:00:00,99.9,268.75,109.100520901867,2.67983998647636
2023-03-30 05:00:00,99.9,268.533333333333,110.110694925984,2.55528570108324
2023-03-30 06:00:00,99.9,268.466666666667,115.681670667295,3.69617603899305
2023-03-30 07:00:00,99.9,268.65,112.221005105528,2.81459777843092
2023-03-30 08:00:00,99.9,269.133333333333,116.220004608388,3.90876861336747
2023-03-30 09:00:00,99.9,269.716666666667,114.184333047957,5.34747271080172
2023-03-30 10:00:00,99.9,270.55,112.542616883596,5.40692520865425
2023-03-30 11:00:00,99.9,270.733333333333,104.588010913269,5.91318703944701
2023-03-30 12:00:00,99.9,270.65,99.3410233228498,5.61293135087837
2023-03-30 13:00:00,99.9,270.75,98.1922202012889,5.30558938065538
2023-03-30 14:00:00,99.9,270.466666666667,96.7061675604901,5.46920484509473
2023-03-30 15:00:00,99.9,270.183333333333,98.8328317103942,4.60493416663553
2023-03-30 16:00:00,99.9,269.433333333333,110.026169643435,4.26019095338489
2023-03-30 17:00:00,99.9,268.783333333333,116.275785109576,4.8728203500493
2023-03-30 18:00:00,99.9,267.816666666667,122.407143123642,4.49983442612377
2023-03-30 19:00:00,99.9,267.4,137.406434589323,3.42510350098566
2023-03-30 20:00:00,99.9,266.916666666667,130.515097458288,1.94597303421044
2023-03-30 21:00:00,99.9,266.4,137.545506658196,2.72319445330476
2023-03-30 22:00:00,99.9,265.45,137.40360563603,2.56579021716444
2023-03-30 23:00:00,99.2666666666667,264.75,137.418109990224,2.47191905458795
2023-03-31 00:00:00,98.4333333333333,264.466666666667,134.356341571498,1.99008626164959
2023-03-31 01:00:00,97.7666666666667,264.316666666667,137.707716112724,2.166270002066
2023-03-31 02:00:00,96.3666666666667,264.3,146.78633514734,2.65558298900634
2023-03-31 03:00:00,95.3666666666667,264.283333333333,142.549887131022,2.96719012731504
2023-03-31 04:00:00,96.9833333333333,265.3,137.496480114087,3.28722758089435
2023-03-31 05:00:00,99.4,266.333333333333,152.943344467035,5.56890461075018
2023-03-31 06:00:00,99.3833333333333,266.75,150.277005225523,5.36184149990895
2023-03-31 07:00:00,98.2833333333333,267.083333333333,142.096041924426,4.92468754863132
2023-03-31 08:00:00,97.6833333333333,267.283333333333,142.02457932784,4.47298643660575
2023-03-31 09:00:00,96.1,267.55,130.466257355961,3.9376849131306
2023-03-31 10:00:00,93.1666666666667,267.8,127.375622499645,4.14953534319667
2023-03-31 11:00:00,90.25,268.016666666667,124.894936332865,4.35539087779161
2023-03-31 12:00:00,92.2666666666667,267.766666666667,124.222558773556,4.73472753019924
2023-03-31 13:00:00,97.15,267.316666666667,125.787707245932,3.85833951932156
2023-03-31 14:00:00,99.3666666666667,267.133333333333,116.548682713165,3.50310061530243
2023-03-31 15:00:00,99.6833333333333,267.133333333333,120.007700282229,3.86939349412238
2023-03-31 16:00:00,99.4333333333334,266.1,113.726974343242,0.813241162892495
2023-03-31 17:00:00,98.3166666666667,264.783333333333,119.417198045063,1.58741018831297
2023-03-31 18:00:00,97.7666666666667,264.216666666667,332.094809213468,1.40957863355324
2023-03-31 19:00:00,96.4,263.3,154.975280067199,3.1593939485571
2023-03-31 20:00:00,95.35,262.466666666667,163.082107212378,3.36674315589692
2023-03-31 21:00:00,93.7166666666667,261.533333333333,163.141844547946,3.10158544955791
2023-03-31 22:00:00,92.25,261.433333333333,169.650107729389,2.98817610434401
2023-03-31 23:00:00,92.1166666666667,261.716666666667,154.036042810966,2.9865539851427
2023-04-01 00:00:00,92.3666666666667,261.366666666667,163.69942175612,2.29191461317485
2023-04-01 01:00:00,93.0,261.266666666667,160.534897716679,2.6895986633265
2023-04-01 02:00:00,92.05,261.016666666667,163.200347677808,3.31931449014686
2023-04-01 03:00:00,91.8166666666667,261.033333333333,160.096775197695,3.52560991875198
2023-04-01 04:00:00,92.2833333333334,261.216666666667,159.368669602065,3.58687921272408
2023-04-01 05:00:00,92.45,261.183333333333,151.10893914008,2.14904090215393
2023-04-01 06:00:00,92.6666666666667,261.2,159.625698518792,2.8736650643834
2023-04-01 07:00:00,92.05,261.066666666667,155.816401133195,3.07838475300497
2023-04-01 08:00:00,92.1833333333333,261.25,150.784296767566,2.86581894959927
2023-04-01 09:00:00,91.1,261.95,145.579083313154,3.34784800404755
2023-04-01 10:00:00,89.9833333333333,263.083333333333,133.635616485876,3.41207555291222
2023-04-01 11:00:00,89.8333333333333,263.55,130.300904258063,2.9108415694776
2023-04-01 12:00:00,90.1166666666667,263.883333333333,125.810186877741,2.65204379614453
2023-04-01 13:00:00,88.65,264.183333333333,133.639259228426,2.49324654662184
2023-04-01 14:00:00,88.6833333333333,265.083333333333,126.042988989156,1.7507472251278
2023-04-01 15:00:00,92.1166666666667,264.883333333333,135.441287475611,2.10479507790201
2023-04-01 16:00:00,93.5,264.75,133.243904855169,2.33266166512729
2023-04-01 17:00:00,94.6833333333333,263.533333333333,136.726103969576,2.49162222514028
2023-04-01 18:00:00,94.45,263.066666666667,137.987079987536,2.5026307626182
2023-04-01 19:00:00,93.6833333333333,262.116666666667,148.667850063328,2.30587838703134
2023-04-01 20:00:00,93.2333333333333,261.666666666667,157.925191471352,2.81405156017526
2023-04-01 21:00:00,93.3666666666667,261.716666666667,144.889944436837,2.75615167743954
2023-04-01 22:00:00,92.9333333333333,261.416666666667,134.852198103461,2.87067157552981
2023-04-01 23:00:00,92.9,261.35,142.952087780858,2.85250630245983
2023-04-02 00:00:00,93.0666666666667,261.516666666667,114.410986891912,1.78781715393193
2023-04-02 01:00:00,93.05,261.516666666667,90.8264491929353,1.0777930584032
2023-04-02 02:00:00,93.0333333333333,261.5,83.7117867022223,0.966916898808315
2023-04-02 03:00:00,92.5,261.116666666667,28.6954604686828,0.777282055769628
2023-04-02 04:00:00,92.3166666666667,260.983333333333,38.0579833438755,0.745520890780314
2023-04-02 05:00:00,91.8166666666667,260.683333333333,68.7808050834943,0.852092916818878
2023-04-02 06:00:00,91.7666666666667,260.583333333333,12.8089623494645,1.01565422437731
2023-04-02 07:00:00,91.9833333333333,260.866666666667,339.695397914396,1.2859122048657
2023-04-02 08:00:00,92.7666666666667,262.033333333333,344.593892047788,1.79879621254964
2023-04-02 09:00:00,93.6833333333333,263.583333333333,313.80599355769,2.51809747199938
2023-04-02 10:00:00,93.6333333333333,263.633333333333,280.383476945871,2.28382173040925
2023-04-02 11:00:00,97.75,267.566666666667,290.990734215449,1.1027783027165
2023-04-02 12:00:00,96.9166666666667,266.5,301.94890155411,1.23375803912993
2023-04-02 13:00:00,97.6333333333334,267.033333333333,324.191265161712,0.882278557573449
2023-04-02 14:00:00,97.0333333333333,266.433333333333,317.184993710515,1.25781285178048
2023-04-02 15:00:00,95.85,264.55,295.346592998959,2.39377343340782
2023-04-02 16:00:00,95.4333333333333,263.666666666667,290.729832572474,2.78692048135265
2023-04-02 17:00:00,95.7166666666667,263.633333333333,292.099557426592,2.52973465676247
2023-04-02 18:00:00,95.8833333333333,263.5,299.249955478973,1.8427819714704
2023-04-02 19:00:00,95.2833333333333,262.666666666667,298.953718903578,1.68700602643627
2023-04-02 20:00:00,95.3166666666667,262.666666666667,311.865029216805,1.77021630456704
2023-04-02 21:00:00,95.2333333333333,262.65,334.679978826332,1.91985146572767
2023-04-02 22:00:00,95.1166666666667,262.566666666667,337.656884632166,2.25729825976873
2023-04-02 23:00:00,95.2166666666667,262.683333333333,333.578915207961,2.80159925584393
2023-04-03 00:00:00,95.1166666666667,262.7,336.27350909129,2.09916971529373
2023-04-03 01:00:00,94.6666666666667,262.366666666667,341.813606363921,2.22724265313098
2023-04-03 02:00:00,94.4666666666667,262.216666666667,340.78512870929,2.09777312794171
2023-04-03 03:00:00,94.45,262.233333333333,339.732306024434,2.59123965304468
2023-04-03 04:00:00,93.9833333333333,261.983333333333,337.850271215928,3.28688466534435
2023-04-03 05:00:00,92.6166666666667,261.066666666667,330.253838165946,3.02517492100192
2023-04-03 06:00:00,91.8333333333333,260.416666666667,26.7135273514833,1.15032442007056
2023-04-03 07:00:00,91.1833333333333,260.433333333333,9.33372077746128,1.65530977893384
2023-04-03 08:00:00,90.6,260.65,339.72978182156,2.59893225013433
2023-04-03 09:00:00,89.55,261.233333333333,326.360251103139,3.6238654148791
2023-04-03 10:00:00,88.6166666666667,261.083333333333,324.336090358585,4.67402937647215
2023-04-03 11:00:00,86.6166666666667,259.65,303.223374040431,4.91693910931383
2023-04-03 12:00:00,87.3666666666667,259.266666666667,286.705909479894,3.38703161146371
2023-04-03 13:00:00,88.6666666666667,260.4,317.756210340224,2.71969306966188
2023-04-03 14:00:00,88.45,259.566666666667,308.247032442342,3.2750183959092
2023-04-03 15:00:00,88.8333333333334,259.616666666667,304.416291807843,3.77544077724673
2023-04-03 16:00:00,88.95,259.383333333333,313.793745310617,2.81050795272314
2023-04-03 17:00:00,89.8,259.55,345.614644013498,1.33196453435214
2023-04-03 18:00:00,89.2333333333334,259.116666666667,354.905970059639,1.0759625968016
2023-04-03 19:00:00,87.6666666666667,257.833333333333,284.168811684249,2.10009681629431
2023-04-03 20:00:00,86.0833333333333,256.45,270.988618550359,4.05875016993619
2023-04-03 21:00:00,85.05,255.616666666667,259.811062316515,3.98822887107196
2023-04-03 22:00:00,84.6833333333333,255.35,258.035190048172,5.04553805873944
2023-04-03 23:00:00,83.7666666666667,255.533333333333,251.981363912458,4.48268884537344
2023-04-04 00:00:00,81.95,255.316666666667,279.504297349026,2.42581938357523
2023-04-04 01:00:00,80.0833333333333,255.033333333333,308.229615178785,3.00276727926305
2023-04-04 02:00:00,71.75,254.916666666667,286.916465392232,2.94771911860382
2023-04-04 03:00:00,60.5666666666667,254.9,270.09987898668,2.8875573173318
2023-04-04 04:00:00,54.4833333333333,254.516666666667,262.61061422944,2.85705673435044
2023-04-04 05:00:00,34.5666666666667,255.083333333333,258.962317533311,6.19759621853124
2023-04-04 06:00:00,23.5333333333333,255.45,257.72955870851,6.40669338496445
2023-04-04 07:00:00,20.7166666666667,255.55,253.773948404152,4.06859484373552
2023-04-04 08:00:00,18.7,255.616666666667,236.216035772747,5.19142320460742
2023-04-04 09:00:00,16.1,255.933333333333,242.159746198692,8.35340137847226
2023-04-04 10:00:00,17.0333333333333,256.533333333333,240.959269107754,8.71522967001982
2023-04-04 11:00:00,21.8833333333333,256.783333333333,237.689963446209,6.60468441507884
2023-04-04 12:00:00,32.2,256.7,243.661121075697,4.18592288779311
2023-04-04 13:00:00,42.5,257.383333333333,242.911713095269,2.60626820864501
2023-04-04 14:00:00,47.05,258.466666666667,221.057315326691,1.53167275339686
2023-04-04 15:00:00,43.0833333333333,258.816666666667,229.863072709697,1.40374668175817
2023-04-04 16:00:00,42.05,258.05,259.793754283594,2.73573996348196
2023-04-04 17:00:00,38.0166666666667,258.116666666667,256.038313808586,3.00217639986835
2023-04-04 18:00:00,41.0833333333333,257.65,263.613789970734,3.0122120593088
2023-04-04 19:00:00,45.05,257.183333333333,264.446800112341,3.30456895147964
2023-04-04 20:00:00,34.9166666666667,257.616666666667,253.945971440183,2.38602876426619
2023-04-04 21:00:00,24.1166666666667,258.15,242.944030822664,2.95206005066989
2023-04-04 22:00:00,19.1333333333333,258.15,241.450191774623,3.58697372925114
2023-04-04 23:00:00,14.7833333333333,258.45,236.243968458929,5.09669182330933
2023-04-05 00:00:00,15.95,258.383333333333,255.298765603837,3.06788831529575
2023-04-05 01:00:00,19.5833333333333,257.616666666667,274.718258978419,3.6633504316024
2023-04-05 02:00:00,22.2333333333333,257.433333333333,272.048227597989,3.31177789653921
2023-04-05 03:00:00,23.1666666666667,257.35,284.840838050279,4.53660054951516
2023-04-05 04:00:00,23.8,257.3,283.448791687911,4.17945503134863
2023-04-05 05:00:00,24.2,257.416666666667,285.931861875133,4.52250657629044
2023-04-05 06:00:00,26.4333333333333,257.4,304.167924976415,4.85220592828107
2023-04-05 07:00:00,29.2,257.466666666667,309.92695089725,4.85119783784676
2023-04-05 08:00:00,32.6166666666667,257.466666666667,298.511750472541,4.55429254849164
2023-04-05 09:00:00,34.3833333333333,257.8,291.358068047947,2.72930910323774
2023-04-05 10:00:00,36.45,257.883333333333,282.327022665465,2.58726026477611
2023-04-05 11:00:00,38.1,258.933333333333,299.475020798427,1.17441207562069
2023-04-05 12:00:00,38.1666666666667,260.616666666667,316.991212296277,0.362364914059793
2023-04-05 13:00:00,42.1666666666667,260.883333333333,104.03339668602,0.3560276805446
2023-04-05 14:00:00,48.9166666666667,260.783333333333,76.5025863054275,0.240627421540724
2023-04-05 15:00:00,55.7,261.1,113.264217239738,0.893757717040117
2023-04-05 16:00:00,61.4,260.033333333333,55.4430243547389,0.0961056377861991
2023-04-05 17:00:00,68.3333333333333,260.45,128.389625361164,1.1590051314122
2023-04-05 18:00:00,79.6,260.083333333333,132.303045504682,2.06740621358655
2023-04-05 19:00:00,90.9,258.716666666667,122.271465757437,1.27742342533562
2023-04-05 20:00:00,88.7666666666667,258.183333333333,72.7557031287556,0.581894879123954
2023-04-05 21:00:00,88.0,258.1,131.058106566765,1.02994499994668
2023-04-05 22:00:00,87.55,257.916666666667,144.213941619175,1.67399082647149
2023-04-05 23:00:00,86.85,257.45,136.299727654942,1.66741596004251
2023-04-06 00:00:00,86.9833333333333,257.566666666667,137.880910491059,1.27774699794311
2023-04-06 01:00:00,85.7166666666667,256.666666666667,146.825306169774,2.6419002131398
2023-04-06 02:00:00,84.25,255.4,140.16464683189,2.12097937673343
2023-04-06 03:00:00,84.0833333333333,255.2,144.150849117398,1.49348290963842
2023-04-06 04:00:00,84.3333333333333,255.433333333333,148.500251705162,2.15581533971815
2023-04-06 05:00:00,84.1166666666667,255.233333333333,151.877573724082,2.07525567240829
2023-04-06 06:00:00,84.0333333333333,255.2,152.893672706972,2.70853482378396
2023-04-06 07:00:00,83.9833333333333,255.583333333333,144.401255713418,2.72957186120051
2023-04-06 08:00:00,84.8666666666667,256.666666666667,142.285131646031,1.89350974197898
2023-04-06 09:00:00,85.9666666666667,258.85,119.103364787446,1.74716325652362
2023-04-06 10:00:00,76.25,259.05,130.30568114666,2.53108584710172
2023-04-06 11:00:00,66.15,259.583333333333,134.740587789245,3.18846162329328
2023-04-06 12:00:00,66.05,260.483333333333,136.156041385589,2.25120694265921
2023-04-06 13:00:00,60.3833333333333,261.4,145.332771805419,1.85710876916083
2023-04-06 14:00:00,56.5166666666667,262.0,141.837655986657,1.415535517798
2023-04-06 15:00:00,56.05,262.25,142.036004406847,1.99790117062907
2023-04-06 16:00:00,61.2666666666667,262.016666666667,143.090562241106,3.06600914736797
2023-04-06 17:00:00,63.7166666666667,261.633333333333,147.372124665673,2.49952334641306
2023-04-06 18:00:00,66.8833333333333,260.983333333333,149.619373818709,2.17150064815455
2023-04-06 19:00:00,70.9,259.816666666667,154.389568470117,2.57482218062177
2023-04-06 20:00:00,74.45,258.966666666667,152.358838499874,2.4350980600477
2023-04-06 21:00:00,78.6166666666667,258.633333333333,155.86621988695,2.85199647183853
2023-04-06 22:00:00,75.75,258.566666666667,157.790840244441,3.47334002751441
2023-04-06 23:00:00,70.0833333333333,258.366666666667,157.012780369311,2.22270028744754
2023-04-07 00:00:00,71.7833333333334,258.1,45.822874387,0.814432764643058
2023-04-07 01:00:00,76.9166666666667,258.7,142.363005762092,3.21579515200948
2023-04-07 02:00:00,89.0333333333333,259.25,148.805100971651,3.18912052409148
2023-04-07 03:00:00,89.7833333333334,259.716666666667,144.455174297335,3.22438451694671
2023-04-07 04:00:00,90.2833333333333,260.25,129.698123345699,1.57595941910183
2023-04-07 05:00:00,90.8333333333333,260.666666666667,132.180674572421,2.24979913992522
2023-04-07 06:00:00,91.15,260.9,150.644581565335,2.66428505606124
2023-04-07 07:00:00,91.15,260.933333333333,149.735109207291,1.78521944669087
2023-04-07 08:00:00,91.2833333333334,261.416666666667,135.23751819739,1.55785460134966
2023-04-07 09:00:00,92.7666666666667,263.3,122.682354298379,1.49686041253655
2023-04-07 10:00:00,93.8166666666667,264.483333333333,115.671590349528,1.56921596565546
2023-04-07 11:00:00,93.85,265.066666666667,123.455597154506,1.26856387162325
2023-04-07 12:00:00,92.6166666666667,265.583333333333,116.011331230629,1.27337231316148
2023-04-07 13:00:00,80.0166666666667,265.216666666667,118.756599573359,1.28056419054908
2023-04-07 14:00:00,70.9,265.033333333333,117.007755167802,0.552501824935436
2023-04-07 15:00:00,68.1,264.1,337.895240047055,0.343094033692182
2023-04-07 16:00:00,73.7666666666667,264.0,314.659393896431,0.44106773728774
2023-04-07 17:00:00,90.0833333333333,263.316666666667,305.39343115836,0.681645007215657
2023-04-07 18:00:00,96.4166666666667,262.8,289.028213720907,1.24682051858087
2023-04-07 19:00:00,95.15,261.666666666667,297.556516546565,2.05723631028227
2023-04-07 20:00:00,93.2666666666667,261.316666666667,318.390249426121,2.87744297689757
2023-04-07 21:00:00,92.7333333333333,261.233333333333,344.356475265841,2.19764689224525
2023-04-07 22:00:00,92.4,261.05,347.727783154037,1.08141399578909
2023-04-07 23:00:00,92.05,260.883333333333,314.668250460957,2.03915164591778
2023-04-08 00:00:00,92.2166666666667,260.966666666667,311.619133705234,2.56599581659976
2023-04-08 01:00:00,92.6166666666667,261.266666666667,297.449171101508,2.79443955921018
2023-04-08 02:00:00,92.3833333333334,261.133333333333,298.952216467317,2.40568019321054
2023-04-08 03:00:00,92.3166666666667,261.133333333333,317.518514131622,2.5306397963922
2023-04-08 04:00:00,92.0333333333333,260.916666666667,314.695930493323,3.2331414621382
2023-04-08 05:00:00,91.6166666666667,260.616666666667,325.932260307086,2.60515140418774
2023-04-08 06:00:00,91.0833333333333,260.233333333333,340.795652446405,3.82595589439883
2023-04-08 07:00:00,91.6,260.733333333333,339.134294743044,2.89383180245331
2023-04-08 08:00:00,92.0333333333333,261.233333333333,322.335492982318,4.44567570803097
2023-04-08 09:00:00,93.6666666666667,262.633333333333,7.1254032455509,0.957442521935783
2023-04-08 10:00:00,94.75,263.966666666667,78.4132976343207,1.08031470388851
2023-04-08 11:00:00,94.0166666666667,263.316666666667,125.056505370425,1.90970121901648
2023-04-08 12:00:00,94.65,264.333333333333,127.088383871478,1.87017715749939
2023-04-08 13:00:00,94.3833333333333,263.883333333333,112.79294684832,1.22193034516679
2023-04-08 14:00:00,94.3666666666667,265.3,40.7073619485932,0.844651961044535
2023-04-08 15:00:00,94.0833333333333,263.516666666667,127.484886407269,1.46941331358904
2023-04-08 16:00:00,94.8333333333334,263.75,130.598456122021,1.52078304905275
2023-04-08 17:00:00,94.8333333333333,263.4,121.610324439422,1.07513356411951
2023-04-08 18:00:00,94.3666666666667,262.766666666667,23.9748761878691,0.603517963005286
2023-04-08 19:00:00,93.6,261.9,325.574297286579,1.85707014140219
2023-04-08 20:00:00,93.1,261.416666666667,124.776020897121,0.80099253166875
2023-04-08 21:00:00,92.5333333333333,261.116666666667,349.09049033375,1.23720461899096
2023-04-08 22:00:00,92.2166666666667,260.916666666667,4.19170616145613,0.715732777253729
2023-04-08 23:00:00,91.85,260.633333333333,136.293861494958,0.840663074918335
2023-04-09 00:00:00,91.4333333333333,260.383333333333,11.095192979841,0.70322740262064
2023-04-09 01:00:00,91.2333333333333,260.316666666667,345.309472746825,1.4999826038707
2023-04-09 02:00:00,90.9,260.066666666667,337.313776000032,1.82288192640244
2023-04-09 03:00:00,89.9333333333333,259.35,311.134103975947,2.48420368268529
2023-04-09 04:00:00,88.9833333333333,258.616666666667,297.013432133902,2.66272786728603
2023-04-09 05:00:00,88.3666666666667,258.166666666667,293.282741694614,2.50673100317547
2023-04-09 06:00:00,88.6,258.45,302.76181802446,2.385983121854
2023-04-09 07:00:00,89.9333333333333,259.733333333333,298.06945400491,3.56531234249112
2023-04-09 08:00:00,90.1166666666667,260.083333333333,292.163670074622,4.19612052599498
2023-04-09 09:00:00,91.4333333333333,261.533333333333,296.317482589316,3.98772531891762
2023-04-09 10:00:00,90.6666666666667,262.533333333333,286.008043085032,3.42310766008962
2023-04-09 11:00:00,91.2666666666667,263.866666666667,263.733801681825,1.79008380833981
2023-04-09 12:00:00,89.75,265.433333333333,195.624093832194,0.549686982767295
2023-04-09 13:00:00,85.0333333333333,263.433333333333,232.695443239508,0.498711552570914
2023-04-09 14:00:00,85.4666666666667,264.216666666667,295.709303789527,0.153797976770566
2023-04-09 15:00:00,88.4,263.566666666667,103.868496626446,0.751896392707714
2023-04-09 16:00:00,90.0333333333334,262.883333333333,130.728210154918,1.25260149175191
2023-04-09 17:00:00,91.8166666666667,262.433333333333,115.267827780248,0.875548715505684
2023-04-09 18:00:00,92.7666666666667,261.683333333333,118.178899103858,0.532424335954435
2023-04-09 19:00:00,92.55,261.1,14.2470990277444,0.570709072250228
2023-04-09 20:00:00,91.8666666666667,260.666666666667,8.43260117608031,0.939982920449921
2023-04-09 21:00:00,90.8,260.016666666667,18.5208134400712,0.781458366779277
2023-04-09 22:00:00,89.75,259.333333333333,353.674667117015,2.65291927029247
2023-04-09 23:00:00,89.15,258.85,0.797022754101931,2.07861521128092
2023-04-10 00:00:00,89.0333333333333,258.883333333333,314.877304637932,3.7929772599334
2023-04-10 01:00:00,88.6666666666667,258.616666666667,330.572800186311,3.46176914279588
2023-04-10 02:00:00,88.3833333333333,258.35,15.755447790301,2.09237758177499
2023-04-10 03:00:00,87.9666666666667,258.4,332.928479149469,2.27779313494406
2023-04-10 04:00:00,69.4666666666667,259.466666666667,285.723384879753,3.886220518746
2023-04-10 05:00:00,44.0333333333333,261.466666666667,273.010511410009,4.52164362565372
2023-04-10 06:00:00,39.2333333333333,262.016666666667,283.316029185522,4.83556729146924
2023-04-10 07:00:00,27.9166666666667,263.116666666667,276.980931948092,4.58568967217046
2023-04-10 08:00:00,22.4,263.133333333333,286.113767254998,4.38835601882444
2023-04-10 09:00:00,18.7333333333333,263.966666666667,268.397725075252,3.1871604158486
2023-04-10 10:00:00,19.2,264.866666666667,246.879412619083,2.47817585672645
2023-04-10 11:00:00,18.1333333333333,265.35,241.531273110939,1.94664072238411
2023-04-10 12:00:00,14.9666666666667,268.1,251.877722918956,0.556066466010847
2023-04-10 13:00:00,23.75,268.683333333333,113.280713931446,0.707369453788575
2023-04-10 14:00:00,25.75,269.233333333333,122.149764024291,0.342841341878532
2023-04-10 15:00:00,34.9833333333333,269.0,114.135041125422,0.870533416322544
2023-04-10 16:00:00,39.1666666666667,268.333333333333,116.880711157456,1.09412270538233
2023-04-10 17:00:00,36.0166666666667,267.7,116.98537877809,1.25484539581298
2023-04-10 18:00:00,35.3333333333333,266.933333333333,121.144596792557,1.69697637852117
2023-04-10 19:00:00,39.8166666666667,265.983333333333,111.838324260718,1.07460785679446
2023-04-10 20:00:00,43.9333333333333,265.333333333333,130.829417157424,1.35606082494187
2023-04-10 21:00:00,47.3166666666667,265.116666666667,141.097398110778,1.56815789501964
2023-04-10 22:00:00,43.2833333333333,265.083333333333,146.29326995914,2.03915080182067
2023-04-10 23:00:00,35.6,265.266666666667,140.114421142671,2.24251123463373
2023-04-11 00:00:00,35.9666666666667,265.433333333333,145.186719995354,2.14616216115995
2023-04-11 01:00:00,41.0166666666667,265.3,142.295250389159,1.9952411544283
2023-04-11 02:00:00,49.5833333333333,265.583333333333,138.9245072383,1.56321690419163
2023-04-11 03:00:00,53.6666666666667,265.7,144.363616167807,1.35829808973997
2023-04-11 04:00:00,69.6333333333334,265.866666666667,143.883728188077,2.36190726715858
2023-04-11 05:00:00,81.0833333333333,265.95,143.006296182726,2.19002840262731
2023-04-11 06:00:00,85.1666666666667,266.016666666667,156.843332308671,2.40355798182091
2023-04-11 07:00:00,92.65,266.283333333333,148.45611784236,2.71325331487347
2023-04-11 08:00:00,92.2833333333334,266.75,154.918359289187,3.33042787972928
2023-04-11 09:00:00,92.6666666666667,266.716666666667,156.753736299251,3.13188839351225
2023-04-11 10:00:00,95.5833333333333,266.916666666667,149.739171577489,2.75608902178747
2023-04-11 11:00:00,95.1666666666667,267.25,146.934213760237,2.75851777777604
2023-04-11 12:00:00,92.4666666666667,268.2,140.213752242595,1.94874254818522
2023-04-11 13:00:00,95.7833333333333,267.216666666667,151.019788223943,3.63205509984187
2023-04-11 14:00:00,95.1333333333333,267.5,145.723456375157,2.43499828111184
2023-04-11 15:00:00,94.6,266.933333333333,143.824883757593,2.96108527117702
2023-04-11 16:00:00,96.8166666666667,266.533333333333,151.647242115927,2.75616652001524
2023-04-11 17:00:00,95.7666666666667,265.733333333333,148.545485751285,2.85471238959559
2023-04-11 18:00:00,96.95,264.983333333333,159.427678866399,2.89356336046504
2023-04-11 19:00:00,96.6166666666667,263.966666666667,162.026671471664,1.94122446920982
2023-04-11 20:00:00,96.4833333333333,263.666666666667,157.947211239631,1.73377619627386
2023-04-11 21:00:00,95.8666666666667,263.35,146.385989512652,1.32761578619866
2023-04-11 22:00:00,94.1666666666667,262.183333333333,160.456819505933,1.61510645624068
2023-04-11 23:00:00,93.4,261.616666666667,166.373865394796,2.09831601893073
2023-04-12 00:00:00,93.0833333333333,261.816666666667,160.227928657752,2.2102353927359
2023-04-12 01:00:00,91.1166666666667,262.933333333333,170.304705777066,2.34341270529623
2023-04-12 02:00:00,97.1166666666667,264.383333333333,167.596471244985,3.30057827129043
2023-04-12 03:00:00,98.6333333333333,265.466666666667,167.790389309348,3.85449125391136
2023-04-12 04:00:00,99.0833333333333,265.766666666667,169.468357780985,3.97549634240047
2023-04-12 05:00:00,99.2833333333333,265.8,160.027859829154,3.60399102634554
2023-04-12 06:00:00,99.8,266.266666666667,162.675233694936,3.56137357698724
2023-04-12 07:00:00,99.9,266.8,157.879205138762,3.48725385233497
2023-04-12 08:00:00,99.9,267.3,149.997072939027,3.41376033523574
2023-04-12 09:00:00,99.9,267.966666666667,150.198645571401,3.25047760592312
2023-04-12 10:00:00,99.9,268.683333333333,150.836283982458,2.98247151689792
2023-04-12 11:00:00,99.9,269.55,141.553160028024,2.8855599778779
2023-04-12 12:00:00,99.9,269.55,132.888887373,3.08110447507662
2023-04-12 13:00:00,99.9,269.933333333333,129.784820049449,2.93498884659326
2023-04-12 14:00:00,99.9,270.3,130.093268520067,2.21886933385591
2023-04-12 15:00:00,99.9,269.816666666667,131.182340070715,2.80733554076987
2023-04-12 16:00:00,99.9,269.316666666667,138.722503493659,2.98435224026701
2023-04-12 17:00:00,99.9,268.55,139.607917949412,3.12083654603688
2023-04-12 18:00:00,99.9,268.2,138.93128662404,2.65769297657742
2023-04-12 19:00:00,99.9,267.6,147.449262388092,2.81552818459293
2023-04-12 20:00:00,99.9,266.983333333333,157.408448938259,3.20247292623072
2023-04-12 21:00:00,99.9,266.65,168.024874178632,5.85780718690055
2023-04-12 22:00:00,99.9,266.533333333333,165.425594662292,3.53417612361463
2023-04-12 23:00:00,99.9,266.583333333333,153.625628586939,2.77215018924829
2023-04-13 00:00:00,99.9,266.583333333333,141.346136456724,1.97014202562284
2023-04-13 01:00:00,99.8166666666667,265.966666666667,258.036492786658,0.880376735565281
2023-04-13 02:00:00,98.8833333333333,264.05,129.769386617666,1.41092342786588
2023-04-13 03:00:00,98.0666666666667,263.533333333333,297.399601047267,2.32221638900259
2023-04-13 04:00:00,97.1,262.983333333333,270.208961288256,2.96484187729075
2023-04-13 05:00:00,95.4166666666667,261.95,273.778353538759,4.38182323609436
2023-04-13 06:00:00,93.8166666666667,260.983333333333,273.222220522481,3.31195064270609
2023-04-13 07:00:00,93.5,260.883333333333,270.757272950978,1.98004952126017
2023-04-13 08:00:00,94.6,261.666666666667,267.345841039483,2.81596228339526
2023-04-13 09:00:00,96.4333333333333,262.966666666667,284.748146518622,2.51484715108341
2023-04-13 10:00:00,97.3666666666667,263.733333333333,275.022119955991,3.52340150021974
2023-04-13 11:00:00,94.7,262.0,302.425480919809,4.91319250981415
2023-04-13 12:00:00,92.8666666666667,260.75,310.399949125818,4.72886104198328
2023-04-13 13:00:00,92.6833333333333,260.8,0.280573931969911,1.82314989100679
2023-04-13 14:00:00,95.7,262.966666666667,325.056775910538,2.15024330995283
2023-04-13 15:00:00,95.6,262.45,328.132057733701,3.73025844408892
2023-04-13 16:00:00,93.25,260.9,330.139123498931,4.64087442679342
2023-04-13 17:00:00,91.6,259.816666666667,348.038677937139,3.8827278257571
2023-04-13 18:00:00,90.2,258.8,334.223406834303,3.25634610133536
2023-04-13 19:00:00,89.1166666666667,258.016666666667,305.381576516753,4.15283983489779
2023-04-13 20:00:00,88.65,257.75,305.717952061189,3.71011461283273
2023-04-13 21:00:00,88.7333333333333,257.85,305.342651805953,3.83302714607777
2023-04-13 22:00:00,88.7666666666667,257.95,322.979785010226,3.19535300744684
2023-04-13 23:00:00,88.7833333333334,258.016666666667,338.513553362178,2.96848010850221
2023-04-14 00:00:00,88.9,258.116666666667,343.104517578072,3.57658502246204
2023-04-14 01:00:00,89.1166666666667,258.3,337.664788236298,3.58075031910106
2023-04-14 02:00:00,89.35,258.516666666667,329.798295600063,4.12017630807812
2023-04-14 03:00:00,89.5666666666667,258.7,5.3991895691193,2.59090733486304
2023-04-14 04:00:00,89.7,258.783333333333,357.706700671759,5.1109915333589
2023-04-14 05:00:00,89.85,258.95,11.7161376201265,3.73540589525188
2023-04-14 06:00:00,89.9,258.983333333333,19.9469318562553,3.08911436426132
2023-04-14 07:00:00,90.1666666666667,259.216666666667,12.9844842466754,4.04513816057484
2023-04-14 08:00:00,90.8666666666667,259.833333333333,15.3229194833336,3.04205424575675
2023-04-14 09:00:00,91.95,260.666666666667,11.8725752392594,2.76941148843158
2023-04-14 10:00:00,94.9666666666667,262.8,11.7890030248751,1.80594476906239
2023-04-14 11:00:00,98.8,265.716666666667,14.5540629050967,1.8299925193479
2023-04-14 12:00:00,99.3666666666667,265.333333333333,60.585954794983,1.00476977522631
2023-04-14 13:00:00,99.8833333333333,266.533333333333,93.6726360265884,0.954184557288408
2023-04-14 14:00:00,99.9,266.466666666667,121.409477729989,0.964421774146119
2023-04-14 15:00:00,98.8,264.583333333333,129.596205251964,1.68354885804945
2023-04-14 16:00:00,98.7,264.45,122.508353379535,1.64477605562954
2023-04-14 17:00:00,97.8833333333333,263.816666666667,69.1803972388477,0.575125109109973
2023-04-14 18:00:00,96.4833333333333,262.783333333333,87.2439409446142,0.6726392316584
2023-04-14 19:00:00,93.5833333333333,260.933333333333,136.175666955445,1.01485430896941
2023-04-14 20:00:00,92.35,260.183333333333,94.5875788031519,0.626530528071367
2023-04-14 21:00:00,91.7333333333333,259.8,114.701409557107,0.99345482914425
2023-04-14 22:00:00,91.7666666666667,259.916666666667,131.983168807154,1.51442496956233
2023-04-14 23:00:00,91.4666666666667,259.75,80.7932731305144,1.13512860310054
2023-04-15 00:00:00,90.5166666666667,259.05,8.2615290420141,2.30792128550449
2023-04-15 01:00:00,90.6166666666667,259.2,352.862351120064,2.49828127286919
2023-04-15 02:00:00,90.3333333333333,259.033333333333,81.4761404664045,0.7749380694007
2023-04-15 03:00:00,89.8833333333333,258.716666666667,356.688214362136,1.70696539756033
2023-04-15 04:00:00,89.6833333333333,258.583333333333,127.039998751391,1.75028971906321
2023-04-15 05:00:00,89.3666666666667,258.366666666667,150.510533102478,1.85251334749057
2023-04-15 06:00:00,88.7,257.9,157.414342263366,3.85247527843627
2023-04-15 07:00:00,88.4833333333333,257.8,151.471056223574,3.80992948696439
2023-04-15 08:00:00,89.7,258.883333333333,134.960685517294,1.97161469980796
2023-04-15 09:00:00,90.0166666666667,259.216666666667,152.870764561045,4.478824821615
2023-04-15 10:00:00,91.0166666666667,260.266666666667,143.303445590549,3.75518829597679
2023-04-15 11:00:00,92.3333333333333,261.533333333333,130.135550187058,3.34393773100405
2023-04-15 12:00:00,93.65,262.566666666667,123.238730316279,3.0260886806099
2023-04-15 13:00:00,95.3166666666667,263.583333333333,113.038917448406,1.97276065165552
2023-04-15 14:00:00,98.4333333333333,265.7,88.0237625119771,0.62962339793454
2023-04-15 15:00:00,97.1666666666667,264.333333333333,135.783072984762,2.28090005026381
2023-04-15 16:00:00,95.9,263.183333333333,119.713398142043,2.08851891276456
2023-04-15 17:00:00,97.0333333333333,263.85,116.076469794963,1.08204794792617
2023-04-15 18:00:00,95.05,262.233333333333,116.305203683657,1.31329699076194
2023-04-15 19:00:00,93.95,261.433333333333,107.846094919876,1.12687511190155
2023-04-15 20:00:00,93.5,261.116666666667,131.017253053232,1.27760201688442
2023-04-15 21:00:00,93.4333333333333,261.116666666667,134.09886313933,1.16917713687121
2023-04-15 22:00:00,93.4666666666667,261.166666666667,130.820063049932,1.47553438585943
2023-04-15 23:00:00,93.4333333333333,261.183333333333,65.4668548533418,0.955336184754646
2023-04-16 00:00:00,93.55,261.25,72.2718179152859,1.85857183304087
2023-04-16 01:00:00,93.5,261.25,96.2326917003012,1.55461504936633
2023-04-16 02:00:00,93.45,261.25,123.614662890351,1.50987994036888
2023-04-16 03:00:00,93.3666666666667,261.183333333333,99.0987645967193,1.56019069421472
2023-04-16 04:00:00,93.3,261.15,121.55502348236,1.65227342017484
2023-04-16 05:00:00,93.2833333333333,261.15,115.0797169038,1.52570567046802
2023-04-16 06:00:00,93.2333333333333,261.15,91.9983539251788,1.66655999378448
2023-04-16 07:00:00,94.1,261.8,119.884070934396,1.67801992358799
2023-04-16 08:00:00,96.3,263.4,3.25584558599473,1.56655397672647
2023-04-16 09:00:00,98.7666666666667,265.266666666667,343.948892793656,2.23096530502686
2023-04-16 10:00:00,99.6,265.916666666667,335.022693560905,2.39050564641421
2023-04-16 11:00:00,99.9,267.866666666667,345.029486853359,2.33404402068931
2023-04-16 12:00:00,99.9,270.4,357.802572022418,1.21220588841882
2023-04-16 13:00:00,99.95,272.266666666667,338.700889963338,1.12370527197647
2023-04-16 14:00:00,100.0,270.55,338.482530528333,1.44884254711822
2023-04-16 15:00:00,99.9,266.466666666667,319.217090162761,2.79683955540166
2023-04-16 16:00:00,99.8666666666667,264.983333333333,324.805489866344,2.60012756712185
2023-04-16 17:00:00,99.4166666666667,264.383333333333,328.100728615866,4.06322192378543
2023-04-16 18:00:00,98.65,263.583333333333,331.900312139499,2.97385643907149
2023-04-16 19:00:00,98.2,263.316666666667,332.103456684174,2.44353058412027
2023-04-16 20:00:00,97.4333333333333,262.816666666667,314.101673448639,3.18222296220571
2023-04-16 21:00:00,97.2166666666667,262.733333333333,327.826838127844,2.23279910756084
2023-04-16 22:00:00,96.95,262.65,320.580394564738,3.51541382379861
2023-04-16 23:00:00,96.8166666666667,262.583333333333,317.848370462781,2.72810043376355
2023-04-17 00:00:00,96.65,262.55,303.67165594473,2.49104860441395
2023-04-17 01:00:00,96.0666666666667,262.2,297.41972400721,2.78166492612575
2023-04-17 02:00:00,94.85,261.483333333333,292.39628167113,1.88111787260674
2023-04-17 03:00:00,93.8333333333333,260.866666666667,267.856703106115,1.43445839446415
2023-04-17 04:00:00,92.8166666666667,260.25,269.138756358949,1.49204682152465
2023-04-17 05:00:00,92.5833333333333,260.2,279.092659411882,1.2881566893734
2023-04-17 06:00:00,92.7333333333333,260.333333333333,266.412699468089,1.14211994037402
2023-04-17 07:00:00,95.1666666666667,262.166666666667,265.16835040934,1.06082961242641
2023-04-17 08:00:00,96.7333333333334,263.35,262.376212929558,1.31138916655102
2023-04-17 09:00:00,96.65,263.416666666667,250.829671428191,1.95633314784435
2023-04-17 10:00:00,94.8833333333333,262.35,252.257744999716,1.38420846044414
2023-04-17 11:00:00,99.7166666666667,268.6,235.533534633947,0.0999434158249671
2023-04-17 12:00:00,99.95,271.116666666667,175.565784418104,0.246850437425617
2023-04-17 13:00:00,100.0,272.85,177.433299630069,0.167382699352542
2023-04-17 14:00:00,100.0,273.1,206.583047058101,0.239006018839192
2023-04-17 15:00:00,99.9833333333333,270.016666666667,227.790196755771,0.535861388909162
2023-04-17 16:00:00,99.95,267.35,238.909833564067,0.88689428585793
2023-04-17 17:00:00,99.9,267.016666666667,262.905078219223,0.502418039023569
2023-04-17 18:00:00,99.9,266.183333333333,256.954301333883,0.286071090883794
2023-04-17 19:00:00,99.8833333333333,264.583333333333,145.985078077713,0.542976720896635
2023-04-17 20:00:00,99.4833333333333,263.483333333333,131.470095032228,0.377701172980234
2023-04-17 21:00:00,98.7333333333333,263.116666666667,122.599765145021,0.314198551314619
2023-04-17 22:00:00,98.4333333333333,263.033333333333,134.425261790029,0.282106789791999
2023-04-17 23:00:00,97.8666666666667,262.75,123.594975568596,0.385692338763762
2023-04-18 00:00:00,97.5833333333333,262.633333333333,129.268872771271,1.47282969629112
2023-04-18 01:00:00,97.9833333333333,262.9,131.676520610762,2.1528070405833
2023-04-18 02:00:00,97.65,262.716666666667,139.10141970899,2.63715842424779
2023-04-18 03:00:00,97.6166666666667,262.75,144.870173492904,3.62885732374432
2023-04-18 04:00:00,97.8833333333333,262.966666666667,149.817286447392,3.0700223502026
2023-04-18 05:00:00,98.05,263.083333333333,144.436470138171,2.22739980925635
2023-04-18 06:00:00,98.0166666666667,263.116666666667,137.957844252469,1.88751255453491
2023-04-18 07:00:00,98.8666666666667,263.833333333333,137.939751927794,1.9658362016757
2023-04-18 08:00:00,99.05,264.05,162.97287897934,1.6830935492486
2023-04-18 09:00:00,99.6,264.966666666667,173.070037944018,2.39328451424242
2023-04-18 10:00:00,99.8833333333333,266.0,138.989162176627,2.24843726868074
2023-04-18 11:00:00,99.9,266.983333333333,131.952905702903,1.96943795159929
2023-04-18 12:00:00,99.9,267.75,128.336678453976,1.63972700446267
2023-04-18 13:00:00,99.9333333333333,269.383333333333,122.551398331552,1.09628845483375
2023-04-18 14:00:00,99.95,271.716666666667,116.906611036576,0.655080452404917
2023-04-18 15:00:00,100.0,272.433333333333,119.10250812213,0.317240734484863
2023-04-18 16:00:00,100.0,271.5,78.8185822315348,0.194863475575117
2023-04-18 17:00:00,100.0,271.35,94.3730552833735,0.109044950618027
2023-04-18 18:00:00,99.9833333333333,270.35,46.8180019220798,0.361251915527388
2023-04-18 19:00:00,99.9,267.483333333333,77.0139748410908,0.612277922452115
2023-04-18 20:00:00,99.9,265.8,30.6062434995529,0.57365481317324
2023-04-18 21:00:00,99.9,264.883333333333,334.242996019132,1.4018513601782
2023-04-18 22:00:00,99.9,264.716666666667,329.138820310308,1.58038511882764
2023-04-18 23:00:00,99.9,264.516666666667,66.8141620539459,0.930287245354863
2023-04-19 00:00:00,99.8666666666667,263.983333333333,297.868159121837,1.83061357020714
2023-04-19 01:00:00,99.8333333333333,264.016666666667,290.655641839387,2.34376134189153
2023-04-19 02:00:00,99.6666666666667,263.883333333333,311.060810335935,3.10980486141905
2023-04-19 03:00:00,99.0833333333333,263.383333333333,31.9364341946393,1.17900288937367
2023-04-19 04:00:00,98.4833333333334,263.066666666667,133.430311438165,2.80138555090365
2023-04-19 05:00:00,97.75,262.816666666667,134.689550409283,2.89307077309204
2023-04-19 06:00:00,97.4833333333333,262.733333333333,138.60215338895,2.42954832250492
2023-04-19 07:00:00,98.5333333333333,263.95,80.7086940266371,1.34491308449791
2023-04-19 08:00:00,97.1,263.366666666667,329.962549804529,4.04349683302542
2023-04-19 09:00:00,97.75,263.566666666667,305.150033784893,3.40217696501703
2023-04-19 10:00:00,98.7,264.5,343.369335716427,1.82407997227665
2023-04-19 11:00:00,99.6833333333333,266.15,0.206194443055779,0.715232161444089
2023-04-19 12:00:00,99.9,268.166666666667,107.926416318422,1.17463341471354
2023-04-19 13:00:00,99.9,267.55,114.133292510816,1.18015081343621
2023-04-19 14:00:00,99.9,267.55,117.064442614798,1.19050751720576
2023-04-19 15:00:00,99.9,266.966666666667,127.448728072831,1.42442008465356
2023-04-19 16:00:00,99.9,266.65,123.130881207953,1.58756238117105
2023-04-19 17:00:00,99.9,266.25,130.159450928934,1.6455099883211
2023-04-19 18:00:00,99.9,265.633333333333,133.92951153084,1.58271185041854
2023-04-19 19:00:00,99.9,265.466666666667,127.778663191002,0.699422353626986
2023-04-19 20:00:00,99.9,265.1,133.048979673513,0.837836003760867
2023-04-19 21:00:00,99.9,264.866666666667,142.325739279697,0.725252404186002
2023-04-19 22:00:00,99.9,264.733333333333,129.54713867817,0.739680703049928
2023-04-19 23:00:00,99.8833333333333,264.283333333333,115.500906112901,0.879036447718401
2023-04-20 00:00:00,99.8666666666667,264.216666666667,123.781188111493,0.806485981361202
2023-04-20 01:00:00,99.85,264.183333333333,132.622542050637,0.733004272855689
2023-04-20 02:00:00,99.5833333333333,263.683333333333,138.741032470106,0.928354064689526
2023-04-20 03:00:00,99.2666666666667,263.516666666667,144.708386647853,1.09544141866954
2023-04-20 04:00:00,99.1166666666667,263.45,154.114193154043,1.2394320476785
2023-04-20 05:00:00,98.6833333333333,263.233333333333,146.404450479111,1.54852649057136
2023-04-20 06:00:00,98.2166666666667,262.933333333333,147.659583145937,0.825181089308825
2023-04-20 07:00:00,98.4833333333333,263.333333333333,150.711396070074,1.10132107465184
2023-04-20 08:00:00,99.1,264.033333333333,155.918726126014,2.19221228441856
2023-04-20 09:00:00,99.5833333333333,264.65,148.567224588042,2.39806935382408
2023-04-20 10:00:00,99.85,265.433333333333,157.137321165194,1.76273750441255
2023-04-20 11:00:00,99.9,266.2,150.253701198055,1.51516055409713
2023-04-20 12:00:00,99.9,266.45,144.722112431272,1.6356448219022
2023-04-20 13:00:00,99.9,266.166666666667,152.651391432496,2.40275434206965
2023-04-20 14:00:00,99.9,266.15,144.899156337944,2.72651842292777
2023-04-20 15:00:00,99.9,266.066666666667,153.840390645168,3.34211429710722
2023-04-20 16:00:00,99.9,265.883333333333,149.676901626575,3.60747127887672
2023-04-20 17:00:00,99.9,265.783333333333,153.351692266659,3.12422942511275
2023-04-20 18:00:00,99.9,265.483333333333,155.486323613065,2.22935370933652
2023-04-20 19:00:00,99.9,265.233333333333,161.166437375652,2.69778587320523
2023-04-20 20:00:00,99.9,264.9,137.332629017337,3.69182335319508
2023-04-20 21:00:00,99.9,264.933333333333,132.135821551451,2.56861554716857
2023-04-20 22:00:00,99.9,265.166666666667,141.448531046372,3.82375157303599
2023-04-20 23:00:00,99.9,265.2,144.320716118526,3.74798405844253
2023-04-21 00:00:00,99.9,265.166666666667,152.783417651555,2.66986023504683
2023-04-21 01:00:00,99.9,265.25,152.15219217907,2.89323977302307
2023-04-21 02:00:00,99.9,265.116666666667,154.451243830051,3.51106332604724
2023-04-21 03:00:00,99.9,265.083333333333,157.763168049305,3.53952518764298
2023-04-21 04:00:00,99.9,264.783333333333,158.454569687495,2.39071864256309
2023-04-21 05:00:00,99.9,264.383333333333,157.06127231874,3.18462892903541
2023-04-21 06:00:00,99.8666666666667,264.533333333333,155.754962374149,2.6883389876269
2023-04-21 07:00:00,99.8833333333334,264.616666666667,152.056121402132,2.0664709192272
2023-04-21 08:00:00,99.9,265.266666666667,145.086146500802,1.67781101897933
2023-04-21 09:00:00,99.9,265.883333333333,145.505528162299,2.58894175699666
2023-04-21 10:00:00,99.9,266.45,141.586541571892,3.14224849931149
2023-04-21 11:00:00,99.9,268.166666666667,133.92932818732,1.98250828833102
2023-04-21 12:00:00,99.95,269.266666666667,124.590809348738,2.69045124916266
2023-04-21 13:00:00,99.9166666666667,268.383333333333,119.061390562544,1.9833111935749
2023-04-21 14:00:00,99.9666666666667,269.85,107.163882715835,1.64089754664695
2023-04-21 15:00:00,100.0,271.733333333333,96.9860680518595,0.476383736748977
2023-04-21 16:00:00,100.0,270.783333333333,99.2048642852576,0.75244895063807
2023-04-21 17:00:00,100.0,269.583333333333,91.1437889759096,0.458452618955026
2023-04-21 18:00:00,99.9833333333333,269.383333333333,97.5532089623894,0.748152111006541
2023-04-21 19:00:00,99.9,266.916666666667,109.566744929842,1.1264525891924
2023-04-21 20:00:00,99.9,265.65,111.522149836175,0.926779031918173
2023-04-21 21:00:00,99.9,265.2,118.219722915489,1.14812500112609
2023-04-21 22:00:00,99.9,265.033333333333,112.834554064436,1.26683023145405
2023-04-21 23:00:00,99.9,264.766666666667,116.860325189432,1.32148044547683
2023-04-22 00:00:00,99.9,264.45,124.636909210859,1.63615350652125
2023-04-22 01:00:00,99.9,264.5,132.033589015203,1.87400247532947
2023-04-22 02:00:00,99.9,264.7,125.333470811985,1.65178368669397
2023-04-22 03:00:00,99.9,264.7,99.8502788068208,1.40835513416553
2023-04-22 04:00:00,99.9,264.483333333333,126.562318509733,1.23868250386306
2023-04-22 05:00:00,99.9,264.516666666667,127.252990940547,1.25059726169958
2023-04-22 06:00:00,99.8666666666667,265.166666666667,128.461316047993,1.43313358354341
2023-04-22 07:00:00,99.9,265.766666666667,132.459367817041,1.57719600430424
2023-04-22 08:00:00,99.9,267.316666666667,118.776374803741,1.58720121199833
2023-04-22 09:00:00,99.9166666666667,268.85,104.697307136918,1.30371255321009
2023-04-22 10:00:00,99.9666666666667,271.183333333333,100.360297567151,0.705796020097628
2023-04-22 11:00:00,100.0,272.233333333333,94.3721473643924,1.29842785590467
2023-04-22 12:00:00,100.0,271.05,98.3180490949131,1.3388819816697
2023-04-22 13:00:00,100.0,271.083333333333,100.313271137955,1.44181508813897
2023-04-22 14:00:00,99.9833333333333,270.483333333333,313.848648257884,0.986513987662402
2023-04-22 15:00:00,99.9166666666667,269.233333333333,282.374305073337,1.84235685518601
2023-04-22 16:00:00,100.0,271.166666666667,56.049051159157,0.198550117865363
2023-04-22 17:00:00,100.0,271.516666666667,57.2382237917083,0.19054484475868
2023-04-22 18:00:00,100.0,271.2,103.957082736671,0.377523322321597
2023-04-22 19:00:00,100.0,270.116666666667,95.1707870141081,0.361567472754762
2023-04-22 20:00:00,100.0,268.683333333333,111.307254831157,0.465020821858759
2023-04-22 21:00:00,99.9833333333333,268.466666666667,119.932348806962,1.20543020011702
2023-04-22 22:00:00,99.9833333333333,268.483333333333,138.277126253138,1.70221896140398
2023-04-22 23:00:00,99.9166666666667,268.3,142.773045569625,1.90242771316533
2023-04-23 00:00:00,99.9,267.85,144.547540389345,2.03647327054555
2023-04-23 01:00:00,99.9,267.95,139.820612353371,1.98573170982252
2023-04-23 02:00:00,99.9,267.733333333333,130.968423746646,1.00264503653595
2023-04-23 03:00:00,99.9,268.033333333333,140.160510475059,1.27482342236994
2023-04-23 04:00:00,99.9,268.15,137.864549525394,1.24263260821914
2023-04-23 05:00:00,99.9,268.05,140.123804486842,1.44038642684253
2023-04-23 06:00:00,99.9,267.766666666667,137.494497140892,1.23679233096922
2023-04-23 07:00:00,99.9,267.95,122.942208018685,1.19934869437828
2023-04-23 08:00:00,99.9,268.066666666667,134.171251664813,1.32339789496708
2023-04-23 09:00:00,99.9666666666667,269.883333333333,125.241193479642,1.20834410422922
2023-04-23 10:00:00,100.0,271.783333333333,118.292748213491,0.871230373348456
2023-04-23 11:00:00,100.0,271.133333333333,106.978295667921,0.690031873763768
2023-04-23 12:00:00,100.0,271.0,120.497499723895,0.995651924139205
2023-04-23 13:00:00,100.0,272.15,107.379571610496,0.373999864794747
2023-04-23 14:00:00,100.0,271.166666666667,107.725427913235,1.10804959007236
2023-04-23 15:00:00,100.0,270.933333333333,118.679505485288,1.14981696593299
2023-04-23 16:00:00,100.0,270.583333333333,121.181374347297,1.38327620381639
2023-04-23 17:00:00,99.9833333333333,269.916666666667,129.213136130494,1.17713643397248
2023-04-23 18:00:00,100.0,269.316666666667,142.744905185237,1.32630217426865
2023-04-23 19:00:00,99.9666666666667,268.75,140.425017621198,1.31839100735589
2023-04-23 20:00:00,99.9,268.2,145.576422036341,1.40448997257207
2023-04-23 21:00:00,99.9,268.166666666667,144.534674310882,0.703651459491231
2023-04-23 22:00:00,99.9,268.066666666667,139.701403974687,0.870873001565646
2023-04-23 23:00:00,99.9,267.95,143.45788427308,1.402229881746
2023-04-24 00:00:00,99.9,267.9,151.212465653062,2.58643934947012
2023-04-24 01:00:00,99.9,267.983333333333,145.724423040441,1.05865634766441
2023-04-24 02:00:00,99.9,268.0,132.140393105132,0.608555396345337
2023-04-24 03:00:00,99.9,266.1,289.239544139328,2.80690110327964
2023-04-24 04:00:00,99.9,264.933333333333,19.9298657400864,1.01708913727627
2023-04-24 05:00:00,99.9,264.6,9.0742101626339,1.58553924839319
2023-04-24 06:00:00,99.9,264.566666666667,46.2148908921857,1.13215595166235
2023-04-24 07:00:00,99.9,264.75,40.6179228577944,1.41651764728436
2023-04-24 08:00:00,99.9,265.216666666667,117.441276338132,1.84566753952096
2023-04-24 09:00:00,99.9,265.133333333333,122.957438241213,3.47343439644365
2023-04-24 10:00:00,99.9,265.65,83.8229539084633,2.18717450031426
2023-04-24 11:00:00,99.9,265.483333333333,131.907621036733,4.01882630129254
2023-04-24 12:00:00,99.9,265.35,133.654337928763,3.67905801158826
2023-04-24 13:00:00,99.8833333333333,265.566666666667,128.88675341615,2.66983713012562
2023-04-24 14:00:00,99.9,265.533333333333,110.898722646848,2.29510984761532
2023-04-24 15:00:00,99.9,265.516666666667,132.51576562252,2.1247635145739
2023-04-24 16:00:00,99.9,265.333333333333,131.260724944096,2.15145462133763
2023-04-24 17:00:00,99.75,264.866666666667,135.664395728949,2.4662496772158
2023-04-24 18:00:00,99.15,263.633333333333,148.028928497067,2.7672860915995
2023-04-24 19:00:00,98.85,263.266666666667,127.747836174902,1.09468076372479
2023-04-24 20:00:00,98.05,262.8,154.679509502555,1.92021692603922
2023-04-24 21:00:00,96.65,262.0,162.842736910573,1.92599984252562
2023-04-24 22:00:00,95.75,261.55,167.276722548149,1.99711413384278
2023-04-24 23:00:00,95.8666666666667,261.633333333333,165.154641224077,2.71630585769437
2023-04-25 00:00:00,95.1666666666667,261.233333333333,165.193920155419,1.85207919004494
2023-04-25 01:00:00,95.6166666666667,261.55,164.095853290009,1.52693642449417
2023-04-25 02:00:00,95.6166666666667,261.65,162.075894678559,1.10563406902021
2023-04-25 03:00:00,94.7666666666667,261.133333333333,168.941086327802,1.78489877318141
2023-04-25 04:00:00,94.2833333333333,260.783333333333,171.368765719249,2.24741457627476
2023-04-25 05:00:00,94.0166666666667,260.666666666667,163.58639517247,1.79408663602061
2023-04-25 06:00:00,95.0833333333333,261.55,152.984567899045,2.05417369095981
2023-04-25 07:00:00,98.0666666666667,263.766666666667,164.088760950738,2.53034937272575
2023-04-25 08:00:00,97.1166666666667,263.466666666667,163.458357968728,2.9465384396576
2023-04-25 09:00:00,98.3166666666667,264.316666666667,154.121275536879,2.45380511341311
2023-04-25 10:00:00,99.3666666666667,266.166666666667,137.981726296236,1.66390834826389
2023-04-25 11:00:00,99.75,266.983333333333,137.456553577206,1.55298427621969
2023-04-25 12:00:00,99.8666666666667,267.116666666667,137.542257021793,1.68223522632888
2023-04-25 13:00:00,98.7833333333334,265.2,130.433111570934,1.98346560969048
2023-04-25 14:00:00,97.7833333333333,264.15,137.878631758717,2.9027177791307
2023-04-25 15:00:00,98.55,264.633333333333,135.283190586147,2.28247612774418
2023-04-25 16:00:00,97.6333333333333,263.8,150.411106741852,2.80491879909023
2023-04-25 17:00:00,97.1166666666667,263.366666666667,154.631822228567,2.61823694459172
2023-04-25 18:00:00,95.6333333333333,262.2,135.05903599576,1.83730776118962
2023-04-25 19:00:00,94.1833333333333,261.016666666667,161.670890174593,4.57781335655722
2023-04-25 20:00:00,93.8666666666667,260.7,141.686087051362,2.57714629411533
2023-04-25 21:00:00,94.0,260.816666666667,154.272855255449,2.50660433587574
2023-04-25 22:00:00,93.6666666666667,260.65,164.522090356337,3.74804964523993
2023-04-25 23:00:00,93.6333333333333,260.666666666667,164.79362119515,3.60873405667888
2023-04-26 00:00:00,93.35,260.516666666667,167.078250996533,2.76265623111006
2023-04-26 01:00:00,93.2833333333333,260.483333333333,146.047856438022,2.00789466566798
2023-04-26 02:00:00,92.9333333333333,260.233333333333,136.420454563463,1.93755565921426
2023-04-26 03:00:00,93.0333333333333,260.316666666667,156.002796767823,2.81165707479369
2023-04-26 04:00:00,92.9666666666667,260.333333333333,158.178889686848,2.57348887749246
2023-04-26 05:00:00,92.5666666666667,260.083333333333,161.367673137625,3.00705994138233
2023-04-26 06:00:00,92.3833333333333,259.933333333333,155.764374080468,2.16835742738029
2023-04-26 07:00:00,93.45,260.9,119.399400452046,1.17006422061304
2023-04-26 08:00:00,92.5333333333334,260.816666666667,126.790421009274,2.20615050118276
2023-04-26 09:00:00,94.25,262.15,129.014113608524,1.45344092345273
2023-04-26 10:00:00,98.0666666666667,265.316666666667,140.899338071716,1.42300080109531
2023-04-26 11:00:00,99.9,268.216666666667,138.250021734355,1.0212554120212
2023-04-26 12:00:00,99.9,267.616666666667,134.407733385042,0.855711852169943
2023-04-26 13:00:00,99.9,267.883333333333,329.493305168308,0.374379388249268
2023-04-26 14:00:00,99.8833333333333,267.433333333333,333.698548252245,2.15232301346186
2023-04-26 15:00:00,99.7166666666667,267.133333333333,327.455075363869,1.54615104675675
2023-04-26 16:00:00,99.6,266.55,342.421334282158,1.47914356241434
2023-04-26 17:00:00,98.5833333333333,265.383333333333,319.276771384923,1.75840966649681
2023-04-26 18:00:00,95.0833333333333,263.716666666667,298.489907429768,2.40725316899672
2023-04-26 19:00:00,91.5666666666667,262.45,300.579397726009,2.61007908613881
2023-04-26 20:00:00,92.85,261.933333333333,302.851536349477,1.45736679264423
2023-04-26 21:00:00,93.95,262.05,325.489134639714,0.986932580629587
2023-04-26 22:00:00,94.9333333333333,262.5,338.221532642928,1.36897474920726
2023-04-26 23:00:00,96.9333333333334,263.3,112.358880201951,1.48112633412219
2023-04-27 00:00:00,98.55,263.7,341.952856713091,2.17030334371238
2023-04-27 01:00:00,99.4666666666667,264.166666666667,132.188391829307,2.84891296250189
2023-04-27 02:00:00,99.65,264.233333333333,358.430961227565,3.77978200898747
2023-04-27 03:00:00,99.75,264.283333333333,62.1859540553805,1.1009528055389
2023-04-27 04:00:00,99.8666666666667,264.616666666667,143.8630851526,3.94033955384947
2023-04-27 05:00:00,99.8166666666667,264.516666666667,144.228258232974,4.48424478375003
2023-04-27 06:00:00,99.8666666666667,264.816666666667,141.09227289918,3.00167564459482
2023-04-27 07:00:00,99.9,264.983333333333,138.146266193684,3.42269039457853
2023-04-27 08:00:00,99.9,265.333333333333,129.309117952022,2.83419966384879
2023-04-27 09:00:00,99.9,266.4,132.567208786368,2.31725153321262
2023-04-27 10:00:00,99.9,267.766666666667,135.092377259822,1.94951306579511
2023-04-27 11:00:00,99.9,269.05,125.629762299579,1.20672238329858
2023-04-27 12:00:00,99.9666666666667,270.85,85.9528726382753,0.430750122523947
2023-04-27 13:00:00,100.0,271.866666666667,313.410805883869,1.0942687978185
2023-04-27 14:00:00,100.0,271.416666666667,291.913461694506,1.27067982128022
2023-04-27 15:00:00,99.9833333333333,270.7,285.652064323981,1.35625436064432
2023-04-27 16:00:00,99.9166666666667,269.95,285.805469459699,1.26943781705154
2023-04-27 17:00:00,99.9166666666667,268.9,283.433228405672,1.91109769101287
2023-04-27 18:00:00,99.9,268.633333333333,282.660091527532,2.16112069528321
2023-04-27 19:00:00,99.9,267.633333333333,283.76398501873,1.13106919823919
2023-04-27 20:00:00,99.9,266.316666666667,282.141852812467,1.58629053640754
2023-04-27 21:00:00,99.9,265.833333333333,286.822423252289,2.40153025109155
2023-04-27 22:00:00,99.9,265.716666666667,300.818761833111,2.38561766319537
2023-04-27 23:00:00,99.9,265.766666666667,53.6084619483678,0.364870121752857
2023-04-28 00:00:00,99.9,265.866666666667,124.264560791135,2.43828489626368
2023-04-28 01:00:00,99.9,265.733333333333,132.37928422425,2.26752155264811
2023-04-28 02:00:00,99.9,265.716666666667,129.042769463034,1.8487244877083
2023-04-28 03:00:00,99.9,266.066666666667,127.772777362472,1.31732048380867
2023-04-28 04:00:00,99.9,266.316666666667,130.591218853211,1.28495891966863
2023-04-28 05:00:00,99.9,266.6,133.25864511803,1.29488239445974
2023-04-28 06:00:00,99.9,267.0,130.580596837954,1.70113540850205
2023-04-28 07:00:00,99.9,268.1,143.037677437725,2.59477493576654
2023-04-28 08:00:00,99.9333333333333,269.116666666667,143.680483751888,2.20844824695783
2023-04-28 09:00:00,100.0,270.2,143.269074554237,2.8605092143458
2023-04-28 10:00:00,100.0,270.966666666667,135.060187105715,2.63197064863738
2023-04-28 11:00:00,100.0,272.016666666667,116.877520503605,2.35653316213867
2023-04-28 12:00:00,100.0,272.433333333333,113.320640977992,2.39272532483985
2023-04-28 13:00:00,100.0,272.583333333333,128.95415131185,2.86424598197723
2023-04-28 14:00:00,100.0,272.333333333333,134.778298550682,3.97684517193433
2023-04-28 15:00:00,100.0,272.066666666667,142.891034214895,1.72817127811219
2023-04-28 16:00:00,100.0,272.25,98.2058107856207,2.54036571802489
2023-04-28 17:00:00,100.0,271.633333333333,118.877586925127,3.76958309360704
2023-04-28 18:00:00,100.0,271.016666666667,127.79243309213,3.3094672124195
2023-04-28 19:00:00,100.0,270.566666666667,119.80713259453,3.61736907396286
2023-04-28 20:00:00,100.0,270.35,104.988403806895,2.72343111113089
2023-04-28 21:00:00,100.0,270.233333333333,111.328115512851,2.5945712596866
2023-04-28 22:00:00,100.0,270.4,120.88151816814,4.28139230757184
2023-04-28 23:00:00,100.0,270.183333333333,115.609008674739,3.98671768591067
2023-04-29 00:00:00,100.0,269.7,102.475772375791,3.68506198697164
2023-04-29 01:00:00,100.0,269.716666666667,110.503276110408,2.8385714172946
2023-04-29 02:00:00,100.0,269.683333333333,120.486447640035,2.76479242469152
2023-04-29 03:00:00,100.0,269.433333333333,100.386590598594,2.2321401354435
2023-04-29 04:00:00,100.0,269.266666666667,105.750101348687,2.26733849099536
2023-04-29 05:00:00,100.0,268.616666666667,120.417485442973,2.8804386068846
2023-04-29 06:00:00,100.0,268.616666666667,110.299397450808,2.55781857382509
2023-04-29 07:00:00,100.0,269.133333333333,107.051791300986,2.65435235205254
2023-04-29 08:00:00,100.0,270.1,86.7242762480609,2.16419369716316
2023-04-29 09:00:00,100.0,271.65,84.3496297799292,2.04492917515936
2023-04-29 10:00:00,100.0,272.783333333333,24.9200819950003,0.545101726107622
2023-04-29 11:00:00,100.0,273.016666666667,,0.0
2023-04-29 12:00:00,100.0,273.15,81.3468709148408,1.06744224041371
2023-04-29 13:00:00,100.0,273.216666666667,89.92977920973,1.17853495083999
2023-04-29 14:00:00,100.0,273.25,86.1773601895219,1.16417415607437
2023-04-29 15:00:00,100.0,273.216666666667,78.5095084977105,1.57541111122757
2023-04-29 16:00:00,100.0,271.866666666667,91.8997276309429,1.67858176335519
2023-04-29 17:00:00,100.0,270.583333333333,86.5544477224649,1.34716749118674
2023-04-29 18:00:00,100.0,270.083333333333,57.4926456119564,1.37705149376214
2023-04-29 19:00:00,100.0,269.483333333333,95.1753128396736,2.43539433269423
2023-04-29 20:00:00,100.0,269.116666666667,74.1949266899543,1.88497449532408
2023-04-29 21:00:00,100.0,269.216666666667,94.5513291810452,1.42353796158497
2023-04-29 22:00:00,100.0,269.233333333333,83.1892311451798,1.24015641309957
2023-04-29 23:00:00,100.0,269.2,40.6718706638104,0.280916754755159
2023-04-30 00:00:00,100.0,268.616666666667,0.900183915875232,0.163208436771173
2023-04-30 01:00:00,100.0,268.383333333333,101.452464324214,0.855726380138545
2023-04-30 02:00:00,99.9833333333333,267.85,111.714266424274,1.39729882524166
2023-04-30 03:00:00,99.9,267.216666666667,119.842638662269,1.6821911709492
2023-04-30 04:00:00,99.9,267.033333333333,147.994956439762,2.02976371584996
2023-04-30 05:00:00,99.9,267.083333333333,143.581107788529,1.82865415864016
2023-04-30 06:00:00,99.95,268.6,132.623766375441,1.55713674715536
2023-04-30 07:00:00,100.0,270.866666666667,109.375599025267,1.06107217305699
2023-04-30 08:00:00,100.0,270.05,108.311567084927,1.54616504948867
2023-04-30 09:00:00,100.0,272.233333333333,105.0318534504,1.19422293639179
2023-04-30 10:00:00,100.0,273.15,101.514898110389,1.21105766822883
2023-04-30 11:00:00,100.0,273.2,112.278383019141,0.641676891417972
2023-04-30 12:00:00,100.0,273.433333333333,104.100274306331,0.542866189032293
2023-04-30 13:00:00,100.0,273.316666666667,110.060987051177,0.728753402159321
2023-04-30 14:00:00,100.0,272.816666666667,114.358503953796,1.15560910072665
2023-04-30 15:00:00,100.0,271.95,165.449110608986,0.874945234655431
2023-04-30 16:00:00,100.0,270.783333333333,217.640698334799,0.673281269121443
2023-04-30 17:00:00,100.0,270.75,176.654359372744,0.441215670510515
2023-04-30 18:00:00,100.0,270.333333333333,196.600198265411,0.599059414154462
2023-04-30 19:00:00,100.0,269.616666666667,168.856147266163,1.63162198588057
2023-04-30 20:00:00,100.0,269.166666666667,144.985599058218,2.75433061243707
2023-04-30 21:00:00,100.0,269.266666666667,137.01894743737,2.63957415840347
2023-04-30 22:00:00,100.0,269.216666666667,140.797307420772,2.42299253093445
2023-04-30 23:00:00,100.0,269.166666666667,140.017120049928,1.64679374675169
2023-05-01 00:00:00,100.0,268.816666666667,139.401842034046,2.11254388540577
2023-05-01 01:00:00,100.0,268.9,140.911825657689,1.84167115776846
2023-05-01 02:00:00,100.0,268.65,139.590607422624,1.90402493325662
2023-05-01 03:00:00,100.0,268.566666666667,135.999226247868,1.50775568564037
2023-05-01 04:00:00,100.0,268.416666666667,141.624199796258,1.13919077769366
2023-05-01 05:00:00,100.0,268.083333333333,138.343431519902,1.63435643472472
2023-05-01 06:00:00,99.95,267.75,144.752270677745,2.26920825503335
2023-05-01 07:00:00,99.9833333333333,268.033333333333,142.493119960501,1.02725713826488
2023-05-01 08:00:00,100.0,268.716666666667,136.16210061869,1.41488607695449
2023-05-01 09:00:00,100.0,269.233333333333,131.740486956647,1.37969755465771
2023-05-01 10:00:00,100.0,270.283333333333,131.028161932021,1.76299246663669
2023-05-01 11:00:00,100.0,271.4,134.32242400447,1.84466998317539
2023-05-01 12:00:00,100.0,270.083333333333,137.581276642994,3.43153300498461
2023-05-01 13:00:00,100.0,270.15,137.630161655356,3.17574115707624
2023-05-01 14:00:00,100.0,269.533333333333,140.930004943297,5.41565933569471
2023-05-01 15:00:00,100.0,268.7,142.286731762323,5.92859113182137
2023-05-01 16:00:00,100.0,268.666666666667,138.355770284728,4.14808979763256
2023-05-01 17:00:00,100.0,269.166666666667,137.313738107984,1.79914398403417
2023-05-01 18:00:00,100.0,268.883333333333,140.161460879361,2.40468105052598
2023-05-01 19:00:00,100.0,268.183333333333,143.579709682138,2.33845544687521
2023-05-01 20:00:00,99.95,267.75,148.495981315151,1.9442332991172
2023-05-01 21:00:00,99.9,267.583333333333,144.205014499789,1.62368246959875
2023-05-01 22:00:00,99.9,267.416666666667,256.605667733995,1.23205866730422
2023-05-01 23:00:00,99.9,267.05,273.152810817491,2.57301403340352
2023-05-02 00:00:00,99.9,266.816666666667,274.582771367018,3.17851253073484
2023-05-02 01:00:00,99.9,266.516666666667,277.980636719053,3.16517845902426
2023-05-02 02:00:00,99.9,266.233333333333,275.378858477021,4.03137654957604
2023-05-02 03:00:00,99.9,266.0,277.55716252203,3.96634731013301
2023-05-02 04:00:00,99.9,265.95,292.713924339867,2.8909587897988
2023-05-02 05:00:00,99.9,265.916666666667,303.240532311297,2.73346393203986
2023-05-02 06:00:00,99.9,265.866666666667,300.312124469425,1.95041427280679
2023-05-02 07:00:00,99.9,266.283333333333,288.45249026826,1.6758609511079
2023-05-02 08:00:00,99.9,266.866666666667,280.913990286021,1.99987240743621
2023-05-02 09:00:00,99.9333333333333,268.283333333333,286.973660456312,1.94748417132374
2023-05-02 10:00:00,99.9833333333333,268.65,290.077301682366,1.62499417968553
2023-05-02 11:00:00,99.9166666666667,268.7,304.588546355298,2.74074317269018
2023-05-02 12:00:00,99.9,268.416666666667,318.901445919884,2.77308541829281
2023-05-02 13:00:00,99.9,268.333333333333,323.525843652063,2.54306196039737
2023-05-02 14:00:00,99.95,269.366666666667,333.543929538913,1.90026942390964
2023-05-02 15:00:00,99.9166666666667,268.333333333333,316.788693149598,3.66883244429474
2023-05-02 16:00:00,99.9,268.066666666667,312.596396342268,3.45637594325362
2023-05-02 17:00:00,99.9,267.733333333333,310.953867716739,2.81771887440682
2023-05-02 18:00:00,99.9,267.533333333333,313.787136570151,2.69159079444145
2023-05-02 19:00:00,99.9,267.133333333333,342.227594287781,2.58060233628271
2023-05-02 20:00:00,99.9,266.383333333333,329.264017055499,1.8287947483869
2023-05-02 21:00:00,99.9,266.066666666667,302.898138152485,2.97795680395359
2023-05-02 22:00:00,99.9,265.866666666667,293.057310121438,2.8725899811108
2023-05-02 23:00:00,99.9,265.55,301.459707496716,2.50886068815067
2023-05-03 00:00:00,99.9,265.45,288.267457481814,2.00006802051741
2023-05-03 01:00:00,99.9,264.933333333333,274.190828353908,1.85456582100502
2023-05-03 02:00:00,99.9,264.683333333333,276.632409149338,1.60331124766413
2023-05-03 03:00:00,99.9,264.283333333333,264.772023985426,1.44264650374839
2023-05-03 04:00:00,99.9,264.183333333333,264.90151217934,1.72290187994569
2023-05-03 05:00:00,99.9,264.166666666667,263.657660379976,1.55193707400064
2023-05-03 06:00:00,99.8833333333333,265.016666666667,258.657130075081,1.57064804344287
2023-05-03 07:00:00,99.9,266.683333333333,256.669516464091,1.67859041434673
2023-05-03 08:00:00,99.9,266.766666666667,253.284981655681,2.43428147526452
2023-05-03 09:00:00,99.9,266.666666666667,242.017432686787,4.76159245207426
2023-05-03 10:00:00,99.9,267.583333333333,238.287418316968,3.85732909202048
2023-05-03 11:00:00,99.95,269.616666666667,210.825958044322,2.36335814475349
2023-05-03 12:00:00,100.0,272.733333333333,150.024012749314,1.87126364851474
2023-05-03 13:00:00,100.0,273.3,119.162893306044,1.01839804824501
2023-05-03 14:00:00,100.0,273.416666666667,228.813288786427,0.230406546014479
2023-05-03 15:00:00,100.0,273.366666666667,153.776058988104,0.325833374929123
2023-05-03 16:00:00,100.0,271.6,61.143343130841,0.582855873499079
2023-05-03 17:00:00,100.0,271.133333333333,87.6959920555618,1.01022837468234
2023-05-03 18:00:00,100.0,269.766666666667,339.866543220345,0.783249106323139
2023-05-03 19:00:00,99.9333333333333,267.933333333333,318.771898466687,1.93958366665067
2023-05-03 20:00:00,100.0,268.1,89.2240046915025,1.75796976313505
2023-05-03 21:00:00,99.9166666666667,267.433333333333,86.5351919367222,1.9777407869786
2023-05-03 22:00:00,97.2833333333334,265.983333333333,334.735739113611,2.74011290141507
2023-05-03 23:00:00,62.6833333333333,266.766666666667,285.468665005669,4.30555659329188
2023-05-04 00:00:00,38.0,268.5,286.327291297033,4.10095498215682
2023-05-04 01:00:00,34.35,269.4,290.427058234193,3.09281078440693
2023-05-04 02:00:00,32.2,269.266666666667,315.537357381003,3.55167181169361
2023-05-04 03:00:00,33.8666666666667,269.566666666667,308.361629907558,4.25493175371514
2023-05-04 04:00:00,36.3333333333333,269.616666666667,313.274538743622,4.47384032596248
2023-05-04 05:00:00,33.6333333333333,269.8,320.181284820746,4.76759272107485
2023-05-04 06:00:00,31.3,270.416666666667,297.236436381631,5.63867368631991
2023-05-04 07:00:00,29.6166666666667,270.716666666667,295.966151674115,5.59997346191532
2023-05-04 08:00:00,28.5333333333333,270.683333333333,313.720051418077,5.2218736779931
2023-05-04 09:00:00,29.85,270.683333333333,331.650649901873,4.37600849607825
2023-05-04 10:00:00,28.2166666666667,271.3,317.367825522303,3.83856631829439
2023-05-04 11:00:00,26.6833333333333,271.566666666667,290.014178406266,3.04825450847093
2023-05-04 12:00:00,27.1,272.3,269.186560513569,1.5377793519489
2023-05-04 13:00:00,27.4333333333333,274.933333333333,274.950549795158,0.37347585525684
2023-05-04 14:00:00,39.25,273.316666666667,322.175365367372,1.34475724224798
2023-05-04 15:00:00,39.7333333333333,273.966666666667,332.685903854187,0.97322699292059
2023-05-04 16:00:00,39.1833333333333,273.916666666667,346.159956558474,0.391147515212016
2023-05-04 17:00:00,39.8666666666667,274.05,19.9129828756965,0.625901613390034
2023-05-04 18:00:00,49.9333333333333,273.85,68.9130233830439,1.29467054333791
2023-05-04 19:00:00,53.95,272.8,69.0032667152652,1.23824393932651
2023-05-04 20:00:00,57.3666666666667,271.783333333333,38.0344738717292,0.978053260320774
2023-05-04 21:00:00,62.8166666666667,271.1,95.7033205118215,1.46125362075029
2023-05-04 22:00:00,68.55,270.416666666667,113.660899371704,2.16935381534432
2023-05-04 23:00:00,69.45,270.183333333333,106.108064310333,1.66327498807607
2023-05-05 00:00:00,62.15,270.1,110.336025032133,2.48577433904139
2023-05-05 01:00:00,69.4833333333333,269.7,116.820011356382,2.72384148458901
2023-05-05 02:00:00,78.0333333333333,269.35,116.524213353288,2.0611488360547
2023-05-05 03:00:00,88.0833333333334,269.066666666667,108.281659930817,2.75580274068124
2023-05-05 04:00:00,91.5833333333333,269.183333333333,50.2060521215908,1.56151161052666
2023-05-05 05:00:00,96.2,269.433333333333,39.6781082795832,1.81094698658824
2023-05-05 06:00:00,95.4833333333334,270.05,61.4323527254899,1.44471397244492
2023-05-05 07:00:00,84.0666666666667,271.383333333333,24.614067050957,1.10899562639619
2023-05-05 08:00:00,86.0666666666667,271.133333333333,354.916494797043,1.55898089381683
2023-05-05 09:00:00,91.15,270.833333333333,286.3940357889,1.37554083640019
2023-05-05 10:00:00,81.1333333333334,272.716666666667,211.94669672176,0.533975116110969
2023-05-05 11:00:00,64.05,275.85,102.535845861402,1.24706543362955
2023-05-05 12:00:00,65.4833333333333,274.9,109.37657606632,1.93845368236115
2023-05-05 13:00:00,59.6666666666667,275.983333333333,110.005032810143,1.37974148740095
2023-05-05 14:00:00,64.4,275.5,112.768357363913,2.26612469656859
2023-05-05 15:00:00,58.65,277.1,106.143969368726,1.18758323771244
2023-05-05 16:00:00,63.7,276.233333333333,104.647076345851,1.24893948214951
2023-05-05 17:00:00,67.8333333333333,275.75,109.069286385323,1.38975683485867
2023-05-05 18:00:00,74.4666666666667,274.616666666667,111.093409445565,1.27753259952243
2023-05-05 19:00:00,92.0,273.316666666667,116.491458205337,1.39280248826957
2023-05-05 20:00:00,97.7333333333333,272.583333333333,123.070887050227,2.04690788706016
2023-05-05 21:00:00,94.2,272.5,116.358194650961,1.71400785278175
2023-05-05 22:00:00,99.9833333333333,271.333333333333,53.0806419862325,0.918665104613317
2023-05-05 23:00:00,100.0,271.116666666667,116.092748889476,2.69269580246222
2023-05-06 00:00:00,100.0,270.683333333333,114.254070173397,1.45127863158299
2023-05-06 01:00:00,100.0,270.8,117.043949318779,1.73156018941139
2023-05-06 02:00:00,100.0,270.75,125.821954123426,1.68963469704785
2023-05-06 03:00:00,100.0,270.216666666667,91.2383786065402,1.05621695419279
2023-05-06 04:00:00,100.0,270.166666666667,115.606918846349,1.59551608163267
2023-05-06 05:00:00,100.0,270.266666666667,127.392319317412,2.19005347577109
2023-05-06 06:00:00,100.0,270.216666666667,121.547202079992,1.56334379871785
2023-05-06 07:00:00,100.0,270.666666666667,122.103585019821,1.23237702412474
2023-05-06 08:00:00,100.0,271.5,117.542676528447,1.52708690052679
2023-05-06 09:00:00,99.9833333333333,271.966666666667,118.239127837669,1.57805507683398
2023-05-06 10:00:00,81.35,274.333333333333,122.783686217012,1.56820362898905
2023-05-06 11:00:00,75.3166666666667,275.066666666667,114.663717241697,1.62508489015867
2023-05-06 12:00:00,77.15,275.25,120.932873147787,1.6442098797701
2023-05-06 13:00:00,74.6,276.05,109.446007666404,1.20565401930416
2023-05-06 14:00:00,80.55,274.916666666667,118.076202213961,1.47999001434128
2023-05-06 15:00:00,76.05,275.2,115.764156398012,1.02035129141749
2023-05-06 16:00:00,81.95,274.15,100.758878515409,1.21565143714844
2023-05-06 17:00:00,84.0166666666667,273.95,96.5534635436476,0.899863298236282
2023-05-06 18:00:00,79.9666666666667,273.65,110.084028999804,1.56585348334771
2023-05-06 19:00:00,83.05,272.65,82.7556547170751,0.684482726512177
2023-05-06 20:00:00,86.1833333333333,272.166666666667,107.522987409503,1.4422666132355
2023-05-06 21:00:00,90.9666666666667,271.633333333333,30.5483664282536,0.632808414556073
2023-05-06 22:00:00,94.95,271.683333333333,105.264909366689,0.840589200053408
2023-05-06 23:00:00,99.5833333333333,271.283333333333,94.4453265279475,0.635767535561996
2023-05-07 00:00:00,99.6666666666667,271.016666666667,71.3040234087704,0.443155806661129
2023-05-07 01:00:00,99.95,271.05,108.906530916096,0.881820492862398
2023-05-07 02:00:00,99.9833333333333,270.7,111.1718425625,1.33395497641252
2023-05-07 03:00:00,91.3666666666667,270.666666666667,110.986254055377,1.5323922884299
2023-05-07 04:00:00,76.0666666666667,271.066666666667,114.025641171268,1.48354822968832
2023-05-07 05:00:00,74.7,270.766666666667,81.5244081900825,1.29793239614367
2023-05-07 06:00:00,74.85,270.666666666667,103.748040593554,1.04790529170787
2023-05-07 07:00:00,68.7166666666667,271.016666666667,103.997662096341,1.74294709589068
2023-05-07 08:00:00,60.7833333333333,272.566666666667,101.013653861636,1.02324475572371
2023-05-07 09:00:00,57.6166666666667,273.916666666667,88.9753655987909,0.658148579911494
2023-05-07 10:00:00,54.8166666666667,274.133333333333,331.229930387966,0.528041011585943
2023-05-07 11:00:00,50.65,276.933333333333,105.348581687935,0.627396368058631
2023-05-07 12:00:00,58.9833333333333,276.35,116.226940413103,0.787967108255828
2023-05-07 13:00:00,64.3166666666667,275.333333333333,123.427069324086,0.84872982706535
2023-05-07 14:00:00,61.3833333333333,276.066666666667,118.385165578084,1.28237237606355
2023-05-07 15:00:00,57.65,276.25,113.044129702364,0.911185178796103
2023-05-07 16:00:00,60.2833333333333,275.3,87.6071576889351,0.269786706818583
2023-05-07 17:00:00,56.4333333333333,275.933333333333,113.243037364346,0.349310209199122
2023-05-07 18:00:00,64.05,275.216666666667,113.39536134156,0.448530127847898
2023-05-07 19:00:00,82.2,273.433333333333,110.473471415784,0.712267240044055
2023-05-07 20:00:00,99.1166666666667,272.216666666667,119.381367478011,0.726090919635792
2023-05-07 21:00:00,99.9666666666667,271.616666666667,128.831025973045,1.37611262239519
2023-05-07 22:00:00,100.0,271.583333333333,132.902992312581,1.63703172599306
2023-05-07 23:00:00,100.0,271.366666666667,122.440967293798,0.981678140867617
2023-05-08 00:00:00,100.0,271.166666666667,131.788442986289,1.37208753976562
2023-05-08 01:00:00,100.0,271.066666666667,129.991900283896,1.3407703038626
2023-05-08 02:00:00,100.0,271.066666666667,314.437872105089,0.656026401167308
2023-05-08 03:00:00,100.0,270.95,281.701064158528,1.61129559479171
2023-05-08 04:00:00,100.0,270.866666666667,262.495318574629,1.02162777153952
2023-05-08 05:00:00,100.0,270.566666666667,269.020616152736,2.07697116403934
2023-05-08 06:00:00,100.0,270.433333333333,293.689062753312,2.45809627043018
2023-05-08 07:00:00,100.0,270.466666666667,273.263869590583,2.14451175022085
2023-05-08 08:00:00,100.0,270.95,248.531350070981,1.5944654191339
2023-05-08 09:00:00,100.0,271.316666666667,250.644369855221,1.50740590910229
2023-05-08 10:00:00,100.0,272.8,198.300540417038,1.24434385452592
2023-05-08 11:00:00,100.0,273.283333333333,155.182547240863,0.770708827490847
2023-05-08 12:00:00,99.95,273.633333333333,163.616516640728,0.596826164228786
2023-05-08 13:00:00,99.9,275.983333333333,131.724149809731,0.301531465582541
2023-05-08 14:00:00,99.9333333333333,275.183333333333,108.196219062696,0.519025148215837
2023-05-08 15:00:00,99.9666666666667,273.5,262.595913711001,0.547650227309426
2023-05-08 16:00:00,100.0,271.6,268.528856678442,1.52312041704711
2023-05-08 17:00:00,100.0,272.166666666667,270.762907912853,1.11392484671794
2023-05-08 18:00:00,100.0,271.616666666667,267.615158526498,1.10907169777803
2023-05-08 19:00:00,100.0,271.183333333333,288.570465655586,2.05285253845008
2023-05-08 20:00:00,100.0,270.95,301.785618586774,2.32445410945339
2023-05-08 21:00:00,100.0,271.15,45.1138630127759,0.634447655497772
2023-05-08 22:00:00,100.0,270.733333333333,359.545260566766,1.38455194899554
2023-05-08 23:00:00,100.0,270.783333333333,33.0196614644782,0.457380575407767
2023-05-09 00:00:00,100.0,270.333333333333,349.482028325817,2.23613228717761
2023-05-09 01:00:00,100.0,269.983333333333,47.4553590774739,0.808950006162263
2023-05-09 02:00:00,100.0,269.8,117.913411708606,1.30786500689786
2023-05-09 03:00:00,100.0,269.633333333333,126.370698398431,2.13074847132918
2023-05-09 04:00:00,100.0,269.7,116.677738132972,1.58247227097478
2023-05-09 05:00:00,100.0,269.316666666667,5.82206883114446,0.814216379119325
2023-05-09 06:00:00,100.0,269.05,344.673849741051,1.46772285328354
2023-05-09 07:00:00,100.0,269.783333333333,46.181852450222,0.833851142474694
2023-05-09 08:00:00,98.3333333333333,270.933333333333,111.905898122942,1.63081352721626
2023-05-09 09:00:00,100.0,272.6,111.958891473216,1.21747108201394
2023-05-09 10:00:00,100.0,271.933333333333,78.2888517791129,1.21988440524815
2023-05-09 11:00:00,100.0,273.266666666667,103.70372826545,0.679613511638133
2023-05-09 12:00:00,99.9833333333333,273.633333333333,105.975335301487,1.22903160190213
2023-05-09 13:00:00,99.9666666666667,273.966666666667,110.19439432223,1.11572813398685
2023-05-09 14:00:00,99.9,274.066666666667,107.837239006879,1.26652704454053
2023-05-09 15:00:00,99.7333333333333,273.883333333333,104.283645715387,1.16658313285878
2023-05-09 16:00:00,89.5666666666667,273.783333333333,104.502177543764,1.19318380163985
2023-05-09 17:00:00,92.3666666666667,273.433333333333,120.189970413857,1.40909344309089
2023-05-09 18:00:00,99.8666666666667,272.55,121.471219682765,2.19798176587757
2023-05-09 19:00:00,100.0,271.566666666667,137.396136841996,3.35672626628085
2023-05-09 20:00:00,100.0,271.333333333333,141.114691583394,3.12257835547306
2023-05-09 21:00:00,100.0,271.133333333333,138.854995611476,3.72673925079483
2023-05-09 22:00:00,100.0,270.933333333333,132.715351226876,2.19537760786222
2023-05-09 23:00:00,100.0,270.7,131.790709338128,2.05353877143738
2023-05-10 00:00:00,100.0,270.416666666667,139.468426139493,2.14174771606508
2023-05-10 01:00:00,100.0,270.216666666667,139.340728771744,1.9864498257962
2023-05-10 02:00:00,100.0,270.016666666667,138.928593141229,2.13211445895195
2023-05-10 03:00:00,100.0,270.033333333333,131.533159557244,1.26599747640283
2023-05-10 04:00:00,100.0,269.916666666667,291.577211652275,0.425879535898597
2023-05-10 05:00:00,100.0,269.466666666667,303.392031665437,2.16912323794852
2023-05-10 06:00:00,100.0,268.916666666667,334.417620548752,1.97113610827646
2023-05-10 07:00:00,100.0,268.55,6.8009605521429,1.97635131149905
2023-05-10 08:00:00,100.0,268.666666666667,96.1882645163132,1.0365791056818
2023-05-10 09:00:00,99.9333333333333,268.3,357.068194727781,0.788971322538373
2023-05-10 10:00:00,99.9833333333333,268.933333333333,10.7341084184793,1.20989481523958
2023-05-10 11:00:00,100.0,268.95,329.899054092774,1.37375567495169
2023-05-10 12:00:00,99.9166666666667,268.033333333333,305.438348843481,2.80076898012084
2023-05-10 13:00:00,99.9833333333333,269.033333333333,274.61142871209,2.25083712918013
2023-05-10 14:00:00,100.0,269.0,277.581075154292,2.85577864747494
2023-05-10 15:00:00,100.0,269.033333333333,285.823849904312,4.77644847951554
2023-05-10 16:00:00,100.0,269.25,281.757402990134,3.6955857124101
2023-05-10 17:00:00,100.0,268.266666666667,281.484762559382,3.96634126968012
2023-05-10 18:00:00,99.9166666666667,267.7,274.672943066192,3.67123008747562
2023-05-10 19:00:00,99.9,267.116666666667,282.503526141648,3.31048670377404
2023-05-10 20:00:00,99.9,266.466666666667,312.199783388508,1.65306303164465
2023-05-10 21:00:00,99.9,266.15,325.736689802969,1.8688721071193
2023-05-10 22:00:00,99.9,265.666666666667,331.071068072632,1.4929413442684
2023-05-10 23:00:00,99.9,265.25,286.088808679409,2.96744889683459
2023-05-11 00:00:00,99.9,265.133333333333,294.233717709119,2.91558803774662
2023-05-11 01:00:00,99.9,265.216666666667,302.687842970663,2.60042055522553
2023-05-11 02:00:00,99.9,265.35,310.46868462432,2.73209955325118
2023-05-11 03:00:00,99.9,265.333333333333,320.978578637424,2.18361990478561
2023-05-11 04:00:00,99.9,265.25,311.943822354227,2.52679842732744
2023-05-11 05:00:00,99.9,265.25,310.965970755145,2.44114148202279
2023-05-11 06:00:00,99.9,265.283333333333,316.610002659919,1.8593779344733
2023-05-11 07:00:00,99.9,265.666666666667,313.360454490927,1.5941517554352
2023-05-11 08:00:00,99.9,266.283333333333,291.009858785396,2.24648469977652
2023-05-11 09:00:00,99.9,267.216666666667,283.25158374017,2.26166725452272
2023-05-11 10:00:00,99.95,268.383333333333,278.043662806464,2.06104183152674
2023-05-11 11:00:00,100.0,269.916666666667,280.694279735294,1.74392078870784
2023-05-11 12:00:00,100.0,270.95,284.543106764428,1.54644575969884
2023-05-11 13:00:00,100.0,272.05,281.274069238414,1.14146876159794
2023-05-11 14:00:00,100.0,272.05,277.563884682408,1.98745485628806
2023-05-11 15:00:00,100.0,271.7,272.149460146964,2.33390424352135
2023-05-11 16:00:00,100.0,270.383333333333,266.775246348655,2.13746233521567
2023-05-11 17:00:00,100.0,269.05,263.91907876359,2.24535752233193
2023-05-11 18:00:00,100.0,268.116666666667,274.766890235091,2.01648145658516
2023-05-11 19:00:00,99.9166666666667,267.383333333333,266.788121091915,1.50073529141957
2023-05-11 20:00:00,99.9,266.116666666667,257.889410272588,1.84795507658621
2023-05-11 21:00:00,99.9,265.8,239.820152726686,1.19586572739296
2023-05-11 22:00:00,99.9,265.866666666667,227.338870657542,1.28701303586126
2023-05-11 23:00:00,99.9,266.166666666667,185.302857046552,1.50338000517155
2023-05-12 00:00:00,99.9,266.25,147.823390938605,0.934676884211323
2023-05-12 01:00:00,99.9,266.25,141.604134994298,0.519841075910989
2023-05-12 02:00:00,99.9,266.316666666667,145.57102001515,0.302537803010566
2023-05-12 03:00:00,99.9,266.35,134.099568770876,0.278457117175178
2023-05-12 04:00:00,99.9,266.316666666667,125.379259119805,0.288614403462891
2023-05-12 05:00:00,99.9,266.4,123.589911759769,0.173384837192542
2023-05-12 06:00:00,99.9,266.716666666667,134.691323429023,0.226274267988689
2023-05-12 07:00:00,99.9166666666667,267.8,127.844268010951,0.128321627586434
2023-05-12 08:00:00,100.0,270.183333333333,117.484606804655,0.0625055027682022
2023-05-12 09:00:00,100.0,272.75,120.938251412694,0.0410221129859638
2023-05-12 10:00:00,100.0,273.15,104.301940884684,0.298815360323432
2023-05-12 11:00:00,100.0,273.233333333333,112.476622268323,0.564125701663985
2023-05-12 12:00:00,100.0,273.366666666667,117.235245163206,0.708359250227809
2023-05-12 13:00:00,100.0,272.766666666667,113.562007862928,0.47906171726147
2023-05-12 14:00:00,100.0,273.033333333333,116.33003850754,0.390202056361489
2023-05-12 15:00:00,100.0,273.166666666667,112.154318622436,0.327611005363786
2023-05-12 16:00:00,100.0,272.466666666667,104.383571312866,0.376907487260194
2023-05-12 17:00:00,99.9,270.966666666667,97.8611220430656,0.365742127630055
2023-05-12 18:00:00,99.9,269.783333333333,104.355984626948,0.38967242982355
2023-05-12 19:00:00,99.9,268.05,110.235559277327,0.641287925520957
2023-05-12 20:00:00,99.9,267.066666666667,59.4406761015553,0.209791038950006
2023-05-12 21:00:00,99.9,266.633333333333,38.9272218367756,0.241488424207255
2023-05-12 22:00:00,99.9,266.2,90.9720511212967,0.10349599952412
2023-05-12 23:00:00,99.9,266.683333333333,90.6852413753968,0.352496085684969
2023-05-13 00:00:00,99.9,266.616666666667,137.209456642703,0.243814775731998
2023-05-13 01:00:00,99.9,265.966666666667,49.9059330589203,0.185560249562902
2023-05-13 02:00:00,99.9,265.533333333333,96.1999081976486,0.325959935465531
2023-05-13 03:00:00,99.9,265.466666666667,114.213126294793,0.280603289955728
2023-05-13 04:00:00,99.9,265.583333333333,116.891202422078,0.400727003906364
2023-05-13 05:00:00,99.9,265.75,75.7752636609158,0.263011148814741
2023-05-13 06:00:00,99.9,266.133333333333,106.446757649819,0.278793656987447
2023-05-13 07:00:00,99.9,267.6,110.612375024552,0.272197320732227
2023-05-13 08:00:00,99.9,268.166666666667,139.015039621629,1.00004302624887
2023-05-13 09:00:00,99.8833333333333,269.0,141.824992665446,1.41734599453246
2023-05-13 10:00:00,99.7833333333334,272.666666666667,130.875187003499,0.757738405557444
2023-05-13 11:00:00,99.3833333333333,271.566666666667,119.479385388173,0.680927384770894
2023-05-13 12:00:00,99.0166666666667,271.383333333333,128.825486484155,0.779723600686297
2023-05-13 13:00:00,98.5833333333333,270.933333333333,112.156258903743,0.45333086117088
2023-05-13 14:00:00,98.3833333333333,271.083333333333,112.663384336121,0.433058887010921
2023-05-13 15:00:00,99.3,271.783333333333,128.214645911291,0.287499777873582
2023-05-13 16:00:00,99.1166666666667,271.133333333333,127.426879877863,1.19665207446204
2023-05-13 17:00:00,99.8833333333333,270.15,117.430923115021,0.308908257586767
2023-05-13 18:00:00,99.9,269.366666666667,59.1855443954937,0.081863154702192
2023-05-13 19:00:00,99.9,268.183333333333,137.125955605131,0.709966340548149
2023-05-13 20:00:00,99.9166666666667,267.5,141.070232205555,0.355970979743529
2023-05-13 21:00:00,99.9,267.216666666667,145.570329648882,0.62903124458637
2023-05-13 22:00:00,99.9,266.333333333333,143.750042488543,0.580449783251553
2023-05-13 23:00:00,99.9,266.1,140.341116892836,0.688790230305092
2023-05-14 00:00:00,99.9,266.0,130.557292832287,0.565691193518331
2023-05-14 01:00:00,99.9,265.916666666667,141.759938143065,0.634338181023337
2023-05-14 02:00:00,99.9,265.716666666667,145.948931408968,0.590348302226174
2023-05-14 03:00:00,99.9,264.9,128.118958221993,0.457541252095486
2023-05-14 04:00:00,99.9,265.633333333333,263.409302846421,1.43145728169448
2023-05-14 05:00:00,99.9,265.716666666667,261.245462505483,2.4569797896646
2023-05-14 06:00:00,99.9,265.616666666667,250.664793873826,1.84631011610661
2023-05-14 07:00:00,99.9,265.966666666667,230.535335554379,1.89902214528645
2023-05-14 08:00:00,99.9,266.433333333333,209.064258833866,1.52678895815323
2023-05-14 09:00:00,99.9,266.816666666667,233.91592535549,1.47980232771575
2023-05-14 10:00:00,99.7166666666667,267.966666666667,234.145442256341,2.06656076620636
2023-05-14 11:00:00,96.35,270.1,221.191299315544,1.30899107805982
2023-05-14 12:00:00,98.4333333333333,269.016666666667,235.465079813824,1.45310586050085
2023-05-14 13:00:00,99.55,268.283333333333,272.686329860482,1.8950263319795
2023-05-14 14:00:00,99.4333333333333,268.916666666667,286.075407260147,1.94743449587312
2023-05-14 15:00:00,99.9,267.916666666667,278.670641669856,3.35434227751569
2023-05-14 16:00:00,99.9,268.016666666667,288.211220314352,2.96624426896516
2023-05-14 17:00:00,99.9,267.85,308.161808125422,2.99833323423664
2023-05-14 18:00:00,99.9,267.716666666667,324.933090224754,2.60642556185566
2023-05-14 19:00:00,99.9,267.433333333333,332.656795078528,3.02902246961538
2023-05-14 20:00:00,99.9,267.116666666667,309.796903643795,3.86814147606084
2023-05-14 21:00:00,99.9,266.966666666667,331.380784426285,2.65591996574013
2023-05-14 22:00:00,99.9,266.533333333333,341.898613527614,2.32193437937644
2023-05-14 23:00:00,99.9,266.366666666667,351.101849847945,1.53328789685206
2023-05-15 00:00:00,99.9,266.3,353.883911311588,1.86263102921175
2023-05-15 01:00:00,99.9,266.483333333333,337.554038351927,2.96818435125271
2023-05-15 02:00:00,99.9,266.216666666667,338.596426164894,3.51668908792497
2023-05-15 03:00:00,99.9,266.033333333333,346.163161072287,2.38444628077117
2023-05-15 04:00:00,99.9,265.683333333333,71.6251905326517,0.402495111347785
2023-05-15 05:00:00,99.9,265.55,100.418420662954,0.445824152085811
2023-05-15 06:00:00,99.9,265.8,26.974773623656,0.338438402910547
2023-05-15 07:00:00,99.9,266.55,21.6716611918635,0.51447093811794
2023-05-15 08:00:00,99.9,267.65,72.2365927422043,0.314517143230423
2023-05-15 09:00:00,99.8833333333333,269.116666666667,351.835674709807,0.755200540127262
2023-05-15 10:00:00,99.9,270.116666666667,2.48682058075428,0.936521075396981
2023-05-15 11:00:00,99.9,271.483333333333,337.004581344241,1.3174278420664
2023-05-15 12:00:00,99.8833333333333,272.2,359.062319745682,0.859050369325311
2023-05-15 13:00:00,99.3166666666667,272.183333333333,321.992845760938,0.580749111806507
2023-05-15 14:00:00,99.1833333333333,273.866666666667,308.168767669048,0.799356563281078
2023-05-15 15:00:00,99.9166666666667,273.4,273.168046226654,0.401732668640347
2023-05-15 16:00:00,100.0,273.1,3.16928686117478,0.525794707452773
2023-05-15 17:00:00,100.0,271.016666666667,31.2696640703269,0.816849421916346
2023-05-15 18:00:00,99.9,269.9,359.46796312408,1.11036582842487
2023-05-15 19:00:00,99.9,268.833333333333,18.8960476698862,1.10337051794524
2023-05-15 20:00:00,99.9,267.216666666667,329.659751462463,2.00446517868558
2023-05-15 21:00:00,99.9,266.933333333333,315.305983882258,3.00153008893473
2023-05-15 22:00:00,99.9,266.883333333333,317.4696082929,3.14850349407437
2023-05-15 23:00:00,99.9,266.316666666667,296.640666941687,2.83476567561423
2023-05-16 00:00:00,99.9,266.116666666667,302.978414922543,2.30530554407568
2023-05-16 01:00:00,99.9,266.15,315.220487786994,2.73106011236637
2023-05-16 02:00:00,99.9,266.0,312.028119674544,2.53128524191765
2023-05-16 03:00:00,99.9,265.7,277.496428599932,2.64266940953384
2023-05-16 04:00:00,99.9,265.8,260.679299343189,3.17003963486787
2023-05-16 05:00:00,99.9,265.783333333333,251.337704397974,3.92449392103615
2023-05-16 06:00:00,99.9,265.966666666667,247.548667025925,5.01677615722645
2023-05-16 07:00:00,99.9,266.516666666667,248.135575959965,4.67161865035171
2023-05-16 08:00:00,99.9,267.2,270.38646121186,3.66251228210032
2023-05-16 09:00:00,99.9,267.9,271.678207171074,3.85786088439773
2023-05-16 10:00:00,99.9,267.85,258.656242738195,4.64074494649332
2023-05-16 11:00:00,99.9,268.4,262.818673214962,3.83108687001604
2023-05-16 12:00:00,99.9,267.2,259.615906642092,3.49251110682951
2023-05-16 13:00:00,99.9,267.15,249.996933021783,2.82380343994726
2023-05-16 14:00:00,99.9,267.4,263.022715723066,2.48908968109528
2023-05-16 15:00:00,99.9,267.266666666667,268.59543488598,3.15040933016636
2023-05-16 16:00:00,99.9,267.333333333333,272.931159366842,3.57722669201547
2023-05-16 17:00:00,99.9,267.2,277.474470735767,3.86754681706653
2023-05-16 18:00:00,99.9,267.216666666667,288.103193088804,3.80240640226867
2023-05-16 19:00:00,99.9,267.016666666667,298.770837489598,4.42015112748985
2023-05-16 20:00:00,99.9,266.666666666667,305.349028322936,4.73328327042654
2023-05-16 21:00:00,99.9,266.35,291.487350226942,4.22051108915597
2023-05-16 22:00:00,99.9,266.15,290.832377472654,4.68269737732312
2023-05-16 23:00:00,99.9,265.883333333333,296.540048314796,4.59303937668735
2023-05-17 00:00:00,99.9,265.666666666667,294.241725147802,3.95653870683348
2023-05-17 01:00:00,99.9,265.45,299.234622439909,3.21869205627705
2023-05-17 02:00:00,99.9,265.133333333333,305.18789373108,2.58834535615352
2023-05-17 03:00:00,99.9,264.933333333333,313.629733514689,1.38374407224674
2023-05-17 04:00:00,99.9,264.733333333333,311.521580611921,1.82513810007107
2023-05-17 05:00:00,99.9,264.416666666667,320.0,0.0116666666666667
2023-05-17 06:00:00,99.8833333333333,264.366666666667,,0.0
2023-05-17 07:00:00,99.9,265.083333333333,,0.0
2023-05-17 08:00:00,99.9,266.216666666667,,0.0
2023-05-17 09:00:00,99.9,267.116666666667,,0.0
2023-05-17 10:00:00,99.9,267.916666666667,,0.0
2023-05-17 11:00:00,99.9,267.616666666667,,0.0
2023-05-17 12:00:00,99.9,267.933333333333,,0.0
2023-05-17 13:00:00,99.9333333333333,269.316666666667,,0.0
2023-05-17 14:00:00,100.0,269.766666666667,,0.0
2023-05-17 15:00:00,100.0,270.2,,0.0
2023-05-17 16:00:00,99.9833333333333,268.866666666667,,0.0
2023-05-17 17:00:00,99.9833333333333,268.6,,0.0
2023-05-17 18:00:00,99.9,267.283333333333,,0.0
2023-05-17 19:00:00,99.9,266.55,,0.0
2023-05-17 20:00:00,99.9,265.933333333333,,0.0
2023-05-17 21:00:00,99.9,265.283333333333,,0.0
2023-05-17 22:00:00,99.9,265.816666666667,,0.0
2023-05-17 23:00:00,99.9,265.916666666667,,0.0
2023-05-18 00:00:00,99.9,265.766666666667,,0.0
2023-05-18 01:00:00,99.9,265.7,,0.0
2023-05-18 02:00:00,99.9,265.35,,0.0
2023-05-18 03:00:00,99.9,264.883333333333,,0.0
2023-05-18 04:00:00,99.9,264.883333333333,,0.0
2023-05-18 05:00:00,99.9,265.65,,0.0
2023-05-18 06:00:00,99.95,269.866666666667,,0.0
2023-05-18 07:00:00,99.9666666666667,269.533333333333,146.130204929788,1.19384238431226
2023-05-18 08:00:00,99.9833333333333,272.15,99.3651889232167,0.373490162823639
2023-05-18 09:00:00,100.0,273.616666666667,82.7063225063581,0.144545865789397
2023-05-18 10:00:00,99.9333333333333,275.65,76.3298746185606,0.159360796452292
2023-05-18 11:00:00,99.9,275.133333333333,95.2151095852976,0.1116965787535
2023-05-18 12:00:00,92.0,274.266666666667,92.8850550163637,0.296515465992802
2023-05-18 13:00:00,87.6333333333333,272.633333333333,99.5548085118411,0.374224302050428
2023-05-18 14:00:00,87.7666666666667,272.783333333333,100.912963183031,0.483219458611717
2023-05-18 15:00:00,93.7833333333334,271.483333333333,119.967124765434,0.861921172073183
2023-05-18 16:00:00,98.9166666666667,270.533333333333,124.147487436439,1.1017429933899
2023-05-18 17:00:00,99.7333333333333,270.45,126.504009597831,0.699668212239316
2023-05-18 18:00:00,99.9166666666667,269.983333333333,129.523088261749,0.749657121539672
2023-05-18 19:00:00,99.9833333333333,269.583333333333,130.641797216036,0.662184593178057
2023-05-18 20:00:00,100.0,269.266666666667,137.577678222298,0.713124335988702
2023-05-18 21:00:00,100.0,269.083333333333,132.746959311218,0.533747015008582
2023-05-18 22:00:00,100.0,269.066666666667,126.99901899743,1.14663748883067
2023-05-18 23:00:00,100.0,269.2,145.647777181741,0.634506059024894
2023-05-19 00:00:00,100.0,269.233333333333,143.659490616239,0.681331711988274
2023-05-19 01:00:00,100.0,268.933333333333,133.505779955627,1.3130175576175
2023-05-19 02:00:00,100.0,268.816666666667,123.796707815984,1.14295798777963
2023-05-19 03:00:00,100.0,268.65,135.103411511938,1.25010509010466
2023-05-19 04:00:00,100.0,268.05,127.105161833168,2.07654345474071
2023-05-19 05:00:00,100.0,268.016666666667,101.539848407612,0.677921318451937
2023-05-19 06:00:00,100.0,268.283333333333,125.468029289863,1.35685309015556
2023-05-19 07:00:00,100.0,268.533333333333,122.879531003391,0.858377618745233
2023-05-19 08:00:00,100.0,268.983333333333,118.545117183822,0.535040548811458
2023-05-19 09:00:00,100.0,270.45,113.442485720734,0.383010149842302
2023-05-19 10:00:00,100.0,271.85,127.026277813449,0.215053110783505
2023-05-19 11:00:00,99.9333333333333,271.2,131.548548406846,0.660320204761175
2023-05-19 12:00:00,97.55,272.116666666667,145.829171444868,0.533040658755005
2023-05-19 13:00:00,98.7,271.383333333333,129.383080370571,1.05691538924755
2023-05-19 14:00:00,98.4333333333333,271.666666666667,136.632242364485,1.05863357088255
2023-05-19 15:00:00,94.2,272.8,129.769286710407,0.65113767070541
2023-05-19 16:00:00,95.8166666666667,272.316666666667,108.068596352378,0.258075543087468
2023-05-19 17:00:00,99.9,271.966666666667,135.507920159455,0.294292480851792
2023-05-19 18:00:00,99.8833333333333,271.016666666667,137.669139305075,0.44228844176889
2023-05-19 19:00:00,100.0,270.366666666667,150.892321614346,0.364584757087449
2023-05-19 20:00:00,100.0,269.9,108.631204951131,0.5052626019431
2023-05-19 21:00:00,100.0,269.483333333333,150.383867485903,0.300608553275702
2023-05-19 22:00:00,100.0,269.283333333333,136.358756945719,0.684260193224665
2023-05-19 23:00:00,100.0,269.25,136.194909357043,0.596449626476598
2023-05-20 00:00:00,100.0,269.133333333333,140.373477871508,0.892201425430996
2023-05-20 01:00:00,100.0,269.133333333333,140.539982581443,0.654254233313139
2023-05-20 02:00:00,100.0,269.1,157.468378037935,1.01779350102951
2023-05-20 03:00:00,100.0,269.083333333333,142.758872765614,1.69882314858218
2023-05-20 04:00:00,100.0,269.216666666667,144.720798460325,1.54648406395213
2023-05-20 05:00:00,100.0,269.25,143.028309051642,1.14369188128067
2023-05-20 06:00:00,100.0,269.516666666667,149.902619514337,1.46620976727813
2023-05-20 07:00:00,100.0,269.766666666667,148.56173650121,1.04232516655736
2023-05-20 08:00:00,100.0,270.216666666667,159.463827246684,0.417120518309347
2023-05-20 09:00:00,100.0,270.966666666667,171.551304871308,0.408858150601525
2023-05-20 10:00:00,100.0,270.566666666667,149.270608056902,1.51644826554278
2023-05-20 11:00:00,100.0,270.95,156.385193156791,0.670307768964894
2023-05-20 12:00:00,100.0,271.633333333333,155.837841080446,0.404399187951007
2023-05-20 13:00:00,100.0,272.066666666667,143.139742851723,0.313000658303569
2023-05-20 14:00:00,100.0,272.65,147.803399441291,0.292264772719381
2023-05-20 15:00:00,100.0,272.766666666667,108.64974747989,0.302384644432285
2023-05-20 16:00:00,100.0,272.166666666667,166.760684967084,0.46215944819012
2023-05-20 17:00:00,100.0,272.15,142.635524133257,0.462208207468065
2023-05-20 18:00:00,100.0,271.95,113.010475803299,0.407026810209377
2023-05-20 19:00:00,100.0,270.933333333333,150.726820572715,0.340045266093106
2023-05-20 20:00:00,100.0,270.366666666667,169.146845277043,0.556832886597669
2023-05-20 21:00:00,100.0,270.15,177.638281648562,0.396813424001269
2023-05-20 22:00:00,100.0,270.083333333333,177.778291585695,0.592251484388246
2023-05-20 23:00:00,100.0,270.05,150.526957796616,0.518038120384766
2023-05-21 00:00:00,100.0,270.05,150.603018278589,0.486994332115694
2023-05-21 01:00:00,100.0,270.066666666667,164.047653046481,0.677292548572452
2023-05-21 02:00:00,100.0,269.966666666667,169.146548006306,0.639862181338285
2023-05-21 03:00:00,100.0,269.716666666667,160.509075074639,1.06445264135094
2023-05-21 04:00:00,100.0,269.716666666667,174.206044057694,0.724201248562972
2023-05-21 05:00:00,100.0,269.6,160.442348933452,1.35320528834366
2023-05-21 06:00:00,100.0,270.083333333333,151.45895810178,1.63828071122227
2023-05-21 07:00:00,100.0,270.433333333333,141.867133702658,2.01943451970856
2023-05-21 08:00:00,100.0,270.616666666667,142.1624309322,1.34181614215176
2023-05-21 09:00:00,100.0,271.383333333333,152.395157636133,0.432068957133078
2023-05-21 10:00:00,100.0,271.55,139.551711929859,1.18784087913588
2023-05-21 11:00:00,100.0,271.783333333333,136.704507973295,1.37304401697636
2023-05-21 12:00:00,100.0,272.05,129.305916049747,1.86393437470387
2023-05-21 13:00:00,100.0,273.566666666667,117.248123404255,1.02544133071005
2023-05-21 14:00:00,99.9666666666667,274.5,97.9708776153701,0.608216638202598
2023-05-21 15:00:00,98.8166666666667,273.75,121.549806408842,0.84571379986526
2023-05-21 16:00:00,88.5,273.9,117.552755057586,0.511519285830391
2023-05-21 17:00:00,89.7166666666667,272.95,102.929083855625,1.57287525554944
2023-05-21 18:00:00,87.0666666666667,273.366666666667,93.0318336138255,0.568336820399544
2023-05-21 19:00:00,90.9333333333333,272.766666666667,109.750635200137,1.32519352175066
2023-05-21 20:00:00,92.6333333333333,271.633333333333,84.5559782185847,0.32491107196692
2023-05-21 21:00:00,98.0333333333333,271.383333333333,114.902932210125,0.67149304441063
2023-05-21 22:00:00,100.0,271.433333333333,118.680401346093,1.31893664024556
2023-05-21 23:00:00,100.0,271.333333333333,114.51238077418,1.17974771191873
2023-05-22 00:00:00,100.0,271.316666666667,130.404583339051,2.40949419828639
2023-05-22 01:00:00,100.0,270.966666666667,131.053359511462,1.5726467302275
2023-05-22 02:00:00,100.0,271.05,125.265256295296,2.20117620745481
2023-05-22 03:00:00,100.0,270.75,123.043585062906,0.578816816165016
2023-05-22 04:00:00,100.0,270.166666666667,85.5374941596699,0.848751755116624
2023-05-22 05:00:00,100.0,269.95,85.4766321186119,1.74514332281547
2023-05-22 06:00:00,99.2333333333333,271.216666666667,328.933519578473,1.96002844836279
2023-05-22 07:00:00,95.6666666666667,271.533333333333,273.012927702245,3.39007597224627
2023-05-22 08:00:00,94.2,271.666666666667,264.745925271733,2.9697495960853
2023-05-22 09:00:00,92.4,272.033333333333,243.882367150613,1.82691955342335
2023-05-22 10:00:00,90.2333333333333,273.616666666667,196.121882124546,1.35689642372654
2023-05-22 11:00:00,80.65,274.5,167.182018079289,1.79484822714089
2023-05-22 12:00:00,75.75,275.316666666667,119.898133176143,0.634168684508546
2023-05-22 13:00:00,72.3333333333333,275.4,148.051251776831,1.22635594928912
2023-05-22 14:00:00,69.35,275.716666666667,172.01262602512,1.05072932356158
2023-05-22 15:00:00,64.45,276.666666666667,110.609997273684,0.664814442350866
2023-05-22 16:00:00,54.1166666666667,278.166666666667,139.598964864938,0.2321980301413
2023-05-22 17:00:00,56.85,275.9,216.081118085362,0.814290666367023
2023-05-22 18:00:00,64.2166666666667,275.266666666667,219.806235769825,0.608628473521696
2023-05-22 19:00:00,68.65,274.833333333333,244.487663095099,0.432127181920947
2023-05-22 20:00:00,76.4666666666667,273.95,181.659628668064,0.462081909547332
2023-05-22 21:00:00,82.6,273.35,220.745424310655,0.55771168168912
2023-05-22 22:00:00,98.85,273.15,176.501724174849,0.420082050254734
2023-05-22 23:00:00,99.95,272.583333333333,146.086166305418,0.143099471597153
2023-05-23 00:00:00,100.0,272.666666666667,158.76114087547,0.347557301060132
2023-05-23 01:00:00,100.0,272.416666666667,128.693968853975,1.48733177154878
2023-05-23 02:00:00,100.0,272.516666666667,35.0676919143377,0.784079719747164
2023-05-23 03:00:00,100.0,272.25,35.7174602375487,1.1298382023051
2023-05-23 04:00:00,99.9333333333333,272.183333333333,58.7235548329158,1.01387531612001
2023-05-23 05:00:00,99.9833333333333,271.9,64.6431946252192,1.37285609317648
2023-05-23 06:00:00,95.6833333333333,273.2,66.2856193448259,1.56883226999211
2023-05-23 07:00:00,89.2,274.2,67.2021576830642,1.59887780040443
2023-05-23 08:00:00,89.4166666666667,274.633333333333,72.8250938707407,1.20790813818688
2023-05-23 09:00:00,76.5666666666667,276.983333333333,61.0894191492674,0.748969319919408
2023-05-23 10:00:00,77.8833333333333,276.683333333333,56.0320537250578,0.655312395484439
2023-05-23 11:00:00,79.2666666666667,276.416666666667,36.5121309141127,0.687643078932037
2023-05-23 12:00:00,82.7,275.883333333333,60.3899970606743,1.5055590802217
2023-05-23 13:00:00,79.5833333333333,276.05,31.7201519820681,1.01688460406543
2023-05-23 14:00:00,80.2333333333333,276.033333333333,354.779147955493,0.967410670729814
2023-05-23 15:00:00,93.0666666666667,275.016666666667,337.397091436068,0.786055777173554
2023-05-23 16:00:00,81.5333333333333,276.6,25.0646893926181,0.363429763105911
2023-05-23 17:00:00,80.4,276.216666666667,24.6615910920399,0.366946206720658
2023-05-23 18:00:00,94.0,274.416666666667,333.637483665834,0.581704420312682
2023-05-23 19:00:00,99.8166666666667,273.266666666667,311.74977940477,1.04357482129553
2023-05-23 20:00:00,100.0,272.183333333333,283.909691345664,2.09370284751845
2023-05-23 21:00:00,100.0,272.316666666667,328.08478999386,0.352972303176348
2023-05-23 22:00:00,100.0,272.283333333333,45.4652100212023,1.01329394109439
2023-05-23 23:00:00,100.0,272.233333333333,84.7865236436943,1.47587608082958
2023-05-24 00:00:00,100.0,272.1,102.308475773765,0.564598094035243
2023-05-24 01:00:00,100.0,271.916666666667,82.9733353418125,1.36876214524699
2023-05-24 02:00:00,100.0,271.4,101.070298886573,0.914196830584453
2023-05-24 03:00:00,100.0,270.95,89.8794063736266,0.960968427673291
2023-05-24 04:00:00,100.0,270.7,92.3466989617904,0.885901230799973
2023-05-24 05:00:00,100.0,271.016666666667,100.917853532362,0.607347425208799
2023-05-24 06:00:00,100.0,271.233333333333,99.6187635367077,0.414849756030072
2023-05-24 07:00:00,100.0,271.633333333333,84.8741578349365,0.402548780852495
2023-05-24 08:00:00,100.0,272.833333333333,91.0811116490967,0.239368124688539
2023-05-24 09:00:00,100.0,273.183333333333,75.2783158504516,0.158515337081425
2023-05-24 10:00:00,100.0,274.016666666667,85.5984383676097,0.217999090063322
2023-05-24 11:00:00,100.0,273.183333333333,79.0805515259445,0.50148385547778
2023-05-24 12:00:00,99.9833333333333,275.4,98.8673886952979,0.598690750614052
2023-05-24 13:00:00,99.9666666666667,274.2,104.893016279077,0.476539466837284
2023-05-24 14:00:00,99.9833333333333,273.916666666667,84.6311734242667,0.38657928723769
2023-05-24 15:00:00,99.9666666666667,274.383333333333,67.8682920934822,0.114799240923355
2023-05-24 16:00:00,98.3666666666667,273.616666666667,102.819815894921,0.218922304028167
2023-05-24 17:00:00,99.8333333333333,272.3,209.041292638057,0.540051305593026
2023-05-24 18:00:00,100.0,270.616666666667,247.825133322927,2.15171761735605
2023-05-24 19:00:00,100.0,270.966666666667,135.452204830682,1.08887055472508
2023-05-24 20:00:00,100.0,270.466666666667,133.559801212416,1.59291326675354
2023-05-24 21:00:00,100.0,270.216666666667,125.211416152638,1.50521939847318
2023-05-24 22:00:00,100.0,269.95,133.914704513958,2.06679941600017
2023-05-24 23:00:00,100.0,270.183333333333,146.916201057725,2.38763700270797
2023-05-25 00:00:00,100.0,270.166666666667,155.915185219276,2.08923967924388
2023-05-25 01:00:00,100.0,270.133333333333,150.122365555188,1.63938943865762
2023-05-25 02:00:00,100.0,269.85,147.488934035253,1.8154623579017
2023-05-25 03:00:00,100.0,269.75,139.077032996115,1.82003142143262
2023-05-25 04:00:00,100.0,270.016666666667,150.723220845697,1.47521290099901
2023-05-25 05:00:00,100.0,270.25,138.390155344016,0.901670935718465
2023-05-25 06:00:00,100.0,269.916666666667,147.775996664749,1.1586899527679
2023-05-25 07:00:00,100.0,270.783333333333,149.818666344719,1.29759678068586
2023-05-25 08:00:00,100.0,271.45,143.500312832895,2.66563714477856
2023-05-25 09:00:00,100.0,272.116666666667,142.282981193511,2.62053755613506
2023-05-25 10:00:00,100.0,273.016666666667,123.735500756218,1.45353039177214
2023-05-25 11:00:00,100.0,273.133333333333,128.47890662912,2.09507342166864
2023-05-25 12:00:00,100.0,273.133333333333,126.10932537734,3.22123349900525
2023-05-25 13:00:00,100.0,273.333333333333,122.958221417377,1.82805007945754
2023-05-25 14:00:00,100.0,273.566666666667,92.3359317851811,0.39547815380178
2023-05-25 15:00:00,100.0,274.216666666667,92.3862716830408,0.210115455257811
2023-05-25 16:00:00,100.0,274.3,108.174582419443,0.300090166144074
2023-05-25 17:00:00,100.0,273.7,253.276428600955,0.645856191660766
2023-05-25 18:00:00,97.7833333333334,273.133333333333,247.73225593555,1.39158492906344
2023-05-25 19:00:00,87.45,273.1,234.176881597079,0.814646519573998
2023-05-25 20:00:00,84.3833333333333,272.8,226.257141313479,1.74657559529741
2023-05-25 21:00:00,89.15,272.516666666667,231.890433086072,1.47391474653835
2023-05-25 22:00:00,99.1666666666667,272.3,255.653941588407,1.98897868595314
2023-05-25 23:00:00,97.9666666666667,272.083333333333,227.533821097722,1.60158626835946
2023-05-26 00:00:00,99.5166666666667,271.716666666667,115.141383972427,0.910391793927994
2023-05-26 01:00:00,99.8833333333333,271.65,121.642480551029,1.14593752868967
2023-05-26 02:00:00,99.9,271.533333333333,135.473729668737,0.938856677121323
2023-05-26 03:00:00,99.95,271.1,120.114437350864,0.779583537967478
2023-05-26 04:00:00,99.9833333333333,270.85,83.1164016771426,0.453090575714174
2023-05-26 05:00:00,99.7166666666667,270.966666666667,84.2778313550755,1.52606529545419
2023-05-26 06:00:00,86.6333333333333,272.3,334.121376746936,2.48603901968829
2023-05-26 07:00:00,82.1333333333333,272.683333333333,334.538721816671,2.79377610246639
2023-05-26 08:00:00,83.8333333333333,272.35,299.692734702916,4.05955033885524
2023-05-26 09:00:00,82.35,272.683333333333,294.458692566601,2.30951337275032
2023-05-26 10:00:00,82.55,273.1,261.566334560878,1.65436983876202
2023-05-26 11:00:00,82.55,273.4,267.815509645187,1.64685049990352
2023-05-26 12:00:00,83.3666666666667,274.133333333333,276.505608448582,1.3863371793867
2023-05-26 13:00:00,84.3,275.183333333333,301.766375853774,0.509429018193057
2023-05-26 14:00:00,79.6,275.733333333333,333.131682879163,0.729081898164738
2023-05-26 15:00:00,81.1333333333334,275.8,336.972543374404,1.04782615639107
2023-05-26 16:00:00,93.3833333333333,274.7,306.888771296267,2.43625064797306
2023-05-26 17:00:00,99.35,274.333333333333,325.493412443324,1.8959346613086
2023-05-26 18:00:00,96.0333333333334,274.783333333333,10.1066923306838,0.707429356083894
2023-05-26 19:00:00,99.9833333333333,273.7,316.96756055824,1.79694461592106
2023-05-26 20:00:00,100.0,273.166666666667,323.410960996853,1.19408739155316
2023-05-26 21:00:00,100.0,272.883333333333,302.160458809247,3.6312957892771
2023-05-26 22:00:00,100.0,272.583333333333,300.062221449765,2.47552702332075
2023-05-26 23:00:00,100.0,272.466666666667,354.009462535786,0.79375606860597
2023-05-27 00:00:00,100.0,272.35,99.9763455721938,1.7714539750484
2023-05-27 01:00:00,100.0,271.4,99.4430124658957,1.91664152446768
2023-05-27 02:00:00,100.0,270.833333333333,87.49065669136,1.3380665740381
2023-05-27 03:00:00,98.0666666666667,270.45,87.7846023937334,1.60029408270171
2023-05-27 04:00:00,80.2833333333333,270.566666666667,63.571159694463,0.65133230936718
2023-05-27 05:00:00,73.65,270.916666666667,7.84370718415528,1.64666807066405
2023-05-27 06:00:00,67.0666666666667,272.466666666667,76.1196060384415,1.634109232336
2023-05-27 07:00:00,59.65,273.5,76.9409438761985,1.17434308135838
2023-05-27 08:00:00,54.9333333333333,274.25,82.6317507542533,0.74907518646496
2023-05-27 09:00:00,51.9333333333333,275.65,81.9123632411751,0.891227734727294
2023-05-27 10:00:00,63.5833333333333,274.633333333333,277.094633442728,0.676940171306204
2023-05-27 11:00:00,74.5166666666667,273.833333333333,268.860910078012,0.539150634664244
2023-05-27 12:00:00,76.2333333333333,274.25,298.038807760804,0.359001044201422
2023-05-27 13:00:00,62.5666666666667,276.216666666667,46.107334978437,0.200783187145163
2023-05-27 14:00:00,61.0833333333333,275.983333333333,47.4520287259404,0.528233458266772
2023-05-27 15:00:00,59.15,276.166666666667,85.9890564435899,0.458804331966992
2023-05-27 16:00:00,55.3666666666667,276.616666666667,80.9596190719794,0.325121313109859
2023-05-27 17:00:00,62.45,276.1,140.914876112563,0.177114482800387
2023-05-27 18:00:00,68.1833333333333,275.466666666667,56.507857414287,0.101323762954226
2023-05-27 19:00:00,72.7,274.216666666667,346.428166624435,0.279510417130461
2023-05-27 20:00:00,85.7333333333333,273.166666666667,279.568368156781,0.353611393375776
2023-05-27 21:00:00,99.4333333333334,272.833333333333,337.131763555737,0.27656526199172
2023-05-27 22:00:00,99.9666666666667,272.45,15.0682853037966,0.733327685081926
2023-05-27 23:00:00,100.0,272.2,100.312024916366,1.24528199307782
2023-05-28 00:00:00,100.0,271.833333333333,95.0290184625739,0.802084045155105
2023-05-28 01:00:00,100.0,271.25,112.451704486956,0.735894161892346
2023-05-28 02:00:00,99.95,271.2,108.99115283525,0.672588026461726
2023-05-28 03:00:00,99.95,270.9,115.282502163736,0.9279907657176
2023-05-28 04:00:00,99.8833333333333,270.566666666667,118.126686907408,1.0091855217788
2023-05-28 05:00:00,99.9,270.366666666667,116.688964726161,0.952844970891946
2023-05-28 06:00:00,93.0333333333333,271.933333333333,112.431632450021,0.725562561861714
2023-05-28 07:00:00,83.1833333333333,272.433333333333,99.9074831476011,0.835251079740741
2023-05-28 08:00:00,85.05,272.483333333333,343.19061159662,0.627217295572051
2023-05-28 09:00:00,78.0166666666667,272.916666666667,89.9264186638788,0.814264036786103
2023-05-28 10:00:00,68.9666666666667,273.966666666667,86.7048710752912,0.425436417509313
2023-05-28 11:00:00,66.2833333333333,275.15,89.7930262128983,0.4123575489903
2023-05-28 12:00:00,67.1666666666667,275.4,43.9116344366839,0.327770480411961
2023-05-28 13:00:00,74.3166666666667,274.883333333333,14.9774212268193,0.187976378773893
2023-05-28 14:00:00,85.6,273.833333333333,318.890395504891,0.574444162495489
2023-05-28 15:00:00,83.7666666666667,274.083333333333,332.152090819661,0.393174754697149
2023-05-28 16:00:00,86.3666666666667,273.516666666667,314.972110479027,1.15302834229349
2023-05-28 17:00:00,99.7833333333334,272.616666666667,294.813054655953,1.91351116277434
2023-05-28 18:00:00,99.9833333333333,272.083333333333,277.62997761128,3.68492390208524
2023-05-28 19:00:00,100.0,271.316666666667,297.746928798881,2.80017808327174
2023-05-28 20:00:00,100.0,270.883333333333,251.005255808243,1.23386415208119
2023-05-28 21:00:00,100.0,270.9,262.710615634456,1.23648632391875
2023-05-28 22:00:00,100.0,270.666666666667,195.435316504503,0.492199899095022
2023-05-28 23:00:00,100.0,270.816666666667,129.125925307227,1.65285784308516
2023-05-29 00:00:00,100.0,270.616666666667,131.294756652075,1.53241594198159
2023-05-29 01:00:00,100.0,270.4,101.555204613193,0.841410147315475
2023-05-29 02:00:00,100.0,270.266666666667,98.4914607189945,1.1289409033415
2023-05-29 03:00:00,100.0,270.083333333333,98.9288229345427,0.917478957941803
2023-05-29 04:00:00,100.0,270.05,114.991878685728,1.14503347753779
2023-05-29 05:00:00,100.0,269.866666666667,97.1139102219901,0.959824286836696
2023-05-29 06:00:00,100.0,270.616666666667,104.725212479179,1.69971647627978
2023-05-29 07:00:00,99.9833333333333,271.45,20.1886191388225,1.34888962940909
2023-05-29 08:00:00,99.8166666666667,271.8,323.749219687138,0.999969059957356
2023-05-29 09:00:00,97.8166666666667,271.783333333333,238.746457736072,0.926823842075227
2023-05-29 10:00:00,97.5,271.733333333333,229.793167089088,1.02500144553878
2023-05-29 11:00:00,90.3666666666667,272.866666666667,218.473532081881,1.04198227356184
2023-05-29 12:00:00,77.7,275.433333333333,207.174289165606,0.543177346875991
2023-05-29 13:00:00,80.0666666666667,273.483333333333,238.92612665361,1.07573773877095
2023-05-29 14:00:00,73.8,274.4,254.443832659357,1.05451708718499
2023-05-29 15:00:00,87.8333333333333,273.466666666667,293.247479253819,2.19952107303715
2023-05-29 16:00:00,86.2,273.666666666667,303.304527034523,2.58767031949885
2023-05-29 17:00:00,91.25,273.366666666667,305.558008219977,3.439408895286
2023-05-29 18:00:00,99.8833333333333,273.0,304.571683294615,3.16785807570006
2023-05-29 19:00:00,100.0,272.566666666667,299.407209672861,3.46623722873993
2023-05-29 20:00:00,100.0,272.3,292.020060319253,2.50001415341801
2023-05-29 21:00:00,100.0,272.116666666667,301.219871589593,1.60409931300208
2023-05-29 22:00:00,100.0,271.65,285.196009262585,2.68555172440113
2023-05-29 23:00:00,100.0,271.166666666667,300.331533780132,1.36550592636054
2023-05-30 00:00:00,100.0,270.966666666667,94.6410387993922,0.323584688532024
2023-05-30 01:00:00,100.0,270.633333333333,35.5280061555325,0.236601123704726
2023-05-30 02:00:00,100.0,270.45,121.837711173126,1.00164608234253
2023-05-30 03:00:00,100.0,270.05,126.173808999829,1.9747400277692
2023-05-30 04:00:00,100.0,270.2,120.801211881615,2.30745592943952
2023-05-30 05:00:00,100.0,270.183333333333,88.8936952991886,1.67313740406646
2023-05-30 06:00:00,99.8833333333333,269.966666666667,25.997581185222,1.40548139271896
2023-05-30 07:00:00,84.9833333333333,270.15,326.803035506263,2.66994927642349
2023-05-30 08:00:00,50.6333333333333,270.65,283.077300875062,3.74679399249707
2023-05-30 09:00:00,44.6166666666667,270.983333333333,263.314592304253,2.32259275406528
2023-05-30 10:00:00,54.2333333333333,273.633333333333,181.491451632103,0.455637945423271
2023-05-30 11:00:00,75.8666666666667,272.75,244.708652181271,0.963138665074845
2023-05-30 12:00:00,79.6833333333333,272.716666666667,227.931110547699,1.13428801413566
2023-05-30 13:00:00,68.9666666666667,273.8,270.5562631016,0.38384964406751
2023-05-30 14:00:00,69.5333333333333,272.966666666667,285.783205196087,1.42100147097859
2023-05-30 15:00:00,68.4333333333333,273.183333333333,303.740177039568,1.67763475014927
2023-05-30 16:00:00,67.5333333333334,272.866666666667,310.285613036705,2.29045954655258
2023-05-30 17:00:00,68.8333333333333,272.816666666667,303.337557615021,2.90964563149928
2023-05-30 18:00:00,88.4,271.933333333333,314.115852069802,2.69453049320426
2023-05-30 19:00:00,99.15,271.283333333333,305.045504300484,2.92187358768263
2023-05-30 20:00:00,100.0,270.783333333333,292.093702726838,2.57971548736577
2023-05-30 21:00:00,100.0,270.85,271.452428788364,2.16422982769029
2023-05-30 22:00:00,100.0,270.633333333333,223.753464787452,1.1641369587258
2023-05-30 23:00:00,100.0,270.683333333333,181.774794926123,1.07131899908903
2023-05-31 00:00:00,100.0,271.033333333333,125.356807580631,1.67545956277177
2023-05-31 01:00:00,100.0,270.866666666667,127.926061387085,1.29082235313869
2023-05-31 02:00:00,100.0,270.6,136.27865378673,1.46888832074157
2023-05-31 03:00:00,100.0,270.416666666667,139.390733683862,0.847150614765369
2023-05-31 04:00:00,100.0,270.516666666667,135.80737284879,1.3351836244436
2023-05-31 05:00:00,100.0,270.133333333333,131.443487005285,1.80237641728713
2023-05-31 06:00:00,100.0,270.233333333333,121.699824870904,1.02099903611073
2023-05-31 07:00:00,100.0,270.933333333333,119.704866171189,0.94454479827197
2023-05-31 08:00:00,100.0,272.183333333333,116.214578242046,0.269570934161701
2023-05-31 09:00:00,99.9333333333333,271.3,214.259800283807,1.04900750434411
2023-05-31 10:00:00,93.9833333333334,272.85,151.223064312252,0.588465925930294
2023-05-31 11:00:00,83.15,274.0,125.044928549763,0.620445337367924
2023-05-31 12:00:00,82.8333333333334,273.866666666667,119.835366155388,0.662229906430491
2023-05-31 13:00:00,76.9166666666667,274.733333333333,122.651200317862,0.907248081659625
2023-05-31 14:00:00,72.0166666666667,275.083333333333,124.693850406478,0.679867679571527
2023-05-31 15:00:00,74.65,274.4,134.600005598603,1.78129679174062
2023-05-31 16:00:00,70.2,275.183333333333,127.750420305074,1.07322730320709
2023-05-31 17:00:00,82.2166666666667,274.333333333333,135.067775953891,0.959050648734961
2023-05-31 18:00:00,96.6333333333333,272.5,139.702202241038,2.0411624845406
2023-05-31 19:00:00,95.45,272.316666666667,137.484525038424,1.93780622674444
2023-05-31 20:00:00,88.2166666666667,272.083333333333,150.778966106282,1.68417527500013
2023-05-31 21:00:00,89.5,271.866666666667,153.398196620781,1.8990552640669
2023-05-31 22:00:00,94.8833333333334,271.616666666667,133.357976567,2.26701348135773
2023-05-31 23:00:00,99.1333333333333,271.433333333333,134.404492353003,2.05718428826677
2023-06-01 00:00:00,99.95,271.1,127.052545730975,0.977633248423967
2023-06-01 01:00:00,99.9333333333333,270.95,129.023393983105,0.935333607561351
2023-06-01 02:00:00,99.9666666666667,270.966666666667,128.907600024883,1.51303336752349
2023-06-01 03:00:00,99.9,270.883333333333,115.375746986055,0.912093687998316
2023-06-01 04:00:00,95.2,270.983333333333,84.6122430228132,0.0747934856009828
2023-06-01 05:00:00,89.1666666666667,271.416666666667,305.724395089683,0.393516717231177
2023-06-01 06:00:00,76.2,272.616666666667,289.603783466475,1.22216217170474
2023-06-01 07:00:00,84.2333333333333,272.0,264.966033308136,2.21746601033206
2023-06-01 08:00:00,86.9833333333333,272.233333333333,262.57197125807,1.64127577283756
2023-06-01 09:00:00,90.5333333333333,272.366666666667,233.130083404809,1.38542101918715
2023-06-01 10:00:00,86.8333333333333,272.75,224.539585145848,1.1640968400373
2023-06-01 11:00:00,75.7333333333333,274.75,165.950941176641,1.1352744733318
2023-06-01 12:00:00,70.7666666666667,275.916666666667,125.79094364244,0.739696452547938
2023-06-01 13:00:00,67.0,276.55,152.425696628113,0.267267535237753
2023-06-01 14:00:00,63.6,277.683333333333,234.71695267644,0.0993277493590322
2023-06-01 15:00:00,72.55,275.8,213.65629552588,0.675905952203695
2023-06-01 16:00:00,73.2333333333333,275.85,277.410231763059,0.497331939445313
2023-06-01 17:00:00,75.3,275.466666666667,304.160524921319,1.05339456368476
2023-06-01 18:00:00,97.6666666666667,273.683333333333,297.528480037405,2.56865139396052
2023-06-01 19:00:00,100.0,273.05,277.701576681473,3.90001181581647
2023-06-01 20:00:00,100.0,272.583333333333,269.733549360682,3.29952272171885
2023-06-01 21:00:00,100.0,272.183333333333,279.184454747405,3.0080233020223
2023-06-01 22:00:00,100.0,272.216666666667,262.550517814815,2.05900810685297
2023-06-01 23:00:00,100.0,272.133333333333,218.113064521219,0.705243176016907
2023-06-02 00:00:00,100.0,272.116666666667,197.255772465954,1.53706190614423
2023-06-02 01:00:00,100.0,271.8,119.963662261653,0.301464351103745
2023-06-02 02:00:00,100.0,271.7,118.767544846231,0.644060702078926
2023-06-02 03:00:00,100.0,271.4,111.997249232803,0.673760641515354
2023-06-02 04:00:00,100.0,271.15,359.266521280724,1.1252823132742
2023-06-02 05:00:00,98.9,271.0,319.973339594089,2.03014359808443
2023-06-02 06:00:00,77.5166666666667,271.683333333333,311.54703455235,3.08077501763545
2023-06-02 07:00:00,64.1166666666667,272.166666666667,310.800989901037,3.48009695804706
2023-06-02 08:00:00,51.7333333333333,272.666666666667,297.837452255208,2.29279623281273
2023-06-02 09:00:00,55.0833333333334,274.133333333333,255.447631862652,0.479446231084553
2023-06-02 10:00:00,61.8833333333333,274.416666666667,229.394208383832,0.647337115191885
2023-06-02 11:00:00,54.0666666666667,276.083333333333,210.988781037619,0.542904480448351
2023-06-02 12:00:00,62.1333333333333,275.683333333333,216.576521570547,0.741183403700783
2023-06-02 13:00:00,58.5166666666667,276.566666666667,219.953651621103,0.806870400460024
2023-06-02 14:00:00,56.1333333333333,276.516666666667,246.054548523177,0.756686499423927
2023-06-02 15:00:00,56.65,276.733333333333,310.065235995812,0.777075998518268
2023-06-02 16:00:00,69.4833333333333,275.466666666667,294.745132909914,2.40124812083879
2023-06-02 17:00:00,81.0166666666667,274.033333333333,288.14132329309,3.42769529506273
2023-06-02 18:00:00,79.2333333333333,273.75,278.070471745741,2.29600303342564
2023-06-02 19:00:00,84.7833333333333,273.733333333333,284.417487318403,1.21610091281555
2023-06-02 20:00:00,90.95,272.95,260.41629821811,1.06138720108462
2023-06-02 21:00:00,91.9833333333333,272.483333333333,271.199768120017,1.18673495089201
2023-06-02 22:00:00,99.95,272.066666666667,278.853088050714,2.92460250011816
2023-06-02 23:00:00,99.9166666666667,271.95,272.728971247915,1.42319964785667
2023-06-03 00:00:00,98.1166666666667,271.983333333333,294.889208047834,1.33325559219768
2023-06-03 01:00:00,94.05,272.183333333333,239.057337754036,0.13233705640005
2023-06-03 02:00:00,99.8666666666667,271.966666666667,133.085939551064,1.5314244207092
2023-06-03 03:00:00,100.0,271.55,123.797456426671,1.5014560298255
2023-06-03 04:00:00,100.0,271.3,134.223659202148,1.12110369100285
2023-06-03 05:00:00,96.6833333333333,272.1,117.78887692431,0.928511423144265
2023-06-03 06:00:00,80.9833333333333,274.633333333333,157.310707308843,0.0510469814633851
2023-06-03 07:00:00,80.25,273.75,275.542228160838,0.874524669980987
2023-06-03 08:00:00,81.4166666666667,274.4,201.12359852916,0.534987410313296
2023-06-03 09:00:00,85.8166666666667,273.833333333333,144.890826836632,0.987604670134813
2023-06-03 10:00:00,95.7666666666667,273.566666666667,175.256499969304,0.920303176996472
2023-06-03 11:00:00,96.05,273.95,169.294529301471,0.891986830869906
2023-06-03 12:00:00,87.1666666666667,274.633333333333,140.642963871024,0.793703035638643
2023-06-03 13:00:00,79.1333333333333,275.933333333333,121.945828223663,0.982594539556593
2023-06-03 14:00:00,77.5833333333333,276.366666666667,137.080740091284,0.782340507117483
2023-06-03 15:00:00,76.6166666666667,276.116666666667,120.479819190725,0.749944093190515
2023-06-03 16:00:00,88.95,274.5,267.207902027642,0.553848675245838
2023-06-03 17:00:00,84.15,275.85,89.8741688294849,0.0817338967453987
2023-06-03 18:00:00,93.1333333333333,275.05,125.681368572958,0.365127069747387
2023-06-03 19:00:00,99.9666666666667,273.4,275.120887027927,0.776581529653816
2023-06-03 20:00:00,100.0,272.15,276.415599878242,0.899255847240643
2023-06-03 21:00:00,100.0,272.55,233.475372284342,0.0875720311670939
2023-06-03 22:00:00,100.0,272.8,94.0503848391585,0.423953441894577
2023-06-03 23:00:00,100.0,272.666666666667,113.384511537794,0.425751227994307
2023-06-04 00:00:00,100.0,272.35,113.508911774716,0.849255840929481
2023-06-04 01:00:00,100.0,272.266666666667,111.22651843802,0.391657113660922
2023-06-04 02:00:00,100.0,272.116666666667,114.604233396022,0.484266152813867
2023-06-04 03:00:00,100.0,272.016666666667,112.277886885848,0.927440184468992
2023-06-04 04:00:00,100.0,271.883333333333,76.9441883316218,0.751728379363256
2023-06-04 05:00:00,100.0,271.5,306.229940068598,2.0136677425681
2023-06-04 06:00:00,100.0,271.0,285.982432178529,2.56472026063471
2023-06-04 07:00:00,100.0,271.0,286.119944901257,1.89033655850529
2023-06-04 08:00:00,96.1666666666667,270.416666666667,275.590865874029,1.69908884631029
2023-06-04 09:00:00,61.35,270.816666666667,272.381615372556,2.14814602796655
2023-06-04 10:00:00,56.35,273.216666666667,248.736983317689,0.671276951117665
2023-06-04 11:00:00,74.95,274.916666666667,150.069329843011,0.33787723588344
2023-06-04 12:00:00,81.3833333333333,273.7,141.051576920456,0.462683990345416
2023-06-04 13:00:00,97.8666666666667,272.016666666667,264.776194077158,0.792102371282013
2023-06-04 14:00:00,93.4833333333333,274.15,152.776496765938,0.408531782164582
2023-06-04 15:00:00,77.3333333333333,277.066666666667,110.449450264075,0.627857691971741
2023-06-04 16:00:00,87.2833333333334,275.55,111.144868811936,0.396286544088914
2023-06-04 17:00:00,98.2166666666667,274.166666666667,99.5722806561058,0.191263237000938
2023-06-04 18:00:00,97.7833333333333,274.483333333333,107.157629106301,0.0777340841709161
2023-06-04 19:00:00,99.2666666666667,273.3,99.4052798395216,0.268215568604578
2023-06-04 20:00:00,99.65,272.65,140.566064698943,0.796747145984329
2023-06-04 21:00:00,100.0,272.3,138.915040653522,1.61186077589607
2023-06-04 22:00:00,100.0,271.983333333333,147.735422403429,1.77531904085642
2023-06-04 23:00:00,100.0,271.516666666667,143.691224883239,1.30149603903283
2023-06-05 00:00:00,100.0,271.516666666667,147.173122354552,1.61567459295931
2023-06-05 01:00:00,100.0,271.75,140.893292062859,1.36873401190782
2023-06-05 02:00:00,100.0,271.533333333333,127.510698924498,0.834613417782738
2023-06-05 03:00:00,100.0,271.516666666667,121.604321502657,0.729692484822057
2023-06-05 04:00:00,100.0,271.633333333333,130.421587344143,0.790252086334577
2023-06-05 05:00:00,100.0,271.766666666667,115.452927347194,0.443803547473973
2023-06-05 06:00:00,100.0,271.933333333333,122.894602894079,0.694404030011655
2023-06-05 07:00:00,100.0,271.866666666667,127.276287179823,1.0728320716228
2023-06-05 08:00:00,100.0,272.55,126.684008553323,0.804121012229866
2023-06-05 09:00:00,99.7833333333334,274.016666666667,119.279776732199,0.458811719126766
2023-06-05 10:00:00,97.6833333333333,273.833333333333,210.708816156698,0.349846988564451
2023-06-05 11:00:00,99.9833333333333,272.85,214.776636578768,0.932710285077438
2023-06-05 12:00:00,99.9833333333333,273.566666666667,190.268485618875,0.616748235053102
2023-06-05 13:00:00,99.3333333333333,274.033333333333,221.831745579388,1.23390797188797
2023-06-05 14:00:00,100.0,272.816666666667,249.997341255848,1.46746091996716
2023-06-05 15:00:00,100.0,272.4,267.794170404369,2.10970118475253
2023-06-05 16:00:00,100.0,272.416666666667,292.769199570313,1.63548846445274
2023-06-05 17:00:00,100.0,272.266666666667,286.694563981536,2.59891397865482
2023-06-05 18:00:00,100.0,271.766666666667,295.250945254384,3.74075617083344
2023-06-05 19:00:00,100.0,271.4,302.934290203292,3.11862931207169
2023-06-05 20:00:00,100.0,271.233333333333,317.556072845433,1.97679810411713
2023-06-05 21:00:00,100.0,270.55,297.360542287177,2.41777043833113
2023-06-05 22:00:00,100.0,269.75,260.48408737718,2.4837229989042
2023-06-05 23:00:00,100.0,269.666666666667,265.982294439885,2.49183656675945
2023-06-06 00:00:00,100.0,269.8,251.795075380288,2.28637266651188
2023-06-06 01:00:00,100.0,269.866666666667,251.069724224845,2.32290206015235
2023-06-06 02:00:00,100.0,269.933333333333,269.164439079917,2.24410049596831
2023-06-06 03:00:00,100.0,269.783333333333,269.408298604738,2.17389513742547
2023-06-06 04:00:00,100.0,269.8,279.130685359711,2.60858003835313
2023-06-06 05:00:00,100.0,269.7,282.549565887231,3.85788135957983
2023-06-06 06:00:00,100.0,269.883333333333,292.131617357591,3.98288486879705
2023-06-06 07:00:00,100.0,269.95,286.864372260231,3.4529071616482
2023-06-06 08:00:00,100.0,270.35,284.275183389324,2.36248792851797
2023-06-06 09:00:00,100.0,271.066666666667,284.184610424143,2.42488003910724
2023-06-06 10:00:00,100.0,272.283333333333,284.616023068112,0.816162674965624
2023-06-06 11:00:00,100.0,273.166666666667,319.812750081691,0.554153934273754
2023-06-06 12:00:00,100.0,273.516666666667,23.4418957410636,0.407951818676086
2023-06-06 13:00:00,100.0,273.75,1.20240401941641,0.45589766722011
2023-06-06 14:00:00,100.0,273.466666666667,82.1136468241327,0.630909086510178
2023-06-06 15:00:00,100.0,273.566666666667,98.970518127712,0.574318897973431
2023-06-06 16:00:00,100.0,273.266666666667,319.622065621068,0.714751547942224
2023-06-06 17:00:00,100.0,273.283333333333,299.947992653633,0.650370182155403
2023-06-06 18:00:00,100.0,273.516666666667,147.617706966332,0.02729085598947
2023-06-06 19:00:00,100.0,272.8,323.568273971173,0.616348406343067
2023-06-06 20:00:00,100.0,272.016666666667,295.626619882051,2.1076795062824
2023-06-06 21:00:00,100.0,272.1,327.060959325481,0.916821065426647
2023-06-06 22:00:00,100.0,272.083333333333,92.0772258627306,0.650722714442275
2023-06-06 23:00:00,100.0,271.683333333333,93.5734744171879,0.593197347514743
2023-06-07 00:00:00,100.0,271.666666666667,117.245377364476,0.666066998342371
2023-06-07 01:00:00,100.0,271.05,150.109868338856,1.67111530087451
2023-06-07 02:00:00,99.9833333333333,270.916666666667,143.830034182723,1.08624874326476
2023-06-07 03:00:00,99.8833333333333,270.866666666667,145.099370957712,1.33202988867128
2023-06-07 04:00:00,86.3166666666667,270.733333333333,154.026622368217,1.97597652828258
2023-06-07 05:00:00,72.3666666666667,270.783333333333,145.135886611946,1.88689445532104
2023-06-07 06:00:00,68.6666666666667,271.4,148.564687066601,1.76019811963705
2023-06-07 07:00:00,64.1666666666667,272.75,124.036206254424,1.10650188108391
2023-06-07 08:00:00,61.6166666666667,274.8,117.675095390931,0.722845964360346
2023-06-07 09:00:00,70.1666666666667,274.916666666667,116.504990692758,0.596391445554955
2023-06-07 10:00:00,65.1666666666667,276.316666666667,117.840149479737,0.585776058691446
2023-06-07 11:00:00,64.9166666666667,275.933333333333,130.215291686277,0.3485308433353
2023-06-07 12:00:00,66.9166666666667,275.333333333333,216.559976669247,0.368605799539875
2023-06-07 13:00:00,63.7333333333333,275.75,258.162972335386,0.637072663159389
2023-06-07 14:00:00,65.7166666666667,274.816666666667,287.788297564921,1.16048217609216
2023-06-07 15:00:00,57.6333333333333,276.516666666667,357.744437730276,0.0734415566219643
2023-06-07 16:00:00,58.1333333333333,276.666666666667,249.638967181786,0.373305763714841
2023-06-07 17:00:00,71.6166666666667,275.65,269.987090637593,1.16234614873986
2023-06-07 18:00:00,84.1666666666667,274.35,288.008186544552,1.81758765777401
2023-06-07 19:00:00,98.95,273.316666666667,271.95604626063,1.61791880289453
2023-06-07 20:00:00,99.9833333333333,272.95,246.597013249227,0.963620087087706
2023-06-07 21:00:00,100.0,273.116666666667,129.170412782751,0.719152720664249
2023-06-07 22:00:00,100.0,272.733333333333,140.134748002064,0.89611754210849
2023-06-07 23:00:00,90.7166666666667,272.366666666667,149.998176512327,0.480040565591878
2023-06-08 00:00:00,99.3333333333333,272.216666666667,131.114578863682,0.837970265795472
2023-06-08 01:00:00,99.6833333333333,272.166666666667,115.122712192733,0.267377202957984
2023-06-08 02:00:00,99.5833333333333,272.366666666667,115.174983600524,0.553853888353912
2023-06-08 03:00:00,97.3833333333334,271.783333333333,93.2799105044874,0.228110059371525
2023-06-08 04:00:00,95.0333333333333,272.033333333333,263.996162680818,0.216219523292902
2023-06-08 05:00:00,96.0166666666667,272.133333333333,175.400317066912,0.569537645055684
2023-06-08 06:00:00,88.8666666666667,272.55,194.81955701584,0.846028713644658
2023-06-08 07:00:00,74.0666666666667,275.25,145.000826497207,0.764083549777454
2023-06-08 08:00:00,90.65,274.033333333333,122.862096928725,1.08803002152635
2023-06-08 09:00:00,89.05,274.483333333333,128.696926353744,0.874245722715194
2023-06-08 10:00:00,90.9333333333333,274.75,125.957219649523,1.18628398926011
2023-06-08 11:00:00,94.5,274.216666666667,141.221583170073,1.6700368530794
2023-06-08 12:00:00,94.55,274.35,138.179036957427,1.51332024155477
2023-06-08 13:00:00,83.1666666666667,274.516666666667,140.235648925145,2.00725765110505
2023-06-08 14:00:00,97.5833333333333,273.183333333333,146.892052303347,1.80005341866317
2023-06-08 15:00:00,94.0666666666667,274.783333333333,121.902427575824,0.682871712094556
2023-06-08 16:00:00,91.3,275.05,123.855299228152,0.85041284182383
2023-06-08 17:00:00,95.9666666666667,274.4,132.484718152002,1.00935266269781
2023-06-08 18:00:00,99.65,273.533333333333,36.1249882409398,0.294728163126416
2023-06-08 19:00:00,94.7833333333333,273.6,113.865515556076,1.48457732177114
2023-06-08 20:00:00,94.75,273.266666666667,111.400135631017,1.54901397074477
2023-06-08 21:00:00,84.7666666666667,272.516666666667,0.077857836689418,0.92723958730489
2023-06-08 22:00:00,77.6833333333333,272.6,349.326689721686,1.36429707186577
2023-06-08 23:00:00,80.2666666666667,272.483333333333,88.4518219479486,0.17582728149863
2023-06-09 00:00:00,90.2333333333334,271.833333333333,107.074962033344,0.249944267157797
2023-06-09 01:00:00,80.5333333333333,272.2,122.386753851608,1.02833206665665
2023-06-09 02:00:00,79.2666666666667,272.2,128.571575138399,1.16859163640615
2023-06-09 03:00:00,84.3833333333333,271.7,146.233273314516,1.52025343317404
2023-06-09 04:00:00,87.35,271.383333333333,151.670279420003,1.81566210896969
2023-06-09 05:00:00,83.8666666666667,271.75,151.169141456019,1.5880826156942
2023-06-09 06:00:00,76.5,273.083333333333,122.695739489464,1.43393029421547
2023-06-09 07:00:00,75.6833333333333,273.6,46.3004615715929,0.554730024129135
2023-06-09 08:00:00,69.5333333333333,275.383333333333,46.0277983778981,0.249194233866571
2023-06-09 09:00:00,70.6,275.95,98.970144692393,0.440646443917632
2023-06-09 10:00:00,64.4666666666667,277.683333333333,109.642651701247,0.584619492065886
2023-06-09 11:00:00,61.6666666666667,277.566666666667,117.973664990643,0.702633362382714
2023-06-09 12:00:00,65.9166666666667,276.616666666667,102.746279034852,0.216035286504922
2023-06-09 13:00:00,56.2666666666667,277.616666666667,139.378894203558,0.574260819551485
2023-06-09 14:00:00,54.4166666666667,277.7,129.794671279624,0.474762440543303
2023-06-09 15:00:00,56.8833333333333,277.633333333333,78.923513375775,0.216669802674809
2023-06-09 16:00:00,61.55,277.466666666667,118.550925161577,0.486269307478915
2023-06-09 17:00:00,62.7666666666667,277.083333333333,92.0506778013913,0.353130791811821
2023-06-09 18:00:00,66.5333333333334,276.716666666667,84.3765957036439,0.189779804080968
2023-06-09 19:00:00,75.1833333333333,276.45,144.654224101274,0.222609198833316
2023-06-09 20:00:00,84.45,274.983333333333,207.087245404144,0.53973092765249
2023-06-09 21:00:00,99.6833333333333,274.233333333333,165.317409407734,0.351939686795611
2023-06-09 22:00:00,100.0,273.866666666667,122.667397406458,0.932131616044238
2023-06-09 23:00:00,100.0,273.583333333333,127.645391476325,0.691966636102357
2023-06-10 00:00:00,99.9833333333333,273.466666666667,121.186364327211,1.04451046707974
2023-06-10 01:00:00,99.9666666666667,273.35,131.051299157335,1.24955988832069
2023-06-10 02:00:00,99.95,273.233333333333,138.554303276196,1.33529527776433
2023-06-10 03:00:00,99.9166666666667,273.2,135.555966964569,1.55775761232575
2023-06-10 04:00:00,99.95,273.233333333333,133.049821941411,1.68257889353444
2023-06-10 05:00:00,100.0,273.333333333333,20.1919003835612,0.441574012965649
2023-06-10 06:00:00,100.0,273.433333333333,303.903128734364,2.35646988065149
2023-06-10 07:00:00,100.0,273.883333333333,323.837738493118,2.0810321453661
2023-06-10 08:00:00,100.0,273.65,284.061232083092,1.96815692495108
2023-06-10 09:00:00,95.0333333333333,274.683333333333,297.090553719336,1.00388670366462
2023-06-10 10:00:00,86.6333333333333,275.616666666667,285.703721310377,0.876421561545817
2023-06-10 11:00:00,93.5333333333333,274.583333333333,280.320396631366,1.72782468735176
2023-06-10 12:00:00,86.8666666666667,275.016666666667,300.982922486149,2.21191413959635
2023-06-10 13:00:00,83.3166666666667,274.916666666667,298.421031942663,2.65117030525147
2023-06-10 14:00:00,84.8,275.35,306.271290395367,2.60231021546583
2023-06-10 15:00:00,77.4333333333333,276.466666666667,310.858186797605,1.07429312948475
2023-06-10 16:00:00,79.15,276.316666666667,303.562867663702,2.08473321585297
2023-06-10 17:00:00,86.6833333333334,275.716666666667,311.45092373148,2.70978043549822
2023-06-10 18:00:00,99.7,274.85,298.88623820561,3.19482508565746
2023-06-10 19:00:00,100.0,274.416666666667,292.951878382973,3.66357466812053
2023-06-10 20:00:00,100.0,274.333333333333,295.038307144583,3.65009037804253
2023-06-10 21:00:00,100.0,273.466666666667,283.676743786066,4.05065214546114
2023-06-10 22:00:00,100.0,273.516666666667,277.792066491956,2.82939649781738
2023-06-10 23:00:00,100.0,273.433333333333,299.201640638519,3.25670580275426
2023-06-11 00:00:00,100.0,272.966666666667,291.611787395893,2.4427751314601
2023-06-11 01:00:00,100.0,272.9,289.774216442189,1.47134531737457
2023-06-11 02:00:00,100.0,272.8,296.419148751747,1.95820065052169
2023-06-11 03:00:00,100.0,272.566666666667,297.196912547053,2.56443648565124
2023-06-11 04:00:00,100.0,272.55,274.405240301155,3.38010764347296
2023-06-11 05:00:00,100.0,272.433333333333,277.910667051268,3.9960861029099
2023-06-11 06:00:00,100.0,272.516666666667,293.799665410465,3.75240114921852
2023-06-11 07:00:00,100.0,272.55,297.559016185055,2.87755490306011
2023-06-11 08:00:00,100.016666666667,272.65,289.59085152541,2.38183024314572
2023-06-11 09:00:00,100.033333333333,272.75,269.726269045064,1.94930004783667
2023-06-11 10:00:00,100.1,273.15,229.286529827645,1.68272310787227
2023-06-11 11:00:00,100.066666666667,273.533333333333,235.485724447971,2.42270790573519
2023-06-11 12:00:00,100.05,273.55,234.19870852751,2.90919883778846
2023-06-11 13:00:00,100.033333333333,274.1,247.88266706103,1.6039059683771
2023-06-11 14:00:00,100.016666666667,274.8,293.179800326617,0.987354337478221
2023-06-11 15:00:00,96.35,275.616666666667,301.230892270842,0.80495670583618
2023-06-11 16:00:00,93.8833333333333,275.35,297.203697040318,2.15488952139696
2023-06-11 17:00:00,98.9,274.533333333333,306.816471087377,2.08936579475641
2023-06-11 18:00:00,99.05,273.9,308.254345558448,2.00561533796981
2023-06-11 19:00:00,97.8333333333333,274.633333333333,319.399656702131,1.22078373742974
2023-06-11 20:00:00,99.9666666666667,274.333333333333,263.208628966583,0.181921008605622
2023-06-11 21:00:00,99.9333333333333,273.483333333333,246.111718127885,0.534621475030701
2023-06-11 22:00:00,99.9833333333333,273.033333333333,256.74699150312,0.1839322298928
2023-06-11 23:00:00,99.9666666666667,273.016666666667,106.389769320593,0.546253252321113
2023-06-12 00:00:00,100.0,272.666666666667,130.938181036098,1.11086320159025
2023-06-12 01:00:00,95.3166666666667,272.633333333333,138.572931673006,1.33551417131647
2023-06-12 02:00:00,98.4666666666667,272.45,126.768938132165,1.26338021559038
2023-06-12 03:00:00,99.9666666666667,272.416666666667,149.481942629441,2.28729811393505
2023-06-12 04:00:00,91.5666666666667,272.683333333333,103.354804011198,1.86853168363225
2023-06-12 05:00:00,79.0166666666667,272.816666666667,111.533170585885,1.7639005924767
2023-06-12 06:00:00,70.4,274.25,54.4972673995266,1.11607399675115
2023-06-12 07:00:00,70.2,274.233333333333,57.9199251863847,1.21980510335027
2023-06-12 08:00:00,63.4166666666667,274.366666666667,347.785128447891,1.77083642748823
2023-06-12 09:00:00,58.1833333333333,273.616666666667,315.216026573314,2.66398477422928
2023-06-12 10:00:00,51.25,275.183333333333,277.999177168474,0.853039819559553
2023-06-12 11:00:00,57.7,277.183333333333,170.805010394808,0.130530087807657
2023-06-12 12:00:00,63.15,277.35,121.784050299991,0.652793185639434
2023-06-12 13:00:00,59.4,277.616666666667,122.578173719088,0.610211938105599
2023-06-12 14:00:00,53.7166666666667,278.383333333333,133.379041997795,0.827358288383395
2023-06-12 15:00:00,52.3833333333334,278.583333333333,136.282561031679,0.457840117895278
2023-06-12 16:00:00,59.4,278.583333333333,136.972017443598,0.484763244806344
2023-06-12 17:00:00,68.8,277.266666666667,281.527065960091,0.513455511317214
2023-06-12 18:00:00,87.3333333333333,275.9,310.607688165858,2.2668512082535
2023-06-12 19:00:00,99.5833333333333,274.616666666667,296.283116094789,3.19854474591286
2023-06-12 20:00:00,100.0,274.266666666667,283.32549428065,2.51311337718219
2023-06-12 21:00:00,100.0,274.133333333333,293.819166617611,1.58961400719563
2023-06-12 22:00:00,100.0,273.766666666667,311.213452627654,1.4725061374825
2023-06-12 23:00:00,100.0,274.0,107.48016252247,0.773540646470845
2023-06-13 00:00:00,100.0,273.533333333333,133.430052277786,1.30887507252939
2023-06-13 01:00:00,100.016666666667,273.1,143.915654590332,1.33803559259953
2023-06-13 02:00:00,100.016666666667,273.116666666667,142.107602282121,1.56405182562026
2023-06-13 03:00:00,100.0,273.016666666667,144.72710254298,2.07586906394174
2023-06-13 04:00:00,98.7666666666667,272.733333333333,143.080979089199,1.52265545998678
2023-06-13 05:00:00,94.55,272.95,139.448497860549,1.30967734069876
2023-06-13 06:00:00,76.3666666666667,275.616666666667,129.939429908969,1.33259844660942
2023-06-13 07:00:00,71.4333333333333,276.216666666667,122.683304246599,1.37734171879623
2023-06-13 08:00:00,66.0666666666667,276.25,120.982981352058,1.24358223460271
2023-06-13 09:00:00,65.1666666666667,275.683333333333,109.392631113434,1.03356843329134
2023-06-13 10:00:00,60.75,277.4,131.127822940798,1.1023119668714
2023-06-13 11:00:00,67.3833333333333,276.5,136.599363780376,0.4783084644591
2023-06-13 12:00:00,65.8666666666667,276.616666666667,149.871672761084,0.0613897008074754
2023-06-13 13:00:00,62.9166666666667,276.833333333333,274.083335113719,0.377319600845966
2023-06-13 14:00:00,52.7333333333333,278.1,214.793256699446,0.172658459093062
2023-06-13 15:00:00,53.0333333333333,278.25,219.376797577946,0.330028166633469
2023-06-13 16:00:00,63.85,276.883333333333,292.637945489947,1.84777132437989
2023-06-13 17:00:00,71.5833333333333,275.916666666667,296.059893635461,2.88996679918284
2023-06-13 18:00:00,80.8333333333333,275.933333333333,313.435077091271,2.23529343249986
2023-06-13 19:00:00,95.45,274.733333333333,308.604776899928,2.44630259012126
2023-06-13 20:00:00,100.0,273.833333333333,290.998109133834,2.00210794207208
2023-06-13 21:00:00,100.0,273.516666666667,272.065226991834,1.6899331182027
2023-06-13 22:00:00,100.0,273.2,260.806227369858,0.847465315134477
2023-06-13 23:00:00,100.0,273.133333333333,248.054344637388,0.0587966478300719
2023-06-14 00:00:00,100.016666666667,272.816666666667,125.730814493269,0.515241178512879
2023-06-14 01:00:00,100.033333333333,272.416666666667,144.356609044796,0.881386629453093
2023-06-14 02:00:00,100.016666666667,272.216666666667,154.093994648005,1.18478372744027
2023-06-14 03:00:00,100.016666666667,271.866666666667,143.096639489702,1.41484475693515
2023-06-14 04:00:00,100.016666666667,271.416666666667,151.623856788459,1.5667563839127
2023-06-14 05:00:00,99.1666666666667,271.45,147.333297773668,2.80103672774667
2023-06-14 06:00:00,76.5333333333333,272.633333333333,139.599512156058,1.77352370664258
2023-06-14 07:00:00,65.8833333333334,273.183333333333,103.258665546219,0.963517095827053
2023-06-14 08:00:00,50.0666666666667,275.6,84.6294508862822,0.602923288704621
2023-06-14 09:00:00,54.35,275.733333333333,107.145929075941,0.58353463602888
2023-06-14 10:00:00,81.5666666666667,273.283333333333,211.637761249008,0.481862668267793
2023-06-14 11:00:00,76.85,274.75,139.372372077449,0.477319221555192
2023-06-14 12:00:00,76.2166666666667,274.533333333333,232.169356806551,0.29653178630334
2023-06-14 13:00:00,67.8,275.316666666667,161.279966137478,0.380752127205192
2023-06-14 14:00:00,63.0666666666667,276.466666666667,156.385543320191,0.346866634152041
2023-06-14 15:00:00,61.5666666666667,276.816666666667,127.035825832037,0.167523659026249
2023-06-14 16:00:00,59.0333333333333,276.766666666667,230.559955564014,0.249297348425894
2023-06-14 17:00:00,69.3,275.5,303.475515598332,1.48649858392133
2023-06-14 18:00:00,77.8,274.583333333333,309.88572339732,1.33377897397026
2023-06-14 19:00:00,86.8666666666667,273.966666666667,326.988695760459,1.31530812930012
2023-06-14 20:00:00,97.35,273.1,319.901889545955,0.886608666107598
2023-06-14 21:00:00,99.9166666666667,272.716666666667,78.3060058356349,0.183264413098948
2023-06-14 22:00:00,99.9,272.616666666667,120.161446425669,1.10605385931703
2023-06-14 23:00:00,99.9166666666667,272.066666666667,125.858312012026,1.14656897153631
2023-06-15 00:00:00,99.9666666666667,271.6,135.382800630055,1.0823596566076
2023-06-15 01:00:00,100.0,271.183333333333,147.552062626468,1.76779172819382
2023-06-15 02:00:00,99.6333333333333,270.45,138.002374299335,1.18023578109399
2023-06-15 03:00:00,99.0,270.283333333333,136.00598389994,1.28771454324613
2023-06-15 04:00:00,99.9666666666667,270.083333333333,139.669593833059,1.27647469839149
2023-06-15 05:00:00,99.95,269.883333333333,141.462288416067,1.85268574177023
2023-06-15 06:00:00,98.2333333333333,270.083333333333,133.914291483538,1.71348525735454
2023-06-15 07:00:00,82.4,270.366666666667,108.809263968743,1.06408131616901
2023-06-15 08:00:00,77.6666666666667,271.166666666667,126.242571673436,1.33350995272022
2023-06-15 09:00:00,74.75,271.366666666667,116.488994390918,0.961697139895997
2023-06-15 10:00:00,70.1333333333333,272.5,73.0292354612331,0.183830347086358
2023-06-15 11:00:00,64.2833333333334,273.916666666667,124.292810859546,0.903361563623761
2023-06-15 12:00:00,63.3,274.65,135.674236396708,1.05202313827125
2023-06-15 13:00:00,63.7833333333333,274.833333333333,139.728089414102,1.05766455180878
2023-06-15 14:00:00,66.9833333333333,274.2,15.6997609059104,0.130404285635674
2023-06-15 15:00:00,70.0166666666667,274.25,179.112626857726,0.0971389858396323
2023-06-15 16:00:00,71.6333333333333,274.183333333333,306.504463880092,1.06451930830909
2023-06-15 17:00:00,81.4666666666667,273.433333333333,327.860191164911,0.875735468518775
2023-06-15 18:00:00,86.4333333333333,273.3,78.0344170448109,0.177210564694555
2023-06-15 19:00:00,99.15,272.266666666667,315.021580295389,0.575028457915111
2023-06-15 20:00:00,100.0,271.733333333333,352.51904830413,0.8988127084075
2023-06-15 21:00:00,100.0,271.533333333333,0.276906650153137,0.400539599400003
2023-06-15 22:00:00,99.9666666666667,271.383333333333,147.555421980137,2.24247552866671
2023-06-15 23:00:00,97.5166666666667,271.05,141.263582750013,1.80256905490089
2023-06-16 00:00:00,100.0,270.616666666667,127.104263839589,0.580245713054027
2023-06-16 01:00:00,100.0,270.066666666667,132.4662802074,1.34741714295291
2023-06-16 02:00:00,100.0,270.0,98.8652413329484,0.959453256781363
2023-06-16 03:00:00,100.0,270.05,4.47652749458501,0.80081758107233
2023-06-16 04:00:00,100.0,270.15,6.60638677476203,0.412087304773313
2023-06-16 05:00:00,100.0,269.866666666667,88.2908094136527,0.615870419429304
2023-06-16 06:00:00,100.0,269.366666666667,63.811856806672,1.08775339280771
2023-06-16 07:00:00,100.0,269.216666666667,15.3616874254859,1.16718860173388
2023-06-16 08:00:00,100.0,269.316666666667,82.6759614572177,0.527420044547066
2023-06-16 09:00:00,100.0,269.85,12.9845708315697,0.582520538013869
2023-06-16 10:00:00,100.0,270.266666666667,128.35428719528,1.35413200096411
2023-06-16 11:00:00,93.5833333333333,271.166666666667,137.780773741744,2.21339214116508
2023-06-16 12:00:00,79.45,272.416666666667,129.231057639107,1.74194931722108
2023-06-16 13:00:00,81.7,272.983333333333,139.679882324334,1.8531696053584
2023-06-16 14:00:00,79.8166666666667,273.65,139.654847239385,1.4861752369809
2023-06-16 15:00:00,89.35,273.083333333333,146.933688489459,1.67305830697267
2023-06-16 16:00:00,99.9833333333333,271.133333333333,19.0952942727948,0.400253233546054
2023-06-16 17:00:00,100.0,271.216666666667,114.609215883347,1.80450027283399
2023-06-16 18:00:00,100.0,270.833333333333,137.902086943314,1.18349569429024
2023-06-16 19:00:00,100.0,270.533333333333,46.254978734007,0.928969226431764
2023-06-16 20:00:00,100.0,270.45,109.138499662503,0.843948211708343
2023-06-16 21:00:00,100.0,270.366666666667,114.879309691257,0.603691870538583
2023-06-16 22:00:00,100.0,270.25,133.992385585404,2.05754709692204
2023-06-16 23:00:00,100.0,270.15,124.111536454088,1.02346049419492
2023-06-17 00:00:00,100.0,270.016666666667,52.3811855020909,0.66537911282182
2023-06-17 01:00:00,100.0,269.633333333333,31.3170982439671,1.1317791339433
2023-06-17 02:00:00,100.0,268.933333333333,77.6428815022149,1.30106043422516
2023-06-17 03:00:00,100.0,268.8,89.1925876887115,1.01819853933732
2023-06-17 04:00:00,100.0,268.683333333333,84.2257755943227,0.678953931442496
2023-06-17 05:00:00,99.9,268.6,33.6075301386464,1.15823407639013
2023-06-17 06:00:00,97.85,269.016666666667,127.508673279349,2.28020626761878
2023-06-17 07:00:00,97.95,269.3,138.483974462907,2.5161223574345
2023-06-17 08:00:00,90.8666666666667,270.25,96.4825636549175,1.57697643689559
2023-06-17 09:00:00,84.0,271.333333333333,129.653101093591,2.34810411070521
2023-06-17 10:00:00,78.2166666666667,272.05,125.808275905434,1.53585834422908
2023-06-17 11:00:00,74.2,272.85,111.12485912499,0.619185210771376
2023-06-17 12:00:00,68.7666666666667,273.933333333333,139.551920071938,0.912173063256464
2023-06-17 13:00:00,62.5166666666667,275.15,145.298279960271,1.47584166715929
2023-06-17 14:00:00,56.0,276.516666666667,136.671236473068,1.45696821954663
2023-06-17 15:00:00,54.8666666666667,276.783333333333,122.085680880883,1.36069742114779
2023-06-17 16:00:00,55.7333333333333,276.95,130.376916441398,1.51706039360731
2023-06-17 17:00:00,57.5833333333333,276.8,139.700817269301,1.45316821870991
2023-06-17 18:00:00,59.6166666666667,276.5,134.432381995956,1.43227430657494
2023-06-17 19:00:00,62.9333333333333,275.8,120.966273633801,1.3335047257956
2023-06-17 20:00:00,67.8666666666667,274.733333333333,114.845863680992,0.744098365029065
2023-06-17 21:00:00,74.0666666666667,273.783333333333,125.852201463704,1.25047244887316
2023-06-17 22:00:00,78.9666666666667,273.166666666667,130.901217951545,1.18336177970377
2023-06-17 23:00:00,79.3166666666667,272.7,149.527615444586,1.7784451228695
2023-06-18 00:00:00,73.75,272.45,151.541680826789,2.24959498965819
2023-06-18 01:00:00,71.3833333333334,272.216666666667,149.715520602429,2.68145010031565
2023-06-18 02:00:00,76.6833333333333,272.3,156.475664179964,3.2872328525851
2023-06-18 03:00:00,78.1166666666667,272.283333333333,148.70785843356,3.03335400695546
2023-06-18 04:00:00,77.2,272.466666666667,146.60622024873,3.69058722632032
2023-06-18 05:00:00,78.1,272.583333333333,145.26538040282,3.43223668314463
2023-06-18 06:00:00,76.1833333333333,273.433333333333,135.247561983138,2.87639787478255
2023-06-18 07:00:00,72.2333333333333,274.133333333333,133.53628611944,2.43845790183761
2023-06-18 08:00:00,69.2833333333333,275.233333333333,125.740128576518,1.75564668783604
2023-06-18 09:00:00,62.05,276.883333333333,122.429415465029,1.12551019000803
2023-06-18 10:00:00,53.2666666666667,279.266666666667,117.114578671545,1.16941782183252
2023-06-18 11:00:00,52.5,279.833333333333,128.154826292152,1.51882786473658
2023-06-18 12:00:00,52.5833333333333,280.166666666667,132.704373296196,1.37569881396187
2023-06-18 13:00:00,53.3833333333333,279.833333333333,136.226951495032,1.2069198685136
2023-06-18 14:00:00,54.8666666666667,279.85,140.630755758232,1.08218243800976
2023-06-18 15:00:00,54.15,280.216666666667,131.953689769946,0.781917708544797
2023-06-18 16:00:00,62.5666666666667,280.45,138.510333257753,0.602199147611414
2023-06-18 17:00:00,71.0666666666667,279.6,128.689886278433,1.10661673710287
2023-06-18 18:00:00,77.75,278.95,128.436669324352,0.86599370900087
2023-06-18 19:00:00,83.3666666666667,278.65,134.231561732294,0.932603639946148
2023-06-18 20:00:00,94.7666666666667,277.65,135.99515641957,1.06956164924122
2023-06-18 21:00:00,99.8833333333333,277.116666666667,127.127353774104,0.918725995357202
2023-06-18 22:00:00,99.9833333333333,276.85,125.502611025948,1.42320005580165
2023-06-18 23:00:00,100.0,276.683333333333,126.01816403792,1.56288237666532
2023-06-19 00:00:00,100.0,276.366666666667,124.431819672572,1.24896231986362
2023-06-19 01:00:00,99.9166666666667,276.15,66.1406360731984,0.515604317916745
2023-06-19 02:00:00,99.95,275.9,95.0943945535106,0.776165982664326
2023-06-19 03:00:00,99.75,275.9,9.98759225621075,0.763390622250751
2023-06-19 04:00:00,98.8166666666667,275.733333333333,74.3241541894576,0.569855699263427
2023-06-19 05:00:00,92.1166666666667,275.966666666667,109.722373602443,0.786630505906611
2023-06-19 06:00:00,88.2666666666667,276.4,99.2739167092031,0.439185681800888
2023-06-19 07:00:00,84.3333333333334,277.116666666667,349.11176927616,1.31318018680031
2023-06-19 08:00:00,83.95,277.433333333333,325.579358846184,1.15366864917569
2023-06-19 09:00:00,84.9333333333333,277.55,191.558838740754,0.163621785227922
2023-06-19 10:00:00,79.5333333333334,278.983333333333,134.799756051173,0.977824218262684
2023-06-19 11:00:00,82.8833333333333,278.416666666667,149.328472235507,0.898897432928033
2023-06-19 12:00:00,81.55,278.8,158.546887026792,1.03181815382854
2023-06-19 13:00:00,73.7,279.933333333333,128.625574904455,1.29397982215906
2023-06-19 14:00:00,77.6166666666667,279.75,154.303980328023,0.689207259294187
2023-06-19 15:00:00,78.0666666666667,279.583333333333,168.886911423935,0.753780686034698
2023-06-19 16:00:00,78.0833333333333,279.866666666667,124.161368202425,1.70320416955848
2023-06-19 17:00:00,78.2166666666667,279.3,124.165332216095,1.23393053489211
2023-06-19 18:00:00,75.4666666666667,279.116666666667,123.743357523822,1.31438773732908
2023-06-19 19:00:00,82.2,278.2,131.156424590958,1.96295494309052
2023-06-19 20:00:00,98.05,277.383333333333,137.862688463095,2.0434504990326
2023-06-19 21:00:00,98.1333333333333,276.783333333333,145.494612739137,3.03532064039081
2023-06-19 22:00:00,99.75,276.833333333333,146.703054189464,2.76476099288879
2023-06-19 23:00:00,99.9666666666667,276.65,131.568672726117,1.91036230253859
2023-06-20 00:00:00,99.9333333333333,276.533333333333,137.012220734327,1.53047499005018
2023-06-20 01:00:00,94.8,276.733333333333,131.712314053612,1.88356070802393
2023-06-20 02:00:00,84.0666666666667,277.033333333333,145.140563911065,1.59880535962161
2023-06-20 03:00:00,89.6333333333333,276.8,145.82620298796,2.73459711847439
2023-06-20 04:00:00,94.15,276.716666666667,141.646876293859,1.76823569629498
2023-06-20 05:00:00,95.3666666666667,276.666666666667,138.55478419505,2.09138536307184
2023-06-20 06:00:00,86.65,277.783333333333,137.273013619776,2.32748236649119
2023-06-20 07:00:00,85.3,278.466666666667,142.601155111016,2.29199834676368
2023-06-20 08:00:00,85.8,278.566666666667,139.45609524922,2.86132137760996
2023-06-20 09:00:00,81.9333333333333,279.133333333333,132.160917278187,3.09601179398325
2023-06-20 10:00:00,71.1333333333333,281.016666666667,126.287565764435,2.0865012484487
2023-06-20 11:00:00,63.8,282.4,130.482821924015,1.83654346521106
2023-06-20 12:00:00,57.3833333333333,283.216666666667,130.86816120487,1.87901645258677
2023-06-20 13:00:00,56.9833333333333,283.283333333333,134.506655200256,2.62895551506671
2023-06-20 14:00:00,61.5666666666667,283.666666666667,132.883505754813,2.20973902873107
2023-06-20 15:00:00,67.1166666666667,283.033333333333,132.587131441069,2.73683234761504
2023-06-20 16:00:00,63.9166666666667,283.05,133.061881477235,2.4572960745244
2023-06-20 17:00:00,66.1666666666667,282.683333333333,127.215699455098,2.51969892112307
2023-06-20 18:00:00,66.4,282.45,130.354813754938,2.23051056433717
2023-06-20 19:00:00,66.7333333333333,281.8,126.383646787178,2.15941924096624
2023-06-20 20:00:00,71.4,280.783333333333,128.101731882591,2.63201845151827
2023-06-20 21:00:00,79.4333333333333,279.866666666667,145.588915976451,2.27352285969184
2023-06-20 22:00:00,81.65,279.483333333333,148.396845772281,3.52925584891475
2023-06-20 23:00:00,65.8833333333334,280.066666666667,148.568690032982,3.05084007734329
2023-06-21 00:00:00,65.05,279.916666666667,153.355814898395,3.1443493907621
2023-06-21 01:00:00,70.5833333333333,279.516666666667,146.757269813306,3.35473585732684
2023-06-21 02:00:00,65.45,279.766666666667,145.192014206763,3.1966355702493
2023-06-21 03:00:00,61.2833333333333,279.9,146.391183867288,2.92398614880085
2023-06-21 04:00:00,60.6833333333333,279.716666666667,145.339151375276,3.044528729059
2023-06-21 05:00:00,58.75,279.75,150.557334551725,3.32616361538317
2023-06-21 06:00:00,54.8,280.466666666667,135.139529964534,3.70527154760494
2023-06-21 07:00:00,52.7,280.85,131.257721784595,3.5232430853064
2023-06-21 08:00:00,51.8166666666667,281.216666666667,130.474481772419,3.07543204012186
2023-06-21 09:00:00,48.2166666666667,282.016666666667,124.002650983982,2.58702874125641
2023-06-21 10:00:00,42.6333333333333,283.15,122.199438706096,2.96462604349531
2023-06-21 11:00:00,40.95,283.916666666667,129.055010186465,3.21161607805314
2023-06-21 12:00:00,43.1666666666667,284.483333333333,124.929969222953,1.53294965004072
2023-06-21 13:00:00,46.5,284.383333333333,125.954852520496,2.14023239156908
2023-06-21 14:00:00,46.2833333333333,284.716666666667,127.359675664209,1.70219165981954
2023-06-21 15:00:00,62.6833333333333,282.116666666667,138.254741102708,3.71682120211581
2023-06-21 16:00:00,53.1,283.633333333333,135.080859852475,2.40567233421407
2023-06-21 17:00:00,47.7166666666667,284.216666666667,130.780747895531,2.52607871741247
2023-06-21 18:00:00,47.5833333333333,283.816666666667,135.437092597469,1.91575400684865
2023-06-21 19:00:00,51.8333333333333,283.25,125.544584510223,0.847346613835387
2023-06-21 20:00:00,71.9,281.35,136.611460912164,2.0175948135211
2023-06-21 21:00:00,69.4666666666667,280.933333333333,133.58770945564,2.86124983335944
2023-06-21 22:00:00,60.4166666666667,281.366666666667,149.594888971791,3.20391803802341
2023-06-21 23:00:00,56.7833333333333,281.45,137.577747840629,3.40343264196768
2023-06-22 00:00:00,58.5,281.2,137.200113473068,2.47223951813225
2023-06-22 01:00:00,58.8333333333333,280.9,130.347662072595,3.88518582238353
2023-06-22 02:00:00,59.8166666666667,280.75,126.195819182598,3.80483224862957
2023-06-22 03:00:00,52.85,281.083333333333,136.363537975635,5.23772191727008
2023-06-22 04:00:00,50.7166666666667,281.15,138.861175363274,5.46283228173023
2023-06-22 05:00:00,56.1833333333333,280.816666666667,139.633090965518,5.36821961705814
2023-06-22 06:00:00,58.2333333333333,280.916666666667,137.817277048483,5.00569980507177
2023-06-22 07:00:00,54.0166666666667,281.266666666667,142.607866962104,5.5517637397379
2023-06-22 08:00:00,53.8833333333333,281.05,136.142223717241,5.6898977597456
2023-06-22 09:00:00,48.9333333333333,281.516666666667,138.883504193521,6.06059077691449
2023-06-22 10:00:00,47.2166666666667,281.95,128.650672802744,3.82515427068922
2023-06-22 11:00:00,48.5833333333333,282.75,126.500800212144,2.79771484958882
2023-06-22 12:00:00,50.1666666666667,283.2,125.581265734991,3.85268394350918
2023-06-22 13:00:00,48.5833333333333,284.283333333333,123.97685118546,2.32539637724449
2023-06-22 14:00:00,50.4166666666667,284.266666666667,128.838834186037,2.49220150903394
2023-06-22 15:00:00,52.7833333333333,284.833333333333,136.605460273971,2.57888051264696
2023-06-22 16:00:00,57.2833333333333,283.783333333333,135.178982165833,3.51803178347056
2023-06-22 17:00:00,77.4,282.3,139.610353718729,3.2445587223003
2023-06-22 18:00:00,83.95,281.683333333333,140.818903231576,3.13230261383455
2023-06-22 19:00:00,81.3666666666667,281.183333333333,140.787770625649,3.12545259899334
2023-06-22 20:00:00,68.4,280.933333333333,143.607604701519,4.34450044071409
2023-06-22 21:00:00,70.5,280.166666666667,138.842931571845,3.95810309364634
2023-06-22 22:00:00,81.8333333333333,279.15,144.828739838585,4.18209846887008
2023-06-22 23:00:00,90.9166666666667,278.1,137.11735617128,4.29129958226698
2023-06-23 00:00:00,83.4666666666667,278.2,139.700329136386,3.5906434642714
2023-06-23 01:00:00,82.7,277.916666666667,133.553372657549,2.90140618540706
2023-06-23 02:00:00,84.6,277.616666666667,130.896089139157,2.50022097684802
2023-06-23 03:00:00,87.55,277.2,138.734636249045,2.5691593530226
2023-06-23 04:00:00,96.7333333333333,276.033333333333,143.044428885069,2.45281642566882
2023-06-23 05:00:00,99.9666666666667,275.4,147.753657818202,3.41416117113114
2023-06-23 06:00:00,99.9166666666667,275.166666666667,151.186572222145,3.32622271619372
2023-06-23 07:00:00,100.0,274.716666666667,140.505754473682,1.72929841854855
2023-06-23 08:00:00,100.0,274.75,130.507553879846,1.66145393100194
2023-06-23 09:00:00,100.0,274.783333333333,143.783285095119,2.45769938939955
2023-06-23 10:00:00,100.0,274.633333333333,103.119709588257,1.08075669905928
2023-06-23 11:00:00,100.0,274.483333333333,121.660494919974,1.34154992478842
2023-06-23 12:00:00,100.0,274.083333333333,349.910633395048,0.712254554924773
2023-06-23 13:00:00,100.0,274.15,123.187576945231,1.8099465960898
2023-06-23 14:00:00,100.016666666667,273.783333333333,137.183529115046,0.110807120476028
2023-06-23 15:00:00,100.016666666667,273.533333333333,142.454143534143,2.26019679400711
2023-06-23 16:00:00,99.9833333333333,273.533333333333,132.491043533431,1.87275242055525
2023-06-23 17:00:00,99.35,273.566666666667,130.428167613284,0.907316479422857
2023-06-23 18:00:00,99.9833333333333,272.983333333333,359.644963133523,1.39531326625575
2023-06-23 19:00:00,100.033333333333,272.25,336.297252647805,3.7247869402142
2023-06-23 20:00:00,100.0,272.05,347.737298588394,1.20836814110631
2023-06-23 21:00:00,100.016666666667,271.7,4.54374294040599,2.36607852062629
2023-06-23 22:00:00,100.033333333333,271.45,19.6770743016692,2.6866366453642
2023-06-23 23:00:00,100.0,271.466666666667,4.98653877489289,3.75199582287986
2023-06-24 00:00:00,100.016666666667,271.15,346.156201491799,3.35017414794323
2023-06-24 01:00:00,100.0,270.916666666667,348.875278219679,4.36544693267072
2023-06-24 02:00:00,100.033333333333,271.083333333333,339.664359017598,3.3302730353144
2023-06-24 03:00:00,100.033333333333,271.333333333333,333.920056881788,3.64957610637416
2023-06-24 04:00:00,100.016666666667,271.366666666667,334.101853328363,3.54585551631107
2023-06-24 05:00:00,100.033333333333,271.433333333333,328.486654409485,2.5671167796713
2023-06-24 06:00:00,100.016666666667,271.466666666667,323.763635802948,3.03848938075234
2023-06-24 07:00:00,100.05,272.016666666667,307.25582168355,4.35913462728325
2023-06-24 08:00:00,100.016666666667,272.533333333333,325.598844564671,4.39958009465837
2023-06-24 09:00:00,100.016666666667,273.05,314.181425125408,3.63837972319365
2023-06-24 10:00:00,100.05,273.316666666667,284.942531689906,3.76940308767657
2023-06-24 11:00:00,100.083333333333,273.7,290.568695645211,3.68796079880709
2023-06-24 12:00:00,100.1,273.333333333333,302.181237580631,2.93983673231527
2023-06-24 13:00:00,100.1,274.233333333333,317.091643967279,1.03247253675127
2023-06-24 14:00:00,100.1,274.466666666667,291.666399351638,0.893148045308747
2023-06-24 15:00:00,100.1,275.283333333333,53.3108365646818,0.111560913306734
2023-06-24 16:00:00,100.1,275.6,357.529308967886,0.221129246833088
2023-06-24 17:00:00,100.066666666667,275.583333333333,281.937117235227,0.619543792453464
2023-06-24 18:00:00,97.1,276.0,285.766261720384,0.997615598600409
2023-06-24 19:00:00,88.2,276.566666666667,129.397608343856,0.221385520984467
2023-06-24 20:00:00,82.0,276.183333333333,101.371135228132,0.562106673118008
2023-06-24 21:00:00,67.0833333333333,275.866666666667,321.161621742393,1.80862416785216
2023-06-24 22:00:00,54.4166666666667,275.816666666667,307.071839581739,2.4212582068352
2023-06-24 23:00:00,55.0666666666667,275.65,300.055302252745,2.49221322463727
2023-06-25 00:00:00,36.3166666666667,276.216666666667,277.096359269209,2.62889082874524
2023-06-25 01:00:00,21.7,276.65,271.998788776759,2.43770922648221
2023-06-25 02:00:00,16.0333333333333,276.7,290.67512067901,2.96155633701499
2023-06-25 03:00:00,9.41666666666667,276.833333333333,297.075017410333,3.98152970697683
2023-06-25 04:00:00,6.4,276.983333333333,306.367366369016,4.19216644093534
2023-06-25 05:00:00,12.75,276.983333333333,311.827487456719,4.67079995152008
2023-06-25 06:00:00,31.55,277.283333333333,325.822178173615,4.47400895387109
2023-06-25 07:00:00,30.1166666666667,277.65,301.312163106912,4.27782594015163
2023-06-25 08:00:00,30.4666666666667,277.566666666667,305.826433726648,3.5360716920631
2023-06-25 09:00:00,29.7166666666667,277.833333333333,314.149781264688,2.10192534416378
2023-06-25 10:00:00,29.0833333333333,279.45,328.710403198445,0.110168551244602
2023-06-25 11:00:00,31.5833333333333,281.266666666667,109.439970433509,0.200342973947373
2023-06-25 12:00:00,38.2666666666667,281.383333333333,121.368449477017,1.61016012543023
2023-06-25 13:00:00,40.35,281.816666666667,138.075651631838,1.59328328572895
2023-06-25 14:00:00,39.4333333333333,282.383333333333,143.27830915727,1.60436037219919
2023-06-25 15:00:00,37.0333333333333,283.066666666667,137.527039788053,1.69190722794413
2023-06-25 16:00:00,38.2833333333333,282.85,136.617573027417,1.09167846577573
2023-06-25 17:00:00,45.8333333333333,282.283333333333,143.306208348803,1.04863686463506
2023-06-25 18:00:00,53.5166666666667,281.716666666667,139.307732656511,1.06111805009257
2023-06-25 19:00:00,59.7666666666667,281.1,131.68010304699,2.28867718097054
2023-06-25 20:00:00,71.3833333333334,279.666666666667,137.191541402707,1.96339279778528
2023-06-25 21:00:00,83.1333333333333,278.516666666667,134.494653380785,2.58869994628621
2023-06-25 22:00:00,84.8666666666667,277.7,137.377631069359,2.02134568583222
2023-06-25 23:00:00,73.3,277.2,130.103070294095,2.7065398811902
2023-06-26 00:00:00,67.9166666666667,276.85,144.125902533502,3.30539405484876
2023-06-26 01:00:00,70.0833333333333,276.4,129.377149303755,3.261998369606
2023-06-26 02:00:00,69.4666666666667,276.0,130.819427673665,3.23015237760215
2023-06-26 03:00:00,74.7333333333333,275.55,136.631682227981,4.24613402098016
2023-06-26 04:00:00,79.9166666666667,275.1,126.71575364036,2.73435008042927
2023-06-26 05:00:00,87.8833333333333,274.966666666667,123.659764974466,3.21907084794098
2023-06-26 06:00:00,89.5833333333333,275.433333333333,94.4408905439477,1.74005063752282
2023-06-26 07:00:00,88.8166666666667,275.95,89.2757973282556,1.78974495141708
2023-06-26 08:00:00,87.5,276.05,120.211518645737,2.48376068161496
2023-06-26 09:00:00,80.2,276.566666666667,129.421394145579,2.64515610865286
2023-06-26 10:00:00,71.15,277.783333333333,114.559727329176,0.66648384134121
2023-06-26 11:00:00,61.9,279.483333333333,139.936884999811,1.78317713705557
2023-06-26 12:00:00,56.4,280.766666666667,151.039313950772,1.62429744838727
2023-06-26 13:00:00,53.1166666666667,281.533333333333,144.921314215662,1.52593555721349
2023-06-26 14:00:00,50.0833333333333,282.516666666667,146.922782705896,1.72168145446961
2023-06-26 15:00:00,50.9333333333333,282.666666666667,141.961035265684,1.38761024172189
2023-06-26 16:00:00,52.6,282.75,133.184395848012,1.26167344333366
2023-06-26 17:00:00,54.8666666666667,282.433333333333,140.776411599471,1.17177921987954
2023-06-26 18:00:00,59.7,281.766666666667,144.351634916476,1.40943903702192
2023-06-26 19:00:00,63.4,281.016666666667,134.803539483594,1.4025514174148
2023-06-26 20:00:00,65.4166666666667,280.15,129.119748613684,1.53490527441115
2023-06-26 21:00:00,69.6,279.266666666667,132.491027249598,1.99215635567048
2023-06-26 22:00:00,71.55,278.45,118.179551774777,0.930241626526022
2023-06-26 23:00:00,71.9,278.183333333333,130.259213085261,1.47386687484424
2023-06-27 00:00:00,76.45,277.7,122.421206780496,1.459899439083
2023-06-27 01:00:00,81.6333333333333,277.4,129.231621838496,1.78998290466709
2023-06-27 02:00:00,86.95,277.066666666667,141.05749296136,2.24193963060073
2023-06-27 03:00:00,94.5333333333333,276.633333333333,145.781165669763,2.38316736470771
2023-06-27 04:00:00,97.2666666666667,276.316666666667,149.231619471389,2.68904738134306
2023-06-27 05:00:00,96.1333333333334,276.116666666667,151.054326242989,2.99721189184067
2023-06-27 06:00:00,98.6833333333333,275.85,144.459359530596,2.57460306018548
2023-06-27 07:00:00,95.7,275.9,151.03879619035,2.36566666954256
2023-06-27 08:00:00,89.1666666666667,276.4,135.395225941846,2.21854867554981
2023-06-27 09:00:00,82.9833333333333,277.133333333333,117.570813480795,2.48449462457224
2023-06-27 10:00:00,65.6166666666667,278.35,121.99919937817,2.83887863484066
2023-06-27 11:00:00,60.6666666666667,278.933333333333,131.321326287583,2.35125701020962
2023-06-27 12:00:00,64.3166666666667,278.45,137.118963307275,1.93397573101844
2023-06-27 13:00:00,66.7,278.683333333333,144.553559522013,2.47616374060822
2023-06-27 14:00:00,69.75,278.666666666667,137.81377836474,3.15039654868376
2023-06-27 15:00:00,84.5333333333333,277.7,138.216058908675,1.32372870962079
2023-06-27 16:00:00,99.8833333333333,275.966666666667,113.814269874834,0.527118448455165
2023-06-27 17:00:00,94.8333333333333,276.0,123.044952681519,0.880084680707843
2023-06-27 18:00:00,85.3166666666667,276.583333333333,147.058297592828,2.05053967842901
2023-06-27 19:00:00,85.6333333333333,275.683333333333,142.451855876074,2.27555489577874
2023-06-27 20:00:00,80.2666666666667,275.066666666667,143.803776767223,2.49581754277362
2023-06-27 21:00:00,82.55,274.166666666667,148.622785827655,1.55484511974876
2023-06-27 22:00:00,85.8666666666667,273.65,141.459177767211,1.73880216932376
2023-06-27 23:00:00,89.5333333333333,273.483333333333,148.833960089587,2.7350147184966
2023-06-28 00:00:00,91.5,273.233333333333,143.644516288131,2.68066925350522
2023-06-28 01:00:00,82.05,272.866666666667,148.067794174311,2.76379212384304
2023-06-28 02:00:00,77.9833333333333,272.65,146.448167476399,2.63166951003602
2023-06-28 03:00:00,82.6,272.333333333333,151.57221579954,1.79977678327266
2023-06-28 04:00:00,97.1,271.6,152.570567390871,1.60227675461854
2023-06-28 05:00:00,99.9666666666667,271.483333333333,152.299597654993,2.41628721650609
2023-06-28 06:00:00,100.0,271.483333333333,146.83284728802,2.60954188091248
2023-06-28 07:00:00,100.0,271.816666666667,139.188051781634,2.32824664650913
2023-06-28 08:00:00,100.0,272.233333333333,145.01081443796,2.68600128754317
2023-06-28 09:00:00,100.0,272.416666666667,145.635549458766,1.9865570288468
2023-06-28 10:00:00,100.0,272.716666666667,137.981652537043,2.21135262985824
2023-06-28 11:00:00,100.0,273.133333333333,140.877378921448,2.17433298482959
2023-06-28 12:00:00,100.066666666667,273.716666666667,130.83389021682,2.55735097576382
2023-06-28 13:00:00,100.1,274.0,120.115980643216,2.35140035970248
2023-06-28 14:00:00,100.066666666667,274.166666666667,132.05782521259,2.62994125618924
2023-06-28 15:00:00,100.1,274.383333333333,130.972464651118,2.49844871879424
2023-06-28 16:00:00,100.066666666667,274.5,126.454913647299,3.13686134814873
2023-06-28 17:00:00,98.1333333333333,275.25,122.234962287577,2.42893608666043
2023-06-28 18:00:00,88.75,275.3,113.929542377552,3.05076847060476
2023-06-28 19:00:00,88.5833333333333,274.8,121.952354488566,3.13915134204694
2023-06-28 20:00:00,95.6,273.783333333333,128.488828187888,1.98238129031816
2023-06-28 21:00:00,98.6833333333333,273.066666666667,134.646959152856,3.39205235328946
2023-06-28 22:00:00,90.7333333333334,272.9,139.612392908058,3.53088426166889
2023-06-28 23:00:00,68.3,273.083333333333,141.750847355765,3.00261902849575
2023-06-29 00:00:00,49.5833333333333,273.433333333333,132.617373224625,2.68099505359519
2023-06-29 01:00:00,33.0666666666667,274.116666666667,113.83029685814,2.72257794340556
2023-06-29 02:00:00,30.5166666666667,274.366666666667,126.792646576055,2.63890591636623
2023-06-29 03:00:00,35.1333333333333,274.2,120.713457311618,2.69434818772324
2023-06-29 04:00:00,40.7,274.566666666667,111.717234229587,2.48357518178328
2023-06-29 05:00:00,45.1333333333333,274.6,115.19642373307,2.72073193071141
2023-06-29 06:00:00,47.0666666666667,274.8,117.774884301843,2.8138989632639
2023-06-29 07:00:00,60.0333333333333,274.866666666667,122.454380191505,2.47511760451062
2023-06-29 08:00:00,71.2166666666667,275.266666666667,125.17308630013,1.9429383631435
2023-06-29 09:00:00,74.15,276.2,122.131398206996,2.10443042168199
2023-06-29 10:00:00,68.2333333333333,278.066666666667,124.601246193698,1.34968223516547
2023-06-29 11:00:00,64.5666666666667,279.6,136.252663096037,1.58206510053671
2023-06-29 12:00:00,63.5166666666667,280.666666666667,145.841597232433,1.79136083719086
2023-06-29 13:00:00,62.0333333333333,281.566666666667,144.826092915021,1.69489681587703
2023-06-29 14:00:00,60.4333333333333,282.166666666667,141.819237318666,1.44451272165648
2023-06-29 15:00:00,59.3666666666667,282.516666666667,134.167869340198,1.10959859190989
2023-06-29 16:00:00,60.8333333333333,282.366666666667,138.721462514255,0.995910289540269
2023-06-29 17:00:00,71.2833333333333,280.833333333333,273.719946151445,0.739889098879166
2023-06-29 18:00:00,83.5333333333333,279.35,298.296528795162,1.57366322204275
2023-06-29 19:00:00,96.1833333333333,278.4,297.714391798973,2.09454418410706
2023-06-29 20:00:00,100.0,277.633333333333,296.431257400634,1.10459722868057
2023-06-29 21:00:00,100.0,278.266666666667,145.001136376586,0.663425989763399
2023-06-29 22:00:00,100.083333333333,277.6,160.185155807674,0.589185841926237
2023-06-29 23:00:00,100.083333333333,276.333333333333,120.809155002841,1.71517450536509
2023-06-30 00:00:00,100.05,276.583333333333,122.770061646195,1.3544020312142
2023-06-30 01:00:00,100.066666666667,276.6,141.092949905559,2.68715110063046
2023-06-30 02:00:00,100.05,276.666666666667,145.507490487794,2.14268897706608
2023-06-30 03:00:00,100.1,276.3,149.687457600772,3.46453430844595
2023-06-30 04:00:00,100.1,275.933333333333,150.390575488803,2.83370408639145
2023-06-30 05:00:00,100.1,275.633333333333,154.710164613116,3.46026566145565
2023-06-30 06:00:00,100.1,275.683333333333,149.630909019256,2.82085747732512
2023-06-30 07:00:00,100.1,275.7,140.779849588083,1.92542258913486
2023-06-30 08:00:00,100.1,275.516666666667,111.588874421492,1.59079684029913
2023-06-30 09:00:00,100.1,275.8,122.879734989524,1.6551191547491
2023-06-30 10:00:00,100.1,276.233333333333,117.022733215803,1.46381485084169
2023-06-30 11:00:00,100.1,276.716666666667,112.512024585244,1.65407167195839
2023-06-30 12:00:00,100.116666666667,278.183333333333,109.113413678062,1.46078283701339
2023-06-30 13:00:00,100.1,277.916666666667,100.788833720862,1.33379143712604
2023-06-30 14:00:00,100.1,277.266666666667,126.297228089854,1.23252057390966
2023-06-30 15:00:00,100.1,276.383333333333,111.062485056863,2.27542421667327
2023-06-30 16:00:00,100.066666666667,276.5,112.408660107692,1.78343373075543
2023-06-30 17:00:00,100.1,276.716666666667,93.8572772427871,0.763432028483225
2023-06-30 18:00:00,100.083333333333,275.583333333333,274.905957492518,1.33909760649367
2023-06-30 19:00:00,100.1,275.016666666667,265.417664756216,1.80645387393193
2023-06-30 20:00:00,100.1,274.866666666667,293.104607778588,2.73475972030775
2023-06-30 21:00:00,100.1,274.8,302.71653272444,2.6970928717848
