date,rel_hum,temp,wind_dir,wind_speed
2022-10-01 00:00:00,95.2,272.016666666667,86.3214911847691,4.14136487256535
2022-10-01 01:00:00,95.2,272.333333333333,72.5329365699349,2.88591990119115
2022-10-01 02:00:00,,,,
2022-10-01 03:00:00,95.16,271.27,58.7940769175635,1.79357377496881
2022-10-01 04:00:00,,,,
2022-10-01 05:00:00,94.0,270.783333333333,68.6945553407417,1.75878402405238
2022-10-01 06:00:00,91.8333333333333,270.566666666667,86.5915057762429,2.31616046454017
2022-10-01 07:00:00,87.5166666666667,270.966666666667,37.9925609555703,2.75149774730041
2022-10-01 08:00:00,77.3666666666667,271.216666666667,40.7142700347245,3.02953906549823
2022-10-01 09:00:00,77.15,271.816666666667,9.41820466085602,2.88328091434794
2022-10-01 10:00:00,59.8833333333333,272.5,27.4486650542561,2.67082814784556
2022-10-01 11:00:00,53.1,272.55,350.341732951289,6.00180891688927
2022-10-01 12:00:00,88.95,272.216666666667,343.631705964893,5.66153650873156
2022-10-01 13:00:00,95.0,272.75,359.294252876733,6.72987999432509
2022-10-01 14:00:00,95.0,272.55,12.6677516241915,10.5341325444022
2022-10-01 15:00:00,95.0,272.9,20.2641704925367,6.25134200518175
2022-10-01 16:00:00,95.0166666666667,272.866666666667,19.1843071227602,6.59471005307079
2022-10-01 17:00:00,95.0333333333334,272.666666666667,22.4578773566472,6.85689812679896
2022-10-01 18:00:00,94.8,272.483333333333,11.9460361078196,8.13101579998008
2022-10-01 19:00:00,94.5166666666667,272.35,7.08462286881422,5.29441296720848
2022-10-01 20:00:00,94.6833333333333,272.283333333333,359.041127632452,5.52287582215864
2022-10-01 21:00:00,94.9333333333333,272.366666666667,357.658006769281,6.82566975117369
2022-10-01 22:00:00,95.1166666666667,272.616666666667,357.399249988884,8.03125411320714
2022-10-01 23:00:00,95.2,272.716666666667,353.4220474582,7.923904867547
2022-10-02 00:00:00,95.2,272.5,350.829203370694,6.1975979613108
2022-10-02 01:00:00,95.1833333333333,272.5,351.870011471871,5.39384238354685
2022-10-02 02:00:00,95.26,272.49,354.85712365741,9.00190424214788
2022-10-02 03:00:00,,,,
2022-10-02 04:00:00,,,,
2022-10-02 05:00:00,95.1,273.23,348.020027597361,4.69328536778503
2022-10-02 06:00:00,,,,
2022-10-02 07:00:00,94.6666666666667,273.766666666667,36.3634469912456,0.0165950690200367
2022-10-02 08:00:00,,,,
2022-10-02 09:00:00,,,,
2022-10-02 10:00:00,95.18,274.47,350.0,0.002
2022-10-02 11:00:00,,,,
2022-10-02 12:00:00,,,,
2022-10-02 13:00:00,,,,
2022-10-02 14:00:00,,,,
2022-10-02 15:00:00,,,,
2022-10-02 16:00:00,,,,
2022-10-02 17:00:00,95.12,274.57,345.7355238158,8.48222684765864
2022-10-02 18:00:00,94.88,273.51,344.898851896412,9.72823672598729
2022-10-02 19:00:00,,,,
2022-10-02 20:00:00,,,,
2022-10-02 21:00:00,95.05,273.316666666667,340.530254888907,7.57389793875913
2022-10-02 22:00:00,,,,
2022-10-02 23:00:00,95.2,272.633333333333,338.985331816026,8.93501644202461
2022-10-03 00:00:00,95.2666666666667,272.516666666667,343.323904481279,8.01133050694848
2022-10-03 01:00:00,95.2,272.716666666667,327.980826812475,6.86661557032443
2022-10-03 02:00:00,,,,
2022-10-03 03:00:00,,,,
2022-10-03 04:00:00,,,,
2022-10-03 05:00:00,94.9,272.29,342.317371412605,9.63373113017092
2022-10-03 06:00:00,,,,
2022-10-03 07:00:00,,,,
2022-10-03 08:00:00,94.95,272.016666666667,349.340518531403,4.62435039004901
2022-10-03 09:00:00,94.98,272.21,352.447887512877,3.78720212624446
2022-10-03 10:00:00,,,,
2022-10-03 11:00:00,,,,
2022-10-03 12:00:00,95.02,272.55,321.170042089353,3.5115178021875
2022-10-03 13:00:00,95.04,272.63,320.399160993578,4.06653642688043
2022-10-03 14:00:00,95.1,273.11,324.919390038541,5.00203098427516
2022-10-03 15:00:00,95.1,273.3,321.898273263266,5.38766054820954
2022-10-03 16:00:00,95.1,273.133333333333,318.60476028369,5.27893305038786
2022-10-03 17:00:00,95.0333333333333,272.666666666667,312.689421360408,5.4685469065714
2022-10-03 18:00:00,94.94,271.75,305.619379273055,5.50574203090147
2022-10-03 19:00:00,94.2833333333333,270.65,299.323374186088,7.72726392740948
2022-10-03 20:00:00,94.0333333333333,270.2,305.816380943678,8.91422413725027
2022-10-03 21:00:00,93.42,269.83,313.336072772749,8.90256893504922
2022-10-03 22:00:00,93.8166666666667,270.0,314.457105242944,8.43740596317714
2022-10-03 23:00:00,93.4666666666667,270.316666666667,315.562093410039,8.0076559882537
2022-10-04 00:00:00,93.0333333333333,270.533333333333,317.080973613378,9.12587368382597
2022-10-04 01:00:00,93.1666666666667,270.666666666667,305.574348676321,8.21407205132931
2022-10-04 02:00:00,,,,
2022-10-04 03:00:00,92.12,270.21,328.40087000628,7.21268220198856
2022-10-04 04:00:00,91.18,270.15,327.236905282762,6.82822623042845
2022-10-04 05:00:00,89.8666666666667,270.233333333333,319.26890883516,6.84711614434829
2022-10-04 06:00:00,88.45,270.15,316.40481418117,6.31883903053425
2022-10-04 07:00:00,87.0166666666667,270.916666666667,327.621283561426,7.3675738326148
2022-10-04 08:00:00,84.38,272.15,329.560100660116,6.81354437808143
2022-10-04 09:00:00,79.5666666666667,272.333333333333,320.438900712196,7.36656722155826
2022-10-04 10:00:00,71.4833333333333,273.0,317.732015756498,7.84518930090073
2022-10-04 11:00:00,63.6333333333333,273.866666666667,330.807791777693,7.06388132350618
2022-10-04 12:00:00,56.8666666666667,274.366666666667,331.658764351087,6.8566282887239
2022-10-04 13:00:00,55.7,275.033333333333,336.307248236605,6.15626032027411
2022-10-04 14:00:00,54.4166666666667,275.416666666667,335.226772482552,6.20653789115125
2022-10-04 15:00:00,49.7,275.716666666667,337.800955255599,7.84130649828267
2022-10-04 16:00:00,53.4166666666667,275.283333333333,337.895591385256,7.61682081347315
2022-10-04 17:00:00,55.25,275.016666666667,337.161869565382,8.27524219832553
2022-10-04 18:00:00,55.6,274.7,334.204385111032,7.93698946273556
2022-10-04 19:00:00,53.85,274.716666666667,328.736614451218,8.6832256279512
2022-10-04 20:00:00,45.4666666666667,275.016666666667,337.24936564193,7.74089746228475
2022-10-04 21:00:00,57.7333333333333,275.916666666667,342.786572698652,5.45414931716171
2022-10-04 22:00:00,60.0666666666667,276.616666666667,334.048698592008,7.32280832793489
2022-10-04 23:00:00,65.7166666666667,276.95,333.11499403292,6.51717463941181
2022-10-05 00:00:00,60.5,276.65,321.042034676595,5.98874397738413
2022-10-05 01:00:00,63.9166666666667,277.016666666667,325.700199003045,6.09719713956281
2022-10-05 02:00:00,,,,
2022-10-05 03:00:00,,,,
2022-10-05 04:00:00,,,,
2022-10-05 05:00:00,65.16,278.87,337.366590276057,3.41148198814981
2022-10-05 06:00:00,60.94,279.27,344.791127740628,2.85160317739848
2022-10-05 07:00:00,57.02,280.17,347.763972444182,3.315629906069
2022-10-05 08:00:00,,,,
2022-10-05 09:00:00,49.28,281.75,2.81850819900291,2.16472623332253
2022-10-05 10:00:00,47.2,282.39,4.18118021857651,2.52591952622204
2022-10-05 11:00:00,,,,
2022-10-05 12:00:00,,,,
2022-10-05 13:00:00,46.48,284.41,73.7209112311501,1.06563520469907
2022-10-05 14:00:00,,,,
2022-10-05 15:00:00,,,,
2022-10-05 16:00:00,,,,
2022-10-05 17:00:00,,,,
2022-10-05 18:00:00,,,,
2022-10-05 19:00:00,41.4,281.39,359.46107565799,1.68098269263394
2022-10-05 20:00:00,,,,
2022-10-05 21:00:00,35.6666666666667,281.483333333333,349.446320869008,2.94118117907864
2022-10-05 22:00:00,35.65,281.116666666667,355.069975533106,1.82666213325626
2022-10-05 23:00:00,34.55,280.8,332.784090351518,2.91568259020501
2022-10-06 00:00:00,32.8666666666667,280.666666666667,339.372796159709,3.82705230792627
2022-10-06 01:00:00,43.75,279.35,324.834419641139,2.86465313415134
2022-10-06 02:00:00,,,,
2022-10-06 03:00:00,42.85,279.016666666667,337.424405872341,2.42063108456897
2022-10-06 04:00:00,,,,
2022-10-06 05:00:00,,,,
2022-10-06 06:00:00,,,,
2022-10-06 07:00:00,,,,
2022-10-06 08:00:00,,,,
2022-10-06 09:00:00,44.18,279.81,101.932322995636,1.11293669726904
2022-10-06 10:00:00,,,,
2022-10-06 11:00:00,45.54,279.87,81.2732790524998,2.50259607898491
2022-10-06 12:00:00,,,,
2022-10-06 13:00:00,64.5,279.816666666667,84.6616540623012,3.55083332832401
2022-10-06 14:00:00,64.5666666666667,279.983333333333,94.1153119128221,4.50452173588938
2022-10-06 15:00:00,66.84,279.85,97.7914448054863,4.92267056458181
2022-10-06 16:00:00,67.38,280.01,99.3466069258137,4.17967716236937
2022-10-06 17:00:00,68.1833333333333,279.266666666667,92.7466817042249,3.59182346270585
2022-10-06 18:00:00,67.0333333333333,278.383333333333,91.7853230907142,5.81157751759716
2022-10-06 19:00:00,68.15,277.583333333333,87.4419497721862,8.41416315014792
2022-10-06 20:00:00,70.2666666666667,277.433333333333,89.2575354522405,7.28057627670221
2022-10-06 21:00:00,67.6666666666667,277.566666666667,92.0092983429855,6.9183526303573
2022-10-06 22:00:00,60.5833333333333,277.816666666667,90.9545191758747,6.00298939477008
2022-10-06 23:00:00,58.4666666666667,277.583333333333,110.108855944651,5.08362250854541
2022-10-07 00:00:00,52.2666666666667,277.583333333333,101.227884272506,5.49106081089719
2022-10-07 01:00:00,34.0666666666667,278.7,107.744562273676,2.48735063071141
2022-10-07 02:00:00,30.88,279.41,67.9094396968037,2.50422875079521
2022-10-07 03:00:00,31.85,279.783333333333,65.2446833485039,1.87870453199411
2022-10-07 04:00:00,35.94,279.79,27.2568128844243,2.97588070173535
2022-10-07 05:00:00,37.4166666666667,280.116666666667,30.0661812985221,3.11155701172947
2022-10-07 06:00:00,38.15,280.433333333333,36.1869197436877,3.86179246422868
2022-10-07 07:00:00,36.45,280.05,31.9947571681192,2.49996195665973
2022-10-07 08:00:00,34.7666666666667,280.733333333333,45.5412890696365,1.88264646727814
2022-10-07 09:00:00,32.8333333333333,281.633333333333,53.6468879540632,1.87334086990204
2022-10-07 10:00:00,26.5,282.416666666667,76.167910166648,1.84439760520338
2022-10-07 11:00:00,26.6166666666667,282.45,79.2548739600847,2.05319500971364
2022-10-07 12:00:00,32.2,282.99,90.9938341511607,1.29306559340674
2022-10-07 13:00:00,37.3833333333333,283.05,98.4458587065861,0.944472046720805
2022-10-07 14:00:00,38.2666666666667,282.733333333333,130.725211076996,0.930222716041182
2022-10-07 15:00:00,39.35,282.483333333333,124.560010195644,1.2501665134323
2022-10-07 16:00:00,37.3833333333333,282.15,68.7485126118735,1.2220678860969
2022-10-07 17:00:00,40.9166666666667,281.133333333333,79.6501551649481,1.66325768632676
2022-10-07 18:00:00,41.45,279.9,84.3047139894204,1.4165623472142
2022-10-07 19:00:00,40.9333333333333,279.1,83.0673276085137,2.24676661788251
2022-10-07 20:00:00,40.05,278.933333333333,74.4052709264556,3.14114266570225
2022-10-07 21:00:00,42.55,278.616666666667,61.4443604183939,3.9288694316403
2022-10-07 22:00:00,45.6166666666667,278.25,60.4309285933748,3.7760063261375
2022-10-07 23:00:00,44.0333333333333,278.166666666667,74.0576172288857,3.18859845928964
2022-10-08 00:00:00,46.0166666666667,277.85,74.8299762377355,2.23836779424689
2022-10-08 01:00:00,46.05,277.783333333333,59.6649026423467,1.67131694599801
2022-10-08 02:00:00,,,,
2022-10-08 03:00:00,37.16,278.49,32.1323568343691,3.40270867194831
2022-10-08 04:00:00,,,,
2022-10-08 05:00:00,,,,
2022-10-08 06:00:00,42.64,276.87,45.638879396522,2.69890027711716
2022-10-08 07:00:00,,,,
2022-10-08 08:00:00,,,,
2022-10-08 09:00:00,,,,
2022-10-08 10:00:00,,,,
2022-10-08 11:00:00,,,,
2022-10-08 12:00:00,,,,
2022-10-08 13:00:00,83.1,278.23,76.9870255827537,1.34111290584002
2022-10-08 14:00:00,,,,
2022-10-08 15:00:00,,,,
2022-10-08 16:00:00,,,,
2022-10-08 17:00:00,,,,
2022-10-08 18:00:00,,,,
2022-10-08 19:00:00,95.06,275.33,128.294069232809,0.397358190218705
2022-10-08 20:00:00,95.3,274.77,333.176649742751,1.71790380238323
2022-10-08 21:00:00,95.34,274.17,341.872627768597,1.28887041599344
2022-10-08 22:00:00,95.32,273.93,319.6606860337,2.14874461356272
2022-10-08 23:00:00,95.3333333333333,274.033333333333,327.438038232715,1.52751335275385
2022-10-09 00:00:00,95.3,273.5,352.0,0.145
2022-10-09 01:00:00,95.36,273.29,,0.0
2022-10-09 02:00:00,,,,
2022-10-09 03:00:00,95.22,273.51,118.160772808037,1.62190626159733
2022-10-09 04:00:00,,,,
2022-10-09 05:00:00,95.06,274.39,106.469180149622,3.17009090486183
2022-10-09 06:00:00,94.78,274.49,112.727593710682,2.32443624938231
2022-10-09 07:00:00,,,,
2022-10-09 08:00:00,95.2,274.19,160.165012773976,2.45993237768626
2022-10-09 09:00:00,95.15,274.216666666667,118.828761814776,3.84373417100693
2022-10-09 10:00:00,95.1,274.35,111.976839070638,2.44609714904047
2022-10-09 11:00:00,,,,
2022-10-09 12:00:00,95.12,274.51,127.874271781998,3.74051755184642
2022-10-09 13:00:00,95.16,275.03,119.115840199804,3.90651580210823
2022-10-09 14:00:00,95.2,275.533333333333,128.408282564643,2.13616419456636
2022-10-09 15:00:00,95.1333333333333,275.366666666667,107.221302764464,2.53431053023939
2022-10-09 16:00:00,95.1833333333333,274.883333333333,131.53535266993,2.08271155061361
2022-10-09 17:00:00,95.1,274.1,109.679285887732,1.95680174379739
2022-10-09 18:00:00,94.8166666666667,273.6,116.116381112438,3.65077636862556
2022-10-09 19:00:00,94.6666666666667,273.383333333333,117.768195802095,4.45421046363203
2022-10-09 20:00:00,94.8666666666667,273.116666666667,108.427147572045,4.03224507593002
2022-10-09 21:00:00,95.1,273.05,106.662634649334,5.13767754858524
2022-10-09 22:00:00,95.2,272.883333333333,98.6150406531802,4.84235886291569
2022-10-09 23:00:00,95.1833333333333,272.733333333333,99.8838802868666,4.60371140156178
2022-10-10 00:00:00,94.0,272.583333333333,89.3913776180439,4.31574000279594
2022-10-10 01:00:00,88.6833333333333,272.966666666667,90.102095739852,4.89291742060049
2022-10-10 02:00:00,78.78,273.13,94.754431396767,3.87118579666033
2022-10-10 03:00:00,80.4,273.31,65.7357018916104,0.846324716400642
2022-10-10 04:00:00,76.04,273.67,72.0518842595859,1.5085901913677
2022-10-10 05:00:00,74.95,273.733333333333,40.4486702358442,0.965026481852725
2022-10-10 06:00:00,75.6166666666667,273.633333333333,77.4613649235594,0.310439591293656
2022-10-10 07:00:00,73.0166666666667,273.9,108.037126407755,0.55722785258345
2022-10-10 08:00:00,72.18,274.57,19.2142584368796,0.233392751239012
2022-10-10 09:00:00,69.6833333333333,274.9,93.6659975225588,0.641632429726914
2022-10-10 10:00:00,68.2,274.916666666667,99.5507407587243,1.9724302138233
2022-10-10 11:00:00,65.8666666666667,275.8,91.6400359034164,1.47747557998073
2022-10-10 12:00:00,69.4833333333333,278.366666666667,134.894886580333,0.212876264244316
2022-10-10 13:00:00,79.2833333333333,277.65,133.587986441871,0.282287336067036
2022-10-10 14:00:00,79.6666666666667,277.65,133.581010203822,0.334630899792212
2022-10-10 15:00:00,84.9,276.433333333333,1.7572145101372,1.19726513867885
2022-10-10 16:00:00,93.55,274.933333333333,21.074658604203,0.639602296238241
2022-10-10 17:00:00,94.8666666666667,274.783333333333,31.1885769300748,0.598533408513472
2022-10-10 18:00:00,94.8166666666667,274.25,356.076042466726,2.29270240400078
2022-10-10 19:00:00,94.8833333333333,274.083333333333,15.9501668625978,2.47827698743728
2022-10-10 20:00:00,95.1333333333333,274.183333333333,24.9526783378705,1.82778157689556
2022-10-10 21:00:00,95.3,274.2,30.4767625490867,1.91578193982739
2022-10-10 22:00:00,95.3,273.366666666667,18.393782819036,2.98531675131746
2022-10-10 23:00:00,95.3,273.116666666667,9.54629879517643,4.99846667648342
2022-10-11 00:00:00,95.2,272.583333333333,24.2631597787914,3.29567698444711
2022-10-11 01:00:00,95.2,272.016666666667,10.7436845830037,5.05329967752797
2022-10-11 02:00:00,,,,
2022-10-11 03:00:00,,,,
2022-10-11 04:00:00,,,,
2022-10-11 05:00:00,,,,
2022-10-11 06:00:00,,,,
2022-10-11 07:00:00,74.36,272.37,251.625474527485,4.33878106437323
2022-10-11 08:00:00,,,,
2022-10-11 09:00:00,,,,
2022-10-11 10:00:00,,,,
2022-10-11 11:00:00,,,,
2022-10-11 12:00:00,,,,
2022-10-11 13:00:00,,,,
2022-10-11 14:00:00,,,,
2022-10-11 15:00:00,,,,
2022-10-11 16:00:00,,,,
2022-10-11 17:00:00,,,,
2022-10-11 18:00:00,82.5,274.71,66.275107424044,0.276804672579558
2022-10-11 19:00:00,,,,
2022-10-11 20:00:00,,,,
2022-10-11 21:00:00,88.24,274.05,85.1138884550845,0.633016961362729
2022-10-11 22:00:00,89.66,273.99,57.4739436448628,0.293429272521748
2022-10-11 23:00:00,,,,
2022-10-12 00:00:00,87.6333333333333,274.283333333333,59.5701140931358,0.716270711417699
2022-10-12 01:00:00,88.16,273.61,25.5819397773675,0.651846268404172
2022-10-12 02:00:00,,,,
2022-10-12 03:00:00,,,,
2022-10-12 04:00:00,94.9,273.09,3.99356636715686,2.53755603180533
2022-10-12 05:00:00,94.22,273.01,20.3584120006173,3.24224466684253
2022-10-12 06:00:00,,,,
2022-10-12 07:00:00,,,,
2022-10-12 08:00:00,,,,
2022-10-12 09:00:00,,,,
2022-10-12 10:00:00,94.7,273.99,24.7979823597361,1.03736614270034
2022-10-12 11:00:00,,,,
2022-10-12 12:00:00,82.94,275.23,119.891683351023,0.220652211409093
2022-10-12 13:00:00,,,,
2022-10-12 14:00:00,,,,
2022-10-12 15:00:00,,,,
2022-10-12 16:00:00,,,,
2022-10-12 17:00:00,,,,
2022-10-12 18:00:00,90.14,273.61,357.111300285047,1.27733594884558
2022-10-12 19:00:00,89.28,273.61,2.8466573801972,0.416488824622192
2022-10-12 20:00:00,,,,
2022-10-12 21:00:00,92.65,273.316666666667,94.9052370284754,0.325103549891977
2022-10-12 22:00:00,,,,
2022-10-12 23:00:00,91.9,272.766666666667,356.824019523332,2.41770777806247
2022-10-13 00:00:00,82.85,272.8,0.420428063595864,2.63579533413376
2022-10-13 01:00:00,73.45,272.566666666667,353.814918926579,2.66235588198488
2022-10-13 02:00:00,71.8166666666667,272.4,349.062957407509,3.16104172980053
2022-10-13 03:00:00,38.3666666666667,273.116666666667,330.759762903332,1.19024371072072
2022-10-13 04:00:00,54.65,272.766666666667,347.578219151466,4.1834717345002
2022-10-13 05:00:00,65.55,272.55,352.230904350012,4.26500504375606
2022-10-13 06:00:00,53.1,272.783333333333,350.399523917891,2.64148599378678
2022-10-13 07:00:00,74.3,272.516666666667,348.898791410568,4.19160166340144
2022-10-13 08:00:00,73.45,273.116666666667,342.666265271889,3.14108618032033
2022-10-13 09:00:00,68.4666666666667,274.5,10.7531913444011,1.27609905778222
2022-10-13 10:00:00,59.6666666666667,275.666666666667,90.9370613473129,2.28454590472584
2022-10-13 11:00:00,54.1333333333333,275.8,94.5212656564941,1.6251905496655
2022-10-13 12:00:00,60.5166666666667,276.366666666667,111.68263455915,1.89903677542884
2022-10-13 13:00:00,64.2333333333333,275.983333333333,129.140295956349,0.87074833273759
2022-10-13 14:00:00,71.15,275.466666666667,133.768185113546,0.397620051016322
2022-10-13 15:00:00,77.1666666666667,275.05,152.696113854572,0.40462089682526
2022-10-13 16:00:00,80.7833333333333,274.883333333333,159.624189614703,0.36997791769699
2022-10-13 17:00:00,89.3,274.316666666667,111.905094916027,0.378910760215082
2022-10-13 18:00:00,93.8,273.45,29.3095867042395,0.192861185814101
2022-10-13 19:00:00,94.7333333333333,273.25,11.4723473092502,0.487318635370102
2022-10-13 20:00:00,94.8333333333333,273.033333333333,7.7119348069316,0.555324024950307
2022-10-13 21:00:00,94.0166666666667,272.816666666667,40.6343792961268,0.640391903395518
2022-10-13 22:00:00,89.8666666666667,272.866666666667,77.3351196378216,0.533501474239718
2022-10-13 23:00:00,78.3,273.0,46.4454866043909,1.22509796099828
2022-10-14 00:00:00,93.6,272.066666666667,67.5678378928742,1.53799008569103
2022-10-14 01:00:00,95.2,271.766666666667,1.90016236873072,1.69878539437738
2022-10-14 02:00:00,95.1666666666667,271.85,3.0309347649187,3.65278492887053
2022-10-14 03:00:00,95.05,272.033333333333,27.4574894909023,4.15899866118583
2022-10-14 04:00:00,94.75,271.883333333333,31.932303570753,3.73121286453994
2022-10-14 05:00:00,93.9666666666667,271.916666666667,24.722471512223,3.50948590828561
2022-10-14 06:00:00,93.7,271.85,28.5894669107011,3.93818223015348
2022-10-14 07:00:00,93.8333333333333,271.85,18.8898885832654,3.21183651848372
2022-10-14 08:00:00,95.1,272.033333333333,12.1291543361982,2.32231615135555
2022-10-14 09:00:00,94.9,272.6,11.7108096291402,1.57075649071708
2022-10-14 10:00:00,94.9666666666667,272.8,11.6750812249544,2.73636610602463
2022-10-14 11:00:00,94.94,272.93,8.03695990233058,3.12897336878765
2022-10-14 12:00:00,94.88,273.35,12.1664656063131,2.89430188889927
2022-10-14 13:00:00,95.0,273.95,19.2325843217394,1.24313728720083
2022-10-14 14:00:00,95.0,273.83,20.1733943136864,1.05989473329126
2022-10-14 15:00:00,,,,
2022-10-14 16:00:00,95.0166666666667,273.5,29.5008454995801,2.08984235009814
2022-10-14 17:00:00,,,,
2022-10-14 18:00:00,94.38,272.23,28.9425760107586,1.56893755964388
2022-10-14 19:00:00,93.45,272.483333333333,63.8183647602284,2.78521488252151
2022-10-14 20:00:00,89.7166666666667,272.866666666667,102.798450421913,3.05154684785455
2022-10-14 21:00:00,88.5666666666667,273.383333333333,48.2253873685501,1.70551977982634
2022-10-14 22:00:00,94.0,273.67,21.5748585149835,2.51901296287152
2022-10-14 23:00:00,95.3333333333333,274.016666666667,36.3238677582947,3.95943049293052
2022-10-15 00:00:00,95.4333333333333,274.566666666667,22.1987442218049,6.60655502568407
2022-10-15 01:00:00,95.3333333333333,274.916666666667,9.04571822067589,6.16104455788731
2022-10-15 02:00:00,,,,
2022-10-15 03:00:00,95.4,274.85,357.795292225456,7.07183264725169
2022-10-15 04:00:00,,,,
2022-10-15 05:00:00,95.24,274.49,350.568126639865,7.90282033487731
2022-10-15 06:00:00,95.05,274.366666666667,344.293425435276,9.25942553957101
2022-10-15 07:00:00,,,,
2022-10-15 08:00:00,95.22,274.75,333.98880518043,8.11215623053077
2022-10-15 09:00:00,95.1,274.63,333.035091053409,8.68654236044604
2022-10-15 10:00:00,94.04,273.75,332.517008331539,9.18442305042974
2022-10-15 11:00:00,83.56,274.11,332.568973303087,6.35574482447751
2022-10-15 12:00:00,69.4166666666667,275.183333333333,342.012605915106,3.93153860849384
2022-10-15 13:00:00,63.06,276.07,344.485448009091,4.52845571495148
2022-10-15 14:00:00,71.6333333333333,276.65,337.279134908468,3.88491361897028
2022-10-15 15:00:00,81.35,275.983333333333,335.842969500516,3.38605412434438
2022-10-15 16:00:00,90.2833333333333,275.6,340.612370915196,1.93118627283739
2022-10-15 17:00:00,90.5,275.77,350.620218123279,1.83922693639981
2022-10-15 18:00:00,91.15,275.8,345.54245024927,4.29897387498585
2022-10-15 19:00:00,90.5166666666667,275.583333333333,349.655239817419,5.67803179213423
2022-10-15 20:00:00,80.9666666666667,275.7,349.062153395572,7.33762297720539
2022-10-15 21:00:00,81.3666666666667,275.45,356.198277541934,6.6196716522375
2022-10-15 22:00:00,73.8666666666667,275.633333333333,3.417718668867,2.4165663862672
2022-10-15 23:00:00,64.2333333333333,275.95,40.8234907121138,1.14264806947821
2022-10-16 00:00:00,54.4833333333333,276.533333333333,34.713741177684,2.16923560437808
2022-10-16 01:00:00,55.05,276.55,13.0618174325061,2.10583498769246
2022-10-16 02:00:00,57.38,276.69,7.24405739636597,1.9866452568627
2022-10-16 03:00:00,58.6,276.37,41.0322231020483,1.70453610035515
2022-10-16 04:00:00,56.2,276.21,28.5759339889151,1.52104834519828
2022-10-16 05:00:00,52.65,276.316666666667,7.58469157743599,2.19639646921183
2022-10-16 06:00:00,53.32,276.31,14.4342408823972,1.47056113109235
2022-10-16 07:00:00,55.9666666666667,276.116666666667,340.085473558567,3.04763544186521
2022-10-16 08:00:00,54.6666666666667,276.55,338.219802399493,3.84885097427521
2022-10-16 09:00:00,54.4166666666667,276.583333333333,336.256533275172,3.38110014512565
2022-10-16 10:00:00,51.7333333333333,277.883333333333,9.80180360034433,1.15787483537553
2022-10-16 11:00:00,52.5666666666667,279.533333333333,91.9935398303556,2.97890040110742
2022-10-16 12:00:00,51.7333333333333,279.616666666667,99.8056487089803,5.04158790124906
2022-10-16 13:00:00,53.4,280.266666666667,117.906130823327,3.63046541856438
2022-10-16 14:00:00,57.5333333333333,279.616666666667,125.855848962065,4.70742802063508
2022-10-16 15:00:00,59.8666666666667,279.766666666667,113.329285782416,4.48307151703438
2022-10-16 16:00:00,61.9166666666667,279.516666666667,100.985946911789,3.50655118079945
2022-10-16 17:00:00,63.7166666666667,278.75,83.8928016866677,2.64188477876735
2022-10-16 18:00:00,63.9833333333333,277.733333333333,92.9556701042872,2.6141310605203
2022-10-16 19:00:00,64.55,277.15,88.5916509049091,3.41723661128943
2022-10-16 20:00:00,54.25,277.6,83.3284520551515,2.8525902372848
2022-10-16 21:00:00,53.9333333333333,277.633333333333,84.7562131130674,2.88911162362944
2022-10-16 22:00:00,52.0666666666667,277.466666666667,80.118491239454,3.17522748168301
2022-10-16 23:00:00,39.65,278.033333333333,66.065360533514,2.21564166391123
2022-10-17 00:00:00,25.75,278.9,34.1374505124906,0.467318043310666
2022-10-17 01:00:00,28.1,278.733333333333,101.091926346468,0.979537990111798
2022-10-17 02:00:00,,,,
2022-10-17 03:00:00,,,,
2022-10-17 04:00:00,,,,
2022-10-17 05:00:00,,,,
2022-10-17 06:00:00,18.22,278.77,79.068779568125,5.77307297938214
2022-10-17 07:00:00,,,,
2022-10-17 08:00:00,,,,
2022-10-17 09:00:00,,,,
2022-10-17 10:00:00,19.48,280.07,89.4957587174003,7.52062677404363
2022-10-17 11:00:00,23.26,280.87,83.0301208657802,4.91251939014927
2022-10-17 12:00:00,,,,
2022-10-17 13:00:00,36.98,282.19,91.2177991534779,1.65102918036415
2022-10-17 14:00:00,,,,
2022-10-17 15:00:00,,,,
2022-10-17 16:00:00,,,,
2022-10-17 17:00:00,48.94,281.33,82.8319249301396,0.866043050570654
2022-10-17 18:00:00,,,,
2022-10-17 19:00:00,54.84,279.21,81.2940687446043,1.3051516564567
2022-10-17 20:00:00,58.3,278.55,79.5210522843578,2.73057923997304
2022-10-17 21:00:00,,,,
2022-10-17 22:00:00,53.76,278.05,90.4437664594154,2.51731058789579
2022-10-17 23:00:00,,,,
2022-10-18 00:00:00,48.6666666666667,277.766666666667,63.189532368734,0.658714575713063
2022-10-18 01:00:00,35.96,278.13,8.41500752578349,1.39750649668
2022-10-18 02:00:00,,,,
2022-10-18 03:00:00,,,,
2022-10-18 04:00:00,,,,
2022-10-18 05:00:00,31.62,277.37,332.780075772008,5.30145102690808
2022-10-18 06:00:00,,,,
2022-10-18 07:00:00,,,,
2022-10-18 08:00:00,53.98,276.73,331.579187740914,5.76880439071894
2022-10-18 09:00:00,,,,
2022-10-18 10:00:00,65.36,277.37,339.320247930861,3.61067946433066
2022-10-18 11:00:00,,,,
2022-10-18 12:00:00,,,,
2022-10-18 13:00:00,66.26,278.87,351.690818919176,1.65230754450968
2022-10-18 14:00:00,66.36,279.03,357.96885181127,1.52867725323673
2022-10-18 15:00:00,,,,
2022-10-18 16:00:00,83.24,277.05,340.010780374807,3.05316024675969
2022-10-18 17:00:00,87.46,276.79,354.612143579099,2.18550327704022
2022-10-18 18:00:00,92.62,276.11,352.597122981886,3.09808430674044
2022-10-18 19:00:00,95.08,275.75,350.057994113537,3.83648295205151
2022-10-18 20:00:00,95.3333333333333,275.733333333333,355.97347122802,3.78909992467513
2022-10-18 21:00:00,95.45,275.533333333333,7.04080739055837,4.60144892239871
2022-10-18 22:00:00,95.4833333333333,275.25,17.9289540494208,4.35811205470115
2022-10-18 23:00:00,95.4333333333333,274.716666666667,15.7654617070207,5.03631076793679
2022-10-19 00:00:00,95.3,274.45,11.3344696608199,5.31677678196862
2022-10-19 01:00:00,95.3,273.983333333333,10.157415005771,5.93655322548546
2022-10-19 02:00:00,95.26,273.87,4.73805131961296,6.21420913981399
2022-10-19 03:00:00,95.1666666666667,273.766666666667,348.247379589778,7.74160084331742
2022-10-19 04:00:00,,,,
2022-10-19 05:00:00,94.9,273.5,345.398318571966,6.2949154544009
2022-10-19 06:00:00,91.7,273.67,323.841734404595,5.49883035267371
2022-10-19 07:00:00,86.08,273.87,324.279479538376,4.99409234931653
2022-10-19 08:00:00,79.0333333333333,274.55,345.762835669463,3.00670384520305
2022-10-19 09:00:00,71.7666666666667,275.433333333333,4.96009627298599,2.60018034416462
2022-10-19 10:00:00,61.55,276.916666666667,7.2454488274758,1.66935864705677
2022-10-19 11:00:00,55.48,277.65,23.5780691029489,0.972973427785123
2022-10-19 12:00:00,49.5333333333333,278.566666666667,36.8660874260658,0.664668230696964
2022-10-19 13:00:00,44.6666666666667,279.266666666667,122.374187237216,0.401851136359388
2022-10-19 14:00:00,44.7833333333333,279.75,122.558465983517,0.524772396682339
2022-10-19 15:00:00,47.7333333333333,279.716666666667,117.645327818758,0.513387707126637
2022-10-19 16:00:00,48.3,279.4,11.3883080307467,0.594866975566527
2022-10-19 17:00:00,50.2,278.433333333333,358.53852432737,1.20613518510847
2022-10-19 18:00:00,49.7833333333333,277.716666666667,26.4237064988563,0.875579629593724
2022-10-19 19:00:00,48.55,277.183333333333,356.633258129924,1.88455654712201
2022-10-19 20:00:00,53.1666666666667,277.166666666667,359.03910614741,2.75198480055098
2022-10-19 21:00:00,47.55,277.3,346.765423636832,4.38162655645677
2022-10-19 22:00:00,46.4333333333333,277.333333333333,352.143862038181,5.2016066628044
2022-10-19 23:00:00,42.9833333333333,277.383333333333,349.17946577883,7.31491843697197
2022-10-20 00:00:00,32.0333333333333,277.633333333333,350.538752121417,5.33328550346418
2022-10-20 01:00:00,38.3,277.466666666667,336.975620865943,6.70455037880921
2022-10-20 02:00:00,,,,
2022-10-20 03:00:00,,,,
2022-10-20 04:00:00,,,,
2022-10-20 05:00:00,,,,
2022-10-20 06:00:00,,,,
2022-10-20 07:00:00,,,,
2022-10-20 08:00:00,,,,
2022-10-20 09:00:00,,,,
2022-10-20 10:00:00,,,,
2022-10-20 11:00:00,,,,
2022-10-20 12:00:00,,,,
2022-10-20 13:00:00,,,,
2022-10-20 14:00:00,,,,
2022-10-20 15:00:00,,,,
2022-10-20 16:00:00,47.5833333333333,280.3,44.1046953325773,0.776529228166865
2022-10-20 17:00:00,,,,
2022-10-20 18:00:00,,,,
2022-10-20 19:00:00,,,,
2022-10-20 20:00:00,,,,
2022-10-20 21:00:00,,,,
2022-10-20 22:00:00,,,,
2022-10-20 23:00:00,71.24,278.37,29.1827154885568,1.54254429932772
2022-10-21 00:00:00,,,,
2022-10-21 01:00:00,78.16,277.77,29.2121068137072,0.783765272914206
2022-10-21 02:00:00,81.84,276.91,48.8180674314949,1.1260527610453
2022-10-21 03:00:00,,,,
2022-10-21 04:00:00,80.4,276.87,70.3541236396659,2.22376502739662
2022-10-21 05:00:00,,,,
2022-10-21 06:00:00,,,,
2022-10-21 07:00:00,,,,
2022-10-21 08:00:00,,,,
2022-10-21 09:00:00,,,,
2022-10-21 10:00:00,,,,
2022-10-21 11:00:00,,,,
2022-10-21 12:00:00,85.08,276.59,92.2318893208487,5.52280834289654
2022-10-21 13:00:00,,,,
2022-10-21 14:00:00,86.52,276.39,94.7051833807167,2.24541221772946
2022-10-21 15:00:00,,,,
2022-10-21 16:00:00,85.04,276.63,86.9618231799806,1.97554022662573
2022-10-21 17:00:00,89.2666666666667,276.266666666667,92.7967670098664,1.89549624686602
2022-10-21 18:00:00,90.8333333333333,275.966666666667,95.5151756287752,2.22654450039669
2022-10-21 19:00:00,,,,
2022-10-21 20:00:00,93.98,275.83,107.511195552742,3.36424354180505
2022-10-21 21:00:00,95.24,275.59,99.842682838165,3.68167435072121
2022-10-21 22:00:00,95.42,275.39,91.0200644238986,5.20804595226585
2022-10-21 23:00:00,95.2666666666667,275.55,102.056431972437,5.45550272656547
2022-10-22 00:00:00,95.4333333333333,275.766666666667,92.2578500773251,5.71030082294698
2022-10-22 01:00:00,95.45,275.383333333333,94.4084022016512,4.31301565256498
2022-10-22 02:00:00,,,,
2022-10-22 03:00:00,95.5,275.25,81.0468739127678,5.04530042229854
2022-10-22 04:00:00,,,,
2022-10-22 05:00:00,95.1,273.91,341.145579362091,4.36334843446155
2022-10-22 06:00:00,94.6333333333333,273.05,339.318957122719,4.72036076307073
2022-10-22 07:00:00,94.15,273.316666666667,350.595570957911,5.29728524856713
2022-10-22 08:00:00,95.0,273.37,344.406627219304,6.20375952596546
2022-10-22 09:00:00,95.3833333333333,273.266666666667,343.626583921165,5.13499167596583
2022-10-22 10:00:00,95.4,273.15,349.096959723811,6.70454909722763
2022-10-22 11:00:00,95.1,273.3,348.946460767569,5.11082499227525
2022-10-22 12:00:00,95.1,273.57,346.402504306637,5.71581224816425
2022-10-22 13:00:00,95.0833333333333,273.366666666667,345.354887864545,6.7814578599157
2022-10-22 14:00:00,95.1,273.533333333333,331.103703432148,6.45916627852588
2022-10-22 15:00:00,95.0833333333333,273.333333333333,340.449253058398,8.6672344904986
2022-10-22 16:00:00,95.0333333333334,273.016666666667,340.101828126895,8.49089850009852
2022-10-22 17:00:00,95.0166666666667,272.783333333333,349.087400511296,9.58821998293053
2022-10-22 18:00:00,94.54,271.91,349.224746588987,8.36240636774082
2022-10-22 19:00:00,93.45,271.483333333333,352.975392861697,9.53423291452393
2022-10-22 20:00:00,88.9166666666667,271.833333333333,352.547443948239,5.09398680781686
2022-10-22 21:00:00,80.7666666666667,272.116666666667,40.2508370754152,1.90819452362762
2022-10-22 22:00:00,77.65,272.533333333333,82.9265451695918,1.86450986639066
2022-10-22 23:00:00,67.0166666666667,272.983333333333,90.3156674861881,1.61315988300134
2022-10-23 00:00:00,63.0,273.416666666667,94.8858416996351,2.39771446865034
2022-10-23 01:00:00,68.1833333333333,274.4,64.051293254318,1.69939580157447
2022-10-23 02:00:00,,,,
2022-10-23 03:00:00,,,,
2022-10-23 04:00:00,,,,
2022-10-23 05:00:00,78.16,275.23,50.6022049676182,3.12969250962559
2022-10-23 06:00:00,,,,
2022-10-23 07:00:00,74.0666666666667,275.666666666667,31.0074629475595,3.95206794281791
2022-10-23 08:00:00,,,,
2022-10-23 09:00:00,,,,
2022-10-23 10:00:00,,,,
2022-10-23 11:00:00,,,,
2022-10-23 12:00:00,,,,
2022-10-23 13:00:00,,,,
2022-10-23 14:00:00,76.56,278.07,18.3179404720319,2.08079157534673
2022-10-23 15:00:00,74.42,278.03,26.2622559505609,1.92744581917417
2022-10-23 16:00:00,79.1166666666667,277.383333333333,9.92842503089213,3.3499184616583
2022-10-23 17:00:00,75.96,277.33,17.2152460074942,3.47056450610432
2022-10-23 18:00:00,80.0166666666667,276.933333333333,71.6524548481481,2.08285336220231
2022-10-23 19:00:00,88.4,276.416666666667,78.1018914273613,4.41494060275817
2022-10-23 20:00:00,82.6,276.75,92.361890685261,5.89574958708321
2022-10-23 21:00:00,83.2,276.73,102.436576018153,3.71837845241964
2022-10-23 22:00:00,82.7166666666667,276.783333333333,95.8526744811671,5.55273106800175
2022-10-23 23:00:00,84.2833333333333,276.683333333333,98.2662610336093,6.6713189520894
2022-10-24 00:00:00,87.8,276.516666666667,88.7961294899491,6.34471435247406
2022-10-24 01:00:00,84.9,277.0,92.5012521342666,6.41920203801824
2022-10-24 02:00:00,,,,
2022-10-24 03:00:00,,,,
2022-10-24 04:00:00,90.24,275.95,96.3962698740879,3.37279789732818
2022-10-24 05:00:00,94.4,275.416666666667,89.1908677510006,4.55632022822852
2022-10-24 06:00:00,,,,
2022-10-24 07:00:00,95.0166666666667,275.066666666667,91.089184832573,3.57892325676149
2022-10-24 08:00:00,94.9,275.21,90.5155493630472,4.08077855340825
2022-10-24 09:00:00,93.42,275.35,79.0190845904728,6.13072578318759
2022-10-24 10:00:00,93.9166666666667,275.383333333333,82.6241633646267,5.13424450892695
2022-10-24 11:00:00,95.0166666666667,275.216666666667,81.391814035877,5.60534302632004
2022-10-24 12:00:00,94.4833333333333,275.616666666667,78.7693506698182,5.51588437834068
2022-10-24 13:00:00,94.9166666666667,275.533333333333,80.9611012302934,5.23800866579712
2022-10-24 14:00:00,95.0666666666667,275.316666666667,80.6091344606426,4.21256867288328
2022-10-24 15:00:00,95.1166666666667,275.1,79.3697890470257,2.90205119843105
2022-10-24 16:00:00,95.04,274.57,56.4403711578885,1.30856444535986
2022-10-24 17:00:00,94.9,274.333333333333,35.8860243945931,1.29282429061565
2022-10-24 18:00:00,94.6,273.133333333333,32.1259381960931,4.46982059638618
2022-10-24 19:00:00,94.7833333333334,273.65,38.1703769141588,2.7235677853597
2022-10-24 20:00:00,95.1,274.1,42.5497425141979,1.45427945527173
2022-10-24 21:00:00,95.25,274.066666666667,2.35584059544453,2.27342022058057
2022-10-24 22:00:00,95.3,273.85,347.197973367001,2.70860537756548
2022-10-24 23:00:00,95.3,273.366666666667,339.006969855894,4.32278278255606
2022-10-25 00:00:00,95.2333333333333,273.383333333333,352.232410279385,4.73054433820375
2022-10-25 01:00:00,95.3,272.933333333333,1.4114493307049,4.05017035012635
2022-10-25 02:00:00,,,,
2022-10-25 03:00:00,,,,
2022-10-25 04:00:00,94.92,272.11,359.650472982275,4.05983991421449
2022-10-25 05:00:00,94.22,271.97,350.28067471443,3.16635350100294
2022-10-25 06:00:00,93.7,271.6,349.684066278438,3.01018608178776
2022-10-25 07:00:00,93.5833333333333,271.133333333333,2.78715335731738,2.45133657435086
2022-10-25 08:00:00,94.65,271.483333333333,357.504049981015,3.33078251307799
2022-10-25 09:00:00,93.3833333333333,271.8,0.342378247512102,3.18000754149783
2022-10-25 10:00:00,88.0166666666667,272.2,16.829865772387,2.94743608197362
2022-10-25 11:00:00,75.7333333333333,271.95,12.9128438355975,4.45339031028869
2022-10-25 12:00:00,63.9166666666667,272.166666666667,350.742011501905,5.08599401024863
2022-10-25 13:00:00,50.4166666666667,273.466666666667,342.803824243161,5.35187453070922
2022-10-25 14:00:00,50.6166666666667,274.116666666667,344.367958851856,5.46291211403298
2022-10-25 15:00:00,53.7,274.233333333333,344.126470188861,5.50354748169685
2022-10-25 16:00:00,55.6,274.5,345.237628805338,3.80520466690567
2022-10-25 17:00:00,56.75,274.183333333333,340.560889953013,2.60434374812725
2022-10-25 18:00:00,63.6833333333333,273.833333333333,11.8787264999579,1.87479940408763
2022-10-25 19:00:00,67.3166666666667,273.666666666667,6.66118353385696,2.04020954539607
2022-10-25 20:00:00,67.4,273.833333333333,6.3469474348878,2.19609136120965
2022-10-25 21:00:00,54.4666666666667,274.4,354.286299595255,4.20192403746754
2022-10-25 22:00:00,55.35,275.0,344.297240445299,5.61662113565559
2022-10-25 23:00:00,59.3333333333333,274.933333333333,359.371861913388,2.66577032076861
2022-10-26 00:00:00,56.1666666666667,275.283333333333,8.02880340535143,2.88650792720571
2022-10-26 01:00:00,66.1,275.566666666667,2.69175458426957,3.31807399103575
2022-10-26 02:00:00,,,,
2022-10-26 03:00:00,,,,
2022-10-26 04:00:00,,,,
2022-10-26 05:00:00,,,,
2022-10-26 06:00:00,,,,
2022-10-26 07:00:00,,,,
2022-10-26 08:00:00,,,,
2022-10-26 09:00:00,,,,
2022-10-26 10:00:00,,,,
2022-10-26 11:00:00,,,,
2022-10-26 12:00:00,94.02,274.41,20.6438823246846,5.60308188324767
2022-10-26 13:00:00,94.26,274.37,27.8321182284455,5.68780454445793
2022-10-26 14:00:00,,,,
2022-10-26 15:00:00,,,,
2022-10-26 16:00:00,88.96,274.33,19.6544831567439,9.82207250044452
2022-10-26 17:00:00,87.28,274.41,14.5589416863983,7.49691101747938
2022-10-26 18:00:00,,,,
2022-10-26 19:00:00,,,,
2022-10-26 20:00:00,,,,
2022-10-26 21:00:00,,,,
2022-10-26 22:00:00,,,,
2022-10-26 23:00:00,,,,
2022-10-27 00:00:00,39.74,274.73,6.21621600305662,4.21997462174507
2022-10-27 01:00:00,36.12,274.89,350.291775653476,5.97307049412935
2022-10-27 02:00:00,,,,
2022-10-27 03:00:00,,,,
2022-10-27 04:00:00,17.74,276.03,342.895996090137,4.54717267275931
2022-10-27 05:00:00,18.08,275.91,341.701371893847,3.29567589026388
2022-10-27 06:00:00,21.36,275.59,334.690334011721,5.57421553473677
2022-10-27 07:00:00,,,,
2022-10-27 08:00:00,,,,
2022-10-27 09:00:00,,,,
2022-10-27 10:00:00,,,,
2022-10-27 11:00:00,,,,
2022-10-27 12:00:00,,,,
2022-10-27 13:00:00,66.95,279.133333333333,358.613842814845,1.32723129377284
2022-10-27 14:00:00,64.54,279.69,0.195150155899341,1.43902954443037
2022-10-27 15:00:00,63.8166666666667,279.633333333333,9.54338579139619,1.11787789523758
2022-10-27 16:00:00,,,,
2022-10-27 17:00:00,66.4833333333333,277.683333333333,352.720662041118,2.33483900387088
2022-10-27 18:00:00,71.9333333333333,276.366666666667,349.322552684371,2.98891661918436
2022-10-27 19:00:00,74.0833333333333,276.3,348.159794212956,3.8125229720314
2022-10-27 20:00:00,73.0166666666667,276.55,353.261920266141,4.0226064668188
2022-10-27 21:00:00,73.8833333333333,276.566666666667,353.78316236084,4.97045782083193
2022-10-27 22:00:00,73.78,276.47,359.335833654255,3.40192612739645
2022-10-27 23:00:00,66.9666666666667,276.85,0.0083626094788655,3.36860102793281
2022-10-28 00:00:00,66.45,277.116666666667,358.222727271185,3.26362314023632
2022-10-28 01:00:00,66.2,277.433333333333,352.827139805479,3.99518709976474
2022-10-28 02:00:00,69.25,276.916666666667,349.126578304909,4.84274890924697
2022-10-28 03:00:00,,,,
2022-10-28 04:00:00,67.25,276.866666666667,0.435077691357947,4.18628242549578
2022-10-28 05:00:00,67.64,276.95,352.931724280086,5.04902876490409
2022-10-28 06:00:00,70.06,276.83,357.445322345296,5.38534899507244
2022-10-28 07:00:00,73.28,276.77,2.67261545087979,6.43201439587737
2022-10-28 08:00:00,71.7833333333334,277.066666666667,0.87760246218545,6.70393520865379
2022-10-28 09:00:00,71.4166666666667,277.283333333333,358.650297933272,4.58998563158101
2022-10-28 10:00:00,69.8833333333333,278.033333333333,352.645841409036,3.21512099420211
2022-10-28 11:00:00,68.7666666666667,278.583333333333,349.924084397799,2.98534026230954
2022-10-28 12:00:00,65.6166666666667,279.35,344.859692223607,2.74344251054958
2022-10-28 13:00:00,67.7333333333333,278.833333333333,338.925972587351,3.9368465084051
2022-10-28 14:00:00,61.45,281.15,5.74251564804922,0.755241177126191
2022-10-28 15:00:00,61.1833333333333,281.283333333333,13.4196284041526,0.615688645478506
2022-10-28 16:00:00,67.15,279.366666666667,0.268683597222037,1.51589218495112
2022-10-28 17:00:00,71.15,278.1,348.495086874882,2.2554262580686
2022-10-28 18:00:00,71.7666666666667,277.7,349.016947113834,2.9670623750658
2022-10-28 19:00:00,71.55,277.633333333333,340.28468080671,2.95574187884119
2022-10-28 20:00:00,72.1666666666667,277.566666666667,358.486385372536,1.6793099906147
2022-10-28 21:00:00,69.0,277.85,350.688937181007,3.08465198352614
2022-10-28 22:00:00,69.8166666666667,277.733333333333,344.9317185041,3.00065836741905
2022-10-28 23:00:00,70.1833333333333,277.716666666667,351.435215738084,2.9277152112022
2022-10-29 00:00:00,70.6666666666667,277.783333333333,350.957209860174,2.83919503152696
2022-10-29 01:00:00,67.8,278.283333333333,0.93485044470151,2.04762797886014
2022-10-29 02:00:00,,,,
2022-10-29 03:00:00,65.96,277.59,1.17027784377092,5.46856757456524
2022-10-29 04:00:00,,,,
2022-10-29 05:00:00,,,,
2022-10-29 06:00:00,70.96,277.35,2.68893888327386,4.88389893504749
2022-10-29 07:00:00,70.94,277.43,355.968363614012,5.41701917811226
2022-10-29 08:00:00,,,,
2022-10-29 09:00:00,,,,
2022-10-29 10:00:00,63.24,280.53,22.1510419266303,0.774488471143305
2022-10-29 11:00:00,,,,
2022-10-29 12:00:00,58.38,281.85,107.222554665555,0.138405851533435
2022-10-29 13:00:00,,,,
2022-10-29 14:00:00,,,,
2022-10-29 15:00:00,,,,
2022-10-29 16:00:00,54.94,280.79,119.408793789453,0.046319630684911
2022-10-29 17:00:00,56.32,280.09,117.715717502532,0.235242725138467
2022-10-29 18:00:00,,,,
2022-10-29 19:00:00,,,,
2022-10-29 20:00:00,,,,
2022-10-29 21:00:00,69.12,278.61,82.8070103706925,3.05700335158448
2022-10-29 22:00:00,,,,
2022-10-29 23:00:00,69.34,278.43,87.8831324206495,4.15255397688844
2022-10-30 00:00:00,68.08,278.43,85.3819322477748,4.09846790239168
2022-10-30 01:00:00,,,,
2022-10-30 02:00:00,60.62,278.83,92.8695336915887,4.81072043928483
2022-10-30 03:00:00,62.2,277.89,83.4261155402189,5.31984124531026
2022-10-30 04:00:00,,,,
2022-10-30 05:00:00,62.7,277.57,89.0287367500212,3.57960277397347
2022-10-30 06:00:00,,,,
2022-10-30 07:00:00,,,,
2022-10-30 08:00:00,,,,
2022-10-30 09:00:00,,,,
2022-10-30 10:00:00,,,,
2022-10-30 11:00:00,,,,
2022-10-30 12:00:00,57.02,280.13,108.449133742628,1.36647413068965
2022-10-30 13:00:00,,,,
2022-10-30 14:00:00,,,,
2022-10-30 15:00:00,,,,
2022-10-30 16:00:00,58.42,280.19,71.1011361542625,1.01949940761759
2022-10-30 17:00:00,62.05,279.316666666667,96.5810635966377,1.03506888055777
2022-10-30 18:00:00,,,,
2022-10-30 19:00:00,70.2,277.666666666667,90.1808792303598,1.88915595016893
2022-10-30 20:00:00,72.5,277.433333333333,89.3612193675526,2.62499618242668
2022-10-30 21:00:00,74.25,277.066666666667,86.4184445661929,2.64929406546395
2022-10-30 22:00:00,72.4666666666667,276.95,79.9591556320077,3.06311757628995
2022-10-30 23:00:00,64.55,276.95,82.9402172722632,3.20407778071468
2022-10-31 00:00:00,62.0666666666667,277.016666666667,90.4184142496392,2.4677737704489
2022-10-31 01:00:00,58.6166666666667,277.15,84.3617537671266,3.20642008955038
2022-10-31 02:00:00,56.56,276.75,89.5673865116622,2.75249085770305
2022-10-31 03:00:00,,,,
2022-10-31 04:00:00,,,,
2022-10-31 05:00:00,57.36,275.99,102.814645927716,2.63277046152185
2022-10-31 06:00:00,,,,
2022-10-31 07:00:00,54.4666666666667,276.066666666667,84.3771653847163,2.83978824948804
2022-10-31 08:00:00,56.1666666666667,276.45,86.3515062435488,4.31574217536323
2022-10-31 09:00:00,54.56,277.05,95.4197017090419,3.7943891135858
2022-10-31 10:00:00,54.3833333333333,277.716666666667,84.5000862232465,2.61986377747136
2022-10-31 11:00:00,55.04,277.93,98.271105873684,2.15429226496111
2022-10-31 12:00:00,54.7,278.1,109.088357804835,2.89508028942712
2022-10-31 13:00:00,55.85,278.25,121.273060409702,1.89545851289895
2022-10-31 14:00:00,,,,
2022-10-31 15:00:00,61.46,276.83,109.604750869186,3.08077585316931
2022-10-31 16:00:00,64.6666666666667,276.183333333333,119.983127138152,3.75097560120047
2022-10-31 17:00:00,66.4,276.116666666667,115.528651020699,1.98248762362572
2022-10-31 18:00:00,64.65,275.583333333333,101.472856297589,3.49453872475827
2022-10-31 19:00:00,56.3333333333333,275.633333333333,103.254415497362,3.01279408641149
2022-10-31 20:00:00,51.0833333333333,275.766666666667,80.7697790943856,4.90291171893701
2022-10-31 21:00:00,50.2666666666667,275.566666666667,74.2258949235613,5.69958393538022
2022-10-31 22:00:00,48.6666666666667,275.383333333333,77.1261879732651,4.04497380348615
2022-10-31 23:00:00,43.2166666666667,275.366666666667,65.3769017163455,5.19123514261571
2022-11-01 00:00:00,45.8333333333333,275.0,102.805369891669,2.7531771754004
2022-11-01 01:00:00,43.9333333333333,275.033333333333,98.2968102610786,3.44186931256015
2022-11-01 02:00:00,,,,
2022-11-01 03:00:00,51.8,275.05,80.3842599787321,3.07128187879557
2022-11-01 04:00:00,,,,
2022-11-01 05:00:00,,,,
2022-11-01 06:00:00,,,,
2022-11-01 07:00:00,63.4,275.11,88.2567499443788,1.72894980550784
2022-11-01 08:00:00,,,,
2022-11-01 09:00:00,,,,
2022-11-01 10:00:00,,,,
2022-11-01 11:00:00,77.28,274.67,83.7607073002233,2.6830881382412
2022-11-01 12:00:00,84.7666666666667,274.966666666667,83.64130194729,2.3586683133391
2022-11-01 13:00:00,,,,
2022-11-01 14:00:00,87.5166666666667,274.633333333333,51.3344324360684,1.52686700589227
2022-11-01 15:00:00,,,,
2022-11-01 16:00:00,94.3,274.216666666667,68.229703862795,1.47960784646319
2022-11-01 17:00:00,94.46,274.01,93.5082997125136,1.23503951961243
2022-11-01 18:00:00,94.65,273.866666666667,35.2006312758635,0.887458855308307
2022-11-01 19:00:00,94.8,273.633333333333,9.90463596895438,1.73772203368364
2022-11-01 20:00:00,95.0666666666667,273.466666666667,8.05266788812821,4.18020376016308
2022-11-01 21:00:00,95.1833333333333,273.216666666667,13.9279190768046,3.74408077874564
2022-11-01 22:00:00,95.2,273.033333333333,27.7876705013085,3.68939802483944
2022-11-01 23:00:00,95.1666666666667,272.533333333333,20.8123043920451,4.67052570514362
2022-11-02 00:00:00,55.5,272.2,34.3003735973339,4.98230790838739
2022-11-02 01:00:00,18.6166666666667,273.616666666667,358.952328811086,7.9582938526805
2022-11-02 02:00:00,,,,
2022-11-02 03:00:00,,,,
2022-11-02 04:00:00,20.28,273.25,353.753424411604,4.1688290436391
2022-11-02 05:00:00,,,,
2022-11-02 06:00:00,18.04,273.97,47.4686814795417,1.10422222171447
2022-11-02 07:00:00,,,,
2022-11-02 08:00:00,20.2,274.266666666667,85.4398800820909,3.35746336544388
2022-11-02 09:00:00,23.24,274.49,74.8482597312874,4.17020584579354
2022-11-02 10:00:00,27.25,275.466666666667,67.5200473409987,2.51284763813904
2022-11-02 11:00:00,35.0833333333333,276.433333333333,71.0191454342373,1.36755020448155
2022-11-02 12:00:00,47.8,276.71,86.7115729664189,1.13887956192881
2022-11-02 13:00:00,66.0333333333334,275.916666666667,107.162722245592,2.06535665136193
2022-11-02 14:00:00,82.2666666666667,275.183333333333,106.202536342262,1.59742715566936
2022-11-02 15:00:00,94.1666666666667,273.666666666667,112.625711869892,1.548064997476
2022-11-02 16:00:00,94.3666666666667,273.35,95.218507804394,1.2740262576459
2022-11-02 17:00:00,92.4166666666667,273.016666666667,92.1787974046463,1.16678917192511
2022-11-02 18:00:00,74.4666666666667,272.866666666667,31.1580262307541,0.400234357848663
2022-11-02 19:00:00,89.8833333333333,272.283333333333,89.4600609451601,1.18893782370224
2022-11-02 20:00:00,83.9166666666667,272.166666666667,87.5328616823343,2.98605653974284
2022-11-02 21:00:00,76.0166666666667,272.083333333333,90.5586096562303,3.46728444862853
2022-11-02 22:00:00,85.9666666666667,271.483333333333,95.8063385970822,4.99506827381369
2022-11-02 23:00:00,89.5666666666667,271.35,105.187616573924,5.47150793969184
2022-11-03 00:00:00,91.5833333333333,271.116666666667,106.150806276195,5.73213378645684
2022-11-03 01:00:00,92.0166666666667,270.8,113.605570610794,5.4482569792881
2022-11-03 02:00:00,,,,
2022-11-03 03:00:00,,,,
2022-11-03 04:00:00,84.9666666666667,270.55,109.670610715953,4.14335847199191
2022-11-03 05:00:00,73.44,271.01,97.4673846597984,2.9424802633167
2022-11-03 06:00:00,59.1,271.633333333333,103.703497254275,2.84381418324151
2022-11-03 07:00:00,57.3333333333333,271.433333333333,104.387403413123,2.73552094394899
2022-11-03 08:00:00,60.0833333333333,271.566666666667,97.4962628706334,3.04059593082494
2022-11-03 09:00:00,57.25,272.15,99.7801896737587,3.16648834650739
2022-11-03 10:00:00,59.9333333333333,272.95,107.633816989298,4.89348487491424
2022-11-03 11:00:00,77.26,273.01,110.835631877182,6.86181269975779
2022-11-03 12:00:00,85.9333333333333,272.633333333333,128.771531111544,9.58506987251689
2022-11-03 13:00:00,77.7666666666667,273.383333333333,129.123210540622,6.45177569457258
2022-11-03 14:00:00,76.9333333333333,273.116666666667,133.543939131816,1.83954484772522
2022-11-03 15:00:00,82.0833333333333,272.433333333333,121.528171210387,3.55679201308735
2022-11-03 16:00:00,84.8,271.85,129.498961510314,4.05166264015071
2022-11-03 17:00:00,86.6333333333333,271.316666666667,122.504746588473,2.03166565876373
2022-11-03 18:00:00,84.3,271.05,141.967103457807,3.28162370642137
2022-11-03 19:00:00,84.0666666666667,270.816666666667,123.779920959211,2.88352407564042
2022-11-03 20:00:00,89.45,270.766666666667,117.674183714552,4.13800783883605
2022-11-03 21:00:00,92.5,271.016666666667,114.811511113878,5.19505268603538
2022-11-03 22:00:00,94.7333333333333,271.483333333333,107.893164769671,5.71784062910473
2022-11-03 23:00:00,94.6666666666667,271.633333333333,124.190940344162,5.01346465601912
2022-11-04 00:00:00,94.7,271.366666666667,104.992328778802,6.11442863885619
2022-11-04 01:00:00,94.7166666666667,271.2,107.04183944424,5.10473893184958
2022-11-04 02:00:00,,,,
2022-11-04 03:00:00,,,,
2022-11-04 04:00:00,,,,
2022-11-04 05:00:00,,,,
2022-11-04 06:00:00,,,,
2022-11-04 07:00:00,91.48,266.65,4.11720755261342,6.38193716803884
2022-11-04 08:00:00,,,,
2022-11-04 09:00:00,,,,
2022-11-04 10:00:00,88.82,265.79,9.50076405663242,5.17110218864043
2022-11-04 11:00:00,89.0,265.85,3.49190788038095,5.64298084034063
2022-11-04 12:00:00,,,,
2022-11-04 13:00:00,,,,
2022-11-04 14:00:00,,,,
2022-11-04 15:00:00,,,,
2022-11-04 16:00:00,89.14,265.83,355.426153096775,2.32695907511482
2022-11-04 17:00:00,,,,
2022-11-04 18:00:00,86.92,264.37,326.908491101381,1.4647707855463
2022-11-04 19:00:00,,,,
2022-11-04 20:00:00,86.74,264.11,344.97150739299,2.03221013323008
2022-11-04 21:00:00,86.74,263.81,348.841506932692,1.89490796991548
2022-11-04 22:00:00,86.9,264.01,353.214007590233,1.58413385673541
2022-11-04 23:00:00,86.9,264.066666666667,355.144288109342,1.43707485106896
2022-11-05 00:00:00,86.9166666666667,263.95,358.577890131488,2.19963901057983
2022-11-05 01:00:00,,,,
2022-11-05 02:00:00,87.04,263.79,344.609480426594,2.1558659023515
2022-11-05 03:00:00,,,,
2022-11-05 04:00:00,,,,
2022-11-05 05:00:00,,,,
2022-11-05 06:00:00,89.28,265.03,0.750935074467179,0.891456288005432
2022-11-05 07:00:00,,,,
2022-11-05 08:00:00,,,,
2022-11-05 09:00:00,,,,
2022-11-05 10:00:00,,,,
2022-11-05 11:00:00,,,,
2022-11-05 12:00:00,,,,
2022-11-05 13:00:00,91.08,268.27,,0.0
2022-11-05 14:00:00,90.76,267.89,,0.0
2022-11-05 15:00:00,90.4833333333333,267.55,,0.0
2022-11-05 16:00:00,89.74,266.57,,0.0
2022-11-05 17:00:00,88.8833333333333,265.916666666667,,0.0
2022-11-05 18:00:00,87.9833333333333,265.5,,0.0
2022-11-05 19:00:00,,,,
2022-11-05 20:00:00,87.7666666666667,265.166666666667,,0.0
2022-11-05 21:00:00,87.6,264.77,,0.0
2022-11-05 22:00:00,87.7,264.783333333333,,0.0
2022-11-05 23:00:00,87.8,264.933333333333,,0.0
2022-11-06 00:00:00,87.6833333333333,264.483333333333,,0.0
2022-11-06 01:00:00,87.7333333333333,264.4,,0.0
2022-11-06 02:00:00,87.26,264.31,,0.0
2022-11-06 03:00:00,,,,
2022-11-06 04:00:00,87.1833333333333,264.016666666667,,0.0
2022-11-06 05:00:00,89.24,264.71,,0.0
2022-11-06 06:00:00,89.56,265.25,,0.0
2022-11-06 07:00:00,89.85,265.783333333333,,0.0
2022-11-06 08:00:00,89.14,266.53,,0.0
2022-11-06 09:00:00,90.35,268.6,,0.0
2022-11-06 10:00:00,91.8833333333333,269.966666666667,10.4722862278802,0.869094609671047
2022-11-06 11:00:00,89.4,269.95,0.801152111806914,3.62639242230499
2022-11-06 12:00:00,94.65,274.183333333333,86.4007054144682,0.524948845651369
2022-11-06 13:00:00,94.7833333333334,274.166666666667,77.2129013738354,0.771569454272521
2022-11-06 14:00:00,94.55,273.833333333333,72.9215524294878,1.30437929675332
2022-11-06 15:00:00,92.5666666666667,273.25,11.1013983142561,2.78897624216433
2022-11-06 16:00:00,83.8833333333333,272.283333333333,344.652989864353,6.28943597060109
2022-11-06 17:00:00,78.9833333333333,272.916666666667,357.882330072861,8.35347484215876
2022-11-06 18:00:00,76.9,272.833333333333,358.951125963013,8.97983514574552
2022-11-06 19:00:00,73.35,272.933333333333,4.85335742003247,8.80774068142407
2022-11-06 20:00:00,71.2166666666667,272.866666666667,0.656388233260145,7.87688697437638
2022-11-06 21:00:00,74.2666666666667,272.383333333333,6.78351512367897,7.82260360137216
2022-11-06 22:00:00,77.45,272.533333333333,7.30597018613605,8.08418583434319
2022-11-06 23:00:00,74.2666666666667,272.683333333333,8.94219810431218,6.80078628261247
2022-11-07 00:00:00,75.35,273.016666666667,7.35120255851967,8.42874226757385
2022-11-07 01:00:00,80.4833333333333,272.233333333333,9.72649482436441,8.47148047080406
2022-11-07 02:00:00,,,,
2022-11-07 03:00:00,,,,
2022-11-07 04:00:00,,,,
2022-11-07 05:00:00,,,,
2022-11-07 06:00:00,,,,
2022-11-07 07:00:00,,,,
2022-11-07 08:00:00,,,,
2022-11-07 09:00:00,,,,
2022-11-07 10:00:00,37.24,272.57,352.547679083948,5.42573153292394
2022-11-07 11:00:00,38.4,272.8,353.940430114577,6.01018834420925
2022-11-07 12:00:00,34.04,273.05,346.32548390165,6.20825953321205
2022-11-07 13:00:00,,,,
2022-11-07 14:00:00,,,,
2022-11-07 15:00:00,31.2833333333333,274.583333333333,31.881954515623,2.6421994759059
2022-11-07 16:00:00,27.82,273.93,10.2583868029666,3.28812993210227
2022-11-07 17:00:00,,,,
2022-11-07 18:00:00,24.0166666666667,273.116666666667,8.9432855548082,4.58181570139439
2022-11-07 19:00:00,22.36,273.15,6.8252155562538,4.62779479878782
2022-11-07 20:00:00,,,,
2022-11-07 21:00:00,17.8666666666667,273.833333333333,5.85058562233144,5.23461336943091
2022-11-07 22:00:00,16.2,274.2,358.346714231968,5.98323434541827
2022-11-07 23:00:00,16.05,274.2,2.55932797900084,5.15192504235121
2022-11-08 00:00:00,19.0666666666667,273.883333333333,9.46710801047971,3.9086695286571
2022-11-08 01:00:00,17.2166666666667,274.116666666667,15.9085942491398,3.28665506410059
2022-11-08 02:00:00,14.1,274.49,13.2693740733893,3.16944190017206
2022-11-08 03:00:00,14.26,274.19,2.27845309888693,4.01518605003063
2022-11-08 04:00:00,15.06,274.39,357.686343466593,5.72666515107299
2022-11-08 05:00:00,23.26,274.61,354.544515331778,5.85689590523943
2022-11-08 06:00:00,31.2,274.57,357.924016767184,4.56994595294278
2022-11-08 07:00:00,,,,
2022-11-08 08:00:00,5.22,276.25,354.281567857484,5.0172969994419
2022-11-08 09:00:00,5.65,277.333333333333,30.9905627925833,2.0557069695099
2022-11-08 10:00:00,,,,
2022-11-08 11:00:00,10.1666666666667,277.166666666667,66.4905574294437,3.46700603480225
2022-11-08 12:00:00,14.94,277.57,72.1890437429595,2.19831857828277
2022-11-08 13:00:00,14.45,278.083333333333,71.2936812130201,3.1768680530715
2022-11-08 14:00:00,14.9666666666667,278.166666666667,91.8164438419714,1.13678212068871
2022-11-08 15:00:00,16.6166666666667,278.1,124.590930857359,0.216455817705952
2022-11-08 16:00:00,15.8333333333333,277.5,62.7921726930424,0.298008880113424
2022-11-08 17:00:00,17.22,276.05,56.8095387338276,0.788870199051889
2022-11-08 18:00:00,13.94,275.25,9.38744611837689,2.80703943238106
2022-11-08 19:00:00,12.9333333333333,275.533333333333,348.720010994827,4.7395251159202
2022-11-08 20:00:00,18.8,275.466666666667,343.065069540383,5.31199844627465
2022-11-08 21:00:00,22.2833333333333,275.183333333333,344.212800407911,4.7314734898776
2022-11-08 22:00:00,24.95,275.066666666667,352.214009868672,3.68853353984438
2022-11-08 23:00:00,31.8166666666667,275.016666666667,25.3483264925318,2.64994096400965
2022-11-09 00:00:00,38.55,274.516666666667,20.4251010698657,1.29672585075471
2022-11-09 01:00:00,50.9166666666667,274.816666666667,67.128818534576,2.43988732675491
2022-11-09 02:00:00,46.26,274.73,48.0893682252246,2.00267369301638
2022-11-09 03:00:00,46.95,274.466666666667,34.7309267463454,1.91415934929481
2022-11-09 04:00:00,47.2833333333333,274.833333333333,29.4883768119707,2.46007578431125
2022-11-09 05:00:00,58.8333333333333,273.916666666667,353.264823776609,2.39290761571674
2022-11-09 06:00:00,65.1666666666667,273.683333333333,26.339936505555,2.94278599417958
2022-11-09 07:00:00,61.0,273.833333333333,358.455871102724,3.37178099433082
2022-11-09 08:00:00,60.5333333333333,274.15,20.6042471394719,2.87228731566392
2022-11-09 09:00:00,65.65,275.066666666667,31.0099394684516,1.55116849182285
2022-11-09 10:00:00,65.05,276.283333333333,85.2333458736707,0.895595441546056
2022-11-09 11:00:00,64.7833333333334,276.716666666667,93.0571966837196,0.515625929189534
2022-11-09 12:00:00,68.7833333333334,275.933333333333,75.5619461097076,1.62481535960976
2022-11-09 13:00:00,69.4666666666667,275.966666666667,77.7225238651628,1.1880118107624
2022-11-09 14:00:00,67.8333333333333,276.933333333333,65.4831483491222,0.801651086081071
2022-11-09 15:00:00,73.6,276.233333333333,70.5667367304228,1.48859286525485
2022-11-09 16:00:00,75.4,275.083333333333,68.7625418911612,1.66125523431181
2022-11-09 17:00:00,80.4,273.783333333333,61.8809993348806,1.42806140768888
2022-11-09 18:00:00,85.9333333333333,272.816666666667,59.8091083635828,1.09080049577805
2022-11-09 19:00:00,85.8333333333333,272.8,32.7851676680983,1.53886096750112
2022-11-09 20:00:00,83.9,273.083333333333,71.5583167034774,1.17978003418794
2022-11-09 21:00:00,84.3833333333333,273.183333333333,40.1158243582827,2.29941561109945
2022-11-09 22:00:00,93.3666666666667,273.0,61.1154118963925,1.17108071980047
2022-11-09 23:00:00,95.1833333333333,272.966666666667,50.5786732831668,1.36902418132982
2022-11-10 00:00:00,95.2,272.45,21.3682062248277,1.45774337245395
2022-11-10 01:00:00,95.2,272.416666666667,0.697682091086733,1.2350412687779
2022-11-10 02:00:00,94.9666666666667,272.25,9.16553092997435,1.00395487623955
2022-11-10 03:00:00,94.1833333333333,271.133333333333,357.665583060902,4.82708128984924
2022-11-10 04:00:00,92.95,270.8,5.77167417000055,5.13072429177092
2022-11-10 05:00:00,92.7166666666667,270.65,6.59886874900474,4.56203393182291
2022-11-10 06:00:00,92.5333333333334,270.516666666667,351.172862051732,4.25972653670626
2022-11-10 07:00:00,92.6333333333333,270.3,8.91149369036396,4.04387565315571
2022-11-10 08:00:00,93.0666666666667,270.116666666667,5.98010599446269,4.29316906730607
2022-11-10 09:00:00,93.8,270.733333333333,348.434702727476,3.57513193043167
2022-11-10 10:00:00,93.8166666666667,271.05,355.119512360167,3.29171440662517
2022-11-10 11:00:00,93.7333333333333,271.683333333333,2.18886364260032,3.23907755660097
2022-11-10 12:00:00,91.8333333333333,271.566666666667,0.556760461915474,4.32477343365196
2022-11-10 13:00:00,90.8666666666667,271.333333333333,359.978559661942,4.43652831392405
2022-11-10 14:00:00,92.12,272.41,6.32995159325662,2.51388814839521
2022-11-10 15:00:00,86.7166666666667,271.133333333333,341.925954379912,3.88804459211305
2022-11-10 16:00:00,71.3166666666667,269.683333333333,330.971471008407,4.9685349000141
2022-11-10 17:00:00,24.1333333333333,271.3,326.851286739508,6.07353801595439
2022-11-10 18:00:00,11.3333333333333,272.966666666667,317.673943696184,6.23688152603074
2022-11-10 19:00:00,16.5,273.45,309.388242498923,5.83735944356666
2022-11-10 20:00:00,30.3333333333333,273.233333333333,294.00539009133,5.48330590266076
2022-11-10 21:00:00,45.3333333333333,273.866666666667,263.56460351032,4.84470115034548
2022-11-10 22:00:00,43.0666666666667,275.1,249.323760171055,5.47152567414975
2022-11-10 23:00:00,41.9333333333333,275.45,250.999420123011,4.29194968118563
2022-11-11 00:00:00,42.4333333333333,275.35,272.818254256057,3.37521008857116
2022-11-11 01:00:00,43.7666666666667,275.65,273.056987156432,3.39914950562567
2022-11-11 02:00:00,44.2833333333333,275.916666666667,268.510138734614,3.16289482503946
2022-11-11 03:00:00,44.8333333333333,275.616666666667,275.71457380599,2.59738246863522
2022-11-11 04:00:00,43.8,275.766666666667,258.026890085601,3.89499376903583
2022-11-11 05:00:00,44.8833333333333,275.7,286.095339782387,3.58834868490874
2022-11-11 06:00:00,47.6166666666667,275.266666666667,307.952225568686,3.49072668636595
2022-11-11 07:00:00,49.65,275.05,309.892483638139,3.22974497994739
2022-11-11 08:00:00,46.4,275.55,304.741146822033,3.3519560760886
2022-11-11 09:00:00,45.5,275.6,296.896237131438,3.2084686610492
2022-11-11 10:00:00,44.9833333333333,276.2,276.971280209541,3.79042723830348
2022-11-11 11:00:00,45.15,276.383333333333,267.028393911178,2.43454405773869
2022-11-11 12:00:00,39.6166666666667,278.05,174.178345958119,1.25147958264434
2022-11-11 13:00:00,29.98,278.39,163.751454219987,1.79183145332268
2022-11-11 14:00:00,29.44,278.51,130.17502403566,2.33262780315334
2022-11-11 15:00:00,27.75,278.05,115.689186604583,3.38327381934028
2022-11-11 16:00:00,,,,
2022-11-11 17:00:00,25.2,276.71,113.179396439179,4.26442896196987
2022-11-11 18:00:00,,,,
2022-11-11 19:00:00,23.0166666666667,276.566666666667,122.279906319326,3.75936818992064
2022-11-11 20:00:00,23.96,276.51,109.212948655886,5.12456522904826
2022-11-11 21:00:00,22.74,276.63,111.597976771868,4.98456685148775
2022-11-11 22:00:00,22.48,276.67,101.427930013757,5.31523483734671
2022-11-11 23:00:00,20.0,276.966666666667,93.4383712617016,5.43052017718148
2022-11-12 00:00:00,20.6,276.816666666667,93.150198909744,5.11919033610811
2022-11-12 01:00:00,21.7,276.816666666667,97.669209616984,5.32537689111669
2022-11-12 02:00:00,,,,
2022-11-12 03:00:00,20.78,277.23,87.3879975779089,3.7557283125979
2022-11-12 04:00:00,20.2,277.17,86.8039433142899,3.99742092147282
2022-11-12 05:00:00,,,,
2022-11-12 06:00:00,12.2333333333333,277.733333333333,104.478192103594,4.50714691365188
2022-11-12 07:00:00,10.6,277.65,109.853374207419,5.03276512929803
2022-11-12 08:00:00,11.76,277.63,106.983361411678,5.34839623085398
2022-11-12 09:00:00,12.0166666666667,277.8,110.301177084584,5.45619473569487
2022-11-12 10:00:00,14.34,278.51,109.789799837135,4.97396732282082
2022-11-12 11:00:00,14.66,279.01,118.935871800505,4.14274470106093
2022-11-12 12:00:00,16.3333333333333,279.666666666667,128.815912991012,3.7552091405945
2022-11-12 13:00:00,17.8666666666667,280.7,122.500696748572,2.09453529793775
2022-11-12 14:00:00,18.1333333333333,280.35,184.010705470778,0.931149039451972
2022-11-12 15:00:00,19.9666666666667,279.583333333333,164.422279064382,0.958247057486846
2022-11-12 16:00:00,16.6166666666667,278.616666666667,195.751606338489,2.0572378122128
2022-11-12 17:00:00,13.7,278.166666666667,210.748270983884,3.3546644205358
2022-11-12 18:00:00,13.85,277.816666666667,200.252861497575,4.1805762772023
2022-11-12 19:00:00,15.0166666666667,277.6,189.656588096118,3.31425962326288
2022-11-12 20:00:00,15.45,277.35,151.097827750992,2.67706287396597
2022-11-12 21:00:00,16.0333333333333,277.25,131.477953246551,5.62810257124088
2022-11-12 22:00:00,17.35,276.933333333333,121.480775739026,4.85487733907838
2022-11-12 23:00:00,18.7,276.566666666667,108.509019122462,4.55855073509971
2022-11-13 00:00:00,20.2833333333333,276.35,104.528636479837,4.42272785283389
2022-11-13 01:00:00,24.2333333333333,276.333333333333,106.110145593257,4.84759236758755
2022-11-13 02:00:00,,,,
2022-11-13 03:00:00,,,,
2022-11-13 04:00:00,45.12,275.25,116.826928150357,4.11619494666343
2022-11-13 05:00:00,,,,
2022-11-13 06:00:00,,,,
2022-11-13 07:00:00,,,,
2022-11-13 08:00:00,,,,
2022-11-13 09:00:00,,,,
2022-11-13 10:00:00,39.08,274.27,104.716682632441,9.37790450681376
2022-11-13 11:00:00,,,,
2022-11-13 12:00:00,56.32,273.03,91.6562434183908,6.27507650857439
2022-11-13 13:00:00,,,,
2022-11-13 14:00:00,44.32,273.95,84.6668344087564,4.84251152305865
2022-11-13 15:00:00,,,,
2022-11-13 16:00:00,,,,
2022-11-13 17:00:00,,,,
2022-11-13 18:00:00,,,,
2022-11-13 19:00:00,,,,
2022-11-13 20:00:00,73.98,270.31,99.3371903282141,8.62886512609792
2022-11-13 21:00:00,,,,
2022-11-13 22:00:00,81.38,270.11,106.694832259887,3.40675508723423
2022-11-13 23:00:00,84.66,270.15,108.320554652584,3.56787400065595
2022-11-14 00:00:00,89.88,269.11,107.707106918449,3.38394253381597
2022-11-14 01:00:00,92.8,268.73,103.584531209367,4.23969999727229
2022-11-14 02:00:00,,,,
2022-11-14 03:00:00,,,,
2022-11-14 04:00:00,,,,
2022-11-14 05:00:00,89.88,267.97,115.258106723839,4.74549850682037
2022-11-14 06:00:00,91.44,267.83,113.543567781958,5.20141914652815
2022-11-14 07:00:00,,,,
2022-11-14 08:00:00,,,,
2022-11-14 09:00:00,,,,
2022-11-14 10:00:00,90.6,267.85,103.535817840288,7.40199030134083
2022-11-14 11:00:00,90.76,268.37,111.485218527142,4.93221948961231
2022-11-14 12:00:00,,,,
2022-11-14 13:00:00,91.1,268.97,111.379068837302,3.34257615059844
2022-11-14 14:00:00,,,,
2022-11-14 15:00:00,91.98,269.53,103.091171110775,2.48444972070793
2022-11-14 16:00:00,91.3,269.45,27.696163887326,2.18652410715418
2022-11-14 17:00:00,,,,
2022-11-14 18:00:00,90.66,268.31,11.9277032469092,4.24234866261984
2022-11-14 19:00:00,90.7833333333333,268.216666666667,9.70504856227365,3.22991417292946
2022-11-14 20:00:00,91.28,268.25,13.8290560401834,5.12208730002955
2022-11-14 21:00:00,91.6833333333333,268.65,14.0652573560063,4.332209992481
2022-11-14 22:00:00,92.0833333333333,269.066666666667,15.8741525994305,5.06747760010225
2022-11-14 23:00:00,91.4,269.316666666667,11.3900514661119,4.52487194695285
2022-11-15 00:00:00,90.2333333333333,269.5,10.4446274104282,3.09056083983383
2022-11-15 01:00:00,89.4666666666667,269.183333333333,352.687474752905,2.4442101114874
2022-11-15 02:00:00,,,,
2022-11-15 03:00:00,86.4,269.51,17.4793655439364,0.514700203325312
2022-11-15 04:00:00,,,,
2022-11-15 05:00:00,,,,
2022-11-15 06:00:00,,,,
2022-11-15 07:00:00,55.56,271.21,74.5086860364495,2.23037168839762
2022-11-15 08:00:00,58.8166666666667,271.066666666667,83.3866764416179,1.89065224807367
2022-11-15 09:00:00,54.16,272.81,57.9759643272583,1.58270476547267
2022-11-15 10:00:00,54.12,273.99,72.1134292062697,1.47028473627656
2022-11-15 11:00:00,56.5833333333334,274.333333333333,95.5854144725606,1.89034858125163
2022-11-15 12:00:00,60.56,274.85,97.238276121081,1.32589258585369
2022-11-15 13:00:00,68.1,274.466666666667,106.283936193697,0.726447626186772
2022-11-15 14:00:00,70.92,274.25,85.0057088663358,0.389238358364495
2022-11-15 15:00:00,78.8333333333333,272.683333333333,16.6600094055661,1.33879413862414
2022-11-15 16:00:00,83.3333333333333,272.0,71.8102016647381,0.795821212174875
2022-11-15 17:00:00,85.04,271.55,44.8013384464026,0.549472888283759
2022-11-15 18:00:00,88.8,271.116666666667,61.8613208001413,0.815640760441144
2022-11-15 19:00:00,90.2666666666667,271.183333333333,84.0853075176259,1.18632758461141
2022-11-15 20:00:00,87.1833333333333,271.383333333333,34.6189029290771,0.98190250376659
2022-11-15 21:00:00,83.7,271.733333333333,22.2372394915869,1.39130162507275
2022-11-15 22:00:00,79.1166666666667,272.55,58.9821417972872,1.30217233599706
2022-11-15 23:00:00,87.3333333333333,271.7,86.6617118500265,2.42276714525073
2022-11-16 00:00:00,84.9333333333333,271.683333333333,79.0410864584311,2.35414301272699
2022-11-16 01:00:00,89.2166666666667,271.6,86.6270603621469,3.41059309459352
2022-11-16 02:00:00,89.8,271.69,81.8696725582261,1.93027744292273
2022-11-16 03:00:00,87.02,272.07,55.1029559152602,1.2562014011535
2022-11-16 04:00:00,91.1333333333333,271.95,82.8225219060181,1.18597004632903
2022-11-16 05:00:00,93.65,271.75,87.2114540690098,1.3407046003077
2022-11-16 06:00:00,93.55,271.733333333333,64.002134036634,1.117766418893
2022-11-16 07:00:00,93.5666666666667,271.616666666667,19.788256093171,1.99552127706852
2022-11-16 08:00:00,93.4166666666667,271.233333333333,20.8928419115345,5.65277342239905
2022-11-16 09:00:00,94.0,271.1,24.9892483566161,3.88304987576914
2022-11-16 10:00:00,94.0166666666667,270.966666666667,20.7989635070256,2.37829001459183
2022-11-16 11:00:00,93.5166666666666,271.15,12.0410126550114,3.32129485936035
2022-11-16 12:00:00,92.85,270.233333333333,342.357459128207,3.26947207836337
2022-11-16 13:00:00,92.8833333333333,270.683333333333,350.676687601844,3.035739473333
2022-11-16 14:00:00,92.5833333333333,270.383333333333,7.735874595864,2.1557430794045
2022-11-16 15:00:00,92.1833333333333,269.816666666667,354.810978546464,3.10057040816308
2022-11-16 16:00:00,91.1166666666667,268.45,346.398750838084,3.73377703949049
2022-11-16 17:00:00,90.4,267.433333333333,344.370909394097,2.70017039738359
2022-11-16 18:00:00,90.2166666666667,267.433333333333,0.541164074482595,2.08246480959816
2022-11-16 19:00:00,89.0166666666667,266.733333333333,21.0826003488265,1.78050550649383
2022-11-16 20:00:00,88.5666666666667,265.916666666667,26.8764858621306,4.52474153953428
2022-11-16 21:00:00,88.9166666666667,266.116666666667,21.8705414572148,6.63455921523368
2022-11-16 22:00:00,89.15,266.5,19.847973383758,4.90953546800555
2022-11-16 23:00:00,87.45,266.883333333333,10.9398700373047,6.57375321520947
2022-11-17 00:00:00,70.05,267.733333333333,13.6771318976013,5.55722396247786
2022-11-17 01:00:00,49.1666666666667,268.783333333333,10.4438642952373,4.4077085186718
2022-11-17 02:00:00,55.7,269.13,358.552553583145,4.48207179997846
2022-11-17 03:00:00,,,,
2022-11-17 04:00:00,,,,
2022-11-17 05:00:00,,,,
2022-11-17 06:00:00,72.94,270.59,26.7307450518402,7.15335601007703
2022-11-17 07:00:00,,,,
2022-11-17 08:00:00,77.98,270.79,25.3597191060603,4.12007070067209
2022-11-17 09:00:00,,,,
2022-11-17 10:00:00,,,,
2022-11-17 11:00:00,60.7,271.87,21.0750229841624,3.17333764499073
2022-11-17 12:00:00,48.56,272.11,7.68381775069361,3.71614828080028
2022-11-17 13:00:00,,,,
2022-11-17 14:00:00,,,,
2022-11-17 15:00:00,,,,
2022-11-17 16:00:00,74.22,269.81,0.371602265564206,5.57180681377491
2022-11-17 17:00:00,,,,
2022-11-17 18:00:00,,,,
2022-11-17 19:00:00,,,,
2022-11-17 20:00:00,46.9,270.23,53.44083204014,2.68326956699782
2022-11-17 21:00:00,,,,
2022-11-17 22:00:00,,,,
2022-11-17 23:00:00,,,,
2022-11-18 00:00:00,75.32,268.71,47.7168341914381,1.80290237616967
2022-11-18 01:00:00,,,,
2022-11-18 02:00:00,,,,
2022-11-18 03:00:00,,,,
2022-11-18 04:00:00,,,,
2022-11-18 05:00:00,,,,
2022-11-18 06:00:00,,,,
2022-11-18 07:00:00,,,,
2022-11-18 08:00:00,,,,
2022-11-18 09:00:00,88.18,265.39,34.2530195568091,8.82911837340146
2022-11-18 10:00:00,,,,
2022-11-18 11:00:00,,,,
2022-11-18 12:00:00,,,,
2022-11-18 13:00:00,,,,
2022-11-18 14:00:00,88.52,265.83,12.5890645406474,6.01223897590051
2022-11-18 15:00:00,88.52,265.67,14.4539917008306,4.45608344521878
2022-11-18 16:00:00,,,,
2022-11-18 17:00:00,,,,
2022-11-18 18:00:00,87.14,264.87,18.220854827861,6.33301788149272
2022-11-18 19:00:00,86.95,264.733333333333,25.324233734009,4.99684132624811
2022-11-18 20:00:00,87.05,264.616666666667,34.2560145098373,3.41437093666397
2022-11-18 21:00:00,87.48,264.75,22.3576285650457,2.77227954559246
2022-11-18 22:00:00,86.8833333333333,264.35,18.928333635726,3.0057648744374
2022-11-18 23:00:00,86.64,264.13,13.0338740810022,2.59469427058114
2022-11-19 00:00:00,86.0,263.616666666667,12.1583001388368,1.91737767307344
2022-11-19 01:00:00,84.6,262.8,30.1189465069214,1.38686158532141
2022-11-19 02:00:00,83.94,262.21,9.79964671789133,1.19737461664072
2022-11-19 03:00:00,83.35,262.533333333333,12.6353473919043,0.707935023466525
2022-11-19 04:00:00,83.0,262.43,10.7285328421725,0.960686493430803
2022-11-19 05:00:00,84.6833333333333,261.9,13.70325228116,0.458330795191999
2022-11-19 06:00:00,84.5166666666667,261.483333333333,19.1492421576106,0.529088620613638
2022-11-19 07:00:00,84.5,261.633333333333,24.8358210891212,0.629946547817907
2022-11-19 08:00:00,84.38,261.85,320.0,0.536
2022-11-19 09:00:00,88.74,267.01,,0.0
2022-11-19 10:00:00,86.0666666666667,265.816666666667,105.405765815167,0.283302630776598
2022-11-19 11:00:00,87.2333333333333,267.833333333333,,0.0
2022-11-19 12:00:00,86.5833333333334,268.3,,0.0
2022-11-19 13:00:00,85.6,268.25,105.0,0.0066666666666666
2022-11-19 14:00:00,84.3833333333333,267.35,31.4440548768358,0.792004966155682
2022-11-19 15:00:00,85.05,266.45,21.3953342577026,1.02246469058609
2022-11-19 16:00:00,85.4333333333334,266.016666666667,14.7631275852752,0.836375784059027
2022-11-19 17:00:00,84.3,263.7,8.10122365521852,1.19776423348114
2022-11-19 18:00:00,84.6166666666667,262.883333333333,11.5975589325414,1.36107345194958
2022-11-19 19:00:00,84.7666666666667,262.916666666667,2.84984019681332,1.27986832993156
2022-11-19 20:00:00,84.6666666666667,262.85,3.39472722017433,1.11149166637202
2022-11-19 21:00:00,84.45,262.8,2.84582803270951,1.16860692293654
2022-11-19 22:00:00,84.5,262.89,2.96945494319266,1.41957778233631
2022-11-19 23:00:00,84.4166666666667,262.716666666667,10.7988294192725,1.28241003642856
2022-11-20 00:00:00,84.2333333333333,262.316666666667,8.85663081589632,1.02925727481395
2022-11-20 01:00:00,84.0666666666667,262.216666666667,6.57108085211223,0.683421475742484
2022-11-20 02:00:00,,,,
2022-11-20 03:00:00,,,,
2022-11-20 04:00:00,,,,
2022-11-20 05:00:00,,,,
2022-11-20 06:00:00,,,,
2022-11-20 07:00:00,,,,
2022-11-20 08:00:00,,,,
2022-11-20 09:00:00,,,,
2022-11-20 10:00:00,84.38,262.99,,0.0
2022-11-20 11:00:00,85.42,263.85,,0.0
2022-11-20 12:00:00,,,,
2022-11-20 13:00:00,,,,
2022-11-20 14:00:00,84.32,267.31,154.0,0.006
2022-11-20 15:00:00,84.34,265.75,,0.0
2022-11-20 16:00:00,,,,
2022-11-20 17:00:00,79.68,263.93,37.666670427471,0.0179993907703155
2022-11-20 18:00:00,78.4166666666667,262.116666666667,1.35366239746804,0.0343228742951977
2022-11-20 19:00:00,76.92,261.71,12.0,0.0036820194138097
2022-11-20 20:00:00,73.7833333333334,261.566666666667,19.0,0.0083333333333333
2022-11-20 21:00:00,68.66,261.85,38.5334579527062,2.28714925039932
2022-11-20 22:00:00,,,,
2022-11-20 23:00:00,79.45,263.516666666667,17.5931555761231,7.47172367912405
2022-11-21 00:00:00,81.7833333333333,262.4,9.16982505678101,8.15655169856664
2022-11-21 01:00:00,84.8666666666667,262.883333333333,32.0017382661399,10.1010280912746
2022-11-21 02:00:00,,,,
2022-11-21 03:00:00,82.76,262.29,26.7076234102705,8.35924609716922
2022-11-21 04:00:00,83.98,262.05,21.9107063446967,6.96837137653027
2022-11-21 05:00:00,,,,
2022-11-21 06:00:00,84.92,261.95,24.8570382696249,6.07005437082163
2022-11-21 07:00:00,85.06,262.15,27.5974137059804,7.28477000416215
2022-11-21 08:00:00,85.1,262.35,27.0672434472865,7.74440072771167
2022-11-21 09:00:00,,,,
2022-11-21 10:00:00,83.66,262.47,46.4395362307652,7.62410741759675
2022-11-21 11:00:00,84.75,263.083333333333,43.6837466881627,6.20736175489867
2022-11-21 12:00:00,85.68,264.25,33.0264258279768,3.33252916784084
2022-11-21 13:00:00,82.48,265.25,37.3392450688732,4.61279800929728
2022-11-21 14:00:00,76.9666666666667,265.8,28.926052002466,4.4045509935951
2022-11-21 15:00:00,70.2833333333333,266.483333333333,43.4336086918642,2.120468178215
2022-11-21 16:00:00,70.14,266.55,39.261628187356,1.85655917446153
2022-11-21 17:00:00,69.8166666666667,264.8,22.3490885112876,4.4960062935377
2022-11-21 18:00:00,54.8,265.266666666667,35.8954017807181,3.51163170519148
2022-11-21 19:00:00,46.5166666666667,266.1,100.688373786699,3.16593979781001
2022-11-21 20:00:00,54.2,266.05,113.625631503987,3.13074767877977
2022-11-21 21:00:00,61.6333333333333,265.833333333333,108.067133777048,3.55496628512891
2022-11-21 22:00:00,67.15,265.483333333333,103.628491797946,3.81250816031414
2022-11-21 23:00:00,82.7833333333333,265.25,128.222119379497,3.53862638930537
2022-11-22 00:00:00,88.55,265.316666666667,116.259664055885,3.66922577738988
2022-11-22 01:00:00,88.9,265.8,111.106392551615,3.33094035329012
2022-11-22 02:00:00,,,,
2022-11-22 03:00:00,87.9666666666667,265.833333333333,108.863498660198,3.99796883954265
2022-11-22 04:00:00,,,,
2022-11-22 05:00:00,89.0666666666667,266.05,101.568782610316,2.9885282232006
2022-11-22 06:00:00,,,,
2022-11-22 07:00:00,90.15,265.9,135.069987456784,2.05357011037578
2022-11-22 08:00:00,89.6333333333333,265.516666666667,352.967644042277,2.94933776624671
2022-11-22 09:00:00,87.96,265.03,356.629932984375,5.34108237762856
2022-11-22 10:00:00,87.1833333333333,264.5,348.586261920827,5.90153839341084
2022-11-22 11:00:00,86.75,264.1,359.700296845153,6.19908658121535
2022-11-22 12:00:00,86.42,263.83,5.98994832719842,9.18900259413781
2022-11-22 13:00:00,86.1333333333334,263.483333333333,12.5380761247784,8.59722556241948
2022-11-22 14:00:00,85.3,263.083333333333,13.44166927506,9.1000253821024
2022-11-22 15:00:00,84.4333333333333,262.733333333333,20.7018674232334,6.8130461590845
2022-11-22 16:00:00,84.2333333333333,262.5,18.7526287642753,8.79826751931789
2022-11-22 17:00:00,83.5166666666667,262.166666666667,10.6494525178854,8.77830706414311
2022-11-22 18:00:00,82.7666666666667,261.583333333333,5.89645870247341,8.2361068670117
2022-11-22 19:00:00,82.7,261.416666666667,16.656324545155,7.26913645529835
2022-11-22 20:00:00,83.1333333333333,261.7,5.09890463307801,7.90715531521494
2022-11-22 21:00:00,83.5333333333333,261.933333333333,356.44968445747,7.09758945366104
2022-11-22 22:00:00,83.9333333333333,262.4,352.711808796619,7.1152303847629
2022-11-22 23:00:00,84.1166666666667,262.616666666667,356.87745612403,7.04654808751888
2022-11-23 00:00:00,84.2833333333334,262.583333333333,354.082371012314,7.87826784406291
2022-11-23 01:00:00,84.3666666666667,262.45,354.657351541779,6.88845366051014
2022-11-23 02:00:00,,,,
2022-11-23 03:00:00,,,,
2022-11-23 04:00:00,,,,
2022-11-23 05:00:00,,,,
2022-11-23 06:00:00,,,,
2022-11-23 07:00:00,,,,
2022-11-23 08:00:00,84.4166666666667,261.983333333333,312.720956286213,0.906991995358604
2022-11-23 09:00:00,87.06,264.23,325.190044458459,1.12169315881963
2022-11-23 10:00:00,89.96,267.35,328.72811431412,0.90419482089501
2022-11-23 11:00:00,90.84,269.21,352.307862514114,0.967524416133019
2022-11-23 12:00:00,,,,
2022-11-23 13:00:00,,,,
2022-11-23 14:00:00,86.22,265.79,8.09599332240924,2.54622783244197
2022-11-23 15:00:00,,,,
2022-11-23 16:00:00,,,,
2022-11-23 17:00:00,,,,
2022-11-23 18:00:00,,,,
2022-11-23 19:00:00,,,,
2022-11-23 20:00:00,,,,
2022-11-23 21:00:00,88.98,266.07,20.7238888278627,10.2498995962169
2022-11-23 22:00:00,,,,
2022-11-23 23:00:00,,,,
2022-11-24 00:00:00,87.78,264.95,23.6395865474352,10.6409724141818
2022-11-24 01:00:00,,,,
2022-11-24 02:00:00,86.74,263.71,25.0598764786295,9.58614124475942
2022-11-24 03:00:00,,,,
2022-11-24 04:00:00,,,,
2022-11-24 05:00:00,,,,
2022-11-24 06:00:00,,,,
2022-11-24 07:00:00,,,,
2022-11-24 08:00:00,,,,
2022-11-24 09:00:00,,,,
2022-11-24 10:00:00,87.36,265.03,25.5705237256894,4.04200406155848
2022-11-24 11:00:00,87.44,265.27,22.1674248723494,4.88392604213175
2022-11-24 12:00:00,,,,
2022-11-24 13:00:00,88.2,265.47,8.09561621049778,6.41996296324741
2022-11-24 14:00:00,87.92,265.31,12.1895505641555,7.88595818156066
2022-11-24 15:00:00,87.18,264.63,10.3636440079047,7.90230702391484
2022-11-24 16:00:00,86.55,263.866666666667,10.4162486507074,6.25536220309736
2022-11-24 17:00:00,85.62,263.35,10.3809297337819,8.94416034636555
2022-11-24 18:00:00,83.84,262.69,6.45951368995486,7.61408201495344
2022-11-24 19:00:00,83.3666666666667,262.233333333333,5.78346078570456,7.19914714607345
2022-11-24 20:00:00,83.4,261.99,15.2638042303365,7.7753478792305
2022-11-24 21:00:00,83.7333333333333,262.083333333333,21.2987437867155,8.75221401525561
2022-11-24 22:00:00,84.35,262.816666666667,22.5895764892276,8.28407371758527
2022-11-24 23:00:00,85.0,263.283333333333,11.1799841243129,8.15069520195018
2022-11-25 00:00:00,85.1,263.8,1.75435151603432,7.86341057087889
2022-11-25 01:00:00,84.7166666666667,264.233333333333,359.884994574162,6.9746065199
2022-11-25 02:00:00,81.34,264.71,358.908998498906,6.13101664614743
2022-11-25 03:00:00,71.5666666666667,265.733333333333,13.0188852537793,4.32338985856855
2022-11-25 04:00:00,60.48,266.27,20.3407747017675,2.12002297402517
2022-11-25 05:00:00,42.3666666666667,266.983333333333,32.9826535764124,2.44613161415581
2022-11-25 06:00:00,34.36,267.95,44.418284661245,1.79324665947063
2022-11-25 07:00:00,35.1166666666667,267.75,41.5703757884156,1.79408040920111
2022-11-25 08:00:00,36.65,267.116666666667,30.9242278304212,2.27902786368464
2022-11-25 09:00:00,38.3,267.616666666667,54.708851501473,1.67835779096125
2022-11-25 10:00:00,50.8333333333333,268.55,31.0642391771562,2.21512810355694
2022-11-25 11:00:00,51.8333333333333,270.816666666667,67.8290074044952,0.683742038354947
2022-11-25 12:00:00,52.5,271.21,75.9429724241007,0.627060697227166
2022-11-25 13:00:00,53.8333333333333,270.6,68.2167418905587,0.709025439124729
2022-11-25 14:00:00,49.65,270.666666666667,108.089461846621,0.437059207064526
2022-11-25 15:00:00,55.14,269.89,87.97480410192,0.845359880397285
2022-11-25 16:00:00,63.3833333333333,267.416666666667,22.7302252436732,2.87930235693124
2022-11-25 17:00:00,64.7333333333333,266.5,36.8141757913684,3.85360692446521
2022-11-25 18:00:00,61.5333333333333,265.883333333333,35.0478049137986,3.59492066138776
2022-11-25 19:00:00,69.6166666666667,264.916666666667,28.7653367061467,4.24493225259955
2022-11-25 20:00:00,81.85,264.866666666667,26.3637069180791,5.96310071801075
2022-11-25 21:00:00,86.2833333333334,264.716666666667,13.6337476236656,7.21304534334766
2022-11-25 22:00:00,88.1833333333333,265.116666666667,16.0695168117788,6.5154692981948
2022-11-25 23:00:00,87.9166666666667,264.966666666667,29.034042706883,5.73889398716178
2022-11-26 00:00:00,87.8833333333333,264.9,22.1904434553231,4.57790202790373
2022-11-26 01:00:00,87.0833333333333,264.383333333333,13.8855460258584,5.32872137396494
2022-11-26 02:00:00,,,,
2022-11-26 03:00:00,,,,
2022-11-26 04:00:00,,,,
2022-11-26 05:00:00,,,,
2022-11-26 06:00:00,,,,
2022-11-26 07:00:00,,,,
2022-11-26 08:00:00,85.02,262.45,9.81425881891789,3.34675712561429
2022-11-26 09:00:00,,,,
2022-11-26 10:00:00,,,,
2022-11-26 11:00:00,86.96,264.85,0.668062178682419,1.45592760198778
2022-11-26 12:00:00,,,,
2022-11-26 13:00:00,,,,
2022-11-26 14:00:00,,,,
2022-11-26 15:00:00,,,,
2022-11-26 16:00:00,,,,
2022-11-26 17:00:00,,,,
2022-11-26 18:00:00,76.8,261.63,318.248049103391,3.96754467759088
2022-11-26 19:00:00,,,,
2022-11-26 20:00:00,,,,
2022-11-26 21:00:00,,,,
2022-11-26 22:00:00,,,,
2022-11-26 23:00:00,,,,
2022-11-27 00:00:00,22.94,266.05,281.631809909511,2.73463051804537
2022-11-27 01:00:00,36.62,265.43,341.424503272849,2.41039792844878
2022-11-27 02:00:00,,,,
2022-11-27 03:00:00,,,,
2022-11-27 04:00:00,,,,
2022-11-27 05:00:00,,,,
2022-11-27 06:00:00,,,,
2022-11-27 07:00:00,,,,
2022-11-27 08:00:00,9.42,266.81,16.4648358312236,6.31533213114598
2022-11-27 09:00:00,,,,
2022-11-27 10:00:00,,,,
2022-11-27 11:00:00,,,,
2022-11-27 12:00:00,20.7,268.65,6.93521845533263,6.44178128958265
2022-11-27 13:00:00,27.24,268.99,354.466802121505,4.79106035727272
2022-11-27 14:00:00,25.1,268.53,8.25127869008554,4.0853153133541
2022-11-27 15:00:00,31.82,268.67,6.33023908544226,4.33973237314872
2022-11-27 16:00:00,49.34,269.37,359.326283984892,4.18193148188606
2022-11-27 17:00:00,47.2,268.783333333333,18.3680678817346,3.96538229667283
2022-11-27 18:00:00,37.6,269.11,356.876439464478,3.48726416087962
2022-11-27 19:00:00,26.9,270.183333333333,355.341665584109,3.42826614971073
2022-11-27 20:00:00,24.3333333333333,270.25,343.85343524972,4.83424571843455
2022-11-27 21:00:00,25.5,270.37,3.87137865307591,3.76952108700871
2022-11-27 22:00:00,26.7666666666667,270.666666666667,17.8938555016545,2.9467056408136
2022-11-27 23:00:00,26.5166666666667,270.816666666667,10.3563809798916,2.56438482138885
2022-11-28 00:00:00,29.7833333333333,271.183333333333,15.8626425834029,3.83901520372123
2022-11-28 01:00:00,32.4666666666667,271.383333333333,14.5070852052791,4.73487480750844
2022-11-28 02:00:00,,,,
2022-11-28 03:00:00,46.5,269.91,9.30263919033735,2.90906351123802
2022-11-28 04:00:00,65.9833333333333,268.633333333333,11.1931252979323,3.3809283519952
2022-11-28 05:00:00,72.44,268.77,22.1064905058056,2.86254890028939
2022-11-28 06:00:00,87.9833333333333,267.716666666667,25.1455528403343,2.64843430006739
2022-11-28 07:00:00,92.3333333333334,267.916666666667,29.2321362218696,4.11344365267614
2022-11-28 08:00:00,91.8833333333333,267.683333333333,31.6822309280303,3.89527339149804
2022-11-28 09:00:00,90.0833333333333,267.35,33.5657243613324,4.16295791814269
2022-11-28 10:00:00,90.7666666666667,268.1,43.8133457128299,3.59525987829381
2022-11-28 11:00:00,90.84,268.27,30.3887716770117,3.25308600594359
2022-11-28 12:00:00,91.08,268.77,18.5703933893365,1.99396824957893
2022-11-28 13:00:00,91.0,269.1,353.917866109584,0.757753616785794
2022-11-28 14:00:00,90.7666666666667,268.8,13.0923097071365,1.44024817017734
2022-11-28 15:00:00,90.9166666666667,268.25,6.36829000806,2.41652944184074
2022-11-28 16:00:00,91.0333333333334,268.15,17.6521830742381,0.473937999409137
2022-11-28 17:00:00,90.4166666666667,267.966666666667,118.0,0.0483333333333333
2022-11-28 18:00:00,90.2666666666667,267.766666666667,129.817698071562,0.920971697602723
2022-11-28 19:00:00,90.3166666666667,267.783333333333,134.938572739425,1.24538368715585
2022-11-28 20:00:00,90.4,267.633333333333,145.045140910888,0.799426398874006
2022-11-28 21:00:00,90.5166666666667,267.666666666667,163.863858077292,0.257973967019396
2022-11-28 22:00:00,90.45,267.716666666667,162.400156035605,0.0083284600088955
2022-11-28 23:00:00,90.2,267.2,352.145160537873,0.792053325355399
2022-11-29 00:00:00,90.1,266.8,345.669193574656,1.98060670201889
2022-11-29 01:00:00,89.8833333333333,266.633333333333,348.179078968951,2.50351800959018
2022-11-29 02:00:00,,,,
2022-11-29 03:00:00,,,,
2022-11-29 04:00:00,,,,
2022-11-29 05:00:00,,,,
2022-11-29 06:00:00,90.14,265.87,3.00438321353755,2.57043141699221
2022-11-29 07:00:00,,,,
2022-11-29 08:00:00,,,,
2022-11-29 09:00:00,88.28,265.41,1.07741446030417,2.44487962944201
2022-11-29 10:00:00,,,,
2022-11-29 11:00:00,88.4,266.03,335.211771592104,1.91693809523547
2022-11-29 12:00:00,,,,
2022-11-29 13:00:00,,,,
2022-11-29 14:00:00,,,,
2022-11-29 15:00:00,,,,
2022-11-29 16:00:00,,,,
2022-11-29 17:00:00,,,,
2022-11-29 18:00:00,87.1666666666667,264.95,0.0150549237585551,0.763598360066248
2022-11-29 19:00:00,,,,
2022-11-29 20:00:00,87.28,264.79,340.767560306885,0.876338956126479
2022-11-29 21:00:00,87.3,264.583333333333,331.563450057602,0.789174252743325
2022-11-29 22:00:00,87.4166666666667,264.783333333333,329.875386597996,0.51402559597269
2022-11-29 23:00:00,,,,
2022-11-30 00:00:00,87.4666666666667,264.466666666667,341.027040705076,0.23023774867263
2022-11-30 01:00:00,87.36,264.45,,0.0
2022-11-30 02:00:00,,,,
2022-11-30 03:00:00,,,,
2022-11-30 04:00:00,,,,
2022-11-30 05:00:00,,,,
2022-11-30 06:00:00,,,,
2022-11-30 07:00:00,,,,
2022-11-30 08:00:00,,,,
2022-11-30 09:00:00,,,,
2022-11-30 10:00:00,,,,
2022-11-30 11:00:00,60.66,265.07,116.815610839475,5.27132986598355
2022-11-30 12:00:00,48.8,266.15,117.901384584359,6.80850517968507
2022-11-30 13:00:00,41.1333333333333,266.966666666667,118.461220769344,6.89578412794793
2022-11-30 14:00:00,35.8,266.59,119.069670523579,6.60298130438892
2022-11-30 15:00:00,32.94,267.01,108.813716329255,4.4226492064809
2022-11-30 16:00:00,35.3833333333333,266.083333333333,108.374163334227,4.21184792409003
2022-11-30 17:00:00,41.94,265.99,146.598164821184,2.44315836470633
2022-11-30 18:00:00,39.8666666666667,265.9,174.953281555138,2.61488273344364
2022-11-30 19:00:00,40.2333333333333,265.833333333333,169.86719461269,2.41619374544093
2022-11-30 20:00:00,49.95,265.0,120.76941930658,5.35295826365169
2022-11-30 21:00:00,85.3666666666667,264.216666666667,116.771897447589,7.30916886816509
2022-11-30 22:00:00,87.15,264.35,118.221046368388,8.09060659886037
2022-11-30 23:00:00,86.7833333333334,264.216666666667,124.802611029807,8.50504420906222
2022-12-01 00:00:00,86.7666666666667,263.85,124.226587998945,8.37161348101394
2022-12-01 01:00:00,87.0666666666667,264.05,128.915538560042,7.16621348641513
2022-12-01 02:00:00,86.94,264.13,128.436380286117,6.70925503430397
2022-12-01 03:00:00,85.5833333333333,263.916666666667,132.736366965584,6.79318960717126
2022-12-01 04:00:00,85.1833333333333,263.616666666667,139.982275034765,5.9503269337316
2022-12-01 05:00:00,87.4166666666667,263.616666666667,135.992589529555,4.99707124557437
2022-12-01 06:00:00,87.2166666666667,263.4,136.212641966575,4.51556236976
2022-12-01 07:00:00,87.0166666666667,263.283333333333,126.928056000609,3.64058154474951
2022-12-01 08:00:00,86.6333333333333,263.383333333333,125.525453608971,4.34881964002642
2022-12-01 09:00:00,86.6666666666667,264.133333333333,129.037041191817,4.49825294523681
2022-12-01 10:00:00,87.4166666666667,264.916666666667,129.444562032539,4.29428018575858
2022-12-01 11:00:00,86.75,264.9,101.866799550994,2.18476701271038
2022-12-01 12:00:00,86.9,264.9,101.278956715139,2.77718790950659
2022-12-01 13:00:00,85.4666666666667,266.233333333333,106.125376855679,3.08370148282287
2022-12-01 14:00:00,,,,
2022-12-01 15:00:00,55.9,266.866666666667,98.188573898322,3.67172324772495
2022-12-01 16:00:00,45.3833333333333,267.65,104.868976225559,3.37311941757012
2022-12-01 17:00:00,46.1,267.1,103.437382526107,3.6112254664202
2022-12-01 18:00:00,41.7166666666667,267.2,97.3650411202531,3.81246909928776
2022-12-01 19:00:00,41.7,267.516666666667,100.820798379765,4.16129103696489
2022-12-01 20:00:00,40.85,267.616666666667,98.3657732857749,4.33215732224782
2022-12-01 21:00:00,42.95,267.5,97.2391275378838,4.25554502480595
2022-12-01 22:00:00,45.1166666666667,266.966666666667,100.600100170634,4.26217906004639
2022-12-01 23:00:00,52.8333333333333,266.983333333333,96.5706013394552,4.71746426806243
2022-12-02 00:00:00,68.4,267.066666666667,116.244054806405,3.64345750909359
2022-12-02 01:00:00,75.7333333333333,266.45,107.196891791707,3.19516150275936
2022-12-02 02:00:00,,,,
2022-12-02 03:00:00,78.2,267.25,96.7940811570727,2.34844846164787
2022-12-02 04:00:00,78.1,267.47,95.1021439659539,1.96112541517883
2022-12-02 05:00:00,,,,
2022-12-02 06:00:00,,,,
2022-12-02 07:00:00,,,,
2022-12-02 08:00:00,,,,
2022-12-02 09:00:00,89.46,266.47,95.5612329689645,2.0378513443231
2022-12-02 10:00:00,89.14,266.57,99.0738741785028,1.43063826242584
2022-12-02 11:00:00,,,,
2022-12-02 12:00:00,,,,
2022-12-02 13:00:00,88.26,265.95,112.443503343462,4.59233810554918
2022-12-02 14:00:00,,,,
2022-12-02 15:00:00,,,,
2022-12-02 16:00:00,,,,
2022-12-02 17:00:00,86.4166666666667,264.083333333333,134.186755498845,4.83950882571609
2022-12-02 18:00:00,85.58,263.59,135.947410971847,5.15775084360316
2022-12-02 19:00:00,85.2833333333333,263.3,136.745659840154,3.96345509483857
2022-12-02 20:00:00,,,,
2022-12-02 21:00:00,,,,
2022-12-02 22:00:00,84.3666666666667,262.916666666667,139.445567211761,2.30008487103324
2022-12-02 23:00:00,84.1333333333333,262.683333333333,146.330204751767,3.4843752872147
2022-12-03 00:00:00,83.95,262.116666666667,128.640983897033,4.03521345591694
2022-12-03 01:00:00,83.82,261.95,134.503899266277,3.64004478609003
2022-12-03 02:00:00,,,,
2022-12-03 03:00:00,82.48,261.95,117.539825808642,3.22237893411701
2022-12-03 04:00:00,,,,
2022-12-03 05:00:00,,,,
2022-12-03 06:00:00,,,,
2022-12-03 07:00:00,,,,
2022-12-03 08:00:00,,,,
2022-12-03 09:00:00,,,,
2022-12-03 10:00:00,88.08,265.69,128.684511004502,6.23123545429254
2022-12-03 11:00:00,,,,
2022-12-03 12:00:00,,,,
2022-12-03 13:00:00,89.35,267.066666666667,126.069992980909,4.2787137115872
2022-12-03 14:00:00,,,,
2022-12-03 15:00:00,89.7833333333334,266.9,134.985557840688,7.27689608847307
2022-12-03 16:00:00,,,,
2022-12-03 17:00:00,89.9166666666667,267.2,143.62667327966,4.54337235096435
2022-12-03 18:00:00,89.7666666666667,267.316666666667,138.513789725371,4.43086529693138
2022-12-03 19:00:00,89.9,267.43,125.096532166222,4.77365610842228
2022-12-03 20:00:00,90.0833333333333,267.4,120.86464537419,5.59067140118957
2022-12-03 21:00:00,90.65,267.666666666667,129.052263157741,5.79727770930377
2022-12-03 22:00:00,90.8166666666667,267.9,125.148481871513,6.15691604095945
2022-12-03 23:00:00,91.0166666666667,267.983333333333,125.865680046795,6.18356276080025
2022-12-04 00:00:00,91.3,268.383333333333,129.004389128561,6.85388456828795
2022-12-04 01:00:00,91.3166666666667,267.966666666667,124.649994679562,6.31247197397788
2022-12-04 02:00:00,91.22,267.97,124.408668890233,6.04466263254226
2022-12-04 03:00:00,,,,
2022-12-04 04:00:00,89.5666666666667,267.766666666667,129.022049416772,4.45015734346107
2022-12-04 05:00:00,89.7,267.816666666667,120.555102522645,4.80421619454952
2022-12-04 06:00:00,91.95,267.683333333333,123.963328132124,5.67445502276678
2022-12-04 07:00:00,92.2166666666667,267.7,112.474678307824,8.63580190159456
2022-12-04 08:00:00,92.8166666666667,268.316666666667,118.838149509435,5.40880727644066
2022-12-04 09:00:00,91.8,268.85,125.456451827849,4.29319212517166
2022-12-04 10:00:00,92.24,269.23,119.751375651486,5.92777328263925
2022-12-04 11:00:00,92.4333333333333,269.383333333333,115.060679660944,5.00218575380878
2022-12-04 12:00:00,92.4,269.45,113.431564422623,4.49433558414474
2022-12-04 13:00:00,92.28,269.37,117.07864816851,4.74850069482728
2022-12-04 14:00:00,92.1333333333333,269.233333333333,120.183357158018,3.2244228822314
2022-12-04 15:00:00,92.0333333333333,268.9,111.216238388647,4.09332416386952
2022-12-04 16:00:00,91.7666666666667,268.583333333333,105.628863054532,3.42302189452177
2022-12-04 17:00:00,90.7833333333333,268.0,99.3262238221819,3.81890426850005
2022-12-04 18:00:00,90.3333333333333,267.833333333333,98.4858776035739,2.10499035621723
2022-12-04 19:00:00,90.1833333333333,267.666666666667,89.3749431968781,2.75823882096398
2022-12-04 20:00:00,89.9333333333333,267.1,85.2921491316064,3.12917271806935
2022-12-04 21:00:00,90.0333333333333,267.066666666667,92.6698202409352,1.81786116303985
2022-12-04 22:00:00,89.6,266.716666666667,109.742427724417,2.44551634716807
2022-12-04 23:00:00,89.2166666666667,266.383333333333,114.028628922054,3.03678810936981
2022-12-05 00:00:00,89.1333333333333,265.85,86.2285753929432,3.73583332971732
2022-12-05 01:00:00,89.1,265.8,98.0939401407206,2.85544777796404
2022-12-05 02:00:00,,,,
2022-12-05 03:00:00,88.24,266.15,98.4224642933856,3.02077138816899
2022-12-05 04:00:00,88.12,266.25,105.654706985427,3.5410409338703
2022-12-05 05:00:00,,,,
2022-12-05 06:00:00,,,,
2022-12-05 07:00:00,91.2,266.716666666667,108.174548060652,2.92415860279225
2022-12-05 08:00:00,90.96,266.63,109.704341712969,3.5387177462182
2022-12-05 09:00:00,89.3,266.33,108.412449342551,3.3294288715815
2022-12-05 10:00:00,89.62,266.97,113.778726621796,2.9401464633763
2022-12-05 11:00:00,,,,
2022-12-05 12:00:00,89.28,266.83,113.424108423853,3.1497699855686
2022-12-05 13:00:00,,,,
2022-12-05 14:00:00,,,,
2022-12-05 15:00:00,88.88,265.85,97.3337377803336,2.30897703140951
2022-12-05 16:00:00,,,,
2022-12-05 17:00:00,,,,
2022-12-05 18:00:00,83.76,262.45,20.2170885374886,3.22741030541339
2022-12-05 19:00:00,,,,
2022-12-05 20:00:00,82.8,260.93,5.78578617885114,3.86717428166039
2022-12-05 21:00:00,82.8166666666667,260.933333333333,0.111410970293775,2.50017231635114
2022-12-05 22:00:00,82.6666666666667,260.816666666667,22.7230907033958,2.57955748001696
2022-12-05 23:00:00,82.5166666666667,260.4,26.7384952901506,3.46937765344997
2022-12-06 00:00:00,82.32,260.01,25.865436743719,3.14955339170004
2022-12-06 01:00:00,82.0166666666667,259.8,23.2637094791006,3.21257967141984
2022-12-06 02:00:00,,,,
2022-12-06 03:00:00,81.74,260.13,23.3844557096282,3.47003031381785
2022-12-06 04:00:00,,,,
2022-12-06 05:00:00,83.82,260.39,5.69024489429108,6.41628483275751
2022-12-06 06:00:00,,,,
2022-12-06 07:00:00,83.62,260.63,2.84583661186701,7.29310965509846
2022-12-06 08:00:00,,,,
2022-12-06 09:00:00,84.12,262.61,4.36636700215564,6.48800236281422
2022-12-06 10:00:00,,,,
2022-12-06 11:00:00,78.75,264.5,357.317683924304,6.54330041465732
2022-12-06 12:00:00,82.06,265.85,9.1539923586958,1.47414095337344
2022-12-06 13:00:00,82.1166666666667,265.666666666667,4.48319163707959,4.06457463311304
2022-12-06 14:00:00,,,,
2022-12-06 15:00:00,87.7166666666667,265.033333333333,354.040472283269,6.66267545646831
2022-12-06 16:00:00,87.96,265.19,1.26783962493664,7.34200772637627
2022-12-06 17:00:00,87.5166666666667,264.85,11.2850630291456,8.36968779144891
2022-12-06 18:00:00,86.9166666666667,264.6,10.3746489167911,8.34948817225836
2022-12-06 19:00:00,86.7166666666667,264.35,18.4153966854357,8.22107133087083
2022-12-06 20:00:00,86.9333333333333,264.283333333333,16.1951503394568,8.55505248310043
2022-12-06 21:00:00,87.0,264.166666666667,26.7604107091605,6.58814370960894
2022-12-06 22:00:00,87.1166666666667,264.4,24.5925855209775,7.00224796050304
2022-12-06 23:00:00,87.0333333333333,264.416666666667,26.3067099873232,6.48240792615934
2022-12-07 00:00:00,86.65,263.716666666667,33.7550568513033,6.26761348049103
2022-12-07 01:00:00,86.5166666666667,263.5,35.0548108456674,5.3463853046943
2022-12-07 02:00:00,86.02,263.33,33.3847707109818,4.94619251661051
2022-12-07 03:00:00,84.4,263.09,33.9288924009815,6.05700193455786
2022-12-07 04:00:00,,,,
2022-12-07 05:00:00,86.14,262.91,32.0947130314639,6.32765981695086
2022-12-07 06:00:00,85.8,262.71,26.06080768384,6.69034046631732
2022-12-07 07:00:00,85.5,262.55,17.2252212098269,5.99941266971544
2022-12-07 08:00:00,85.15,262.366666666667,21.3457187019797,5.87958979384903
2022-12-07 09:00:00,,,,
2022-12-07 10:00:00,83.6166666666667,262.65,17.747831705515,5.51495804460155
2022-12-07 11:00:00,83.46,262.85,11.2402481658147,5.6270693663608
2022-12-07 12:00:00,82.7,262.49,18.0832409596448,4.86021424038173
2022-12-07 13:00:00,78.15,262.566666666667,11.050931632216,3.8825615670443
2022-12-07 14:00:00,65.65,263.316666666667,359.693635806828,3.09991733293517
2022-12-07 15:00:00,52.75,263.25,0.602539601384194,4.59880219335865
2022-12-07 16:00:00,49.3166666666667,263.25,10.1739866324507,2.9616910081278
2022-12-07 17:00:00,31.6666666666667,262.666666666667,17.2828762899532,4.96055176459165
2022-12-07 18:00:00,25.9,263.033333333333,22.4823666618031,5.13816744259952
2022-12-07 19:00:00,33.1833333333333,263.533333333333,14.5691128603365,5.62202871101966
2022-12-07 20:00:00,34.6666666666667,263.433333333333,14.574118988971,5.19209882097556
2022-12-07 21:00:00,31.6333333333333,263.4,16.3954909024247,4.34067627733784
2022-12-07 22:00:00,23.7333333333333,264.1,19.7419120640309,5.05436959903312
2022-12-07 23:00:00,14.2333333333333,265.183333333333,36.5025882672835,2.62881208181223
2022-12-08 00:00:00,12.2,265.2,36.8930452447809,3.14246423379296
2022-12-08 01:00:00,18.6833333333333,264.9,26.6450492427953,3.35367139277783
2022-12-08 02:00:00,,,,
2022-12-08 03:00:00,,,,
2022-12-08 04:00:00,,,,
2022-12-08 05:00:00,,,,
2022-12-08 06:00:00,,,,
2022-12-08 07:00:00,30.16,263.67,39.5456182424236,2.65928034299677
2022-12-08 08:00:00,,,,
2022-12-08 09:00:00,22.52,264.29,13.333691895427,4.56597904271673
2022-12-08 10:00:00,,,,
2022-12-08 11:00:00,,,,
2022-12-08 12:00:00,,,,
2022-12-08 13:00:00,36.94,265.35,10.9933189638354,3.99236007148851
2022-12-08 14:00:00,,,,
2022-12-08 15:00:00,39.04,265.61,19.089480996348,2.64307962610163
2022-12-08 16:00:00,,,,
2022-12-08 17:00:00,,,,
2022-12-08 18:00:00,36.8,264.233333333333,22.3576343263924,5.89436766832324
2022-12-08 19:00:00,45.4,263.85,15.7193532606179,5.40774011639497
2022-12-08 20:00:00,,,,
2022-12-08 21:00:00,39.88,263.89,40.185201577368,2.44081902909853
2022-12-08 22:00:00,43.6333333333333,264.116666666667,65.6953065627547,2.07038363817177
2022-12-08 23:00:00,41.6,264.983333333333,68.2311794417647,3.34313808962208
2022-12-09 00:00:00,50.06,265.35,63.0747053563679,3.45863883043466
2022-12-09 01:00:00,55.2833333333333,265.516666666667,74.0545465870194,3.61930179113822
2022-12-09 02:00:00,,,,
2022-12-09 03:00:00,,,,
2022-12-09 04:00:00,,,,
2022-12-09 05:00:00,85.32,266.67,75.5567968630326,2.1815680858054
2022-12-09 06:00:00,,,,
2022-12-09 07:00:00,84.5666666666667,268.283333333333,107.441141709346,4.70663373814332
2022-12-09 08:00:00,,,,
2022-12-09 09:00:00,,,,
2022-12-09 10:00:00,84.7333333333333,269.4,107.648367538441,5.38359795388965
2022-12-09 11:00:00,,,,
2022-12-09 12:00:00,,,,
2022-12-09 13:00:00,88.14,269.07,108.950651817548,6.77973376851795
2022-12-09 14:00:00,86.46,269.55,117.435444651545,6.02268002703519
2022-12-09 15:00:00,88.1333333333333,269.766666666667,111.701112480296,3.60429042741721
2022-12-09 16:00:00,90.18,269.45,119.208516500354,2.01719183739019
2022-12-09 17:00:00,91.15,269.233333333333,89.7363824297607,2.11663468451376
2022-12-09 18:00:00,91.6,269.05,74.3062578509928,1.57715743539491
2022-12-09 19:00:00,91.5333333333333,268.95,65.6383160731257,1.39037642730603
2022-12-09 20:00:00,91.5166666666667,268.75,47.3479970678793,1.387427789426
2022-12-09 21:00:00,91.3833333333333,268.55,49.3027868873347,0.932083269418635
2022-12-09 22:00:00,91.2833333333334,268.333333333333,61.9145412787848,1.6066242331768
2022-12-09 23:00:00,91.2,268.35,83.0942378369038,1.80056923171306
2022-12-10 00:00:00,90.7166666666667,267.55,78.1077677257357,2.03645997519918
2022-12-10 01:00:00,84.15,267.683333333333,84.2172671045907,2.48256842800092
2022-12-10 02:00:00,82.5,267.89,96.7471992695828,2.7141111320713
2022-12-10 03:00:00,87.5,267.7,108.81679670864,1.47413087507752
2022-12-10 04:00:00,87.92,267.49,70.1778283479589,1.32993345823123
2022-12-10 05:00:00,,,,
2022-12-10 06:00:00,89.6833333333333,267.583333333333,89.5331897984362,1.88257599972843
2022-12-10 07:00:00,92.58,267.45,89.2032665456521,1.37310308395267
2022-12-10 08:00:00,92.22,267.41,80.0041197682216,1.79648902991655
2022-12-10 09:00:00,90.98,267.39,91.6394462411848,2.18144363434989
2022-12-10 10:00:00,89.76,267.81,97.9922776737821,1.98104462725711
2022-12-10 11:00:00,89.7,268.983333333333,106.313064899605,1.02990694009629
2022-12-10 12:00:00,88.8333333333334,268.383333333333,71.6128890977939,1.02845973004895
2022-12-10 13:00:00,88.7,268.316666666667,73.014955192117,0.346010608806347
2022-12-10 14:00:00,88.3,266.566666666667,17.204163356757,2.413334473224
2022-12-10 15:00:00,87.7333333333333,265.433333333333,8.62922668288843,3.18481486097645
2022-12-10 16:00:00,87.5166666666667,264.816666666667,355.492688955698,3.32513914985108
2022-12-10 17:00:00,86.9,264.45,4.42794185050502,2.32199995436669
2022-12-10 18:00:00,85.9333333333333,263.966666666667,2.10612041966584,1.72261773803836
2022-12-10 19:00:00,83.7166666666667,262.5,353.722014471197,2.62775017917601
2022-12-10 20:00:00,83.15,261.55,352.116744746037,2.89519609914432
2022-12-10 21:00:00,82.95,261.216666666667,354.199746747939,3.12860789174976
2022-12-10 22:00:00,82.1166666666667,260.6,359.221814873953,1.724261905034
2022-12-10 23:00:00,81.65,259.45,355.419078184362,1.19847239193036
2022-12-11 00:00:00,81.1833333333333,259.066666666667,350.808624514295,0.637272595376301
2022-12-11 01:00:00,80.15,258.466666666667,356.933826516205,0.518317921712142
2022-12-11 02:00:00,,,,
2022-12-11 03:00:00,,,,
2022-12-11 04:00:00,,,,
2022-12-11 05:00:00,,,,
2022-12-11 06:00:00,,,,
2022-12-11 07:00:00,,,,
2022-12-11 08:00:00,,,,
2022-12-11 09:00:00,76.9,254.51,338.358854500714,1.20684568004639
2022-12-11 10:00:00,,,,
2022-12-11 11:00:00,,,,
2022-12-11 12:00:00,,,,
2022-12-11 13:00:00,,,,
2022-12-11 14:00:00,,,,
2022-12-11 15:00:00,,,,
2022-12-11 16:00:00,74.88,256.79,336.902266584998,0.307907453064774
2022-12-11 17:00:00,,,,
2022-12-11 18:00:00,,,,
2022-12-11 19:00:00,73.84,252.33,4.99986616464662,1.7005846496237
2022-12-11 20:00:00,,,,
2022-12-11 21:00:00,73.92,252.15,356.624839485472,1.70185635916467
2022-12-11 22:00:00,74.0,252.183333333333,349.694559889008,1.66628471643501
2022-12-11 23:00:00,,,,
2022-12-12 00:00:00,73.5666666666667,252.0,359.66978976132,2.45477486142902
2022-12-12 01:00:00,73.52,251.83,3.42155723700569,2.26627909501359
2022-12-12 02:00:00,,,,
2022-12-12 03:00:00,74.16,252.45,5.13548144276462,3.21994757692103
2022-12-12 04:00:00,,,,
2022-12-12 05:00:00,,,,
2022-12-12 06:00:00,,,,
2022-12-12 07:00:00,,,,
2022-12-12 08:00:00,75.16,253.89,23.0136494722298,6.91169389410804
2022-12-12 09:00:00,,,,
2022-12-12 10:00:00,,,,
2022-12-12 11:00:00,73.68,255.23,9.4457056635174,7.64563636876303
2022-12-12 12:00:00,73.46,255.31,10.0462281145202,7.60686218123293
2022-12-12 13:00:00,73.3,255.533333333333,7.61342976993518,7.34173220936669
2022-12-12 14:00:00,73.35,255.8,4.20102828162408,6.22191246127574
2022-12-12 15:00:00,74.3666666666667,255.483333333333,6.62953832520566,6.30592951395241
2022-12-12 16:00:00,75.4833333333333,255.033333333333,8.99292140627097,5.8203675367418
2022-12-12 17:00:00,76.3333333333333,254.333333333333,15.7293768966641,6.37528764716757
2022-12-12 18:00:00,75.4,254.066666666667,22.8360979533537,6.08290344562103
2022-12-12 19:00:00,70.6666666666667,254.183333333333,27.2492488289284,4.78989171329261
2022-12-12 20:00:00,69.2666666666667,254.166666666667,35.1947532243569,3.94251340801663
2022-12-12 21:00:00,63.3833333333334,254.533333333333,32.6477581802085,5.38889477749599
2022-12-12 22:00:00,47.4333333333333,255.366666666667,35.6136798267127,4.5871253156397
2022-12-12 23:00:00,41.6333333333333,256.516666666667,19.4113261885871,4.31217274001499
2022-12-13 00:00:00,43.0,256.266666666667,48.9895318330015,2.40088541587412
2022-12-13 01:00:00,39.1666666666667,256.35,62.9595566390809,2.24421205100877
2022-12-13 02:00:00,,,,
2022-12-13 03:00:00,25.32,257.71,69.5201701995736,2.25499605280713
2022-12-13 04:00:00,30.92,258.25,71.3676678625457,1.82866243742568
2022-12-13 05:00:00,,,,
2022-12-13 06:00:00,34.6166666666667,259.5,64.8654674822902,1.77844554809307
2022-12-13 07:00:00,41.1666666666667,260.433333333333,67.1472691500009,2.0836059361105
2022-12-13 08:00:00,70.1833333333333,261.216666666667,48.4503466388352,3.16622470233092
2022-12-13 09:00:00,81.35,261.783333333333,51.1334074604643,2.95931569230819
2022-12-13 10:00:00,84.1166666666667,262.716666666667,44.1142947246742,5.36043530413455
2022-12-13 11:00:00,85.1333333333333,263.283333333333,38.3533104568375,5.81152668868155
2022-12-13 12:00:00,86.28,263.91,35.5448726307412,7.2088035077436
2022-12-13 13:00:00,86.9,264.5,30.6061008569263,8.58169732501114
2022-12-13 14:00:00,87.2666666666667,264.883333333333,33.0166123906103,8.47067484626888
2022-12-13 15:00:00,87.6333333333333,265.066666666667,34.5912816123113,8.85927274578548
2022-12-13 16:00:00,88.1,265.233333333333,49.340457684558,8.51345687537896
2022-12-13 17:00:00,88.05,265.333333333333,42.1286717741803,7.61787691609575
2022-12-13 18:00:00,88.2333333333333,265.766666666667,41.8630973079262,8.71024373303496
2022-12-13 19:00:00,88.7,266.2,42.0607157483424,7.67233089149405
2022-12-13 20:00:00,89.35,266.65,37.9124565783645,7.1128181285867
2022-12-13 21:00:00,89.9333333333333,266.933333333333,32.1679697713745,5.74923983479217
2022-12-13 22:00:00,90.2166666666667,267.216666666667,34.0155990645056,6.6205414638263
2022-12-13 23:00:00,90.3166666666667,267.266666666667,21.0352692015219,6.72700490233556
2022-12-14 00:00:00,90.4,267.466666666667,18.9128311585272,6.46177214805913
2022-12-14 01:00:00,90.3333333333333,266.933333333333,18.449890671088,5.03893277557106
2022-12-14 02:00:00,,,,
2022-12-14 03:00:00,,,,
2022-12-14 04:00:00,89.22,267.25,13.3435978168046,4.59094480636047
2022-12-14 05:00:00,,,,
2022-12-14 06:00:00,91.2,266.71,20.275635370595,4.38990669697039
2022-12-14 07:00:00,,,,
2022-12-14 08:00:00,,,,
2022-12-14 09:00:00,88.58,266.63,5.14775969330549,7.1059167976374
2022-12-14 10:00:00,88.48,267.07,9.15828852113566,6.11601365487703
2022-12-14 11:00:00,,,,
2022-12-14 12:00:00,87.86,268.71,20.159222129064,3.05082315764213
2022-12-14 13:00:00,,,,
2022-12-14 14:00:00,75.42,269.05,17.9222615064052,5.96664736880908
2022-12-14 15:00:00,68.56,268.93,17.6051160495187,5.53378658268628
2022-12-14 16:00:00,72.95,268.566666666667,9.94250574900553,6.4062295515027
2022-12-14 17:00:00,77.2,268.37,15.0217392700882,7.14570694904477
2022-12-14 18:00:00,,,,
2022-12-14 19:00:00,,,,
2022-12-14 20:00:00,85.2,267.383333333333,13.1183358633187,8.85222907586877
2022-12-14 21:00:00,90.1166666666667,267.05,21.7111062731644,5.59720810823511
2022-12-14 22:00:00,89.6166666666667,267.066666666667,19.7359039504279,3.91037954511765
2022-12-14 23:00:00,87.4166666666667,267.333333333333,15.9760749195439,5.77428806624897
2022-12-15 00:00:00,87.4833333333333,267.183333333333,20.728554227575,5.63816508852588
2022-12-15 01:00:00,83.1666666666667,268.016666666667,18.8415547988252,7.56840434355872
2022-12-15 02:00:00,83.85,268.1,19.1588788575408,7.38922847832898
2022-12-15 03:00:00,85.4666666666667,267.833333333333,13.1557872319061,7.24418220651814
2022-12-15 04:00:00,78.6,267.6,20.1287791919792,4.6111591197399
2022-12-15 05:00:00,75.3166666666667,267.383333333333,15.5719245702842,3.65020650466724
2022-12-15 06:00:00,67.8166666666667,267.716666666667,29.4987366228445,2.90355148489531
2022-12-15 07:00:00,55.9666666666667,268.266666666667,59.246304345541,2.94857141230893
2022-12-15 08:00:00,43.65,268.75,62.1453834115928,3.28533056852189
2022-12-15 09:00:00,35.2,269.233333333333,72.3895507601229,2.14877597511581
2022-12-15 10:00:00,26.7,270.066666666667,68.7591174140335,2.62438918520062
2022-12-15 11:00:00,27.45,270.55,76.8382428693092,2.54818463101766
2022-12-15 12:00:00,32.5333333333333,270.566666666667,95.8878514393377,2.78945932988326
2022-12-15 13:00:00,31.2666666666667,270.716666666667,98.3350896512696,2.52025852558028
2022-12-15 14:00:00,29.9333333333333,270.35,99.1113132222046,3.79652067484494
2022-12-15 15:00:00,34.0,270.316666666667,96.4834398576645,3.53729257306675
2022-12-15 16:00:00,56.7166666666667,269.25,87.1490955980469,3.69116363608745
2022-12-15 17:00:00,75.0833333333334,268.116666666667,96.4320779105731,2.66120258674471
2022-12-15 18:00:00,90.4166666666667,268.183333333333,97.3260294522138,5.74189690291413
2022-12-15 19:00:00,91.1666666666667,268.666666666667,104.19610149835,6.84472257468154
2022-12-15 20:00:00,90.9666666666667,268.05,105.42913785654,7.25401622539855
2022-12-15 21:00:00,91.4166666666667,268.366666666667,108.562336553908,10.3667893685347
2022-12-15 22:00:00,91.7,268.6,115.182575928948,11.6742658159365
2022-12-15 23:00:00,91.4833333333333,268.583333333333,115.279491820153,9.74194860241916
2022-12-16 00:00:00,91.7833333333333,268.4,117.354296983589,6.95602813987914
2022-12-16 01:00:00,92.0333333333333,268.633333333333,107.324464988428,6.74605300510936
2022-12-16 02:00:00,92.35,269.083333333333,112.67000560801,3.72400270835606
2022-12-16 03:00:00,91.5666666666667,269.166666666667,102.046389005642,1.61499149141705
2022-12-16 04:00:00,90.8333333333334,269.05,80.5966087373369,0.604720934292936
2022-12-16 05:00:00,91.1833333333333,268.8,76.3941798829972,1.06126633046421
2022-12-16 06:00:00,93.2166666666667,268.65,80.7630361729935,1.10106474601008
2022-12-16 07:00:00,92.8,268.35,98.3956152114052,0.862121263083067
2022-12-16 08:00:00,92.8666666666667,268.333333333333,93.290051284029,1.73292528612756
2022-12-16 09:00:00,91.9833333333333,268.5,101.432780476439,1.43215528696103
2022-12-16 10:00:00,91.7,268.65,105.019971125768,1.28280297310471
2022-12-16 11:00:00,91.6666666666667,268.8,98.4981923462717,1.68274104082355
2022-12-16 12:00:00,91.6166666666667,268.866666666667,95.9059179464777,2.0807323985489
2022-12-16 13:00:00,91.3833333333333,268.65,99.2801879440667,2.65489066166981
2022-12-16 14:00:00,90.7,268.1,71.5649429593752,1.88327859878268
2022-12-16 15:00:00,89.95,267.0,339.590626856624,2.04664266552614
2022-12-16 16:00:00,89.75,266.633333333333,2.49032353276846,2.4118830374493
2022-12-16 17:00:00,88.6666666666667,265.933333333333,359.356713694136,3.16182428736305
2022-12-16 18:00:00,88.1,265.6,346.697557543497,2.90790172277426
2022-12-16 19:00:00,88.0333333333334,265.466666666667,0.148557926219723,3.20020897350112
2022-12-16 20:00:00,88.0166666666667,265.2,13.6144127332993,3.70536531791166
2022-12-16 21:00:00,88.0666666666667,265.116666666667,352.13845721544,3.94918105457202
2022-12-16 22:00:00,88.0333333333334,265.083333333333,354.495517902358,4.66050243879249
2022-12-16 23:00:00,88.05,265.2,7.10555171548288,2.86240883084119
2022-12-17 00:00:00,87.7333333333333,264.516666666667,0.234219247826388,2.64689786548283
2022-12-17 01:00:00,87.4333333333333,264.3,9.69302859274239,2.15060631910474
2022-12-17 02:00:00,86.3,263.883333333333,352.648906066551,1.87477208860218
2022-12-17 03:00:00,84.2,263.1,12.5112355849807,2.66192639760391
2022-12-17 04:00:00,84.6333333333334,262.466666666667,11.6948777974923,3.1693260383649
2022-12-17 05:00:00,84.65,261.483333333333,12.0321957305418,3.03212409084129
2022-12-17 06:00:00,83.6166666666667,260.45,13.9936870794998,4.54255991612797
2022-12-17 07:00:00,82.1166666666667,259.233333333333,23.6403108105216,5.29794243024943
2022-12-17 08:00:00,81.52,258.79,13.9895775112713,6.42041387032263
2022-12-17 09:00:00,,,,
2022-12-17 10:00:00,,,,
2022-12-17 11:00:00,,,,
2022-12-17 12:00:00,,,,
2022-12-17 13:00:00,12.22,263.73,357.789971403697,3.23402888304501
2022-12-17 14:00:00,,,,
2022-12-17 15:00:00,,,,
2022-12-17 16:00:00,8.94,263.17,5.36913898714636,6.68486878978351
2022-12-17 17:00:00,9.06,262.81,7.98902567070184,6.70188967039946
2022-12-17 18:00:00,,,,
2022-12-17 19:00:00,10.2,262.53,17.1829695246404,3.17104891067274
2022-12-17 20:00:00,10.4,262.466666666667,18.0841252200834,4.17396896212604
2022-12-17 21:00:00,,,,
2022-12-17 22:00:00,12.6333333333333,262.95,13.7708439090501,5.77764267541445
2022-12-17 23:00:00,16.3166666666667,263.466666666667,14.2008236892038,5.49691913830027
2022-12-18 00:00:00,22.6333333333333,263.866666666667,16.7270875963959,7.01387562408944
2022-12-18 01:00:00,24.5333333333333,264.366666666667,18.2800285270384,7.34240797509759
2022-12-18 02:00:00,,,,
2022-12-18 03:00:00,,,,
2022-12-18 04:00:00,,,,
2022-12-18 05:00:00,18.4,264.95,27.0461094034038,6.0942604254809
2022-12-18 06:00:00,,,,
2022-12-18 07:00:00,,,,
2022-12-18 08:00:00,,,,
2022-12-18 09:00:00,,,,
2022-12-18 10:00:00,,,,
2022-12-18 11:00:00,4.94,268.35,358.41586041318,4.87444248607726
2022-12-18 12:00:00,5.81666666666667,268.933333333333,352.430729163911,4.28373658502752
2022-12-18 13:00:00,7.36,269.23,2.25593179092925,3.58017625946526
2022-12-18 14:00:00,8.6,269.59,2.26191602530338,2.73359352421246
2022-12-18 15:00:00,,,,
2022-12-18 16:00:00,7.53333333333333,268.95,16.9114853929823,1.63598119628198
2022-12-18 17:00:00,6.41666666666667,268.583333333333,32.0917904228687,1.58616367651152
2022-12-18 18:00:00,5.3,268.683333333333,23.0378164745754,2.02026655145657
2022-12-18 19:00:00,5.06666666666667,269.066666666667,23.3398925030697,2.52549148020661
2022-12-18 20:00:00,5.8,269.483333333333,36.3355945927628,2.34696784286972
2022-12-18 21:00:00,7.41666666666667,269.766666666667,22.0629103173023,2.03544078196128
2022-12-18 22:00:00,13.0833333333333,269.866666666667,21.8844336363045,1.98441550880994
2022-12-18 23:00:00,22.2,270.216666666667,19.709844389989,2.12890593183672
2022-12-19 00:00:00,20.0166666666667,270.683333333333,16.8727526987912,2.32968542677397
2022-12-19 01:00:00,15.6,271.616666666667,356.096865946953,5.38202441128486
2022-12-19 02:00:00,20.7,271.11,354.296487325923,5.88421445273233
2022-12-19 03:00:00,,,,
2022-12-19 04:00:00,33.3833333333333,271.15,358.747437320803,8.35516447212308
2022-12-19 05:00:00,39.08,271.01,358.640122717906,8.84706939059167
2022-12-19 06:00:00,50.5,271.15,0.377787490656942,8.95120997393052
2022-12-19 07:00:00,71.1833333333333,271.583333333333,2.14237482809386,8.35090818826441
2022-12-19 08:00:00,76.86,271.83,14.6987325835062,8.68930855807123
2022-12-19 09:00:00,91.2166666666667,272.2,25.137102386875,9.57637920209665
2022-12-19 10:00:00,95.0,273.016666666667,17.9235632260309,8.22847776770771
2022-12-19 11:00:00,95.1,273.433333333333,23.2354051892854,5.52207651926361
2022-12-19 12:00:00,,,,
2022-12-19 13:00:00,95.1,274.083333333333,25.7367365492113,5.69585630678302
2022-12-19 14:00:00,95.0,274.0,28.1128459784737,4.16706968865609
2022-12-19 15:00:00,92.4833333333333,274.366666666667,18.8927493974149,3.48230243298519
2022-12-19 16:00:00,76.34,275.13,359.900247125785,3.60881916907436
2022-12-19 17:00:00,67.2333333333333,275.516666666667,354.747327136831,4.07536093217485
2022-12-19 18:00:00,65.9,275.716666666667,356.898834958929,5.06273550891807
2022-12-19 19:00:00,65.0166666666667,275.716666666667,355.75516252831,3.66244248004622
2022-12-19 20:00:00,67.5166666666667,275.45,35.4282330695119,1.76629877571301
2022-12-19 21:00:00,65.4666666666667,275.466666666667,51.9565131863385,2.0036635789463
2022-12-19 22:00:00,62.8166666666667,275.566666666667,80.0723645994972,1.27015737800231
2022-12-19 23:00:00,53.5666666666667,275.9,92.8480973813654,1.82788266369566
2022-12-20 00:00:00,43.9833333333333,276.15,97.4562569609561,1.56711287751342
2022-12-20 01:00:00,35.9166666666667,276.716666666667,60.2573007394204,1.32156304106546
2022-12-20 02:00:00,,,,
2022-12-20 03:00:00,,,,
2022-12-20 04:00:00,,,,
2022-12-20 05:00:00,,,,
2022-12-20 06:00:00,,,,
2022-12-20 07:00:00,,,,
2022-12-20 08:00:00,,,,
2022-12-20 09:00:00,30.25,276.766666666667,49.5705416212633,3.20974061257327
2022-12-20 10:00:00,30.0,276.91,25.5300524104729,3.04254592308465
2022-12-20 11:00:00,31.72,276.91,8.62760297251708,2.26500181116323
2022-12-20 12:00:00,32.26,276.87,8.48268194397338,1.90884642031262
2022-12-20 13:00:00,,,,
2022-12-20 14:00:00,,,,
2022-12-20 15:00:00,41.52,277.09,347.359048370591,1.86184672169915
2022-12-20 16:00:00,43.82,275.93,342.221082891742,3.67390580827399
2022-12-20 17:00:00,51.94,275.37,348.638383206343,3.39572331850081
2022-12-20 18:00:00,,,,
2022-12-20 19:00:00,,,,
2022-12-20 20:00:00,57.42,275.37,38.8481472006262,2.4309597544044
2022-12-20 21:00:00,57.72,276.05,43.6933438832381,2.17394137631627
2022-12-20 22:00:00,58.64,275.63,74.6636880219597,2.73165181542941
2022-12-20 23:00:00,57.72,275.67,91.0786034968485,4.13870428349132
2022-12-21 00:00:00,,,,
2022-12-21 01:00:00,60.9333333333333,276.016666666667,71.2726167997549,4.02144166721494
2022-12-21 02:00:00,62.7,275.17,94.5080835232926,2.44941073674078
2022-12-21 03:00:00,,,,
2022-12-21 04:00:00,63.92,274.93,99.5034824985884,4.0994953357301
2022-12-21 05:00:00,,,,
2022-12-21 06:00:00,,,,
2022-12-21 07:00:00,,,,
2022-12-21 08:00:00,,,,
2022-12-21 09:00:00,85.24,272.43,103.759163964236,2.17526480425737
2022-12-21 10:00:00,83.66,272.37,63.2139379931686,2.09701110419988
2022-12-21 11:00:00,,,,
2022-12-21 12:00:00,,,,
2022-12-21 13:00:00,,,,
2022-12-21 14:00:00,93.18,270.51,12.014138120369,6.86677479258414
2022-12-21 15:00:00,,,,
2022-12-21 16:00:00,,,,
2022-12-21 17:00:00,92.42,269.69,13.5560089629968,4.43485582349352
2022-12-21 18:00:00,,,,
2022-12-21 19:00:00,92.36,269.63,20.8693805418134,4.60645077905071
2022-12-21 20:00:00,92.6666666666666,269.75,35.6359203370342,2.63477238271083
2022-12-21 21:00:00,92.5833333333333,269.6,44.8983463346843,1.16444617424066
2022-12-21 22:00:00,92.62,269.49,36.7374496527434,1.65894038814309
2022-12-21 23:00:00,92.0833333333333,269.5,109.137015528992,1.06268987465785
2022-12-22 00:00:00,91.4,268.916666666667,88.3855981702708,1.7599010562831
2022-12-22 01:00:00,87.3,268.983333333333,77.1237422546922,2.72093159474807
2022-12-22 02:00:00,,,,
2022-12-22 03:00:00,,,,
2022-12-22 04:00:00,,,,
2022-12-22 05:00:00,81.02,269.21,21.8252163126166,6.43214084386875
2022-12-22 06:00:00,75.2666666666667,269.7,38.0822159765703,3.08540003526106
2022-12-22 07:00:00,74.8333333333333,269.55,46.0884814849432,3.21032807820988
2022-12-22 08:00:00,64.8,269.61,46.1432775333333,3.74532940194526
2022-12-22 09:00:00,60.02,269.43,21.3795229402731,6.0415551648858
2022-12-22 10:00:00,60.56,269.23,13.3426326104517,4.49894854942545
2022-12-22 11:00:00,62.2,269.25,2.14805084342379,5.20724770622885
2022-12-22 12:00:00,68.82,268.57,10.8054768937807,7.49393795523088
2022-12-22 13:00:00,67.26,268.25,13.6733426724653,7.3881586631717
2022-12-22 14:00:00,68.8166666666667,267.65,17.5437212666355,8.19189241338667
2022-12-22 15:00:00,74.2666666666667,267.266666666667,22.4129952982503,8.15046741215331
2022-12-22 16:00:00,78.0333333333333,267.033333333333,25.108306728389,11.278196529222
2022-12-22 17:00:00,77.0166666666667,266.883333333333,29.4659903897461,10.0289942515126
2022-12-22 18:00:00,69.9833333333333,266.75,30.3693622934248,7.94576715732234
2022-12-22 19:00:00,61.6,267.033333333333,30.0202690354399,9.14883031779583
2022-12-22 20:00:00,61.35,267.233333333333,35.5047200486156,11.0106131566219
2022-12-22 21:00:00,74.3666666666667,267.866666666667,18.0215396839387,9.08720377313955
2022-12-22 22:00:00,86.3333333333333,268.0,38.2169451616684,3.31174749408394
2022-12-22 23:00:00,85.4333333333334,268.966666666667,49.8324681888299,3.20084905700849
2022-12-23 00:00:00,88.1166666666667,269.483333333333,38.8388773441157,4.4607138108637
2022-12-23 01:00:00,92.9166666666667,269.616666666667,42.9256177159686,7.51868923467289
2022-12-23 02:00:00,93.15,269.816666666667,39.7929495864924,8.50211753130748
2022-12-23 03:00:00,93.3333333333333,270.133333333333,42.2876744850655,10.2602604454728
2022-12-23 04:00:00,93.06,270.39,40.101210540629,9.88130579279218
2022-12-23 05:00:00,92.25,270.35,38.2453908833962,7.86135934714665
2022-12-23 06:00:00,92.2833333333334,270.4,36.2658279532288,9.17316913415356
2022-12-23 07:00:00,92.4,270.283333333333,38.6298956218473,7.8604923150682
2022-12-23 08:00:00,94.1,270.366666666667,20.2667106159375,6.95562137201186
2022-12-23 09:00:00,93.05,270.483333333333,26.4997415519313,8.19499748702006
2022-12-23 10:00:00,93.6333333333334,270.683333333333,18.9223083969001,7.32112031213835
2022-12-23 11:00:00,93.9333333333333,271.033333333333,2.30114112371706,5.16922193101253
2022-12-23 12:00:00,94.0333333333333,271.183333333333,3.80866846064697,3.90508941874371
2022-12-23 13:00:00,94.5,271.566666666667,9.31745882112256,5.37509858980106
2022-12-23 14:00:00,94.8833333333333,271.883333333333,15.221565144323,7.49024884973422
2022-12-23 15:00:00,95.0166666666667,272.033333333333,15.1962785885957,7.14346371528141
2022-12-23 16:00:00,94.9666666666667,271.95,22.9775558889515,6.93714132302997
2022-12-23 17:00:00,94.5666666666667,271.866666666667,35.80760531277,6.52367236575151
2022-12-23 18:00:00,94.4166666666667,271.783333333333,33.0075280113915,8.83573194016866
2022-12-23 19:00:00,94.2666666666667,271.433333333333,32.910583459131,11.6862416984453
2022-12-23 20:00:00,94.75,271.65,20.5938626286944,9.19538822883267
2022-12-23 21:00:00,94.7666666666667,271.6,13.3094222744128,9.01726253507532
2022-12-23 22:00:00,94.0833333333333,270.816666666667,5.17093544834671,8.40732844481099
2022-12-23 23:00:00,94.0,270.733333333333,18.8476639297922,7.67185605868811
2022-12-24 00:00:00,93.4333333333333,270.1,26.0038126037449,7.94869940881088
2022-12-24 01:00:00,92.2666666666667,268.633333333333,31.3359139824157,10.6341367250889
2022-12-24 02:00:00,,,,
2022-12-24 03:00:00,,,,
2022-12-24 04:00:00,,,,
2022-12-24 05:00:00,90.66,268.53,20.0487413708697,7.99735449041425
2022-12-24 06:00:00,,,,
2022-12-24 07:00:00,,,,
2022-12-24 08:00:00,,,,
2022-12-24 09:00:00,,,,
2022-12-24 10:00:00,91.68,268.45,11.4312463507854,8.70286600081146
2022-12-24 11:00:00,92.02,268.63,14.9332709367785,10.2341911856685
2022-12-24 12:00:00,,,,
2022-12-24 13:00:00,,,,
2022-12-24 14:00:00,,,,
2022-12-24 15:00:00,93.64,270.29,16.6985514069985,7.15754911301361
2022-12-24 16:00:00,93.7,270.29,11.1890973724597,6.28508902380663
2022-12-24 17:00:00,,,,
2022-12-24 18:00:00,,,,
2022-12-24 19:00:00,93.45,270.6,,0.0
2022-12-24 20:00:00,93.9,270.91,58.0,0.002
2022-12-24 21:00:00,94.28,271.15,3.0,0.022
2022-12-24 22:00:00,94.46,271.21,340.881057670285,0.0398786443440546
2022-12-24 23:00:00,94.4833333333333,271.483333333333,58.0,0.01
2022-12-25 00:00:00,94.7,271.116666666667,43.0,0.015
2022-12-25 01:00:00,94.7833333333334,271.2,,0.0
2022-12-25 02:00:00,,,,
2022-12-25 03:00:00,,,,
2022-12-25 04:00:00,,,,
2022-12-25 05:00:00,92.68,270.49,,0.0
2022-12-25 06:00:00,94.82,270.69,,0.0
2022-12-25 07:00:00,,,,
2022-12-25 08:00:00,,,,
2022-12-25 09:00:00,,,,
2022-12-25 10:00:00,94.66,272.27,,0.0
2022-12-25 11:00:00,94.44,272.15,12.7914350271544,1.30294295039506
2022-12-25 12:00:00,,,,
2022-12-25 13:00:00,94.6,272.71,42.8522647592857,2.50465985514969
2022-12-25 14:00:00,93.9333333333333,272.616666666667,39.9891610274351,2.66236167455025
2022-12-25 15:00:00,91.36,272.37,52.903537201563,3.97722783083341
2022-12-25 16:00:00,81.72,271.75,46.0126942051514,4.24691256849308
2022-12-25 17:00:00,76.7666666666667,271.733333333333,9.9175493829058,3.68587375580854
2022-12-25 18:00:00,76.08,271.67,6.38017539151412,5.02291177791403
2022-12-25 19:00:00,73.25,271.666666666667,3.25772519547974,5.36577417809262
2022-12-25 20:00:00,62.94,272.23,2.14095035205077,7.18905008118027
2022-12-25 21:00:00,54.3166666666667,272.666666666667,0.676880383250193,6.7779896631149
2022-12-25 22:00:00,43.2333333333333,273.666666666667,3.68759911725908,5.33497669737304
2022-12-25 23:00:00,37.9833333333333,274.033333333333,15.853352134772,3.87223820577128
2022-12-26 00:00:00,36.2166666666667,274.183333333333,12.6227143089096,5.63733940825221
2022-12-26 01:00:00,35.4,274.216666666667,1.85798959936915,4.90731649534718
2022-12-26 02:00:00,,,,
2022-12-26 03:00:00,37.6333333333333,273.75,19.2207275711874,4.33608364129873
2022-12-26 04:00:00,37.5,273.57,22.6127075182013,3.89733296064442
2022-12-26 05:00:00,36.38,273.45,30.9269081319143,3.74144589122707
2022-12-26 06:00:00,36.9333333333333,273.466666666667,20.2667268024744,3.67883298407186
2022-12-26 07:00:00,38.1,273.383333333333,27.4975771386919,3.89359763854618
2022-12-26 08:00:00,38.5333333333333,273.283333333333,26.1832813202782,4.2315808274628
2022-12-26 09:00:00,39.7333333333333,273.416666666667,21.7897422075928,4.66606993426145
2022-12-26 10:00:00,43.3,273.2,14.9396304846553,4.39146745305626
2022-12-26 11:00:00,41.6666666666667,273.7,21.023272481937,3.61919405583463
2022-12-26 12:00:00,41.7833333333333,273.816666666667,26.8095995108729,4.80822144813276
2022-12-26 13:00:00,45.2833333333333,273.616666666667,6.59574647694888,4.62772688655041
2022-12-26 14:00:00,51.28,273.03,6.66855706384899,4.27508301655554
2022-12-26 15:00:00,57.9666666666667,272.433333333333,21.5688955019012,5.07960235689155
2022-12-26 16:00:00,61.7833333333333,271.983333333333,29.843842127634,4.05851909852823
2022-12-26 17:00:00,66.9333333333333,271.383333333333,22.5042245331337,5.30231489816924
2022-12-26 18:00:00,72.1666666666667,270.85,44.7288217640214,3.97784765045268
2022-12-26 19:00:00,74.0833333333333,270.783333333333,59.6331293052823,3.93605123024578
2022-12-26 20:00:00,81.4666666666667,270.416666666667,62.2524197240871,3.76019040488578
2022-12-26 21:00:00,90.7666666666667,268.7,31.6463805639423,3.81521487587289
2022-12-26 22:00:00,90.5833333333333,267.7,15.0925495170775,7.80630643012933
2022-12-26 23:00:00,90.2333333333333,267.233333333333,41.6971994584658,8.04021432048557
2022-12-27 00:00:00,90.3666666666667,267.066666666667,62.5468905963608,8.58646470435919
2022-12-27 01:00:00,90.3,267.066666666667,55.6152456209393,9.62009008655479
2022-12-27 02:00:00,,,,
2022-12-27 03:00:00,,,,
2022-12-27 04:00:00,,,,
2022-12-27 05:00:00,,,,
2022-12-27 06:00:00,90.08,265.63,34.1286037594623,9.12789848048686
2022-12-27 07:00:00,89.84,265.59,27.5633430415787,5.49923129416965
2022-12-27 08:00:00,,,,
2022-12-27 09:00:00,,,,
2022-12-27 10:00:00,,,,
2022-12-27 11:00:00,86.72,264.61,12.8059441291641,5.63227121206542
2022-12-27 12:00:00,,,,
2022-12-27 13:00:00,,,,
2022-12-27 14:00:00,,,,
2022-12-27 15:00:00,82.76,263.53,18.7085242701804,4.02172921170786
2022-12-27 16:00:00,78.8,262.65,29.403560418059,4.75923469878481
2022-12-27 17:00:00,,,,
2022-12-27 18:00:00,,,,
2022-12-27 19:00:00,70.4,262.61,3.84227183653445,4.89809073471287
2022-12-27 20:00:00,54.48,263.67,29.6338337964597,3.95018043084373
2022-12-27 21:00:00,48.1833333333333,264.316666666667,30.6657723473534,2.41462026201266
2022-12-27 22:00:00,34.85,264.733333333333,50.2190274614135,1.31722615224361
2022-12-27 23:00:00,37.5,265.283333333333,37.5997865782872,1.83734487370332
2022-12-28 00:00:00,30.66,265.57,47.716095635063,2.37697603378453
2022-12-28 01:00:00,20.8166666666667,265.683333333333,46.2994722906378,2.2486962379721
2022-12-28 02:00:00,,,,
2022-12-28 03:00:00,11.32,266.07,42.4671066603552,3.04042761535478
2022-12-28 04:00:00,,,,
2022-12-28 05:00:00,,,,
2022-12-28 06:00:00,60.52,267.39,29.615567804567,8.0571919384642
2022-12-28 07:00:00,69.84,267.37,23.8395885914567,12.1130257499233
2022-12-28 08:00:00,,,,
2022-12-28 09:00:00,,,,
2022-12-28 10:00:00,69.4666666666667,268.433333333333,25.2584135976314,7.09615046187001
2022-12-28 11:00:00,63.78,268.51,26.1657252432331,6.46628645882628
2022-12-28 12:00:00,63.64,268.61,26.2956644311036,6.61817347605465
2022-12-28 13:00:00,60.6,269.1,24.4168060582852,4.50673982726155
2022-12-28 14:00:00,66.4833333333333,269.816666666667,19.6568611945398,3.92601111136631
2022-12-28 15:00:00,,,,
2022-12-28 16:00:00,57.16,270.75,23.1833940752104,2.19391820795875
2022-12-28 17:00:00,,,,
2022-12-28 18:00:00,55.0166666666667,270.4,65.7000283471173,1.83611561040966
2022-12-28 19:00:00,58.7333333333333,270.933333333333,49.287155398531,2.71528858787851
2022-12-28 20:00:00,50.4166666666667,271.683333333333,62.3850698522996,2.60780168027641
2022-12-28 21:00:00,45.6833333333333,271.933333333333,74.7396443897119,2.11509885104995
2022-12-28 22:00:00,35.3333333333333,272.233333333333,64.7842793754815,1.85906647054198
2022-12-28 23:00:00,32.15,271.766666666667,43.9810324480383,1.80009935409569
2022-12-29 00:00:00,21.8,272.066666666667,39.352969022036,2.61871687781082
2022-12-29 01:00:00,21.0,270.9,41.9742452000618,1.89825612988319
2022-12-29 02:00:00,18.72,270.41,35.6024585423216,1.87555556647467
2022-12-29 03:00:00,,,,
2022-12-29 04:00:00,20.1333333333333,269.883333333333,23.8628341053231,4.28115760123149
2022-12-29 05:00:00,20.9,269.65,5.21515636147529,4.18137902103523
2022-12-29 06:00:00,26.0,270.466666666667,50.9314196995177,3.50774997960055
2022-12-29 07:00:00,22.8,270.866666666667,52.4286372631765,4.2247795337589
2022-12-29 08:00:00,18.7166666666667,271.35,42.4263683089678,3.64370595686153
2022-12-29 09:00:00,25.6333333333333,271.25,30.4931061944162,2.84938685373855
2022-12-29 10:00:00,33.42,271.79,22.8829909944732,1.72197824756941
2022-12-29 11:00:00,42.1,272.083333333333,8.41625039236681,1.93833208391891
2022-12-29 12:00:00,36.7166666666667,271.683333333333,12.1553106661876,1.55391476423653
2022-12-29 13:00:00,42.1833333333333,271.233333333333,8.94489455360957,1.32164505200413
2022-12-29 14:00:00,45.7333333333333,269.25,15.3705975461683,3.39602561898892
2022-12-29 15:00:00,55.0166666666667,269.616666666667,9.9510827234833,1.24151461505186
2022-12-29 16:00:00,58.05,270.25,94.233775158612,1.48357724686057
2022-12-29 17:00:00,59.6,269.133333333333,28.3237801418627,2.03140887209343
2022-12-29 18:00:00,64.0833333333333,268.783333333333,46.2198255367071,1.24936316032172
2022-12-29 19:00:00,65.4833333333333,268.6,90.4584870883498,1.71241976079514
2022-12-29 20:00:00,69.3166666666667,267.816666666667,88.9377957730293,2.63071591213459
2022-12-29 21:00:00,63.0,268.383333333333,77.9776589477098,2.22464645868656
2022-12-29 22:00:00,61.8333333333333,268.9,67.93875827562,2.57572538877152
2022-12-29 23:00:00,69.3666666666667,268.133333333333,99.6521652038002,1.16200676441122
2022-12-30 00:00:00,74.45,267.416666666667,103.689830536742,2.11889839403424
2022-12-30 01:00:00,74.35,267.75,65.1763442198903,2.05469690226479
2022-12-30 02:00:00,,,,
2022-12-30 03:00:00,,,,
2022-12-30 04:00:00,,,,
2022-12-30 05:00:00,,,,
2022-12-30 06:00:00,,,,
2022-12-30 07:00:00,,,,
2022-12-30 08:00:00,,,,
2022-12-30 09:00:00,,,,
2022-12-30 10:00:00,83.7,267.683333333333,51.5515522182046,2.79298249741765
2022-12-30 11:00:00,82.58,268.65,102.994261007162,1.05010061670439
2022-12-30 12:00:00,,,,
2022-12-30 13:00:00,76.88,269.75,111.037761485228,2.11767713729161
2022-12-30 14:00:00,64.78,270.61,85.7921608351189,1.30956655512452
2022-12-30 15:00:00,,,,
2022-12-30 16:00:00,,,,
2022-12-30 17:00:00,59.18,269.83,71.1240434527814,2.03466886126888
2022-12-30 18:00:00,,,,
2022-12-30 19:00:00,92.3,270.566666666667,38.1012734924281,6.53653426826785
2022-12-30 20:00:00,93.32,270.55,28.7268404268614,8.8197762256784
2022-12-30 21:00:00,,,,
2022-12-30 22:00:00,93.78,270.43,19.4939947640147,7.97206889491462
2022-12-30 23:00:00,94.2166666666667,271.233333333333,27.0527949409037,7.96970482663372
2022-12-31 00:00:00,94.7166666666667,271.616666666667,27.9852429225514,7.08001395718013
2022-12-31 01:00:00,94.8666666666667,271.416666666667,26.0221554067753,8.29018100503967
2022-12-31 02:00:00,95.0,271.71,11.4065259109881,7.90226231316853
2022-12-31 03:00:00,,,,
2022-12-31 04:00:00,94.46,271.85,21.2481238154555,5.83547011922069
2022-12-31 05:00:00,,,,
2022-12-31 06:00:00,92.62,270.73,6.9811616139458,8.98717529976712
2022-12-31 07:00:00,,,,
2022-12-31 08:00:00,,,,
2022-12-31 09:00:00,,,,
2022-12-31 10:00:00,94.32,272.23,19.648528678666,3.85493608166084
2022-12-31 11:00:00,88.7,272.45,55.7716142674925,3.10251099800383
2022-12-31 12:00:00,,,,
2022-12-31 13:00:00,62.28,274.67,69.0522037906188,1.89632187548673
2022-12-31 14:00:00,57.22,274.85,63.0542203557573,2.69151117464146
2022-12-31 15:00:00,,,,
2022-12-31 16:00:00,49.5666666666667,275.016666666667,45.7477140205336,3.29611965852718
2022-12-31 17:00:00,43.68,275.25,39.8561567090605,3.653240700726
2022-12-31 18:00:00,37.2333333333333,275.833333333333,45.163487576416,4.03589775733322
2022-12-31 19:00:00,38.7166666666667,275.816666666667,48.26405240444,3.56488926914915
2022-12-31 20:00:00,34.6333333333333,276.466666666667,45.2191333609764,3.9450364078829
2022-12-31 21:00:00,34.1,276.733333333333,48.2672696329764,4.34512858653074
2022-12-31 22:00:00,31.3333333333333,277.266666666667,34.8713249636137,4.10785673473905
2022-12-31 23:00:00,44.05,275.9,14.174545499227,3.0875047320076
2023-01-01 00:00:00,48.9666666666667,275.8,51.1629894005596,2.49398172053552
2023-01-01 01:00:00,45.4,276.4,39.5218732901966,2.61041607766313
2023-01-01 02:00:00,,,,
2023-01-01 03:00:00,,,,
2023-01-01 04:00:00,,,,
2023-01-01 05:00:00,60.38,274.61,44.6849125380858,2.67299202816389
2023-01-01 06:00:00,65.88,274.17,8.04204716845356,3.21880923227856
2023-01-01 07:00:00,,,,
2023-01-01 08:00:00,71.1333333333333,273.75,37.9973525975683,2.97395120128504
2023-01-01 09:00:00,67.06,274.25,65.3371635192411,2.23646159218728
2023-01-01 10:00:00,61.2833333333333,275.25,68.3489803352587,1.57345553707801
2023-01-01 11:00:00,,,,
2023-01-01 12:00:00,39.2333333333333,277.133333333333,66.8969459966497,2.13342018251843
2023-01-01 13:00:00,35.06,277.13,64.8378163013679,3.44447964420777
2023-01-01 14:00:00,31.76,277.29,66.51165305285,2.6258966629488
2023-01-01 15:00:00,28.05,277.5,66.2157989575977,2.37442963395901
2023-01-01 16:00:00,26.46,276.63,50.9302989896967,2.69322401432785
2023-01-01 17:00:00,25.7333333333333,275.866666666667,59.982470820423,2.82352597855147
2023-01-01 18:00:00,26.15,275.733333333333,69.0898734271511,2.62123122683309
2023-01-01 19:00:00,25.3666666666667,275.55,61.3568285425312,2.77232492105802
2023-01-01 20:00:00,27.0,275.183333333333,28.5188128825067,4.12326561095079
2023-01-01 21:00:00,29.9333333333333,274.75,39.93399286466,3.13628436804719
2023-01-01 22:00:00,34.0166666666667,274.166666666667,40.6424486785401,2.47877697300025
2023-01-01 23:00:00,31.9833333333333,274.366666666667,62.9020234969406,2.46331927687583
2023-01-02 00:00:00,34.5333333333333,274.733333333333,60.107652653018,2.56937160759051
2023-01-02 01:00:00,31.35,275.35,55.3580890629393,2.8052605238988
2023-01-02 02:00:00,31.56,274.71,65.387734521988,3.29813341264044
2023-01-02 03:00:00,,,,
2023-01-02 04:00:00,,,,
2023-01-02 05:00:00,,,,
2023-01-02 06:00:00,22.24,274.41,63.391668836819,3.47128673067374
2023-01-02 07:00:00,,,,
2023-01-02 08:00:00,,,,
2023-01-02 09:00:00,,,,
2023-01-02 10:00:00,28.26,274.91,64.0933265544922,2.59473989012593
2023-01-02 11:00:00,29.44,275.05,61.6070475005565,2.69939450194601
2023-01-02 12:00:00,,,,
2023-01-02 13:00:00,,,,
2023-01-02 14:00:00,39.24,275.19,65.2239733601959,1.91406013247854
2023-01-02 15:00:00,,,,
2023-01-02 16:00:00,,,,
2023-01-02 17:00:00,51.3333333333333,271.983333333333,36.609560408907,0.630157119547869
2023-01-02 18:00:00,45.14,272.05,60.3277195752724,1.19812660158636
2023-01-02 19:00:00,,,,
2023-01-02 20:00:00,51.9333333333333,271.6,92.7272885964271,1.2355213365042
2023-01-02 21:00:00,53.98,271.31,74.9769135586788,1.34035924185769
2023-01-02 22:00:00,55.4833333333333,271.1,84.1272727121457,1.6038831688976
2023-01-02 23:00:00,52.5666666666667,271.466666666667,64.039945485618,2.53232299096267
2023-01-03 00:00:00,58.4333333333333,270.933333333333,50.2384063577544,1.64963495637348
2023-01-03 01:00:00,57.15,270.566666666667,33.3673306376439,2.19352908386172
2023-01-03 02:00:00,,,,
2023-01-03 03:00:00,66.84,270.07,63.7860780549989,2.13099767095856
2023-01-03 04:00:00,77.94,269.29,48.3249759650026,2.01828682500504
2023-01-03 05:00:00,,,,
2023-01-03 06:00:00,,,,
2023-01-03 07:00:00,,,,
2023-01-03 08:00:00,92.52,268.99,18.8200922675563,3.7604298660225
2023-01-03 09:00:00,91.44,269.17,14.9570271218136,2.67592557577559
2023-01-03 10:00:00,,,,
2023-01-03 11:00:00,91.2,269.783333333333,10.1314360577151,1.12609555083141
2023-01-03 12:00:00,91.78,269.61,21.141236480166,2.87728356777771
2023-01-03 13:00:00,90.66,270.23,23.9170210798455,1.35873784581984
2023-01-03 14:00:00,91.65,269.616666666667,14.6939387215016,3.69529954884606
2023-01-03 15:00:00,91.7,269.15,12.3521317469367,3.94754963367063
2023-01-03 16:00:00,92.0,269.05,10.6175293090251,2.86212021445277
2023-01-03 17:00:00,91.55,268.85,25.6802693983183,2.85678967751703
2023-01-03 18:00:00,91.1,268.633333333333,21.5660286178211,2.57202005898034
2023-01-03 19:00:00,91.1166666666667,268.533333333333,21.4961434804185,3.26590899722882
2023-01-03 20:00:00,90.95,268.15,26.5046403512575,4.84563860663891
2023-01-03 21:00:00,90.7666666666667,267.833333333333,22.688696210613,4.18470869699355
2023-01-03 22:00:00,90.5666666666667,267.7,32.5728882562815,2.24467225131536
2023-01-03 23:00:00,90.2,267.266666666667,26.2969971329237,3.07108317623506
2023-01-04 00:00:00,89.6,266.433333333333,43.7727473087208,2.54455772911393
2023-01-04 01:00:00,87.5,265.733333333333,54.8533835620998,2.10289830143915
2023-01-04 02:00:00,48.7,266.91,37.9993577883599,4.4890664380839
2023-01-04 03:00:00,19.44,268.59,29.3783480937858,3.14144972621661
2023-01-04 04:00:00,13.4166666666667,268.683333333333,45.2679365841121,2.5814184592155
2023-01-04 05:00:00,13.2166666666667,268.55,51.525936655076,3.6402779154648
2023-01-04 06:00:00,16.1833333333333,268.333333333333,62.9333833616738,5.17405019273056
2023-01-04 07:00:00,18.3333333333333,268.066666666667,46.7048278107191,4.48824551911824
2023-01-04 08:00:00,18.7666666666667,268.266666666667,56.2644088357436,4.80223129495444
2023-01-04 09:00:00,20.85,268.533333333333,54.9809353547505,6.56109424192438
2023-01-04 10:00:00,30.24,268.61,50.7169718468484,5.95657809196636
2023-01-04 11:00:00,43.3166666666667,269.066666666667,16.2418635360593,5.72014780330207
2023-01-04 12:00:00,55.85,268.983333333333,29.0130171722523,6.10454312273496
2023-01-04 13:00:00,64.0,268.933333333333,43.6748128530226,5.35539865966967
2023-01-04 14:00:00,78.5833333333333,269.4,27.1040222410643,5.88428346325708
2023-01-04 15:00:00,81.1833333333333,268.75,17.2983334043128,8.33396711613874
2023-01-04 16:00:00,87.15,269.0,33.519664254024,10.2348100688907
2023-01-04 17:00:00,87.8333333333333,268.833333333333,30.1870989720724,12.9085611652984
2023-01-04 18:00:00,88.1,269.05,34.0558563361781,10.910388640104
2023-01-04 19:00:00,79.0333333333333,269.166666666667,24.7650817027051,11.3096528058432
2023-01-04 20:00:00,59.1666666666667,269.816666666667,45.2526097939594,9.77757375438283
2023-01-04 21:00:00,56.4833333333333,269.733333333333,32.2514709636095,5.13774996133734
2023-01-04 22:00:00,63.6833333333333,269.233333333333,29.20392457421,13.2265645457307
2023-01-04 23:00:00,66.95,269.0,50.6017780878482,15.8978929654363
2023-01-05 00:00:00,78.8333333333333,269.083333333333,25.6246433288002,13.026591609278
2023-01-05 01:00:00,90.55,268.833333333333,31.1013581147575,12.7274293321768
2023-01-05 02:00:00,,,,
2023-01-05 03:00:00,,,,
2023-01-05 04:00:00,,,,
2023-01-05 05:00:00,,,,
2023-01-05 06:00:00,,,,
2023-01-05 07:00:00,,,,
2023-01-05 08:00:00,95.04,270.51,27.7126406888841,9.40316510924582
2023-01-05 09:00:00,,,,
2023-01-05 10:00:00,,,,
2023-01-05 11:00:00,,,,
2023-01-05 12:00:00,,,,
2023-01-05 13:00:00,91.4,268.73,14.7813260223709,9.22130165583471
2023-01-05 14:00:00,,268.69,,
2023-01-05 15:00:00,,,,
2023-01-05 16:00:00,,,,
2023-01-05 17:00:00,,,,
2023-01-05 18:00:00,,,,
2023-01-05 19:00:00,,,,
2023-01-05 20:00:00,90.26,267.27,1.38995837176833,7.11659011946023
2023-01-05 21:00:00,,,,
2023-01-05 22:00:00,90.1833333333333,267.25,8.06810449237389,4.45461896746148
2023-01-05 23:00:00,89.62,266.83,5.30318672733449,5.17290122507634
2023-01-06 00:00:00,90.05,266.7,357.248604251263,6.63192988464254
2023-01-06 01:00:00,90.26,267.11,346.558453042603,8.86243885134501
2023-01-06 02:00:00,,,,
2023-01-06 03:00:00,,,,
2023-01-06 04:00:00,50.42,269.01,334.182256176512,9.77291141983124
2023-01-06 05:00:00,,,,
2023-01-06 06:00:00,,,,
2023-01-06 07:00:00,26.34,271.21,335.329076582382,10.7039827093659
2023-01-06 08:00:00,,,,
2023-01-06 09:00:00,,,,
2023-01-06 10:00:00,,,,
2023-01-06 11:00:00,,,,
2023-01-06 12:00:00,,,,
2023-01-06 13:00:00,,,,
2023-01-06 14:00:00,25.78,275.15,73.6297659734563,1.30171197981224
2023-01-06 15:00:00,,,,
2023-01-06 16:00:00,22.34,273.61,42.9238179243481,1.91880124810316
2023-01-06 17:00:00,22.78,272.65,38.7494764247512,1.62791116014794
2023-01-06 18:00:00,24.0,272.083333333333,47.0600617615087,2.09836473025688
2023-01-06 19:00:00,25.48,271.91,46.3571783355047,2.68673194562298
2023-01-06 20:00:00,25.6,271.983333333333,53.6749219324983,1.8251363165033
2023-01-06 21:00:00,23.15,272.283333333333,63.9406471458075,3.04263990083138
2023-01-06 22:00:00,22.4166666666667,272.283333333333,52.9919361213876,2.77583951030473
2023-01-06 23:00:00,23.4666666666667,272.05,50.5054370217669,2.09533418945491
2023-01-07 00:00:00,24.35,272.05,49.1625979883733,2.11536460117084
2023-01-07 01:00:00,24.3666666666667,271.85,50.5247430737692,2.50518326301866
2023-01-07 02:00:00,,,,
2023-01-07 03:00:00,18.76,272.19,42.6408600792258,2.43648570769876
2023-01-07 04:00:00,,,,
2023-01-07 05:00:00,18.7666666666667,272.033333333333,28.9325302712178,2.71259701826219
2023-01-07 06:00:00,,,,
2023-01-07 07:00:00,18.5,272.15,28.2776505557189,3.2935085881044
2023-01-07 08:00:00,17.05,272.333333333333,42.2266243921997,3.20768600929965
2023-01-07 09:00:00,,,,
2023-01-07 10:00:00,14.7,273.37,43.9026267087512,2.07957686698336
2023-01-07 11:00:00,17.98,274.57,103.854117351488,0.535708359008581
2023-01-07 12:00:00,24.44,274.79,64.3774389849332,1.42337956068239
2023-01-07 13:00:00,30.2333333333333,274.2,58.542260454912,2.25278787164098
2023-01-07 14:00:00,34.2666666666667,273.6,28.7220870490505,2.72388608507848
2023-01-07 15:00:00,39.2,273.15,16.7799582422718,2.64646088912651
2023-01-07 16:00:00,40.3166666666667,272.6,9.3752186489728,2.33012665661778
2023-01-07 17:00:00,37.0666666666667,272.133333333333,44.3786198826952,1.24792291668751
2023-01-07 18:00:00,33.4,271.566666666667,45.3451912065825,1.52663738219068
2023-01-07 19:00:00,28.9,271.716666666667,51.6040303043486,1.66017599132286
2023-01-07 20:00:00,24.2333333333333,271.783333333333,39.6569652303612,1.36101628784136
2023-01-07 21:00:00,17.6666666666667,272.15,47.5766987098292,1.8760328638109
2023-01-07 22:00:00,12.7666666666667,272.483333333333,84.8820650401989,1.55775182705992
2023-01-07 23:00:00,15.1666666666667,272.3,91.116615538827,3.21244538688445
2023-01-08 00:00:00,16.75,272.133333333333,94.9114155586615,3.26518798840821
2023-01-08 01:00:00,12.15,272.75,76.5181814578035,4.37759329902107
2023-01-08 02:00:00,,,,
2023-01-08 03:00:00,,,,
2023-01-08 04:00:00,13.52,272.05,96.9289037594082,2.64529879307552
2023-01-08 05:00:00,,,,
2023-01-08 06:00:00,,,,
2023-01-08 07:00:00,,,,
2023-01-08 08:00:00,41.02,271.13,53.2259227875804,3.19588779377452
2023-01-08 09:00:00,,,,
2023-01-08 10:00:00,,,,
2023-01-08 11:00:00,,,,
2023-01-08 12:00:00,,,,
2023-01-08 13:00:00,,,,
2023-01-08 14:00:00,,,,
2023-01-08 15:00:00,,,,
2023-01-08 16:00:00,86.36,268.21,104.628696548647,5.1605242592539
2023-01-08 17:00:00,,,,
2023-01-08 18:00:00,,,,
2023-01-08 19:00:00,83.32,269.11,105.015098901541,6.04202440459567
2023-01-08 20:00:00,,,,
2023-01-08 21:00:00,91.1166666666667,268.633333333333,99.1146435052351,6.63639670012166
2023-01-08 22:00:00,91.02,268.15,90.1439581435822,7.42588135827392
2023-01-08 23:00:00,90.72,267.89,92.5777165519318,7.98098818584803
2023-01-09 00:00:00,90.65,267.5,99.7691789968001,7.95182565417225
2023-01-09 01:00:00,90.78,267.57,85.6470517440087,6.93855871667834
2023-01-09 02:00:00,,,,
2023-01-09 03:00:00,,,,
2023-01-09 04:00:00,,,,
2023-01-09 05:00:00,,,,
2023-01-09 06:00:00,83.12,267.03,111.760482326815,1.33617245347305
2023-01-09 07:00:00,88.22,266.57,56.2783170057323,2.23498294789593
2023-01-09 08:00:00,,,,
2023-01-09 09:00:00,,,,
2023-01-09 10:00:00,,,,
2023-01-09 11:00:00,83.88,262.59,3.27724462807703,7.82547001828113
2023-01-09 12:00:00,,,,
2023-01-09 13:00:00,,,,
2023-01-09 14:00:00,83.54,262.09,20.0691722305289,4.72386318565901
2023-01-09 15:00:00,,,,
2023-01-09 16:00:00,83.4,261.9,7.22362097565798,5.61904575252216
2023-01-09 17:00:00,82.9833333333333,261.666666666667,7.60470255070078,6.17727633917874
2023-01-09 18:00:00,82.7666666666667,261.633333333333,8.47165604940858,5.23634778783935
2023-01-09 19:00:00,82.2166666666667,261.316666666667,0.221127392901906,6.09905227410457
2023-01-09 20:00:00,81.9333333333333,260.333333333333,359.289350350609,8.78255734866352
2023-01-09 21:00:00,82.25,260.5,8.65313797309534,8.02221220037355
2023-01-09 22:00:00,82.55,260.916666666667,357.513074368557,8.15750890731103
2023-01-09 23:00:00,82.5833333333333,260.9,356.351194119633,6.43363705744865
2023-01-10 00:00:00,82.75,260.75,0.504261303847443,5.82926607618282
2023-01-10 01:00:00,82.8666666666667,260.933333333333,356.486626801217,5.60356895350344
2023-01-10 02:00:00,82.3166666666667,260.95,352.994279799959,5.68480286219286
2023-01-10 03:00:00,81.55,260.916666666667,352.283591370685,5.52554702933969
2023-01-10 04:00:00,82.8833333333333,260.933333333333,348.783215428146,5.12172272913588
2023-01-10 05:00:00,84.2,261.133333333333,349.729595576998,4.40538354138656
2023-01-10 06:00:00,83.85,260.933333333333,351.401228093711,5.24012196825399
2023-01-10 07:00:00,83.6166666666667,260.766666666667,5.31036750539704,7.84298303711265
2023-01-10 08:00:00,83.5166666666667,260.883333333333,17.9611026664717,13.3507789074688
2023-01-10 09:00:00,83.15,260.95,14.2978670966921,12.5925553563702
2023-01-10 10:00:00,82.3833333333333,260.866666666667,16.1568707013904,12.0550366718842
2023-01-10 11:00:00,82.4,260.93,9.53631449529485,9.08479265431687
2023-01-10 12:00:00,82.5666666666667,261.15,1.13481695746992,7.39770167728252
2023-01-10 13:00:00,83.25,261.566666666667,4.51895392829738,4.36521504384437
2023-01-10 14:00:00,82.3833333333333,260.916666666667,351.92872099566,3.49834520016244
2023-01-10 15:00:00,82.4333333333333,260.883333333333,350.878090864282,3.12252762032657
2023-01-10 16:00:00,81.7666666666667,260.466666666667,351.30066883907,2.76512883610109
2023-01-10 17:00:00,81.8833333333333,260.55,4.16152458020019,3.17717435979837
2023-01-10 18:00:00,80.15,258.9,1.01269248674828,3.32027648308276
2023-01-10 19:00:00,80.1666666666667,258.85,12.9112869842066,5.05046001127179
2023-01-10 20:00:00,80.7833333333334,259.4,356.233561839219,7.2909337127891
2023-01-10 21:00:00,81.6333333333333,259.866666666667,0.0690833678251011,9.83644569529071
2023-01-10 22:00:00,82.8333333333333,261.3,23.5879556836932,12.1225099169899
2023-01-10 23:00:00,84.0833333333333,262.516666666667,15.0334729048542,9.9525819702133
2023-01-11 00:00:00,86.8166666666667,264.383333333333,354.303719429299,11.8154597215124
2023-01-11 01:00:00,89.2333333333333,265.883333333333,359.094838792278,11.2145692888203
2023-01-11 02:00:00,,,,
2023-01-11 03:00:00,,,,
2023-01-11 04:00:00,,,,
2023-01-11 05:00:00,,,,
2023-01-11 06:00:00,,,,
2023-01-11 07:00:00,,,,
2023-01-11 08:00:00,,,,
2023-01-11 09:00:00,,,,
2023-01-11 10:00:00,,,,
2023-01-11 11:00:00,,,,
2023-01-11 12:00:00,,,,
2023-01-11 13:00:00,86.6,267.91,6.67181226844741,3.5962756757799
2023-01-11 14:00:00,87.88,268.67,351.165175281935,3.73817431989828
2023-01-11 15:00:00,,,,
2023-01-11 16:00:00,,,,
2023-01-11 17:00:00,,,,
2023-01-11 18:00:00,90.3,267.85,349.18047802908,5.01904306159756
2023-01-11 19:00:00,,,,
2023-01-11 20:00:00,,,,
2023-01-11 21:00:00,,,,
2023-01-11 22:00:00,88.7666666666667,265.833333333333,359.828278066781,6.07847552861665
2023-01-11 23:00:00,88.6833333333333,265.733333333333,354.227636431223,5.64904776635541
2023-01-12 00:00:00,88.2833333333334,265.233333333333,356.389607506903,4.82023650887841
2023-01-12 01:00:00,88.1333333333333,265.0,356.260226759917,3.87235159815202
2023-01-12 02:00:00,87.4333333333333,264.983333333333,348.312633594691,2.894112267948
2023-01-12 03:00:00,85.8833333333333,264.5,344.801191357167,2.66244500298653
2023-01-12 04:00:00,86.3333333333333,263.566666666667,338.134508728741,2.06690835663237
2023-01-12 05:00:00,85.5333333333334,262.516666666667,340.750368856331,1.85685284815653
2023-01-12 06:00:00,85.0166666666667,261.933333333333,344.230909757241,2.209964702651
2023-01-12 07:00:00,84.8666666666667,261.933333333333,348.158619274237,1.98624051017255
2023-01-12 08:00:00,85.15,262.266666666667,340.157110277991,1.92415790398047
2023-01-12 09:00:00,84.85,263.0,342.51650378129,1.22448943727975
2023-01-12 10:00:00,86.9166666666667,264.533333333333,8.57994277649135,3.23939740863665
2023-01-12 11:00:00,87.7333333333333,265.316666666667,358.140159168427,10.9965570704916
2023-01-12 12:00:00,87.1,265.35,355.341837722093,14.4052132621223
2023-01-12 13:00:00,85.9166666666667,265.5,349.768004199573,13.3921371377371
2023-01-12 14:00:00,82.1,265.216666666667,345.175526333882,13.8057726798445
2023-01-12 15:00:00,79.0333333333333,265.45,347.623503308528,10.9119620266044
2023-01-12 16:00:00,75.1166666666667,265.4,349.970561820869,9.95229501442387
2023-01-12 17:00:00,69.55,265.783333333333,351.763498499669,10.1263563754248
2023-01-12 18:00:00,66.5833333333333,266.2,349.862615434144,12.6997437869319
2023-01-12 19:00:00,56.6,266.5,354.405047681982,12.4207277482728
2023-01-12 20:00:00,48.2666666666667,267.566666666667,356.644195516542,12.5154076430942
2023-01-12 21:00:00,41.3166666666667,268.366666666667,6.70031459783405,10.9086598972564
2023-01-12 22:00:00,36.2833333333333,268.583333333333,4.09478356572942,8.56069697422009
2023-01-12 23:00:00,33.85,268.616666666667,5.81194767711622,7.55168276233812
2023-01-13 00:00:00,39.9833333333333,268.65,20.1891543809633,5.25560492670826
2023-01-13 01:00:00,42.15,268.766666666667,27.9448257465453,5.60458826060936
2023-01-13 02:00:00,43.8,268.216666666667,30.0219794707651,3.93298967203829
2023-01-13 03:00:00,50.45,268.416666666667,45.1368168019309,3.96684174189253
2023-01-13 04:00:00,48.7166666666667,268.333333333333,37.9926013403227,3.3251891156848
2023-01-13 05:00:00,45.9833333333333,268.216666666667,50.9604506281193,2.81922982763635
2023-01-13 06:00:00,44.6333333333333,268.1,50.8400036825017,2.03666580903775
2023-01-13 07:00:00,46.9666666666667,267.833333333333,46.6146756799424,2.50272735005783
2023-01-13 08:00:00,48.75,267.683333333333,67.0359699903946,2.60953394569767
2023-01-13 09:00:00,63.5833333333333,267.6,36.8109109228686,2.63531825863954
2023-01-13 10:00:00,83.85,266.75,16.6996262836128,3.26033582726072
2023-01-13 11:00:00,84.16,267.31,40.5511203981374,3.86246011080316
2023-01-13 12:00:00,76.3833333333334,267.166666666667,24.918715310107,4.96643998977452
2023-01-13 13:00:00,73.6833333333333,267.266666666667,25.9597112913553,5.71841373007193
2023-01-13 14:00:00,72.95,267.433333333333,32.0882612693183,5.58592763849797
2023-01-13 15:00:00,84.8,266.5,35.4143178892934,4.89519425436361
2023-01-13 16:00:00,81.5333333333333,266.1,31.2850085365393,4.45354962436106
2023-01-13 17:00:00,84.1333333333333,265.7,27.4535835973549,4.52927393649232
2023-01-13 18:00:00,87.3166666666667,265.316666666667,21.040776884036,7.65722582127448
2023-01-13 19:00:00,86.7333333333333,264.6,12.8049160071866,6.97899537042225
2023-01-13 20:00:00,86.0,263.8,17.2342774832079,6.16508483225981
2023-01-13 21:00:00,85.75,263.4,25.0447010201747,5.10835579536278
2023-01-13 22:00:00,85.6333333333333,263.433333333333,35.5787783408878,5.06157095297549
2023-01-13 23:00:00,85.3666666666667,263.3,35.5944337400143,5.73942442767548
2023-01-14 00:00:00,84.7666666666667,262.766666666667,9.2826409255099,6.96130777081663
2023-01-14 01:00:00,84.1,262.383333333333,4.94873747882605,5.81469818004605
2023-01-14 02:00:00,,,,
2023-01-14 03:00:00,,,,
2023-01-14 04:00:00,,,,
2023-01-14 05:00:00,,,,
2023-01-14 06:00:00,84.0,261.17,5.22606955606625,8.16788567135477
2023-01-14 07:00:00,,,,
2023-01-14 08:00:00,,,,
2023-01-14 09:00:00,,,,
2023-01-14 10:00:00,,,,
2023-01-14 11:00:00,60.94,266.11,7.43618473415279,10.5468586481937
2023-01-14 12:00:00,,,,
2023-01-14 13:00:00,,,,
2023-01-14 14:00:00,63.52,267.89,8.56697639417564,8.28176686763501
2023-01-14 15:00:00,46.12,268.31,16.5729653057311,7.4496511319456
2023-01-14 16:00:00,48.16,268.05,27.057177905602,6.52416398956223
2023-01-14 17:00:00,57.45,267.716666666667,42.0675892068366,5.65153202571798
2023-01-14 18:00:00,60.45,267.583333333333,42.3195350988166,5.98346052444934
2023-01-14 19:00:00,58.0333333333334,268.066666666667,39.556958890287,8.07648444455303
2023-01-14 20:00:00,53.22,268.27,34.1414684930257,9.0723536616018
2023-01-14 21:00:00,56.3,268.833333333333,50.4066596479742,9.7061544956452
2023-01-14 22:00:00,69.0833333333333,269.216666666667,39.4153031558213,9.21726950438532
2023-01-14 23:00:00,77.25,270.333333333333,33.7538784447112,10.2073452361265
2023-01-15 00:00:00,83.5333333333333,270.666666666667,13.9883539526958,8.57130554793057
2023-01-15 01:00:00,,,,
2023-01-15 02:00:00,,,,
2023-01-15 03:00:00,,,,
2023-01-15 04:00:00,,,,
2023-01-15 05:00:00,,,,
2023-01-15 06:00:00,79.15,272.016666666667,42.2968260502656,2.64099796744579
2023-01-15 07:00:00,72.3,272.07,59.8622046483646,3.43810418668658
2023-01-15 08:00:00,,,,
2023-01-15 09:00:00,,,,
2023-01-15 10:00:00,,,,
2023-01-15 11:00:00,,,,
2023-01-15 12:00:00,79.82,270.83,81.241583554143,2.66608661625778
2023-01-15 13:00:00,78.8,270.27,55.0127475424018,2.51613108386473
2023-01-15 14:00:00,83.16,269.61,29.642391550801,1.29960560815901
2023-01-15 15:00:00,82.5833333333333,268.633333333333,47.9113347244206,1.73742727256758
2023-01-15 16:00:00,85.5666666666667,267.416666666667,81.8771664306484,1.52617326024219
2023-01-15 17:00:00,,,,
2023-01-15 18:00:00,84.26,262.91,343.674066570163,8.08646737056522
2023-01-15 19:00:00,,,,
2023-01-15 20:00:00,83.2833333333333,261.833333333333,344.887137065992,9.94046258394435
2023-01-15 21:00:00,83.0333333333333,261.583333333333,355.697285776942,9.7922028896698
2023-01-15 22:00:00,81.7666666666667,260.25,4.56468511770714,6.10305928817333
2023-01-15 23:00:00,81.12,259.39,18.4780951591081,2.02129182045076
2023-01-16 00:00:00,78.42,259.05,29.7320671598422,1.1474714405245
2023-01-16 01:00:00,77.1833333333333,259.016666666667,0.706507800932855,4.98313989887206
2023-01-16 02:00:00,,,,
2023-01-16 03:00:00,28.16,260.87,23.7796632066188,2.53123710382916
2023-01-16 04:00:00,,,,
2023-01-16 05:00:00,40.2,261.17,359.505736510208,3.31863401878038
2023-01-16 06:00:00,32.34,261.79,90.5572304208283,2.93795171764004
2023-01-16 07:00:00,,,,
2023-01-16 08:00:00,,,,
2023-01-16 09:00:00,,,,
2023-01-16 10:00:00,,,,
2023-01-16 11:00:00,,,,
2023-01-16 12:00:00,64.74,262.97,128.577938591661,2.756705313909
2023-01-16 13:00:00,67.04,262.51,103.36951596315,3.36357474843854
2023-01-16 14:00:00,72.0,261.87,97.3072313522236,6.19193961174035
2023-01-16 15:00:00,76.26,261.31,97.7619428423888,6.83749179228516
2023-01-16 16:00:00,76.98,261.35,113.143962868152,4.77214893986199
2023-01-16 17:00:00,,,,
2023-01-16 18:00:00,75.3833333333333,261.083333333333,79.9857882874649,2.44701421948045
2023-01-16 19:00:00,73.26,261.01,50.8253490858994,2.17295942954019
2023-01-16 20:00:00,74.7333333333333,260.483333333333,42.7783742377798,2.90281512444428
2023-01-16 21:00:00,60.7833333333333,260.4,26.684328937433,5.23613666023855
2023-01-16 22:00:00,69.95,260.266666666667,19.9522607859456,5.4789415518164
2023-01-16 23:00:00,77.4,259.516666666667,16.1964960259303,4.66494514315334
2023-01-17 00:00:00,68.6666666666667,259.416666666667,24.4159711837448,3.70919115398379
2023-01-17 01:00:00,65.5166666666667,259.133333333333,31.7223649933495,2.33913699643419
2023-01-17 02:00:00,,,,
2023-01-17 03:00:00,69.22,258.91,43.945821967554,2.47679463559608
2023-01-17 04:00:00,,,,
2023-01-17 05:00:00,,,,
2023-01-17 06:00:00,,,,
2023-01-17 07:00:00,,,,
2023-01-17 08:00:00,,,,
2023-01-17 09:00:00,,,,
2023-01-17 10:00:00,,,,
2023-01-17 11:00:00,,,,
2023-01-17 12:00:00,78.0,259.43,99.037830863825,4.57473710955155
2023-01-17 13:00:00,,,,
2023-01-17 14:00:00,,,,
2023-01-17 15:00:00,,,,
2023-01-17 16:00:00,,,,
2023-01-17 17:00:00,,,,
2023-01-17 18:00:00,,,,
2023-01-17 19:00:00,,,,
2023-01-17 20:00:00,82.52,261.39,94.2689759568878,1.51125892138929
2023-01-17 21:00:00,,,,
2023-01-17 22:00:00,82.22,260.85,44.9831645573664,1.4839671362843
2023-01-17 23:00:00,82.24,260.67,81.057338750668,1.19138186109581
2023-01-18 00:00:00,79.4333333333333,259.95,63.6967776260898,1.89465003560397
2023-01-18 01:00:00,69.02,259.91,17.19473475027,2.44249220637086
2023-01-18 02:00:00,,,,
2023-01-18 03:00:00,,,,
2023-01-18 04:00:00,,,,
2023-01-18 05:00:00,65.28,259.13,26.381644445953,1.11226109859131
2023-01-18 06:00:00,63.76,259.11,63.4882660285189,1.10259944580783
2023-01-18 07:00:00,,,,
2023-01-18 08:00:00,76.62,258.45,2.98242580457168,5.45513182997869
2023-01-18 09:00:00,79.88,258.63,17.0552101922985,2.77403437656941
2023-01-18 10:00:00,68.44,261.25,122.614744658917,0.967876372055835
2023-01-18 11:00:00,,,,
2023-01-18 12:00:00,65.1,262.13,108.924934777435,2.03597944634197
2023-01-18 13:00:00,,,,
2023-01-18 14:00:00,64.92,262.99,124.193990589807,0.916375631538802
2023-01-18 15:00:00,68.4333333333333,262.483333333333,85.0183811121607,0.809904077792421
2023-01-18 16:00:00,67.82,261.93,86.9432010453776,0.593100746017846
2023-01-18 17:00:00,75.5,260.133333333333,38.7006403284415,0.711236299460886
2023-01-18 18:00:00,,,,
2023-01-18 19:00:00,79.7,258.283333333333,358.382582189166,0.347450805987886
2023-01-18 20:00:00,79.7833333333333,257.75,344.983369081628,2.1320354584486
2023-01-18 21:00:00,79.5833333333333,258.033333333333,338.685481508695,3.13378056077761
2023-01-18 22:00:00,79.5833333333333,257.883333333333,330.280508918998,1.36536435389848
2023-01-18 23:00:00,79.5666666666667,257.65,329.914883362025,2.63327144386503
2023-01-19 00:00:00,79.3666666666667,257.55,354.199325317815,3.51339672005159
2023-01-19 01:00:00,78.65,257.1,352.630078374363,4.60463613416267
2023-01-19 02:00:00,,,,
2023-01-19 03:00:00,79.56,256.27,346.989123640713,2.93752744794464
2023-01-19 04:00:00,78.94,255.87,338.676152925405,2.3943719369596
2023-01-19 05:00:00,77.82,255.41,344.450658181132,2.42126195995504
2023-01-19 06:00:00,77.2833333333333,255.1,352.637350107083,2.67215962968819
2023-01-19 07:00:00,77.16,255.03,0.254707497765196,3.0530508845059
2023-01-19 08:00:00,76.85,254.85,341.338213671774,3.45229362244629
2023-01-19 09:00:00,77.2666666666667,254.933333333333,335.13642807782,2.77273767391053
2023-01-19 10:00:00,77.2666666666667,256.05,324.525348702765,2.72728494747677
2023-01-19 11:00:00,77.5,256.65,325.884243674093,2.89915139974329
2023-01-19 12:00:00,77.4,256.65,308.726153437256,2.29362247066367
2023-01-19 13:00:00,77.7333333333333,257.05,298.522335118919,1.57387912310841
2023-01-19 14:00:00,78.6666666666667,257.9,331.93796324886,1.8368749203395
2023-01-19 15:00:00,78.2666666666667,258.316666666667,311.629738045492,1.86869562999675
2023-01-19 16:00:00,77.3166666666667,256.85,320.842275351985,2.10279582479677
2023-01-19 17:00:00,77.2,255.866666666667,308.34147459455,1.43614591153123
2023-01-19 18:00:00,76.7333333333333,255.5,309.615752270491,0.503107516869246
2023-01-19 19:00:00,77.75,256.466666666667,171.272418462621,1.72526168697802
2023-01-19 20:00:00,78.1166666666667,256.616666666667,149.534089876365,3.41974877916474
2023-01-19 21:00:00,78.0166666666667,256.366666666667,137.076917954749,2.24321832389027
2023-01-19 22:00:00,78.25,256.666666666667,138.018620768832,2.10507787320136
2023-01-19 23:00:00,78.3666666666667,256.4,129.498172814703,1.68440478331317
2023-01-20 00:00:00,78.4666666666667,256.483333333333,121.272267346499,1.25372783175437
2023-01-20 01:00:00,77.7166666666667,256.1,140.906460609835,1.52212397098732
2023-01-20 02:00:00,,,,
2023-01-20 03:00:00,78.08,255.73,129.788818506821,1.04235719166805
2023-01-20 04:00:00,,,,
2023-01-20 05:00:00,,,,
2023-01-20 06:00:00,,,,
2023-01-20 07:00:00,,,,
2023-01-20 08:00:00,77.3166666666667,255.316666666667,354.981067957738,2.58748749221966
2023-01-20 09:00:00,,,,
2023-01-20 10:00:00,77.16,256.53,341.644669264842,3.18722328357555
2023-01-20 11:00:00,,,,
2023-01-20 12:00:00,,,,
2023-01-20 13:00:00,,,,
2023-01-20 14:00:00,,,,
2023-01-20 15:00:00,,,,
2023-01-20 16:00:00,,,,
2023-01-20 17:00:00,,,,
2023-01-20 18:00:00,,,,
2023-01-20 19:00:00,75.14,253.95,0.895597752653885,6.60410030485206
2023-01-20 20:00:00,75.4666666666667,253.933333333333,16.1235218791481,7.06277904243261
2023-01-20 21:00:00,75.76,254.07,4.20881254227584,7.12082321851367
2023-01-20 22:00:00,,,,
2023-01-20 23:00:00,76.08,254.05,350.496016609103,6.1418625083122
2023-01-21 00:00:00,76.0,253.99,340.321283677798,5.64703159936639
2023-01-21 01:00:00,75.8,253.883333333333,352.519537594976,6.23190474006464
2023-01-21 02:00:00,,,,
2023-01-21 03:00:00,,,,
2023-01-21 04:00:00,,,,
2023-01-21 05:00:00,,,,
2023-01-21 06:00:00,,,,
2023-01-21 07:00:00,76.28,254.15,339.851287342912,7.04197297779605
2023-01-21 08:00:00,,,,
2023-01-21 09:00:00,,,,
2023-01-21 10:00:00,76.04,254.65,342.625295989743,6.62161585309887
2023-01-21 11:00:00,,,,
2023-01-21 12:00:00,,,,
2023-01-21 13:00:00,,,,
2023-01-21 14:00:00,,,,
2023-01-21 15:00:00,78.1,256.99,277.006199105374,5.6217482180598
2023-01-21 16:00:00,77.96,256.81,284.745752185548,4.6121322585986
2023-01-21 17:00:00,78.32,257.03,259.281360604573,9.113348937112
2023-01-21 18:00:00,77.8166666666667,256.616666666667,275.422705829999,5.02935766307309
2023-01-21 19:00:00,77.7166666666667,256.583333333333,277.637241978541,5.51984117285568
2023-01-21 20:00:00,78.1666666666667,256.866666666667,261.199090279909,6.66324404814105
2023-01-21 21:00:00,78.55,256.983333333333,258.421605046727,6.42543429492523
2023-01-21 22:00:00,78.4166666666667,257.05,298.889798176268,4.23163368602874
2023-01-21 23:00:00,78.5166666666667,256.85,321.443759406475,3.34105584681758
2023-01-22 00:00:00,78.6166666666667,256.683333333333,270.828484802613,3.58887095073173
2023-01-22 01:00:00,78.8833333333334,257.083333333333,252.188955170331,4.76465439781816
2023-01-22 02:00:00,78.3,256.77,249.165400762682,4.93293042897717
2023-01-22 03:00:00,,,,
2023-01-22 04:00:00,79.76,256.91,238.25300711191,4.01630044360973
2023-01-22 05:00:00,80.3,257.116666666667,221.51399504834,4.07403925302378
2023-01-22 06:00:00,,,,
2023-01-22 07:00:00,80.02,257.67,183.900471257315,3.23416714901158
2023-01-22 08:00:00,80.76,258.59,153.498622901597,5.34158651565979
2023-01-22 09:00:00,80.84,259.05,147.776462135808,5.69476438337556
2023-01-22 10:00:00,80.7666666666667,260.166666666667,146.65953895878,4.8693502249087
2023-01-22 11:00:00,81.22,260.35,143.758313951774,6.06800185587665
2023-01-22 12:00:00,82.26,261.11,134.945506909623,5.86673235868839
2023-01-22 13:00:00,82.35,261.633333333333,142.58990169312,7.23058811125307
2023-01-22 14:00:00,,,,
2023-01-22 15:00:00,84.6333333333334,263.416666666667,139.336499924523,3.61113092647731
2023-01-22 16:00:00,82.8166666666667,262.483333333333,143.180783023965,3.37559793797469
2023-01-22 17:00:00,82.7166666666667,262.35,223.706296115589,2.95694845016545
2023-01-22 18:00:00,81.3,260.61,236.78856115119,4.53024086537182
2023-01-22 19:00:00,81.2666666666667,260.2,197.748233063305,3.00840443778774
2023-01-22 20:00:00,81.9666666666667,260.55,153.41026713927,6.29327517180309
2023-01-22 21:00:00,82.2333333333333,260.816666666667,158.025654024833,5.47536074815877
2023-01-22 22:00:00,82.35,261.016666666667,146.011536854659,5.63532113499932
2023-01-22 23:00:00,82.1666666666667,260.616666666667,154.927752858794,4.78378926190625
2023-01-23 00:00:00,82.2166666666667,260.383333333333,146.002947586756,5.47137988993994
2023-01-23 01:00:00,82.2,260.4,151.716612911719,6.70007887724024
2023-01-23 02:00:00,81.84,260.75,158.290027927438,7.33212795744586
2023-01-23 03:00:00,81.65,261.1,159.368774821877,7.91142341804496
2023-01-23 04:00:00,,,,
2023-01-23 05:00:00,,,,
2023-01-23 06:00:00,84.58,261.83,153.440997758612,8.20116432168361
2023-01-23 07:00:00,84.7833333333334,262.2,156.802547982007,8.1692265816318
2023-01-23 08:00:00,,,,
2023-01-23 09:00:00,,,,
2023-01-23 10:00:00,,,,
2023-01-23 11:00:00,84.86,264.11,155.641734313225,13.3914938162765
2023-01-23 12:00:00,,,,
2023-01-23 13:00:00,,,,
2023-01-23 14:00:00,86.28,264.77,150.075092745614,10.3312645786804
2023-01-23 15:00:00,86.94,264.83,153.623423022782,10.1724492554126
2023-01-23 16:00:00,87.4,264.81,152.706079956551,11.1975975660945
2023-01-23 17:00:00,87.35,264.7,147.343060886356,9.76556903630935
2023-01-23 18:00:00,86.7166666666667,264.7,148.052157579213,9.10023011922058
2023-01-23 19:00:00,86.6166666666667,264.566666666667,142.499719315566,7.58360431442356
2023-01-23 20:00:00,86.0833333333333,263.9,144.553143611279,8.67614423280627
2023-01-23 21:00:00,85.9666666666667,263.566666666667,146.766015560342,8.69779104614021
2023-01-23 22:00:00,85.9166666666667,263.633333333333,147.148095231297,8.82808263300666
2023-01-23 23:00:00,85.4833333333333,263.516666666667,146.098915028671,8.07514972479867
2023-01-24 00:00:00,84.7666666666667,262.916666666667,142.293124744749,6.79081733794042
2023-01-24 01:00:00,84.55,262.85,142.853660845465,6.46379531806329
2023-01-24 02:00:00,,,,
2023-01-24 03:00:00,,,,
2023-01-24 04:00:00,83.44,262.39,134.047482143901,5.45175172719892
2023-01-24 05:00:00,,,,
2023-01-24 06:00:00,85.3666666666667,262.6,132.652378556544,4.11771075472528
2023-01-24 07:00:00,,,,
2023-01-24 08:00:00,85.9,263.0,136.239788558827,5.06549999513923
2023-01-24 09:00:00,85.52,263.29,139.909848751238,4.76831559445738
2023-01-24 10:00:00,86.16,264.01,142.047571390984,6.22350196789668
2023-01-24 11:00:00,86.5666666666667,264.3,128.942139117467,7.23748659240548
2023-01-24 12:00:00,87.1333333333333,264.816666666667,132.270741321351,9.61295912189965
2023-01-24 13:00:00,87.2,264.99,125.716873890556,9.07491793283685
2023-01-24 14:00:00,87.5333333333334,265.283333333333,127.901137290103,8.38308650777548
2023-01-24 15:00:00,87.8,265.39,131.742027796365,7.93049316374655
2023-01-24 16:00:00,87.82,265.27,136.652360411826,8.59423706398455
2023-01-24 17:00:00,87.75,265.166666666667,135.571085539676,7.2622505429883
2023-01-24 18:00:00,87.1,265.016666666667,132.580454646129,7.31182263449646
2023-01-24 19:00:00,87.1666666666667,265.033333333333,133.379205363327,6.44150701728088
2023-01-24 20:00:00,87.5333333333334,265.15,132.499158878865,7.33019193705359
2023-01-24 21:00:00,87.65,265.033333333333,131.499441479187,7.44466738144494
2023-01-24 22:00:00,87.7333333333333,265.183333333333,126.846077782332,6.2440939638454
2023-01-24 23:00:00,87.7,265.133333333333,126.820989619168,6.31287884418529
2023-01-25 00:00:00,87.65,264.916666666667,128.063578986624,8.19724245486845
2023-01-25 01:00:00,87.5666666666667,264.633333333333,140.984460654177,9.62991776960775
2023-01-25 02:00:00,87.14,264.39,139.086278271688,11.1714567771909
2023-01-25 03:00:00,,,,
2023-01-25 04:00:00,85.15,263.783333333333,132.826339548882,10.8468232377606
2023-01-25 05:00:00,86.8,263.583333333333,134.964162217167,10.1144454149308
2023-01-25 06:00:00,87.6333333333333,263.75,141.955710421439,8.06838260837137
2023-01-25 07:00:00,87.0666666666667,263.75,149.766755965283,7.63372638846787
2023-01-25 08:00:00,77.3833333333333,264.05,150.357813993177,6.70812949936207
2023-01-25 09:00:00,58.2833333333333,265.016666666667,161.97339855312,5.02024408160351
2023-01-25 10:00:00,48.1666666666667,266.933333333333,163.263262504884,5.48352701690578
2023-01-25 11:00:00,44.0166666666667,267.233333333333,155.924676226864,5.8358781317141
2023-01-25 12:00:00,44.8666666666667,267.75,139.481529200136,5.72949494986198
2023-01-25 13:00:00,45.5,267.833333333333,126.293781296894,5.66973074333627
2023-01-25 14:00:00,45.3333333333333,267.883333333333,125.330426113822,6.8250284674534
2023-01-25 15:00:00,45.25,267.166666666667,128.472435114151,7.19962615351822
2023-01-25 16:00:00,44.1333333333333,267.0,123.955084458663,6.91209196430525
2023-01-25 17:00:00,42.1666666666667,266.433333333333,138.574197209778,4.69194772128081
2023-01-25 18:00:00,33.1833333333333,265.666666666667,165.121324876365,2.72321196728022
2023-01-25 19:00:00,23.5666666666667,266.016666666667,153.333843826979,4.48368839533226
2023-01-25 20:00:00,20.35,266.0,149.363188505913,3.16566983069088
2023-01-25 21:00:00,17.0333333333333,265.966666666667,185.235984925636,3.3485121004478
2023-01-25 22:00:00,12.85,266.25,194.313451881513,4.22505633630577
2023-01-25 23:00:00,11.2833333333333,266.583333333333,201.694782194426,5.57533584698261
2023-01-26 00:00:00,10.35,266.783333333333,231.355763243832,6.00991403986729
2023-01-26 01:00:00,11.7333333333333,265.95,249.574405510973,4.99821244663557
2023-01-26 02:00:00,,,,
2023-01-26 03:00:00,,,,
2023-01-26 04:00:00,,,,
2023-01-26 05:00:00,,,,
2023-01-26 06:00:00,,,,
2023-01-26 07:00:00,,,,
2023-01-26 08:00:00,,,,
2023-01-26 09:00:00,,,,
2023-01-26 10:00:00,,,,
2023-01-26 11:00:00,,,,
2023-01-26 12:00:00,,,,
2023-01-26 13:00:00,,,,
2023-01-26 14:00:00,,,,
2023-01-26 15:00:00,,,,
2023-01-26 16:00:00,,,,
2023-01-26 17:00:00,22.12,263.21,296.761769633101,3.08611591833331
2023-01-26 18:00:00,,,,
2023-01-26 19:00:00,25.98,261.43,287.938033859437,5.118880599734
2023-01-26 20:00:00,,,,
2023-01-26 21:00:00,,,,
2023-01-26 22:00:00,,,,
2023-01-26 23:00:00,,,,
2023-01-27 00:00:00,31.46,260.35,303.242068545676,5.74881353470705
2023-01-27 01:00:00,28.38,260.23,312.258524255223,4.09409494745442
2023-01-27 02:00:00,,,,
2023-01-27 03:00:00,,,,
2023-01-27 04:00:00,,,,
2023-01-27 05:00:00,,,,
2023-01-27 06:00:00,33.96,258.69,335.051485041813,5.04770371186614
2023-01-27 07:00:00,,,,
2023-01-27 08:00:00,,,,
2023-01-27 09:00:00,69.98,259.23,323.00354875108,7.47183739181304
2023-01-27 10:00:00,,,,
2023-01-27 11:00:00,,,,
2023-01-27 12:00:00,,,,
2023-01-27 13:00:00,39.92,260.19,255.035957476752,4.9648821679195
2023-01-27 14:00:00,64.4166666666667,260.183333333333,247.479267528397,6.90540538987984
2023-01-27 15:00:00,,,,
2023-01-27 16:00:00,,,,
2023-01-27 17:00:00,16.9166666666667,261.566666666667,232.902367473616,6.56910637631879
2023-01-27 18:00:00,,,,
2023-01-27 19:00:00,25.06,260.39,257.845478618738,2.21195280268948
2023-01-27 20:00:00,42.32,260.35,285.699009558751,2.75654595017778
2023-01-27 21:00:00,55.15,260.083333333333,313.245896777561,1.77259990802853
2023-01-27 22:00:00,51.9166666666667,259.683333333333,335.240500735999,2.75148153714912
2023-01-27 23:00:00,61.0333333333333,258.766666666667,343.3251932521,4.09052751417802
2023-01-28 00:00:00,78.35,258.083333333333,284.845512797649,4.44075879577779
2023-01-28 01:00:00,80.95,259.35,243.662936529266,5.66052646653749
2023-01-28 02:00:00,,,,
2023-01-28 03:00:00,,,,
2023-01-28 04:00:00,,,,
2023-01-28 05:00:00,82.62,259.75,210.049419992645,5.85385698746043
2023-01-28 06:00:00,,,,
2023-01-28 07:00:00,81.7666666666667,259.483333333333,212.109894186258,4.57089027984161
2023-01-28 08:00:00,81.46,259.55,227.511048881853,3.79338326130996
2023-01-28 09:00:00,81.2666666666667,260.316666666667,200.261716042401,3.53737554175727
2023-01-28 10:00:00,,,,
2023-01-28 11:00:00,82.56,262.69,207.065364582219,2.30327417062142
2023-01-28 12:00:00,84.16,264.41,161.053382122216,2.21480717639032
2023-01-28 13:00:00,83.1833333333333,264.65,162.441529670642,2.27567437735642
2023-01-28 14:00:00,82.58,264.55,200.868939618456,2.99049796188389
2023-01-28 15:00:00,,,,
2023-01-28 16:00:00,80.9,262.85,214.770155802146,3.9153055569855
2023-01-28 17:00:00,72.3166666666667,262.3,217.174155823861,6.7831994726711
2023-01-28 18:00:00,65.84,262.57,222.946489192164,6.41274498494541
2023-01-28 19:00:00,47.5166666666667,262.7,202.675409676918,6.68273910520148
2023-01-28 20:00:00,43.9,262.866666666667,206.84490605144,6.52447166226138
2023-01-28 21:00:00,35.0333333333333,262.95,202.977427281498,4.93541929359042
2023-01-28 22:00:00,51.2333333333334,263.466666666667,201.148783017749,6.27489242634093
2023-01-28 23:00:00,56.6666666666667,264.016666666667,211.708356184818,6.45599266583615
2023-01-29 00:00:00,52.7833333333333,263.616666666667,217.195463987502,5.15267743649991
2023-01-29 01:00:00,55.5666666666667,262.866666666667,228.674156940931,4.70738217025799
2023-01-29 02:00:00,45.86,263.03,218.626503903733,3.69024751391594
2023-01-29 03:00:00,46.94,263.03,208.839894146459,3.64902523857815
2023-01-29 04:00:00,50.45,263.283333333333,226.159596937318,4.164656909595
2023-01-29 05:00:00,51.9333333333333,264.45,210.932287141203,5.58467876490394
2023-01-29 06:00:00,62.7333333333333,264.866666666667,219.696347474793,4.72561312944444
2023-01-29 07:00:00,67.0666666666667,264.716666666667,226.375796630586,4.6135099157199
2023-01-29 08:00:00,65.7333333333333,264.583333333333,233.556190228933,5.52354469988062
2023-01-29 09:00:00,61.7833333333333,265.383333333333,226.099794859609,3.90526268497036
2023-01-29 10:00:00,46.36,266.11,216.506048649743,3.12315929270664
2023-01-29 11:00:00,28.8,268.283333333333,194.835659005707,2.1565735889593
2023-01-29 12:00:00,20.85,269.833333333333,158.541338204891,1.88183378900643
2023-01-29 13:00:00,12.25,268.616666666667,228.806698086314,1.91839740148812
2023-01-29 14:00:00,13.9,269.783333333333,216.133180861177,1.05330974364044
2023-01-29 15:00:00,8.31666666666667,268.05,249.963749645544,3.19046668221061
2023-01-29 16:00:00,11.1666666666667,266.733333333333,290.034849250526,3.03172099350939
2023-01-29 17:00:00,6.75,266.5,294.482379814196,2.95539284809901
2023-01-29 18:00:00,5.88333333333333,266.583333333333,344.411814679349,3.20750918834474
2023-01-29 19:00:00,6.58333333333333,266.883333333333,349.896327541792,4.15898616372863
2023-01-29 20:00:00,9.43333333333333,266.616666666667,8.88860856944984,4.43188541079233
2023-01-29 21:00:00,23.9666666666667,266.233333333333,355.744029295496,5.43006887148594
2023-01-29 22:00:00,33.8833333333333,266.283333333333,5.13621798635552,5.74855966926682
2023-01-29 23:00:00,42.55,266.75,356.569950239544,4.84655909578251
2023-01-30 00:00:00,46.8166666666667,266.283333333333,5.46643469115952,5.28584931377406
2023-01-30 01:00:00,48.1833333333333,266.1,11.9908643464909,5.2299995629207
2023-01-30 02:00:00,,,,
2023-01-30 03:00:00,,,,
2023-01-30 04:00:00,,,,
2023-01-30 05:00:00,,,,
2023-01-30 06:00:00,36.22,265.11,52.072156426679,8.37369243153954
2023-01-30 07:00:00,,,,
2023-01-30 08:00:00,,,,
2023-01-30 09:00:00,,,,
2023-01-30 10:00:00,38.58,264.65,62.3554883354831,8.52103544834054
2023-01-30 11:00:00,,,,
2023-01-30 12:00:00,,,,
2023-01-30 13:00:00,55.32,265.09,68.1512151528095,11.4126096401414
2023-01-30 14:00:00,63.36,264.45,43.0397464357794,10.3870340314333
2023-01-30 15:00:00,,,,
2023-01-30 16:00:00,,,,
2023-01-30 17:00:00,83.9,262.87,67.4697670091221,11.1547957746518
2023-01-30 18:00:00,,,,
2023-01-30 19:00:00,82.62,261.81,41.0430824977071,8.31649929013437
2023-01-30 20:00:00,82.7,261.59,59.7533221108577,10.7962792018873
2023-01-30 21:00:00,82.1166666666667,260.816666666667,60.6329541229129,11.4879632964264
2023-01-30 22:00:00,81.5833333333333,260.283333333333,45.4919424364632,10.2514608897527
2023-01-30 23:00:00,80.9333333333333,259.333333333333,41.0847724497916,10.0512903467509
2023-01-31 00:00:00,80.4666666666667,258.733333333333,47.5787967038706,6.75962476276482
2023-01-31 01:00:00,80.0666666666667,258.516666666667,52.3317322582795,5.14697829409775
2023-01-31 02:00:00,79.5,258.21,18.4080602835371,9.17737023696594
2023-01-31 03:00:00,,,,
2023-01-31 04:00:00,,,,
2023-01-31 05:00:00,,,,
2023-01-31 06:00:00,,,,
2023-01-31 07:00:00,,,,
2023-01-31 08:00:00,79.48,257.49,5.28430127706918,8.19836084820081
2023-01-31 09:00:00,,,,
2023-01-31 10:00:00,,,,
2023-01-31 11:00:00,,,,
2023-01-31 12:00:00,57.08,260.11,42.3303299756193,10.6149068096334
2023-01-31 13:00:00,24.64,261.63,50.587842046231,9.47610305367785
2023-01-31 14:00:00,18.94,262.67,38.9199593683129,9.39594035145977
2023-01-31 15:00:00,24.68,262.27,23.5034356538131,9.84362655302201
2023-01-31 16:00:00,60.12,262.13,16.6731181390047,11.0769491418091
2023-01-31 17:00:00,,,,
2023-01-31 18:00:00,75.2666666666667,263.3,6.47928118509333,10.3441463758923
2023-01-31 19:00:00,65.6,261.83,11.5366259134413,9.52248826836867
2023-01-31 20:00:00,81.8333333333333,262.033333333333,11.0681178609942,10.9543424363103
2023-01-31 21:00:00,83.42,262.19,22.5716548459192,7.84093937802608
2023-01-31 22:00:00,83.7,262.566666666667,25.3474864171604,8.70347191250467
2023-01-31 23:00:00,84.45,263.183333333333,21.5492881558528,10.6750665482471
2023-02-01 00:00:00,84.0333333333333,262.616666666667,14.8611629992279,9.37647522883874
2023-02-01 01:00:00,84.1333333333333,262.616666666667,29.6978464791434,7.4819280260956
2023-02-01 02:00:00,83.72,262.51,26.4458434218059,7.81500691788499
2023-02-01 03:00:00,82.08,262.05,29.7463730651508,7.49103418037198
2023-02-01 04:00:00,,,,
2023-02-01 05:00:00,84.2,261.35,25.6528145961071,9.24468480019773
2023-02-01 06:00:00,83.9,261.183333333333,33.6204914127089,8.34373147458984
2023-02-01 07:00:00,83.64,261.11,27.6985443549152,9.45596975362461
2023-02-01 08:00:00,83.0666666666667,261.033333333333,14.9260794142705,8.68527150024654
2023-02-01 09:00:00,81.95,261.6,25.046512177854,8.87004671923904
2023-02-01 10:00:00,81.76,261.67,29.0992168786328,8.98966912750177
2023-02-01 11:00:00,82.42,261.41,30.8596089380743,9.08838229397689
2023-02-01 12:00:00,82.5333333333333,261.6,24.3205990122044,10.0919706294447
2023-02-01 13:00:00,82.74,261.85,15.0905804631361,8.6616942457845
2023-02-01 14:00:00,82.8,262.216666666667,22.3783257311432,6.80976611938905
2023-02-01 15:00:00,82.4666666666667,262.366666666667,13.4248307363295,8.78941414652634
2023-02-01 16:00:00,82.6166666666667,261.6,3.18438466214104,9.68392222650861
2023-02-01 17:00:00,82.6333333333333,261.433333333333,10.906960832137,7.7626836314258
2023-02-01 18:00:00,81.9333333333333,260.983333333333,24.5061744450192,7.68828167914488
2023-02-01 19:00:00,81.6333333333333,260.75,13.3775860328592,8.44435750505413
2023-02-01 20:00:00,81.85,260.733333333333,26.856799126368,7.83913736096626
2023-02-01 21:00:00,82.05,260.666666666667,24.276754989925,7.78943073807985
2023-02-01 22:00:00,82.2166666666667,260.916666666667,31.1330538523573,5.51863112315265
2023-02-01 23:00:00,82.1666666666667,260.833333333333,23.7194838755632,5.45521685410089
2023-02-02 00:00:00,82.0833333333333,260.383333333333,19.3012713697321,7.13327802210102
2023-02-02 01:00:00,81.9,260.166666666667,17.5148878776939,8.11788606480729
2023-02-02 02:00:00,81.38,260.07,21.052794527053,8.66102777782293
2023-02-02 03:00:00,,,,
2023-02-02 04:00:00,,,,
2023-02-02 05:00:00,,,,
2023-02-02 06:00:00,,,,
2023-02-02 07:00:00,,,,
2023-02-02 08:00:00,,,,
2023-02-02 09:00:00,,,,
2023-02-02 10:00:00,,,,
2023-02-02 11:00:00,,,,
2023-02-02 12:00:00,83.38,261.99,1.82908363238744,6.74099506826082
2023-02-02 13:00:00,,,,
2023-02-02 14:00:00,,,,
2023-02-02 15:00:00,83.66,262.25,359.062596977119,8.51033570512432
2023-02-02 16:00:00,,,,
2023-02-02 17:00:00,,,,
2023-02-02 18:00:00,,,,
2023-02-02 19:00:00,,,,
2023-02-02 20:00:00,,,,
2023-02-02 21:00:00,82.94,261.61,345.691747397481,6.29036125069066
2023-02-02 22:00:00,,,,
2023-02-02 23:00:00,83.6666666666667,262.45,346.903767624602,10.6080378686091
2023-02-03 00:00:00,83.7166666666667,262.266666666667,0.203325275204236,9.08038863587263
2023-02-03 01:00:00,83.6333333333334,262.066666666667,10.6880091094988,10.1930992056896
2023-02-03 02:00:00,,,,
2023-02-03 03:00:00,,,,
2023-02-03 04:00:00,,,,
2023-02-03 05:00:00,,,,
2023-02-03 06:00:00,,,,
2023-02-03 07:00:00,,,,
2023-02-03 08:00:00,,,,
2023-02-03 09:00:00,,,,
2023-02-03 10:00:00,81.54,264.19,2.03555982510011,12.5833296921934
2023-02-03 11:00:00,65.54,264.63,0.217990361183638,14.4307857686898
2023-02-03 12:00:00,,,,
2023-02-03 13:00:00,45.18,266.29,345.709497906291,13.7607373080928
2023-02-03 14:00:00,44.42,266.13,347.62271850956,10.6806778520817
2023-02-03 15:00:00,52.78,265.55,7.27062100492213,9.05227198481595
2023-02-03 16:00:00,49.4,265.8,24.7711989094663,11.8157045612104
2023-02-03 17:00:00,56.48,265.27,25.3872487316451,10.062496802513
2023-02-03 18:00:00,65.2,265.066666666667,25.752501649607,9.1309997660169
2023-02-03 19:00:00,84.4333333333333,264.3,20.1758849496473,10.1000496323777
2023-02-03 20:00:00,86.7833333333334,264.616666666667,11.6413993698073,10.9602844540143
2023-02-03 21:00:00,87.0166666666667,264.6,45.0770163350064,9.54006543654556
2023-02-03 22:00:00,87.1666666666667,264.783333333333,29.3498370010053,10.6196131527105
2023-02-03 23:00:00,87.4166666666667,264.983333333333,27.2740744013873,10.1831247441122
2023-02-04 00:00:00,87.5833333333333,264.966666666667,22.2859424375,9.13468341043252
2023-02-04 01:00:00,87.55,264.716666666667,16.8712225490247,10.9112795655216
2023-02-04 02:00:00,,,,
2023-02-04 03:00:00,,,,
2023-02-04 04:00:00,,,,
2023-02-04 05:00:00,,,,
2023-02-04 06:00:00,,,,
2023-02-04 07:00:00,,,,
2023-02-04 08:00:00,,,,
2023-02-04 09:00:00,,,,
2023-02-04 10:00:00,,,,
2023-02-04 11:00:00,,,,
2023-02-04 12:00:00,,,,
2023-02-04 13:00:00,,,,
2023-02-04 14:00:00,,,,
2023-02-04 15:00:00,,,,
2023-02-04 16:00:00,,,,
2023-02-04 17:00:00,,,,
2023-02-04 18:00:00,,,,
2023-02-04 19:00:00,,,,
2023-02-04 20:00:00,,,,
2023-02-04 21:00:00,81.22,259.97,4.13598260437112,12.486074162773
2023-02-04 22:00:00,78.6,260.11,8.88621431596329,12.1193457469844
2023-02-04 23:00:00,79.56,260.03,18.114555592291,11.2375549026566
2023-02-05 00:00:00,80.52,259.69,15.0314491189949,12.0419380786982
2023-02-05 01:00:00,,,,
2023-02-05 02:00:00,,,,
2023-02-05 03:00:00,,,,
2023-02-05 04:00:00,42.86,259.79,23.499622192894,11.2208982337148
2023-02-05 05:00:00,,,,
2023-02-05 06:00:00,,,,
2023-02-05 07:00:00,,,,
2023-02-05 08:00:00,,,,
2023-02-05 09:00:00,18.66,260.77,29.9293059864832,11.0107160890841
2023-02-05 10:00:00,,,,
2023-02-05 11:00:00,,,,
2023-02-05 12:00:00,,,,
2023-02-05 13:00:00,,,,
2023-02-05 14:00:00,,,,
2023-02-05 15:00:00,,,,
2023-02-05 16:00:00,,,,
2023-02-05 17:00:00,81.65,260.45,7.81638953982053,7.39848423480529
2023-02-05 18:00:00,,,,
2023-02-05 19:00:00,,,,
2023-02-05 20:00:00,81.1,259.966666666667,357.136151474514,6.23815752713633
2023-02-05 21:00:00,81.36,260.07,355.98079231986,6.12967078400126
2023-02-05 22:00:00,81.58,260.29,349.412151999031,5.42441225202971
2023-02-05 23:00:00,81.85,260.5,350.110610212274,5.25098784142046
2023-02-06 00:00:00,81.5666666666667,259.933333333333,347.314036292801,5.27619386117811
2023-02-06 01:00:00,81.64,259.89,338.241208845969,4.41716653905029
2023-02-06 02:00:00,81.28,259.91,310.169758197241,3.82903057134285
2023-02-06 03:00:00,,,,
2023-02-06 04:00:00,,,,
2023-02-06 05:00:00,31.12,259.89,333.092913961215,3.55845312207144
2023-02-06 06:00:00,,,,
2023-02-06 07:00:00,,,,
2023-02-06 08:00:00,,,,
2023-02-06 09:00:00,10.8166666666667,262.483333333333,4.67334283543914,5.18628361226369
2023-02-06 10:00:00,14.0,262.67,8.89899748375802,5.20371363898606
2023-02-06 11:00:00,,,,
2023-02-06 12:00:00,13.36,261.65,15.8187100195163,5.95330308473327
2023-02-06 13:00:00,13.3,261.27,25.0805073836287,5.30464653310785
2023-02-06 14:00:00,,,,
2023-02-06 15:00:00,,,,
2023-02-06 16:00:00,,,,
2023-02-06 17:00:00,79.6166666666667,258.316666666667,18.4181002570412,4.14692065152003
2023-02-06 18:00:00,79.14,258.09,25.7469466986146,3.69878141296741
2023-02-06 19:00:00,78.7,257.8,15.1303625265225,3.14246888235864
2023-02-06 20:00:00,78.4,257.216666666667,22.1427482206727,2.82728472347602
2023-02-06 21:00:00,78.8333333333333,257.266666666667,94.8708685154557,0.514146854147649
2023-02-06 22:00:00,78.9666666666667,257.216666666667,152.156705465625,2.23146598784258
2023-02-06 23:00:00,78.5833333333333,256.7,130.68023311716,5.3137195044968
2023-02-07 00:00:00,78.25,256.333333333333,120.604296107596,4.61608687570247
2023-02-07 01:00:00,77.6166666666667,255.95,125.747584046404,5.89932389712495
2023-02-07 02:00:00,77.48,255.89,125.056310526745,4.38286959565962
2023-02-07 03:00:00,78.3,256.05,113.026525355846,3.75239394393587
2023-02-07 04:00:00,79.6,256.35,105.915559015486,4.19139035445897
2023-02-07 05:00:00,78.8166666666667,257.15,108.40615012797,5.04487756185605
2023-02-07 06:00:00,63.4,257.9,108.130557342579,5.98528343304766
2023-02-07 07:00:00,47.2333333333333,258.8,111.575685655687,5.7332483645683
2023-02-07 08:00:00,39.3166666666667,259.716666666667,105.658370140804,5.97220848938228
2023-02-07 09:00:00,34.3833333333333,261.05,96.4744322247119,5.00035255147948
2023-02-07 10:00:00,27.2833333333333,263.15,114.879806969349,5.72195306935696
2023-02-07 11:00:00,24.6833333333333,264.55,123.518653616858,4.91430489974366
2023-02-07 12:00:00,23.05,266.266666666667,139.948932659697,3.60943989296972
2023-02-07 13:00:00,18.4333333333333,266.066666666667,248.499157795626,1.89131318811811
2023-02-07 14:00:00,25.3,263.77,350.614194295178,3.55510806954359
2023-02-07 15:00:00,29.4833333333333,262.85,4.5753768641016,3.20036749678989
2023-02-07 16:00:00,30.1333333333333,262.2,5.38385082472456,6.21120303362382
2023-02-07 17:00:00,32.7166666666667,261.65,6.72170476033153,5.66541761644127
2023-02-07 18:00:00,39.6166666666667,260.516666666667,358.34182916016,4.90230229997406
2023-02-07 19:00:00,39.7166666666667,260.0,340.330026866115,5.03069125881226
2023-02-07 20:00:00,35.9833333333333,259.85,265.042734120333,5.81495074448603
2023-02-07 21:00:00,23.3666666666667,260.516666666667,219.90403463256,6.50853335874589
2023-02-07 22:00:00,21.2833333333333,260.8,207.469145396371,7.49898516521424
2023-02-07 23:00:00,26.9166666666667,261.166666666667,152.626845693513,4.84073031600354
2023-02-08 00:00:00,27.5833333333333,260.883333333333,150.946198664201,7.45767042572511
2023-02-08 01:00:00,31.4666666666667,260.433333333333,159.583549036352,3.3507665543054
2023-02-08 02:00:00,,,,
2023-02-08 03:00:00,,,,
2023-02-08 04:00:00,,,,
2023-02-08 05:00:00,,,,
2023-02-08 06:00:00,,,,
2023-02-08 07:00:00,,,,
2023-02-08 08:00:00,,,,
2023-02-08 09:00:00,,,,
2023-02-08 10:00:00,18.72,263.01,98.8269477858385,3.91862986095079
2023-02-08 11:00:00,,,,
2023-02-08 12:00:00,,,,
2023-02-08 13:00:00,,,,
2023-02-08 14:00:00,22.92,264.79,110.013525719858,2.36359489119866
2023-02-08 15:00:00,,,,
2023-02-08 16:00:00,33.9666666666667,262.783333333333,102.747642729223,3.27153706620701
2023-02-08 17:00:00,32.0333333333333,262.116666666667,97.4409476499923,4.02658385775298
2023-02-08 18:00:00,,,,
2023-02-08 19:00:00,11.8,260.85,112.84329513558,6.0427439688132
2023-02-08 20:00:00,6.94,261.25,124.196360685195,6.80683783322808
2023-02-08 21:00:00,6.48,261.31,121.269428632933,7.3212059129632
2023-02-08 22:00:00,6.55,261.15,113.153951087174,6.49867482016581
2023-02-08 23:00:00,7.52,261.17,108.543789668292,6.73712706110642
2023-02-09 00:00:00,7.58333333333334,260.75,103.198481230205,7.1299944403588
2023-02-09 01:00:00,7.03333333333333,260.333333333333,109.773088323019,8.81438444454603
2023-02-09 02:00:00,,,,
2023-02-09 03:00:00,5.98,260.63,121.903183658357,9.75098406185948
2023-02-09 04:00:00,,,,
2023-02-09 05:00:00,7.7,260.67,104.514259964701,9.13845347593544
2023-02-09 06:00:00,15.86,260.79,107.092061387386,8.30673165830388
2023-02-09 07:00:00,,,,
2023-02-09 08:00:00,,,,
2023-02-09 09:00:00,25.2,262.05,125.853830339437,3.51968472842404
2023-02-09 10:00:00,20.9,263.966666666667,196.632375370131,4.49537338799787
2023-02-09 11:00:00,,,,
2023-02-09 12:00:00,26.1,265.416666666667,126.197604867271,3.26276345308327
2023-02-09 13:00:00,,,,
2023-02-09 14:00:00,25.42,265.07,117.219291005819,5.25087081990304
2023-02-09 15:00:00,25.42,264.13,95.9630731468202,4.50246367446984
2023-02-09 16:00:00,24.82,263.95,104.644691762902,4.93544019903306
2023-02-09 17:00:00,21.42,263.69,102.694622045499,4.55201690372828
2023-02-09 18:00:00,19.35,263.433333333333,166.677668465313,1.02734202532422
2023-02-09 19:00:00,19.4833333333333,263.316666666667,259.838883356256,3.36952463198536
2023-02-09 20:00:00,21.4,262.866666666667,298.291468036273,4.05858703164586
2023-02-09 21:00:00,21.15,262.816666666667,284.689542392922,4.24270695348359
2023-02-09 22:00:00,21.2166666666667,262.883333333333,284.328273995685,4.77519101798518
2023-02-09 23:00:00,22.1,263.15,291.164413446022,5.96262819889219
2023-02-10 00:00:00,22.7666666666667,263.4,283.158802768269,5.41438862115602
2023-02-10 01:00:00,23.35,263.466666666667,272.3414322625,5.45242252766354
2023-02-10 02:00:00,25.2166666666667,263.983333333333,263.088458257805,6.04348519360496
2023-02-10 03:00:00,25.88,263.39,328.524804982366,5.02771575419777
2023-02-10 04:00:00,26.8,263.333333333333,331.570856274415,5.74086566522568
2023-02-10 05:00:00,25.6833333333333,263.316666666667,346.33202803382,6.2479228725275
2023-02-10 06:00:00,26.8166666666667,263.466666666667,339.100967511117,6.88697367560908
2023-02-10 07:00:00,29.5,263.45,336.563058026167,7.02245974428058
2023-02-10 08:00:00,28.2833333333333,263.383333333333,337.027437919693,6.40723179498612
2023-02-10 09:00:00,25.9166666666667,264.0,341.31441852821,5.4478171248623
2023-02-10 10:00:00,23.4,264.383333333333,345.443898395715,5.74431922414451
2023-02-10 11:00:00,20.9166666666667,264.95,344.533895396087,5.03469504510173
2023-02-10 12:00:00,14.6833333333333,265.933333333333,322.185039598482,4.20771524818383
2023-02-10 13:00:00,11.0166666666667,266.45,325.482787014254,3.7406373549505
2023-02-10 14:00:00,7.7,266.7,325.604147116621,3.56365652423252
2023-02-10 15:00:00,13.5666666666667,266.866666666667,324.889456675808,3.83129222783461
2023-02-10 16:00:00,44.4666666666667,266.383333333333,308.28008537445,4.84856946476936
2023-02-10 17:00:00,42.65,266.083333333333,319.149164425027,4.83974238578734
2023-02-10 18:00:00,41.0333333333333,265.633333333333,319.60897773902,5.47858449192975
2023-02-10 19:00:00,35.85,265.816666666667,326.575967198221,5.66652241092691
2023-02-10 20:00:00,14.6166666666667,266.766666666667,330.278925509062,5.97690642565131
2023-02-10 21:00:00,13.45,266.633333333333,337.669063577219,4.97607613699413
2023-02-10 22:00:00,19.7,265.55,356.373825021966,6.02295025685418
2023-02-10 23:00:00,17.8666666666667,265.5,1.5256379070006,6.49485356777595
2023-02-11 00:00:00,20.7333333333333,265.9,5.35052721800787,6.61567283493535
2023-02-11 01:00:00,23.8666666666667,265.983333333333,5.93138230805448,6.59824034256543
2023-02-11 02:00:00,,,,
2023-02-11 03:00:00,23.84,265.95,3.0825495743465,6.4600288058293
2023-02-11 04:00:00,,,,
2023-02-11 05:00:00,,,,
2023-02-11 06:00:00,40.5333333333333,266.216666666667,352.668713051728,6.75848082199914
2023-02-11 07:00:00,47.7,266.23,350.500285854797,7.24827261809222
2023-02-11 08:00:00,,,,
2023-02-11 09:00:00,81.3,266.01,9.53553185034218,7.27624655153326
2023-02-11 10:00:00,,,,
2023-02-11 11:00:00,,,,
2023-02-11 12:00:00,,,,
2023-02-11 13:00:00,,,,
2023-02-11 14:00:00,,,,
2023-02-11 15:00:00,89.52,268.39,0.0639248679003117,5.75313499627523
2023-02-11 16:00:00,90.46,268.45,6.52082753941812,6.81562120820811
2023-02-11 17:00:00,90.72,268.23,0.621899601568089,7.61540225835908
2023-02-11 18:00:00,90.16,267.73,4.39108319569255,7.45869522740906
2023-02-11 19:00:00,90.3166666666667,267.833333333333,356.888371028292,6.99348942895455
2023-02-11 20:00:00,90.32,267.83,358.838995121354,6.6858295292673
2023-02-11 21:00:00,90.04,267.29,358.066313949551,6.32566986076222
2023-02-11 22:00:00,89.4,266.83,348.714712483623,6.05153996280916
2023-02-11 23:00:00,89.3666666666667,266.65,356.231885956627,4.8903431885121
2023-02-12 00:00:00,89.5,266.733333333333,6.54131022969682,4.04402973435042
2023-02-12 01:00:00,89.6333333333333,266.516666666667,1.17829693202248,4.09771020022289
2023-02-12 02:00:00,,,,
2023-02-12 03:00:00,,,,
2023-02-12 04:00:00,88.36,266.77,341.273164608788,3.84612662322525
2023-02-12 05:00:00,88.56,266.93,333.576249808651,3.69603197666669
2023-02-12 06:00:00,,,,
2023-02-12 07:00:00,,,,
2023-02-12 08:00:00,,,,
2023-02-12 09:00:00,87.76,268.17,330.75420333509,3.23446514099767
2023-02-12 10:00:00,,,,
2023-02-12 11:00:00,86.5166666666667,269.95,292.971916627029,2.20173448280514
2023-02-12 12:00:00,86.02,270.09,284.501333687881,2.41348525443719
2023-02-12 13:00:00,84.46,270.83,296.048609729462,1.51437245278977
2023-02-12 14:00:00,,,,
2023-02-12 15:00:00,81.4,270.99,254.423014898325,1.36338076283221
2023-02-12 16:00:00,72.94,270.93,246.394430763134,3.24929714402634
2023-02-12 17:00:00,61.72,271.21,242.787330942065,4.1671410305696
2023-02-12 18:00:00,54.7666666666667,271.166666666667,246.344925786819,5.12086556985968
2023-02-12 19:00:00,54.3333333333333,270.883333333333,238.808059179993,4.15172404462651
2023-02-12 20:00:00,43.8666666666667,271.433333333333,222.884687872979,3.4523210331716
2023-02-12 21:00:00,37.2666666666667,271.933333333333,185.276642504823,3.5505199777577
2023-02-12 22:00:00,34.8166666666667,272.333333333333,156.486646368279,3.57609454625808
2023-02-12 23:00:00,34.2166666666667,272.433333333333,140.044229397641,4.31684621003963
2023-02-13 00:00:00,29.0333333333333,272.75,135.158321796672,2.57643488064561
2023-02-13 01:00:00,27.35,272.816666666667,235.958103155538,2.04146748711726
2023-02-13 02:00:00,27.78,273.07,234.095763157195,2.34894612956597
2023-02-13 03:00:00,,,,
2023-02-13 04:00:00,18.4,273.95,248.895301411273,3.60484902260075
2023-02-13 05:00:00,25.45,273.1,277.373137994085,3.70353313539289
2023-02-13 06:00:00,19.76,273.09,274.79698742273,3.60491434930388
2023-02-13 07:00:00,18.28,273.07,297.844862943239,3.91844375032691
2023-02-13 08:00:00,14.25,273.55,268.262839312327,4.23734834717009
2023-02-13 09:00:00,12.34,274.37,257.953203303791,4.41395308087177
2023-02-13 10:00:00,7.8,274.966666666667,245.40150937566,2.68074922692892
2023-02-13 11:00:00,6.21666666666667,275.266666666667,271.106202172361,1.70664274594411
2023-02-13 12:00:00,5.18333333333333,275.233333333333,279.255683875048,1.79140983002564
2023-02-13 13:00:00,4.6,275.3,307.084157378111,1.90791650206172
2023-02-13 14:00:00,,,,
2023-02-13 15:00:00,4.71666666666667,274.7,307.61790569562,2.72694492334444
2023-02-13 16:00:00,4.56666666666667,274.35,299.172110478333,2.58390072543571
2023-02-13 17:00:00,5.42,273.57,303.216946028033,3.77565287626419
2023-02-13 18:00:00,4.66666666666667,273.15,282.734527920541,4.05046386841707
2023-02-13 19:00:00,4.55,272.766666666667,280.228525083676,3.60444503439932
2023-02-13 20:00:00,5.2,273.216666666667,262.629262555256,3.86794486465167
2023-02-13 21:00:00,15.1833333333333,273.316666666667,258.875822206933,3.92821253547072
2023-02-13 22:00:00,21.3166666666667,273.8,255.736829134205,3.35320437142678
2023-02-13 23:00:00,13.75,274.15,260.50284578089,3.32601911535905
2023-02-14 00:00:00,7.25,274.35,223.380207811177,2.99039216135465
2023-02-14 01:00:00,9.61666666666667,273.916666666667,134.050415536046,2.7253845132234
2023-02-14 02:00:00,,,,
2023-02-14 03:00:00,,,,
2023-02-14 04:00:00,,,,
2023-02-14 05:00:00,,,,
2023-02-14 06:00:00,,,,
2023-02-14 07:00:00,16.7,272.59,112.816611466691,5.1290384374604
2023-02-14 08:00:00,,,,
2023-02-14 09:00:00,,,,
2023-02-14 10:00:00,,,,
2023-02-14 11:00:00,,,,
2023-02-14 12:00:00,,,,
2023-02-14 13:00:00,,,,
2023-02-14 14:00:00,12.7166666666667,275.483333333333,81.1770620704734,4.02665250894432
2023-02-14 15:00:00,9.42,275.95,80.9484610179463,3.29612339349074
2023-02-14 16:00:00,10.42,276.73,80.2412466223754,1.511799820537
2023-02-14 17:00:00,14.72,277.29,88.3458124979542,0.547618752552352
2023-02-14 18:00:00,,,,
2023-02-14 19:00:00,7.6,274.29,84.5421820370041,1.36946242814214
2023-02-14 20:00:00,7.16666666666667,274.333333333333,97.2696525845679,0.665760390431151
2023-02-14 21:00:00,,,,
2023-02-14 22:00:00,4.81666666666667,274.683333333333,91.797378937099,2.46246301924035
2023-02-14 23:00:00,,,,
2023-02-15 00:00:00,8.66666666666667,274.983333333333,49.8667602233867,0.952993022029168
2023-02-15 01:00:00,13.75,275.133333333333,16.2902961270925,1.09169784230177
2023-02-15 02:00:00,,,,
2023-02-15 03:00:00,11.68,275.01,350.149796301323,2.34534200301975
2023-02-15 04:00:00,,,,
2023-02-15 05:00:00,,,,
2023-02-15 06:00:00,13.08,274.09,357.633977430704,4.45607738013622
2023-02-15 07:00:00,15.58,273.59,346.643443136224,5.18239787451689
2023-02-15 08:00:00,15.2,273.9,335.387040747874,3.8829755814446
2023-02-15 09:00:00,14.9,275.033333333333,349.668422099458,1.98685578734709
2023-02-15 10:00:00,16.2833333333333,276.216666666667,2.71861064206024,1.70015868429953
2023-02-15 11:00:00,15.66,276.35,5.10548977706117,1.95796151648849
2023-02-15 12:00:00,17.0166666666667,276.366666666667,8.01300171589639,1.7285806480552
2023-02-15 13:00:00,,,,
2023-02-15 14:00:00,20.3166666666667,277.65,51.888260076815,0.673260485897684
2023-02-15 15:00:00,21.75,277.3,52.1801545898837,1.01368857051703
2023-02-15 16:00:00,21.94,276.25,43.3426946481152,1.52532463053628
2023-02-15 17:00:00,21.3666666666667,275.316666666667,27.8174740331123,1.1986693607627
2023-02-15 18:00:00,22.2166666666667,273.766666666667,17.075325234626,1.49776190509524
2023-02-15 19:00:00,20.6333333333333,272.883333333333,1.28180159358112,1.72734801583676
2023-02-15 20:00:00,20.95,272.8,14.6849796514256,2.92368657374486
2023-02-15 21:00:00,22.8,272.5,2.11108954498286,3.02329108549514
2023-02-15 22:00:00,24.3833333333333,272.25,1.78798093709071,3.71669727474039
2023-02-15 23:00:00,25.4333333333333,272.15,359.993357263151,5.4211413335276
2023-02-16 00:00:00,27.8666666666667,271.85,352.794493140243,5.14552140751896
2023-02-16 01:00:00,29.15,271.5,354.247885464641,4.49290619455548
2023-02-16 02:00:00,27.7166666666667,271.55,1.76087968287868,4.85205796746255
2023-02-16 03:00:00,24.85,271.833333333333,13.4717347528483,4.20761349191424
2023-02-16 04:00:00,22.9166666666667,271.583333333333,15.9736306619242,4.70907516602991
2023-02-16 05:00:00,20.5333333333333,271.533333333333,17.2753828787154,4.5887664796077
2023-02-16 06:00:00,19.6833333333333,271.45,11.0335152278282,3.53717514815921
2023-02-16 07:00:00,19.5833333333333,271.216666666667,1.64911612519677,3.54695114282914
2023-02-16 08:00:00,21.7333333333333,271.1,6.23969991902294,2.23004075243024
2023-02-16 09:00:00,23.9666666666667,271.383333333333,44.9057426415618,1.39537506549465
2023-02-16 10:00:00,27.6833333333333,271.45,20.7577722368983,1.74111380256253
2023-02-16 11:00:00,28.0833333333333,272.816666666667,10.7690023190588,0.941414081551012
2023-02-16 12:00:00,29.05,273.016666666667,9.70862769057783,1.22406909112145
2023-02-16 13:00:00,31.3833333333333,273.416666666667,21.0049987377267,1.10567031565719
2023-02-16 14:00:00,34.1166666666667,271.266666666667,353.722897048006,3.12461487062706
2023-02-16 15:00:00,37.4666666666667,270.283333333333,352.104545882432,3.97277416859127
2023-02-16 16:00:00,41.8833333333333,270.2,359.658147907311,2.85306628191722
2023-02-16 17:00:00,49.3666666666667,269.45,1.14086337343957,3.15014506071539
2023-02-16 18:00:00,54.7166666666667,268.283333333333,2.02012982781321,3.62955776916446
2023-02-16 19:00:00,54.8833333333333,267.733333333333,12.3192080378476,3.97217067203148
2023-02-16 20:00:00,42.6833333333333,267.666666666667,11.359594196287,6.33590224533778
2023-02-16 21:00:00,40.3833333333333,267.216666666667,17.1328953915042,6.01907925718168
2023-02-16 22:00:00,53.7333333333333,266.983333333333,20.1335223164752,4.72645817031803
2023-02-16 23:00:00,57.8166666666667,267.05,12.713336275344,6.04294187304138
2023-02-17 00:00:00,61.75,266.566666666667,7.59399774260493,7.83101817490408
2023-02-17 01:00:00,66.65,266.483333333333,9.84376767431888,8.62344264696976
2023-02-17 02:00:00,74.6166666666667,266.783333333333,9.72337516084167,9.05432178076827
2023-02-17 03:00:00,75.1333333333334,266.8,12.3239867364423,10.1780859676235
2023-02-17 04:00:00,77.75,266.766666666667,15.1410842959648,9.16756972145321
2023-02-17 05:00:00,81.8166666666667,266.733333333333,16.3484669051891,9.27695736433283
2023-02-17 06:00:00,87.5166666666667,266.716666666667,19.5833887374845,9.4685960670627
2023-02-17 07:00:00,92.3833333333334,267.166666666667,27.8753228890726,7.72023796574497
2023-02-17 08:00:00,91.2166666666667,267.816666666667,23.798845255775,7.38514748149935
2023-02-17 09:00:00,90.9666666666667,268.35,22.4629482148082,6.68749724752216
2023-02-17 10:00:00,91.3166666666667,268.533333333333,10.8506459032837,7.11784967297305
2023-02-17 11:00:00,,,,
2023-02-17 12:00:00,,,,
2023-02-17 13:00:00,,,,
2023-02-17 14:00:00,,,,
2023-02-17 15:00:00,,,,
2023-02-17 16:00:00,,,,
2023-02-17 17:00:00,,,,
2023-02-17 18:00:00,92.92,269.97,4.73229043352552,7.66116599672503
2023-02-17 19:00:00,92.72,270.07,5.87323123008423,6.81492593765243
2023-02-17 20:00:00,92.9,270.15,359.680344120113,6.08854316697173
2023-02-17 21:00:00,92.94,270.03,0.372930703356815,5.49750176333191
2023-02-17 22:00:00,93.0166666666667,269.95,356.133742296973,6.70810287146996
2023-02-17 23:00:00,93.08,269.97,349.481366186996,8.6090822464019
2023-02-18 00:00:00,93.02,270.09,338.948876422249,8.01565644163298
2023-02-18 01:00:00,92.9,269.55,344.670534191571,5.04658245003955
2023-02-18 02:00:00,,,,
2023-02-18 03:00:00,,,,
2023-02-18 04:00:00,,,,
2023-02-18 05:00:00,89.42,270.23,4.84565301069591,10.8898309346738
2023-02-18 06:00:00,,,,
2023-02-18 07:00:00,,,,
2023-02-18 08:00:00,,,,
2023-02-18 09:00:00,71.76,270.91,348.784688980061,14.9547057587318
2023-02-18 10:00:00,,,,
2023-02-18 11:00:00,,,,
2023-02-18 12:00:00,,,,
2023-02-18 13:00:00,,,,
2023-02-18 14:00:00,,,,
2023-02-18 15:00:00,56.8333333333333,271.416666666667,350.35274544699,8.32500276636567
2023-02-18 16:00:00,52.7166666666667,271.616666666667,0.182982821765677,10.7219834967873
2023-02-18 17:00:00,48.1,271.61,357.954768744649,11.2602650213004
2023-02-18 18:00:00,58.1,270.45,357.248538346522,10.427959185069
2023-02-18 19:00:00,54.1666666666667,270.366666666667,2.9347026148539,11.4928234364662
2023-02-18 20:00:00,56.5,270.066666666667,0.898463063168492,10.4832689380427
2023-02-18 21:00:00,54.0,270.5,6.3368681573433,12.1312270491826
2023-02-18 22:00:00,52.9833333333334,270.35,0.986867556295692,13.3035140790633
2023-02-18 23:00:00,52.85,269.933333333333,2.56089111176357,10.9307643141348
2023-02-19 00:00:00,53.35,269.7,355.206504646526,8.52217806930718
2023-02-19 01:00:00,48.2666666666667,270.116666666667,3.31955962043207,9.24507776867935
2023-02-19 02:00:00,,,,
2023-02-19 03:00:00,50.62,269.39,15.7556861906755,12.0084690824283
2023-02-19 04:00:00,,,,
2023-02-19 05:00:00,,,,
2023-02-19 06:00:00,,,,
2023-02-19 07:00:00,,,,
2023-02-19 08:00:00,,,,
2023-02-19 09:00:00,,,,
2023-02-19 10:00:00,,,,
2023-02-19 11:00:00,,,,
2023-02-19 12:00:00,,,,
2023-02-19 13:00:00,,,,
2023-02-19 14:00:00,78.84,268.07,7.86751539427371,9.17191549319261
2023-02-19 15:00:00,,,,
2023-02-19 16:00:00,,,,
2023-02-19 17:00:00,,,,
2023-02-19 18:00:00,,,,
2023-02-19 19:00:00,81.8,266.53,14.0603673967383,12.6133408451447
2023-02-19 20:00:00,,,,
2023-02-19 21:00:00,79.2333333333333,266.466666666667,11.3003905274431,16.0201693876591
2023-02-19 22:00:00,75.44,266.99,13.5673548989159,15.5319008861342
2023-02-19 23:00:00,75.62,267.59,12.8322550547998,17.0562271767787
2023-02-20 00:00:00,,,,
2023-02-20 01:00:00,82.66,267.29,20.617647127246,14.0397669263667
2023-02-20 02:00:00,,,,
2023-02-20 03:00:00,89.84,266.55,5.3045299526197,11.8243027355307
2023-02-20 04:00:00,,,,
2023-02-20 05:00:00,,,,
2023-02-20 06:00:00,,,,
2023-02-20 07:00:00,,,,
2023-02-20 08:00:00,,,,
2023-02-20 09:00:00,79.66,268.91,354.573685591439,9.65001847286272
2023-02-20 10:00:00,,,,
2023-02-20 11:00:00,82.92,270.97,346.919254212989,7.01517034540011
2023-02-20 12:00:00,,,,
2023-02-20 13:00:00,83.8,271.17,333.448337597054,8.82799940095435
2023-02-20 14:00:00,,,,
2023-02-20 15:00:00,,,,
2023-02-20 16:00:00,,,,
2023-02-20 17:00:00,53.14,273.29,338.901131016523,7.77221807782061
2023-02-20 18:00:00,52.7166666666667,273.766666666667,340.348219066735,7.70304473078562
2023-02-20 19:00:00,,,,
2023-02-20 20:00:00,46.22,274.33,341.630223860114,6.81276695680919
2023-02-20 21:00:00,45.52,274.37,343.081526255978,7.34536151084624
2023-02-20 22:00:00,41.9666666666667,274.516666666667,345.537191021512,6.65474799994215
2023-02-20 23:00:00,32.54,273.67,347.952653692268,7.40205000630641
2023-02-21 00:00:00,27.7333333333333,273.483333333333,347.290507754784,8.14408698567967
2023-02-21 01:00:00,30.3,272.25,344.528688673001,8.70269938990201
2023-02-21 02:00:00,,,,
2023-02-21 03:00:00,,,,
2023-02-21 04:00:00,24.54,271.81,341.227580491919,8.35702015987299
2023-02-21 05:00:00,19.9833333333333,271.833333333333,346.780292642286,6.34820844101291
2023-02-21 06:00:00,,,,
2023-02-21 07:00:00,17.2,271.49,348.846542382208,6.2892107040474
2023-02-21 08:00:00,16.54,271.85,347.584665358284,6.22636623820723
2023-02-21 09:00:00,14.78,272.55,353.605662008178,5.28883894446219
2023-02-21 10:00:00,20.72,272.93,352.366958991133,4.46812108303366
2023-02-21 11:00:00,,,,
2023-02-21 12:00:00,33.28,273.41,345.353736377781,4.24537482087312
2023-02-21 13:00:00,37.2,274.683333333333,9.39067605193628,2.28929309270513
2023-02-21 14:00:00,38.62,275.43,29.7289385077093,1.55071873304206
2023-02-21 15:00:00,,,,
2023-02-21 16:00:00,33.52,276.43,65.9142666278212,0.649336773772785
2023-02-21 17:00:00,22.02,274.91,12.7060926796297,1.78400052497674
2023-02-21 18:00:00,21.6166666666667,273.65,18.700655675724,1.6167349275125
2023-02-21 19:00:00,19.25,272.883333333333,12.3609931777975,0.928961628141461
2023-02-21 20:00:00,13.9166666666667,272.95,3.77892348319085,1.33851608776216
2023-02-21 21:00:00,13.05,272.85,7.24790691218027,1.79111659259348
2023-02-21 22:00:00,12.35,272.783333333333,2.66601505023061,1.62286203058276
2023-02-21 23:00:00,11.3166666666667,272.783333333333,359.695858240259,1.90330432712327
2023-02-22 00:00:00,13.9666666666667,273.0,358.056328094144,1.82159331503376
2023-02-22 01:00:00,14.7833333333333,272.916666666667,6.16570230289403,1.0873866802338
2023-02-22 02:00:00,15.36,272.31,40.6894202339217,0.449177116148735
2023-02-22 03:00:00,14.8,272.29,33.5616598136855,0.718510004864719
2023-02-22 04:00:00,14.3666666666667,272.3,11.4602487741281,1.3573308838457
2023-02-22 05:00:00,14.3,272.3,1.92609049895259,1.25753902959676
2023-02-22 06:00:00,14.1666666666667,272.416666666667,339.421017097951,2.06444548678067
2023-02-22 07:00:00,18.3333333333333,272.366666666667,341.161552916703,0.613395357360338
2023-02-22 08:00:00,23.2,272.616666666667,113.467360357937,0.203085763120379
2023-02-22 09:00:00,23.6,274.233333333333,99.4575213417541,1.04497937419691
2023-02-22 10:00:00,26.3,274.45,87.9184018197362,1.57293523019567
2023-02-22 11:00:00,31.9833333333333,274.316666666667,82.8974177926148,1.4860937630075
2023-02-22 12:00:00,33.6833333333333,274.916666666667,83.1450939134866,1.26015886316954
2023-02-22 13:00:00,40.2,274.733333333333,87.9542158144586,1.37828064086918
2023-02-22 14:00:00,41.2666666666667,276.233333333333,101.889231540618,0.86795516777385
2023-02-22 15:00:00,49.6,273.933333333333,84.3196706876113,1.62179198838539
2023-02-22 16:00:00,53.3,273.116666666667,85.2310259144267,2.14924838536646
2023-02-22 17:00:00,51.8166666666667,272.316666666667,84.2597983548335,2.12300126670264
2023-02-22 18:00:00,53.6,271.5,93.34564946772,1.01217656766568
2023-02-22 19:00:00,57.7166666666667,270.583333333333,92.1374298339929,1.93347251716125
2023-02-22 20:00:00,59.3333333333333,270.15,88.4793641554915,2.74782848851827
2023-02-22 21:00:00,60.9333333333333,269.633333333333,91.5434420632099,3.49329595196904
2023-02-22 22:00:00,64.7666666666667,269.083333333333,98.7838908075411,4.79571440411818
2023-02-22 23:00:00,65.35,269.033333333333,91.9112339389937,3.94898998800322
2023-02-23 00:00:00,68.6333333333333,268.633333333333,92.6105154980472,3.68420186762415
2023-02-23 01:00:00,73.45,268.366666666667,98.0288204451078,2.58732166888176
2023-02-23 02:00:00,,,,
2023-02-23 03:00:00,,,,
2023-02-23 04:00:00,,,,
2023-02-23 05:00:00,,,,
2023-02-23 06:00:00,,,,
2023-02-23 07:00:00,90.6,267.13,108.507625689666,1.93565863331115
2023-02-23 08:00:00,,,,
2023-02-23 09:00:00,,,,
2023-02-23 10:00:00,,,,
2023-02-23 11:00:00,74.84,270.81,20.8526627340513,1.30065037142649
2023-02-23 12:00:00,,,,
2023-02-23 13:00:00,,,,
2023-02-23 14:00:00,81.88,270.21,47.2706732419832,0.778217630965885
2023-02-23 15:00:00,,,,
2023-02-23 16:00:00,,,,
2023-02-23 17:00:00,,,,
2023-02-23 18:00:00,,,,
2023-02-23 19:00:00,,,,
2023-02-23 20:00:00,,,,
2023-02-23 21:00:00,89.0,266.77,30.5016036654628,0.944838663793941
2023-02-23 22:00:00,,,,
2023-02-23 23:00:00,89.24,266.49,13.5666761240625,4.52295306059018
2023-02-24 00:00:00,89.7,265.91,14.4055348117797,3.32823570687363
2023-02-24 01:00:00,89.36,265.97,18.1413995896869,3.80644177752712
2023-02-24 02:00:00,,,,
2023-02-24 03:00:00,87.68,265.85,12.2262658516665,5.77449045342166
2023-02-24 04:00:00,,,,
2023-02-24 05:00:00,,,,
2023-02-24 06:00:00,,,,
2023-02-24 07:00:00,,,,
2023-02-24 08:00:00,88.96,265.63,14.7914170100461,7.10828187445105
2023-02-24 09:00:00,,,,
2023-02-24 10:00:00,,,,
2023-02-24 11:00:00,81.52,266.87,11.1434147263632,7.77704438767673
2023-02-24 12:00:00,,,,
2023-02-24 13:00:00,,,,
2023-02-24 14:00:00,79.06,268.43,8.99974278788653,4.05775726534025
2023-02-24 15:00:00,,,,
2023-02-24 16:00:00,78.5166666666667,267.633333333333,20.1276125969761,3.76603621567288
2023-02-24 17:00:00,79.18,267.03,12.3354638278055,5.36450680494007
2023-02-24 18:00:00,76.9,266.783333333333,20.8267028539758,6.97933985649284
2023-02-24 19:00:00,,,,
2023-02-24 20:00:00,73.8,266.466666666667,38.2624928333134,3.39348256180329
2023-02-24 21:00:00,77.54,266.23,27.5355562111695,5.21962388590331
2023-02-24 22:00:00,81.95,266.366666666667,22.5037937442395,6.21899335731132
2023-02-24 23:00:00,79.1666666666667,266.566666666667,36.8517951522489,4.00976710198478
2023-02-25 00:00:00,84.9833333333333,266.216666666667,31.3029371360087,3.96101168931051
2023-02-25 01:00:00,88.6833333333333,265.883333333333,46.4476463500849,4.69663867116828
2023-02-25 02:00:00,,,,
2023-02-25 03:00:00,87.94,266.05,21.7425771646091,10.0990209386812
2023-02-25 04:00:00,87.5,266.05,17.6558667688464,8.41587069998956
2023-02-25 05:00:00,87.7,266.05,18.3940651395778,9.83486793968536
2023-02-25 06:00:00,89.4833333333334,265.716666666667,20.1225268277211,11.5297555619094
2023-02-25 07:00:00,88.9666666666667,265.0,22.0609292369197,10.8378077147211
2023-02-25 08:00:00,87.45,264.483333333333,24.0606345456912,11.2140667912047
2023-02-25 09:00:00,86.6833333333334,264.35,26.3581476278282,8.64760914929473
2023-02-25 10:00:00,86.9,264.65,18.0239147527859,7.3537570871439
2023-02-25 11:00:00,87.3166666666667,265.45,16.5387774439937,6.04057581157236
2023-02-25 12:00:00,87.1333333333333,266.05,10.8837654476712,7.20347202106056
2023-02-25 13:00:00,87.1833333333333,266.066666666667,7.23206939105586,6.92136410774417
2023-02-25 14:00:00,87.35,266.433333333333,26.5255179590063,4.11021503524768
2023-02-25 15:00:00,86.8333333333333,265.55,15.5161688831024,8.51965958156201
2023-02-25 16:00:00,86.82,264.99,12.9190157446346,7.25160300104776
2023-02-25 17:00:00,86.6333333333333,264.45,14.1747068429025,5.9693119583504
2023-02-25 18:00:00,85.4333333333334,263.55,14.1989431038631,6.23292794636098
2023-02-25 19:00:00,83.4666666666667,262.5,7.70303198659747,6.03628445315492
2023-02-25 20:00:00,83.3333333333333,262.25,8.28413392947982,3.04995540048581
2023-02-25 21:00:00,82.8666666666667,261.566666666667,7.71108449472519,2.14774771938553
2023-02-25 22:00:00,82.4166666666667,261.133333333333,2.36099130531386,1.37888284107264
2023-02-25 23:00:00,81.65,260.216666666667,3.36618178506268,1.23385785289024
2023-02-26 00:00:00,80.55,258.95,359.979683189504,0.650994857928603
2023-02-26 01:00:00,79.1833333333333,257.516666666667,357.210492366101,1.11112017515149
2023-02-26 02:00:00,78.7333333333333,256.983333333333,7.37170285906848,1.04567707101026
2023-02-26 03:00:00,78.8333333333333,256.75,358.10625881184,1.55118350745672
2023-02-26 04:00:00,79.9666666666667,256.5,359.675367127685,1.29780012243473
2023-02-26 05:00:00,79.45,256.4,356.518919572058,0.772826264950341
2023-02-26 06:00:00,78.3833333333334,256.05,358.557660152008,0.143251316504962
2023-02-26 07:00:00,77.2833333333333,255.266666666667,347.320449125235,0.627947082199814
2023-02-26 08:00:00,76.85,254.666666666667,354.545723405418,0.802168221143826
2023-02-26 09:00:00,76.5333333333334,254.75,340.506997030392,0.574524708003325
2023-02-26 10:00:00,75.7333333333333,254.983333333333,334.174031547033,0.521162542514942
2023-02-26 11:00:00,75.2333333333333,255.333333333333,335.981687234932,0.48761267205601
2023-02-26 12:00:00,75.55,255.7,337.114327002393,0.368504006484242
2023-02-26 13:00:00,75.5,256.2,333.4522705325,0.116649980599947
2023-02-26 14:00:00,75.2833333333333,256.4,,0.0
2023-02-26 15:00:00,75.4333333333333,256.066666666667,,0.0
2023-02-26 16:00:00,75.92,256.01,,0.0
2023-02-26 17:00:00,75.3,254.733333333333,,0.0
2023-02-26 18:00:00,75.35,254.033333333333,,0.0
2023-02-26 19:00:00,74.9833333333333,253.7,,0.0
2023-02-26 20:00:00,75.6666666666667,254.216666666667,,0.0
2023-02-26 21:00:00,76.95,255.166666666667,229.0,0.0266666666666667
2023-02-26 22:00:00,78.15,256.433333333333,,0.0
2023-02-26 23:00:00,78.9833333333334,257.233333333333,136.0,0.0066666666666666
2023-02-27 00:00:00,79.6,257.616666666667,,0.0
2023-02-27 01:00:00,80.4,258.35,145.640473776436,0.187023084403821
2023-02-27 02:00:00,,,,
2023-02-27 03:00:00,,,,
2023-02-27 04:00:00,82.4,260.25,,0.0
2023-02-27 05:00:00,83.36,260.49,125.002439911349,0.0159707775201833
2023-02-27 06:00:00,,,,
2023-02-27 07:00:00,,,,
2023-02-27 08:00:00,,,,
2023-02-27 09:00:00,85.4,263.89,,0.0
2023-02-27 10:00:00,85.7,264.21,,0.0
2023-02-27 11:00:00,,,,
2023-02-27 12:00:00,89.56,268.63,,0.0
2023-02-27 13:00:00,,,,
2023-02-27 14:00:00,88.36,267.57,,0.0
2023-02-27 15:00:00,,,,
2023-02-27 16:00:00,87.48,267.47,,0.0
2023-02-27 17:00:00,88.0,266.21,,0.0
2023-02-27 18:00:00,,,,
2023-02-27 19:00:00,82.9,262.016666666667,,0.0
2023-02-27 20:00:00,83.22,261.93,14.0,0.002
2023-02-27 21:00:00,83.6166666666667,262.266666666667,42.6263475702744,0.0034027575568814
2023-02-27 22:00:00,83.6333333333334,262.416666666667,,0.0
2023-02-27 23:00:00,83.4166666666667,261.866666666667,121.0,0.0033008935624719
2023-02-28 00:00:00,83.4833333333333,261.766666666667,122.727558865404,0.840044675927974
2023-02-28 01:00:00,83.0166666666667,261.6,118.6603312828,1.16142416217821
2023-02-28 02:00:00,,,,
2023-02-28 03:00:00,82.46,261.65,112.747082065143,0.291102568227516
2023-02-28 04:00:00,,,,
2023-02-28 05:00:00,84.68,261.91,104.021917842483,0.273624512543273
2023-02-28 06:00:00,84.64,262.07,109.433742947416,0.381716542537964
2023-02-28 07:00:00,,,,
2023-02-28 08:00:00,,,,
2023-02-28 09:00:00,83.74,263.33,,0.0
2023-02-28 10:00:00,,,,
2023-02-28 11:00:00,84.38,265.15,,0.0
2023-02-28 12:00:00,,,,
2023-02-28 13:00:00,85.14,266.63,,0.0
2023-02-28 14:00:00,,,,
2023-02-28 15:00:00,85.28,266.39,,0.0
2023-02-28 16:00:00,85.66,265.27,,0.0
2023-02-28 17:00:00,86.0333333333334,264.85,,0.0
2023-02-28 18:00:00,86.0833333333333,264.183333333333,,0.0
2023-02-28 19:00:00,85.2,263.516666666667,,0.0
2023-02-28 20:00:00,84.8666666666667,263.1,,0.0
2023-02-28 21:00:00,84.9,263.35,135.161291376425,0.361602355600041
2023-02-28 22:00:00,84.2666666666667,263.4,138.932960122015,6.44638161926848
2023-02-28 23:00:00,82.5,263.1,134.349009036382,8.18347805747683
2023-03-01 00:00:00,82.5,262.7,136.148753524393,9.62613555223577
2023-03-01 01:00:00,82.85,262.566666666667,134.359449548387,8.033818136381
2023-03-01 02:00:00,,,,
2023-03-01 03:00:00,75.5,262.53,131.061732979696,7.14987767152314
2023-03-01 04:00:00,67.1,262.8,125.24386273458,3.86463326500336
2023-03-01 05:00:00,71.3333333333333,262.683333333333,132.461870853269,6.01873286827475
2023-03-01 06:00:00,63.4,263.433333333333,131.082529513527,5.71549104454645
2023-03-01 07:00:00,62.3666666666667,263.75,130.27392321177,6.65904287099599
2023-03-01 08:00:00,65.5833333333333,263.966666666667,124.770277378714,7.53353697398668
2023-03-01 09:00:00,55.6333333333333,265.283333333333,125.416662826524,6.68519379117687
2023-03-01 10:00:00,59.1166666666667,266.15,110.2545437806,6.14004375390889
2023-03-01 11:00:00,68.4666666666667,266.483333333333,108.909200402278,6.64816992950593
2023-03-01 12:00:00,79.24,266.69,113.952011199937,6.1279491177152
2023-03-01 13:00:00,83.8833333333333,266.266666666667,128.384029908271,10.8780388836661
2023-03-01 14:00:00,88.34,266.25,131.154005341438,10.7045787946919
2023-03-01 15:00:00,88.8833333333333,266.516666666667,133.836437981363,7.96779536677292
2023-03-01 16:00:00,89.2666666666667,266.666666666667,133.971737682743,7.39195424865882
2023-03-01 17:00:00,89.2,266.433333333333,133.122962257505,7.32739762175529
2023-03-01 18:00:00,88.7833333333333,266.116666666667,132.389355584249,9.49992511809909
2023-03-01 19:00:00,88.1166666666667,265.966666666667,141.189168550768,8.61496796449966
2023-03-01 20:00:00,88.2166666666667,265.866666666667,135.822918819735,10.0843849102897
2023-03-01 21:00:00,88.4833333333333,265.85,141.524984722704,11.40789565414
2023-03-01 22:00:00,88.75,266.066666666667,126.55261922613,10.0577685838473
2023-03-01 23:00:00,88.55,265.916666666667,124.322561560281,9.54749062189808
2023-03-02 00:00:00,88.1833333333333,265.583333333333,120.49765314107,10.4411324448517
2023-03-02 01:00:00,87.8833333333333,264.933333333333,123.286240165624,11.4119622617909
2023-03-02 02:00:00,,,,
2023-03-02 03:00:00,,,,
2023-03-02 04:00:00,85.76,264.41,120.28044596666,8.04265236432622
2023-03-02 05:00:00,,,,
2023-03-02 06:00:00,,,,
2023-03-02 07:00:00,,,,
2023-03-02 08:00:00,,,,
2023-03-02 09:00:00,86.5,264.03,120.454209012141,2.42844387292943
2023-03-02 10:00:00,,,,
2023-03-02 11:00:00,87.08,264.93,114.838526938757,1.61662701612061
2023-03-02 12:00:00,88.06,265.79,121.571486906199,1.43669041802209
2023-03-02 13:00:00,88.34,266.25,117.296424494247,3.33727680286373
2023-03-02 14:00:00,,,,
2023-03-02 15:00:00,,,,
2023-03-02 16:00:00,,,,
2023-03-02 17:00:00,88.62,265.91,108.632928541274,2.56830235413484
2023-03-02 18:00:00,,,,
2023-03-02 19:00:00,85.5333333333333,263.983333333333,111.195659955116,0.496031680412416
2023-03-02 20:00:00,,,,
2023-03-02 21:00:00,86.5166666666667,263.95,268.833280365438,1.65987448434365
2023-03-02 22:00:00,87.0,264.45,273.99651818901,2.40754542203298
2023-03-02 23:00:00,87.0,264.53,272.230835074601,2.65630794206648
2023-03-03 00:00:00,86.9,264.266666666667,252.063796982556,2.87370993057271
2023-03-03 01:00:00,86.8166666666667,263.95,253.651240711676,2.83155963137092
2023-03-03 02:00:00,86.48,263.81,261.421450566948,2.76606443397428
2023-03-03 03:00:00,,,,
2023-03-03 04:00:00,,,,
2023-03-03 05:00:00,86.82,263.77,311.569496345049,1.41975703855838
2023-03-03 06:00:00,,,,
2023-03-03 07:00:00,,,,
2023-03-03 08:00:00,,,,
2023-03-03 09:00:00,88.72,266.45,209.228358691078,3.09424013748266
2023-03-03 10:00:00,,,,
2023-03-03 11:00:00,90.05,268.566666666667,159.89383481943,1.35070856919392
2023-03-03 12:00:00,,,,
2023-03-03 13:00:00,91.65,270.333333333333,121.556263875226,1.53632987897265
2023-03-03 14:00:00,92.22,270.11,113.717619542367,1.68116928156517
2023-03-03 15:00:00,92.8,270.81,109.356308247369,1.0332664346175
2023-03-03 16:00:00,92.9833333333333,271.0,108.581028860417,0.99570409316104
2023-03-03 17:00:00,91.02,269.03,117.294453000947,0.401972883085395
2023-03-03 18:00:00,90.58,268.37,70.0417581401649,0.136991037969009
2023-03-03 19:00:00,88.0,265.983333333333,325.105095997154,0.522069502829729
2023-03-03 20:00:00,86.3166666666667,263.816666666667,350.124165879269,1.67890855935536
2023-03-03 21:00:00,85.5166666666667,263.733333333333,242.031042157103,1.23610827864338
2023-03-03 22:00:00,80.1666666666667,264.1,203.979481580102,5.07814604129071
2023-03-03 23:00:00,83.1666666666667,263.65,177.616513790521,2.22863841556148
2023-03-04 00:00:00,75.55,263.833333333333,196.018328097145,4.05073226352542
2023-03-04 01:00:00,64.2,264.133333333333,235.732567472571,3.43910766101349
2023-03-04 02:00:00,37.9,264.81,228.378336677302,4.86357045777948
2023-03-04 03:00:00,31.46,264.91,243.184246576052,4.73199750164828
2023-03-04 04:00:00,27.5333333333333,265.116666666667,246.347436787097,4.55205720322893
2023-03-04 05:00:00,23.9333333333333,265.65,237.374880748731,4.9091156084872
2023-03-04 06:00:00,22.9333333333333,265.816666666667,253.765804804957,5.5278207214031
2023-03-04 07:00:00,23.0333333333333,265.833333333333,251.214991516582,4.93020182198639
2023-03-04 08:00:00,17.65,266.783333333333,236.328336058961,5.73366290050664
2023-03-04 09:00:00,16.4,267.216666666667,238.024211547619,3.81042662072121
2023-03-04 10:00:00,15.8166666666667,267.433333333333,254.242995829464,3.29082175277711
2023-03-04 11:00:00,14.72,267.93,257.638000664188,3.46252434837976
2023-03-04 12:00:00,13.2333333333333,268.266666666667,259.583695689625,3.19235755200648
2023-03-04 13:00:00,11.9166666666667,268.35,293.10112434449,2.29685930912683
2023-03-04 14:00:00,16.6666666666667,267.983333333333,321.076865854202,2.70630422432187
2023-03-04 15:00:00,18.2333333333333,267.666666666667,331.946279330607,2.22512555963845
2023-03-04 16:00:00,25.0666666666667,267.466666666667,339.76451877394,2.1625966240665
2023-03-04 17:00:00,54.6,265.566666666667,349.051954531719,4.5732314496162
2023-03-04 18:00:00,65.8,264.6,353.499257092323,4.90550741089786
2023-03-04 19:00:00,74.8833333333333,263.8,353.943798650337,5.70182029535958
2023-03-04 20:00:00,87.2666666666667,263.15,359.103677616506,5.76105023659418
2023-03-04 21:00:00,73.8666666666667,263.1,358.149337619649,6.93658481842591
2023-03-04 22:00:00,43.25,263.583333333333,349.712907942569,7.80883585772868
2023-03-04 23:00:00,49.3166666666667,263.9,3.31183664408837,8.05042476273345
2023-03-05 00:00:00,54.8333333333333,263.583333333333,352.728662172505,7.97360681863278
2023-03-05 01:00:00,57.3166666666667,263.55,0.614097859931121,7.02599182232137
2023-03-05 02:00:00,,,,
2023-03-05 03:00:00,,,,
2023-03-05 04:00:00,,,,
2023-03-05 05:00:00,,,,
2023-03-05 06:00:00,,,,
2023-03-05 07:00:00,,,,
2023-03-05 08:00:00,,,,
2023-03-05 09:00:00,,,,
2023-03-05 10:00:00,,,,
2023-03-05 11:00:00,,,,
2023-03-05 12:00:00,,,,
2023-03-05 13:00:00,,,,
2023-03-05 14:00:00,,,,
2023-03-05 15:00:00,,,,
2023-03-05 16:00:00,,,,
2023-03-05 17:00:00,,,,
2023-03-05 18:00:00,,,,
2023-03-05 19:00:00,33.86,263.99,41.4726467354972,1.26284529207511
2023-03-05 20:00:00,28.12,263.41,41.0256796295139,1.54485747287954
2023-03-05 21:00:00,23.88,263.05,41.9473358713495,3.39514397414784
2023-03-05 22:00:00,22.22,262.99,38.5186450403436,5.36361106190219
2023-03-05 23:00:00,,,,
2023-03-06 00:00:00,23.75,263.0,35.8819717937994,7.40835525301752
2023-03-06 01:00:00,,,,
2023-03-06 02:00:00,34.36,262.53,24.8314984600019,5.2003777686539
2023-03-06 03:00:00,,,,
2023-03-06 04:00:00,40.76,262.35,40.9903106860531,3.00127689927726
2023-03-06 05:00:00,43.44,262.33,32.3612536743228,2.90488704031703
2023-03-06 06:00:00,,,,
2023-03-06 07:00:00,48.64,262.43,36.312308696679,3.62718410462787
2023-03-06 08:00:00,,,,
2023-03-06 09:00:00,,,,
2023-03-06 10:00:00,,,,
2023-03-06 11:00:00,51.28,263.77,26.3022801726607,4.24321422631963
2023-03-06 12:00:00,59.36,264.03,33.0880175099373,4.31869639000745
2023-03-06 13:00:00,60.86,264.53,34.4879489016431,3.73995224787347
2023-03-06 14:00:00,,,,
2023-03-06 15:00:00,66.46,264.13,25.8125976785929,4.48125671539156
2023-03-06 16:00:00,66.62,264.05,33.6542292560054,4.21951132547315
2023-03-06 17:00:00,64.85,263.733333333333,32.3401009905407,4.45747011085015
2023-03-06 18:00:00,60.78,263.15,33.1166073320089,4.12416485948487
2023-03-06 19:00:00,58.82,262.81,43.3418385494798,3.16555586900583
2023-03-06 20:00:00,55.9666666666667,262.766666666667,37.9450347635602,3.72121799563617
2023-03-06 21:00:00,58.85,262.616666666667,45.5608618942594,3.67844385103661
2023-03-06 22:00:00,66.4166666666667,262.566666666667,38.6460084332656,3.54374169917089
2023-03-06 23:00:00,73.15,262.45,56.1119110095916,2.64751552632656
2023-03-07 00:00:00,69.9166666666667,262.216666666667,47.4660997521751,3.23364284102486
2023-03-07 01:00:00,59.95,262.15,52.6483874442354,4.33653014724193
2023-03-07 02:00:00,,,,
2023-03-07 03:00:00,54.7,262.13,47.7813080057159,3.94705561972486
2023-03-07 04:00:00,,,,
2023-03-07 05:00:00,,,,
2023-03-07 06:00:00,54.08,262.11,41.5547781816498,3.94432440555086
2023-03-07 07:00:00,61.16,262.33,61.0957625227124,3.32518890416111
2023-03-07 08:00:00,59.15,263.4,51.9694688092071,3.69678747614802
2023-03-07 09:00:00,,,,
2023-03-07 10:00:00,31.2833333333333,266.116666666667,59.8549396490959,3.3896203637338
2023-03-07 11:00:00,27.9333333333333,267.316666666667,60.1766924826077,3.31114830591761
2023-03-07 12:00:00,23.1166666666667,268.083333333333,56.3845850928596,2.99336814981692
2023-03-07 13:00:00,21.62,267.97,52.3539974501829,3.14561256611331
2023-03-07 14:00:00,25.6333333333333,267.816666666667,34.2030726864176,3.81225842081736
2023-03-07 15:00:00,32.5333333333333,266.833333333333,32.5022352073174,4.64891690103737
2023-03-07 16:00:00,33.26,266.75,50.3585816422499,3.74848394430062
2023-03-07 17:00:00,29.8,266.633333333333,60.6464820193374,2.52930332450686
2023-03-07 18:00:00,33.4833333333333,266.233333333333,46.1609288823598,2.55362881991518
2023-03-07 19:00:00,51.35,264.966666666667,35.8493175544541,2.65610088249179
2023-03-07 20:00:00,67.15,263.983333333333,357.770711697529,0.475849615831965
2023-03-07 21:00:00,70.1166666666667,263.833333333333,49.6046439108088,0.984016212089844
2023-03-07 22:00:00,77.6833333333333,263.883333333333,58.9757087381903,2.52206469212109
2023-03-07 23:00:00,80.0666666666667,264.183333333333,43.3287785500392,4.452226542347
2023-03-08 00:00:00,85.5,263.566666666667,40.6067351706577,5.20357206756966
2023-03-08 01:00:00,85.1833333333333,263.15,47.6788850406122,4.5749933723835
2023-03-08 02:00:00,,,,
2023-03-08 03:00:00,,,,
2023-03-08 04:00:00,,,,
2023-03-08 05:00:00,,,,
2023-03-08 06:00:00,,,,
2023-03-08 07:00:00,,,,
2023-03-08 08:00:00,,,,
2023-03-08 09:00:00,,,,
2023-03-08 10:00:00,78.56,267.55,47.8565494108548,4.46691068546848
2023-03-08 11:00:00,,,,
2023-03-08 12:00:00,,,,
2023-03-08 13:00:00,,,,
2023-03-08 14:00:00,,,,
2023-03-08 15:00:00,78.48,269.91,47.5004354778298,4.87635702327281
2023-03-08 16:00:00,,,,
2023-03-08 17:00:00,,,,
2023-03-08 18:00:00,,,,
2023-03-08 19:00:00,,,,
2023-03-08 20:00:00,,,,
2023-03-08 21:00:00,84.95,268.9,41.6653902576647,6.03998757212288
2023-03-08 22:00:00,85.16,269.11,36.3346532345129,6.29832603163678
2023-03-08 23:00:00,,,,
2023-03-09 00:00:00,,,,
2023-03-09 01:00:00,,,,
2023-03-09 02:00:00,,,,
2023-03-09 03:00:00,,,,
2023-03-09 04:00:00,79.46,269.03,53.8240772428956,6.90877707569882
2023-03-09 05:00:00,,,,
2023-03-09 06:00:00,,,,
2023-03-09 07:00:00,,,,
2023-03-09 08:00:00,74.7,268.166666666667,31.7909870683387,6.54808007901782
2023-03-09 09:00:00,,,,
2023-03-09 10:00:00,89.58,267.79,10.1762932175843,5.62815236599249
2023-03-09 11:00:00,,,,
2023-03-09 12:00:00,88.7,268.59,6.12667629436191,6.90120691227285
2023-03-09 13:00:00,87.76,268.41,7.82634451405841,6.57032761928222
2023-03-09 14:00:00,,,,
2023-03-09 15:00:00,87.44,268.23,349.84710392246,5.40966153771186
2023-03-09 16:00:00,,,,
2023-03-09 17:00:00,82.98,268.77,20.3845813569891,2.4551470280241
2023-03-09 18:00:00,,,,
2023-03-09 19:00:00,71.5,266.95,20.2876643064035,2.06405823571817
2023-03-09 20:00:00,,,,
2023-03-09 21:00:00,61.6,267.7,47.4127072318078,3.65723821408305
2023-03-09 22:00:00,60.46,267.69,50.0685091347439,3.3202595733699
2023-03-09 23:00:00,,,,
2023-03-10 00:00:00,68.0833333333333,267.966666666667,56.3376342344853,1.87588124525785
2023-03-10 01:00:00,66.34,267.95,79.4900381911321,1.89847100688037
2023-03-10 02:00:00,,,,
2023-03-10 03:00:00,,,,
2023-03-10 04:00:00,,,,
2023-03-10 05:00:00,,,,
2023-03-10 06:00:00,,,,
2023-03-10 07:00:00,,,,
2023-03-10 08:00:00,88.3,266.37,100.636258265198,2.56627971962442
2023-03-10 09:00:00,,,,
2023-03-10 10:00:00,,,,
2023-03-10 11:00:00,70.46,268.57,33.2892692982936,3.50100536960231
2023-03-10 12:00:00,,,,
2023-03-10 13:00:00,81.9,267.85,15.8418034806667,7.31398590804576
2023-03-10 14:00:00,,,,
2023-03-10 15:00:00,77.54,267.95,29.2992429468493,4.67706416419305
2023-03-10 16:00:00,88.8333333333333,266.883333333333,17.4887116576374,6.0275727333248
2023-03-10 17:00:00,88.6166666666667,266.35,26.4236076930922,7.48895413374798
2023-03-10 18:00:00,88.0166666666667,265.583333333333,34.2315452685425,9.48698007716
2023-03-10 19:00:00,86.5333333333333,264.65,38.5825207892708,7.51064238703348
2023-03-10 20:00:00,86.3833333333333,264.366666666667,34.6285261521117,9.66606996562747
2023-03-10 21:00:00,86.0166666666667,263.716666666667,22.2189191185615,12.2739725658521
2023-03-10 22:00:00,86.4833333333333,264.183333333333,25.2198503634033,13.2383246366701
2023-03-10 23:00:00,86.5166666666667,264.233333333333,26.3091952088507,12.8595745740069
2023-03-11 00:00:00,86.3666666666667,263.966666666667,28.4385887525006,9.00703128113799
2023-03-11 01:00:00,86.1,263.55,20.6674251362475,8.7595943102175
2023-03-11 02:00:00,,,,
2023-03-11 03:00:00,,,,
2023-03-11 04:00:00,83.2,262.916666666667,26.3568126751165,10.7276710222726
2023-03-11 05:00:00,84.44,262.81,21.2561271889787,12.0220472655971
2023-03-11 06:00:00,85.62,262.85,26.7310601297122,9.84449362509974
2023-03-11 07:00:00,85.26,262.69,24.7708480771374,9.42035312370215
2023-03-11 08:00:00,83.9833333333333,262.716666666667,20.4138102615779,9.24411067456205
2023-03-11 09:00:00,85.0166666666667,263.2,28.3388700007054,6.71733464021018
2023-03-11 10:00:00,86.25,264.0,29.7571445335873,6.01608028462395
2023-03-11 11:00:00,86.9333333333333,264.7,29.4490207764928,7.23454059216782
2023-03-11 12:00:00,87.5166666666667,265.283333333333,25.8016669424792,7.14848506961215
2023-03-11 13:00:00,,,,
2023-03-11 14:00:00,87.9666666666667,265.716666666667,30.9256550094392,6.95848724733367
2023-03-11 15:00:00,87.9,265.7,20.3783246150393,6.74324162660014
2023-03-11 16:00:00,87.4333333333333,265.1,10.912159704992,9.24681709386282
2023-03-11 17:00:00,87.45,264.966666666667,11.7806175743992,8.38497578884469
2023-03-11 18:00:00,87.5666666666667,264.983333333333,22.9721596083238,7.57435034783092
2023-03-11 19:00:00,87.1833333333333,265.15,23.2728984133154,7.53352910089035
2023-03-11 20:00:00,87.3666666666667,265.35,24.6936405204139,6.99531260865061
2023-03-11 21:00:00,87.3166666666667,265.0,18.6486435050748,7.9975529184091
2023-03-11 22:00:00,87.4,264.933333333333,15.4348054648795,8.60714074646256
2023-03-11 23:00:00,87.4833333333333,265.016666666667,14.2876124200214,9.12542529092004
2023-03-12 00:00:00,87.6,265.2,10.0599508380232,8.7477276014116
2023-03-12 01:00:00,87.6166666666667,264.85,2.98507834773852,8.08709452352026
2023-03-12 02:00:00,,,,
2023-03-12 03:00:00,,,,
2023-03-12 04:00:00,,,,
2023-03-12 05:00:00,86.5,265.27,358.817414877314,4.26615542991835
2023-03-12 06:00:00,,,,
2023-03-12 07:00:00,,,,
2023-03-12 08:00:00,88.16,265.93,355.510611827907,7.08723019027121
2023-03-12 09:00:00,,,,
2023-03-12 10:00:00,89.7666666666667,267.1,15.2182942722953,3.63144353859363
2023-03-12 11:00:00,90.4,267.87,19.3473199511502,3.19373260807695
2023-03-12 12:00:00,,,,
2023-03-12 13:00:00,90.72,268.27,354.2321644215,3.34002447214707
2023-03-12 14:00:00,,,,
2023-03-12 15:00:00,91.2,268.81,359.501914132512,9.88940896470068
2023-03-12 16:00:00,90.46,267.87,353.247368850704,12.4754918376593
2023-03-12 17:00:00,89.8333333333333,267.133333333333,347.421798027261,11.0256296055041
2023-03-12 18:00:00,89.5,266.75,344.762831365676,10.7347825571053
2023-03-12 19:00:00,87.75,265.6,349.399154902894,12.5606385879835
2023-03-12 20:00:00,87.24,265.17,353.064034364042,11.9675686110432
2023-03-12 21:00:00,87.0,264.716666666667,348.779867191095,11.1472923372292
2023-03-12 22:00:00,87.1,264.733333333333,347.339766560985,13.0241548322011
2023-03-12 23:00:00,87.2833333333334,264.933333333333,345.606888442862,15.0090193194817
2023-03-13 00:00:00,85.35,265.266666666667,339.742586448881,15.9931363559002
2023-03-13 01:00:00,43.1,267.016666666667,338.373949215119,15.5605607182795
2023-03-13 02:00:00,25.98,268.71,341.33388451859,12.6550348314973
2023-03-13 03:00:00,35.8,270.0,345.319004207428,12.1369522783222
2023-03-13 04:00:00,38.8,269.85,347.654234819193,10.2724155707125
2023-03-13 05:00:00,45.3333333333333,270.433333333333,355.769736927112,6.41752920686928
2023-03-13 06:00:00,55.2666666666667,270.35,2.62409526801002,4.46726759434769
2023-03-13 07:00:00,74.06,270.83,18.6384893027845,5.344115742758
2023-03-13 08:00:00,80.75,271.05,359.061310482631,7.28846454502446
2023-03-13 09:00:00,88.46,271.13,350.094361896896,8.72585266180066
2023-03-13 10:00:00,90.94,272.43,357.506321156158,9.1920871078025
2023-03-13 11:00:00,93.6166666666667,273.05,10.4925794831204,4.06053500421371
2023-03-13 12:00:00,83.34,274.15,10.4460598226502,4.94617464573893
2023-03-13 13:00:00,69.6666666666667,275.066666666667,20.7311503959423,3.74514055759761
2023-03-13 14:00:00,54.9833333333334,276.066666666667,35.2893570290987,3.31336862329765
2023-03-13 15:00:00,36.5,276.43,17.1377684457981,4.00433980678929
2023-03-13 16:00:00,32.95,276.633333333333,36.8495022959277,2.54550672044066
2023-03-13 17:00:00,40.5666666666667,276.1,87.6261412266721,2.22696622217214
2023-03-13 18:00:00,37.3166666666667,275.2,85.2609625730876,3.27205101381174
2023-03-13 19:00:00,34.2166666666667,274.45,93.109002979225,5.06122565248489
2023-03-13 20:00:00,32.85,274.366666666667,91.9162436422221,7.93337577056639
2023-03-13 21:00:00,40.4333333333333,273.95,90.330598295715,8.7433735694099
2023-03-13 22:00:00,52.6166666666667,273.183333333333,92.1800068143801,6.79242938959452
2023-03-13 23:00:00,75.8666666666667,271.283333333333,73.7955330070965,2.29065957305662
2023-03-14 00:00:00,80.0166666666667,271.533333333333,95.0397986235402,4.23687704487779
2023-03-14 01:00:00,84.7,271.65,101.518092094685,7.73569146243882
2023-03-14 02:00:00,85.4,271.55,112.581922367262,8.7909416468886
2023-03-14 03:00:00,89.6666666666667,271.283333333333,116.728580364661,8.70499005490341
2023-03-14 04:00:00,92.7833333333333,270.966666666667,106.934378133971,5.80605693110006
2023-03-14 05:00:00,92.6166666666667,270.5,122.14461610474,3.30199327040191
2023-03-14 06:00:00,91.4666666666667,269.983333333333,114.126282386959,2.96023822110616
2023-03-14 07:00:00,91.1666666666667,269.55,121.15674269085,3.82400424404157
2023-03-14 08:00:00,91.5,269.15,38.2028227447086,2.15105198712934
2023-03-14 09:00:00,91.4166666666667,269.033333333333,78.1094996441386,1.62666476684254
2023-03-14 10:00:00,90.45,268.75,37.4854638236208,3.31861164887754
2023-03-14 11:00:00,87.4666666666667,269.7,74.2309486653118,2.51641097939287
2023-03-14 12:00:00,84.7666666666667,269.316666666667,21.6777752844008,3.76130896338002
2023-03-14 13:00:00,82.2,270.0,2.2063889459302,2.34067194077068
2023-03-14 14:00:00,83.5666666666667,269.05,347.495444676524,4.91486368880168
2023-03-14 15:00:00,86.0833333333333,269.5,1.12718425821413,3.93236246488563
2023-03-14 16:00:00,89.7,268.1,356.96450922297,7.19502679527427
2023-03-14 17:00:00,88.8333333333333,266.3,0.273771294662936,9.75518832889978
2023-03-14 18:00:00,87.8666666666667,265.383333333333,5.76579575007992,10.8895554330984
2023-03-14 19:00:00,86.05,264.133333333333,3.0936555280968,8.005189968194
2023-03-14 20:00:00,84.45,262.983333333333,18.0296280794734,9.2288502353418
2023-03-14 21:00:00,84.15,262.7,13.3987347820622,8.57603306950469
2023-03-14 22:00:00,84.3,262.95,2.33473129165935,6.50546829952935
2023-03-14 23:00:00,84.2833333333334,263.016666666667,7.13174397408739,7.07221116515456
2023-03-15 00:00:00,83.82,262.25,354.658854743449,7.77911073396274
2023-03-15 01:00:00,82.9833333333333,261.3,351.601588766559,5.536415897358
2023-03-15 02:00:00,,,,
2023-03-15 03:00:00,,,,
2023-03-15 04:00:00,81.8,260.73,7.00957019329712,8.68098412827604
2023-03-15 05:00:00,83.2166666666667,260.516666666667,4.40572952985508,10.3726100087288
2023-03-15 06:00:00,,,,
2023-03-15 07:00:00,,,,
2023-03-15 08:00:00,,,,
2023-03-15 09:00:00,,,,
2023-03-15 10:00:00,,,,
2023-03-15 11:00:00,81.6,259.99,350.957767995698,3.87437957380863
2023-03-15 12:00:00,83.38,261.79,353.265429637401,4.14106018793017
2023-03-15 13:00:00,,,,
2023-03-15 14:00:00,,,,
2023-03-15 15:00:00,82.7,261.49,357.987354428598,5.22807319392721
2023-03-15 16:00:00,82.94,261.73,359.781341161562,5.93157478960777
2023-03-15 17:00:00,,,,
2023-03-15 18:00:00,,,,
2023-03-15 19:00:00,,,,
2023-03-15 20:00:00,,,,
2023-03-15 21:00:00,79.72,258.01,4.98255537173128,8.48839937311963
2023-03-15 22:00:00,79.98,258.35,8.36113934314597,7.36162479685253
2023-03-15 23:00:00,,,,
2023-03-16 00:00:00,80.4,258.45,17.1408233481383,6.99534977159538
2023-03-16 01:00:00,80.9833333333333,258.983333333333,18.7136589228829,7.69472887101476
2023-03-16 02:00:00,81.65,259.833333333333,18.9524059264106,8.78002501163418
2023-03-16 03:00:00,,,,
2023-03-16 04:00:00,,,,
2023-03-16 05:00:00,,,,
2023-03-16 06:00:00,,,,
2023-03-16 07:00:00,,,,
2023-03-16 08:00:00,,,,
2023-03-16 09:00:00,82.6333333333333,265.433333333333,6.30231992924001,6.93625776386931
2023-03-16 10:00:00,,,,
2023-03-16 11:00:00,,,,
2023-03-16 12:00:00,77.16,266.25,339.2360727223,6.0977896378604
2023-03-16 13:00:00,,,,
2023-03-16 14:00:00,76.22,268.45,17.5406915286109,6.22675064026956
2023-03-16 15:00:00,76.0,268.75,13.1309105915779,5.66662065916781
2023-03-16 16:00:00,73.8166666666667,268.233333333333,10.7613441863817,6.80129329846633
2023-03-16 17:00:00,72.2333333333333,268.4,20.0918733128229,5.43397059243546
2023-03-16 18:00:00,74.54,268.33,21.6666895558201,6.71634385357938
2023-03-16 19:00:00,78.1166666666667,268.383333333333,30.3965370382975,5.47659971776637
2023-03-16 20:00:00,81.4166666666667,268.883333333333,28.868154184178,4.84266550490633
2023-03-16 21:00:00,83.0,269.65,17.1007401968618,5.1021391749158
2023-03-16 22:00:00,79.2333333333333,270.9,13.6199918283197,5.38206048753152
2023-03-16 23:00:00,62.8,271.783333333333,15.9490436446132,5.75825243238432
2023-03-17 00:00:00,39.5833333333333,272.166666666667,12.9263099894869,5.71054044254782
2023-03-17 01:00:00,21.45,272.566666666667,6.89302790199474,4.92455795003884
2023-03-17 02:00:00,16.1,273.483333333333,14.6783034809934,4.69707968870089
2023-03-17 03:00:00,,,,
2023-03-17 04:00:00,,,,
2023-03-17 05:00:00,25.2,273.683333333333,17.054395511778,3.73332158577603
2023-03-17 06:00:00,26.25,274.05,16.0310687845929,4.55348658159094
2023-03-17 07:00:00,25.4166666666667,274.25,16.7953692133494,4.00748258552935
2023-03-17 08:00:00,25.2166666666667,274.416666666667,15.7912788243212,4.04510488037443
2023-03-17 09:00:00,21.8833333333333,275.866666666667,19.1616734335119,4.48000936270185
2023-03-17 10:00:00,21.4833333333333,276.5,8.23105256226313,2.89661994387914
2023-03-17 11:00:00,27.9,278.27,57.4121636418914,1.56148244115574
2023-03-17 12:00:00,29.05,278.95,57.0895677620148,1.47824606085718
2023-03-17 13:00:00,30.5666666666667,279.333333333333,87.5282918350665,1.44751864936028
2023-03-17 14:00:00,34.7333333333333,278.883333333333,100.857534881251,1.99303752699609
2023-03-17 15:00:00,34.3166666666667,279.55,94.6475813546402,0.752868638877601
2023-03-17 16:00:00,34.3333333333333,279.566666666667,98.2513753474092,0.300483943480264
2023-03-17 17:00:00,37.2166666666667,277.666666666667,88.7591171736372,1.20144656356224
2023-03-17 18:00:00,40.0,275.883333333333,88.2850069121624,2.16822687317768
2023-03-17 19:00:00,42.0833333333333,275.366666666667,102.391058944113,1.3636405517773
2023-03-17 20:00:00,37.4666666666667,275.2,93.5641001624401,1.38443488874155
2023-03-17 21:00:00,32.4,275.033333333333,105.456536007866,0.843229324988043
2023-03-17 22:00:00,25.9166666666667,275.083333333333,101.375208652491,1.47350865298533
2023-03-17 23:00:00,25.0666666666667,274.966666666667,101.817674669784,1.68448848849429
2023-03-18 00:00:00,24.7333333333333,274.733333333333,90.8059893720416,2.03339524747357
2023-03-18 01:00:00,27.4166666666667,274.333333333333,79.4187674360923,2.03030403794616
2023-03-18 02:00:00,,,,
2023-03-18 03:00:00,39.2,273.33,101.209650799752,2.35968334494907
2023-03-18 04:00:00,,,,
2023-03-18 05:00:00,48.72,272.91,71.9221343318949,2.62706323119133
2023-03-18 06:00:00,49.22,272.63,43.6688351112089,0.917935348442145
2023-03-18 07:00:00,,,,
2023-03-18 08:00:00,,,,
2023-03-18 09:00:00,,,,
2023-03-18 10:00:00,48.06,274.69,102.06692192285,1.52482561953819
2023-03-18 11:00:00,49.76,275.01,94.8015508307402,1.6512318579189
2023-03-18 12:00:00,,,,
2023-03-18 13:00:00,57.26,274.97,92.9753455657764,2.48438953375365
2023-03-18 14:00:00,,,,
2023-03-18 15:00:00,,,,
2023-03-18 16:00:00,58.45,274.3,102.914301677575,2.23050302314906
2023-03-18 17:00:00,59.35,273.466666666667,101.780163069794,1.58340303764611
2023-03-18 18:00:00,,,,
2023-03-18 19:00:00,,,,
2023-03-18 20:00:00,,,,
2023-03-18 21:00:00,69.3666666666667,270.833333333333,104.599141789959,3.43204439436492
2023-03-18 22:00:00,,,,
2023-03-18 23:00:00,71.36,270.61,91.4378306355349,4.23313939159968
2023-03-19 00:00:00,69.62,270.83,84.7959442703553,5.20754818707591
2023-03-19 01:00:00,69.22,270.55,86.357540979294,4.93536094438518
2023-03-19 02:00:00,,,,
2023-03-19 03:00:00,67.52,269.99,92.7123362727863,3.2318391540258
2023-03-19 04:00:00,,,,
2023-03-19 05:00:00,58.28,269.77,90.5994970283107,1.8127750356143
2023-03-19 06:00:00,,,,
2023-03-19 07:00:00,,,,
2023-03-19 08:00:00,55.4,269.783333333333,100.438160667122,2.48377781862419
2023-03-19 09:00:00,,,,
2023-03-19 10:00:00,,,,
2023-03-19 11:00:00,63.5,272.37,91.6640695869733,1.55914111567977
2023-03-19 12:00:00,69.88,272.77,98.9936101463376,1.71757154117067
2023-03-19 13:00:00,,,,
2023-03-19 14:00:00,70.8333333333333,271.95,89.9657021357155,1.41753972528171
2023-03-19 15:00:00,,,,
2023-03-19 16:00:00,82.96,271.17,104.300422209375,0.879943369975273
2023-03-19 17:00:00,88.02,270.29,118.762974406522,1.16519927362261
2023-03-19 18:00:00,89.02,269.39,108.871803310857,1.72971137517861
2023-03-19 19:00:00,,,,
2023-03-19 20:00:00,91.56,268.99,101.375718561838,0.719956950081026
2023-03-19 21:00:00,91.6,268.85,32.3827744714375,0.549817562156762
2023-03-19 22:00:00,91.2166666666667,268.5,23.7346821450824,1.06289353366129
2023-03-19 23:00:00,90.9666666666667,268.3,27.2500016139629,0.921559596636368
2023-03-20 00:00:00,90.5833333333333,267.833333333333,35.5567536871912,0.32164753945121
2023-03-20 01:00:00,90.6333333333333,267.6,0.964698220014384,2.68635539126305
2023-03-20 02:00:00,,,,
2023-03-20 03:00:00,,,,
2023-03-20 04:00:00,,,,
2023-03-20 05:00:00,,,,
2023-03-20 06:00:00,,,,
2023-03-20 07:00:00,,,,
2023-03-20 08:00:00,,,,
2023-03-20 09:00:00,89.64,267.29,279.207516801469,0.770272553628829
2023-03-20 10:00:00,90.38,268.49,164.478009455856,0.856141730810779
2023-03-20 11:00:00,88.7,269.35,132.216361684293,2.92292811297683
2023-03-20 12:00:00,83.8333333333333,269.433333333333,119.958632935898,3.91905133626141
2023-03-20 13:00:00,,,,
2023-03-20 14:00:00,83.8833333333333,272.25,126.398857949372,1.10969961375832
2023-03-20 15:00:00,79.1,272.77,114.537971422284,0.791442551391272
2023-03-20 16:00:00,79.65,270.883333333333,25.6593798630976,2.69680185063744
2023-03-20 17:00:00,85.5833333333333,268.9,17.6161183859502,4.05991056323273
2023-03-20 18:00:00,77.75,268.833333333333,19.3635165944141,3.51225438421329
2023-03-20 19:00:00,57.5666666666667,268.316666666667,25.6071121941651,2.77044426783415
2023-03-20 20:00:00,53.6333333333333,268.35,29.1155691587276,4.80013776789508
2023-03-20 21:00:00,57.3833333333333,268.15,20.9328158535333,6.30432451488861
2023-03-20 22:00:00,57.15,267.9,15.0341196448312,5.8972158992003
2023-03-20 23:00:00,55.55,267.866666666667,10.9240164194437,6.27433708776256
2023-03-21 00:00:00,51.3833333333333,267.983333333333,30.5422471765673,5.52022924278519
2023-03-21 01:00:00,49.6166666666667,268.083333333333,12.7991407578359,6.59553535663758
2023-03-21 02:00:00,49.66,268.07,349.322081913662,6.8046333271443
2023-03-21 03:00:00,76.1166666666667,268.766666666667,16.3485899854451,6.43591130199312
2023-03-21 04:00:00,84.8833333333333,268.65,7.42748068992131,5.72059101919792
2023-03-21 05:00:00,89.15,268.466666666667,11.0468925147325,4.4413455062718
2023-03-21 06:00:00,85.4,268.133333333333,4.19192869941287,5.85024625167142
2023-03-21 07:00:00,90.8,269.116666666667,5.10106040135065,5.21841651266826
2023-03-21 08:00:00,91.05,269.816666666667,11.4066086789717,5.08941735205104
2023-03-21 09:00:00,91.1333333333333,270.266666666667,11.3356608100785,5.81191367328168
2023-03-21 10:00:00,86.0,271.083333333333,352.923088388822,5.40108209260387
2023-03-21 11:00:00,90.95,271.566666666667,341.28055789578,4.69211962830824
2023-03-21 12:00:00,89.2,271.95,336.838363454407,4.36857909055582
2023-03-21 13:00:00,88.0166666666667,272.316666666667,341.015229716006,3.63174595947164
2023-03-21 14:00:00,90.1333333333333,271.8,337.715721763189,4.87966499616771
2023-03-21 15:00:00,90.75,271.416666666667,344.659876046048,4.89193081372589
2023-03-21 16:00:00,91.35,271.166666666667,348.938618722701,4.15526645246104
2023-03-21 17:00:00,92.3666666666667,270.916666666667,350.30054141956,4.35666046556672
2023-03-21 18:00:00,93.0166666666667,270.7,356.419231526611,5.59633639344042
2023-03-21 19:00:00,93.8333333333333,270.483333333333,10.9437014938043,6.62943079582903
2023-03-21 20:00:00,93.5166666666667,270.466666666667,15.6903461375775,5.24307750873739
2023-03-21 21:00:00,93.5333333333334,270.516666666667,14.5352720834408,4.47197027035452
2023-03-21 22:00:00,93.45,270.433333333333,7.79723530448575,4.73831680233849
2023-03-21 23:00:00,93.3666666666667,270.35,5.4768089805076,4.07635012908424
2023-03-22 00:00:00,93.0333333333333,270.516666666667,48.3220880786955,1.43708103738864
2023-03-22 01:00:00,92.25,269.983333333333,39.6618595048232,1.78858009851863
2023-03-22 02:00:00,91.92,269.69,19.9379056978287,2.29575182829179
2023-03-22 03:00:00,,,,
2023-03-22 04:00:00,89.1,269.71,31.857640367511,1.902169873447
2023-03-22 05:00:00,,,,
2023-03-22 06:00:00,,,,
2023-03-22 07:00:00,,,,
2023-03-22 08:00:00,68.48,272.51,34.4914366137934,0.873195578231964
2023-03-22 09:00:00,,,,
2023-03-22 10:00:00,,,,
2023-03-22 11:00:00,,,,
2023-03-22 12:00:00,,,,
2023-03-22 13:00:00,,,,
2023-03-22 14:00:00,60.9,276.41,117.889292512868,0.826082359598484
2023-03-22 15:00:00,,,,
2023-03-22 16:00:00,,,,
2023-03-22 17:00:00,,,,
2023-03-22 18:00:00,,,,
2023-03-22 19:00:00,,,,
2023-03-22 20:00:00,78.92,271.99,9.84210328538745,1.82263649265621
2023-03-22 21:00:00,81.72,271.67,18.9604284149947,1.99295652466531
2023-03-22 22:00:00,76.4666666666667,271.45,38.6587652904553,1.57866755539531
2023-03-22 23:00:00,58.14,271.85,72.0086436936142,0.783161204702103
2023-03-23 00:00:00,51.56,271.67,56.9841050398404,1.29832948607652
2023-03-23 01:00:00,40.52,271.93,95.1283857060764,1.14910858736893
2023-03-23 02:00:00,,,,
2023-03-23 03:00:00,,,,
2023-03-23 04:00:00,27.78,272.45,38.6838016904986,1.49260263908366
2023-03-23 05:00:00,,,,
2023-03-23 06:00:00,,,,
2023-03-23 07:00:00,,,,
2023-03-23 08:00:00,,,,
2023-03-23 09:00:00,37.66,272.37,25.7984995935256,3.00137784390667
2023-03-23 10:00:00,,,,
2023-03-23 11:00:00,77.56,271.95,11.9808134029635,6.52959672856779
2023-03-23 12:00:00,,,,
2023-03-23 13:00:00,83.0,272.99,17.516774174667,3.88618480120574
2023-03-23 14:00:00,71.22,276.11,106.958824336885,1.68487462540527
2023-03-23 15:00:00,68.76,276.95,93.2626709449495,0.881005705758452
2023-03-23 16:00:00,72.28,276.27,31.6352140599771,1.37823766279941
2023-03-23 17:00:00,72.98,275.91,60.5525460869491,0.840008075416503
2023-03-23 18:00:00,76.04,274.45,76.4576997278766,1.74025937187524
2023-03-23 19:00:00,73.32,274.19,66.198848864958,1.86924954369153
2023-03-23 20:00:00,76.1166666666667,273.9,51.827812934747,1.79941846654151
2023-03-23 21:00:00,78.98,273.71,74.7523858974043,2.14696123046127
2023-03-23 22:00:00,81.0833333333333,273.6,63.020118240231,2.05376909241227
2023-03-23 23:00:00,81.5166666666667,273.766666666667,67.4556901323861,2.20862573258899
2023-03-24 00:00:00,84.4333333333333,273.55,70.5902975439577,1.5079612789263
2023-03-24 01:00:00,74.5833333333333,274.466666666667,80.7227113480341,2.90664239024082
2023-03-24 02:00:00,66.24,274.41,72.2985803656103,3.02618350845837
2023-03-24 03:00:00,66.66,273.59,42.2679007642291,3.71177183841383
2023-03-24 04:00:00,73.6833333333333,273.3,62.4144360209139,2.03966765388567
2023-03-24 05:00:00,73.1333333333333,273.383333333333,94.6145530518831,2.38058499377045
2023-03-24 06:00:00,67.64,273.57,79.3134740632257,2.37883947119376
2023-03-24 07:00:00,72.5,273.633333333333,88.0329464855128,2.23314270420504
2023-03-24 08:00:00,73.6,273.733333333333,93.7634065734164,1.85005020522609
2023-03-24 09:00:00,76.3166666666667,273.7,113.207585831763,2.30537792579243
2023-03-24 10:00:00,71.9166666666667,274.633333333333,109.406049495008,1.9417649861855
2023-03-24 11:00:00,75.65,274.716666666667,93.1720468066645,0.873241249317986
2023-03-24 12:00:00,82.05,273.766666666667,47.6962438622746,2.13456899303787
2023-03-24 13:00:00,84.52,274.07,80.1562799610672,1.37030381318733
2023-03-24 14:00:00,80.7333333333333,274.533333333333,73.2596652187408,1.51424604931488
2023-03-24 15:00:00,75.16,274.17,56.9825480724011,2.35773129404437
2023-03-24 16:00:00,75.45,274.033333333333,94.4625280952461,2.08296551047233
2023-03-24 17:00:00,80.5333333333333,273.05,113.838854843185,3.40848743453824
2023-03-24 18:00:00,87.55,272.183333333333,80.4373238995002,2.47002019833634
2023-03-24 19:00:00,93.3,271.133333333333,54.3802188466278,3.15313248944534
2023-03-24 20:00:00,92.6333333333333,270.116666666667,52.6782992187447,7.17803915076493
2023-03-24 21:00:00,81.7333333333333,270.65,73.5212884051492,4.06021350956179
2023-03-24 22:00:00,73.15,271.0,60.5694904365726,3.38993663246819
2023-03-24 23:00:00,88.5333333333334,270.15,45.0673422703267,2.71593380086727
2023-03-25 00:00:00,91.7666666666667,269.15,63.6796637078894,5.43344042780315
2023-03-25 01:00:00,91.5166666666667,268.466666666667,49.7127344227743,4.7565204774929
2023-03-25 02:00:00,,,,
2023-03-25 03:00:00,,,,
2023-03-25 04:00:00,,,,
2023-03-25 05:00:00,87.54,266.03,31.0296949136842,4.34833079899685
2023-03-25 06:00:00,87.84,265.59,43.4136885792225,7.64393451156177
2023-03-25 07:00:00,,,,
2023-03-25 08:00:00,87.64,265.23,51.9891981033129,5.2959049070284
2023-03-25 09:00:00,,,,
2023-03-25 10:00:00,,,,
2023-03-25 11:00:00,,,,
2023-03-25 12:00:00,87.06,266.89,34.8343987123104,3.96030075594464
2023-03-25 13:00:00,86.4,266.35,28.9938744578813,6.52567950773135
2023-03-25 14:00:00,86.68,265.85,8.79227199200665,12.0492180797581
2023-03-25 15:00:00,87.22,265.77,14.3939425569884,9.45027207943498
2023-03-25 16:00:00,87.54,265.87,25.0404775336224,6.59414412554619
2023-03-25 17:00:00,87.35,265.6,30.4255699754821,7.9856732815257
2023-03-25 18:00:00,87.26,265.05,31.3997532330159,6.59432547094309
2023-03-25 19:00:00,85.8166666666667,263.933333333333,30.7815036943107,8.10270682189277
2023-03-25 20:00:00,85.52,263.59,32.8885426703198,10.0418402122402
2023-03-25 21:00:00,86.2166666666667,263.9,41.702798991517,8.22141072681948
2023-03-25 22:00:00,86.3,263.89,50.2917010519798,7.61975124129892
2023-03-25 23:00:00,86.3333333333333,264.05,46.7365179511386,7.05654215432076
2023-03-26 00:00:00,86.42,264.11,44.5413051565488,10.0865754516075
2023-03-26 01:00:00,86.3833333333333,263.683333333333,39.9526201148788,8.26390277056364
2023-03-26 02:00:00,,,,
2023-03-26 03:00:00,,,,
2023-03-26 04:00:00,,,,
2023-03-26 05:00:00,85.32,264.13,55.6198217965032,6.19898976742583
2023-03-26 06:00:00,85.76,264.77,90.7852189209654,2.59004240121951
2023-03-26 07:00:00,87.48,266.07,68.6290136444222,4.69704940350339
2023-03-26 08:00:00,87.34,266.89,55.1608820978158,5.57026646114155
2023-03-26 09:00:00,,,,
2023-03-26 10:00:00,84.6833333333333,268.316666666667,75.5243836410088,2.94110010448112
2023-03-26 11:00:00,,,,
2023-03-26 12:00:00,85.8,269.89,103.14750582255,1.11798936203768
2023-03-26 13:00:00,88.24,269.85,127.66083620504,1.45043042171372
2023-03-26 14:00:00,89.3166666666667,268.483333333333,124.415390182567,1.77868240059832
2023-03-26 15:00:00,90.12,269.09,103.868598366473,0.279297819230056
2023-03-26 16:00:00,89.2166666666667,269.183333333333,61.0767797227524,0.734964254386082
2023-03-26 17:00:00,87.7666666666667,266.216666666667,15.3609446572772,6.95401935517653
2023-03-26 18:00:00,87.8,265.383333333333,11.9118218919222,8.6441640885429
2023-03-26 19:00:00,86.7833333333333,264.583333333333,3.81988903085426,6.64549254358396
2023-03-26 20:00:00,86.0666666666667,264.25,19.7008137679405,8.7179116935831
2023-03-26 21:00:00,84.1333333333333,262.783333333333,30.7091475560788,9.52933380590308
2023-03-26 22:00:00,84.35,263.016666666667,25.4921432663767,8.50694950856439
2023-03-26 23:00:00,83.9833333333333,262.75,33.7557088529631,7.78828573551639
2023-03-27 00:00:00,83.85,262.25,29.174564712292,8.56135732458272
2023-03-27 01:00:00,83.8666666666667,262.083333333333,24.602175012703,7.47729225974147
2023-03-27 02:00:00,83.9,262.15,16.8585136760761,9.23135746500123
2023-03-27 03:00:00,,,,
2023-03-27 04:00:00,82.42,262.21,17.7076888226953,5.68849362841374
2023-03-27 05:00:00,83.1833333333333,262.233333333333,21.8988350100926,5.64736345681108
2023-03-27 06:00:00,85.5,262.533333333333,26.300709593502,7.2942197799087
2023-03-27 07:00:00,84.65,262.816666666667,17.5449366406315,8.25219086638346
2023-03-27 08:00:00,84.25,262.833333333333,42.6646394684043,9.9018722826222
2023-03-27 09:00:00,84.4333333333333,262.916666666667,59.833231096491,10.4464387384589
2023-03-27 10:00:00,84.4333333333333,262.866666666667,77.8954234041617,10.4033054591143
2023-03-27 11:00:00,84.25,262.683333333333,47.1174875663674,9.44542237596136
2023-03-27 12:00:00,85.5166666666667,263.166666666667,14.9173278740181,6.87906367377577
2023-03-27 13:00:00,84.6166666666667,262.9,3.24786239768912,8.91834142508094
2023-03-27 14:00:00,84.0333333333333,262.6,351.560693907185,8.59848931678197
2023-03-27 15:00:00,83.4833333333333,262.083333333333,358.148177990354,7.73657569354965
2023-03-27 16:00:00,82.5666666666667,260.966666666667,355.535450810077,6.14466874139469
2023-03-27 17:00:00,81.7333333333333,259.95,9.50714664901091,8.44340700863091
2023-03-27 18:00:00,80.2,258.383333333333,3.41548209185277,10.5261114512078
2023-03-27 19:00:00,79.0333333333334,257.4,6.62300848928385,10.1877353163579
2023-03-27 20:00:00,78.1833333333333,256.75,0.636177543238887,9.68994411375217
2023-03-27 21:00:00,78.2666666666667,256.466666666667,352.29884877577,7.51706032323815
2023-03-27 22:00:00,78.55,256.733333333333,349.905063631217,6.64685385070819
2023-03-27 23:00:00,78.8166666666667,257.116666666667,343.325325235175,6.14939761077593
2023-03-28 00:00:00,78.9333333333333,256.95,359.482808457422,7.33541273121305
2023-03-28 01:00:00,78.95,256.816666666667,19.6507161486721,10.1429341303918
2023-03-28 02:00:00,,,,
2023-03-28 03:00:00,,,,
2023-03-28 04:00:00,,,,
2023-03-28 05:00:00,,,,
2023-03-28 06:00:00,,,,
2023-03-28 07:00:00,,,,
2023-03-28 08:00:00,,,,
2023-03-28 09:00:00,,,,
2023-03-28 10:00:00,,,,
2023-03-28 11:00:00,,,,
2023-03-28 12:00:00,80.2,260.83,356.275502700849,5.67834233201232
2023-03-28 13:00:00,,,,
2023-03-28 14:00:00,81.4166666666667,261.283333333333,14.7221720692357,6.48777244939602
2023-03-28 15:00:00,81.74,261.75,8.59231904550995,5.94809147623044
2023-03-28 16:00:00,82.04,261.93,0.599106265643798,7.0598958996803
2023-03-28 17:00:00,82.42,261.25,356.988022338217,7.3849669842369
2023-03-28 18:00:00,81.7333333333333,260.3,0.473132919874274,9.47067034155416
2023-03-28 19:00:00,80.8166666666667,259.533333333333,12.2663609966307,8.59483782679925
2023-03-28 20:00:00,80.7,259.73,18.5831712443084,10.953259885609
2023-03-28 21:00:00,73.2833333333333,260.75,16.2939165662524,13.1493794889854
2023-03-28 22:00:00,72.95,261.916666666667,22.7632303067233,12.1896901394805
2023-03-28 23:00:00,75.1833333333333,262.25,29.2720817756073,10.7476789570806
2023-03-29 00:00:00,81.0166666666667,262.65,23.8719779842425,10.5421893750059
2023-03-29 01:00:00,85.7166666666667,263.75,20.7697382945053,6.3557484377921
2023-03-29 02:00:00,,,,
2023-03-29 03:00:00,89.8833333333334,266.916666666667,15.5057993203377,11.5306205090474
2023-03-29 04:00:00,,,,
2023-03-29 05:00:00,,,,
2023-03-29 06:00:00,87.88,266.37,34.7286035407423,11.0758666035928
2023-03-29 07:00:00,88.82,266.57,35.6912556554133,8.95405006188435
2023-03-29 08:00:00,,,,
2023-03-29 09:00:00,,,,
2023-03-29 10:00:00,91.34,268.93,20.4167603666272,10.5613358996971
2023-03-29 11:00:00,,,,
2023-03-29 12:00:00,91.56,269.57,5.04055053850738,7.41650943195205
2023-03-29 13:00:00,,,,
2023-03-29 14:00:00,91.86,269.77,353.161956117816,7.50670117107576
2023-03-29 15:00:00,,,,
2023-03-29 16:00:00,92.66,270.49,0.967173280376358,10.387356489895
2023-03-29 17:00:00,92.95,270.3,1.35645692926624,10.2563413777259
2023-03-29 18:00:00,92.7666666666667,270.066666666667,3.90601113516283,11.9099316886132
2023-03-29 19:00:00,92.55,269.983333333333,7.63255421779059,10.4747182868617
2023-03-29 20:00:00,92.7,270.233333333333,354.008739074914,7.95147501729064
2023-03-29 21:00:00,93.1833333333333,270.566666666667,352.457381721828,6.9837516702545
2023-03-29 22:00:00,93.5833333333333,270.783333333333,354.242465580284,7.08501015012768
2023-03-29 23:00:00,93.75,270.866666666667,354.855961671241,6.5423045924105
2023-03-30 00:00:00,94.0333333333333,271.016666666667,358.678651554605,6.11068698371322
2023-03-30 01:00:00,94.55,271.7,348.887526551888,7.78163391920379
2023-03-30 02:00:00,94.7,271.73,340.775481589146,5.12816202563334
2023-03-30 03:00:00,94.9166666666667,271.583333333333,346.037703754037,5.58130167461227
2023-03-30 04:00:00,94.95,271.716666666667,344.409447418089,4.95994872088214
2023-03-30 05:00:00,94.6333333333333,271.516666666667,356.05269111615,3.94424274208442
2023-03-30 06:00:00,94.2833333333333,271.466666666667,350.323489466998,4.00776050348777
2023-03-30 07:00:00,94.75,271.766666666667,345.462047733663,2.91149360724446
2023-03-30 08:00:00,94.9666666666667,272.216666666667,359.017215459722,5.04797756911315
2023-03-30 09:00:00,95.0,272.883333333333,354.929305142526,3.42182967226595
2023-03-30 10:00:00,95.0,273.27,13.8020337242615,2.61223063882366
2023-03-30 11:00:00,95.0,273.683333333333,9.90192904827131,4.86578904519314
2023-03-30 12:00:00,95.0,273.666666666667,28.2103713888259,3.22433382005499
2023-03-30 13:00:00,94.9666666666667,273.9,22.1362165845638,3.72956071520192
2023-03-30 14:00:00,94.6833333333333,273.383333333333,33.6997154345283,4.51319527360672
2023-03-30 15:00:00,94.7,272.866666666667,27.5884589840966,3.62729673647688
2023-03-30 16:00:00,94.6166666666667,272.35,46.6094808313365,2.48453592729471
2023-03-30 17:00:00,93.9166666666667,271.566666666667,60.4679041621718,5.83241755807467
2023-03-30 18:00:00,93.2666666666667,270.333333333333,60.5264075346212,4.79210440708127
2023-03-30 19:00:00,92.55,269.916666666667,77.4964622403506,4.69904322095736
2023-03-30 20:00:00,92.1166666666667,269.4,66.5040642942468,5.99999400280865
2023-03-30 21:00:00,91.65,268.683333333333,58.7888056481393,6.8105432753542
2023-03-30 22:00:00,91.25,268.166666666667,42.7769897238716,8.05833220936516
2023-03-30 23:00:00,90.8166666666667,267.8,48.1742443347405,9.29696701269543
2023-03-31 00:00:00,90.7833333333333,267.816666666667,45.9240144719366,6.918672619481
2023-03-31 01:00:00,90.5666666666667,267.216666666667,56.7844545532003,4.33938567167254
2023-03-31 02:00:00,,,,
2023-03-31 03:00:00,90.4,267.11,59.8104590099304,2.56780828633783
2023-03-31 04:00:00,91.28,268.13,49.3041304590865,4.13693371133879
2023-03-31 05:00:00,91.64,269.29,58.5254095442783,4.10468513521414
2023-03-31 06:00:00,,,,
2023-03-31 07:00:00,92.64,270.09,42.0151570078281,4.80226815290205
2023-03-31 08:00:00,93.18,270.45,37.600194468314,6.01446141434919
2023-03-31 09:00:00,,,,
2023-03-31 10:00:00,92.66,270.85,31.2811965930448,3.40913755137182
2023-03-31 11:00:00,,,,
2023-03-31 12:00:00,91.96,272.17,75.0871961560182,1.415912543998
2023-03-31 13:00:00,,,,
2023-03-31 14:00:00,,,,
2023-03-31 15:00:00,,,,
2023-03-31 16:00:00,91.28,269.33,24.5871119702866,4.36661775974025
2023-03-31 17:00:00,,,,
2023-03-31 18:00:00,90.02,266.87,45.8432253922637,5.98253671963266
2023-03-31 19:00:00,,,,
2023-03-31 20:00:00,,,,
2023-03-31 21:00:00,86.84,264.47,68.2298646077087,14.3807932010385
2023-03-31 22:00:00,86.85,264.2,52.0102097958587,7.35374540029807
2023-03-31 23:00:00,87.52,264.77,52.3252030498339,7.66018314180469
2023-04-01 00:00:00,87.5333333333333,264.766666666667,38.9880254151662,8.68210207664827
2023-04-01 01:00:00,87.36,264.21,38.6197853405616,12.4003120183023
2023-04-01 02:00:00,,,,
2023-04-01 03:00:00,,,,
2023-04-01 04:00:00,,,,
2023-04-01 05:00:00,85.78,264.11,31.5391781789443,10.4214268624601
2023-04-01 06:00:00,,,,
2023-04-01 07:00:00,,,,
2023-04-01 08:00:00,,,,
2023-04-01 09:00:00,87.46,264.99,25.8402275338478,8.0217472252022
2023-04-01 10:00:00,88.04,266.45,28.6932114050267,8.84970972825631
2023-04-01 11:00:00,87.98,266.61,26.527379519788,8.50139780567822
2023-04-01 12:00:00,88.76,267.35,21.1967672894289,7.02809932058914
2023-04-01 13:00:00,89.4,267.65,16.3667775973344,4.62588258770175
2023-04-01 14:00:00,90.08,268.63,10.0996341176216,3.62725185450469
2023-04-01 15:00:00,90.2,268.19,19.6449027948964,3.07440276090186
2023-04-01 16:00:00,89.9333333333333,267.716666666667,24.5044439693228,3.12136730814514
2023-04-01 17:00:00,89.3,266.85,20.9558837843882,4.88669473744423
2023-04-01 18:00:00,88.55,265.95,24.1534092887641,7.64681415931684
2023-04-01 19:00:00,87.3,264.65,32.1985010906511,5.82594109279915
2023-04-01 20:00:00,86.7833333333334,264.316666666667,33.1541120013915,7.47218423351404
2023-04-01 21:00:00,87.1,264.41,30.8166705394113,6.51518789011367
2023-04-01 22:00:00,87.3,264.416666666667,15.2808211552425,4.85369184376547
2023-04-01 23:00:00,87.3333333333333,264.55,14.6339136706453,5.03245809516905
2023-04-02 00:00:00,87.4666666666667,264.716666666667,358.568099809031,3.94215122521521
2023-04-02 01:00:00,87.5166666666667,264.416666666667,347.026313760146,3.51617158964881
2023-04-02 02:00:00,87.54,264.39,349.66392210852,3.84967892946259
2023-04-02 03:00:00,87.3,264.25,331.175088220712,3.21879464902048
2023-04-02 04:00:00,86.1666666666667,264.066666666667,340.603035615438,2.702700353766
2023-04-02 05:00:00,85.3666666666667,263.8,354.243213970946,2.07537639168514
2023-04-02 06:00:00,86.4166666666666,263.983333333333,355.535879912771,1.46102403477575
2023-04-02 07:00:00,86.5166666666667,264.133333333333,337.544594375926,1.29700707360863
2023-04-02 08:00:00,,,,
2023-04-02 09:00:00,89.6,266.99,336.430709857624,1.01415289822239
2023-04-02 10:00:00,91.3333333333333,269.65,337.211998952751,0.496066010070431
2023-04-02 11:00:00,92.74,272.11,319.415074998689,0.105963792847489
2023-04-02 12:00:00,94.3166666666667,274.3,,0.0
2023-04-02 13:00:00,93.7166666666667,273.2,,0.0
2023-04-02 14:00:00,93.0666666666667,272.3,24.4134430642661,0.0124561052247678
2023-04-02 15:00:00,92.1166666666667,270.583333333333,341.306010637085,1.35946419308911
2023-04-02 16:00:00,90.6333333333333,268.55,338.258584984442,2.30681252247386
2023-04-02 17:00:00,89.65,267.183333333333,344.312914310443,2.28102326398326
2023-04-02 18:00:00,89.2333333333333,266.416666666667,332.069469743299,2.00281907018941
2023-04-02 19:00:00,88.55,265.8,346.179409009762,3.10936965167792
2023-04-02 20:00:00,88.25,265.65,6.56243143688187,3.61913429141536
2023-04-02 21:00:00,88.3833333333333,265.55,9.25820460579268,3.13385579016127
2023-04-02 22:00:00,88.6333333333333,265.583333333333,9.86051083513024,3.66678179519571
2023-04-02 23:00:00,88.9166666666667,265.933333333333,9.69478898203971,3.47552469408403
2023-04-03 00:00:00,88.9,266.016666666667,24.6434412377392,2.75370946478837
2023-04-03 01:00:00,88.7333333333333,265.55,19.648926890237,2.38059755849729
2023-04-03 02:00:00,88.64,265.35,18.3416782952185,1.90378731408532
2023-04-03 03:00:00,,,,
2023-04-03 04:00:00,,,,
2023-04-03 05:00:00,,,,
2023-04-03 06:00:00,,,,
2023-04-03 07:00:00,,,,
2023-04-03 08:00:00,85.08,264.41,340.913667683902,0.710884886185808
2023-04-03 09:00:00,,,,
2023-04-03 10:00:00,83.36,265.49,324.299525000574,0.441647277646728
2023-04-03 11:00:00,,,,
2023-04-03 12:00:00,,,,
2023-04-03 13:00:00,87.36,268.03,347.0,0.072
2023-04-03 14:00:00,,,,
2023-04-03 15:00:00,83.2,265.61,,0.0
2023-04-03 16:00:00,,,,
2023-04-03 17:00:00,,,,
2023-04-03 18:00:00,,,,
2023-04-03 19:00:00,82.34,260.85,,0.0
2023-04-03 20:00:00,81.5,260.15,,0.0
2023-04-03 21:00:00,81.36,259.65,,0.0
2023-04-03 22:00:00,77.9,259.666666666667,225.0,0.0016666666666666
2023-04-03 23:00:00,59.08,259.75,246.000101562343,0.515842829381894
2023-04-04 00:00:00,51.8,259.49,264.742644250861,1.33489292367301
2023-04-04 01:00:00,53.5,258.91,280.884824838827,1.48240769713512
2023-04-04 02:00:00,54.64,258.29,288.154492230969,1.49362954990705
2023-04-04 03:00:00,31.6,259.05,253.378346869821,6.44861026757689
2023-04-04 04:00:00,,,,
2023-04-04 05:00:00,,,,
2023-04-04 06:00:00,,,,
2023-04-04 07:00:00,19.74,258.59,261.00309148046,5.85666387893504
2023-04-04 08:00:00,,,,
2023-04-04 09:00:00,18.9,259.35,260.798646242383,4.43718865763745
2023-04-04 10:00:00,18.06,260.89,229.37260137833,4.54541931030461
2023-04-04 11:00:00,20.06,261.25,230.263940356529,5.99833996417215
2023-04-04 12:00:00,,,,
2023-04-04 13:00:00,29.08,262.23,237.992815034944,4.06484851658768
2023-04-04 14:00:00,35.92,263.79,230.216900381236,1.30840469252947
2023-04-04 15:00:00,36.8,262.89,265.520956471092,1.81969330520841
2023-04-04 16:00:00,32.74,262.79,268.521523134654,1.84555839254336
2023-04-04 17:00:00,29.95,262.5,273.201129689828,2.90974590712351
2023-04-04 18:00:00,27.64,262.23,255.159965543663,4.15098839297393
2023-04-04 19:00:00,31.2666666666667,261.466666666667,255.277520535765,4.21374963687703
2023-04-04 20:00:00,25.65,261.216666666667,247.897404286278,5.17491874806298
2023-04-04 21:00:00,21.0666666666667,261.366666666667,242.962458878124,5.31362378330919
2023-04-04 22:00:00,20.0833333333333,261.083333333333,245.583723570239,4.28736516421048
2023-04-04 23:00:00,16.8666666666667,261.216666666667,245.335085902362,2.49678611618551
2023-04-05 00:00:00,15.8833333333333,261.333333333333,272.554818717882,3.44225157344148
2023-04-05 01:00:00,20.1333333333333,260.833333333333,286.75048341143,3.55695277430957
2023-04-05 02:00:00,21.18,260.85,280.672763837014,3.60093042284673
2023-04-05 03:00:00,23.3833333333333,260.516666666667,328.788317874033,3.55759501578297
2023-04-05 04:00:00,23.7666666666667,260.716666666667,348.983686252102,4.02672237501195
2023-04-05 05:00:00,24.34,260.61,344.532772506351,4.15325582978308
2023-04-05 06:00:00,27.66,260.37,346.177261879934,4.36930603250848
2023-04-05 07:00:00,30.6,260.916666666667,340.650964179092,4.86841210204534
2023-04-05 08:00:00,32.9833333333333,261.433333333333,336.662183744451,4.59085681155478
2023-04-05 09:00:00,34.0,261.95,328.368575629594,3.04349377508974
2023-04-05 10:00:00,33.7333333333333,262.716666666667,304.21693002218,1.94910607512897
2023-04-05 11:00:00,34.38,264.09,338.187983871058,0.777296625764085
2023-04-05 12:00:00,39.6,266.133333333333,14.1075074060643,0.229617645483469
2023-04-05 13:00:00,53.0166666666667,266.116666666667,46.5589351971929,0.53713610470927
2023-04-05 14:00:00,46.96,264.95,10.3136656025879,1.29192018900232
2023-04-05 15:00:00,53.2166666666667,262.716666666667,3.38741802774359,3.92544822107459
2023-04-05 16:00:00,63.6166666666667,262.116666666667,10.0098536249292,6.36071054265655
2023-04-05 17:00:00,77.6166666666667,261.4,8.46799950461985,5.34574266552239
2023-04-05 18:00:00,83.0166666666667,261.216666666667,9.90493388422158,5.51152226773485
2023-04-05 19:00:00,82.4666666666667,261.283333333333,11.1423253772547,4.89691332201818
2023-04-05 20:00:00,81.9166666666667,260.933333333333,22.9548275865473,3.86094233656522
2023-04-05 21:00:00,81.95,260.75,19.1300913927473,3.8303479394646
2023-04-05 22:00:00,82.0,260.683333333333,13.7002581867315,3.24533210850519
2023-04-05 23:00:00,82.0666666666667,260.683333333333,19.3899876829347,2.68760226057912
2023-04-06 00:00:00,81.9333333333333,260.416666666667,19.6727803368427,4.10559449630547
2023-04-06 01:00:00,81.2333333333333,259.616666666667,20.420101432468,5.38664332290165
2023-04-06 02:00:00,,,,
2023-04-06 03:00:00,,,,
2023-04-06 04:00:00,,,,
2023-04-06 05:00:00,,,,
2023-04-06 06:00:00,82.0,258.85,7.55467069748528,4.38479707622184
2023-04-06 07:00:00,80.7,259.05,12.4333135305058,5.72803941669334
2023-04-06 08:00:00,82.72,260.81,10.4000411870782,7.01291874923469
2023-04-06 09:00:00,83.5,262.35,14.3972411351031,6.61341202234178
2023-04-06 10:00:00,,,,
2023-04-06 11:00:00,,,,
2023-04-06 12:00:00,,,,
2023-04-06 13:00:00,,,,
2023-04-06 14:00:00,,,,
2023-04-06 15:00:00,,,,
2023-04-06 16:00:00,,,,
2023-04-06 17:00:00,,,,
2023-04-06 18:00:00,,,,
2023-04-06 19:00:00,,,,
2023-04-06 20:00:00,82.14,261.15,3.79981255757269,8.64738623891324
2023-04-06 21:00:00,82.46,261.21,12.3049357998434,7.9043738602712
2023-04-06 22:00:00,82.56,261.13,7.76032926817697,7.57695504057173
2023-04-06 23:00:00,82.54,261.13,24.596421177454,6.06395927780311
2023-04-07 00:00:00,82.44,261.03,23.674342010499,5.99294567744214
2023-04-07 01:00:00,83.2666666666667,261.4,24.6832923701618,7.67216121250425
2023-04-07 02:00:00,84.06,262.23,19.5710066171401,7.39540022802758
2023-04-07 03:00:00,84.86,262.85,20.5875224864338,7.20695387469555
2023-04-07 04:00:00,,,,
2023-04-07 05:00:00,84.88,263.67,16.2236058162321,6.59462879614671
2023-04-07 06:00:00,85.08,263.71,7.1216935487422,4.12493704402471
2023-04-07 07:00:00,,,,
2023-04-07 08:00:00,,,,
2023-04-07 09:00:00,,,,
2023-04-07 10:00:00,,,,
2023-04-07 11:00:00,82.8833333333333,270.633333333333,34.5922224587523,1.13263110595522
2023-04-07 12:00:00,81.54,269.87,38.7934261406104,1.46670346551651
2023-04-07 13:00:00,78.6,270.29,10.0525415014209,2.55005935480191
2023-04-07 14:00:00,77.3833333333333,268.433333333333,352.313423935981,3.64789983323723
2023-04-07 15:00:00,79.2,269.31,343.490128916709,2.5065319009777
2023-04-07 16:00:00,82.6,270.97,10.922539829074,1.10682204606171
2023-04-07 17:00:00,84.32,268.93,15.5294244891559,1.23011098986631
2023-04-07 18:00:00,87.14,266.07,346.462536396619,3.8229476538418
2023-04-07 19:00:00,87.7166666666667,265.1,354.286210551391,3.01762433625618
2023-04-07 20:00:00,87.0166666666667,264.666666666667,352.504115457891,3.97355910354036
2023-04-07 21:00:00,86.45,264.033333333333,356.73489276179,4.4256666980726
2023-04-07 22:00:00,86.5666666666667,263.983333333333,0.412487854174515,3.55057534042429
2023-04-07 23:00:00,86.9666666666667,264.333333333333,351.043936367251,2.76382679891933
2023-04-08 00:00:00,87.15,264.633333333333,351.419799066291,2.19212380048231
2023-04-08 01:00:00,87.2166666666667,264.3,354.085334256837,2.00399910610774
2023-04-08 02:00:00,,,,
2023-04-08 03:00:00,86.74,264.09,359.675669028103,2.8210817212896
2023-04-08 04:00:00,,,,
2023-04-08 05:00:00,85.28,263.89,12.9789008923709,3.03455515999798
2023-04-08 06:00:00,86.5666666666667,263.616666666667,2.24950722240811,3.47093402503528
2023-04-08 07:00:00,85.8,263.75,1.01242706299553,3.13371070884573
2023-04-08 08:00:00,86.48,264.43,6.13626577708499,2.71442099947004
2023-04-08 09:00:00,86.2666666666667,264.95,9.55659208604118,5.02858135748874
2023-04-08 10:00:00,85.86,265.61,13.1939358580732,6.01735576957621
2023-04-08 11:00:00,85.2,266.23,10.3374839254636,4.76379322274877
2023-04-08 12:00:00,,,,
2023-04-08 13:00:00,83.02,268.01,1.43710236484202,4.54905892506485
2023-04-08 14:00:00,83.0,267.25,358.368909030088,5.53568881457511
2023-04-08 15:00:00,84.24,266.25,353.032367834721,5.46248852405093
2023-04-08 16:00:00,85.3166666666667,265.866666666667,357.242848110367,7.26108787066411
2023-04-08 17:00:00,87.0,265.483333333333,353.066708405919,7.49406895686069
2023-04-08 18:00:00,87.65,265.216666666667,5.5829530195341,5.28273220631126
2023-04-08 19:00:00,87.2666666666667,264.916666666667,4.52246224238138,5.45419553678003
2023-04-08 20:00:00,86.2833333333334,264.25,354.604755052657,5.80468796762054
2023-04-08 21:00:00,86.3,264.05,2.76599784889635,5.17040928381816
2023-04-08 22:00:00,85.9333333333333,263.616666666667,4.97087926653887,6.37196852691628
2023-04-08 23:00:00,85.8833333333333,263.566666666667,354.53896083823,5.30813754890057
2023-04-09 00:00:00,85.9,263.65,6.8099574100919,3.6452385693923
2023-04-09 01:00:00,85.8833333333333,263.433333333333,358.613615571537,2.54190019185611
2023-04-09 02:00:00,,,,
2023-04-09 03:00:00,83.88,262.49,343.731661460907,0.906421447956842
2023-04-09 04:00:00,,,,
2023-04-09 05:00:00,,,,
2023-04-09 06:00:00,84.3,261.97,353.52116474257,0.505619179267492
2023-04-09 07:00:00,,,,
2023-04-09 08:00:00,,,,
2023-04-09 09:00:00,,,,
2023-04-09 10:00:00,,,,
2023-04-09 11:00:00,,,,
2023-04-09 12:00:00,,,,
2023-04-09 13:00:00,84.44,267.15,115.023431215902,1.98233873565343
2023-04-09 14:00:00,86.38,269.43,11.2539570686067,0.0604080009454919
2023-04-09 15:00:00,81.28,270.31,13.7420446278993,1.79915830689948
2023-04-09 16:00:00,,,,
2023-04-09 17:00:00,85.68,265.67,8.86497149645925,5.0552570608066
2023-04-09 18:00:00,,,,
2023-04-09 19:00:00,86.7166666666667,263.783333333333,1.60449634864136,5.49614190098637
2023-04-09 20:00:00,85.96,263.33,5.54631467677541,5.11269670194564
2023-04-09 21:00:00,,,,
2023-04-09 22:00:00,84.2666666666667,262.6,346.353474534469,5.01482831198894
2023-04-09 23:00:00,84.2,262.733333333333,345.383031679022,4.29217696248133
2023-04-10 00:00:00,83.6,262.35,348.398966490422,4.57777252328969
2023-04-10 01:00:00,83.3333333333333,261.7,350.485328553782,4.31844898588142
2023-04-10 02:00:00,,,,
2023-04-10 03:00:00,,,,
2023-04-10 04:00:00,75.5,262.53,267.634610366628,4.98273556618686
2023-04-10 05:00:00,,,,
2023-04-10 06:00:00,68.48,263.65,328.440778380352,4.64726195276867
2023-04-10 07:00:00,,,,
2023-04-10 08:00:00,,,,
2023-04-10 09:00:00,,,,
2023-04-10 10:00:00,22.96,268.15,265.281212673054,3.74858017475335
2023-04-10 11:00:00,,,,
2023-04-10 12:00:00,15.06,272.39,254.811861781214,0.347662381341486
2023-04-10 13:00:00,,,,
2023-04-10 14:00:00,34.96,274.17,60.3948216635365,0.617152123947566
2023-04-10 15:00:00,33.26,271.41,358.853175353083,2.2129890363148
2023-04-10 16:00:00,34.98,270.43,2.41139360971999,3.00451516537705
2023-04-10 17:00:00,42.6166666666667,269.383333333333,14.766798837594,3.61448912331754
2023-04-10 18:00:00,51.2,268.366666666667,10.6647449362834,5.24326364696225
2023-04-10 19:00:00,54.2166666666667,267.916666666667,19.6069999750852,4.32037159804896
2023-04-10 20:00:00,50.9166666666667,267.933333333333,27.9358061952027,3.44063903677423
2023-04-10 21:00:00,45.2166666666667,267.916666666667,33.0369859291549,4.54600608336039
2023-04-10 22:00:00,37.4833333333333,268.0,33.618139328276,4.1161511857898
2023-04-10 23:00:00,43.8666666666667,267.783333333333,35.7549185054853,6.70129404842179
2023-04-11 00:00:00,41.0833333333333,268.15,42.4783314222328,7.32281188427601
2023-04-11 01:00:00,45.4333333333333,268.4,31.7599711669446,4.00061015778547
2023-04-11 02:00:00,58.8,268.71,36.4524550986347,1.69181544634673
2023-04-11 03:00:00,70.8833333333333,268.766666666667,40.7833090304004,2.52636033180013
2023-04-11 04:00:00,,,,
2023-04-11 05:00:00,85.2,268.67,33.9506961546087,5.57705148431263
2023-04-11 06:00:00,89.4666666666667,268.766666666667,35.0436127833236,5.46088073757091
2023-04-11 07:00:00,92.18,269.35,27.0719178690093,7.38420272350684
2023-04-11 08:00:00,91.84,269.51,33.8836210452491,8.15667336236135
2023-04-11 09:00:00,,,,
2023-04-11 10:00:00,,,,
2023-04-11 11:00:00,89.7333333333333,269.783333333333,14.3548508289136,6.2636380443828
2023-04-11 12:00:00,90.3,269.716666666667,11.5736937754135,5.5881039581602
2023-04-11 13:00:00,89.85,269.266666666667,10.2253334611862,8.79533610760782
2023-04-11 14:00:00,89.7666666666667,268.85,14.7631543726757,8.55592885215409
2023-04-11 15:00:00,90.35,268.783333333333,16.7480514181635,8.85111953841564
2023-04-11 16:00:00,89.95,268.433333333333,24.7510995084713,7.21312431689383
2023-04-11 17:00:00,90.05,268.266666666667,30.3063522128304,6.61612695184212
2023-04-11 18:00:00,90.2333333333333,267.666666666667,20.0811722116549,5.22798996160789
2023-04-11 19:00:00,89.4666666666667,266.816666666667,21.4142555825307,4.99952548191579
2023-04-11 20:00:00,88.4833333333333,266.166666666667,8.65214817693624,5.59860500031532
2023-04-11 21:00:00,88.35,265.833333333333,14.0986339979382,5.85060360603645
2023-04-11 22:00:00,88.0666666666667,265.383333333333,33.555150617523,4.08261324265219
2023-04-11 23:00:00,88.1166666666667,265.383333333333,34.2181442327832,2.73109907796879
2023-04-12 00:00:00,88.3833333333333,265.583333333333,33.3866241658988,2.37623856484291
2023-04-12 01:00:00,90.7166666666667,267.866666666667,41.6607961397145,1.786626528474
2023-04-12 02:00:00,,,,
2023-04-12 03:00:00,,,,
2023-04-12 04:00:00,,,,
2023-04-12 05:00:00,,,,
2023-04-12 06:00:00,91.46,269.17,24.3925361208275,5.25571646465201
2023-04-12 07:00:00,,,,
2023-04-12 08:00:00,92.72,270.19,22.2532334642002,7.18848127226324
2023-04-12 09:00:00,,,,
2023-04-12 10:00:00,,,,
2023-04-12 11:00:00,,,,
2023-04-12 12:00:00,91.08,271.41,10.4719235373975,6.76791232888331
2023-04-12 13:00:00,,,,
2023-04-12 14:00:00,89.3,271.95,16.6109636552177,3.74758053199857
2023-04-12 15:00:00,,,,
2023-04-12 16:00:00,,,,
2023-04-12 17:00:00,,,,
2023-04-12 18:00:00,90.34,271.13,70.7930703739276,1.1208081715
2023-04-12 19:00:00,91.12,270.31,100.572391129511,2.44276333324823
2023-04-12 20:00:00,92.4333333333333,269.916666666667,99.4523397809514,3.42882024144481
2023-04-12 21:00:00,90.94,269.73,98.4184885476141,3.27347819924185
2023-04-12 22:00:00,89.02,269.67,91.6392212214091,2.71934160684262
2023-04-12 23:00:00,92.2166666666667,269.766666666667,96.8365122128999,2.86634311588093
2023-04-13 00:00:00,92.9666666666667,269.833333333333,114.435219621494,1.51963627857371
2023-04-13 01:00:00,90.72,268.53,6.42650077018129,4.44227846841916
2023-04-13 02:00:00,,,,
2023-04-13 03:00:00,,,,
2023-04-13 04:00:00,88.12,265.81,335.233353269747,3.4227650410178
2023-04-13 05:00:00,,,,
2023-04-13 06:00:00,85.22,263.67,344.121503970534,4.42881683466965
2023-04-13 07:00:00,86.62,263.85,346.457444527603,2.52681852656206
2023-04-13 08:00:00,86.9,264.59,325.787583735481,2.73654892128434
2023-04-13 09:00:00,86.52,265.11,343.043137784864,3.87529638410792
2023-04-13 10:00:00,85.52,264.91,336.212485463108,4.56730893430744
2023-04-13 11:00:00,,,,
2023-04-13 12:00:00,83.55,263.4,354.468407455569,6.37617053188016
2023-04-13 13:00:00,,,,
2023-04-13 14:00:00,82.5,262.916666666667,354.976704871829,6.51233301271251
2023-04-13 15:00:00,82.36,262.89,341.251795963847,6.39073281587984
2023-04-13 16:00:00,82.18,262.49,348.327770830385,6.30390606742774
2023-04-13 17:00:00,82.26,261.81,337.122536743693,6.03305356916049
2023-04-13 18:00:00,82.42,261.27,337.444790047614,5.5258047025224
2023-04-13 19:00:00,82.4833333333333,260.966666666667,337.87371931289,5.46374722668942
2023-04-13 20:00:00,82.1833333333333,260.8,346.14671925071,5.22938437032696
2023-04-13 21:00:00,82.4,260.933333333333,344.315577164116,5.49926810176985
2023-04-13 22:00:00,82.7166666666667,261.016666666667,345.817987709942,6.0231338203911
2023-04-13 23:00:00,83.0166666666667,261.316666666667,352.82217112447,6.40171266894536
2023-04-14 00:00:00,83.2833333333334,261.583333333333,351.362516325782,5.89939273262253
2023-04-14 01:00:00,83.5333333333334,261.766666666667,354.089386297486,6.7721987584151
2023-04-14 02:00:00,83.42,261.47,9.69356916305037,6.64954049449809
2023-04-14 03:00:00,83.5,261.483333333333,6.19563923685325,7.47133377217643
2023-04-14 04:00:00,83.44,261.65,15.9305978711013,6.270845675032
2023-04-14 05:00:00,82.4,261.85,13.2638215365639,6.82064347422335
2023-04-14 06:00:00,,,,
2023-04-14 07:00:00,83.38,262.19,20.4831136193874,8.19389451990157
2023-04-14 08:00:00,84.0,262.63,27.0267651754237,9.32814473429776
2023-04-14 09:00:00,85.0,263.15,26.27874263077,7.94682965491116
2023-04-14 10:00:00,,,,
2023-04-14 11:00:00,86.3333333333333,265.216666666667,26.6502949811842,7.47470100184716
2023-04-14 12:00:00,86.26,266.25,24.1988052077979,7.77870822778244
2023-04-14 13:00:00,85.9,266.516666666667,11.1264336612857,7.75042438712908
2023-04-14 14:00:00,84.4833333333333,266.183333333333,9.1060808356915,6.50683133271075
2023-04-14 15:00:00,,,,
2023-04-14 16:00:00,85.1,264.6,0.861340623658293,4.64811112454961
2023-04-14 17:00:00,85.1,264.11,2.12098859053577,3.86004195706002
2023-04-14 18:00:00,85.5333333333333,263.75,356.267364046053,3.64772960268513
2023-04-14 19:00:00,85.1166666666667,263.233333333333,344.861453635123,2.99709067107206
2023-04-14 20:00:00,83.6166666666667,262.7,333.589696928254,2.22717477586821
2023-04-14 21:00:00,83.9833333333333,262.75,333.558332276537,1.61921046674707
2023-04-14 22:00:00,84.15,262.783333333333,340.997555060451,1.21558453783803
2023-04-14 23:00:00,84.2333333333333,262.883333333333,352.053863089666,0.95491207765701
2023-04-15 00:00:00,84.05,262.65,355.660585524181,0.939297516535033
2023-04-15 01:00:00,84.1,262.533333333333,7.16223512612601,0.862008806358423
2023-04-15 02:00:00,83.86,262.13,14.3270586223025,0.741478636905868
2023-04-15 03:00:00,83.62,261.93,10.0042228025125,0.646509670713229
2023-04-15 04:00:00,,,,
2023-04-15 05:00:00,,,,
2023-04-15 06:00:00,,,,
2023-04-15 07:00:00,,,,
2023-04-15 08:00:00,,,,
2023-04-15 09:00:00,,,,
2023-04-15 10:00:00,,,,
2023-04-15 11:00:00,,,,
2023-04-15 12:00:00,83.8833333333333,268.433333333333,13.5284380457058,4.84694369166585
2023-04-15 13:00:00,82.2,267.61,14.6338499923883,4.52594897428846
2023-04-15 14:00:00,84.36,266.91,7.84713675004224,5.69492457138319
2023-04-15 15:00:00,85.2333333333333,266.683333333333,7.43933436642021,6.66251218836223
2023-04-15 16:00:00,86.7,266.633333333333,6.87233749542895,7.53232080257631
2023-04-15 17:00:00,86.8166666666667,265.283333333333,2.0867756056474,7.28716841180315
2023-04-15 18:00:00,86.3666666666667,264.383333333333,354.904653651379,6.62136833950988
2023-04-15 19:00:00,86.45,263.966666666667,353.73639368959,5.65920459090619
2023-04-15 20:00:00,86.0,263.93,3.88987342822981,6.28054732106728
2023-04-15 21:00:00,86.16,263.91,7.29763837105509,7.64837734860538
2023-04-15 22:00:00,86.4333333333333,263.95,356.815572685088,7.9460726767996
2023-04-15 23:00:00,86.8333333333333,264.2,6.09385350894917,8.90730310414171
2023-04-16 00:00:00,87.0833333333333,264.45,25.1980461239657,8.7080429204596
2023-04-16 01:00:00,87.0333333333334,264.466666666667,26.9243832000259,8.38167970581301
2023-04-16 02:00:00,,,,
2023-04-16 03:00:00,87.1,264.11,21.294116078582,7.37026954357138
2023-04-16 04:00:00,,,,
2023-04-16 05:00:00,,,,
2023-04-16 06:00:00,85.56,264.15,356.752173708031,4.7813181731017
2023-04-16 07:00:00,87.02,264.43,9.16435177288633,4.56452603801786
2023-04-16 08:00:00,87.0666666666667,265.016666666667,3.12007372413314,4.97381760983444
2023-04-16 09:00:00,87.66,265.69,355.59264580443,6.60258160682817
2023-04-16 10:00:00,88.04,266.93,359.382367541387,5.73210894162157
2023-04-16 11:00:00,88.1166666666667,267.833333333333,349.044094706519,5.04384278256045
2023-04-16 12:00:00,88.7666666666667,268.933333333333,352.741668950059,5.99497813177973
2023-04-16 13:00:00,89.8666666666667,269.716666666667,350.129298405512,5.81819514944489
2023-04-16 14:00:00,90.5,270.4,1.51218112269981,5.19657417925737
2023-04-16 15:00:00,90.3833333333333,269.116666666667,359.539034269421,5.9760911831438
2023-04-16 16:00:00,90.45,268.233333333333,355.453885263947,5.34961936836431
2023-04-16 17:00:00,90.1666666666667,267.683333333333,352.807101645293,4.91809506574786
2023-04-16 18:00:00,89.55,266.816666666667,349.176968117458,4.60095601894332
2023-04-16 19:00:00,89.1333333333333,266.233333333333,352.612735996358,3.83040312236482
2023-04-16 20:00:00,88.0833333333333,265.883333333333,347.738760582004,3.49846248768388
2023-04-16 21:00:00,88.15,265.783333333333,356.343317663209,3.0619482452582
2023-04-16 22:00:00,88.3166666666667,265.633333333333,4.8350514089359,2.8191055510008
2023-04-16 23:00:00,88.5166666666667,265.733333333333,345.730745010302,2.5214190451782
2023-04-17 00:00:00,88.5,265.766666666667,344.135033258044,2.16762511793439
2023-04-17 01:00:00,88.2666666666667,265.75,332.240256628741,1.49732001367213
2023-04-17 02:00:00,87.46,264.61,326.969164815678,1.23493156753268
2023-04-17 03:00:00,86.8,264.016666666667,327.93088959124,0.932617745141972
2023-04-17 04:00:00,85.85,263.45,303.613075326085,0.659295337438687
2023-04-17 05:00:00,84.72,263.43,272.952277486359,0.587176123672676
2023-04-17 06:00:00,84.7833333333333,263.45,275.041339048875,0.418561743005597
2023-04-17 07:00:00,86.75,264.366666666667,242.699701553924,0.877194135075626
2023-04-17 08:00:00,88.25,266.25,253.330743566196,0.535980360036921
2023-04-17 09:00:00,87.5666666666667,267.116666666667,220.169701687633,0.331796211162114
2023-04-17 10:00:00,87.3666666666667,267.066666666667,231.126703936978,0.375414295589454
2023-04-17 11:00:00,89.0166666666667,270.0,,0.0
2023-04-17 12:00:00,90.2333333333333,271.333333333333,150.0,0.0683333333333333
2023-04-17 13:00:00,92.8166666666667,274.35,11.3107143222805,0.322143928102852
2023-04-17 14:00:00,92.05,274.333333333333,102.57624293755,0.518821447117301
2023-04-17 15:00:00,91.7833333333333,273.666666666667,109.231278596421,0.406065856197367
2023-04-17 16:00:00,92.7666666666667,274.416666666667,274.156673571716,0.215851112333997
2023-04-17 17:00:00,92.15,271.816666666667,20.1439049372443,0.0047831721206818
2023-04-17 18:00:00,90.7333333333334,270.95,240.034698731442,0.136175049447591
2023-04-17 19:00:00,90.6333333333333,268.916666666667,325.244894622161,0.103239644161785
2023-04-17 20:00:00,89.1,266.916666666667,60.33840804899,0.0585374321747512
2023-04-17 21:00:00,89.25,266.55,128.698275220169,0.272801572489609
2023-04-17 22:00:00,89.2,266.3,109.413363110304,0.729022293273717
2023-04-17 23:00:00,88.8666666666667,265.95,112.860437442355,0.890250541988808
2023-04-18 00:00:00,88.6,265.533333333333,114.325816056499,1.78789756278632
2023-04-18 01:00:00,88.35,265.133333333333,113.838619790785,1.72237916519406
2023-04-18 02:00:00,88.34,265.03,113.252325835708,2.58403500240345
2023-04-18 03:00:00,,,,
2023-04-18 04:00:00,88.46,265.93,124.489452954544,7.02813656113288
2023-04-18 05:00:00,,,,
2023-04-18 06:00:00,,,,
2023-04-18 07:00:00,89.45,267.3,108.775879910323,2.51658806795804
2023-04-18 08:00:00,91.3,269.67,95.7864924031255,0.36381454707899
2023-04-18 09:00:00,90.92,272.23,115.260856940193,1.12317548629763
2023-04-18 10:00:00,,,,
2023-04-18 11:00:00,,,,
2023-04-18 12:00:00,,,,
2023-04-18 13:00:00,,,,
2023-04-18 14:00:00,,,,
2023-04-18 15:00:00,,,,
2023-04-18 16:00:00,89.9333333333333,273.266666666667,94.5188003913727,1.66508483676468
2023-04-18 17:00:00,94.95,275.883333333333,78.1208747763384,0.271530688861056
2023-04-18 18:00:00,92.56,275.33,25.1475303987596,0.300457712522404
2023-04-18 19:00:00,89.48,269.97,7.92666476451768,1.56437979470744
2023-04-18 20:00:00,90.8166666666667,268.333333333333,359.99424382726,2.36209018468619
2023-04-18 21:00:00,90.7,268.05,354.772771827694,2.41124833901848
2023-04-18 22:00:00,90.34,267.61,355.857352846329,2.21923202326601
2023-04-18 23:00:00,90.2833333333333,267.366666666667,318.910804565066,1.72693174796107
2023-04-19 00:00:00,89.4833333333334,267.383333333333,323.478767483126,1.11645643426503
2023-04-19 01:00:00,89.15,266.933333333333,341.458303948813,1.67949241090647
2023-04-19 02:00:00,87.6666666666667,266.783333333333,5.78554089040063,2.72391052350791
2023-04-19 03:00:00,86.52,266.53,18.8456018524088,3.82877332712626
2023-04-19 04:00:00,83.24,266.61,16.3845422544904,4.69979668753727
2023-04-19 05:00:00,80.2,266.65,21.8340034980591,5.83969722809447
2023-04-19 06:00:00,76.46,266.67,15.1005484034273,5.94913471632582
2023-04-19 07:00:00,75.7333333333333,267.166666666667,1.64975823281748,5.21203010821529
2023-04-19 08:00:00,83.84,267.17,345.906974008413,4.54702838903555
2023-04-19 09:00:00,87.5333333333333,267.4,329.731383988116,3.33513831582241
2023-04-19 10:00:00,84.9666666666667,267.783333333333,326.701987519812,3.33912221156093
2023-04-19 11:00:00,82.8166666666667,268.883333333333,344.064329469655,2.33120759490295
2023-04-19 12:00:00,81.94,269.41,359.105365242421,3.00344014537704
2023-04-19 13:00:00,82.15,269.15,345.367206613277,3.56642430647889
2023-04-19 14:00:00,84.65,269.133333333333,347.563927295683,4.02989711615757
2023-04-19 15:00:00,87.1666666666667,268.783333333333,355.169494466688,4.68680524599517
2023-04-19 16:00:00,87.9833333333334,268.55,8.75065246898066,4.32383421624253
2023-04-19 17:00:00,89.0333333333333,268.333333333333,4.8346703078829,4.87846903280368
2023-04-19 18:00:00,89.9166666666667,268.1,10.3406513501147,5.29168196835776
2023-04-19 19:00:00,90.8,267.816666666667,33.5499984063181,4.90207220810321
2023-04-19 20:00:00,90.4166666666667,267.7,48.2223576628034,2.94975806315563
2023-04-19 21:00:00,90.4166666666667,267.566666666667,43.853637490203,3.84680324767865
2023-04-19 22:00:00,90.2666666666667,267.433333333333,52.2975903730408,2.00211188716161
2023-04-19 23:00:00,90.3166666666667,267.4,50.8308898313453,2.33080711806549
2023-04-20 00:00:00,90.3,267.35,65.143345925436,1.9901481175944
2023-04-20 01:00:00,90.2166666666667,267.366666666667,75.3057775381093,1.09415526045946
2023-04-20 02:00:00,90.0333333333334,266.866666666667,75.8369698384379,1.33330118031443
2023-04-20 03:00:00,89.45,266.633333333333,74.1114645428655,2.14969175824542
2023-04-20 04:00:00,87.8166666666667,266.35,79.4186431548268,1.93175190769769
2023-04-20 05:00:00,86.1,266.25,96.4750186989704,1.01727777903426
2023-04-20 06:00:00,87.14,266.19,104.277594322655,0.994137172937789
2023-04-20 07:00:00,87.1333333333334,266.65,115.448506172006,1.37434572959991
2023-04-20 08:00:00,84.8833333333333,267.45,114.763489555171,3.00375393831335
2023-04-20 09:00:00,87.1333333333334,268.416666666667,120.434276134253,3.21719515313802
2023-04-20 10:00:00,87.15,269.883333333333,119.818100119184,2.55654312639665
2023-04-20 11:00:00,87.1666666666667,270.233333333333,110.378716436742,2.63600331718825
2023-04-20 12:00:00,88.7,270.566666666667,113.797130967954,2.93939718419277
2023-04-20 13:00:00,88.5333333333333,270.8,106.423662567952,4.16805724622474
2023-04-20 14:00:00,91.0333333333333,269.983333333333,111.215118229163,5.22834370537897
2023-04-20 15:00:00,90.5166666666667,270.95,113.717927969631,2.47974121929465
2023-04-20 16:00:00,90.6,270.35,111.231193740648,2.42157374823734
2023-04-20 17:00:00,91.05,269.7,117.014340813053,2.62375675494241
2023-04-20 18:00:00,91.1666666666667,268.9,109.090811131292,2.82383390512457
2023-04-20 19:00:00,91.2833333333334,268.333333333333,109.934801381648,1.63629060091648
2023-04-20 20:00:00,90.4833333333333,267.966666666667,113.897212466538,2.34476797644834
2023-04-20 21:00:00,90.6666666666667,267.966666666667,112.505866113626,2.33698413266896
2023-04-20 22:00:00,91.1333333333333,268.133333333333,117.594951984114,2.12757808173541
2023-04-20 23:00:00,91.2833333333334,268.283333333333,112.239232988057,1.87517506303136
2023-04-21 00:00:00,91.4,268.383333333333,111.00699055554,2.09160429750478
2023-04-21 01:00:00,91.4,268.6,106.884750084543,2.40813493796649
2023-04-21 02:00:00,91.24,267.91,111.633798041277,2.45169993717666
2023-04-21 03:00:00,91.2333333333333,267.866666666667,108.969119755293,1.63874303885346
2023-04-21 04:00:00,90.98,267.77,114.860352399596,1.61934488247015
2023-04-21 05:00:00,89.8,267.41,109.861893777462,1.752203961467
2023-04-21 06:00:00,89.8166666666667,267.4,116.147186437352,2.1309674700001
2023-04-21 07:00:00,90.4,267.583333333333,112.240543618669,1.78999658820687
2023-04-21 08:00:00,,,,
2023-04-21 09:00:00,90.62,268.45,117.971890568136,4.46740192072647
2023-04-21 10:00:00,91.08,270.11,112.628781503794,3.49894852034645
2023-04-21 11:00:00,90.9166666666667,271.7,105.855870994636,2.68065584024518
2023-04-21 12:00:00,90.8,271.27,108.234778621473,2.25511861639715
2023-04-21 13:00:00,90.84,273.45,99.9346002846784,1.12554185052556
2023-04-21 14:00:00,90.08,272.33,97.5241820412268,1.57585894569652
2023-04-21 15:00:00,92.58,274.19,102.935150765609,0.356162448477316
2023-04-21 16:00:00,91.02,273.75,78.0777119550699,0.407352859043166
2023-04-21 17:00:00,91.95,272.516666666667,81.7960794344774,0.378730539537991
2023-04-21 18:00:00,90.95,271.516666666667,83.3910029918697,0.951180759478297
2023-04-21 19:00:00,91.25,269.733333333333,92.0844792455422,0.836864667256538
2023-04-21 20:00:00,,,,
2023-04-21 21:00:00,90.6666666666667,268.683333333333,57.3436467431094,0.571345397530049
2023-04-21 22:00:00,90.82,268.67,65.4262429988902,0.417108566929552
2023-04-21 23:00:00,89.1,268.583333333333,16.4621351348079,1.77170990298694
2023-04-22 00:00:00,88.0166666666667,268.533333333333,3.06474079921583,3.21750766192761
2023-04-22 01:00:00,86.64,268.87,1.99908109640023,3.13330533560204
2023-04-22 02:00:00,,,,
2023-04-22 03:00:00,86.1666666666667,268.35,1.51712173068154,2.50641186601493
2023-04-22 04:00:00,83.68,268.27,10.2428036140689,1.87888866294367
2023-04-22 05:00:00,82.46,268.69,7.80191742210957,2.38490991504949
2023-04-22 06:00:00,,,,
2023-04-22 07:00:00,62.0833333333333,270.283333333333,355.905304597211,6.42228447319711
2023-04-22 08:00:00,59.74,271.15,347.98048461634,7.82446058152939
2023-04-22 09:00:00,57.4,271.65,353.052517546491,7.2579109354525
2023-04-22 10:00:00,52.62,272.47,354.509925247496,5.78376274254617
2023-04-22 11:00:00,48.7,273.21,357.684527031712,4.19878611777407
2023-04-22 12:00:00,57.78,273.81,347.58432719172,3.26001786230135
2023-04-22 13:00:00,62.4166666666667,273.983333333333,347.557283146802,3.37012141359766
2023-04-22 14:00:00,59.8,274.666666666667,345.888442291779,2.86220423963717
2023-04-22 15:00:00,60.8833333333333,275.316666666667,347.75520279636,2.25554969941556
2023-04-22 16:00:00,61.94,276.09,9.27757363502951,0.983465001785058
2023-04-22 17:00:00,63.4833333333333,276.25,70.3667162878535,0.421449354414994
2023-04-22 18:00:00,57.9833333333333,276.8,19.6666200712584,0.175455596472297
2023-04-22 19:00:00,70.7833333333333,274.416666666667,91.1416068430818,0.537550858921394
2023-04-22 20:00:00,84.26,272.51,93.3305600653516,1.6757553053974
2023-04-22 21:00:00,86.9333333333333,272.25,96.0264676276788,1.48255858023067
2023-04-22 22:00:00,87.6666666666667,272.0,97.3227696629678,2.28284879979907
2023-04-22 23:00:00,84.7833333333334,271.95,98.9822297688655,2.61588558462115
2023-04-23 00:00:00,83.15,271.833333333333,99.4463649122835,2.46088581632286
2023-04-23 01:00:00,86.5,271.633333333333,98.9283461877075,1.88632942668441
2023-04-23 02:00:00,89.22,271.43,98.8393766090173,2.62275774627883
2023-04-23 03:00:00,91.0333333333334,271.15,100.052153726951,1.40818527120069
2023-04-23 04:00:00,92.5,271.116666666667,89.4365908617531,0.971022120409544
2023-04-23 05:00:00,87.38,271.15,74.1942918784897,1.06031395126483
2023-04-23 06:00:00,82.28,270.99,76.9545326552058,1.28306819380322
2023-04-23 07:00:00,81.84,271.29,73.5485785943017,1.09751699754594
2023-04-23 08:00:00,81.9,271.35,69.470854679789,1.32692464224747
2023-04-23 09:00:00,77.9,273.65,103.066793785301,0.94785180325827
2023-04-23 10:00:00,75.96,274.57,102.27674555177,1.29493994722177
2023-04-23 11:00:00,66.0166666666667,276.75,109.869009589515,0.395873004755987
2023-04-23 12:00:00,71.9166666666667,275.983333333333,99.0957926971999,0.6349486837436
2023-04-23 13:00:00,74.9,275.1,86.7608658473785,1.45515523547018
2023-04-23 14:00:00,68.8333333333333,276.166666666667,95.0488723782684,0.662312251868091
2023-04-23 15:00:00,76.5,274.866666666667,90.8413587499699,1.00432651446894
2023-04-23 16:00:00,71.1,275.166666666667,89.4624316094024,1.21194185392395
2023-04-23 17:00:00,73.65,274.233333333333,95.0545134245181,1.18747296477544
2023-04-23 18:00:00,83.2166666666667,272.583333333333,89.9526041883146,1.69050432139519
2023-04-23 19:00:00,86.4,271.65,97.8375688196879,2.82786386475545
2023-04-23 20:00:00,86.9666666666667,271.1,106.474636061635,2.70440008826328
2023-04-23 21:00:00,87.3833333333333,271.066666666667,100.427619601789,1.57601480527367
2023-04-23 22:00:00,89.5166666666667,271.133333333333,106.830532026283,1.51568403773238
2023-04-23 23:00:00,88.3833333333334,271.0,112.399565088384,1.41535272699523
2023-04-24 00:00:00,94.2166666666667,270.933333333333,107.151362866636,3.26696007354433
2023-04-24 01:00:00,93.8666666666667,271.2,100.90368654711,1.60991092702538
2023-04-24 02:00:00,92.9333333333333,270.05,26.5921254071957,2.34275525481576
2023-04-24 03:00:00,90.95,267.783333333333,357.797834069144,7.73157971049569
2023-04-24 04:00:00,90.6,267.55,7.89858255288198,6.37037971115501
2023-04-24 05:00:00,89.5833333333333,267.416666666667,12.8929237296146,3.73209647736121
2023-04-24 06:00:00,89.34,267.41,10.0693292082061,3.94936837561185
2023-04-24 07:00:00,90.7,267.733333333333,19.6653232170503,5.35712360681083
2023-04-24 08:00:00,90.85,267.95,12.5978532766908,6.40220239981257
2023-04-24 09:00:00,91.14,268.25,24.9613387250997,7.41878485001869
2023-04-24 10:00:00,91.1833333333333,268.516666666667,26.7860671511718,6.58775636558439
2023-04-24 11:00:00,91.34,268.91,11.7966005233944,6.08171523024499
2023-04-24 12:00:00,90.35,269.05,18.346929096896,6.81841170474885
2023-04-24 13:00:00,90.36,268.83,11.3364220176728,7.77454909709962
2023-04-24 14:00:00,90.5,268.53,358.449478818147,6.36451106373307
2023-04-24 15:00:00,90.78,268.71,354.557127705599,6.65233628755622
2023-04-24 16:00:00,90.25,268.15,2.34246480138131,5.61565167542983
2023-04-24 17:00:00,90.0,267.85,7.94428062609285,6.022184973819
2023-04-24 18:00:00,89.3333333333333,266.933333333333,13.8155944137013,4.13784983970055
2023-04-24 19:00:00,88.98,266.31,12.6741564579091,3.32900060715893
2023-04-24 20:00:00,87.4666666666667,265.416666666667,17.8619229747521,2.38752427472684
2023-04-24 21:00:00,87.3666666666667,264.9,16.1284482236348,4.27416586362441
2023-04-24 22:00:00,87.2833333333333,264.5,13.7588893623506,4.96201660309681
2023-04-24 23:00:00,87.7,264.95,14.9816087949106,7.59363620109151
2023-04-25 00:00:00,87.5833333333333,264.8,19.2872998176163,5.13623749385346
2023-04-25 01:00:00,87.8833333333333,265.033333333333,9.90737696223607,5.26402832157614
2023-04-25 02:00:00,87.75,264.65,19.7429787622548,3.21409010863837
2023-04-25 03:00:00,87.3333333333334,264.366666666667,26.8758827330649,3.12935249460406
2023-04-25 04:00:00,86.7333333333333,264.033333333333,25.6321797731554,3.09526144321122
2023-04-25 05:00:00,85.6666666666667,263.9,29.9449129194842,2.90252209582317
2023-04-25 06:00:00,86.5166666666667,264.25,29.5955406367918,3.56392466309941
2023-04-25 07:00:00,87.95,265.55,27.7567600019101,3.94216180259914
2023-04-25 08:00:00,86.76,265.49,22.3937534965074,7.7478549310983
2023-04-25 09:00:00,86.7,265.95,18.6785407983878,7.59392184810904
2023-04-25 10:00:00,86.4,266.833333333333,9.73657897986163,7.93134695123746
2023-04-25 11:00:00,86.62,267.27,5.43373159720017,7.1423445616399
2023-04-25 12:00:00,87.2833333333333,267.366666666667,356.194681493862,5.78967429061802
2023-04-25 13:00:00,87.4333333333333,266.716666666667,0.318250917294904,6.59732531405904
2023-04-25 14:00:00,87.2,266.883333333333,24.3935030047127,6.88898512496996
2023-04-25 15:00:00,87.1666666666667,267.283333333333,10.4032758367321,6.1001020177442
2023-04-25 16:00:00,87.2,265.983333333333,9.06616026036278,6.94044047611375
2023-04-25 17:00:00,87.2333333333333,265.166666666667,23.2315825657272,7.41920207508533
2023-04-25 18:00:00,86.8333333333333,264.416666666667,24.2573990294049,7.17835891339393
2023-04-25 19:00:00,86.4333333333333,263.716666666667,20.4427599856533,6.46247764413253
2023-04-25 20:00:00,85.8833333333334,263.716666666667,21.1109392996482,4.34057219013329
2023-04-25 21:00:00,86.25,263.95,25.7969512790328,3.79040453909608
2023-04-25 22:00:00,86.2,263.7,21.5276318257629,3.47281425374221
2023-04-25 23:00:00,86.5333333333333,263.866666666667,11.2485216099057,6.96878403762294
2023-04-26 00:00:00,86.5,263.966666666667,19.3763759805402,5.99574831873679
2023-04-26 01:00:00,86.35,263.766666666667,14.8149095214941,5.4398290985381
2023-04-26 02:00:00,86.3166666666667,263.45,21.801309778641,4.39009951846186
2023-04-26 03:00:00,86.2333333333333,263.383333333333,31.672429842943,5.01579536280056
2023-04-26 04:00:00,86.0666666666667,263.35,27.2086945753362,7.64543145397526
2023-04-26 05:00:00,84.8833333333333,263.3,27.7278376946499,4.76374037751475
2023-04-26 06:00:00,85.0666666666667,263.283333333333,27.8007317172171,3.73778971282243
2023-04-26 07:00:00,86.4,263.866666666667,36.1827816900963,3.0094556315313
2023-04-26 08:00:00,87.7,266.166666666667,34.6492312311098,3.55096438913043
2023-04-26 09:00:00,87.6166666666667,266.516666666667,27.1566059508904,5.80614149267857
2023-04-26 10:00:00,88.25,267.166666666667,16.0274448337253,5.21345761324747
2023-04-26 11:00:00,87.3833333333334,267.783333333333,18.9100704960075,3.89120533281231
2023-04-26 12:00:00,86.5333333333333,268.316666666667,22.0282324280668,2.78274747139402
2023-04-26 13:00:00,85.8333333333333,268.383333333333,17.3010359684619,3.26744866632287
2023-04-26 14:00:00,84.5333333333333,268.883333333333,23.6574395419406,2.23864571064344
2023-04-26 15:00:00,84.1666666666667,267.766666666667,11.7284688080237,6.29090074086588
2023-04-26 16:00:00,84.2666666666667,266.033333333333,358.808285525592,7.80433319709393
2023-04-26 17:00:00,84.0333333333333,266.366666666667,3.02802807241955,5.73083148012974
2023-04-26 18:00:00,83.4833333333333,266.116666666667,18.9299329722288,3.9530810393457
2023-04-26 19:00:00,84.5,265.416666666667,16.119985511868,4.71002434716036
2023-04-26 20:00:00,84.3,265.066666666667,21.624851932086,7.90582625984924
2023-04-26 21:00:00,82.7833333333333,265.05,22.9294255906501,8.91290375326946
2023-04-26 22:00:00,84.55,265.15,17.4436023665246,7.54707958137036
2023-04-26 23:00:00,87.6,265.7,13.8227630991259,5.84544603220762
2023-04-27 00:00:00,90.06,266.99,11.2783434479799,8.22381001723603
2023-04-27 01:00:00,90.4666666666667,267.483333333333,23.6282772888944,8.56676714892859
2023-04-27 02:00:00,90.3666666666667,267.5,25.1188524937517,7.36091182739028
2023-04-27 03:00:00,90.58,267.29,24.3285400322275,5.62754609510392
2023-04-27 04:00:00,90.7666666666667,267.483333333333,25.9376332413704,6.44396127755574
2023-04-27 05:00:00,90.6833333333333,267.566666666667,30.6806479870529,4.77730099842736
2023-04-27 06:00:00,90.7833333333333,267.766666666667,39.3255457592627,5.65153132266652
2023-04-27 07:00:00,90.7,268.033333333333,32.6157003755436,5.21260100821206
2023-04-27 08:00:00,90.9166666666667,268.3,4.67155924352267,4.03832829992778
2023-04-27 09:00:00,91.4333333333333,269.65,10.1465149860715,5.26078479934132
2023-04-27 10:00:00,90.22,269.85,10.4896893861551,8.72299246579328
2023-04-27 11:00:00,89.46,270.89,10.4156285070873,6.09734156537548
2023-04-27 12:00:00,87.9666666666667,272.316666666667,17.2776471881008,3.40818140175492
2023-04-27 13:00:00,87.4666666666667,273.05,27.3489010249216,1.98459172460253
2023-04-27 14:00:00,,,,
2023-04-27 15:00:00,85.95,273.15,7.98700164455181,2.34783458317821
2023-04-27 16:00:00,85.4,273.0,36.0725289961239,1.13116406978663
2023-04-27 17:00:00,85.5166666666667,272.266666666667,352.302389613268,4.35952845652264
2023-04-27 18:00:00,87.1833333333333,270.85,349.166086383368,8.13427550900324
2023-04-27 19:00:00,86.8666666666667,270.066666666667,351.341076557198,3.71520010993148
2023-04-27 20:00:00,86.54,269.35,3.24387487832553,2.99594007455599
2023-04-27 21:00:00,84.3166666666667,269.016666666667,13.6357281843559,2.44944165304785
2023-04-27 22:00:00,83.4833333333333,269.3,37.1434193873118,2.08312609321352
2023-04-27 23:00:00,83.04,269.27,36.8038122928887,3.11165539640844
2023-04-28 00:00:00,83.72,269.43,38.6458796227016,3.6675994135976
2023-04-28 01:00:00,85.8666666666667,269.6,24.6033996309648,5.99227126188396
2023-04-28 02:00:00,,,,
2023-04-28 03:00:00,86.54,269.39,0.412809673515312,10.3199361778254
2023-04-28 04:00:00,,,,
2023-04-28 05:00:00,,,,
2023-04-28 06:00:00,,,,
2023-04-28 07:00:00,,,,
2023-04-28 08:00:00,,,,
2023-04-28 09:00:00,94.6,273.19,34.8479226576633,3.77643100806299
2023-04-28 10:00:00,,,,
2023-04-28 11:00:00,92.02,274.75,6.06183172464745,3.31412405658391
2023-04-28 12:00:00,93.2,274.47,11.0408869157301,3.96714493513655
2023-04-28 13:00:00,,,,
2023-04-28 14:00:00,94.48,274.35,23.897066337722,10.9535476110738
2023-04-28 15:00:00,94.32,274.35,27.2842934225799,9.81379008630045
2023-04-28 16:00:00,94.88,274.01,16.6138335472599,7.42403538956538
2023-04-28 17:00:00,95.0,273.65,14.628420171038,9.46804466618274
2023-04-28 18:00:00,,,,
2023-04-28 19:00:00,94.9333333333333,273.016666666667,349.34107037073,6.29113545394737
2023-04-28 20:00:00,94.5333333333333,272.75,348.872937418362,4.53650562276962
2023-04-28 21:00:00,94.78,273.05,22.903350494154,6.06026128517984
2023-04-28 22:00:00,95.02,273.17,10.8459249805084,8.06929909657397
2023-04-28 23:00:00,95.1666666666667,273.016666666667,357.155478267177,6.4289378126411
2023-04-29 00:00:00,95.2,272.65,6.03622322583192,4.71770357164237
2023-04-29 01:00:00,95.2,272.766666666667,34.5304438766117,3.84391981309497
2023-04-29 02:00:00,95.2,273.01,32.3636615260782,4.88022907567276
2023-04-29 03:00:00,95.2,272.23,4.46541449312974,5.56682076805981
2023-04-29 04:00:00,95.2,272.09,358.108105075157,5.57065464259464
2023-04-29 05:00:00,,,,
2023-04-29 06:00:00,95.0166666666667,271.533333333333,7.85365588495631,5.89795468203408
2023-04-29 07:00:00,95.02,271.91,351.310703009617,5.36714120950358
2023-04-29 08:00:00,95.0,272.75,358.412052078016,4.70894801755211
2023-04-29 09:00:00,95.0,273.516666666667,358.040361953132,6.27474306852522
2023-04-29 10:00:00,,,,
2023-04-29 11:00:00,95.04,274.81,344.754174964916,5.05969534179395
2023-04-29 12:00:00,95.1,275.39,345.262736183557,4.01115120865446
2023-04-29 13:00:00,95.18,276.03,349.922981425336,1.77242899218531
2023-04-29 14:00:00,,,,
2023-04-29 15:00:00,95.2,276.1,352.442138880434,4.35396015512896
2023-04-29 16:00:00,95.15,275.633333333333,352.493060503697,3.24800079382582
2023-04-29 17:00:00,95.05,273.316666666667,350.634893532737,6.47721651283788
2023-04-29 18:00:00,95.0333333333334,272.7,1.48618867290696,6.67483577428878
2023-04-29 19:00:00,95.0,272.216666666667,356.415332114926,6.45348518574213
2023-04-29 20:00:00,94.5666666666667,271.833333333333,10.0284601622093,4.30735210157158
2023-04-29 21:00:00,94.65,271.95,11.9055130806553,3.15058966049561
2023-04-29 22:00:00,94.9166666666667,272.283333333333,356.187134283043,2.09773233425491
2023-04-29 23:00:00,95.0666666666667,271.95,328.129823233956,1.49037550969821
2023-04-30 00:00:00,95.0833333333333,271.75,341.913046808095,0.191664348970251
2023-04-30 01:00:00,94.5166666666667,271.4,,0.0
2023-04-30 02:00:00,94.38,271.29,,0.0
2023-04-30 03:00:00,,,,
2023-04-30 04:00:00,,,,
2023-04-30 05:00:00,93.74,270.35,,0.0
2023-04-30 06:00:00,,,,
2023-04-30 07:00:00,,,,
2023-04-30 08:00:00,94.92,275.27,,0.0
2023-04-30 09:00:00,,,,
2023-04-30 10:00:00,,,,
2023-04-30 11:00:00,89.94,278.15,71.6054244561448,0.921883175574525
2023-04-30 12:00:00,87.74,278.71,69.7749289425385,0.774484316940021
2023-04-30 13:00:00,84.36,279.27,47.4185671676409,0.163688344887312
2023-04-30 14:00:00,83.38,278.61,12.3195737371929,0.10013499433307
2023-04-30 15:00:00,81.1,277.95,349.658693400009,0.0430759174929083
2023-04-30 16:00:00,88.6166666666667,275.116666666667,286.029333626777,0.452775584407178
2023-04-30 17:00:00,86.4833333333333,274.666666666667,105.119386287146,1.40717937931316
2023-04-30 18:00:00,92.06,273.73,241.295620657643,0.245025962042504
2023-04-30 19:00:00,95.0833333333333,272.783333333333,126.444863242252,1.58452460770677
2023-04-30 20:00:00,94.64,272.19,108.312957534619,3.28002312781655
2023-04-30 21:00:00,94.7166666666667,272.1,105.545308762047,5.2533489650305
2023-04-30 22:00:00,94.9833333333333,272.183333333333,95.7046522057244,4.59987252391567
2023-04-30 23:00:00,95.0833333333333,272.066666666667,88.2299623911729,3.19852235832327
2023-05-01 00:00:00,95.1166666666667,271.916666666667,87.2154551694679,2.17252999313
2023-05-01 01:00:00,95.2,271.9,95.9003429029669,2.33930519461396
2023-05-01 02:00:00,95.08,271.99,103.964013022533,2.21866404063706
2023-05-01 03:00:00,,,,
2023-05-01 04:00:00,,,,
2023-05-01 05:00:00,94.52,270.97,85.6460689367698,1.36780098202603
2023-05-01 06:00:00,,,,
2023-05-01 07:00:00,94.0833333333333,270.9,99.6279973750657,1.44164686903606
2023-05-01 08:00:00,94.3,271.35,106.244770948896,1.55557533424181
2023-05-01 09:00:00,94.9,272.97,88.0291543197445,1.51266975944117
2023-05-01 10:00:00,94.72,273.45,83.451859626434,1.35538519406059
2023-05-01 11:00:00,94.3333333333333,273.833333333333,104.153328688673,1.08243102056914
2023-05-01 12:00:00,93.88,273.05,117.184491034432,3.75623674416719
2023-05-01 13:00:00,93.75,273.266666666667,114.817999235221,4.85562477653581
2023-05-01 14:00:00,93.38,272.89,102.589638082819,6.36099680687965
2023-05-01 15:00:00,92.9166666666667,272.683333333333,102.043767494743,5.32802050355211
2023-05-01 16:00:00,91.85,272.45,108.843836969224,4.23114521246579
2023-05-01 17:00:00,93.3,272.15,95.7742698863125,2.98071702886376
2023-05-01 18:00:00,93.4833333333333,271.95,86.4415394476816,1.60956280640954
2023-05-01 19:00:00,93.9666666666667,271.766666666667,78.246082967015,0.654705304944042
2023-05-01 20:00:00,93.6833333333333,271.183333333333,,0.0
2023-05-01 21:00:00,93.7666666666667,270.983333333333,,0.0
2023-05-01 22:00:00,93.5,270.6,,0.0
2023-05-01 23:00:00,93.5,270.066666666667,,0.0
2023-05-02 00:00:00,93.35,269.9,,0.0
2023-05-02 01:00:00,92.9666666666667,269.75,,0.0
2023-05-02 02:00:00,92.74,269.05,,0.0
2023-05-02 03:00:00,,,,
2023-05-02 04:00:00,,,,
2023-05-02 05:00:00,,,,
2023-05-02 06:00:00,,,,
2023-05-02 07:00:00,,,,
2023-05-02 08:00:00,,,,
2023-05-02 09:00:00,,,,
2023-05-02 10:00:00,,,,
2023-05-02 11:00:00,,,,
2023-05-02 12:00:00,,,,
2023-05-02 13:00:00,,,,
2023-05-02 14:00:00,,,,
2023-05-02 15:00:00,,,,
2023-05-02 16:00:00,,,,
2023-05-02 17:00:00,,,,
2023-05-02 18:00:00,,,,
2023-05-02 19:00:00,,,,
2023-05-02 20:00:00,,,,
2023-05-02 21:00:00,92.08,269.15,356.873217334621,2.48853133148222
2023-05-02 22:00:00,92.06,268.99,351.439949343853,2.43395509994521
2023-05-02 23:00:00,91.94,268.61,354.245313943139,1.88931823905031
2023-05-03 00:00:00,,,,
2023-05-03 01:00:00,91.34,268.09,300.384793191802,0.688775525604917
2023-05-03 02:00:00,,,,
2023-05-03 03:00:00,,,,
2023-05-03 04:00:00,91.08,267.47,,0.0
2023-05-03 05:00:00,90.54,267.55,,0.0
2023-05-03 06:00:00,,,,
2023-05-03 07:00:00,,,,
2023-05-03 08:00:00,,,,
2023-05-03 09:00:00,,,,
2023-05-03 10:00:00,,,,
2023-05-03 11:00:00,89.04,271.09,165.63636684054,0.065997673848669
2023-05-03 12:00:00,,,,
2023-05-03 13:00:00,,,,
2023-05-03 14:00:00,,,,
2023-05-03 15:00:00,95.0166666666667,276.5,36.9463009906736,0.547766707904933
2023-05-03 16:00:00,91.58,274.19,345.528104632899,2.22299230438653
2023-05-03 17:00:00,90.4,272.233333333333,343.606530984644,3.16293645685034
2023-05-03 18:00:00,,,,
2023-05-03 19:00:00,,,,
2023-05-03 20:00:00,92.68,270.37,347.254709958283,2.76697622063499
2023-05-03 21:00:00,90.84,268.99,323.075182024052,2.77875643763647
2023-05-03 22:00:00,85.4,268.17,311.904893304889,3.74750032954687
2023-05-03 23:00:00,84.06,268.27,297.170759656684,4.2323328840694
2023-05-04 00:00:00,85.4666666666667,268.75,305.244129644828,4.02109431401871
2023-05-04 01:00:00,83.4833333333333,269.283333333333,300.729708955529,3.72597730358855
2023-05-04 02:00:00,,,,
2023-05-04 03:00:00,,,,
2023-05-04 04:00:00,,,,
2023-05-04 05:00:00,,,,
2023-05-04 06:00:00,46.22,272.21,323.014659209781,4.65464801666311
2023-05-04 07:00:00,36.6333333333333,273.1,322.539783429986,4.68265914224708
2023-05-04 08:00:00,,,,
2023-05-04 09:00:00,31.72,273.91,325.7384105235,4.79110527623474
2023-05-04 10:00:00,28.38,274.71,327.251512137027,3.57744988961252
2023-05-04 11:00:00,28.2666666666667,275.933333333333,342.015662844381,2.09971022912259
2023-05-04 12:00:00,34.9166666666667,277.616666666667,28.8729943936369,1.00011092076343
2023-05-04 13:00:00,30.48,277.17,355.116697383313,1.16539432226523
2023-05-04 14:00:00,32.8666666666667,277.333333333333,357.769356079486,1.59549683509328
2023-05-04 15:00:00,38.1333333333333,275.583333333333,340.803924162593,4.64764275060782
2023-05-04 16:00:00,40.1833333333333,275.9,340.357772219012,3.50295056064669
2023-05-04 17:00:00,45.0666666666667,275.633333333333,340.350011746421,4.98252144047808
2023-05-04 18:00:00,49.0833333333333,275.516666666667,338.837862673802,4.69665077861038
2023-05-04 19:00:00,52.8666666666667,275.15,350.490106489967,2.8184603635617
2023-05-04 20:00:00,62.1666666666667,273.916666666667,354.469986443542,3.53297479231671
2023-05-04 21:00:00,66.3833333333334,273.5,353.748354463941,4.21423363637428
2023-05-04 22:00:00,71.45,273.283333333333,8.91726192019149,4.22059310381873
2023-05-04 23:00:00,71.6166666666667,273.1,15.5391520274279,4.02160047065506
2023-05-05 00:00:00,70.1666666666667,273.016666666667,14.9411118914958,5.25259932052506
2023-05-05 01:00:00,80.85,272.666666666667,6.26543725386136,6.81498752917856
2023-05-05 02:00:00,,,,
2023-05-05 03:00:00,,,,
2023-05-05 04:00:00,,,,
2023-05-05 05:00:00,,,,
2023-05-05 06:00:00,95.18,272.47,0.0274489063933743,5.21789916692932
2023-05-05 07:00:00,94.98,272.85,349.347273439073,4.16695589901611
2023-05-05 08:00:00,93.02,273.45,334.466118975003,3.37106183418384
2023-05-05 09:00:00,,,,
2023-05-05 10:00:00,85.12,276.57,104.213506708826,1.26480527916953
2023-05-05 11:00:00,80.68,277.09,94.9002451372494,3.51817387598567
2023-05-05 12:00:00,,,,
2023-05-05 13:00:00,,,,
2023-05-05 14:00:00,,,,
2023-05-05 15:00:00,,,,
2023-05-05 16:00:00,,,,
2023-05-05 17:00:00,,,,
2023-05-05 18:00:00,,,,
2023-05-05 19:00:00,,,,
2023-05-05 20:00:00,,,,
2023-05-05 21:00:00,,,,
2023-05-05 22:00:00,95.12,273.75,357.448798543943,4.84114286589727
2023-05-05 23:00:00,95.26,273.59,30.6152088177781,5.28846446310754
2023-05-06 00:00:00,95.3,273.39,17.1102328477072,3.02204266162638
2023-05-06 01:00:00,,,,
2023-05-06 02:00:00,95.24,273.51,3.0009864373784,4.74609430601572
2023-05-06 03:00:00,,,,
2023-05-06 04:00:00,,,,
2023-05-06 05:00:00,,,,
2023-05-06 06:00:00,,,,
2023-05-06 07:00:00,95.04,273.45,8.53189353298888,1.22642682178241
2023-05-06 08:00:00,,,,
2023-05-06 09:00:00,95.12,274.99,18.9120528300215,0.470482717155959
2023-05-06 10:00:00,,,,
2023-05-06 11:00:00,,,,
2023-05-06 12:00:00,95.0,276.45,12.8821956589527,0.76834109022921
2023-05-06 13:00:00,,,,
2023-05-06 14:00:00,89.04,276.71,5.15185524199904,1.51805419743817
2023-05-06 15:00:00,86.96,276.55,356.194987512349,2.38318751025502
2023-05-06 16:00:00,86.66,275.73,346.625502111086,4.48389474606899
2023-05-06 17:00:00,87.56,275.25,350.779075540925,4.65390986716581
2023-05-06 18:00:00,,,,
2023-05-06 19:00:00,,,,
2023-05-06 20:00:00,89.42,274.13,7.27943931099298,3.92087972406756
2023-05-06 21:00:00,,,,
2023-05-06 22:00:00,,,,
2023-05-06 23:00:00,93.9,273.966666666667,16.7944942054344,2.65321304716427
2023-05-07 00:00:00,94.1333333333333,273.916666666667,19.6527301917022,0.962559775180019
2023-05-07 01:00:00,95.3166666666667,273.616666666667,40.8294980462513,2.31927536848638
2023-05-07 02:00:00,90.48,273.15,33.339698386938,3.99702169465495
2023-05-07 03:00:00,,,,
2023-05-07 04:00:00,79.38,273.19,17.2644017501483,4.03401389247599
2023-05-07 05:00:00,78.5666666666667,273.15,5.00629505039717,6.05641175255852
2023-05-07 06:00:00,75.9,273.21,357.631181521713,5.71122169041744
2023-05-07 07:00:00,,,,
2023-05-07 08:00:00,62.25,274.233333333333,356.88785185554,4.10430797500971
2023-05-07 09:00:00,65.5333333333333,275.566666666667,11.1919853839768,1.32752190187983
2023-05-07 10:00:00,67.6333333333334,276.033333333333,3.37037964923968,1.51118693723995
2023-05-07 11:00:00,59.6833333333333,277.183333333333,359.681357083073,0.894831803658384
2023-05-07 12:00:00,60.0,278.216666666667,25.3136480249944,0.464395414127534
2023-05-07 13:00:00,59.4,278.783333333333,44.1714195469612,0.25713371331483
2023-05-07 14:00:00,54.5333333333333,280.35,85.7254841759748,0.579331278333486
2023-05-07 15:00:00,54.6666666666667,280.283333333333,85.3065367581215,0.776217588492782
2023-05-07 16:00:00,55.1666666666667,280.033333333333,73.4542326429314,0.58554630867883
2023-05-07 17:00:00,65.85,278.966666666667,89.1461109107774,1.98320037142174
2023-05-07 18:00:00,72.05,277.766666666667,99.7970854561804,1.61332597929396
2023-05-07 19:00:00,82.15,275.983333333333,88.2539032850565,1.97586635582747
2023-05-07 20:00:00,92.4166666666667,274.816666666667,99.8302257011301,1.58804939502421
2023-05-07 21:00:00,95.0,275.016666666667,116.129034090327,1.44320011879506
2023-05-07 22:00:00,95.25,274.616666666667,51.5892373850986,1.15265909409141
2023-05-07 23:00:00,95.2833333333333,273.9,14.1385576301773,1.23572314847786
2023-05-08 00:00:00,95.3333333333333,274.0,44.1032709190807,1.03525837057693
2023-05-08 01:00:00,95.3833333333333,273.983333333333,47.9931038334488,1.60583169548243
2023-05-08 02:00:00,95.3,274.166666666667,34.1466558341929,2.24816541083846
2023-05-08 03:00:00,95.3,273.566666666667,24.6135428610689,1.55724184717569
2023-05-08 04:00:00,95.3,273.316666666667,358.042352168768,2.21495492400317
2023-05-08 05:00:00,95.25,273.116666666667,8.50824090476414,3.0976768782034
2023-05-08 06:00:00,95.2666666666667,273.233333333333,358.288481133951,3.2048296707152
2023-05-08 07:00:00,95.0166666666667,273.416666666667,340.316842706494,2.06083751039857
2023-05-08 08:00:00,95.0666666666667,273.816666666667,304.667449508807,1.09967422567079
2023-05-08 09:00:00,95.0666666666667,274.316666666667,270.646061086246,0.378397652096931
2023-05-08 10:00:00,95.1166666666667,274.983333333333,198.171919897984,1.02452452148628
2023-05-08 11:00:00,95.2666666666667,276.616666666667,163.746174231323,0.673814190548633
2023-05-08 12:00:00,95.2666666666667,276.933333333333,124.698752425487,1.65535208030098
2023-05-08 13:00:00,95.1833333333333,277.05,136.788454541418,0.714834759919789
2023-05-08 14:00:00,91.9833333333333,278.1,339.220148223014,0.248863527745465
2023-05-08 15:00:00,86.7666666666667,277.75,339.444117554851,0.744290476861457
2023-05-08 16:00:00,91.7833333333333,276.016666666667,357.669065772268,1.56170424660897
2023-05-08 17:00:00,94.35,275.233333333333,350.500004327705,2.97293868877449
2023-05-08 18:00:00,95.0,274.5,0.223293072480374,2.39606793826931
2023-05-08 19:00:00,95.0166666666667,274.066666666667,2.86076678016116,2.63202185378359
2023-05-08 20:00:00,94.7666666666667,273.716666666667,0.58862703882005,3.0490761180022
2023-05-08 21:00:00,94.8,273.666666666667,4.26452138143901,3.10322716594997
2023-05-08 22:00:00,95.0333333333334,273.583333333333,5.95054504171696,2.78484004449301
2023-05-08 23:00:00,95.2166666666667,273.6,359.297824221808,2.19020532270432
2023-05-09 00:00:00,95.2,273.23,9.18936428233951,3.0543612175069
2023-05-09 01:00:00,95.2666666666667,272.9,10.280210513092,3.23963194613424
2023-05-09 02:00:00,95.2,272.75,24.4938607736407,3.95568077508658
2023-05-09 03:00:00,95.2,272.583333333333,21.6586452661375,3.36549436725582
2023-05-09 04:00:00,95.2,272.183333333333,11.8635318992859,2.87326827113172
2023-05-09 05:00:00,95.2,272.15,351.033720672942,2.95441259285835
2023-05-09 06:00:00,95.1833333333333,272.133333333333,343.788725183948,2.98590007342782
2023-05-09 07:00:00,94.8833333333334,272.583333333333,349.634853206407,2.15237858250449
2023-05-09 08:00:00,94.0333333333333,273.6,7.24198670582263,2.23976931130803
2023-05-09 09:00:00,93.5333333333333,275.566666666667,352.801218268381,0.816840154538778
2023-05-09 10:00:00,90.9666666666667,277.483333333333,13.7354733118206,0.435401836993467
2023-05-09 11:00:00,85.3833333333333,279.266666666667,46.2897239406021,0.224894151995164
2023-05-09 12:00:00,79.9333333333333,279.433333333333,82.9335581326349,0.426935915580564
2023-05-09 13:00:00,79.4333333333333,277.983333333333,80.9342268363531,0.622697215974999
2023-05-09 14:00:00,76.0666666666667,277.65,81.8026755276866,1.37233181384692
2023-05-09 15:00:00,73.7666666666667,277.716666666667,60.9162206490751,0.505024330301398
2023-05-09 16:00:00,75.9833333333333,277.033333333333,48.8151016894041,0.311112952341682
2023-05-09 17:00:00,80.2666666666667,277.066666666667,78.9454588323156,0.544782143481895
2023-05-09 18:00:00,86.9,275.933333333333,77.3774687741578,0.793020508220969
2023-05-09 19:00:00,94.2166666666667,274.55,83.8032137399328,1.89266213285521
2023-05-09 20:00:00,94.8,274.133333333333,82.0023558560729,1.61186612066531
2023-05-09 21:00:00,94.9166666666667,273.966666666667,95.2890191302099,1.91716377169744
2023-05-09 22:00:00,95.1666666666667,273.95,94.5753583937283,1.3223453924412
2023-05-09 23:00:00,95.2833333333333,273.866666666667,87.8111755608746,0.968661086149448
2023-05-10 00:00:00,95.3,273.533333333333,93.3765488323371,1.45140240004795
2023-05-10 01:00:00,95.3,273.483333333333,88.3632466056602,1.49935042230746
2023-05-10 02:00:00,95.25,273.466666666667,92.3164084440264,1.11789071092924
2023-05-10 03:00:00,95.3,272.95,76.6943975133145,0.331462035999618
2023-05-10 04:00:00,95.2166666666667,272.283333333333,351.574147855929,3.99128481382229
2023-05-10 05:00:00,95.1333333333333,271.916666666667,352.307610387086,5.13297223361307
2023-05-10 06:00:00,95.05,271.55,348.66160155778,5.65436727630377
2023-05-10 07:00:00,94.8,271.416666666667,348.531870961712,6.01177176235785
2023-05-10 08:00:00,94.1833333333333,270.916666666667,346.376139873363,7.78008185852655
2023-05-10 09:00:00,94.8333333333333,271.516666666667,346.738724525029,5.69396562862178
2023-05-10 10:00:00,94.7,271.933333333333,334.971159278819,5.77856483411052
2023-05-10 11:00:00,94.35,271.616666666667,332.554222574981,6.05651978475033
2023-05-10 12:00:00,94.8833333333333,272.116666666667,328.260751639133,4.30147926494157
2023-05-10 13:00:00,95.0,273.283333333333,324.677837883,2.43511931509717
2023-05-10 14:00:00,95.0166666666667,273.416666666667,322.03343805202,2.69249578848344
2023-05-10 15:00:00,94.7666666666667,272.433333333333,316.039233125264,2.96236735558927
2023-05-10 16:00:00,95.0,272.75,338.403238844464,2.84099052414977
2023-05-10 17:00:00,94.5666666666667,271.55,335.828513759504,3.68801671751865
2023-05-10 18:00:00,94.2333333333333,270.883333333333,2.0705552400471,3.10054202960096
2023-05-10 19:00:00,93.4666666666667,270.05,18.1383363228933,4.51225521677537
2023-05-10 20:00:00,92.25,269.133333333333,16.8765016154694,7.10543257006954
2023-05-10 21:00:00,91.8333333333333,268.666666666667,1.75544029679349,6.23693732538893
2023-05-10 22:00:00,91.7166666666667,268.35,355.343129762781,6.40551301244483
2023-05-10 23:00:00,91.6,268.066666666667,355.689997365642,5.59019939680357
2023-05-11 00:00:00,91.85,268.283333333333,339.11858433964,4.43547253997597
2023-05-11 01:00:00,91.8833333333333,268.416666666667,349.290430117557,4.68064070885931
2023-05-11 02:00:00,91.9,268.41,344.660593997327,4.37393233093604
2023-05-11 03:00:00,91.9,268.05,343.627955136842,4.65844930967147
2023-05-11 04:00:00,91.8833333333333,268.0,342.199576421762,4.25345296854629
2023-05-11 05:00:00,91.76,268.05,349.249358960752,4.27831646094566
2023-05-11 06:00:00,91.8333333333333,268.133333333333,350.459305552023,4.18953536297744
2023-05-11 07:00:00,91.75,268.416666666667,343.271064267187,4.04082002894223
2023-05-11 08:00:00,92.3,268.833333333333,333.901878417784,3.36231225064423
2023-05-11 09:00:00,92.9333333333333,269.766666666667,328.29443502912,3.23143240658518
2023-05-11 10:00:00,93.4,270.8,321.50443164436,3.44309178296868
2023-05-11 11:00:00,93.82,271.61,312.104372065467,3.1105422111458
2023-05-11 12:00:00,94.8166666666667,273.333333333333,320.617358080481,2.56628637118949
2023-05-11 13:00:00,95.0,274.183333333333,312.202860420943,2.28044774675957
2023-05-11 14:00:00,94.9333333333333,273.7,328.828853396205,2.37382770649148
2023-05-11 15:00:00,94.6166666666667,273.0,331.643829801704,2.1829159813546
2023-05-11 16:00:00,94.3166666666667,272.733333333333,329.126278660603,0.304832492993004
2023-05-11 17:00:00,93.78,271.79,,0.0
2023-05-11 18:00:00,93.2333333333333,270.583333333333,,0.0
2023-05-11 19:00:00,92.9166666666667,269.733333333333,,0.0
2023-05-11 20:00:00,92.1666666666667,269.183333333333,,0.0
2023-05-11 21:00:00,91.8166666666667,268.866666666667,,0.0
2023-05-11 22:00:00,92.3333333333333,269.083333333333,,0.0
2023-05-11 23:00:00,93.2666666666667,269.766666666667,161.755685794177,0.0213836977986543
2023-05-12 00:00:00,93.1833333333333,269.8,148.955746271792,0.0080848417099105
2023-05-12 01:00:00,93.1666666666667,269.833333333333,142.832908088328,0.0198441400358091
2023-05-12 02:00:00,93.0833333333333,269.75,124.5,0.0033048162045793
2023-05-12 03:00:00,93.2,269.5,114.240988152507,0.0141465170587337
2023-05-12 04:00:00,93.2166666666667,269.5,132.00464618946,0.0565227049842272
2023-05-12 05:00:00,93.0833333333333,269.566666666667,126.772961313198,0.0346398287903969
2023-05-12 06:00:00,92.9833333333333,269.566666666667,120.085025969575,0.0297216565222532
2023-05-12 07:00:00,92.85,269.85,110.582145098665,0.0412612090951806
2023-05-12 08:00:00,92.9833333333333,270.383333333333,116.867839847484,0.466746332646748
2023-05-12 09:00:00,93.2666666666667,270.85,118.199011515573,1.82960459729173
2023-05-12 10:00:00,94.6333333333333,272.616666666667,99.4915820120033,1.33894377760005
2023-05-12 11:00:00,94.38,274.19,102.991259400268,2.1427116155227
2023-05-12 12:00:00,93.76,272.25,101.064237405564,3.80471202281662
2023-05-12 13:00:00,94.1833333333333,273.266666666667,100.380662859297,4.28872228292361
2023-05-12 14:00:00,94.65,273.766666666667,88.7029398788496,2.92908398313912
2023-05-12 15:00:00,94.4333333333333,273.2,101.564328577617,3.13078577489123
2023-05-12 16:00:00,94.85,274.066666666667,99.0656404229333,2.20007164012144
2023-05-12 17:00:00,94.9,272.77,113.365455036461,1.4355432838601
2023-05-12 18:00:00,94.6,271.97,112.177416475393,3.54518853306178
2023-05-12 19:00:00,94.5833333333333,271.383333333333,99.0955206126077,2.71664676017903
2023-05-12 20:00:00,93.95,270.7,82.7735433738197,2.29200624540434
2023-05-12 21:00:00,93.2333333333333,270.183333333333,80.4461112230861,2.17704056012996
2023-05-12 22:00:00,93.35,270.083333333333,83.258167255794,2.16752974663523
2023-05-12 23:00:00,93.0833333333333,269.683333333333,80.5500430666328,1.7317742105301
2023-05-13 00:00:00,92.76,269.29,76.2188533385638,1.67842690103565
2023-05-13 01:00:00,92.6833333333333,269.15,80.9352515903522,2.09533117002054
2023-05-13 02:00:00,92.5,269.183333333333,74.6553638605878,1.78386095160483
2023-05-13 03:00:00,92.4,268.55,78.1033049224608,1.70123269938692
2023-05-13 04:00:00,92.4166666666667,268.6,76.0851573740608,1.15360939199229
2023-05-13 05:00:00,92.26,268.65,78.0879788615226,0.419549099655261
2023-05-13 06:00:00,92.48,269.09,83.2785827945365,0.913497392650716
2023-05-13 07:00:00,93.2333333333333,269.916666666667,80.9927463683612,1.76656094171499
2023-05-13 08:00:00,93.9333333333333,271.65,78.2988381582869,2.24316957858027
2023-05-13 09:00:00,94.0166666666667,272.1,76.8060875907589,2.10557701955631
2023-05-13 10:00:00,94.4166666666667,272.516666666667,82.2608581091694,1.70449751013564
2023-05-13 11:00:00,94.7333333333333,274.5,83.1213795536519,2.09572227753316
2023-05-13 12:00:00,94.0833333333333,273.7,94.7909318329631,2.56809090776421
2023-05-13 13:00:00,94.6833333333333,273.15,119.181078721594,0.862040490194383
2023-05-13 14:00:00,94.3833333333333,273.066666666667,126.515052764008,1.12599630743181
2023-05-13 15:00:00,94.75,273.416666666667,123.154111997372,1.51951904387525
2023-05-13 16:00:00,94.9833333333333,273.833333333333,156.71935920498,0.393176453021035
2023-05-13 17:00:00,94.6166666666667,272.933333333333,124.171702709035,0.864640041468339
2023-05-13 18:00:00,94.35,271.516666666667,113.376021322077,2.95783552436518
2023-05-13 19:00:00,94.7,271.183333333333,111.3592538286,3.92886207754187
2023-05-13 20:00:00,93.9666666666667,270.7,104.330149649857,4.02792581317899
2023-05-13 21:00:00,93.6666666666667,270.433333333333,104.039649979066,4.24722357085811
2023-05-13 22:00:00,93.4333333333333,270.183333333333,83.5823182365689,1.80249493914965
2023-05-13 23:00:00,92.95,269.533333333333,77.0692240136575,1.65695017226514
2023-05-14 00:00:00,92.7,269.133333333333,83.9552780040323,1.86273313690872
2023-05-14 01:00:00,92.5833333333333,269.016666666667,82.9750894129949,3.15768638951238
2023-05-14 02:00:00,92.3,268.85,83.7680985036743,2.71578276047354
2023-05-14 03:00:00,92.2166666666667,268.4,82.5305398316033,1.44324948666251
2023-05-14 04:00:00,91.7333333333334,268.166666666667,287.804796590793,1.20662929188998
2023-05-14 05:00:00,91.8333333333333,268.2,296.197485307074,1.95153705271605
2023-05-14 06:00:00,92.25,268.716666666667,262.067940775881,2.36498243752968
2023-05-14 07:00:00,92.3333333333333,269.05,209.608296703407,2.30115588860084
2023-05-14 08:00:00,92.2666666666667,269.416666666667,205.550166538716,1.72834736470465
2023-05-14 09:00:00,92.5833333333333,269.75,189.162060646114,1.12523272561725
2023-05-14 10:00:00,94.15,273.583333333333,230.47008556167,0.750789474283511
2023-05-14 11:00:00,93.45,272.9,199.210506120163,0.934212849742343
2023-05-14 12:00:00,92.2333333333333,272.316666666667,255.441132369207,1.92494084693563
2023-05-14 13:00:00,95.0666666666667,274.733333333333,298.606924980446,2.7793659228737
2023-05-14 14:00:00,95.0166666666667,274.7,299.962834410472,3.56935208521619
2023-05-14 15:00:00,94.4,273.516666666667,287.944420048452,3.70125931342092
2023-05-14 16:00:00,94.8833333333333,273.083333333333,305.792616349697,4.26411776450535
2023-05-14 17:00:00,94.6666666666667,271.95,316.901360004386,4.58097256784075
2023-05-14 18:00:00,94.7333333333333,271.366666666667,322.22801458378,4.05201596937046
2023-05-14 19:00:00,94.2833333333333,270.716666666667,333.277897341705,4.53867513665909
2023-05-14 20:00:00,93.4166666666667,270.033333333333,328.984204607223,3.87770354505352
2023-05-14 21:00:00,92.9,269.733333333333,341.728757313294,4.63504548522068
2023-05-14 22:00:00,92.8666666666667,269.633333333333,336.376094625043,4.80582651859014
2023-05-14 23:00:00,92.65,269.2,335.957677409198,4.27162214000628
2023-05-15 00:00:00,93.05,269.4,336.495548610511,4.64622590721232
2023-05-15 01:00:00,93.1333333333333,269.533333333333,334.156892629753,5.95549345630757
2023-05-15 02:00:00,92.9666666666667,269.5,331.005576710597,5.86872629430133
2023-05-15 03:00:00,92.6833333333333,269.116666666667,343.994544287125,5.20327716927737
2023-05-15 04:00:00,92.2833333333334,268.483333333333,333.525960731184,5.80653652279228
2023-05-15 05:00:00,92.2166666666667,268.333333333333,327.459260922694,8.97329389770218
2023-05-15 06:00:00,92.3833333333333,268.733333333333,328.84011831863,6.15176692939949
2023-05-15 07:00:00,91.85,268.533333333333,329.757006022573,7.84989095410291
2023-05-15 08:00:00,92.1,268.716666666667,333.550030038625,6.17159612737776
2023-05-15 09:00:00,92.65,269.516666666667,326.037352251304,4.77561210438313
2023-05-15 10:00:00,93.15,270.65,332.316110869553,3.75975467089387
2023-05-15 11:00:00,93.7,271.9,348.587375028973,2.08632220059856
2023-05-15 12:00:00,93.9333333333333,273.366666666667,342.932046076546,2.57816265266299
2023-05-15 13:00:00,94.3,273.483333333333,343.137456526385,2.14618431692099
2023-05-15 14:00:00,95.0333333333334,275.15,343.0,0.156666666666667
2023-05-15 15:00:00,95.0333333333334,275.166666666667,,0.0
2023-05-15 16:00:00,95.0333333333333,275.55,327.5,0.0033321910832518
2023-05-15 17:00:00,94.1,272.483333333333,324.0,0.0016666666666666
2023-05-15 18:00:00,93.7666666666667,271.033333333333,,0.0
2023-05-15 19:00:00,93.4333333333333,270.433333333333,326.0,0.0016666666666666
2023-05-15 20:00:00,93.2666666666667,270.116666666667,,0.0
2023-05-15 21:00:00,93.3166666666667,270.266666666667,318.0,0.01
2023-05-15 22:00:00,93.3333333333333,270.1,293.708358586424,0.0047059593725844
2023-05-15 23:00:00,93.2333333333333,270.0,,0.0
2023-05-16 00:00:00,92.7833333333333,269.35,293.0,0.0016666666666666
2023-05-16 01:00:00,93.05,269.516666666667,,0.0
2023-05-16 02:00:00,92.7,269.333333333333,,0.0
2023-05-16 03:00:00,92.5,268.666666666667,,0.0
2023-05-16 04:00:00,92.5833333333333,268.75,,0.0
2023-05-16 05:00:00,92.4666666666667,268.9,,0.0
2023-05-16 06:00:00,92.5666666666667,269.183333333333,,0.0
2023-05-16 07:00:00,92.5,269.5,,0.0
2023-05-16 08:00:00,92.8333333333333,270.233333333333,339.0,0.0016666666666666
2023-05-16 09:00:00,92.9833333333333,271.116666666667,291.590733788119,2.25938220951777
2023-05-16 10:00:00,93.4166666666667,271.333333333333,295.686014143954,4.47751506510519
2023-05-16 11:00:00,93.5333333333334,271.733333333333,295.447687276552,4.42100666017031
2023-05-16 12:00:00,93.6333333333333,271.45,290.223594016324,4.03119645025109
2023-05-16 13:00:00,94.2,272.133333333333,297.770658264152,3.92593118529115
2023-05-16 14:00:00,94.2666666666667,272.583333333333,297.427655113011,4.668304794662
2023-05-16 15:00:00,94.0333333333333,272.366666666667,298.549556121663,4.58956508133562
2023-05-16 16:00:00,93.9166666666667,272.383333333333,295.883804327523,4.79461542718923
2023-05-16 17:00:00,93.6666666666667,271.433333333333,305.599742466149,4.84862889023563
2023-05-16 18:00:00,93.7333333333333,270.766666666667,315.664392068737,5.71259525181702
2023-05-16 19:00:00,93.4,269.983333333333,316.997195607528,5.9759824476749
2023-05-16 20:00:00,92.8333333333333,269.566666666667,311.216673307521,6.13468189745036
2023-05-16 21:00:00,92.5333333333334,269.383333333333,309.312708413409,5.75108238151508
2023-05-16 22:00:00,92.5833333333333,269.316666666667,303.142414747683,5.86645501648297
2023-05-16 23:00:00,92.55,269.1,302.948903916682,5.32091313385881
2023-05-17 00:00:00,92.4333333333333,268.933333333333,307.793569120848,4.45638751226496
2023-05-17 01:00:00,92.2166666666667,268.7,307.475235152663,3.97648577491806
2023-05-17 02:00:00,91.9166666666666,268.566666666667,308.497993940405,3.4460984426723
2023-05-17 03:00:00,91.7166666666667,267.883333333333,305.458905500413,3.42131538641276
2023-05-17 04:00:00,91.3833333333333,267.6,306.716314412928,2.8970117195619
2023-05-17 05:00:00,91.1666666666667,267.35,308.29304527865,2.44629170198932
2023-05-17 06:00:00,91.1333333333333,267.4,302.725973151442,2.20999091752108
2023-05-17 07:00:00,91.1166666666667,267.916666666667,294.044133987059,1.43466758329415
2023-05-17 08:00:00,91.55,268.666666666667,278.679789905258,0.937656123148084
2023-05-17 09:00:00,91.2666666666667,269.466666666667,249.412173485331,1.17859756581698
2023-05-17 10:00:00,91.1666666666667,269.766666666667,248.349338078562,1.63145994649396
2023-05-17 11:00:00,91.5166666666667,270.816666666667,248.585071561263,1.29162478882719
2023-05-17 12:00:00,92.2833333333334,271.533333333333,250.285115344619,0.985201980519309
2023-05-17 13:00:00,94.5666666666667,274.616666666667,260.979961471288,0.326022701838721
2023-05-17 14:00:00,93.9166666666666,274.733333333333,,0.0
2023-05-17 15:00:00,93.5333333333333,273.75,,0.0
2023-05-17 16:00:00,93.1,273.25,,0.0
2023-05-17 17:00:00,93.15,272.733333333333,,0.0
2023-05-17 18:00:00,91.5833333333333,270.55,,0.0
2023-05-17 19:00:00,92.1666666666667,269.433333333333,,0.0
2023-05-17 20:00:00,92.25,269.0,204.964852665538,0.521587312444433
2023-05-17 21:00:00,92.2,269.033333333333,196.364060840715,1.71727940646864
2023-05-17 22:00:00,92.3166666666667,269.066666666667,185.696555262343,1.58172889783755
2023-05-17 23:00:00,92.25,268.816666666667,161.737138978944,0.0430975637855229
2023-05-18 00:00:00,92.4833333333333,269.033333333333,92.2369867765547,0.198282899653148
2023-05-18 01:00:00,92.55,268.966666666667,81.2384892000605,0.629805934534208
2023-05-18 02:00:00,92.6,269.283333333333,92.8237791774665,0.14935333127384
2023-05-18 03:00:00,92.15,268.533333333333,83.1163024932113,0.0327582960510845
2023-05-18 04:00:00,92.45,268.6,112.0,0.0033333333333333
2023-05-18 05:00:00,92.8166666666667,269.066666666667,,0.0
2023-05-18 06:00:00,94.2166666666667,271.083333333333,,0.0
2023-05-18 07:00:00,94.8833333333333,273.7,,0.0
2023-05-18 08:00:00,94.5833333333333,274.116666666667,101.0,0.01
2023-05-18 09:00:00,94.0166666666667,277.383333333333,69.6467956305916,0.114376868006428
2023-05-18 10:00:00,81.3833333333333,280.35,347.0,0.0033333333333333
2023-05-18 11:00:00,70.7333333333333,280.766666666667,13.0453968306906,0.0028827960584336
2023-05-18 12:00:00,71.65,281.4,355.081584915286,0.0336284754341101
2023-05-18 13:00:00,73.9,280.116666666667,52.8919337506645,0.566205117696519
2023-05-18 14:00:00,76.55,278.266666666667,50.6257505791103,0.710639727605955
2023-05-18 15:00:00,81.4166666666667,276.666666666667,67.4267519420272,0.729907927622972
2023-05-18 16:00:00,86.1166666666667,275.25,55.6993041015982,0.835181741115292
2023-05-18 17:00:00,90.05,274.433333333333,62.1544932234635,0.577354746124787
2023-05-18 18:00:00,93.9333333333333,273.35,60.2703695114766,0.725114407887961
2023-05-18 19:00:00,95.0333333333334,272.683333333333,63.35244842904,1.07323623796263
2023-05-18 20:00:00,94.7,272.15,62.1561896424305,1.2353140052568
2023-05-18 21:00:00,94.6,271.933333333333,58.6786182846565,0.978476768871827
2023-05-18 22:00:00,94.85,272.016666666667,55.9820856260187,0.90581306648777
2023-05-18 23:00:00,95.05,272.033333333333,56.3978230128324,1.06818442864625
2023-05-19 00:00:00,95.1833333333333,272.133333333333,69.5181593001178,1.20467165074687
2023-05-19 01:00:00,95.2,272.183333333333,48.8138898904348,0.61203194787343
2023-05-19 02:00:00,95.1833333333333,272.3,61.6628226425573,0.484723222879339
2023-05-19 03:00:00,95.1833333333333,271.766666666667,63.9842105065118,0.484549313498414
2023-05-19 04:00:00,95.0833333333333,271.416666666667,74.9037873686003,0.72733389189528
2023-05-19 05:00:00,94.4166666666667,270.75,72.9930748780078,0.679776074826352
2023-05-19 06:00:00,94.7833333333334,271.283333333333,94.4361806400953,1.22271926964936
2023-05-19 07:00:00,94.9166666666667,271.716666666667,65.4791282056219,0.503421379458286
2023-05-19 08:00:00,94.05,272.183333333333,65.8782416589143,1.11634534739779
2023-05-19 09:00:00,93.3333333333334,273.616666666667,70.2295362449248,1.09704830052953
2023-05-19 10:00:00,90.3666666666667,276.766666666667,66.8393368583437,0.641028550560475
2023-05-19 11:00:00,88.2166666666667,276.266666666667,91.1532731178457,2.1964578201008
2023-05-19 12:00:00,91.2833333333334,273.933333333333,95.2677597159873,3.69388370839374
2023-05-19 13:00:00,87.4833333333333,275.483333333333,63.1476985565187,1.82279697578627
2023-05-19 14:00:00,84.75,276.283333333333,52.4654232888914,1.36418608116183
2023-05-19 15:00:00,89.7666666666667,275.033333333333,87.8995560684044,2.47963736229029
2023-05-19 16:00:00,92.2333333333333,274.85,101.815541253891,2.74814061798485
2023-05-19 17:00:00,95.0,273.8,92.5540546655489,3.4934371175645
2023-05-19 18:00:00,95.0,273.55,109.786605736604,3.04289078664963
2023-05-19 19:00:00,95.05,273.05,93.6059231666921,4.16876916120399
2023-05-19 20:00:00,94.7333333333333,272.716666666667,96.1628497289762,4.60763015592884
2023-05-19 21:00:00,94.5833333333334,272.366666666667,103.286884633545,6.14906608167666
2023-05-19 22:00:00,94.8,272.333333333333,101.647340059153,3.05077863129334
2023-05-19 23:00:00,95.0333333333334,272.216666666667,57.8810724823657,1.01833825152773
2023-05-20 00:00:00,95.1333333333333,272.183333333333,43.335780044761,0.696569144940005
2023-05-20 01:00:00,95.2,272.25,89.7014700303743,1.49439336528159
2023-05-20 02:00:00,95.2,272.316666666667,55.4769811372561,0.87808447596153
2023-05-20 03:00:00,95.1833333333333,272.166666666667,58.5720137688939,1.01315394074198
2023-05-20 04:00:00,95.2,271.683333333333,41.9999655740569,0.796621829986758
2023-05-20 05:00:00,95.2,271.933333333333,53.9454256233675,1.31295643740359
2023-05-20 06:00:00,95.1666666666667,272.433333333333,43.8547907353721,1.00280473367179
2023-05-20 07:00:00,94.95,272.783333333333,31.2311765420955,0.864222241317032
2023-05-20 08:00:00,95.0333333333334,273.083333333333,39.1571990304672,0.853906739113872
2023-05-20 09:00:00,95.0166666666667,273.383333333333,30.5424020644895,0.868800929259192
2023-05-20 10:00:00,95.0333333333334,273.8,31.9144606833636,1.20821419791517
2023-05-20 11:00:00,95.0333333333334,273.533333333333,67.1518915500965,1.72993167343753
2023-05-20 12:00:00,95.0333333333334,273.566666666667,71.5698173693516,2.2845435783662
2023-05-20 13:00:00,95.05,273.8,90.9294994264765,4.34111183942616
2023-05-20 14:00:00,95.0833333333333,274.0,108.766767831912,7.88925009909812
2023-05-20 15:00:00,95.0833333333333,274.033333333333,104.707202243784,8.89455336196298
2023-05-20 16:00:00,95.0666666666667,273.85,104.98005856897,7.50344771245273
2023-05-20 17:00:00,95.0333333333334,273.683333333333,100.474882830411,7.54569466812227
2023-05-20 18:00:00,95.0833333333333,273.616666666667,94.9395382904879,5.59988837457099
2023-05-20 19:00:00,95.1,273.283333333333,79.3030355897501,4.39187254324537
2023-05-20 20:00:00,94.7666666666667,273.133333333333,72.9406640159389,2.96798462333211
2023-05-20 21:00:00,94.6166666666667,273.05,61.022375314387,2.1327253635374
2023-05-20 22:00:00,94.8166666666667,273.066666666667,83.6373632055461,2.97253735907512
2023-05-20 23:00:00,95.1,273.15,60.1541536248215,1.3720954565605
2023-05-21 00:00:00,95.2,273.133333333333,64.3806509667556,2.05681904015715
2023-05-21 01:00:00,95.25,273.05,49.4356638585936,1.0977032899255
2023-05-21 02:00:00,95.3,273.066666666667,41.1206266690477,0.96090522859877
2023-05-21 03:00:00,95.2166666666667,273.116666666667,37.9705974901422,1.02856998637423
2023-05-21 04:00:00,95.3,272.483333333333,30.5610548444136,0.817203549092086
2023-05-21 05:00:00,95.25,272.35,32.0587820061967,0.924498209356366
2023-05-21 06:00:00,95.2666666666667,272.8,43.1336539259761,1.02348847454477
2023-05-21 07:00:00,95.0333333333334,273.083333333333,45.3968757583209,0.994575651897246
2023-05-21 08:00:00,95.0666666666667,273.816666666667,42.8598174208668,0.908013886182626
2023-05-21 09:00:00,95.05,273.916666666667,38.8741515318218,0.757111382919512
2023-05-21 10:00:00,95.1,274.633333333333,45.6602325461982,1.06528512984836
2023-05-21 11:00:00,95.1,275.233333333333,54.0268764370135,0.474613508178767
2023-05-21 12:00:00,95.1166666666667,275.133333333333,66.0788457262692,1.36602182666426
2023-05-21 13:00:00,95.1833333333333,276.316666666667,65.1914509865767,1.66913335024394
2023-05-21 14:00:00,95.2,276.616666666667,63.275904128759,1.31973805023434
2023-05-21 15:00:00,95.2,276.5,99.2220318126686,4.20778601269677
2023-05-21 16:00:00,95.1833333333333,276.65,81.6694764890288,1.45991279890924
2023-05-21 17:00:00,95.15,276.9,75.4514170586178,0.377325040783732
2023-05-21 18:00:00,95.1833333333333,276.766666666667,66.1430389811339,0.681072396382989
2023-05-21 19:00:00,95.1833333333333,276.433333333333,74.6036271133283,0.763024266488696
2023-05-21 20:00:00,94.9166666666667,274.566666666667,81.6697628455168,1.95758594829081
2023-05-21 21:00:00,94.6833333333333,273.45,50.3564293699399,1.10534059411421
2023-05-21 22:00:00,94.9166666666667,273.683333333333,68.5320884198071,2.24036222996514
2023-05-21 23:00:00,95.1666666666667,273.683333333333,62.1238199296114,1.54528273404318
2023-05-22 00:00:00,95.3,273.816666666667,91.2395728030411,4.94502535402769
2023-05-22 01:00:00,95.3166666666667,273.9,79.9224152066938,2.72131821319619
2023-05-22 02:00:00,95.3833333333333,273.766666666667,76.5677892250106,2.18969821221292
2023-05-22 03:00:00,95.3,273.7,77.367091574872,1.05048054602209
2023-05-22 04:00:00,95.3166666666667,273.15,354.45963901057,0.296117361501312
2023-05-22 05:00:00,95.3,273.2,316.916284817809,1.96220933634612
2023-05-22 06:00:00,95.05,273.55,299.344218097296,2.67386822122466
2023-05-22 07:00:00,95.05,274.25,299.412159902672,2.9555855030642
2023-05-22 08:00:00,94.0,274.916666666667,289.044716115691,2.6444425792421
2023-05-22 09:00:00,92.1,275.433333333333,250.944603481955,1.91305187801562
2023-05-22 10:00:00,90.9833333333333,277.133333333333,191.095006898377,0.892175972851459
2023-05-22 11:00:00,88.9333333333333,278.25,127.312628692948,0.93951746699925
2023-05-22 12:00:00,86.2,278.016666666667,95.894631568947,1.41213636345477
2023-05-22 13:00:00,81.8333333333333,278.183333333333,120.602640671168,1.26408269850432
2023-05-22 14:00:00,79.9666666666667,278.483333333333,165.075821942359,0.662306413838761
2023-05-22 15:00:00,78.75,277.816666666667,178.415790357328,0.56987526303558
2023-05-22 16:00:00,76.75,278.516666666667,134.643883435257,0.671762382725618
2023-05-22 17:00:00,74.8833333333333,279.083333333333,196.726777493401,0.298984244682084
2023-05-22 18:00:00,76.45,278.083333333333,282.970271952298,1.11123965241987
2023-05-22 19:00:00,81.4166666666667,276.966666666667,294.433444187658,1.50742820275334
2023-05-22 20:00:00,86.3,275.933333333333,233.138471788836,0.373097502513272
2023-05-22 21:00:00,92.0333333333333,275.416666666667,297.250115863858,0.134157734643578
2023-05-22 22:00:00,94.1166666666667,275.75,116.702911116635,0.110810402781943
2023-05-22 23:00:00,95.2166666666667,275.55,53.0767657097737,0.169405237684458
2023-05-23 00:00:00,95.35,275.216666666667,79.8808802922774,0.734863206927436
2023-05-23 01:00:00,95.4333333333333,275.15,86.884795279302,1.18958777176179
2023-05-23 02:00:00,94.1333333333333,275.25,356.701402000671,1.25630197228147
2023-05-23 03:00:00,91.8166666666667,275.683333333333,330.898282323434,4.25811127841372
2023-05-23 04:00:00,93.5,275.05,328.922306119835,3.80596656179874
2023-05-23 05:00:00,95.3833333333333,274.783333333333,331.043718815404,5.09429569160678
2023-05-23 06:00:00,95.2,275.1,331.852005794716,4.11840016760648
2023-05-23 07:00:00,95.0166666666667,275.166666666667,337.340827816448,3.12839355801022
2023-05-23 08:00:00,95.05,275.383333333333,332.743123288804,2.61690657732385
2023-05-23 09:00:00,95.05,275.266666666667,331.03172264737,3.89408287944752
2023-05-23 10:00:00,94.85,276.2,338.730578379889,2.05278189170822
2023-05-23 11:00:00,94.4666666666667,276.166666666667,331.233655627056,3.52553282060338
2023-05-23 12:00:00,91.7166666666667,276.566666666667,336.290860457131,3.02290543981991
2023-05-23 13:00:00,91.0,276.733333333333,342.460531842739,2.76047602045612
2023-05-23 14:00:00,91.8833333333333,276.783333333333,332.735324669116,3.76955390933361
2023-05-23 15:00:00,93.35,276.85,334.638342613384,4.04354073765198
2023-05-23 16:00:00,94.6,276.35,327.507119637524,4.40329324594511
2023-05-23 17:00:00,94.6,276.25,331.975257560607,3.86242772110596
2023-05-23 18:00:00,95.0666666666667,276.1,336.219577851657,2.93192970133592
2023-05-23 19:00:00,95.15,275.466666666667,340.455422788137,4.86330569597733
2023-05-23 20:00:00,94.9333333333333,274.95,349.243212125142,0.528135807739546
2023-05-23 21:00:00,94.8166666666667,274.9,,0.0
2023-05-23 22:00:00,95.0666666666667,274.966666666667,,0.0
2023-05-23 23:00:00,95.2833333333333,274.95,,0.0
2023-05-24 00:00:00,95.4,274.883333333333,,0.0
2023-05-24 01:00:00,95.45,274.6,,0.0
2023-05-24 02:00:00,95.4166666666667,274.366666666667,,0.0
2023-05-24 03:00:00,95.38,274.11,,0.0
2023-05-24 04:00:00,95.4,273.633333333333,,0.0
2023-05-24 05:00:00,95.4,273.75,,0.0
2023-05-24 06:00:00,95.3833333333333,274.266666666667,,0.0
2023-05-24 07:00:00,95.0666666666667,274.45,,0.0
2023-05-24 08:00:00,95.1333333333333,275.666666666667,21.7411574960727,0.112996902600907
2023-05-24 09:00:00,95.2,276.5,2.77341441301871,0.320099116260936
2023-05-24 10:00:00,95.1666666666667,275.7,337.63356941891,2.84718929180064
2023-05-24 11:00:00,95.1,274.7,340.230906165581,6.29200048060067
2023-05-24 12:00:00,95.1333333333333,275.766666666667,341.250022701357,6.10384607825062
2023-05-24 13:00:00,95.1,276.583333333333,343.692283864266,4.01289993720043
2023-05-24 14:00:00,94.5666666666667,276.6,347.518610514269,1.72049917230078
2023-05-24 15:00:00,93.05,277.516666666667,352.911140321052,0.126875697482805
2023-05-24 16:00:00,91.3166666666667,277.833333333333,13.5171329692253,0.059173768416678
2023-05-24 17:00:00,93.7333333333333,276.683333333333,331.549794663223,0.739557878405264
2023-05-24 18:00:00,94.3666666666667,274.466666666667,297.831362594653,1.69675921060989
2023-05-24 19:00:00,95.0833333333333,273.4,223.670170263581,0.650412348642154
2023-05-24 20:00:00,94.7666666666667,273.466666666667,122.155330057386,1.64421609757198
2023-05-24 21:00:00,94.6833333333333,273.2,106.041386165833,3.57287798692221
2023-05-24 22:00:00,94.8666666666667,273.15,114.094102460437,5.74954230104666
2023-05-24 23:00:00,95.0833333333334,273.083333333333,83.6086089812619,2.79683149617111
2023-05-25 00:00:00,95.2166666666667,273.016666666667,59.2966849821115,1.50964193617726
2023-05-25 01:00:00,95.2666666666667,272.983333333333,66.8361622427959,1.22427874289149
2023-05-25 02:00:00,95.3,272.983333333333,60.1002434727258,1.67402050775894
2023-05-25 03:00:00,95.2166666666667,273.116666666667,70.3328851988794,1.42150693867415
2023-05-25 04:00:00,95.3,272.616666666667,72.8320554931057,1.56221788467461
2023-05-25 05:00:00,95.3,272.883333333333,87.1307271380528,2.66910338655028
2023-05-25 06:00:00,95.1666666666667,273.183333333333,57.519785422458,0.933950473623688
2023-05-25 07:00:00,95.1,273.916666666667,66.3900066827734,1.52612230009888
2023-05-25 08:00:00,95.1,274.3,78.3861037855106,1.77067099601932
2023-05-25 09:00:00,95.0833333333333,274.916666666667,69.8602200455632,1.53766520602775
2023-05-25 10:00:00,95.2333333333334,276.733333333333,52.2251333789455,1.2056511360449
2023-05-25 11:00:00,95.2166666666667,277.083333333333,73.0585606044588,1.72061457178819
2023-05-25 12:00:00,95.25,277.883333333333,75.6215563988224,1.56257465834895
2023-05-25 13:00:00,94.85,277.533333333333,93.4488810110362,3.20335845073993
2023-05-25 14:00:00,92.4166666666667,278.3,113.63931772429,0.540098237787519
2023-05-25 15:00:00,90.4,278.25,127.953548157992,0.290191447706499
2023-05-25 16:00:00,84.1833333333333,278.65,124.217044829175,0.112035154770657
2023-05-25 17:00:00,83.1666666666667,277.5,310.573843223354,1.20354707709079
2023-05-25 18:00:00,80.7166666666667,276.783333333333,266.806604168361,0.952103943274262
2023-05-25 19:00:00,81.9166666666667,276.583333333333,222.378612385439,1.30580611063348
2023-05-25 20:00:00,84.5666666666667,275.616666666667,209.97822250725,0.943604596705363
2023-05-25 21:00:00,91.4333333333333,274.933333333333,249.311339125455,1.21200126577137
2023-05-25 22:00:00,94.7166666666667,274.833333333333,266.172417316428,1.80609893563995
2023-05-25 23:00:00,90.6166666666667,274.85,158.592787332403,1.62150681732658
2023-05-26 00:00:00,94.1166666666667,274.416666666667,93.322791381853,1.78830020574861
2023-05-26 01:00:00,95.2333333333333,274.25,67.2161229464716,0.895052070651327
2023-05-26 02:00:00,94.7,274.366666666667,46.9564490427058,0.432105979341971
2023-05-26 03:00:00,95.0833333333333,274.466666666667,52.3976455323586,0.325278733478752
2023-05-26 04:00:00,91.9833333333333,274.0,13.6817208982142,0.729750064936391
2023-05-26 05:00:00,88.75,274.2,322.392270807357,2.16281056884692
2023-05-26 06:00:00,86.1166666666667,274.533333333333,324.711556942696,3.0665435903505
2023-05-26 07:00:00,86.9333333333333,274.8,321.160475201073,4.07705378714734
2023-05-26 08:00:00,81.7166666666667,275.283333333333,321.346902164675,3.4708352664757
2023-05-26 09:00:00,78.0333333333334,276.033333333333,324.649027180347,2.05295116641084
2023-05-26 10:00:00,76.7166666666667,276.833333333333,314.771959148107,1.41364541539037
2023-05-26 11:00:00,75.4,277.583333333333,309.310055889391,0.840210635101252
2023-05-26 12:00:00,75.9666666666667,278.016666666667,314.226623794136,1.32945092564125
2023-05-26 13:00:00,75.9,277.916666666667,321.227845597313,1.52950795440359
2023-05-26 14:00:00,76.5166666666667,278.116666666667,331.892073806254,2.03358403318708
2023-05-26 15:00:00,80.4166666666667,278.3,343.777504747451,1.98506309500175
2023-05-26 16:00:00,88.1,277.633333333333,330.770054391888,3.39469823363514
2023-05-26 17:00:00,94.9,276.566666666667,330.724994037106,4.46870832475873
2023-05-26 18:00:00,95.0666666666667,276.116666666667,326.589596861374,6.30571607062562
2023-05-26 19:00:00,95.15,275.916666666667,327.1144770481,4.78486056055322
2023-05-26 20:00:00,94.95,275.766666666667,333.532524038273,4.75911795433579
2023-05-26 21:00:00,94.8333333333333,275.333333333333,321.379284361006,3.95299175641555
2023-05-26 22:00:00,95.0,274.966666666667,332.099038149009,2.03027763839547
2023-05-26 23:00:00,95.2333333333333,274.95,332.095194440384,3.09614887406247
2023-05-27 00:00:00,95.35,274.416666666667,324.172305371642,4.11590300291129
2023-05-27 01:00:00,95.3,273.916666666667,327.062638306137,4.43146562428746
2023-05-27 02:00:00,92.6833333333333,273.55,332.006793183738,3.90196406743198
2023-05-27 03:00:00,72.8,273.983333333333,331.65288397868,5.09667258360249
2023-05-27 04:00:00,70.0166666666667,274.283333333333,330.083540876118,4.76663887445504
2023-05-27 05:00:00,78.3666666666667,273.616666666667,326.270332586671,4.46362778848139
2023-05-27 06:00:00,70.2833333333334,274.066666666667,333.920678521145,4.55547966347519
2023-05-27 07:00:00,66.0666666666667,274.616666666667,337.905982192215,3.5083281550045
2023-05-27 08:00:00,63.05,275.516666666667,345.190291766857,2.36293932549131
2023-05-27 09:00:00,62.6333333333333,275.933333333333,346.83717686589,2.13562012190199
2023-05-27 10:00:00,64.1333333333333,276.633333333333,355.086063076041,1.16025900484954
2023-05-27 11:00:00,70.1833333333333,276.683333333333,2.17598421502362,1.33238244811741
2023-05-27 12:00:00,69.7833333333333,277.45,8.95756274701034,0.944970012021433
2023-05-27 13:00:00,68.25,278.366666666667,344.07784129043,1.03088255969254
2023-05-27 14:00:00,67.3833333333333,277.783333333333,345.548825582641,1.52341606085016
2023-05-27 15:00:00,64.9666666666667,278.15,339.526581310698,1.72908261430086
2023-05-27 16:00:00,67.0166666666667,277.933333333333,347.295664673799,1.65018939694735
2023-05-27 17:00:00,66.3333333333333,277.4,330.286200467857,2.82185051661228
2023-05-27 18:00:00,72.9833333333333,276.616666666667,332.961612802326,2.40656657735049
2023-05-27 19:00:00,86.45,275.633333333333,335.53017693632,2.34448391085743
2023-05-27 20:00:00,94.2333333333333,275.3,341.331459655615,2.06268642523833
2023-05-27 21:00:00,94.8,274.983333333333,336.437740694881,3.29513888718151
2023-05-27 22:00:00,94.9833333333333,274.866666666667,335.362785019469,3.36787513331424
2023-05-27 23:00:00,95.1333333333333,274.7,342.735046557577,1.99059692607957
2023-05-28 00:00:00,91.85,274.683333333333,359.042697212691,1.15376430957096
2023-05-28 01:00:00,86.8,274.55,359.917294804335,1.75442922147127
2023-05-28 02:00:00,89.3,274.35,9.11023997277874,1.45585133905625
2023-05-28 03:00:00,87.6333333333333,274.233333333333,345.299819577402,2.10284787677271
2023-05-28 04:00:00,90.95,273.816666666667,344.390767597043,1.63798637153589
2023-05-28 05:00:00,95.0833333333333,273.416666666667,339.465433061325,2.26045141917327
2023-05-28 06:00:00,95.1,273.566666666667,345.309553065415,2.48470723916472
2023-05-28 07:00:00,94.45,273.566666666667,345.837908050093,2.79690639332381
2023-05-28 08:00:00,89.4,274.8,352.122481284597,1.67048433958054
2023-05-28 09:00:00,84.6,274.95,346.144679951212,2.2887404556394
2023-05-28 10:00:00,80.15,275.183333333333,335.418600327379,2.17803856108205
2023-05-28 11:00:00,73.9666666666667,275.166666666667,335.133925165516,3.01195951538846
2023-05-28 12:00:00,73.85,275.583333333333,335.589006395671,3.07648251726394
2023-05-28 13:00:00,78.9333333333333,275.766666666667,328.380570021318,3.69530050758259
2023-05-28 14:00:00,91.5333333333333,274.95,324.395666995498,5.01031404362042
2023-05-28 15:00:00,88.7166666666667,275.2,329.379008407127,4.6289490543676
2023-05-28 16:00:00,90.1666666666667,275.483333333333,327.673728187273,3.8355703127253
2023-05-28 17:00:00,93.2833333333333,275.366666666667,324.415262532572,3.65250668354954
2023-05-28 18:00:00,94.6666666666667,274.85,334.500368622544,3.77353270332274
2023-05-28 19:00:00,95.0666666666667,274.1,304.126465283513,2.80081013418119
2023-05-28 20:00:00,94.9166666666667,273.633333333333,274.861487903492,1.63800552756466
2023-05-28 21:00:00,94.65,273.316666666667,250.753801139958,1.83110256794291
2023-05-28 22:00:00,94.15,273.15,191.190494161393,1.04159847324888
2023-05-28 23:00:00,93.7666666666667,273.133333333333,85.7348019656972,2.05170693030354
2023-05-29 00:00:00,95.0333333333334,273.166666666667,80.2414552736808,1.51260845118227
2023-05-29 01:00:00,95.1833333333333,273.233333333333,75.3597683288342,1.46341921301095
2023-05-29 02:00:00,93.9666666666667,273.533333333333,352.469509124156,0.37419968101898
2023-05-29 03:00:00,88.8833333333333,274.0,354.81320744041,1.16882604397068
2023-05-29 04:00:00,90.7833333333333,273.433333333333,337.956956615687,1.138512928506
2023-05-29 05:00:00,93.7833333333334,273.166666666667,343.79309925948,1.2521362698595
2023-05-29 06:00:00,91.2333333333333,273.666666666667,330.479272841821,1.55558544022411
2023-05-29 07:00:00,89.0,274.183333333333,317.491647771116,1.66236939962264
2023-05-29 08:00:00,86.3666666666667,274.95,330.080626081371,1.61831194841498
2023-05-29 09:00:00,81.7,275.916666666667,332.956505167344,0.837244594699835
2023-05-29 10:00:00,75.0,277.916666666667,267.4483378096,0.0520826814491246
2023-05-29 11:00:00,82.5333333333334,276.55,250.752873347009,0.282546562852097
2023-05-29 12:00:00,80.0666666666667,276.4,268.158262960389,0.484641714676105
2023-05-29 13:00:00,77.5833333333333,276.733333333333,299.942918528316,0.863469421743631
2023-05-29 14:00:00,73.2833333333334,277.066666666667,317.394157621603,1.20290068669964
2023-05-29 15:00:00,84.9833333333333,276.483333333333,307.009908915192,2.75581186769488
2023-05-29 16:00:00,86.75,276.333333333333,292.525300713172,2.63916318786119
2023-05-29 17:00:00,92.7333333333333,275.3,294.657715749875,3.37800305573539
2023-05-29 18:00:00,95.0666666666667,275.133333333333,294.913199939061,4.00900732477827
2023-05-29 19:00:00,95.1333333333333,275.116666666667,295.237022632445,3.5621739214864
2023-05-29 20:00:00,95.0333333333334,274.85,298.917454259787,2.44414590047543
2023-05-29 21:00:00,94.75,274.466666666667,307.415878046577,1.43795087445064
2023-05-29 22:00:00,94.95,274.383333333333,327.171506726589,0.924843732236483
2023-05-29 23:00:00,95.2,274.2,14.3522678370567,0.348911998411992
2023-05-30 00:00:00,95.3,273.666666666667,47.5480911761918,0.160225156995691
2023-05-30 01:00:00,93.7166666666667,273.183333333333,24.3202822237536,0.785403677987132
2023-05-30 02:00:00,80.5,273.416666666667,350.730998079979,2.24557268692033
2023-05-30 03:00:00,87.3,273.816666666667,343.368274357116,3.5354764790343
2023-05-30 04:00:00,93.0666666666667,273.066666666667,343.031709561149,4.47135064670772
2023-05-30 05:00:00,95.2666666666667,272.816666666667,331.888328951935,5.14656635524333
2023-05-30 06:00:00,90.5833333333333,272.916666666667,323.101683138221,5.33813012234778
2023-05-30 07:00:00,73.3333333333333,273.1,315.646696799705,4.65883165782585
2023-05-30 08:00:00,55.2333333333333,273.533333333333,297.324485125813,4.09680023194676
2023-05-30 09:00:00,27.6166666666667,274.9,264.612126803171,2.58689079780057
2023-05-30 10:00:00,40.75,276.116666666667,252.57544068931,0.428683256133201
2023-05-30 11:00:00,54.6,277.616666666667,186.460739956887,0.181409496464467
2023-05-30 12:00:00,64.6666666666667,278.233333333333,229.769107115611,0.1136885621922
2023-05-30 13:00:00,64.8166666666667,278.233333333333,338.409235312823,0.352017582542915
2023-05-30 14:00:00,70.4333333333333,276.816666666667,308.295760163605,1.42483059070375
2023-05-30 15:00:00,70.2333333333333,276.083333333333,302.174765770302,1.80795763861154
2023-05-30 16:00:00,68.2833333333333,275.133333333333,303.062525862206,3.73964937508633
2023-05-30 17:00:00,73.3166666666667,275.216666666667,305.286078262706,3.69301827427147
2023-05-30 18:00:00,92.2,274.1,293.981072941877,3.88289677894728
2023-05-30 19:00:00,95.0666666666667,273.616666666667,301.812409698975,4.52923936542784
2023-05-30 20:00:00,94.8666666666667,273.566666666667,288.886194392363,2.46154228217464
2023-05-30 21:00:00,94.75,273.516666666667,277.132509197104,2.43545024260321
2023-05-30 22:00:00,94.8833333333333,273.366666666667,236.517852863666,1.24783662998838
2023-05-30 23:00:00,95.2,273.85,139.641535074393,1.51872024123433
2023-05-31 00:00:00,95.3333333333333,273.883333333333,113.322205196943,4.87364432258452
2023-05-31 01:00:00,95.3,273.583333333333,100.722601428126,4.71699868598073
2023-05-31 02:00:00,95.3166666666667,273.2,89.1583648276055,2.15072486132183
2023-05-31 03:00:00,95.2,273.033333333333,82.9811344650827,1.64481473215031
2023-05-31 04:00:00,95.2833333333333,272.716666666667,91.39381677036,1.75645236109586
2023-05-31 05:00:00,95.2833333333333,273.066666666667,96.9905215978616,2.43042876509328
2023-05-31 06:00:00,95.02,273.35,87.1977190565621,1.51666661573516
2023-05-31 07:00:00,95.0,273.716666666667,85.2465456611501,1.7435238068605
2023-05-31 08:00:00,95.0333333333334,274.05,98.4048315998965,1.82654518015429
2023-05-31 09:00:00,95.0166666666667,274.616666666667,118.538133560496,1.76326539058094
2023-05-31 10:00:00,93.7333333333333,275.8,100.875658428398,2.3635249340744
2023-05-31 11:00:00,87.9666666666667,276.316666666667,110.079952572296,3.69757261554373
2023-05-31 12:00:00,84.1333333333333,276.633333333333,110.986075353621,2.65808643406577
2023-05-31 13:00:00,81.9166666666667,277.116666666667,113.861294619374,2.3656140538785
2023-05-31 14:00:00,76.7,277.4,117.655940231179,1.87757358397184
2023-05-31 15:00:00,77.4333333333333,277.616666666667,121.001093888844,2.58771260545047
2023-05-31 16:00:00,74.2166666666667,277.733333333333,157.089359901889,0.735914106780974
2023-05-31 17:00:00,78.95,277.383333333333,202.171558151068,0.491149395959669
2023-05-31 18:00:00,81.1166666666667,276.25,156.611497498802,0.697913051189612
2023-05-31 19:00:00,79.1166666666667,276.033333333333,112.506093190238,0.88679527762575
2023-05-31 20:00:00,82.7,275.416666666667,113.709615875045,2.18974978230181
2023-05-31 21:00:00,83.85,274.633333333333,96.2315603200988,2.07047127749527
2023-05-31 22:00:00,84.3,274.266666666667,89.3223525197092,2.00700153768698
2023-05-31 23:00:00,88.65,274.183333333333,76.0855858173761,1.20880430454952
2023-06-01 00:00:00,90.55,274.0,73.3305522308914,0.953854832010277
2023-06-01 01:00:00,91.4333333333333,273.883333333333,85.5396548749726,0.62463172858195
2023-06-01 02:00:00,93.45,273.75,91.4944249031826,1.1494979706323
2023-06-01 03:00:00,88.9666666666667,274.466666666667,98.4424663520583,0.412016284662816
2023-06-01 04:00:00,87.6833333333333,274.166666666667,308.611213128186,0.88814161195132
2023-06-01 05:00:00,80.5166666666667,274.266666666667,276.454083580026,1.4082121584768
2023-06-01 06:00:00,81.4666666666667,274.633333333333,285.911014632463,1.82807800180659
2023-06-01 07:00:00,85.3,274.583333333333,310.459664610255,1.89335804233323
2023-06-01 08:00:00,81.5,275.65,322.225576682972,1.63726904134948
2023-06-01 09:00:00,77.15,277.3,299.380637375851,0.484663178235563
2023-06-01 10:00:00,85.5,276.316666666667,270.584055827836,0.392336939200145
2023-06-01 11:00:00,78.0,277.833333333333,190.475445982174,0.122778015358859
2023-06-01 12:00:00,75.4666666666667,278.566666666667,134.0151483667,0.535003776781999
2023-06-01 13:00:00,77.4333333333333,277.85,20.0675840551866,0.160909898372364
2023-06-01 14:00:00,60.9666666666667,281.233333333333,344.931921738373,0.0770115070032477
2023-06-01 15:00:00,58.1666666666667,282.25,115.912328647124,0.0617510910518685
2023-06-01 16:00:00,62.1833333333333,280.95,328.127525201548,0.415359118829353
2023-06-01 17:00:00,80.0833333333333,277.75,327.644268755851,2.43544381800828
2023-06-01 18:00:00,94.6833333333333,276.233333333333,323.937811348207,3.21382966609738
2023-06-01 19:00:00,95.1666666666667,275.666666666667,309.021077984008,2.62894351772806
2023-06-01 20:00:00,95.0333333333334,275.133333333333,284.002174166402,2.50861126194622
2023-06-01 21:00:00,94.8333333333333,274.916666666667,288.503794943243,3.48263604037248
2023-06-01 22:00:00,94.9833333333333,274.733333333333,246.934717632468,1.94618117143853
2023-06-01 23:00:00,95.2333333333333,275.083333333333,129.523410864962,0.961982146014699
2023-06-02 00:00:00,95.3666666666667,275.133333333333,112.158556856285,2.33777726668906
2023-06-02 01:00:00,95.4666666666667,274.883333333333,93.3859623238822,1.26873965987238
2023-06-02 02:00:00,95.4666666666667,274.633333333333,111.074324064532,0.787008915525411
2023-06-02 03:00:00,95.3666666666667,274.75,3.81020485400165,0.423144335328631
2023-06-02 04:00:00,95.3333333333333,274.0,324.36112227735,2.23345924525217
2023-06-02 05:00:00,95.3333333333334,274.183333333333,334.994471164736,3.35878847418671
2023-06-02 06:00:00,94.85,274.216666666667,336.571138506209,3.0033238260401
2023-06-02 07:00:00,74.6833333333334,274.3,314.184761159076,3.39246630721322
2023-06-02 08:00:00,66.3166666666667,275.216666666667,322.868344174876,2.80657838965154
2023-06-02 09:00:00,72.5166666666667,275.8,333.235744529222,1.84787612612717
2023-06-02 10:00:00,55.1666666666667,278.583333333333,281.017096247306,0.185238899756314
2023-06-02 11:00:00,67.2666666666667,278.916666666667,214.374778848197,0.490308412073972
2023-06-02 12:00:00,69.65,278.6,234.714515286486,0.494110075872353
2023-06-02 13:00:00,60.2,279.916666666667,301.860871474795,0.28024400142984
2023-06-02 14:00:00,55.1166666666667,280.55,325.329980673078,0.468453337805489
2023-06-02 15:00:00,53.0333333333333,279.583333333333,336.379455767288,1.76008068847929
2023-06-02 16:00:00,70.6833333333333,278.733333333333,296.978865035689,2.01370217474662
2023-06-02 17:00:00,83.1166666666667,277.35,294.883246164161,2.3244875221661
2023-06-02 18:00:00,87.8,276.27,301.290478558918,1.95794464357364
2023-06-02 19:00:00,89.6333333333333,275.533333333333,310.124966302347,3.42846058688244
2023-06-02 20:00:00,83.2,275.483333333333,307.11568896243,1.8115262775997
2023-06-02 21:00:00,85.9,275.1,297.14034875081,0.789754499078687
2023-06-02 22:00:00,88.7666666666667,274.85,310.589453796365,1.65611420418616
2023-06-02 23:00:00,89.9833333333334,274.866666666667,312.0477640142,1.16281869916105
2023-06-03 00:00:00,89.7666666666667,274.883333333333,309.541736685652,0.448239066186222
2023-06-03 01:00:00,85.3,275.166666666667,180.634624910558,0.103839196128897
2023-06-03 02:00:00,89.1833333333334,275.05,86.5017405923371,0.754606417793641
2023-06-03 03:00:00,93.4166666666667,274.616666666667,80.3346228883803,1.33431766303213
2023-06-03 04:00:00,92.9,274.1,76.4352837885797,0.791387507389201
2023-06-03 05:00:00,87.35,274.75,341.408534768354,1.05697907325422
2023-06-03 06:00:00,82.8666666666667,275.45,316.323614421997,1.3781584625572
2023-06-03 07:00:00,79.3166666666667,276.15,318.155424592579,0.869026905181743
2023-06-03 08:00:00,66.8,279.366666666667,113.31073010656,0.389967424787088
2023-06-03 09:00:00,75.65,278.933333333333,94.3748587484592,1.48625242632551
2023-06-03 10:00:00,76.8833333333333,277.616666666667,100.042213108231,0.45750043548223
2023-06-03 11:00:00,80.4166666666667,277.483333333333,101.573439772877,0.783149208620813
2023-06-03 12:00:00,67.3,279.05,143.202082931207,0.295312639039548
2023-06-03 13:00:00,66.1666666666667,279.6,84.6045558191202,0.956501057281938
2023-06-03 14:00:00,68.1166666666667,280.466666666667,20.1855504044077,0.800504237767412
2023-06-03 15:00:00,85.75,277.533333333333,328.530586321918,3.28855792639246
2023-06-03 16:00:00,71.4833333333333,279.266666666667,319.311471404279,0.510096354637
2023-06-03 17:00:00,73.0333333333333,280.066666666667,314.855985115193,0.286125014272969
2023-06-03 18:00:00,90.2,277.21,345.620466637217,1.28078257135723
2023-06-03 19:00:00,95.1,275.05,329.359121070345,3.95768591203934
2023-06-03 20:00:00,94.95,274.95,336.892258010057,1.31971938054251
2023-06-03 21:00:00,94.8666666666667,275.116666666667,,0.0
2023-06-03 22:00:00,95.1,275.133333333333,,0.0
2023-06-03 23:00:00,95.3333333333333,275.1,,0.0
2023-06-04 00:00:00,95.4333333333333,275.0,,0.0
2023-06-04 01:00:00,95.4833333333333,274.883333333333,,0.0
2023-06-04 02:00:00,95.4666666666667,275.083333333333,,0.0
2023-06-04 03:00:00,95.3666666666667,274.833333333333,,0.0
2023-06-04 04:00:00,95.4666666666667,274.516666666667,,0.0
2023-06-04 05:00:00,95.4,274.35,,0.0
2023-06-04 06:00:00,95.4166666666667,274.533333333333,,0.0
2023-06-04 07:00:00,95.0,274.183333333333,,0.0
2023-06-04 08:00:00,93.7,273.55,302.722550640091,0.191604033570992
2023-06-04 09:00:00,87.0833333333333,274.233333333333,289.167165841693,0.99202884244831
2023-06-04 10:00:00,76.3,276.4,313.656883885933,0.337937325035178
2023-06-04 11:00:00,83.1833333333333,276.933333333333,347.538659867295,0.0685174921330931
2023-06-04 12:00:00,86.8166666666667,276.8,176.014411864275,0.0669684918949584
2023-06-04 13:00:00,93.45,275.0,246.762036809683,0.395808725111504
2023-06-04 14:00:00,94.5166666666667,277.05,69.2828429961979,0.06226256698919
2023-06-04 15:00:00,89.1333333333333,278.75,83.6921058577254,1.13921804215406
2023-06-04 16:00:00,89.05,277.966666666667,81.3339519672987,0.689752602072325
2023-06-04 17:00:00,89.2,277.7,120.500004795283,0.0495451012898191
2023-06-04 18:00:00,94.05,276.5,1.43819856304958,0.145762623990872
2023-06-04 19:00:00,95.05,275.733333333333,109.14635423863,1.17158202353503
2023-06-04 20:00:00,95.0333333333333,275.216666666667,97.4805532976917,1.74682163945607
2023-06-04 21:00:00,94.8166666666667,275.0,97.9376558731364,3.61214814094203
2023-06-04 22:00:00,94.9666666666667,274.883333333333,92.7497886533332,4.04086444639375
2023-06-04 23:00:00,95.2,274.533333333333,79.5545861089885,1.60667898105449
2023-06-05 00:00:00,95.35,274.533333333333,85.7143360589838,1.47992908393733
2023-06-05 01:00:00,95.4,274.366666666667,85.81777217576,1.18471790390446
2023-06-05 02:00:00,95.4333333333333,274.183333333333,88.5422242534738,1.92880768891852
2023-06-05 03:00:00,95.4,274.683333333333,83.4574355070532,1.10087693039103
2023-06-05 04:00:00,95.3833333333333,274.5,,0.0
2023-06-05 05:00:00,95.4833333333333,274.433333333333,,0.0
2023-06-05 06:00:00,95.2333333333333,274.933333333333,,0.0
2023-06-05 07:00:00,95.1,274.9,,0.0
2023-06-05 08:00:00,95.1166666666667,275.333333333333,113.955974590479,0.881594750411152
2023-06-05 09:00:00,95.2,276.23,123.086627194417,0.417813000401688
2023-06-05 10:00:00,95.2,276.25,209.56539417248,0.324616501517794
2023-06-05 11:00:00,95.14,276.39,274.21202313966,0.805665632007012
2023-06-05 12:00:00,95.15,276.783333333333,252.642035840801,0.553755929294813
2023-06-05 13:00:00,95.0833333333333,276.75,251.813999791207,1.37264817250107
2023-06-05 14:00:00,92.9166666666666,276.616666666667,294.079535325255,2.01085052370035
2023-06-05 15:00:00,93.9166666666667,275.833333333333,299.066721687637,3.29074809236506
2023-06-05 16:00:00,94.1833333333333,275.65,318.736769772793,2.90893916598047
2023-06-05 17:00:00,94.5666666666667,275.5,342.540084282092,2.86871582340098
2023-06-05 18:00:00,95.0666666666667,274.866666666667,350.499465421262,3.28015220198026
2023-06-05 19:00:00,95.0166666666667,274.35,352.640399362922,3.1630038234594
2023-06-05 20:00:00,94.9833333333333,274.033333333333,353.814917213056,3.20389283945427
2023-06-05 21:00:00,94.65,273.45,321.428689071393,3.33880206555264
2023-06-05 22:00:00,94.7666666666667,272.516666666667,312.413027171874,2.85718321126026
2023-06-05 23:00:00,95.0166666666667,272.6,291.615925530064,2.00080868940821
2023-06-06 00:00:00,94.2,272.883333333333,236.617758554835,2.7463073101254
2023-06-06 01:00:00,94.2333333333333,272.866666666667,254.230214435353,2.39904232275789
2023-06-06 02:00:00,95.2833333333333,272.866666666667,293.5196214242,2.50922766187877
2023-06-06 03:00:00,95.2,272.9,282.38784163037,2.2656298083218
2023-06-06 04:00:00,95.2666666666667,272.35,310.925302518734,2.65844580339542
2023-06-06 05:00:00,95.2833333333333,272.4,320.332814152271,2.72787810329131
2023-06-06 06:00:00,94.6833333333333,272.85,332.135787002815,2.99736711635736
2023-06-06 07:00:00,92.2833333333333,273.616666666667,328.142008409984,3.33032244471419
2023-06-06 08:00:00,90.0166666666667,275.533333333333,320.339102294244,2.07314497676837
2023-06-06 09:00:00,91.2333333333333,275.85,335.555519212772,1.46472153729908
2023-06-06 10:00:00,88.8333333333333,276.65,323.821402636945,2.18100388755274
2023-06-06 11:00:00,86.6333333333333,277.416666666667,314.901800522588,2.64399867925379
2023-06-06 12:00:00,85.6666666666667,277.633333333333,336.110520864154,2.22118800902642
2023-06-06 13:00:00,84.25,277.866666666667,337.300567744605,3.02831278162041
2023-06-06 14:00:00,86.0333333333334,277.5,342.974711997369,2.72236995451478
2023-06-06 15:00:00,87.8333333333333,277.033333333333,327.90526067517,4.06161695534109
2023-06-06 16:00:00,87.4166666666667,277.033333333333,327.587229938376,3.55150441744692
2023-06-06 17:00:00,87.3833333333333,276.9,326.054673140753,3.65698352645026
2023-06-06 18:00:00,92.8666666666667,275.7,326.016071049994,4.82505290425727
2023-06-06 19:00:00,95.0,275.15,327.950599969142,3.74750262427159
2023-06-06 20:00:00,95.0,274.75,329.114842060866,3.8805398305312
2023-06-06 21:00:00,94.7333333333333,274.483333333333,329.523554758437,3.81159391656955
2023-06-06 22:00:00,94.9333333333333,274.466666666667,344.529132563154,2.43044150356667
2023-06-06 23:00:00,95.1666666666667,274.116666666667,341.902278139581,3.07005638770074
2023-06-07 00:00:00,95.2166666666667,273.766666666667,356.225039940503,1.43547527637644
2023-06-07 01:00:00,94.3833333333333,273.533333333333,356.218207401406,1.85083236815438
2023-06-07 02:00:00,89.7166666666667,273.166666666667,350.709425512909,2.93888120911017
2023-06-07 03:00:00,85.2,273.0,351.992820472679,5.31468326423869
2023-06-07 04:00:00,84.8,272.4,345.888482489008,6.11777293579979
2023-06-07 05:00:00,68.55,272.85,342.363746965671,5.16552845821881
2023-06-07 06:00:00,65.5333333333334,273.4,341.154639241504,5.45744903391666
2023-06-07 07:00:00,70.45,273.583333333333,340.226078722373,4.54186619416383
2023-06-07 08:00:00,73.5666666666667,273.983333333333,349.977502625295,2.52184396838019
2023-06-07 09:00:00,63.9,276.866666666667,1.37872965156498,0.2683869331256
2023-06-07 10:00:00,57.9,278.15,34.7894506123032,0.125676609975328
2023-06-07 11:00:00,59.2666666666667,278.8,76.3443309067872,0.452392208210647
2023-06-07 12:00:00,60.7166666666667,278.4,49.4823788507873,0.141839141462632
2023-06-07 13:00:00,59.5666666666667,279.083333333333,358.573056825867,0.872890174316051
2023-06-07 14:00:00,54.3666666666667,279.1,335.519992185123,0.652527429721466
2023-06-07 15:00:00,56.1166666666667,279.616666666667,334.790497580314,0.937008062575818
2023-06-07 16:00:00,60.1666666666667,279.116666666667,331.301442424458,1.47416081575366
2023-06-07 17:00:00,69.95,277.933333333333,324.174862427882,3.61804019696856
2023-06-07 18:00:00,82.6833333333333,276.783333333333,330.897511228299,2.15486357634183
2023-06-07 19:00:00,87.0166666666667,275.883333333333,247.183757740927,0.849389269913825
2023-06-07 20:00:00,93.0666666666667,275.233333333333,247.424416374859,1.00840475445331
2023-06-07 21:00:00,92.6166666666667,275.183333333333,223.237939497862,0.164847002412483
2023-06-07 22:00:00,95.0333333333334,275.616666666667,96.3275556874696,0.972726964345856
2023-06-07 23:00:00,95.2166666666667,275.183333333333,69.6141493440797,0.481576467534976
2023-06-08 00:00:00,95.2166666666667,275.1,79.3066724264724,0.787917751968457
2023-06-08 01:00:00,91.9833333333334,275.05,82.8528700529991,0.420295403272041
2023-06-08 02:00:00,90.9833333333333,275.083333333333,84.1130778075831,0.171049404422
2023-06-08 03:00:00,85.75,275.416666666667,87.0413959725192,0.175268592410682
2023-06-08 04:00:00,85.75,275.05,111.460761612997,0.55534153255242
2023-06-08 05:00:00,87.05,275.083333333333,110.431619039576,0.795015449530909
2023-06-08 06:00:00,86.1166666666667,275.516666666667,108.83666902046,1.18737455188139
2023-06-08 07:00:00,84.4333333333333,276.066666666667,110.576563655028,0.905843823098746
2023-06-08 08:00:00,83.4333333333333,276.616666666667,94.2485177683492,0.906376448510455
2023-06-08 09:00:00,84.6,277.033333333333,82.3724064544514,1.69793432268594
2023-06-08 10:00:00,91.75,276.4,100.980006010926,0.954069869951251
2023-06-08 11:00:00,91.8,276.733333333333,96.0461209298757,3.19143923906032
2023-06-08 12:00:00,91.4833333333333,277.15,99.0028564916256,3.29605942687119
2023-06-08 13:00:00,91.4333333333333,277.216666666667,162.563907376111,1.14278293101596
2023-06-08 14:00:00,95.0166666666667,275.8,76.4312676818635,0.908984804654387
2023-06-08 15:00:00,94.5666666666667,276.733333333333,22.4089887966327,0.738973635982405
2023-06-08 16:00:00,91.6833333333333,276.816666666667,80.3650663658131,0.992989050531099
2023-06-08 17:00:00,92.9333333333333,275.116666666667,350.111737154388,3.01324175346126
2023-06-08 18:00:00,95.0833333333333,275.183333333333,338.415982638988,3.33071132734908
2023-06-08 19:00:00,89.0166666666667,274.95,345.289062767934,4.26344197606426
2023-06-08 20:00:00,86.55,274.733333333333,342.092474757645,3.16476317185454
2023-06-08 21:00:00,78.65,274.65,324.885786084664,3.14902390006711
2023-06-08 22:00:00,78.5666666666667,274.733333333333,352.784441081207,2.46754755394704
2023-06-08 23:00:00,84.0333333333333,274.766666666667,338.733648097233,0.9024110351188
2023-06-09 00:00:00,83.9333333333333,274.9,79.0541955298164,0.406938219554708
2023-06-09 01:00:00,83.3333333333333,274.816666666667,94.1533105601535,1.82408570712625
2023-06-09 02:00:00,73.66,275.31,47.1715006826923,1.02606225888827
2023-06-09 03:00:00,76.25,275.233333333333,15.8046497051087,1.10709194854095
2023-06-09 04:00:00,78.2666666666667,275.366666666667,347.928775876545,1.8293432548882
2023-06-09 05:00:00,82.1333333333333,274.7,354.189967413608,2.16344064457435
2023-06-09 06:00:00,83.2,274.85,358.499556221111,2.14002918018698
2023-06-09 07:00:00,88.6833333333333,274.65,347.911574202332,4.12175347046733
2023-06-09 08:00:00,85.1333333333333,275.783333333333,355.382914102,2.03770973350617
2023-06-09 09:00:00,69.5166666666667,278.616666666667,51.1723909973734,0.310705925095412
2023-06-09 10:00:00,59.6833333333333,281.033333333333,87.4291322439901,0.235411670119911
2023-06-09 11:00:00,59.1,280.9,59.9462649487774,0.330783038529625
2023-06-09 12:00:00,53.5166666666667,279.866666666667,13.3969849073906,0.921195687438043
2023-06-09 13:00:00,57.35,279.916666666667,356.985719037288,1.15045771891525
2023-06-09 14:00:00,59.2,279.883333333333,337.875872215683,1.37691773291376
2023-06-09 15:00:00,65.6666666666667,278.683333333333,333.717743715306,2.76866811775443
2023-06-09 16:00:00,67.0166666666667,278.766666666667,339.074363484234,3.0188733861419
2023-06-09 17:00:00,62.95,279.783333333333,344.000093747652,1.97183830167896
2023-06-09 18:00:00,66.0166666666667,279.366666666667,326.399682717891,1.97902120919144
2023-06-09 19:00:00,71.4833333333333,279.25,1.46722117758463,0.517276041796307
2023-06-09 20:00:00,80.9166666666667,278.15,359.971738922898,0.105876233972888
2023-06-09 21:00:00,90.9833333333333,276.716666666667,68.4406461413323,0.111611052836698
2023-06-09 22:00:00,93.1333333333333,276.566666666667,86.488923390291,0.396645597845682
2023-06-09 23:00:00,89.3333333333333,276.816666666667,87.2728550335611,0.684469848344827
2023-06-10 00:00:00,92.6,276.566666666667,81.0197821847588,1.77571272534511
2023-06-10 01:00:00,85.3833333333333,276.666666666667,32.5909433896712,0.929391533018862
2023-06-10 02:00:00,80.3333333333333,276.883333333333,1.1145681788866,0.668265340385692
2023-06-10 03:00:00,82.7,276.783333333333,334.451034267888,0.726118954908148
2023-06-10 04:00:00,91.7,276.166666666667,336.280971799928,2.46155444185342
2023-06-10 05:00:00,95.45,275.833333333333,338.836011513804,3.28843024566195
2023-06-10 06:00:00,95.2166666666667,276.1,338.437196503169,4.01087200310935
2023-06-10 07:00:00,95.16,276.31,337.852107184298,3.22778941312053
2023-06-10 08:00:00,94.9333333333333,276.333333333333,347.155328499799,2.36510449279394
2023-06-10 09:00:00,91.2666666666667,277.133333333333,339.91018813432,2.24770193377049
2023-06-10 10:00:00,87.7666666666667,277.433333333333,343.590434738972,2.23372493659434
2023-06-10 11:00:00,86.4833333333333,277.8,323.243373036574,1.87289890078909
2023-06-10 12:00:00,86.9333333333333,277.966666666667,316.37502378534,1.7358913039357
2023-06-10 13:00:00,85.7333333333333,278.916666666667,340.235098215815,1.38132641772547
2023-06-10 14:00:00,87.15,278.183333333333,313.85680977287,1.93725967979524
2023-06-10 15:00:00,85.9166666666667,278.033333333333,314.51974446601,2.11077965114147
2023-06-10 16:00:00,87.05,277.733333333333,302.32742888523,3.16376118406941
2023-06-10 17:00:00,93.45,277.466666666667,318.458808580396,3.2109879584155
2023-06-10 18:00:00,95.15,277.183333333333,306.052744537982,2.40042906291093
2023-06-10 19:00:00,95.2,277.016666666667,297.379764577646,3.93585892984708
2023-06-10 20:00:00,95.15,276.716666666667,305.69238021364,3.78980092263673
2023-06-10 21:00:00,94.8833333333333,276.283333333333,289.938463705381,2.89009383505959
2023-06-10 22:00:00,95.05,275.933333333333,294.723011172579,3.75016453437561
2023-06-10 23:00:00,95.3,275.95,312.494710577046,4.77036965473064
2023-06-11 00:00:00,95.45,275.683333333333,307.645071820741,3.47474392245482
2023-06-11 01:00:00,95.55,275.533333333333,316.546340585801,2.63176150639654
2023-06-11 02:00:00,95.5833333333333,275.5,325.141107198744,1.88565560546369
2023-06-11 03:00:00,95.5333333333333,275.516666666667,303.96080609359,3.42945667443502
2023-06-11 04:00:00,95.4666666666667,275.166666666667,283.304165506849,3.20804057988063
2023-06-11 05:00:00,95.3833333333333,275.1,294.521334067611,4.34919956198224
2023-06-11 06:00:00,95.2,275.233333333333,301.732426129959,4.62291914339748
2023-06-11 07:00:00,95.2,275.566666666667,296.628548807215,4.48709480512473
2023-06-11 08:00:00,95.2,275.75,287.133871241313,3.5754430786159
2023-06-11 09:00:00,95.2166666666667,275.783333333333,300.482419741715,2.50358956720362
2023-06-11 10:00:00,95.3,276.316666666667,246.763848737328,1.21837851680262
2023-06-11 11:00:00,95.3333333333333,276.7,235.440451230291,1.13672217300398
2023-06-11 12:00:00,95.35,277.133333333333,248.259056242591,0.914671068875488
2023-06-11 13:00:00,95.35,277.15,272.685319869051,1.4768240103135
2023-06-11 14:00:00,95.4,278.816666666667,193.306097088296,0.489990929216091
2023-06-11 15:00:00,95.3333333333333,278.35,304.900891886671,1.19469819513445
2023-06-11 16:00:00,95.28,277.53,326.395932573895,2.12762774571868
2023-06-11 17:00:00,95.2,276.433333333333,311.92035933707,3.2208395126324
2023-06-11 18:00:00,95.2166666666667,276.083333333333,319.829556183952,3.07026518350729
2023-06-11 19:00:00,95.2666666666667,276.633333333333,307.255181036717,2.20953075135279
2023-06-11 20:00:00,95.1333333333333,276.25,269.241398046314,1.23425976489561
2023-06-11 21:00:00,94.9333333333333,275.95,249.916891861466,0.380596804040319
2023-06-11 22:00:00,95.1166666666667,275.8,228.476010475392,0.172312919494048
2023-06-11 23:00:00,95.3666666666667,275.883333333333,106.37256602657,0.803271612339551
2023-06-12 00:00:00,95.4666666666667,275.55,92.6685581057501,1.74985057350798
2023-06-12 01:00:00,94.6333333333333,275.483333333333,76.780177359373,1.13190535971854
2023-06-12 02:00:00,73.3,275.916666666667,8.56136842455885,1.65125804935387
2023-06-12 03:00:00,82.1333333333333,275.966666666667,2.92982654039253,3.83385729545255
2023-06-12 04:00:00,81.6833333333334,275.75,359.322721806093,6.19310416906858
2023-06-12 05:00:00,86.2333333333334,275.4,4.9364742585496,6.31082332932329
2023-06-12 06:00:00,80.14,275.61,353.766824819725,4.60460078401588
2023-06-12 07:00:00,79.5166666666667,275.5,355.50429557547,6.64145827788476
2023-06-12 08:00:00,82.55,275.533333333333,345.799157461498,6.37894803889835
2023-06-12 09:00:00,71.7333333333333,276.05,346.115496638236,4.81869270564857
2023-06-12 10:00:00,70.65,277.0,346.640277991242,2.6067438106986
2023-06-12 11:00:00,68.4833333333333,278.366666666667,358.13103570925,1.39899985051818
2023-06-12 12:00:00,62.9,278.766666666667,341.168509290565,1.36426221834274
2023-06-12 13:00:00,57.6833333333333,279.8,341.125108570764,1.09404612285352
2023-06-12 14:00:00,57.9166666666667,280.95,23.7457768501798,0.867964283397413
2023-06-12 15:00:00,59.4,280.983333333333,356.387832311145,1.57492004635645
2023-06-12 16:00:00,67.35,279.383333333333,340.512167002163,3.56529417638364
2023-06-12 17:00:00,76.6833333333333,278.9,339.909127444155,3.82353192437967
2023-06-12 18:00:00,92.5333333333333,277.5,334.588794119487,4.97028107956015
2023-06-12 19:00:00,95.2,277.016666666667,342.17003380331,2.66920995506788
2023-06-12 20:00:00,95.1333333333333,276.7,347.033291690697,2.10931906534876
2023-06-12 21:00:00,94.9333333333333,276.483333333333,354.602961216005,1.79743565045878
2023-06-12 22:00:00,95.1166666666667,276.266666666667,343.975436373789,1.29982308800352
2023-06-12 23:00:00,95.3833333333333,276.216666666667,1.09410606228499,1.24257365288212
2023-06-13 00:00:00,93.2,276.416666666667,42.4709621253929,0.748377371542991
2023-06-13 01:00:00,84.9833333333333,276.5,53.3300418029535,0.567708455293068
2023-06-13 02:00:00,82.6166666666667,276.3,37.2753037178428,0.283348191269601
2023-06-13 03:00:00,76.5333333333334,276.283333333333,17.0189277380526,0.528927484693217
2023-06-13 04:00:00,61.35,276.583333333333,8.54953124607727,1.21121869257257
2023-06-13 05:00:00,65.76,276.19,6.07446433307302,2.317375746189
2023-06-13 06:00:00,65.3166666666667,276.183333333333,357.744938830006,3.22036002224471
2023-06-13 07:00:00,79.2,275.683333333333,357.743871281929,4.79383309548122
2023-06-13 08:00:00,76.7,276.15,352.060419137111,4.73922875651859
2023-06-13 09:00:00,78.7,276.616666666667,345.98533664372,3.45793157485429
2023-06-13 10:00:00,76.3166666666667,277.333333333333,349.868843884862,2.62176575036047
2023-06-13 11:00:00,69.9833333333333,279.1,34.5443093965703,0.863549207616959
2023-06-13 12:00:00,64.0833333333333,279.3,353.203166835323,1.36865834213844
2023-06-13 13:00:00,57.4666666666667,280.216666666667,354.577054327524,0.930951790987947
2023-06-13 14:00:00,51.1833333333333,281.166666666667,11.5065652439794,0.737990924208034
2023-06-13 15:00:00,56.25,281.383333333333,0.897390107825913,0.975019707950204
2023-06-13 16:00:00,64.2833333333333,280.666666666667,351.644178572193,1.92668434526412
2023-06-13 17:00:00,82.2333333333333,278.716666666667,338.07107373983,4.45966909537386
2023-06-13 18:00:00,89.15,277.466666666667,320.940584526443,2.17724506510124
2023-06-13 19:00:00,92.5166666666667,276.766666666667,304.2280969033,2.77982010768709
2023-06-13 20:00:00,94.95,276.266666666667,310.703475748689,2.18354516532226
2023-06-13 21:00:00,94.9333333333333,276.15,313.517003815676,0.73428181561654
2023-06-13 22:00:00,95.2,276.15,359.648283499171,0.416303220157889
2023-06-13 23:00:00,95.0333333333333,276.083333333333,49.9372101129288,0.436180541353133
2023-06-14 00:00:00,94.5166666666667,275.683333333333,86.16800596318,0.913193677637504
2023-06-14 01:00:00,95.2666666666667,275.3,87.4996054037323,1.05582695436998
2023-06-14 02:00:00,93.2333333333334,275.116666666667,356.136864198857,1.48889413407118
2023-06-14 03:00:00,92.6333333333333,274.5,357.85697328093,2.58432046776769
2023-06-14 04:00:00,89.16,273.91,358.509280807728,5.16985470677754
2023-06-14 05:00:00,84.55,274.05,6.72410916217285,5.43168641516058
2023-06-14 06:00:00,85.1,274.0,356.72247027596,6.08323514606402
2023-06-14 07:00:00,81.3666666666667,274.183333333333,341.966053992831,4.11779614707784
2023-06-14 08:00:00,87.3666666666667,274.866666666667,355.545716974853,2.08392642507103
2023-06-14 09:00:00,73.6,276.633333333333,17.878257963664,0.780607005130415
2023-06-14 10:00:00,61.95,278.516666666667,25.4633785835343,0.251669896470285
2023-06-14 11:00:00,62.1666666666667,278.416666666667,42.4035315848403,0.490993268544947
2023-06-14 12:00:00,64.8166666666667,278.383333333333,16.1951056212234,0.647726543403251
2023-06-14 13:00:00,66.2166666666667,279.033333333333,3.16440316489155,0.795148973348601
2023-06-14 14:00:00,67.55,278.516666666667,349.592159691854,2.26666270913473
2023-06-14 15:00:00,61.45,278.416666666667,348.267954966035,2.56909068616047
2023-06-14 16:00:00,70.1166666666667,277.55,342.15522043811,4.36984683077825
2023-06-14 17:00:00,78.8,276.7,338.838228298634,5.26232006634897
2023-06-14 18:00:00,87.4666666666667,275.783333333333,339.902178473085,5.89914800289728
2023-06-14 19:00:00,94.1833333333333,275.2,343.17589817063,3.86134333927521
2023-06-14 20:00:00,94.9666666666667,274.75,355.1515015335,3.90303044761371
2023-06-14 21:00:00,94.85,274.416666666667,355.654353073724,4.42604942448473
2023-06-14 22:00:00,95.1,274.266666666667,10.7818840535626,3.77013938962374
2023-06-14 23:00:00,95.3166666666667,274.116666666667,11.9447593796297,3.4153735798907
2023-06-15 00:00:00,95.35,273.733333333333,10.4398612709815,2.94568072890801
2023-06-15 01:00:00,94.8166666666667,273.183333333333,25.6503953003519,3.43115379746008
2023-06-15 02:00:00,94.1833333333333,273.133333333333,17.2507696386722,6.47946209396367
2023-06-15 03:00:00,93.6166666666667,272.683333333333,1.01322621577725,5.68403866370015
2023-06-15 04:00:00,94.8333333333333,272.483333333333,346.568632413496,4.79196114560186
2023-06-15 05:00:00,95.3,272.4,359.450511566222,4.03450211918524
2023-06-15 06:00:00,94.9833333333333,272.016666666667,354.051538963662,5.07359481797
2023-06-15 07:00:00,93.9166666666667,271.6,340.845847926203,4.74319457089694
2023-06-15 08:00:00,92.3,272.2,336.933935801001,5.30226048142973
2023-06-15 09:00:00,90.6166666666667,272.666666666667,1.11455582813522,5.86602743517402
2023-06-15 10:00:00,85.8666666666667,273.516666666667,355.927983737346,4.04227779576131
2023-06-15 11:00:00,79.3,274.65,354.625403114816,3.20925210077181
2023-06-15 12:00:00,76.3,275.566666666667,9.96574121271743,2.53444436173735
2023-06-15 13:00:00,71.7,276.216666666667,0.310565573648205,2.955114301338
2023-06-15 14:00:00,72.3666666666667,276.333333333333,356.543011408442,3.68819601339818
2023-06-15 15:00:00,73.9833333333333,275.85,344.65774080666,4.44946847555013
2023-06-15 16:00:00,80.6333333333333,275.266666666667,346.015871336716,4.50699099895221
2023-06-15 17:00:00,85.05,274.933333333333,349.500228438223,4.7421303918122
2023-06-15 18:00:00,90.1666666666667,274.516666666667,353.132600551589,4.44803497557007
2023-06-15 19:00:00,90.75,274.316666666667,1.36740841913593,5.19482496678965
2023-06-15 20:00:00,94.55,273.816666666667,15.336908984279,5.34258942297984
2023-06-15 21:00:00,94.75,273.583333333333,14.7999721014205,4.47505770494277
2023-06-15 22:00:00,94.9666666666667,273.5,24.9665597009025,3.67068337270232
2023-06-15 23:00:00,95.1833333333333,273.483333333333,10.2695318687014,3.72757230294271
2023-06-16 00:00:00,95.2333333333333,273.15,353.039090852558,6.88021261201487
2023-06-16 01:00:00,95.2833333333333,273.166666666667,335.944785258026,6.35461194486644
2023-06-16 02:00:00,95.2833333333333,273.05,341.863018529673,5.09343888505638
2023-06-16 03:00:00,95.26,273.35,346.944628756771,4.82132500076669
2023-06-16 04:00:00,95.3,272.43,0.906616213309803,5.70985100491994
2023-06-16 05:00:00,95.2166666666667,271.916666666667,5.19708681270021,6.05591977780942
2023-06-16 06:00:00,94.95,272.083333333333,358.036570929733,6.72802854528279
2023-06-16 07:00:00,94.9166666666667,271.983333333333,349.160036436529,6.91471175914147
2023-06-16 08:00:00,94.9833333333333,272.083333333333,343.619045575775,6.34692182648773
2023-06-16 09:00:00,95.0,272.383333333333,338.175889707543,6.81497089385624
2023-06-16 10:00:00,94.85,272.783333333333,333.891050386107,6.18203020104755
2023-06-16 11:00:00,94.7166666666667,273.416666666667,342.971593414851,5.24787596409087
2023-06-16 12:00:00,94.1166666666667,274.1,350.039029736905,4.81009854448867
2023-06-16 13:00:00,94.2,274.366666666667,2.01488936167743,4.222760213412
2023-06-16 14:00:00,93.85,274.3,357.701046433871,5.24635254880696
2023-06-16 15:00:00,94.45,274.383333333333,11.8419700501236,4.07151601453086
2023-06-16 16:00:00,95.0833333333333,273.466666666667,37.938715964598,5.97477936084521
2023-06-16 17:00:00,95.0,273.266666666667,352.701868033432,6.98070299705371
2023-06-16 18:00:00,94.9666666666667,273.1,353.973345835111,6.05491875286239
2023-06-16 19:00:00,95.0,273.0,349.839754587218,7.99376376404654
2023-06-16 20:00:00,94.8166666666667,272.966666666667,343.124031826685,7.15345247377854
2023-06-16 21:00:00,94.6333333333333,272.7,342.451687595872,9.04273733327969
2023-06-16 22:00:00,94.85,272.833333333333,335.786755726635,8.81140205757778
2023-06-16 23:00:00,95.1166666666667,273.05,331.140963786036,8.1171325265797
2023-06-17 00:00:00,95.2166666666667,273.05,333.740878425631,7.04155470065322
2023-06-17 01:00:00,95.2166666666667,272.733333333333,332.063952746409,7.78047596618707
2023-06-17 02:00:00,95.2,272.3,328.139326541155,7.44222699959324
2023-06-17 03:00:00,95.18,271.97,328.543135811658,7.33196962940559
2023-06-17 04:00:00,95.2,271.633333333333,329.205913909424,6.36185186151059
2023-06-17 05:00:00,95.1833333333333,271.333333333333,323.760857601069,7.13232760314778
2023-06-17 06:00:00,94.85,271.683333333333,322.697957827023,6.64774338811185
2023-06-17 07:00:00,94.9833333333333,271.95,324.358759746529,5.94554458335311
2023-06-17 08:00:00,95.0,272.883333333333,319.227408430854,5.50280426532834
2023-06-17 09:00:00,94.62,273.33,325.034859527523,5.03145951739269
2023-06-17 10:00:00,93.2333333333333,274.266666666667,329.318147399282,4.44205819721871
2023-06-17 11:00:00,90.5333333333333,275.483333333333,339.745122255852,3.15510649062065
2023-06-17 12:00:00,85.9,275.95,336.055355684449,3.47327978003709
2023-06-17 13:00:00,82.2,275.983333333333,336.667118818272,3.46822410118586
2023-06-17 14:00:00,79.8666666666667,276.5,344.742081951944,2.378260596336
2023-06-17 15:00:00,76.9333333333333,276.95,347.80548277909,2.55742313884983
2023-06-17 16:00:00,74.4666666666667,277.016666666667,346.375450580903,3.61762513070104
2023-06-17 17:00:00,73.2333333333333,277.166666666667,343.022522053663,3.68963050148559
2023-06-17 18:00:00,75.0666666666667,276.666666666667,340.323882795759,4.89824471611611
2023-06-17 19:00:00,79.75,275.883333333333,341.772905310665,4.61355888809119
2023-06-17 20:00:00,85.9,275.01,339.060607847364,4.07947626343641
2023-06-17 21:00:00,91.7,274.55,348.001916981247,4.04526653943774
2023-06-17 22:00:00,93.0833333333333,274.45,353.466448437036,3.28130241360138
2023-06-17 23:00:00,89.9333333333333,274.533333333333,359.371437635661,2.55808909928268
2023-06-18 00:00:00,85.4666666666667,274.483333333333,3.54636911137084,3.42896702442561
2023-06-18 01:00:00,86.7,274.516666666667,9.1914389132379,4.62498946982062
2023-06-18 02:00:00,87.6833333333333,274.816666666667,6.7895792508773,5.5139106994416
2023-06-18 03:00:00,86.34,275.05,9.97786381766701,5.4834102840917
2023-06-18 04:00:00,86.8833333333333,275.216666666667,11.5594655110423,4.7271442966617
2023-06-18 05:00:00,88.0166666666667,275.1,3.07147433194973,5.77297518933501
2023-06-18 06:00:00,83.65,275.266666666667,4.95084866591617,6.79209098471242
2023-06-18 07:00:00,77.4,275.766666666667,359.867097919295,5.45061342170453
2023-06-18 08:00:00,70.6333333333333,276.716666666667,358.802381774426,4.55778368447316
2023-06-18 09:00:00,70.0,277.566666666667,352.150121148676,3.78101622754733
2023-06-18 10:00:00,63.2166666666667,279.383333333333,6.86000802472796,1.47841307890928
2023-06-18 11:00:00,58.9833333333333,281.033333333333,66.146214100673,0.770455840400041
2023-06-18 12:00:00,56.2666666666667,282.183333333333,75.5033252003922,0.576621787572085
2023-06-18 13:00:00,57.0833333333334,282.566666666667,71.5471460845261,0.731711467385085
2023-06-18 14:00:00,56.45,283.016666666667,92.1672508978929,0.738034653538776
2023-06-18 15:00:00,58.7166666666667,282.133333333333,83.2923671591979,1.43723671290026
2023-06-18 16:00:00,55.8666666666667,282.933333333333,78.777691932658,0.777247615149932
2023-06-18 17:00:00,59.4,282.333333333333,67.6561959734017,0.607943470840883
2023-06-18 18:00:00,66.4166666666667,282.1,78.0034285445274,0.698214327558177
2023-06-18 19:00:00,73.4166666666667,281.283333333333,76.2679291406242,0.521423568684496
2023-06-18 20:00:00,77.2833333333333,280.2,18.2837600216986,0.513477410840642
2023-06-18 21:00:00,80.45,279.783333333333,35.7633257040625,0.210775517473557
2023-06-18 22:00:00,91.2666666666667,278.866666666667,342.376589513619,1.85536386250756
2023-06-18 23:00:00,91.1166666666667,278.9,7.93467108193119,0.608465929629669
2023-06-19 00:00:00,90.5,278.966666666667,349.754511048472,1.66386310657085
2023-06-19 01:00:00,92.5,278.6,337.041045687534,2.10818625945139
2023-06-19 02:00:00,92.0,278.466666666667,353.8444641469,1.80229562972137
2023-06-19 03:00:00,92.42,278.53,3.84929184523867,1.14896119377376
2023-06-19 04:00:00,88.7,279.2,4.35740779410804,1.43983307192401
2023-06-19 05:00:00,84.9833333333333,279.233333333333,357.303377889742,3.55607857401116
2023-06-19 06:00:00,87.9166666666667,278.466666666667,349.282110475199,4.02957402403939
2023-06-19 07:00:00,89.05,278.55,345.464465620069,3.11535186564187
2023-06-19 08:00:00,88.9166666666667,279.133333333333,340.679851844133,2.2839388863933
2023-06-19 09:00:00,79.7,280.566666666667,83.8808769687893,0.686207542342728
2023-06-19 10:00:00,85.1666666666667,280.783333333333,108.724599664572,2.01400859615003
2023-06-19 11:00:00,81.9166666666667,281.583333333333,100.649688528461,2.74248778865143
2023-06-19 12:00:00,76.4666666666667,282.216666666667,103.531001290172,1.41250138642558
2023-06-19 13:00:00,72.4,283.233333333333,116.859150177091,1.89612680097398
2023-06-19 14:00:00,75.0666666666667,282.65,311.972553900478,0.242319586947085
2023-06-19 15:00:00,76.7666666666667,281.983333333333,340.011960465623,0.885883054406626
2023-06-19 16:00:00,72.25,283.6,116.771422192006,2.42248616108604
2023-06-19 17:00:00,83.0833333333333,281.483333333333,101.264494194198,2.1773102426061
2023-06-19 18:00:00,78.95,281.066666666667,86.7448816948238,2.10096344732164
2023-06-19 19:00:00,81.8833333333333,280.766666666667,86.0481090920874,2.22496514016247
2023-06-19 20:00:00,86.4833333333333,280.116666666667,84.6356665742704,2.90886839028134
2023-06-19 21:00:00,86.9666666666667,279.183333333333,89.1853237575206,3.30749771155393
2023-06-19 22:00:00,89.2166666666667,279.4,112.270966867022,1.8125049291384
2023-06-19 23:00:00,89.5833333333333,279.35,48.9213478796711,0.997247225729726
2023-06-20 00:00:00,82.75,279.883333333333,56.533166624066,1.14392222768139
2023-06-20 01:00:00,74.8,280.35,81.480164794705,1.25609462871755
2023-06-20 02:00:00,74.6,280.5,102.74413763862,2.14445214936036
2023-06-20 03:00:00,77.1666666666667,280.35,51.2467071251257,0.94452505165232
2023-06-20 04:00:00,81.25,280.466666666667,61.3306240947218,1.04567644257289
2023-06-20 05:00:00,80.2833333333333,280.833333333333,47.9363303038406,1.88723095773471
2023-06-20 06:00:00,78.4666666666667,280.683333333333,66.9160607560772,1.57341508169058
2023-06-20 07:00:00,81.9833333333333,280.766666666667,75.2910998954908,1.38279252591129
2023-06-20 08:00:00,81.6166666666667,280.733333333333,26.2090084894452,1.15158095524169
2023-06-20 09:00:00,77.5833333333333,281.933333333333,40.1910767509744,0.645273921223841
2023-06-20 10:00:00,68.2166666666667,283.3,73.954727382143,1.48089531185844
2023-06-20 11:00:00,66.2833333333333,284.383333333333,84.9112617272886,1.73610130004655
2023-06-20 12:00:00,56.5833333333334,285.216666666667,49.0671346615687,1.53549265950284
2023-06-20 13:00:00,54.0166666666667,285.516666666667,53.5112996835279,1.30696340749101
2023-06-20 14:00:00,60.3333333333333,285.75,46.8365013544598,1.81591588662805
2023-06-20 15:00:00,68.25,285.616666666667,80.0012889450802,1.6191775015934
2023-06-20 16:00:00,66.6,285.85,78.718422159729,1.26926238143031
2023-06-20 17:00:00,68.0333333333333,285.35,80.8970491279163,1.41239377323308
2023-06-20 18:00:00,70.7833333333333,284.866666666667,84.5782019940621,1.31086654197751
2023-06-20 19:00:00,72.2333333333333,283.833333333333,116.572965866392,1.92666614641264
2023-06-20 20:00:00,68.6,283.183333333333,67.0272276965787,0.659820126789671
2023-06-20 21:00:00,72.7833333333334,282.3,336.595812577859,2.37777990270269
2023-06-20 22:00:00,71.2166666666667,282.25,39.8039132196756,3.61412924232696
2023-06-20 23:00:00,51.4666666666667,283.566666666667,7.28399583333726,4.72189652484708
2023-06-21 00:00:00,62.9166666666667,283.016666666667,15.5921672263581,3.40086616822623
2023-06-21 01:00:00,64.9666666666667,282.783333333333,18.1416129329784,4.04710334631352
2023-06-21 02:00:00,59.4,283.083333333333,26.0874836342506,3.21237699319112
2023-06-21 03:00:00,54.16,283.33,35.3765270272181,2.88239833056407
2023-06-21 04:00:00,52.3333333333333,283.35,15.4711376386331,3.51394099857319
2023-06-21 05:00:00,51.85,283.283333333333,36.2431160388464,3.80403731040966
2023-06-21 06:00:00,49.55,283.6,29.5963920990633,2.92139727841882
2023-06-21 07:00:00,48.2,283.85,22.1179433108269,2.75265942435811
2023-06-21 08:00:00,47.2,284.183333333333,28.0480079226979,2.79250696176713
2023-06-21 09:00:00,43.3833333333333,285.216666666667,65.0681827249753,1.59668088338135
2023-06-21 10:00:00,42.95,285.283333333333,55.6356305947563,2.51414993204593
2023-06-21 11:00:00,44.4,285.7,44.3816044839409,2.97487106465088
2023-06-21 12:00:00,46.55,286.116666666667,27.4753391199502,2.27261320631758
2023-06-21 13:00:00,47.5666666666667,286.283333333333,20.6670299314528,1.80053996559633
2023-06-21 14:00:00,52.9,285.633333333333,2.62814155991885,1.44064607702891
2023-06-21 15:00:00,63.3833333333333,283.866666666667,5.71042367235185,2.58516819080176
2023-06-21 16:00:00,53.4833333333333,285.083333333333,25.0535541674381,3.26854804477393
2023-06-21 17:00:00,49.5166666666667,285.316666666667,356.714979478558,3.93094765729029
2023-06-21 18:00:00,54.85,284.6,348.009668930839,2.56099110853133
2023-06-21 19:00:00,64.4833333333333,284.083333333333,334.818991100302,2.53337790492347
2023-06-21 20:00:00,70.7666666666667,283.65,64.5143222381722,1.54031478290894
2023-06-21 21:00:00,76.3,282.916666666667,87.4691993234248,3.35607512625817
2023-06-21 22:00:00,59.8166666666667,283.916666666667,86.7532786744765,3.31336536988388
2023-06-21 23:00:00,51.5833333333333,284.333333333333,48.8255919363622,3.1999718609723
2023-06-22 00:00:00,54.8666666666667,284.016666666667,25.4390564119723,2.08139417086822
2023-06-22 01:00:00,58.0166666666667,283.716666666667,85.0931678269442,3.24354730707268
2023-06-22 02:00:00,58.0833333333333,283.75,81.1466968093553,4.42505436238462
2023-06-22 03:00:00,52.7833333333333,283.883333333333,94.7314451426843,4.09665557239737
2023-06-22 04:00:00,48.3166666666667,284.016666666667,84.6335450725321,3.88991503198863
2023-06-22 05:00:00,53.65,283.666666666667,92.4250603786484,4.27483765954009
2023-06-22 06:00:00,56.3666666666667,283.633333333333,90.9387782539752,2.35668686966514
2023-06-22 07:00:00,55.0666666666667,283.683333333333,91.1775773591536,3.40978905324815
2023-06-22 08:00:00,51.3,283.883333333333,89.5327302929621,4.30628213421205
2023-06-22 09:00:00,50.0833333333333,284.033333333333,74.7900645415033,4.40481311456161
2023-06-22 10:00:00,49.4,284.316666666667,85.2103107526045,5.18320921446825
2023-06-22 11:00:00,53.0333333333333,284.933333333333,82.4122263783438,4.96451269554989
2023-06-22 12:00:00,53.75,285.283333333333,84.7098807852432,4.49740444386993
2023-06-22 13:00:00,50.9666666666667,286.083333333333,93.0610700969246,3.23458624558705
2023-06-22 14:00:00,49.1166666666667,286.35,77.9908375568872,3.06879481289449
2023-06-22 15:00:00,53.4666666666667,286.233333333333,82.6274998803211,2.74349388622381
2023-06-22 16:00:00,59.6,285.966666666667,100.052362526962,1.90111698602194
2023-06-22 17:00:00,66.45,284.75,93.5892318378143,3.19433310987226
2023-06-22 18:00:00,74.65,284.0,94.443230971534,4.0991172434762
2023-06-22 19:00:00,72.6333333333334,283.916666666667,103.217503723674,3.61351943259607
2023-06-22 20:00:00,68.0166666666667,283.25,100.314814821968,4.00157008364015
2023-06-22 21:00:00,67.15,282.75,102.248371786955,2.3738559064862
2023-06-22 22:00:00,76.62,281.57,103.368022595279,3.47518145747242
2023-06-22 23:00:00,80.1333333333333,280.7,115.389400466269,6.05450220273404
2023-06-23 00:00:00,80.7,280.416666666667,123.488519788797,5.19609608313112
2023-06-23 01:00:00,83.45,280.016666666667,145.438344965787,3.7054530507951
2023-06-23 02:00:00,80.0,280.033333333333,150.141709783382,3.40581864337096
2023-06-23 03:00:00,83.6666666666667,279.783333333333,150.711279590817,2.02489704692904
2023-06-23 04:00:00,86.9166666666667,278.95,168.597270269757,2.34698549681162
2023-06-23 05:00:00,91.6666666666667,277.666666666667,162.050655343692,2.31525208341043
2023-06-23 06:00:00,94.3666666666667,277.066666666667,111.006703928871,4.31480739916801
2023-06-23 07:00:00,95.5,276.633333333333,115.322094754925,5.30808345347132
2023-06-23 08:00:00,95.12,276.45,31.8916187740404,4.96374139987134
2023-06-23 09:00:00,95.2,276.483333333333,6.46895832664256,6.30990811455682
2023-06-23 10:00:00,95.2,276.366666666667,7.65041813525471,6.52632791103325
2023-06-23 11:00:00,95.2,276.283333333333,18.8096003115595,7.95435040357864
2023-06-23 12:00:00,95.2,276.283333333333,11.6476735790281,7.67013466349526
2023-06-23 13:00:00,95.2,275.9,5.41604996768729,7.3951755049369
2023-06-23 14:00:00,95.2,275.55,359.605213620918,7.371530594308
2023-06-23 15:00:00,95.2,275.433333333333,358.638929385747,7.58716480555358
2023-06-23 16:00:00,95.2,275.233333333333,353.714465430287,7.84692506374856
2023-06-23 17:00:00,95.2,275.266666666667,343.760596746322,8.32650583862301
2023-06-23 18:00:00,95.2,275.066666666667,337.618337542218,8.87205752821544
2023-06-23 19:00:00,95.15,274.733333333333,346.603078437957,10.1890254585669
2023-06-23 20:00:00,94.9833333333333,274.25,338.382810224485,11.1425834731308
2023-06-23 21:00:00,94.7333333333333,274.133333333333,344.331245196902,11.2240792957001
2023-06-23 22:00:00,94.8833333333333,274.15,343.9960283997,9.97687913332967
2023-06-23 23:00:00,95.1333333333333,274.283333333333,343.023315173183,9.46793211583075
2023-06-24 00:00:00,95.2833333333333,273.95,333.878012633694,9.36207954867654
2023-06-24 01:00:00,95.3,273.8,330.419656242686,7.39869400894492
2023-06-24 02:00:00,95.4,273.866666666667,320.848718691135,6.48442847070144
2023-06-24 03:00:00,95.4,274.233333333333,322.400485817139,7.81175708967535
2023-06-24 04:00:00,95.3666666666667,274.233333333333,317.237745189753,6.63038583544719
2023-06-24 05:00:00,95.4,273.966666666667,315.040905121938,3.94377283534791
2023-06-24 06:00:00,95.4666666666667,274.233333333333,,0.0
2023-06-24 07:00:00,95.2666666666667,274.733333333333,,0.0
2023-06-24 08:00:00,95.1166666666667,274.9,,0.0
2023-06-24 09:00:00,95.2,275.333333333333,,0.0
2023-06-24 10:00:00,95.25,276.533333333333,,0.0
2023-06-24 11:00:00,95.2333333333333,277.033333333333,289.773109646732,4.68383805500268
2023-06-24 12:00:00,95.2833333333333,277.533333333333,293.275432929811,4.60169556675428
2023-06-24 13:00:00,94.7,278.383333333333,297.844352722251,2.79812843619307
2023-06-24 14:00:00,93.7166666666667,277.933333333333,303.284821861753,0.83916388854236
2023-06-24 15:00:00,95.1833333333333,277.233333333333,321.116514736185,1.90565803904334
2023-06-24 16:00:00,95.15,277.133333333333,324.576385234931,3.1985711238581
2023-06-24 17:00:00,93.4833333333333,277.55,326.515769308929,4.81724980071011
2023-06-24 18:00:00,95.15,277.383333333333,339.978287867067,4.24825490874342
2023-06-24 19:00:00,89.95,277.383333333333,336.85543245955,5.25532793599901
2023-06-24 20:00:00,76.1166666666667,277.9,317.058330671677,3.06824242693725
2023-06-24 21:00:00,44.0,278.483333333333,264.90999772137,3.10384529356776
2023-06-24 22:00:00,37.25,278.633333333333,257.277414053127,3.32186648249399
2023-06-24 23:00:00,38.9,278.583333333333,262.320343611685,2.94223446226759
2023-06-25 00:00:00,25.0666666666667,278.9,266.979041098038,3.13935392000245
2023-06-25 01:00:00,19.5,279.1,271.955648278258,2.64413138853608
2023-06-25 02:00:00,17.48,278.93,296.204234010747,2.44651948091911
2023-06-25 03:00:00,8.86,279.27,310.671844473751,3.69548022082899
2023-06-25 04:00:00,7.96666666666667,279.1,320.021586244114,4.08188606028647
2023-06-25 05:00:00,7.53333333333333,279.383333333333,325.327987348734,4.87895673708797
2023-06-25 06:00:00,16.2666666666667,279.516666666667,321.85198409596,4.95226168828154
2023-06-25 07:00:00,41.9166666666667,279.383333333333,316.207985695725,3.82388398670642
2023-06-25 08:00:00,44.5833333333333,279.633333333333,315.841800319172,4.18697013322853
2023-06-25 09:00:00,34.1666666666667,280.45,330.441238107458,3.31607942079188
2023-06-25 10:00:00,35.45,281.35,345.32413025866,2.42566204108549
2023-06-25 11:00:00,39.2833333333333,281.9,356.001541149485,2.43771944208724
2023-06-25 12:00:00,50.0,280.3,339.374669382154,4.84093629619545
2023-06-25 13:00:00,50.4833333333333,281.1,337.994533389672,3.73376104141739
2023-06-25 14:00:00,46.7666666666667,283.216666666667,357.618744017806,2.11854568799211
2023-06-25 15:00:00,44.1333333333333,283.266666666667,349.697882542271,2.89922803381246
2023-06-25 16:00:00,49.3166666666667,282.283333333333,336.848271556492,5.01859697170356
2023-06-25 17:00:00,58.3333333333333,282.316666666667,341.303126765482,5.22439489703203
2023-06-25 18:00:00,67.55,282.033333333333,341.771010677932,4.59712629781517
2023-06-25 19:00:00,74.75,281.05,340.016793524844,5.79716388237243
2023-06-25 20:00:00,84.8666666666667,280.133333333333,359.690132018808,4.69840853126391
2023-06-25 21:00:00,93.2666666666667,279.283333333333,26.9254133859692,4.68729334774368
2023-06-25 22:00:00,93.2666666666667,278.716666666667,33.7794529259987,5.03891576448389
2023-06-25 23:00:00,86.0833333333333,278.466666666667,22.4636691666041,7.11351716420034
2023-06-26 00:00:00,83.2833333333333,278.25,13.726427035253,6.82036648040987
2023-06-26 01:00:00,85.2833333333333,277.916666666667,8.02848169530728,7.41862089979369
2023-06-26 02:00:00,87.75,277.583333333333,5.48827839955493,7.48464787812153
2023-06-26 03:00:00,88.15,277.533333333333,357.73051401706,9.00512568911678
2023-06-26 04:00:00,91.9333333333333,277.083333333333,359.117268512179,9.23065676921797
2023-06-26 05:00:00,95.1666666666667,276.916666666667,0.54249129238201,8.05389064184684
2023-06-26 06:00:00,95.3833333333333,277.05,350.700786966764,8.3842909037203
2023-06-26 07:00:00,95.14,277.37,342.264311730923,8.31826696888243
2023-06-26 08:00:00,95.25,277.6,332.51474238113,9.20935720991997
2023-06-26 09:00:00,95.2,277.783333333333,333.102220557863,8.21542279948455
2023-06-26 10:00:00,85.7666666666667,278.383333333333,340.174528243835,7.49403156049551
2023-06-26 11:00:00,75.4333333333333,279.55,346.377572328282,5.04552866839208
2023-06-26 12:00:00,68.6333333333333,281.033333333333,4.48051170864085,3.39425563933016
2023-06-26 13:00:00,64.3166666666667,281.75,0.677968244348563,3.58430192748619
2023-06-26 14:00:00,60.6666666666667,282.933333333333,4.53089983224817,3.11430816312597
2023-06-26 15:00:00,64.0833333333333,282.833333333333,354.207498791311,3.64815390797318
2023-06-26 16:00:00,68.7666666666667,282.316666666667,347.333102344449,4.55221814181087
2023-06-26 17:00:00,73.15,281.9,350.16737321918,4.76968624536935
2023-06-26 18:00:00,74.15,281.433333333333,349.35466523978,4.93480087115544
2023-06-26 19:00:00,73.8166666666667,281.05,354.473455577335,4.22663846450091
2023-06-26 20:00:00,74.4833333333333,280.616666666667,350.313658042117,5.02284755506544
2023-06-26 21:00:00,78.4833333333333,279.916666666667,354.736639500897,5.43306031198336
2023-06-26 22:00:00,79.3166666666667,279.733333333333,17.8069401785465,4.23832665232809
2023-06-26 23:00:00,91.1166666666667,279.133333333333,27.1615602801098,2.95867745241579
2023-06-27 00:00:00,93.0333333333333,279.033333333333,25.2192644217555,2.02510351835259
2023-06-27 01:00:00,95.0,278.866666666667,31.8829129222773,1.85061550507467
2023-06-27 02:00:00,95.6666666666667,278.716666666667,19.4209882899401,1.32505934203697
2023-06-27 03:00:00,95.6,278.866666666667,13.4484433990036,3.74378884256446
2023-06-27 04:00:00,92.9666666666667,278.75,9.47270336495706,3.78070601985482
2023-06-27 05:00:00,94.1333333333333,277.833333333333,7.2578880623123,3.45033415044357
2023-06-27 06:00:00,94.95,277.7,10.4079543096514,3.74714136957331
2023-06-27 07:00:00,94.3666666666667,277.216666666667,357.308698237382,4.64680833334328
2023-06-27 08:00:00,95.2,277.066666666667,352.155142079334,4.51204773773035
2023-06-27 09:00:00,92.85,277.8,352.31049089349,3.49147604423499
2023-06-27 10:00:00,68.3833333333333,279.65,19.2932504398319,1.921819404498
2023-06-27 11:00:00,74.2166666666667,279.083333333333,7.22348812764238,2.27133753488616
2023-06-27 12:00:00,79.1166666666667,279.833333333333,8.23282750248501,1.61263802933756
2023-06-27 13:00:00,87.05,278.966666666667,351.987469936086,3.21729162843307
2023-06-27 14:00:00,87.7666666666667,278.466666666667,351.741680596514,3.9019797386931
2023-06-27 15:00:00,93.6833333333333,277.566666666667,348.43948068715,5.01318108890564
2023-06-27 16:00:00,95.2,276.716666666667,351.548985363718,7.91674079338543
2023-06-27 17:00:00,93.1,276.6,1.99977763380673,6.79952051965419
2023-06-27 18:00:00,88.0333333333334,276.85,2.96974567036727,6.56602453939133
2023-06-27 19:00:00,87.8,276.566666666667,9.66607843415898,5.90054442743731
2023-06-27 20:00:00,88.7166666666667,275.983333333333,24.3846588017306,4.77299047745748
2023-06-27 21:00:00,86.65,275.2,24.7033332946623,5.08188666965043
2023-06-27 22:00:00,92.6833333333333,274.866666666667,26.5662173064995,5.86849156929793
2023-06-27 23:00:00,94.3666666666667,274.766666666667,23.1889880039628,6.53860074833633
2023-06-28 00:00:00,94.4166666666667,274.466666666667,10.6219770627426,7.60834667852139
2023-06-28 01:00:00,92.75,274.2,2.30745511730811,7.7991861678137
2023-06-28 02:00:00,88.4,274.25,0.113110916008793,7.78010029990562
2023-06-28 03:00:00,,,,
2023-06-28 04:00:00,95.36,273.53,355.982632342942,8.49065524821399
2023-06-28 05:00:00,95.4,273.666666666667,344.892718344956,8.57198875997019
2023-06-28 06:00:00,95.3666666666667,273.966666666667,344.98991449624,8.30663816500759
2023-06-28 07:00:00,94.9833333333333,274.133333333333,344.873810368522,6.85002786389017
2023-06-28 08:00:00,95.1,274.466666666667,344.908615601541,5.9917885843637
2023-06-28 09:00:00,95.1,275.016666666667,339.079960940113,4.0754209014005
2023-06-28 10:00:00,95.1,275.016666666667,337.11476069633,2.84110672006807
2023-06-28 11:00:00,95.1,275.266666666667,331.747210923446,5.25261579034567
2023-06-28 12:00:00,95.1,275.75,335.187889500312,5.81649562935816
2023-06-28 13:00:00,95.1,276.066666666667,335.742216349541,7.05256000065707
2023-06-28 14:00:00,95.1333333333333,276.25,338.240002966364,8.19412423214905
2023-06-28 15:00:00,95.2,276.283333333333,340.766692229785,7.48653377233033
2023-06-28 16:00:00,95.2,276.316666666667,342.00660696789,7.7384809231833
2023-06-28 17:00:00,95.1,275.483333333333,338.790181590176,8.25366306321581
2023-06-28 18:00:00,95.1,275.683333333333,341.357453934584,8.13688875186822
2023-06-28 19:00:00,95.1,275.233333333333,339.329634289069,7.6258127009537
2023-06-28 20:00:00,95.0833333333333,274.95,340.68001560638,8.28922608600934
2023-06-28 21:00:00,94.7666666666667,274.516666666667,340.917715552073,7.76505612709844
2023-06-28 22:00:00,93.9833333333333,273.966666666667,345.14799868884,7.93963700608432
2023-06-28 23:00:00,87.3833333333333,273.633333333333,348.264983614806,5.92260200101863
2023-06-29 00:00:00,67.5833333333333,274.25,335.077888585651,5.66789307542115
2023-06-29 01:00:00,30.75,276.033333333333,340.054330676531,5.57507482460211
2023-06-29 02:00:00,20.1166666666667,277.2,340.892464112424,7.98765818537108
2023-06-29 03:00:00,23.3833333333333,277.433333333333,337.613364478314,7.4004487953924
2023-06-29 04:00:00,38.2166666666667,277.316666666667,336.426360842433,6.46383684821209
2023-06-29 05:00:00,46.3166666666667,277.183333333333,342.768453445886,7.62876276674828
2023-06-29 06:00:00,64.15,276.883333333333,340.381264728892,8.10057254915626
2023-06-29 07:00:00,88.0,276.866666666667,346.305399287185,7.63153098720471
2023-06-29 08:00:00,86.3,277.566666666667,353.984278711132,5.9813396860048
2023-06-29 09:00:00,83.7833333333333,278.316666666667,350.198256747779,5.67788207499549
2023-06-29 10:00:00,84.18,278.97,357.594738489002,4.80100861318431
2023-06-29 11:00:00,82.3166666666667,279.666666666667,357.708272884895,4.32841215074737
2023-06-29 12:00:00,80.64,280.41,359.083776162232,3.8283271791709
2023-06-29 13:00:00,78.4166666666667,280.883333333333,347.748301231108,4.32271486541261
2023-06-29 14:00:00,72.0333333333334,282.416666666667,345.777244268467,2.79632914769442
2023-06-29 15:00:00,65.8666666666667,284.25,5.22884348133459,1.56117085480634
2023-06-29 16:00:00,70.0333333333333,283.566666666667,357.155191173881,3.02086958303619
2023-06-29 17:00:00,83.05,281.283333333333,342.228973376809,4.89497479386509
2023-06-29 18:00:00,89.7,280.63,349.082109645489,4.41053464361431
2023-06-29 19:00:00,93.65,280.333333333333,1.24695305020543,2.28195314875259
2023-06-29 20:00:00,92.9333333333333,280.3,346.309244573325,0.461724672145891
2023-06-29 21:00:00,94.9666666666667,280.416666666667,122.111856898557,0.348870698711907
2023-06-29 22:00:00,95.4,279.883333333333,37.5877920308154,0.405554951908769
2023-06-29 23:00:00,95.4833333333333,278.35,85.0774028349423,2.83463434649963
2023-06-30 00:00:00,94.5333333333333,279.15,155.756994158051,1.99325058878842
2023-06-30 01:00:00,95.6833333333333,278.966666666667,154.833585956394,2.88670267570674
2023-06-30 02:00:00,95.7,279.183333333333,147.708972653213,2.64207372955448
2023-06-30 03:00:00,95.5333333333333,279.4,167.164717311072,3.26084769364469
2023-06-30 04:00:00,95.6,278.283333333333,159.906776507475,3.42014880473242
2023-06-30 05:00:00,95.4666666666667,277.95,151.783662471872,3.34136179286454
2023-06-30 06:00:00,95.5333333333333,278.15,144.107689673596,3.82611599293251
2023-06-30 07:00:00,95.5,277.866666666667,138.746738110913,2.38638237599619
2023-06-30 08:00:00,94.9333333333333,277.616666666667,87.6373612559597,1.77194474592023
2023-06-30 09:00:00,95.1166666666667,278.333333333333,108.041201250916,1.49817561126063
2023-06-30 10:00:00,92.3666666666667,279.45,43.4712703439678,0.678408519426309
2023-06-30 11:00:00,89.9333333333333,279.916666666667,50.2831466835312,1.08336696593918
2023-06-30 12:00:00,82.3333333333333,282.916666666667,104.018426307813,0.254494675541962
2023-06-30 13:00:00,92.1166666666667,280.8,120.6798789448,1.14680253081285
2023-06-30 14:00:00,90.7666666666667,280.833333333333,120.673652692732,1.31819566187938
2023-06-30 15:00:00,94.9166666666667,279.533333333333,91.7196990667851,1.32065285292783
2023-06-30 16:00:00,93.5,279.066666666667,42.9196847840548,1.14858364098667
2023-06-30 17:00:00,95.2,278.9,21.9733097035469,1.20790334746682
2023-06-30 18:00:00,95.2166666666667,278.4,20.9312423926834,1.39994753165547
2023-06-30 19:00:00,95.2333333333333,277.65,8.18750068599348,2.35010502151368
2023-06-30 20:00:00,95.0333333333333,277.533333333333,2.47234927233836,2.67704976892631
2023-06-30 21:00:00,95.0333333333334,277.333333333333,330.188177435017,2.81516962273679
