date,hs,rel_hum,temp
2022-10-01 00:00:00,714.166666666667,73.6833333333333,273.2
2022-10-01 01:00:00,714.666666666667,81.5833333333333,272.733333333333
2022-10-01 02:00:00,,,
2022-10-01 03:00:00,713.2,77.16,272.53
2022-10-01 04:00:00,,,
2022-10-01 05:00:00,707.333333333333,71.25,272.2
2022-10-01 06:00:00,708.833333333334,66.55,272.45
2022-10-01 07:00:00,703.666666666667,74.7333333333333,271.483333333333
2022-10-01 08:00:00,706.666666666667,62.4,272.6
2022-10-01 09:00:00,701.166666666667,61.8333333333333,272.866666666667
2022-10-01 10:00:00,705.833333333333,58.7833333333333,273.083333333333
2022-10-01 11:00:00,704.833333333333,48.6,273.566666666667
2022-10-01 12:00:00,696.666666666667,73.5333333333334,272.983333333333
2022-10-01 13:00:00,702.2,90.02,272.53
2022-10-01 14:00:00,707.833333333333,89.2666666666667,273.016666666667
2022-10-01 15:00:00,704.833333333333,90.3166666666667,273.15
2022-10-01 16:00:00,703.5,96.2,272.866666666667
2022-10-01 17:00:00,712.0,96.2,272.666666666667
2022-10-01 18:00:00,722.666666666667,96.2166666666667,272.566666666667
2022-10-01 19:00:00,745.0,96.2,272.233333333333
2022-10-01 20:00:00,761.5,96.2,272.033333333333
2022-10-01 21:00:00,776.333333333334,96.2,272.0
2022-10-01 22:00:00,800.0,96.2,272.2
2022-10-01 23:00:00,813.166666666667,96.2,272.333333333333
2022-10-02 00:00:00,823.0,96.2,272.066666666667
2022-10-02 01:00:00,843.5,96.1,271.833333333333
2022-10-02 02:00:00,854.2,96.14,272.05
2022-10-02 03:00:00,,,
2022-10-02 04:00:00,,,
2022-10-02 05:00:00,873.0,96.26,272.91
2022-10-02 06:00:00,,,
2022-10-02 07:00:00,864.5,96.3,273.25
2022-10-02 08:00:00,,,
2022-10-02 09:00:00,,,
2022-10-02 10:00:00,855.0,96.46,273.89
2022-10-02 11:00:00,,,
2022-10-02 12:00:00,,,
2022-10-02 13:00:00,,,
2022-10-02 14:00:00,,,
2022-10-02 15:00:00,,,
2022-10-02 16:00:00,,,
2022-10-02 17:00:00,835.6,89.42,274.93
2022-10-02 18:00:00,833.2,81.34,274.83
2022-10-02 19:00:00,,,
2022-10-02 20:00:00,,,
2022-10-02 21:00:00,829.833333333333,94.5666666666667,273.3
2022-10-02 22:00:00,,,
2022-10-02 23:00:00,826.0,94.75,272.633333333333
2022-10-03 00:00:00,822.833333333333,96.0333333333334,272.366666666667
2022-10-03 01:00:00,839.833333333333,96.1,272.316666666667
2022-10-03 02:00:00,,,
2022-10-03 03:00:00,,,
2022-10-03 04:00:00,,,
2022-10-03 05:00:00,893.2,92.24,272.45
2022-10-03 06:00:00,,,
2022-10-03 07:00:00,,,
2022-10-03 08:00:00,876.666666666667,86.65,271.4
2022-10-03 09:00:00,874.4,72.44,271.39
2022-10-03 10:00:00,,,
2022-10-03 11:00:00,,,
2022-10-03 12:00:00,858.6,49.9,273.41
2022-10-03 13:00:00,861.0,50.44,273.95
2022-10-03 14:00:00,860.4,53.72,274.25
2022-10-03 15:00:00,856.166666666667,59.7833333333333,274.5
2022-10-03 16:00:00,855.333333333334,64.9833333333333,274.483333333333
2022-10-03 17:00:00,847.0,68.9833333333333,273.533333333333
2022-10-03 18:00:00,848.2,69.56,272.47
2022-10-03 19:00:00,859.0,47.1333333333333,273.666666666667
2022-10-03 20:00:00,859.666666666667,44.3833333333333,273.65
2022-10-03 21:00:00,857.8,41.96,273.29
2022-10-03 22:00:00,855.333333333334,42.3,273.083333333333
2022-10-03 23:00:00,850.833333333333,44.5166666666667,272.633333333333
2022-10-04 00:00:00,851.333333333333,40.7333333333333,273.45
2022-10-04 01:00:00,854.0,38.2833333333333,274.116666666667
2022-10-04 02:00:00,,,
2022-10-04 03:00:00,853.2,36.36,273.75
2022-10-04 04:00:00,856.0,36.54,273.89
2022-10-04 05:00:00,848.833333333334,38.0833333333333,273.483333333333
2022-10-04 06:00:00,844.0,40.1833333333333,273.15
2022-10-04 07:00:00,850.333333333334,39.0833333333333,273.35
2022-10-04 08:00:00,845.2,33.64,274.15
2022-10-04 09:00:00,843.666666666667,34.8333333333333,274.25
2022-10-04 10:00:00,845.666666666667,28.8666666666667,276.0
2022-10-04 11:00:00,834.833333333333,32.85,276.216666666667
2022-10-04 12:00:00,823.166666666667,37.4333333333333,276.233333333333
2022-10-04 13:00:00,827.833333333333,36.3166666666667,277.0
2022-10-04 14:00:00,840.5,36.2166666666667,277.416666666667
2022-10-04 15:00:00,842.0,34.9,277.816666666667
2022-10-04 16:00:00,842.166666666667,35.9833333333333,277.683333333333
2022-10-04 17:00:00,844.0,40.5333333333333,276.95
2022-10-04 18:00:00,847.166666666667,41.8333333333333,276.1
2022-10-04 19:00:00,841.166666666667,42.4666666666667,275.566666666667
2022-10-04 20:00:00,836.833333333333,40.3833333333333,275.233333333333
2022-10-04 21:00:00,841.166666666667,33.8666666666667,276.4
2022-10-04 22:00:00,836.666666666667,39.4666666666667,276.35
2022-10-04 23:00:00,840.833333333333,42.8333333333333,277.066666666667
2022-10-05 00:00:00,837.5,46.85,276.65
2022-10-05 01:00:00,834.5,44.1833333333333,277.1
2022-10-05 02:00:00,,,
2022-10-05 03:00:00,,,
2022-10-05 04:00:00,,,
2022-10-05 05:00:00,830.8,51.38,279.21
2022-10-05 06:00:00,839.8,48.96,280.05
2022-10-05 07:00:00,830.4,47.5,279.67
2022-10-05 08:00:00,,,
2022-10-05 09:00:00,831.4,47.62,280.03
2022-10-05 10:00:00,826.2,44.82,280.67
2022-10-05 11:00:00,,,
2022-10-05 12:00:00,,,
2022-10-05 13:00:00,817.0,40.3,282.93
2022-10-05 14:00:00,,,
2022-10-05 15:00:00,,,
2022-10-05 16:00:00,,,
2022-10-05 17:00:00,,,
2022-10-05 18:00:00,,,
2022-10-05 19:00:00,815.2,37.6,281.35
2022-10-05 20:00:00,,,
2022-10-05 21:00:00,814.666666666667,36.0166666666667,280.683333333333
2022-10-05 22:00:00,810.666666666667,36.1166666666667,280.316666666667
2022-10-05 23:00:00,809.666666666667,36.1,279.766666666667
2022-10-06 00:00:00,807.333333333333,33.5166666666667,279.7
2022-10-06 01:00:00,808.5,47.8333333333333,278.5
2022-10-06 02:00:00,,,
2022-10-06 03:00:00,809.833333333333,54.2333333333334,276.85
2022-10-06 04:00:00,,,
2022-10-06 05:00:00,,,
2022-10-06 06:00:00,,,
2022-10-06 07:00:00,,,
2022-10-06 08:00:00,,,
2022-10-06 09:00:00,814.4,54.76,275.13
2022-10-06 10:00:00,,,
2022-10-06 11:00:00,794.8,52.08,277.61
2022-10-06 12:00:00,,,
2022-10-06 13:00:00,803.333333333333,55.9666666666667,279.516666666667
2022-10-06 14:00:00,790.833333333333,51.8,280.666666666667
2022-10-06 15:00:00,793.4,54.18,280.59
2022-10-06 16:00:00,798.8,56.22,280.09
2022-10-06 17:00:00,801.833333333333,61.3333333333333,278.7
2022-10-06 18:00:00,816.0,62.9166666666667,277.816666666667
2022-10-06 19:00:00,821.333333333333,58.95,278.05
2022-10-06 20:00:00,821.833333333333,57.8333333333333,278.333333333333
2022-10-06 21:00:00,822.666666666667,59.9333333333333,277.983333333333
2022-10-06 22:00:00,821.0,53.4666666666667,278.283333333333
2022-10-06 23:00:00,818.666666666667,53.4666666666667,278.016666666667
2022-10-07 00:00:00,818.333333333333,48.65,277.95
2022-10-07 01:00:00,816.666666666667,35.8833333333333,278.433333333333
2022-10-07 02:00:00,812.6,29.48,278.99
2022-10-07 03:00:00,805.666666666667,34.5166666666667,278.05
2022-10-07 04:00:00,801.8,32.04,279.11
2022-10-07 05:00:00,798.333333333333,32.4833333333333,279.3
2022-10-07 06:00:00,797.5,33.1166666666667,278.733333333333
2022-10-07 07:00:00,799.666666666667,32.0666666666667,278.783333333333
2022-10-07 08:00:00,798.666666666667,31.2833333333333,279.266666666667
2022-10-07 09:00:00,799.333333333333,30.35,279.283333333333
2022-10-07 10:00:00,794.833333333333,25.1833333333333,280.2
2022-10-07 11:00:00,790.166666666667,24.4833333333333,281.466666666667
2022-10-07 12:00:00,794.0,28.02,281.69
2022-10-07 13:00:00,794.333333333333,33.9833333333333,281.666666666667
2022-10-07 14:00:00,789.5,32.9833333333333,281.85
2022-10-07 15:00:00,791.166666666667,32.8,281.916666666667
2022-10-07 16:00:00,787.333333333333,36.6166666666667,281.25
2022-10-07 17:00:00,788.666666666667,37.8,280.916666666667
2022-10-07 18:00:00,797.666666666667,38.7333333333333,280.116666666667
2022-10-07 19:00:00,800.0,36.9333333333333,279.75
2022-10-07 20:00:00,797.0,34.5666666666667,279.283333333333
2022-10-07 21:00:00,801.333333333333,40.95,278.883333333333
2022-10-07 22:00:00,799.666666666667,39.7666666666667,278.716666666667
2022-10-07 23:00:00,799.833333333333,36.7166666666667,278.7
2022-10-08 00:00:00,797.666666666667,36.6166666666667,278.45
2022-10-08 01:00:00,793.5,39.8,277.716666666667
2022-10-08 02:00:00,,,
2022-10-08 03:00:00,795.2,43.12,276.99
2022-10-08 04:00:00,,,
2022-10-08 05:00:00,,,
2022-10-08 06:00:00,791.0,33.56,276.65
2022-10-08 07:00:00,,,
2022-10-08 08:00:00,,,
2022-10-08 09:00:00,,,
2022-10-08 10:00:00,,,
2022-10-08 11:00:00,,,
2022-10-08 12:00:00,,,
2022-10-08 13:00:00,765.8,70.78,276.85
2022-10-08 14:00:00,,,
2022-10-08 15:00:00,,,
2022-10-08 16:00:00,,,
2022-10-08 17:00:00,,,
2022-10-08 18:00:00,,,
2022-10-08 19:00:00,787.6,96.4,274.01
2022-10-08 20:00:00,786.8,96.4,273.77
2022-10-08 21:00:00,777.4,96.4,273.63
2022-10-08 22:00:00,790.4,96.4,273.43
2022-10-08 23:00:00,813.333333333333,96.3833333333333,273.266666666667
2022-10-09 00:00:00,820.166666666667,96.3,272.866666666667
2022-10-09 01:00:00,802.8,96.3,272.89
2022-10-09 02:00:00,,,
2022-10-09 03:00:00,801.0,96.3,273.23
2022-10-09 04:00:00,,,
2022-10-09 05:00:00,795.4,96.24,273.71
2022-10-09 06:00:00,796.8,96.34,273.89
2022-10-09 07:00:00,,,
2022-10-09 08:00:00,850.4,96.4,273.65
2022-10-09 09:00:00,866.0,96.4,273.7
2022-10-09 10:00:00,891.333333333333,96.45,274.166666666667
2022-10-09 11:00:00,,,
2022-10-09 12:00:00,890.0,96.56,274.03
2022-10-09 13:00:00,882.0,96.5,273.89
2022-10-09 14:00:00,874.0,96.55,274.066666666667
2022-10-09 15:00:00,865.5,96.6,274.266666666667
2022-10-09 16:00:00,869.833333333333,96.5666666666667,274.083333333333
2022-10-09 17:00:00,887.833333333334,96.5,273.85
2022-10-09 18:00:00,883.666666666667,96.5,273.683333333333
2022-10-09 19:00:00,882.166666666667,96.5,273.516666666667
2022-10-09 20:00:00,880.333333333334,91.0333333333334,273.816666666667
2022-10-09 21:00:00,880.0,87.5,273.966666666667
2022-10-09 22:00:00,878.5,81.5166666666667,273.933333333333
2022-10-09 23:00:00,877.5,76.1666666666667,273.866666666667
2022-10-10 00:00:00,877.333333333333,70.45,273.866666666667
2022-10-10 01:00:00,875.666666666667,65.1833333333333,274.25
2022-10-10 02:00:00,876.0,61.56,274.65
2022-10-10 03:00:00,872.8,67.94,274.17
2022-10-10 04:00:00,876.2,65.96,274.17
2022-10-10 05:00:00,871.5,66.05,274.0
2022-10-10 06:00:00,872.333333333333,66.7333333333333,274.083333333333
2022-10-10 07:00:00,875.5,65.6833333333333,274.266666666667
2022-10-10 08:00:00,871.6,68.5,274.51
2022-10-10 09:00:00,864.166666666667,65.0,275.033333333333
2022-10-10 10:00:00,863.5,64.1833333333333,275.366666666667
2022-10-10 11:00:00,861.5,63.6833333333333,275.65
2022-10-10 12:00:00,846.166666666667,64.9,276.4
2022-10-10 13:00:00,833.833333333333,60.7166666666667,276.216666666667
2022-10-10 14:00:00,837.833333333334,67.2166666666667,276.116666666667
2022-10-10 15:00:00,834.833333333333,74.1333333333333,276.083333333333
2022-10-10 16:00:00,846.833333333333,89.2333333333333,274.983333333333
2022-10-10 17:00:00,851.5,94.8,274.416666666667
2022-10-10 18:00:00,852.333333333333,96.3833333333333,273.95
2022-10-10 19:00:00,851.333333333333,96.3666666666667,273.833333333333
2022-10-10 20:00:00,847.0,96.4,273.85
2022-10-10 21:00:00,841.5,96.4,273.616666666667
2022-10-10 22:00:00,851.333333333333,96.3,273.05
2022-10-10 23:00:00,860.0,96.2833333333334,272.816666666667
2022-10-11 00:00:00,856.166666666667,96.05,272.35
2022-10-11 01:00:00,860.5,96.0333333333334,272.3
2022-10-11 02:00:00,,,
2022-10-11 03:00:00,,,
2022-10-11 04:00:00,,,
2022-10-11 05:00:00,,,
2022-10-11 06:00:00,,,
2022-10-11 07:00:00,852.4,64.5,272.03
2022-10-11 08:00:00,,,
2022-10-11 09:00:00,,,
2022-10-11 10:00:00,,,
2022-10-11 11:00:00,,,
2022-10-11 12:00:00,,,
2022-10-11 13:00:00,,,
2022-10-11 14:00:00,,,
2022-10-11 15:00:00,,,
2022-10-11 16:00:00,,,
2022-10-11 17:00:00,,,
2022-10-11 18:00:00,841.2,71.22,274.57
2022-10-11 19:00:00,,,
2022-10-11 20:00:00,,,
2022-10-11 21:00:00,854.4,78.3,273.53
2022-10-11 22:00:00,847.8,79.58,273.61
2022-10-11 23:00:00,,,
2022-10-12 00:00:00,851.166666666667,79.9333333333333,273.683333333333
2022-10-12 01:00:00,848.0,78.96,273.85
2022-10-12 02:00:00,,,
2022-10-12 03:00:00,,,
2022-10-12 04:00:00,849.8,85.96,273.43
2022-10-12 05:00:00,847.6,91.66,273.19
2022-10-12 06:00:00,,,
2022-10-12 07:00:00,,,
2022-10-12 08:00:00,,,
2022-10-12 09:00:00,,,
2022-10-12 10:00:00,836.4,90.46,273.49
2022-10-12 11:00:00,,,
2022-10-12 12:00:00,826.8,82.2,274.05
2022-10-12 13:00:00,,,
2022-10-12 14:00:00,,,
2022-10-12 15:00:00,,,
2022-10-12 16:00:00,,,
2022-10-12 17:00:00,,,
2022-10-12 18:00:00,843.2,77.14,273.81
2022-10-12 19:00:00,847.0,77.36,273.67
2022-10-12 20:00:00,,,
2022-10-12 21:00:00,849.5,83.9,273.133333333333
2022-10-12 22:00:00,,,
2022-10-12 23:00:00,842.0,88.2,272.5
2022-10-13 00:00:00,838.166666666667,80.8,272.633333333333
2022-10-13 01:00:00,831.833333333333,66.2666666666667,272.85
2022-10-13 02:00:00,827.333333333333,68.0833333333333,272.7
2022-10-13 03:00:00,828.333333333333,55.8833333333333,273.016666666667
2022-10-13 04:00:00,819.333333333333,50.1833333333333,272.7
2022-10-13 05:00:00,820.833333333333,59.25,272.766666666667
2022-10-13 06:00:00,821.166666666667,56.3166666666667,272.633333333333
2022-10-13 07:00:00,814.166666666667,64.35,272.466666666667
2022-10-13 08:00:00,814.833333333333,66.9666666666667,272.383333333333
2022-10-13 09:00:00,820.666666666667,68.3333333333333,272.733333333333
2022-10-13 10:00:00,827.5,64.5833333333333,273.666666666667
2022-10-13 11:00:00,820.0,55.3666666666667,274.416666666667
2022-10-13 12:00:00,813.166666666667,52.75,275.35
2022-10-13 13:00:00,818.166666666667,56.2666666666667,275.166666666667
2022-10-13 14:00:00,827.333333333333,62.8333333333333,274.316666666667
2022-10-13 15:00:00,828.333333333333,71.8,273.916666666667
2022-10-13 16:00:00,837.333333333333,75.1333333333334,274.116666666667
2022-10-13 17:00:00,838.333333333333,79.9333333333333,273.933333333333
2022-10-13 18:00:00,834.833333333333,85.3666666666667,273.233333333333
2022-10-13 19:00:00,840.666666666667,92.25,273.1
2022-10-13 20:00:00,829.5,94.25,272.95
2022-10-13 21:00:00,848.0,89.6666666666667,272.883333333333
2022-10-13 22:00:00,846.833333333333,82.2666666666667,272.766666666667
2022-10-13 23:00:00,848.833333333334,84.0,272.966666666667
2022-10-14 00:00:00,860.166666666667,87.45,272.066666666667
2022-10-14 01:00:00,859.833333333333,95.7,271.866666666667
2022-10-14 02:00:00,847.333333333333,96.0833333333333,271.8
2022-10-14 03:00:00,870.666666666667,96.0166666666667,271.916666666667
2022-10-14 04:00:00,884.333333333333,96.1,271.9
2022-10-14 05:00:00,887.166666666667,96.1,271.85
2022-10-14 06:00:00,889.833333333334,96.1,271.85
2022-10-14 07:00:00,894.833333333333,96.1,271.85
2022-10-14 08:00:00,896.333333333333,96.1,271.966666666667
2022-10-14 09:00:00,892.5,95.85,271.833333333333
2022-10-14 10:00:00,892.0,91.5833333333333,272.366666666667
2022-10-14 11:00:00,876.4,87.1,272.97
2022-10-14 12:00:00,881.2,81.0,273.29
2022-10-14 13:00:00,879.0,76.62,273.91
2022-10-14 14:00:00,886.2,78.76,274.35
2022-10-14 15:00:00,,,
2022-10-14 16:00:00,888.833333333333,87.5833333333334,273.5
2022-10-14 17:00:00,,,
2022-10-14 18:00:00,895.0,72.08,273.51
2022-10-14 19:00:00,894.0,74.9166666666667,273.466666666667
2022-10-14 20:00:00,898.0,69.6666666666667,274.016666666667
2022-10-14 21:00:00,897.333333333333,66.5666666666667,274.283333333333
2022-10-14 22:00:00,896.8,74.08,274.03
2022-10-14 23:00:00,895.5,87.2666666666667,273.45
2022-10-15 00:00:00,903.0,95.6666666666667,273.883333333333
2022-10-15 01:00:00,907.833333333333,95.6833333333333,274.166666666667
2022-10-15 02:00:00,,,
2022-10-15 03:00:00,917.833333333333,91.3,274.95
2022-10-15 04:00:00,,,
2022-10-15 05:00:00,909.4,94.82,274.55
2022-10-15 06:00:00,903.5,87.0166666666667,274.95
2022-10-15 07:00:00,,,
2022-10-15 08:00:00,893.4,85.24,275.43
2022-10-15 09:00:00,900.6,84.44,275.59
2022-10-15 10:00:00,899.2,70.36,276.03
2022-10-15 11:00:00,892.4,55.7,276.79
2022-10-15 12:00:00,875.5,53.0833333333333,277.3
2022-10-15 13:00:00,864.0,49.9,277.95
2022-10-15 14:00:00,865.0,56.7666666666667,278.083333333333
2022-10-15 15:00:00,862.0,69.2166666666667,277.45
2022-10-15 16:00:00,863.333333333334,76.9833333333333,276.55
2022-10-15 17:00:00,871.2,83.8,276.07
2022-10-15 18:00:00,877.833333333333,81.2166666666667,276.316666666667
2022-10-15 19:00:00,866.833333333334,78.8833333333333,276.616666666667
2022-10-15 20:00:00,863.666666666667,73.2166666666667,276.633333333333
2022-10-15 21:00:00,863.666666666667,69.3,276.416666666667
2022-10-15 22:00:00,862.5,66.1166666666667,276.083333333333
2022-10-15 23:00:00,863.0,54.9333333333333,276.566666666667
2022-10-16 00:00:00,861.333333333333,47.7166666666667,276.766666666667
2022-10-16 01:00:00,862.0,48.2166666666667,276.583333333333
2022-10-16 02:00:00,861.0,49.34,276.79
2022-10-16 03:00:00,860.8,48.88,277.21
2022-10-16 04:00:00,859.0,48.5,276.93
2022-10-16 05:00:00,856.5,46.1166666666667,276.833333333333
2022-10-16 06:00:00,856.4,46.2,277.09
2022-10-16 07:00:00,854.0,48.8333333333333,276.5
2022-10-16 08:00:00,852.166666666667,49.0333333333333,276.15
2022-10-16 09:00:00,848.5,47.1166666666667,277.066666666667
2022-10-16 10:00:00,848.166666666667,45.4166666666667,277.55
2022-10-16 11:00:00,842.166666666667,45.8666666666667,278.45
2022-10-16 12:00:00,838.5,45.6833333333333,279.3
2022-10-16 13:00:00,833.166666666667,46.2666666666667,279.716666666667
2022-10-16 14:00:00,820.833333333333,48.5333333333333,279.683333333333
2022-10-16 15:00:00,821.833333333333,47.3833333333333,280.483333333333
2022-10-16 16:00:00,827.5,51.4333333333333,279.916666666667
2022-10-16 17:00:00,840.0,56.7333333333334,278.75
2022-10-16 18:00:00,849.833333333333,54.6333333333333,278.2
2022-10-16 19:00:00,851.833333333333,53.0,278.116666666667
2022-10-16 20:00:00,852.5,51.7,278.183333333333
2022-10-16 21:00:00,852.0,54.05,277.783333333333
2022-10-16 22:00:00,849.666666666667,50.95,277.666666666667
2022-10-16 23:00:00,849.833333333333,44.9166666666667,277.933333333333
2022-10-17 00:00:00,852.0,42.2166666666667,277.85
2022-10-17 01:00:00,849.666666666667,38.4666666666667,277.783333333333
2022-10-17 02:00:00,,,
2022-10-17 03:00:00,,,
2022-10-17 04:00:00,,,
2022-10-17 05:00:00,,,
2022-10-17 06:00:00,849.6,14.04,279.87
2022-10-17 07:00:00,,,
2022-10-17 08:00:00,,,
2022-10-17 09:00:00,,,
2022-10-17 10:00:00,840.6,15.14,280.67
2022-10-17 11:00:00,830.2,21.94,281.11
2022-10-17 12:00:00,,,
2022-10-17 13:00:00,819.2,33.7,281.51
2022-10-17 14:00:00,,,
2022-10-17 15:00:00,,,
2022-10-17 16:00:00,,,
2022-10-17 17:00:00,826.8,45.96,280.15
2022-10-17 18:00:00,,,
2022-10-17 19:00:00,836.4,51.06,279.07
2022-10-17 20:00:00,838.4,53.54,278.59
2022-10-17 21:00:00,,,
2022-10-17 22:00:00,837.0,48.86,277.71
2022-10-17 23:00:00,,,
2022-10-18 00:00:00,835.5,46.15,278.166666666667
2022-10-18 01:00:00,838.2,48.5,277.73
2022-10-18 02:00:00,,,
2022-10-18 03:00:00,,,
2022-10-18 04:00:00,,,
2022-10-18 05:00:00,821.0,32.2,276.93
2022-10-18 06:00:00,,,
2022-10-18 07:00:00,,,
2022-10-18 08:00:00,826.4,43.76,276.31
2022-10-18 09:00:00,,,
2022-10-18 10:00:00,823.4,54.5,276.25
2022-10-18 11:00:00,,,
2022-10-18 12:00:00,,,
2022-10-18 13:00:00,809.6,59.54,278.37
2022-10-18 14:00:00,819.4,59.6,278.55
2022-10-18 15:00:00,,,
2022-10-18 16:00:00,835.0,69.02,278.13
2022-10-18 17:00:00,836.2,75.5,277.41
2022-10-18 18:00:00,843.8,79.56,276.99
2022-10-18 19:00:00,846.0,87.86,276.35
2022-10-18 20:00:00,845.666666666667,90.6,276.2
2022-10-18 21:00:00,832.333333333333,95.7333333333333,275.616666666667
2022-10-18 22:00:00,839.833333333334,95.65,275.666666666667
2022-10-18 23:00:00,841.333333333333,91.25,275.483333333333
2022-10-19 00:00:00,841.0,82.6333333333333,275.383333333333
2022-10-19 01:00:00,841.333333333333,84.75,274.9
2022-10-19 02:00:00,838.4,84.82,274.43
2022-10-19 03:00:00,838.166666666667,81.1666666666667,274.05
2022-10-19 04:00:00,,,
2022-10-19 05:00:00,837.166666666667,82.7,273.733333333333
2022-10-19 06:00:00,828.6,79.92,273.69
2022-10-19 07:00:00,824.6,74.12,274.07
2022-10-19 08:00:00,821.666666666667,71.75,274.033333333333
2022-10-19 09:00:00,824.333333333333,70.6,274.216666666667
2022-10-19 10:00:00,818.166666666667,54.7333333333333,275.533333333333
2022-10-19 11:00:00,804.4,49.5,276.33
2022-10-19 12:00:00,807.166666666667,46.4333333333333,277.133333333333
2022-10-19 13:00:00,809.333333333333,41.15,277.6
2022-10-19 14:00:00,812.333333333333,43.6666666666667,277.333333333333
2022-10-19 15:00:00,817.0,42.45,278.266666666667
2022-10-19 16:00:00,819.333333333333,45.45,278.233333333333
2022-10-19 17:00:00,821.5,47.95,277.65
2022-10-19 18:00:00,822.333333333333,46.1333333333333,277.233333333333
2022-10-19 19:00:00,820.5,44.5,277.15
2022-10-19 20:00:00,818.333333333333,47.5666666666667,276.95
2022-10-19 21:00:00,820.833333333333,44.7,276.933333333333
2022-10-19 22:00:00,824.833333333333,43.3666666666667,276.916666666667
2022-10-19 23:00:00,826.5,43.0333333333333,276.933333333333
2022-10-20 00:00:00,824.5,32.35,277.466666666667
2022-10-20 01:00:00,819.333333333333,33.95,277.133333333333
2022-10-20 02:00:00,,,
2022-10-20 03:00:00,,,
2022-10-20 04:00:00,,,
2022-10-20 05:00:00,,,
2022-10-20 06:00:00,,,
2022-10-20 07:00:00,,,
2022-10-20 08:00:00,,,
2022-10-20 09:00:00,,,
2022-10-20 10:00:00,,,
2022-10-20 11:00:00,,,
2022-10-20 12:00:00,,,
2022-10-20 13:00:00,,,
2022-10-20 14:00:00,,,
2022-10-20 15:00:00,,,
2022-10-20 16:00:00,822.333333333333,40.8833333333333,279.933333333333
2022-10-20 17:00:00,,,
2022-10-20 18:00:00,,,
2022-10-20 19:00:00,,,
2022-10-20 20:00:00,,,
2022-10-20 21:00:00,,,
2022-10-20 22:00:00,,,
2022-10-20 23:00:00,814.6,60.24,278.95
2022-10-21 00:00:00,,,
2022-10-21 01:00:00,817.0,67.02,278.07
2022-10-21 02:00:00,821.8,70.26,277.59
2022-10-21 03:00:00,,,
2022-10-21 04:00:00,827.8,66.1,277.91
2022-10-21 05:00:00,,,
2022-10-21 06:00:00,,,
2022-10-21 07:00:00,,,
2022-10-21 08:00:00,,,
2022-10-21 09:00:00,,,
2022-10-21 10:00:00,,,
2022-10-21 11:00:00,,,
2022-10-21 12:00:00,806.8,68.08,277.93
2022-10-21 13:00:00,,,
2022-10-21 14:00:00,796.0,69.58,277.63
2022-10-21 15:00:00,,,
2022-10-21 16:00:00,776.2,70.12,277.71
2022-10-21 17:00:00,779.333333333333,73.25,277.416666666667
2022-10-21 18:00:00,777.333333333333,77.15,277.016666666667
2022-10-21 19:00:00,,,
2022-10-21 20:00:00,780.6,81.38,276.61
2022-10-21 21:00:00,781.4,87.38,276.03
2022-10-21 22:00:00,776.4,91.8,275.63
2022-10-21 23:00:00,759.0,86.6,275.95
2022-10-22 00:00:00,752.666666666667,84.0666666666667,276.25
2022-10-22 01:00:00,748.0,88.3666666666667,275.783333333333
2022-10-22 02:00:00,,,
2022-10-22 03:00:00,758.8,84.32,276.25
2022-10-22 04:00:00,,,
2022-10-22 05:00:00,755.2,96.32,273.77
2022-10-22 06:00:00,811.833333333333,96.2333333333333,272.833333333333
2022-10-22 07:00:00,817.333333333334,96.2333333333333,273.0
2022-10-22 08:00:00,840.2,96.3,273.25
2022-10-22 09:00:00,847.166666666667,96.3,273.3
2022-10-22 10:00:00,858.166666666667,96.3,273.15
2022-10-22 11:00:00,903.833333333333,96.2833333333334,273.083333333333
2022-10-22 12:00:00,882.8,96.28,273.31
2022-10-22 13:00:00,904.5,94.8166666666667,273.366666666667
2022-10-22 14:00:00,896.5,91.7,273.683333333333
2022-10-22 15:00:00,897.166666666667,86.6833333333334,273.316666666667
2022-10-22 16:00:00,894.666666666667,82.4,273.6
2022-10-22 17:00:00,896.5,79.6833333333333,273.366666666667
2022-10-22 18:00:00,897.4,75.74,273.05
2022-10-22 19:00:00,898.666666666667,60.45,273.733333333333
2022-10-22 20:00:00,894.666666666667,55.8333333333333,273.983333333333
2022-10-22 21:00:00,889.833333333333,45.1,274.5
2022-10-22 22:00:00,891.0,42.8,275.083333333333
2022-10-22 23:00:00,888.666666666667,42.0833333333333,275.066666666667
2022-10-23 00:00:00,891.666666666667,42.1166666666667,275.45
2022-10-23 01:00:00,891.833333333334,53.2666666666667,275.433333333333
2022-10-23 02:00:00,,,
2022-10-23 03:00:00,,,
2022-10-23 04:00:00,,,
2022-10-23 05:00:00,887.2,70.32,275.37
2022-10-23 06:00:00,,,
2022-10-23 07:00:00,885.333333333334,70.95,275.7
2022-10-23 08:00:00,,,
2022-10-23 09:00:00,,,
2022-10-23 10:00:00,,,
2022-10-23 11:00:00,,,
2022-10-23 12:00:00,,,
2022-10-23 13:00:00,,,
2022-10-23 14:00:00,839.0,65.08,278.63
2022-10-23 15:00:00,829.8,66.3,278.55
2022-10-23 16:00:00,831.0,68.3833333333334,278.183333333333
2022-10-23 17:00:00,831.4,64.48,278.35
2022-10-23 18:00:00,829.5,65.1333333333334,278.116666666667
2022-10-23 19:00:00,827.5,70.65,277.8
2022-10-23 20:00:00,822.5,65.05,278.116666666667
2022-10-23 21:00:00,822.0,65.66,278.05
2022-10-23 22:00:00,821.166666666667,65.5666666666667,278.05
2022-10-23 23:00:00,822.0,67.2166666666667,277.883333333333
2022-10-24 00:00:00,823.833333333333,69.7333333333333,277.65
2022-10-24 01:00:00,822.833333333333,67.5166666666667,277.75
2022-10-24 02:00:00,,,
2022-10-24 03:00:00,,,
2022-10-24 04:00:00,809.4,72.54,277.31
2022-10-24 05:00:00,809.333333333333,83.35,276.25
2022-10-24 06:00:00,,,
2022-10-24 07:00:00,815.0,93.5,274.866666666667
2022-10-24 08:00:00,813.4,82.14,276.07
2022-10-24 09:00:00,809.8,75.14,276.81
2022-10-24 10:00:00,798.666666666667,77.8,276.766666666667
2022-10-24 11:00:00,802.166666666667,83.15,276.116666666667
2022-10-24 12:00:00,800.833333333333,79.7833333333333,276.683333333333
2022-10-24 13:00:00,804.833333333333,79.75,276.783333333333
2022-10-24 14:00:00,804.0,87.8666666666667,275.85
2022-10-24 15:00:00,801.333333333333,94.6,275.016666666667
2022-10-24 16:00:00,804.8,96.3,273.43
2022-10-24 17:00:00,817.5,96.3,273.283333333333
2022-10-24 18:00:00,829.0,96.2666666666667,272.75
2022-10-24 19:00:00,844.666666666667,96.2666666666667,272.766666666667
2022-10-24 20:00:00,857.5,96.3,273.183333333333
2022-10-24 21:00:00,855.0,96.3,273.35
2022-10-24 22:00:00,850.5,96.3,273.433333333333
2022-10-24 23:00:00,868.5,96.3,273.133333333333
2022-10-25 00:00:00,872.5,96.3,272.983333333333
2022-10-25 01:00:00,872.666666666667,96.3,272.95
2022-10-25 02:00:00,,,
2022-10-25 03:00:00,,,
2022-10-25 04:00:00,888.6,96.2,272.27
2022-10-25 05:00:00,886.2,96.12,272.07
2022-10-25 06:00:00,887.166666666667,96.0833333333333,271.85
2022-10-25 07:00:00,880.0,95.9833333333333,271.183333333333
2022-10-25 08:00:00,882.5,95.5666666666667,270.416666666667
2022-10-25 09:00:00,878.833333333333,95.4666666666667,270.633333333333
2022-10-25 10:00:00,873.0,91.1166666666667,271.416666666667
2022-10-25 11:00:00,859.833333333333,75.9833333333333,272.533333333333
2022-10-25 12:00:00,864.666666666667,57.8166666666667,273.333333333333
2022-10-25 13:00:00,854.833333333333,43.1833333333333,274.55
2022-10-25 14:00:00,853.333333333333,43.8166666666667,274.95
2022-10-25 15:00:00,851.666666666667,45.4833333333333,275.35
2022-10-25 16:00:00,852.5,47.4666666666667,274.833333333333
2022-10-25 17:00:00,856.166666666667,49.5833333333333,274.316666666667
2022-10-25 18:00:00,859.0,52.8333333333333,274.266666666667
2022-10-25 19:00:00,859.333333333333,57.0,274.066666666667
2022-10-25 20:00:00,859.833333333333,60.2833333333333,274.2
2022-10-25 21:00:00,861.5,52.9666666666667,274.466666666667
2022-10-25 22:00:00,859.333333333333,46.6333333333333,274.966666666667
2022-10-25 23:00:00,856.833333333333,51.2833333333333,275.083333333333
2022-10-26 00:00:00,853.833333333333,48.9666666666667,275.35
2022-10-26 01:00:00,853.666666666667,50.75,275.466666666667
2022-10-26 02:00:00,,,
2022-10-26 03:00:00,,,
2022-10-26 04:00:00,,,
2022-10-26 05:00:00,,,
2022-10-26 06:00:00,,,
2022-10-26 07:00:00,,,
2022-10-26 08:00:00,,,
2022-10-26 09:00:00,,,
2022-10-26 10:00:00,,,
2022-10-26 11:00:00,,,
2022-10-26 12:00:00,830.4,85.86,275.07
2022-10-26 13:00:00,836.6,83.6,275.31
2022-10-26 14:00:00,,,
2022-10-26 15:00:00,,,
2022-10-26 16:00:00,860.6,72.52,275.75
2022-10-26 17:00:00,859.6,74.46,275.61
2022-10-26 18:00:00,,,
2022-10-26 19:00:00,,,
2022-10-26 20:00:00,,,
2022-10-26 21:00:00,,,
2022-10-26 22:00:00,,,
2022-10-26 23:00:00,,,
2022-10-27 00:00:00,845.6,42.28,274.49
2022-10-27 01:00:00,840.4,35.9,274.31
2022-10-27 02:00:00,,,
2022-10-27 03:00:00,,,
2022-10-27 04:00:00,828.8,22.0,275.29
2022-10-27 05:00:00,836.2,20.18,275.71
2022-10-27 06:00:00,834.0,21.16,275.29
2022-10-27 07:00:00,,,
2022-10-27 08:00:00,,,
2022-10-27 09:00:00,,,
2022-10-27 10:00:00,,,
2022-10-27 11:00:00,,,
2022-10-27 12:00:00,,,
2022-10-27 13:00:00,826.833333333333,59.3833333333333,278.566666666667
2022-10-27 14:00:00,829.4,56.94,278.59
2022-10-27 15:00:00,831.333333333333,57.0833333333333,278.333333333333
2022-10-27 16:00:00,,,
2022-10-27 17:00:00,838.666666666667,57.6666666666667,277.316666666667
2022-10-27 18:00:00,840.833333333333,61.45,276.6
2022-10-27 19:00:00,841.166666666667,63.3333333333333,276.516666666667
2022-10-27 20:00:00,841.333333333333,63.1333333333333,276.65
2022-10-27 21:00:00,843.0,62.9666666666667,276.616666666667
2022-10-27 22:00:00,847.8,64.06,276.45
2022-10-27 23:00:00,839.0,58.5,276.933333333333
2022-10-28 00:00:00,839.166666666667,56.7,277.333333333333
2022-10-28 01:00:00,836.166666666667,55.9166666666667,277.233333333333
2022-10-28 02:00:00,842.166666666667,59.4,276.733333333333
2022-10-28 03:00:00,,,
2022-10-28 04:00:00,845.166666666667,57.85,277.233333333333
2022-10-28 05:00:00,840.0,58.3,277.13
2022-10-28 06:00:00,840.2,59.42,276.95
2022-10-28 07:00:00,844.6,62.9,276.89
2022-10-28 08:00:00,843.166666666667,62.5333333333333,277.1
2022-10-28 09:00:00,845.5,61.6333333333333,277.416666666667
2022-10-28 10:00:00,833.0,61.1,277.6
2022-10-28 11:00:00,818.833333333333,58.6666666666667,278.416666666667
2022-10-28 12:00:00,820.166666666667,57.7333333333333,278.716666666667
2022-10-28 13:00:00,825.666666666667,57.5333333333333,279.133333333333
2022-10-28 14:00:00,825.5,56.6333333333333,279.616666666667
2022-10-28 15:00:00,826.666666666667,58.1333333333333,279.283333333333
2022-10-28 16:00:00,831.333333333333,59.1833333333333,279.0
2022-10-28 17:00:00,831.166666666667,61.3166666666667,278.416666666667
2022-10-28 18:00:00,831.166666666667,61.3666666666667,278.2
2022-10-28 19:00:00,828.0,61.5,278.0
2022-10-28 20:00:00,827.166666666667,61.1166666666667,278.0
2022-10-28 21:00:00,832.333333333333,58.85,278.333333333333
2022-10-28 22:00:00,828.5,58.5166666666667,278.166666666667
2022-10-28 23:00:00,827.833333333333,59.3333333333333,278.05
2022-10-29 00:00:00,830.5,60.1166666666667,277.866666666667
2022-10-29 01:00:00,829.0,58.2166666666667,278.083333333333
2022-10-29 02:00:00,,,
2022-10-29 03:00:00,829.8,56.84,277.83
2022-10-29 04:00:00,,,
2022-10-29 05:00:00,,,
2022-10-29 06:00:00,835.8,59.3,278.01
2022-10-29 07:00:00,836.8,60.34,278.07
2022-10-29 08:00:00,,,
2022-10-29 09:00:00,,,
2022-10-29 10:00:00,821.6,57.36,278.73
2022-10-29 11:00:00,,,
2022-10-29 12:00:00,811.2,54.28,280.13
2022-10-29 13:00:00,,,
2022-10-29 14:00:00,,,
2022-10-29 15:00:00,,,
2022-10-29 16:00:00,812.4,50.46,280.03
2022-10-29 17:00:00,818.2,49.98,279.77
2022-10-29 18:00:00,,,
2022-10-29 19:00:00,,,
2022-10-29 20:00:00,,,
2022-10-29 21:00:00,828.2,57.0,279.33
2022-10-29 22:00:00,,,
2022-10-29 23:00:00,830.4,57.1,279.27
2022-10-30 00:00:00,829.4,55.88,279.27
2022-10-30 01:00:00,,,
2022-10-30 02:00:00,829.8,51.32,278.67
2022-10-30 03:00:00,829.6,51.58,278.79
2022-10-30 04:00:00,,,
2022-10-30 05:00:00,828.2,50.82,278.79
2022-10-30 06:00:00,,,
2022-10-30 07:00:00,,,
2022-10-30 08:00:00,,,
2022-10-30 09:00:00,,,
2022-10-30 10:00:00,,,
2022-10-30 11:00:00,,,
2022-10-30 12:00:00,813.4,55.12,279.35
2022-10-30 13:00:00,,,
2022-10-30 14:00:00,,,
2022-10-30 15:00:00,,,
2022-10-30 16:00:00,816.2,51.68,279.65
2022-10-30 17:00:00,820.5,55.0333333333333,278.733333333333
2022-10-30 18:00:00,,,
2022-10-30 19:00:00,824.833333333333,59.3333333333333,278.1
2022-10-30 20:00:00,829.166666666667,59.6833333333333,278.183333333333
2022-10-30 21:00:00,829.333333333333,60.3333333333333,278.05
2022-10-30 22:00:00,828.833333333333,59.2833333333333,277.833333333333
2022-10-30 23:00:00,827.833333333333,55.8333333333333,277.55
2022-10-31 00:00:00,828.333333333333,51.95,277.716666666667
2022-10-31 01:00:00,827.166666666667,49.7833333333333,277.466666666667
2022-10-31 02:00:00,828.0,47.04,277.23
2022-10-31 03:00:00,,,
2022-10-31 04:00:00,,,
2022-10-31 05:00:00,828.2,47.1,276.93
2022-10-31 06:00:00,,,
2022-10-31 07:00:00,824.0,46.6166666666667,276.283333333333
2022-10-31 08:00:00,826.333333333333,48.8833333333333,276.55
2022-10-31 09:00:00,823.8,54.92,275.85
2022-10-31 10:00:00,822.5,52.7166666666667,276.466666666667
2022-10-31 11:00:00,808.0,50.34,277.73
2022-10-31 12:00:00,812.166666666667,51.5666666666667,277.883333333333
2022-10-31 13:00:00,815.0,53.9166666666667,278.033333333333
2022-10-31 14:00:00,,,
2022-10-31 15:00:00,820.6,57.8,277.11
2022-10-31 16:00:00,824.333333333333,58.65,276.75
2022-10-31 17:00:00,825.666666666667,58.0666666666667,276.583333333333
2022-10-31 18:00:00,828.666666666667,56.6666666666667,276.416666666667
2022-10-31 19:00:00,825.166666666667,57.4833333333333,275.7
2022-10-31 20:00:00,826.333333333333,59.6833333333333,275.133333333333
2022-10-31 21:00:00,827.5,46.25,275.85
2022-10-31 22:00:00,826.333333333333,38.85,276.316666666667
2022-10-31 23:00:00,825.0,37.0666666666667,276.2
2022-11-01 00:00:00,824.666666666667,36.8833333333333,275.883333333333
2022-11-01 01:00:00,826.166666666667,35.9833333333333,275.55
2022-11-01 02:00:00,,,
2022-11-01 03:00:00,824.4,40.14,276.25
2022-11-01 04:00:00,,,
2022-11-01 05:00:00,,,
2022-11-01 06:00:00,,,
2022-11-01 07:00:00,821.4,50.48,276.43
2022-11-01 08:00:00,,,
2022-11-01 09:00:00,,,
2022-11-01 10:00:00,,,
2022-11-01 11:00:00,822.8,62.8,275.85
2022-11-01 12:00:00,818.833333333333,71.5666666666667,275.466666666667
2022-11-01 13:00:00,,,
2022-11-01 14:00:00,823.333333333333,75.5,275.15
2022-11-01 15:00:00,,,
2022-11-01 16:00:00,822.333333333333,93.0166666666667,274.0
2022-11-01 17:00:00,823.4,94.62,273.89
2022-11-01 18:00:00,825.0,96.05,273.65
2022-11-01 19:00:00,823.833333333333,94.3333333333333,273.45
2022-11-01 20:00:00,824.666666666667,94.55,273.566666666667
2022-11-01 21:00:00,823.333333333333,95.9833333333333,273.116666666667
2022-11-01 22:00:00,823.333333333333,94.2,273.033333333333
2022-11-01 23:00:00,817.666666666667,90.8666666666667,272.633333333333
2022-11-02 00:00:00,813.333333333333,62.8166666666667,272.75
2022-11-02 01:00:00,818.833333333333,46.6,272.883333333333
2022-11-02 02:00:00,,,
2022-11-02 03:00:00,,,
2022-11-02 04:00:00,810.2,19.4,273.29
2022-11-02 05:00:00,,,
2022-11-02 06:00:00,808.8,20.8,273.05
2022-11-02 07:00:00,,,
2022-11-02 08:00:00,823.833333333334,20.2833333333333,273.6
2022-11-02 09:00:00,824.0,21.58,273.85
2022-11-02 10:00:00,818.166666666667,30.8,273.7
2022-11-02 11:00:00,786.666666666667,41.4833333333333,274.35
2022-11-02 12:00:00,778.8,48.8,274.49
2022-11-02 13:00:00,793.0,66.3833333333333,273.333333333333
2022-11-02 14:00:00,806.833333333333,72.8333333333333,273.2
2022-11-02 15:00:00,812.166666666667,77.6,272.983333333333
2022-11-02 16:00:00,819.0,87.7666666666667,272.8
2022-11-02 17:00:00,827.0,92.3166666666667,272.433333333333
2022-11-02 18:00:00,829.833333333333,92.05,271.916666666667
2022-11-02 19:00:00,834.166666666667,92.2166666666667,271.966666666667
2022-11-02 20:00:00,834.833333333333,80.6666666666667,272.466666666667
2022-11-02 21:00:00,835.5,78.7333333333333,272.233333333333
2022-11-02 22:00:00,834.833333333333,76.9166666666667,271.966666666667
2022-11-02 23:00:00,825.833333333333,74.5666666666667,272.05
2022-11-03 00:00:00,825.333333333333,77.2,271.966666666667
2022-11-03 01:00:00,824.666666666667,76.05,271.933333333333
2022-11-03 02:00:00,,,
2022-11-03 03:00:00,,,
2022-11-03 04:00:00,827.0,74.3833333333333,271.416666666667
2022-11-03 05:00:00,828.0,73.78,271.31
2022-11-03 06:00:00,828.0,64.15,271.733333333333
2022-11-03 07:00:00,826.833333333334,63.1166666666667,271.466666666667
2022-11-03 08:00:00,827.166666666667,51.9,272.133333333333
2022-11-03 09:00:00,826.333333333333,49.55,272.7
2022-11-03 10:00:00,824.833333333333,60.6666666666667,272.666666666667
2022-11-03 11:00:00,822.0,71.32,272.73
2022-11-03 12:00:00,824.5,74.8666666666667,272.883333333333
2022-11-03 13:00:00,822.5,69.3166666666667,273.25
2022-11-03 14:00:00,820.666666666667,71.8166666666667,273.2
2022-11-03 15:00:00,822.5,79.9333333333333,272.666666666667
2022-11-03 16:00:00,825.666666666667,75.7333333333333,272.483333333333
2022-11-03 17:00:00,826.5,80.45,272.0
2022-11-03 18:00:00,827.833333333333,82.3833333333333,271.633333333333
2022-11-03 19:00:00,827.0,91.6,270.916666666667
2022-11-03 20:00:00,828.0,90.5666666666667,270.716666666667
2022-11-03 21:00:00,827.333333333333,93.8333333333333,270.666666666667
2022-11-03 22:00:00,825.333333333333,96.0333333333334,270.9
2022-11-03 23:00:00,828.0,96.0,270.866666666667
2022-11-04 00:00:00,841.0,96.0,270.883333333333
2022-11-04 01:00:00,854.666666666667,96.0,270.816666666667
2022-11-04 02:00:00,,,
2022-11-04 03:00:00,,,
2022-11-04 04:00:00,,,
2022-11-04 05:00:00,,,
2022-11-04 06:00:00,,,
2022-11-04 07:00:00,904.8,93.3,266.95
2022-11-04 08:00:00,,,
2022-11-04 09:00:00,,,
2022-11-04 10:00:00,1028.8,92.52,266.45
2022-11-04 11:00:00,1087.4,92.62,266.65
2022-11-04 12:00:00,,,
2022-11-04 13:00:00,,,
2022-11-04 14:00:00,,,
2022-11-04 15:00:00,,,
2022-11-04 16:00:00,1107.8,91.1,265.57
2022-11-04 17:00:00,,,
2022-11-04 18:00:00,1110.4,89.96,264.25
2022-11-04 19:00:00,,,
2022-11-04 20:00:00,1105.6,89.16,264.01
2022-11-04 21:00:00,1097.4,88.82,263.35
2022-11-04 22:00:00,1096.8,89.28,263.53
2022-11-04 23:00:00,1100.5,89.0333333333333,263.633333333333
2022-11-05 00:00:00,1097.66666666667,88.85,263.433333333333
2022-11-05 01:00:00,,,
2022-11-05 02:00:00,1091.2,90.08,264.23
2022-11-05 03:00:00,,,
2022-11-05 04:00:00,,,
2022-11-05 05:00:00,,,
2022-11-05 06:00:00,1084.8,91.32,265.45
2022-11-05 07:00:00,,,
2022-11-05 08:00:00,,,
2022-11-05 09:00:00,,,
2022-11-05 10:00:00,,,
2022-11-05 11:00:00,,,
2022-11-05 12:00:00,,,
2022-11-05 13:00:00,1059.0,92.96,266.85
2022-11-05 14:00:00,1060.6,92.68,266.73
2022-11-05 15:00:00,1064.66666666667,92.7666666666667,266.883333333333
2022-11-05 16:00:00,1073.4,92.46,266.49
2022-11-05 17:00:00,1081.0,92.15,266.183333333333
2022-11-05 18:00:00,1083.66666666667,91.8333333333333,265.866666666667
2022-11-05 19:00:00,,,
2022-11-05 20:00:00,1085.83333333333,91.0333333333333,265.233333333333
2022-11-05 21:00:00,1090.0,90.82,265.05
2022-11-05 22:00:00,1081.0,89.9166666666667,264.533333333333
2022-11-05 23:00:00,1071.83333333333,90.05,264.166666666667
2022-11-06 00:00:00,1078.83333333333,90.0,264.383333333333
2022-11-06 01:00:00,1082.5,90.0166666666667,264.5
2022-11-06 02:00:00,1078.4,89.04,264.25
2022-11-06 03:00:00,,,
2022-11-06 04:00:00,1069.33333333333,38.7166666666667,266.95
2022-11-06 05:00:00,1061.6,18.78,268.21
2022-11-06 06:00:00,1058.4,9.96,268.95
2022-11-06 07:00:00,1060.66666666667,7.25,269.5
2022-11-06 08:00:00,1060.2,6.54,270.21
2022-11-06 09:00:00,1054.16666666667,6.81666666666667,270.7
2022-11-06 10:00:00,1043.16666666667,5.91666666666667,272.25
2022-11-06 11:00:00,1039.16666666667,5.86666666666667,273.266666666667
2022-11-06 12:00:00,1035.66666666667,6.51666666666667,274.633333333333
2022-11-06 13:00:00,1028.33333333333,9.45,274.433333333333
2022-11-06 14:00:00,1039.0,10.3833333333333,273.9
2022-11-06 15:00:00,1041.5,17.3666666666667,274.25
2022-11-06 16:00:00,1048.0,32.45,273.333333333333
2022-11-06 17:00:00,1055.0,55.95,273.75
2022-11-06 18:00:00,1058.16666666667,59.05,273.8
2022-11-06 19:00:00,1056.66666666667,58.25,273.8
2022-11-06 20:00:00,1056.5,57.55,273.633333333333
2022-11-06 21:00:00,1056.16666666667,57.0166666666667,273.033333333333
2022-11-06 22:00:00,1056.83333333333,61.7166666666667,272.666666666667
2022-11-06 23:00:00,1056.16666666667,63.1,273.15
2022-11-07 00:00:00,1054.83333333333,61.9333333333333,273.266666666667
2022-11-07 01:00:00,1053.5,68.9833333333333,272.033333333333
2022-11-07 02:00:00,,,
2022-11-07 03:00:00,,,
2022-11-07 04:00:00,,,
2022-11-07 05:00:00,,,
2022-11-07 06:00:00,,,
2022-11-07 07:00:00,,,
2022-11-07 08:00:00,,,
2022-11-07 09:00:00,,,
2022-11-07 10:00:00,1042.0,32.62,272.13
2022-11-07 11:00:00,1030.83333333333,33.45,272.783333333333
2022-11-07 12:00:00,1035.0,31.2,273.47
2022-11-07 13:00:00,,,
2022-11-07 14:00:00,,,
2022-11-07 15:00:00,1032.5,27.55,274.233333333333
2022-11-07 16:00:00,1035.4,25.82,273.77
2022-11-07 17:00:00,,,
2022-11-07 18:00:00,1031.33333333333,23.6833333333333,273.2
2022-11-07 19:00:00,1029.6,22.78,273.27
2022-11-07 20:00:00,,,
2022-11-07 21:00:00,1026.5,20.7333333333333,273.266666666667
2022-11-07 22:00:00,1023.0,20.0,273.233333333333
2022-11-07 23:00:00,1024.16666666667,17.75,273.766666666667
2022-11-08 00:00:00,1024.0,18.5,273.683333333333
2022-11-08 01:00:00,1015.66666666667,17.5833333333333,273.616666666667
2022-11-08 02:00:00,1014.6,15.76,273.89
2022-11-08 03:00:00,1010.2,16.04,273.61
2022-11-08 04:00:00,1011.6,15.52,273.69
2022-11-08 05:00:00,1012.0,18.24,273.99
2022-11-08 06:00:00,1013.0,24.42,274.47
2022-11-08 07:00:00,,,
2022-11-08 08:00:00,996.2,7.22,275.43
2022-11-08 09:00:00,994.833333333333,5.8,276.083333333333
2022-11-08 10:00:00,,,
2022-11-08 11:00:00,1006.83333333333,7.26666666666667,277.916666666667
2022-11-08 12:00:00,1006.8,10.88,277.73
2022-11-08 13:00:00,1006.0,11.2166666666667,277.816666666667
2022-11-08 14:00:00,997.833333333333,10.7166666666667,277.35
2022-11-08 15:00:00,990.5,16.1833333333333,275.733333333333
2022-11-08 16:00:00,1000.33333333333,16.35,275.216666666667
2022-11-08 17:00:00,1006.0,16.92,275.09
2022-11-08 18:00:00,1001.2,16.5,274.51
2022-11-08 19:00:00,998.0,16.6833333333333,274.6
2022-11-08 20:00:00,995.666666666667,17.4833333333333,274.933333333333
2022-11-08 21:00:00,996.5,19.9333333333333,274.9
2022-11-08 22:00:00,999.333333333333,22.3666666666667,274.883333333333
2022-11-08 23:00:00,1001.5,24.0833333333333,274.816666666667
2022-11-09 00:00:00,1006.33333333333,28.3,274.533333333333
2022-11-09 01:00:00,1010.66666666667,37.65,274.416666666667
2022-11-09 02:00:00,1005.2,41.88,274.01
2022-11-09 03:00:00,1006.33333333333,43.2,273.933333333333
2022-11-09 04:00:00,1005.16666666667,45.1,273.683333333333
2022-11-09 05:00:00,1004.66666666667,50.2166666666667,273.833333333333
2022-11-09 06:00:00,1008.0,55.6666666666667,273.566666666667
2022-11-09 07:00:00,1007.16666666667,60.4666666666667,273.233333333333
2022-11-09 08:00:00,1008.16666666667,54.1666666666667,273.8
2022-11-09 09:00:00,1003.33333333333,58.8166666666667,273.65
2022-11-09 10:00:00,1003.83333333333,64.0,273.533333333333
2022-11-09 11:00:00,997.0,67.85,273.233333333333
2022-11-09 12:00:00,1001.66666666667,73.5666666666667,272.916666666667
2022-11-09 13:00:00,1005.83333333333,71.7333333333333,273.55
2022-11-09 14:00:00,1002.16666666667,73.0666666666667,273.4
2022-11-09 15:00:00,1001.0,73.0166666666667,273.35
2022-11-09 16:00:00,1004.66666666667,72.4333333333334,273.3
2022-11-09 17:00:00,1005.5,73.5,273.0
2022-11-09 18:00:00,1006.16666666667,75.2,272.783333333333
2022-11-09 19:00:00,1009.5,78.0833333333333,272.6
2022-11-09 20:00:00,1013.0,76.2666666666667,273.033333333333
2022-11-09 21:00:00,1012.66666666667,77.5833333333333,273.05
2022-11-09 22:00:00,1012.5,86.3333333333333,272.733333333333
2022-11-09 23:00:00,1012.0,93.7333333333333,272.266666666667
2022-11-10 00:00:00,1010.66666666667,95.0333333333333,272.216666666667
2022-11-10 01:00:00,1009.83333333333,95.2,272.316666666667
2022-11-10 02:00:00,1011.33333333333,96.05,271.566666666667
2022-11-10 03:00:00,1022.5,96.0166666666667,271.016666666667
2022-11-10 04:00:00,1033.66666666667,95.5666666666667,270.9
2022-11-10 05:00:00,1039.33333333333,95.9166666666667,270.65
2022-11-10 06:00:00,1043.66666666667,95.9,270.533333333333
2022-11-10 07:00:00,1047.0,95.9166666666667,270.4
2022-11-10 08:00:00,1051.16666666667,95.9,270.266666666667
2022-11-10 09:00:00,1048.83333333333,95.9333333333333,270.6
2022-11-10 10:00:00,1044.16666666667,95.4833333333333,270.45
2022-11-10 11:00:00,1041.5,95.9166666666667,270.316666666667
2022-11-10 12:00:00,1034.16666666667,92.4,269.7
2022-11-10 13:00:00,1037.33333333333,90.7666666666667,269.416666666667
2022-11-10 14:00:00,1033.4,87.64,269.41
2022-11-10 15:00:00,1036.66666666667,77.7666666666667,269.516666666667
2022-11-10 16:00:00,1031.0,38.4833333333333,270.266666666667
2022-11-10 17:00:00,1025.5,21.95,271.516666666667
2022-11-10 18:00:00,1025.16666666667,13.25,272.483333333333
2022-11-10 19:00:00,1036.33333333333,10.25,272.716666666667
2022-11-10 20:00:00,1034.33333333333,21.0,273.066666666667
2022-11-10 21:00:00,1035.16666666667,33.2666666666667,273.366666666667
2022-11-10 22:00:00,1037.16666666667,38.95,274.366666666667
2022-11-10 23:00:00,1037.16666666667,36.8333333333333,275.166666666667
2022-11-11 00:00:00,1032.16666666667,36.5166666666667,275.266666666667
2022-11-11 01:00:00,1031.33333333333,36.9666666666667,275.183333333333
2022-11-11 02:00:00,1029.0,38.7,275.033333333333
2022-11-11 03:00:00,1025.33333333333,38.2833333333333,275.366666666667
2022-11-11 04:00:00,1027.16666666667,37.9166666666667,275.75
2022-11-11 05:00:00,1026.0,39.55,275.566666666667
2022-11-11 06:00:00,1030.5,40.3,275.4
2022-11-11 07:00:00,1032.0,41.7,275.233333333333
2022-11-11 08:00:00,1026.0,40.9666666666667,275.333333333333
2022-11-11 09:00:00,1027.5,40.2,275.433333333333
2022-11-11 10:00:00,1027.5,39.9,275.716666666667
2022-11-11 11:00:00,1012.0,38.9833333333333,276.433333333333
2022-11-11 12:00:00,1013.33333333333,38.8833333333333,276.683333333333
2022-11-11 13:00:00,1018.0,32.38,277.49
2022-11-11 14:00:00,1012.6,28.34,278.09
2022-11-11 15:00:00,1022.66666666667,28.0833333333333,277.183333333333
2022-11-11 16:00:00,,,
2022-11-11 17:00:00,1032.4,22.64,277.05
2022-11-11 18:00:00,,,
2022-11-11 19:00:00,1028.66666666667,22.7833333333333,276.3
2022-11-11 20:00:00,1030.8,21.8,276.35
2022-11-11 21:00:00,1031.4,19.82,276.91
2022-11-11 22:00:00,1030.4,20.56,276.55
2022-11-11 23:00:00,1031.0,19.1166666666667,276.866666666667
2022-11-12 00:00:00,1029.16666666667,19.4666666666667,276.366666666667
2022-11-12 01:00:00,1032.83333333333,18.4833333333333,276.716666666667
2022-11-12 02:00:00,,,
2022-11-12 03:00:00,1022.8,21.08,275.85
2022-11-12 04:00:00,1021.6,21.12,276.01
2022-11-12 05:00:00,,,
2022-11-12 06:00:00,1027.83333333333,17.9,277.366666666667
2022-11-12 07:00:00,1029.0,11.8,278.13
2022-11-12 08:00:00,1030.6,9.72,278.25
2022-11-12 09:00:00,1029.66666666667,9.7,278.4
2022-11-12 10:00:00,1023.8,10.82,278.71
2022-11-12 11:00:00,1015.0,13.34,278.69
2022-11-12 12:00:00,1015.16666666667,12.0666666666667,279.7
2022-11-12 13:00:00,999.5,14.25,279.283333333333
2022-11-12 14:00:00,1001.83333333333,15.5333333333333,279.2
2022-11-12 15:00:00,1006.66666666667,18.3666666666667,278.666666666667
2022-11-12 16:00:00,1012.33333333333,17.5333333333333,278.0
2022-11-12 17:00:00,1014.83333333333,15.75,277.833333333333
2022-11-12 18:00:00,1019.33333333333,15.75,277.383333333333
2022-11-12 19:00:00,1021.33333333333,16.35,277.233333333333
2022-11-12 20:00:00,1020.16666666667,16.25,276.883333333333
2022-11-12 21:00:00,1018.0,16.0833333333333,276.75
2022-11-12 22:00:00,1022.83333333333,16.7333333333333,276.7
2022-11-12 23:00:00,1023.16666666667,16.4333333333333,276.7
2022-11-13 00:00:00,1020.0,17.6166666666667,276.266666666667
2022-11-13 01:00:00,1023.83333333333,17.6,276.383333333333
2022-11-13 02:00:00,,,
2022-11-13 03:00:00,,,
2022-11-13 04:00:00,1020.8,40.46,275.05
2022-11-13 05:00:00,,,
2022-11-13 06:00:00,,,
2022-11-13 07:00:00,,,
2022-11-13 08:00:00,,,
2022-11-13 09:00:00,,,
2022-11-13 10:00:00,1023.6,39.8,272.99
2022-11-13 11:00:00,,,
2022-11-13 12:00:00,1007.2,50.56,272.87
2022-11-13 13:00:00,,,
2022-11-13 14:00:00,1011.4,42.78,273.33
2022-11-13 15:00:00,,,
2022-11-13 16:00:00,,,
2022-11-13 17:00:00,,,
2022-11-13 18:00:00,,,
2022-11-13 19:00:00,,,
2022-11-13 20:00:00,1024.2,63.86,270.37
2022-11-13 21:00:00,,,
2022-11-13 22:00:00,1022.4,69.58,270.13
2022-11-13 23:00:00,1022.0,74.94,269.41
2022-11-14 00:00:00,1020.8,87.5,268.41
2022-11-14 01:00:00,1023.0,88.28,268.63
2022-11-14 02:00:00,,,
2022-11-14 03:00:00,,,
2022-11-14 04:00:00,,,
2022-11-14 05:00:00,1047.2,94.9,268.29
2022-11-14 06:00:00,1055.4,94.52,268.07
2022-11-14 07:00:00,,,
2022-11-14 08:00:00,,,
2022-11-14 09:00:00,,,
2022-11-14 10:00:00,1076.4,94.58,268.07
2022-11-14 11:00:00,1063.2,95.66,269.17
2022-11-14 12:00:00,,,
2022-11-14 13:00:00,1052.8,95.9,269.63
2022-11-14 14:00:00,,,
2022-11-14 15:00:00,1046.0,93.16,268.61
2022-11-14 16:00:00,1048.6,91.78,268.13
2022-11-14 17:00:00,,,
2022-11-14 18:00:00,1046.2,83.04,267.81
2022-11-14 19:00:00,1042.66666666667,80.9166666666667,267.983333333333
2022-11-14 20:00:00,1041.0,82.0,267.83
2022-11-14 21:00:00,1042.5,80.3166666666667,268.733333333333
2022-11-14 22:00:00,1035.5,78.65,268.95
2022-11-14 23:00:00,1034.0,74.5833333333333,269.55
2022-11-15 00:00:00,1028.16666666667,72.65,269.666666666667
2022-11-15 01:00:00,1026.83333333333,69.6,269.95
2022-11-15 02:00:00,,,
2022-11-15 03:00:00,1034.8,63.62,270.79
2022-11-15 04:00:00,,,
2022-11-15 05:00:00,,,
2022-11-15 06:00:00,,,
2022-11-15 07:00:00,1027.6,49.32,271.17
2022-11-15 08:00:00,1035.83333333333,47.6166666666667,271.983333333333
2022-11-15 09:00:00,1032.6,49.96,271.65
2022-11-15 10:00:00,1029.0,50.96,272.03
2022-11-15 11:00:00,1030.5,55.3333333333333,272.7
2022-11-15 12:00:00,1027.8,58.42,273.01
2022-11-15 13:00:00,1016.0,59.2333333333334,272.95
2022-11-15 14:00:00,1015.6,63.78,272.81
2022-11-15 15:00:00,1009.5,69.9,272.483333333333
2022-11-15 16:00:00,1000.83333333333,72.9666666666667,272.233333333333
2022-11-15 17:00:00,996.4,74.96,271.87
2022-11-15 18:00:00,1008.83333333333,78.3333333333333,271.433333333333
2022-11-15 19:00:00,1013.0,78.4333333333333,271.416666666667
2022-11-15 20:00:00,1007.5,80.5833333333333,271.083333333333
2022-11-15 21:00:00,991.0,76.3833333333334,271.5
2022-11-15 22:00:00,1002.16666666667,70.3666666666667,272.383333333333
2022-11-15 23:00:00,1022.66666666667,73.5,272.033333333333
2022-11-16 00:00:00,1017.16666666667,73.4333333333333,272.083333333333
2022-11-16 01:00:00,1026.16666666667,71.6666666666667,272.85
2022-11-16 02:00:00,1032.8,75.14,272.55
2022-11-16 03:00:00,1032.2,74.76,272.65
2022-11-16 04:00:00,1034.0,84.4833333333333,272.083333333333
2022-11-16 05:00:00,1020.5,93.7,271.583333333333
2022-11-16 06:00:00,1016.66666666667,95.4666666666667,270.933333333333
2022-11-16 07:00:00,1039.66666666667,95.9333333333333,271.45
2022-11-16 08:00:00,1058.33333333333,96.0,271.366666666667
2022-11-16 09:00:00,1066.33333333333,95.95,270.75
2022-11-16 10:00:00,1059.33333333333,95.9666666666667,271.016666666667
2022-11-16 11:00:00,1045.66666666667,95.8166666666667,270.566666666667
2022-11-16 12:00:00,1048.5,94.4166666666667,270.25
2022-11-16 13:00:00,1053.83333333333,93.8,270.566666666667
2022-11-16 14:00:00,1053.66666666667,94.85,269.733333333333
2022-11-16 15:00:00,1044.5,95.2166666666667,269.566666666667
2022-11-16 16:00:00,1080.33333333333,94.5166666666667,268.75
2022-11-16 17:00:00,1104.33333333333,92.8666666666667,267.283333333333
2022-11-16 18:00:00,1105.16666666667,94.3,267.566666666667
2022-11-16 19:00:00,1103.66666666667,92.7833333333333,266.883333333333
2022-11-16 20:00:00,1102.33333333333,84.95,266.25
2022-11-16 21:00:00,1102.0,78.45,266.2
2022-11-16 22:00:00,1096.5,62.5833333333333,267.2
2022-11-16 23:00:00,1098.16666666667,55.1333333333333,268.016666666667
2022-11-17 00:00:00,1094.0,52.4,268.9
2022-11-17 01:00:00,1093.0,40.3666666666667,269.783333333333
2022-11-17 02:00:00,1091.8,41.44,269.87
2022-11-17 03:00:00,,,
2022-11-17 04:00:00,,,
2022-11-17 05:00:00,,,
2022-11-17 06:00:00,1088.6,62.3,271.15
2022-11-17 07:00:00,,,
2022-11-17 08:00:00,1081.2,67.92,271.43
2022-11-17 09:00:00,,,
2022-11-17 10:00:00,,,
2022-11-17 11:00:00,1067.6,60.8,271.17
2022-11-17 12:00:00,1064.8,48.1,271.97
2022-11-17 13:00:00,,,
2022-11-17 14:00:00,,,
2022-11-17 15:00:00,,,
2022-11-17 16:00:00,1052.0,63.88,270.85
2022-11-17 17:00:00,,,
2022-11-17 18:00:00,,,
2022-11-17 19:00:00,,,
2022-11-17 20:00:00,1048.0,41.54,270.65
2022-11-17 21:00:00,,,
2022-11-17 22:00:00,,,
2022-11-17 23:00:00,,,
2022-11-18 00:00:00,1049.0,67.5,268.93
2022-11-18 01:00:00,,,
2022-11-18 02:00:00,,,
2022-11-18 03:00:00,,,
2022-11-18 04:00:00,,,
2022-11-18 05:00:00,,,
2022-11-18 06:00:00,,,
2022-11-18 07:00:00,,,
2022-11-18 08:00:00,,,
2022-11-18 09:00:00,1130.0,89.14,265.85
2022-11-18 10:00:00,,,
2022-11-18 11:00:00,,,
2022-11-18 12:00:00,,,
2022-11-18 13:00:00,,,
2022-11-18 14:00:00,1146.8,90.1,265.79
2022-11-18 15:00:00,1131.8,90.18,265.73
2022-11-18 16:00:00,,,
2022-11-18 17:00:00,,,
2022-11-18 18:00:00,1122.0,89.44,265.29
2022-11-18 19:00:00,1118.83333333333,88.6333333333334,265.15
2022-11-18 20:00:00,1118.33333333333,87.2333333333333,265.166666666667
2022-11-18 21:00:00,1116.8,90.9,265.23
2022-11-18 22:00:00,1143.83333333333,89.3166666666667,264.516666666667
2022-11-18 23:00:00,1145.6,90.04,264.27
2022-11-19 00:00:00,1149.0,89.1166666666667,263.9
2022-11-19 01:00:00,1144.16666666667,88.45,263.366666666667
2022-11-19 02:00:00,1147.6,85.74,262.15
2022-11-19 03:00:00,1139.0,87.4333333333333,262.833333333333
2022-11-19 04:00:00,1128.6,87.92,262.57
2022-11-19 05:00:00,1135.33333333333,84.0666666666667,262.0
2022-11-19 06:00:00,1134.83333333333,84.9666666666667,261.616666666667
2022-11-19 07:00:00,1133.0,85.9833333333333,261.866666666667
2022-11-19 08:00:00,1130.0,79.36,261.97
2022-11-19 09:00:00,1132.8,74.18,262.57
2022-11-19 10:00:00,1128.5,73.6333333333333,262.083333333333
2022-11-19 11:00:00,1117.16666666667,65.3666666666667,263.266666666667
2022-11-19 12:00:00,1109.33333333333,61.8333333333333,263.616666666667
2022-11-19 13:00:00,1109.16666666667,49.6333333333333,264.85
2022-11-19 14:00:00,1111.0,46.6,264.95
2022-11-19 15:00:00,1114.0,52.15,264.25
2022-11-19 16:00:00,1119.66666666667,67.4166666666667,263.666666666667
2022-11-19 17:00:00,1121.83333333333,85.4166666666667,263.016666666667
2022-11-19 18:00:00,1130.5,88.8166666666667,263.066666666667
2022-11-19 19:00:00,1133.16666666667,87.45,263.366666666667
2022-11-19 20:00:00,1131.66666666667,84.8833333333334,263.516666666667
2022-11-19 21:00:00,1130.83333333333,84.05,263.45
2022-11-19 22:00:00,1129.8,82.64,263.41
2022-11-19 23:00:00,1128.16666666667,85.5333333333334,263.133333333333
2022-11-20 00:00:00,1126.66666666667,80.0833333333333,263.166666666667
2022-11-20 01:00:00,1125.83333333333,83.85,262.85
2022-11-20 02:00:00,,,
2022-11-20 03:00:00,,,
2022-11-20 04:00:00,,,
2022-11-20 05:00:00,,,
2022-11-20 06:00:00,,,
2022-11-20 07:00:00,,,
2022-11-20 08:00:00,,,
2022-11-20 09:00:00,,,
2022-11-20 10:00:00,1120.6,87.46,262.81
2022-11-20 11:00:00,1121.8,87.04,262.85
2022-11-20 12:00:00,,,
2022-11-20 13:00:00,,,
2022-11-20 14:00:00,1113.6,78.24,262.25
2022-11-20 15:00:00,1113.0,79.34,262.35
2022-11-20 16:00:00,,,
2022-11-20 17:00:00,1109.8,78.24,261.87
2022-11-20 18:00:00,1112.83333333333,61.3166666666667,262.683333333333
2022-11-20 19:00:00,1108.2,53.84,262.27
2022-11-20 20:00:00,1118.33333333333,43.05,263.316666666667
2022-11-20 21:00:00,1122.0,31.4,264.41
2022-11-20 22:00:00,,,
2022-11-20 23:00:00,1128.5,45.6666666666667,264.516666666667
2022-11-21 00:00:00,1131.16666666667,71.7166666666667,263.383333333333
2022-11-21 01:00:00,1146.33333333333,84.3666666666667,263.3
2022-11-21 02:00:00,,,
2022-11-21 03:00:00,1153.6,82.38,263.01
2022-11-21 04:00:00,1152.2,86.32,262.69
2022-11-21 05:00:00,,,
2022-11-21 06:00:00,1200.2,86.52,262.45
2022-11-21 07:00:00,1201.6,86.1,262.61
2022-11-21 08:00:00,1205.4,86.86,262.85
2022-11-21 09:00:00,,,
2022-11-21 10:00:00,1198.2,82.58,263.07
2022-11-21 11:00:00,1195.83333333333,81.2833333333334,263.35
2022-11-21 12:00:00,1191.6,76.68,263.45
2022-11-21 13:00:00,1189.8,59.32,263.95
2022-11-21 14:00:00,1187.66666666667,39.7333333333333,265.3
2022-11-21 15:00:00,1184.33333333333,38.8166666666667,265.9
2022-11-21 16:00:00,1184.2,41.94,266.23
2022-11-21 17:00:00,1183.83333333333,38.0166666666667,266.316666666667
2022-11-21 18:00:00,1186.5,27.3333333333333,267.283333333333
2022-11-21 19:00:00,1185.33333333333,31.9,267.85
2022-11-21 20:00:00,1182.66666666667,42.2666666666667,267.25
2022-11-21 21:00:00,1184.66666666667,49.6833333333333,266.95
2022-11-21 22:00:00,1184.5,53.4,266.533333333333
2022-11-21 23:00:00,1177.16666666667,67.7166666666667,266.0
2022-11-22 00:00:00,1164.0,79.7666666666667,265.85
2022-11-22 01:00:00,1145.83333333333,71.6833333333333,267.183333333333
2022-11-22 02:00:00,,,
2022-11-22 03:00:00,1118.5,80.5,266.55
2022-11-22 04:00:00,,,
2022-11-22 05:00:00,1123.33333333333,91.8166666666667,265.666666666667
2022-11-22 06:00:00,,,
2022-11-22 07:00:00,1132.0,91.2166666666667,265.683333333333
2022-11-22 08:00:00,1141.16666666667,89.9833333333334,265.35
2022-11-22 09:00:00,1188.2,89.34,264.99
2022-11-22 10:00:00,1211.16666666667,89.6166666666667,264.833333333333
2022-11-22 11:00:00,1233.16666666667,89.6,264.666666666667
2022-11-22 12:00:00,1249.0,88.9,264.31
2022-11-22 13:00:00,1260.16666666667,88.6,263.966666666667
2022-11-22 14:00:00,1281.66666666667,88.25,263.55
2022-11-22 15:00:00,1307.0,87.9166666666667,263.15
2022-11-22 16:00:00,1322.5,87.5333333333334,262.966666666667
2022-11-22 17:00:00,1338.0,87.05,262.616666666667
2022-11-22 18:00:00,1360.16666666667,84.8166666666667,262.25
2022-11-22 19:00:00,1358.16666666667,84.8833333333334,262.283333333333
2022-11-22 20:00:00,1365.66666666667,84.0833333333333,262.466666666667
2022-11-22 21:00:00,1351.66666666667,84.2,262.733333333333
2022-11-22 22:00:00,1389.0,83.0333333333334,262.85
2022-11-22 23:00:00,1388.16666666667,85.0166666666667,262.883333333333
2022-11-23 00:00:00,1376.33333333333,87.1166666666667,262.866666666667
2022-11-23 01:00:00,1407.33333333333,87.1666666666667,262.933333333333
2022-11-23 02:00:00,,,
2022-11-23 03:00:00,,,
2022-11-23 04:00:00,,,
2022-11-23 05:00:00,,,
2022-11-23 06:00:00,,,
2022-11-23 07:00:00,,,
2022-11-23 08:00:00,1380.33333333333,85.8833333333333,261.15
2022-11-23 09:00:00,1380.2,80.7,262.21
2022-11-23 10:00:00,1370.8,74.22,262.69
2022-11-23 11:00:00,1358.8,66.22,263.57
2022-11-23 12:00:00,,,
2022-11-23 13:00:00,,,
2022-11-23 14:00:00,1352.6,50.6,263.99
2022-11-23 15:00:00,,,
2022-11-23 16:00:00,,,
2022-11-23 17:00:00,,,
2022-11-23 18:00:00,,,
2022-11-23 19:00:00,,,
2022-11-23 20:00:00,,,
2022-11-23 21:00:00,1364.0,84.94,266.13
2022-11-23 22:00:00,,,
2022-11-23 23:00:00,,,
2022-11-24 00:00:00,1404.8,89.98,265.21
2022-11-24 01:00:00,,,
2022-11-24 02:00:00,1440.8,82.96,264.53
2022-11-24 03:00:00,,,
2022-11-24 04:00:00,,,
2022-11-24 05:00:00,,,
2022-11-24 06:00:00,,,
2022-11-24 07:00:00,,,
2022-11-24 08:00:00,,,
2022-11-24 09:00:00,,,
2022-11-24 10:00:00,1387.6,89.36,263.81
2022-11-24 11:00:00,1382.0,86.36,264.59
2022-11-24 12:00:00,,,
2022-11-24 13:00:00,1389.6,83.42,265.27
2022-11-24 14:00:00,1401.2,85.42,265.11
2022-11-24 15:00:00,1423.2,83.58,264.49
2022-11-24 16:00:00,1424.5,84.2666666666667,264.183333333333
2022-11-24 17:00:00,1436.4,81.38,263.97
2022-11-24 18:00:00,1420.2,74.56,263.79
2022-11-24 19:00:00,1414.16666666667,66.4333333333333,263.166666666667
2022-11-24 20:00:00,1409.6,46.28,263.65
2022-11-24 21:00:00,1402.33333333333,32.4,264.216666666667
2022-11-24 22:00:00,1395.83333333333,21.6333333333333,264.8
2022-11-24 23:00:00,1390.33333333333,18.6833333333333,265.4
2022-11-25 00:00:00,1392.16666666667,14.1666666666667,267.0
2022-11-25 01:00:00,1392.33333333333,14.4666666666667,267.416666666667
2022-11-25 02:00:00,1394.8,15.76,267.39
2022-11-25 03:00:00,1398.83333333333,16.9,268.066666666667
2022-11-25 04:00:00,1396.4,19.28,268.47
2022-11-25 05:00:00,1392.66666666667,18.75,268.45
2022-11-25 06:00:00,1388.0,20.88,268.39
2022-11-25 07:00:00,1385.83333333333,23.95,268.4
2022-11-25 08:00:00,1382.83333333333,24.6,267.9
2022-11-25 09:00:00,1385.66666666667,28.9,268.433333333333
2022-11-25 10:00:00,1378.66666666667,40.85,267.916666666667
2022-11-25 11:00:00,1366.16666666667,44.0333333333333,268.5
2022-11-25 12:00:00,1364.0,46.02,268.01
2022-11-25 13:00:00,1361.66666666667,35.1833333333333,266.8
2022-11-25 14:00:00,1365.83333333333,35.1833333333333,266.483333333333
2022-11-25 15:00:00,1370.2,39.1,266.23
2022-11-25 16:00:00,1373.66666666667,41.4333333333333,267.016666666667
2022-11-25 17:00:00,1381.83333333333,46.8833333333333,267.2
2022-11-25 18:00:00,1379.83333333333,45.3,266.5
2022-11-25 19:00:00,1380.83333333333,50.5666666666667,265.883333333333
2022-11-25 20:00:00,1382.66666666667,59.05,265.85
2022-11-25 21:00:00,1381.66666666667,69.6333333333334,265.766666666667
2022-11-25 22:00:00,1381.0,81.4333333333333,265.65
2022-11-25 23:00:00,1375.5,89.8166666666667,265.4
2022-11-26 00:00:00,1372.66666666667,90.1,265.15
2022-11-26 01:00:00,1395.0,88.4166666666667,264.833333333333
2022-11-26 02:00:00,,,
2022-11-26 03:00:00,,,
2022-11-26 04:00:00,,,
2022-11-26 05:00:00,,,
2022-11-26 06:00:00,,,
2022-11-26 07:00:00,,,
2022-11-26 08:00:00,1416.0,87.6,262.77
2022-11-26 09:00:00,,,
2022-11-26 10:00:00,,,
2022-11-26 11:00:00,1414.4,87.56,263.59
2022-11-26 12:00:00,,,
2022-11-26 13:00:00,,,
2022-11-26 14:00:00,,,
2022-11-26 15:00:00,,,
2022-11-26 16:00:00,,,
2022-11-26 17:00:00,,,
2022-11-26 18:00:00,1398.6,63.98,262.45
2022-11-26 19:00:00,,,
2022-11-26 20:00:00,,,
2022-11-26 21:00:00,,,
2022-11-26 22:00:00,,,
2022-11-26 23:00:00,,,
2022-11-27 00:00:00,1382.0,11.02,266.17
2022-11-27 01:00:00,1377.2,14.62,265.93
2022-11-27 02:00:00,,,
2022-11-27 03:00:00,,,
2022-11-27 04:00:00,,,
2022-11-27 05:00:00,,,
2022-11-27 06:00:00,,,
2022-11-27 07:00:00,,,
2022-11-27 08:00:00,1389.4,15.08,265.85
2022-11-27 09:00:00,,,
2022-11-27 10:00:00,,,
2022-11-27 11:00:00,,,
2022-11-27 12:00:00,1386.0,19.82,268.67
2022-11-27 13:00:00,1382.6,22.6,267.83
2022-11-27 14:00:00,1380.8,17.58,267.53
2022-11-27 15:00:00,1379.2,21.76,267.75
2022-11-27 16:00:00,1377.0,37.64,268.59
2022-11-27 17:00:00,1377.33333333333,37.5333333333333,268.566666666667
2022-11-27 18:00:00,1378.2,35.4,268.49
2022-11-27 19:00:00,1371.5,25.3833333333333,269.95
2022-11-27 20:00:00,1371.66666666667,22.8666666666667,270.016666666667
2022-11-27 21:00:00,1370.2,23.9,270.17
2022-11-27 22:00:00,1372.5,24.0333333333333,270.783333333333
2022-11-27 23:00:00,1373.0,25.35,271.166666666667
2022-11-28 00:00:00,1370.16666666667,25.5666666666667,270.983333333333
2022-11-28 01:00:00,1366.83333333333,25.5166666666667,271.1
2022-11-28 02:00:00,,,
2022-11-28 03:00:00,1370.2,35.08,270.47
2022-11-28 04:00:00,1371.83333333333,52.45,269.633333333333
2022-11-28 05:00:00,1370.6,62.58,269.07
2022-11-28 06:00:00,1361.33333333333,79.9333333333333,267.966666666667
2022-11-28 07:00:00,1365.33333333333,88.25,267.75
2022-11-28 08:00:00,1399.83333333333,91.3,267.983333333333
2022-11-28 09:00:00,1400.5,90.6,267.816666666667
2022-11-28 10:00:00,1402.66666666667,89.9333333333333,268.4
2022-11-28 11:00:00,1408.4,89.44,268.99
2022-11-28 12:00:00,1399.8,91.14,269.09
2022-11-28 13:00:00,1395.33333333333,92.0,268.983333333333
2022-11-28 14:00:00,1391.33333333333,91.2833333333334,269.366666666667
2022-11-28 15:00:00,1405.66666666667,91.55,268.6
2022-11-28 16:00:00,1411.66666666667,92.25,268.083333333333
2022-11-28 17:00:00,1413.16666666667,92.9666666666667,267.8
2022-11-28 18:00:00,1413.66666666667,92.8833333333333,267.366666666667
2022-11-28 19:00:00,1415.66666666667,92.8833333333333,267.4
2022-11-28 20:00:00,1415.33333333333,93.1,267.35
2022-11-28 21:00:00,1416.0,92.8,267.216666666667
2022-11-28 22:00:00,1421.83333333333,92.7666666666667,267.116666666667
2022-11-28 23:00:00,1421.5,92.9,266.983333333333
2022-11-29 00:00:00,1423.66666666667,93.0,266.916666666667
2022-11-29 01:00:00,1426.16666666667,92.9666666666667,266.933333333333
2022-11-29 02:00:00,,,
2022-11-29 03:00:00,,,
2022-11-29 04:00:00,,,
2022-11-29 05:00:00,,,
2022-11-29 06:00:00,1440.8,91.74,265.99
2022-11-29 07:00:00,,,
2022-11-29 08:00:00,,,
2022-11-29 09:00:00,1455.4,91.38,265.73
2022-11-29 10:00:00,,,
2022-11-29 11:00:00,1456.8,91.8,266.33
2022-11-29 12:00:00,,,
2022-11-29 13:00:00,,,
2022-11-29 14:00:00,,,
2022-11-29 15:00:00,,,
2022-11-29 16:00:00,,,
2022-11-29 17:00:00,,,
2022-11-29 18:00:00,1479.83333333333,90.8666666666667,265.35
2022-11-29 19:00:00,,,
2022-11-29 20:00:00,1471.6,90.58,265.19
2022-11-29 21:00:00,1462.33333333333,90.45,264.9
2022-11-29 22:00:00,1462.83333333333,90.4333333333333,264.866666666667
2022-11-29 23:00:00,,,
2022-11-30 00:00:00,1461.5,90.25,264.8
2022-11-30 01:00:00,1458.0,90.3,264.85
2022-11-30 02:00:00,,,
2022-11-30 03:00:00,,,
2022-11-30 04:00:00,,,
2022-11-30 05:00:00,,,
2022-11-30 06:00:00,,,
2022-11-30 07:00:00,,,
2022-11-30 08:00:00,,,
2022-11-30 09:00:00,,,
2022-11-30 10:00:00,,,
2022-11-30 11:00:00,1445.2,88.78,263.97
2022-11-30 12:00:00,1448.33333333333,88.0,263.416666666667
2022-11-30 13:00:00,1467.33333333333,88.0166666666667,263.866666666667
2022-11-30 14:00:00,1461.6,88.66,264.61
2022-11-30 15:00:00,1464.0,87.6,264.43
2022-11-30 16:00:00,1460.5,86.6166666666667,264.3
2022-11-30 17:00:00,1468.4,86.4,264.45
2022-11-30 18:00:00,1469.33333333333,75.05,264.783333333333
2022-11-30 19:00:00,1459.83333333333,77.7333333333333,263.683333333333
2022-11-30 20:00:00,1465.0,69.3833333333333,264.3
2022-11-30 21:00:00,1458.16666666667,78.0166666666667,264.466666666667
2022-11-30 22:00:00,1450.33333333333,85.6666666666667,264.066666666667
2022-11-30 23:00:00,1450.0,84.7166666666667,264.033333333333
2022-12-01 00:00:00,1448.66666666667,87.3833333333333,263.9
2022-12-01 01:00:00,1446.83333333333,90.0333333333333,263.9
2022-12-01 02:00:00,1445.4,90.22,264.07
2022-12-01 03:00:00,1446.0,89.9833333333333,264.166666666667
2022-12-01 04:00:00,1444.5,89.3333333333333,263.95
2022-12-01 05:00:00,1442.33333333333,89.6,263.916666666667
2022-12-01 06:00:00,1442.0,89.2166666666667,263.85
2022-12-01 07:00:00,1444.0,88.7,263.466666666667
2022-12-01 08:00:00,1444.83333333333,88.5166666666667,263.333333333333
2022-12-01 09:00:00,1441.0,88.6,263.466666666667
2022-12-01 10:00:00,1439.16666666667,89.25,264.016666666667
2022-12-01 11:00:00,1429.16666666667,88.4833333333333,265.133333333333
2022-12-01 12:00:00,1437.83333333333,83.8666666666667,264.8
2022-12-01 13:00:00,1436.0,83.2833333333334,264.766666666667
2022-12-01 14:00:00,,,
2022-12-01 15:00:00,1432.83333333333,56.6,265.933333333333
2022-12-01 16:00:00,1429.5,57.6833333333333,265.416666666667
2022-12-01 17:00:00,1429.66666666667,57.0666666666667,265.15
2022-12-01 18:00:00,1433.0,54.6166666666667,265.666666666667
2022-12-01 19:00:00,1432.16666666667,50.4333333333333,265.633333333333
2022-12-01 20:00:00,1432.0,44.5666666666667,266.3
2022-12-01 21:00:00,1431.33333333333,40.1833333333333,266.533333333333
2022-12-01 22:00:00,1432.5,39.1333333333333,266.316666666667
2022-12-01 23:00:00,1429.5,43.35,266.166666666667
2022-12-02 00:00:00,1429.83333333333,53.0,265.3
2022-12-02 01:00:00,1429.16666666667,63.65,264.983333333333
2022-12-02 02:00:00,,,
2022-12-02 03:00:00,1431.0,72.62,266.15
2022-12-02 04:00:00,1430.2,72.66,266.11
2022-12-02 05:00:00,,,
2022-12-02 06:00:00,,,
2022-12-02 07:00:00,,,
2022-12-02 08:00:00,,,
2022-12-02 09:00:00,1434.2,92.32,266.07
2022-12-02 10:00:00,1433.4,91.8,266.29
2022-12-02 11:00:00,,,
2022-12-02 12:00:00,,,
2022-12-02 13:00:00,1430.2,90.84,265.91
2022-12-02 14:00:00,,,
2022-12-02 15:00:00,,,
2022-12-02 16:00:00,,,
2022-12-02 17:00:00,1434.5,83.5166666666667,264.55
2022-12-02 18:00:00,1417.6,88.22,263.93
2022-12-02 19:00:00,1420.5,88.95,263.7
2022-12-02 20:00:00,,,
2022-12-02 21:00:00,,,
2022-12-02 22:00:00,1425.5,88.4333333333333,263.133333333333
2022-12-02 23:00:00,1425.5,87.8833333333333,262.783333333333
2022-12-03 00:00:00,1422.16666666667,85.3,262.466666666667
2022-12-03 01:00:00,1418.0,80.28,262.41
2022-12-03 02:00:00,,,
2022-12-03 03:00:00,1394.4,71.14,262.93
2022-12-03 04:00:00,,,
2022-12-03 05:00:00,,,
2022-12-03 06:00:00,,,
2022-12-03 07:00:00,,,
2022-12-03 08:00:00,,,
2022-12-03 09:00:00,,,
2022-12-03 10:00:00,1361.0,81.9,265.05
2022-12-03 11:00:00,,,
2022-12-03 12:00:00,,,
2022-12-03 13:00:00,1335.16666666667,91.7,266.5
2022-12-03 14:00:00,,,
2022-12-03 15:00:00,1394.33333333333,92.15,266.533333333333
2022-12-03 16:00:00,,,
2022-12-03 17:00:00,1404.66666666667,92.9,266.9
2022-12-03 18:00:00,1413.0,93.2166666666667,267.15
2022-12-03 19:00:00,1421.8,93.36,267.27
2022-12-03 20:00:00,1424.66666666667,93.5833333333333,267.45
2022-12-03 21:00:00,1426.0,93.45,267.366666666667
2022-12-03 22:00:00,1429.33333333333,93.85,267.583333333333
2022-12-03 23:00:00,1434.66666666667,94.0833333333333,267.75
2022-12-04 00:00:00,1434.16666666667,94.3,267.883333333333
2022-12-04 01:00:00,1426.5,94.5166666666667,268.083333333333
2022-12-04 02:00:00,1430.2,94.64,268.21
2022-12-04 03:00:00,,,
2022-12-04 04:00:00,1442.83333333333,94.3,267.95
2022-12-04 05:00:00,1438.83333333333,94.3666666666667,267.95
2022-12-04 06:00:00,1436.16666666667,94.3,267.933333333333
2022-12-04 07:00:00,1442.33333333333,94.15,267.816666666667
2022-12-04 08:00:00,1445.66666666667,94.1333333333333,267.766666666667
2022-12-04 09:00:00,1440.16666666667,94.4666666666667,268.016666666667
2022-12-04 10:00:00,1437.8,95.18,268.57
2022-12-04 11:00:00,1466.16666666667,95.6666666666667,269.133333333333
2022-12-04 12:00:00,1489.16666666667,95.9,269.633333333333
2022-12-04 13:00:00,1519.6,95.9,269.89
2022-12-04 14:00:00,1551.66666666667,95.9,269.883333333333
2022-12-04 15:00:00,1559.83333333333,95.8833333333333,269.6
2022-12-04 16:00:00,1568.83333333333,95.6833333333333,269.2
2022-12-04 17:00:00,1594.5,95.3166666666667,268.733333333333
2022-12-04 18:00:00,1598.16666666667,94.8333333333333,268.35
2022-12-04 19:00:00,1601.33333333333,94.2833333333333,267.933333333333
2022-12-04 20:00:00,1607.83333333333,93.65,267.283333333333
2022-12-04 21:00:00,1600.16666666667,93.6333333333334,267.3
2022-12-04 22:00:00,1597.83333333333,92.5166666666667,266.65
2022-12-04 23:00:00,1588.33333333333,91.9,266.2
2022-12-05 00:00:00,1575.16666666667,91.3,265.716666666667
2022-12-05 01:00:00,1584.33333333333,91.8666666666667,265.75
2022-12-05 02:00:00,,,
2022-12-05 03:00:00,1544.2,79.16,267.05
2022-12-05 04:00:00,1541.0,92.2,266.19
2022-12-05 05:00:00,,,
2022-12-05 06:00:00,,,
2022-12-05 07:00:00,1545.66666666667,92.2666666666667,266.733333333333
2022-12-05 08:00:00,1547.8,92.86,266.55
2022-12-05 09:00:00,1555.0,92.44,266.57
2022-12-05 10:00:00,1554.8,91.2,265.81
2022-12-05 11:00:00,,,
2022-12-05 12:00:00,1548.6,91.28,267.99
2022-12-05 13:00:00,,,
2022-12-05 14:00:00,,,
2022-12-05 15:00:00,1565.6,85.14,265.93
2022-12-05 16:00:00,,,
2022-12-05 17:00:00,,,
2022-12-05 18:00:00,1617.2,87.22,261.99
2022-12-05 19:00:00,,,
2022-12-05 20:00:00,1571.2,86.36,261.51
2022-12-05 21:00:00,1562.5,85.9166666666667,261.25
2022-12-05 22:00:00,1615.5,85.3833333333333,260.9
2022-12-05 23:00:00,1660.83333333333,83.7666666666667,260.216666666667
2022-12-06 00:00:00,1656.0,83.06,259.61
2022-12-06 01:00:00,1651.33333333333,83.4,259.85
2022-12-06 02:00:00,,,
2022-12-06 03:00:00,1636.4,82.5,259.03
2022-12-06 04:00:00,,,
2022-12-06 05:00:00,1627.6,83.14,260.01
2022-12-06 06:00:00,,,
2022-12-06 07:00:00,1617.8,78.14,259.95
2022-12-06 08:00:00,,,
2022-12-06 09:00:00,1601.8,69.34,262.31
2022-12-06 10:00:00,,,
2022-12-06 11:00:00,1606.5,60.05,264.633333333333
2022-12-06 12:00:00,1610.4,59.76,264.65
2022-12-06 13:00:00,1608.16666666667,65.8666666666667,264.0
2022-12-06 14:00:00,,,
2022-12-06 15:00:00,1620.0,79.0333333333334,265.683333333333
2022-12-06 16:00:00,1617.6,79.5,265.53
2022-12-06 17:00:00,1613.83333333333,81.2,264.866666666667
2022-12-06 18:00:00,1606.33333333333,81.2666666666667,264.15
2022-12-06 19:00:00,1610.33333333333,80.5166666666667,264.433333333333
2022-12-06 20:00:00,1600.83333333333,76.1833333333333,264.7
2022-12-06 21:00:00,1589.66666666667,78.05,264.066666666667
2022-12-06 22:00:00,1591.33333333333,83.5166666666667,263.516666666667
2022-12-06 23:00:00,1597.83333333333,79.6333333333334,264.3
2022-12-07 00:00:00,1592.0,76.0,264.316666666667
2022-12-07 01:00:00,1579.83333333333,73.9666666666667,264.45
2022-12-07 02:00:00,1577.6,75.1,264.21
2022-12-07 03:00:00,1573.2,73.8,263.83
2022-12-07 04:00:00,,,
2022-12-07 05:00:00,1569.0,80.28,263.07
2022-12-07 06:00:00,1571.2,81.82,262.69
2022-12-07 07:00:00,1568.66666666667,82.6666666666667,262.533333333333
2022-12-07 08:00:00,1567.83333333333,82.65,262.233333333333
2022-12-07 09:00:00,,,
2022-12-07 10:00:00,1551.83333333333,82.25,261.783333333333
2022-12-07 11:00:00,1551.6,84.68,262.03
2022-12-07 12:00:00,1549.2,83.94,261.89
2022-12-07 13:00:00,1548.5,67.2,262.2
2022-12-07 14:00:00,1545.33333333333,61.5833333333333,262.266666666667
2022-12-07 15:00:00,1546.5,50.5333333333334,262.683333333333
2022-12-07 16:00:00,1545.83333333333,47.15,262.65
2022-12-07 17:00:00,1540.83333333333,36.7833333333333,262.233333333333
2022-12-07 18:00:00,1541.83333333333,34.6,262.333333333333
2022-12-07 19:00:00,1544.16666666667,29.3333333333333,262.65
2022-12-07 20:00:00,1544.33333333333,30.4166666666667,263.4
2022-12-07 21:00:00,1543.83333333333,30.1666666666667,263.316666666667
2022-12-07 22:00:00,1542.0,26.8333333333333,263.583333333333
2022-12-07 23:00:00,1535.66666666667,23.7833333333333,263.4
2022-12-08 00:00:00,1537.83333333333,22.6,263.783333333333
2022-12-08 01:00:00,1536.16666666667,22.0,263.733333333333
2022-12-08 02:00:00,,,
2022-12-08 03:00:00,,,
2022-12-08 04:00:00,,,
2022-12-08 05:00:00,,,
2022-12-08 06:00:00,,,
2022-12-08 07:00:00,1540.0,30.3,263.49
2022-12-08 08:00:00,,,
2022-12-08 09:00:00,1537.0,23.14,263.83
2022-12-08 10:00:00,,,
2022-12-08 11:00:00,,,
2022-12-08 12:00:00,,,
2022-12-08 13:00:00,1524.2,32.64,264.07
2022-12-08 14:00:00,,,
2022-12-08 15:00:00,1522.8,35.18,264.17
2022-12-08 16:00:00,,,
2022-12-08 17:00:00,,,
2022-12-08 18:00:00,1530.5,33.3166666666667,264.45
2022-12-08 19:00:00,1530.4,36.62,264.33
2022-12-08 20:00:00,,,
2022-12-08 21:00:00,1523.2,36.52,264.05
2022-12-08 22:00:00,1522.0,37.4166666666667,263.883333333333
2022-12-08 23:00:00,1524.66666666667,41.7,263.716666666667
2022-12-09 00:00:00,1524.0,47.28,264.15
2022-12-09 01:00:00,1525.83333333333,51.05,264.616666666667
2022-12-09 02:00:00,,,
2022-12-09 03:00:00,,,
2022-12-09 04:00:00,,,
2022-12-09 05:00:00,1516.6,79.7,266.51
2022-12-09 06:00:00,,,
2022-12-09 07:00:00,1521.0,66.4,269.533333333333
2022-12-09 08:00:00,,,
2022-12-09 09:00:00,,,
2022-12-09 10:00:00,1526.33333333333,69.0833333333333,270.716666666667
2022-12-09 11:00:00,,,
2022-12-09 12:00:00,,,
2022-12-09 13:00:00,1515.6,73.58,270.29
2022-12-09 14:00:00,1514.8,71.76,270.69
2022-12-09 15:00:00,1505.83333333333,83.6,269.533333333333
2022-12-09 16:00:00,1505.0,91.06,268.15
2022-12-09 17:00:00,1515.5,92.3333333333333,268.55
2022-12-09 18:00:00,1527.83333333333,93.6,267.9
2022-12-09 19:00:00,1537.83333333333,94.15,268.566666666667
2022-12-09 20:00:00,1544.66666666667,93.4166666666667,268.616666666667
2022-12-09 21:00:00,1545.0,92.8,268.2
2022-12-09 22:00:00,1545.5,92.35,267.983333333333
2022-12-09 23:00:00,1545.33333333333,90.0333333333333,267.85
2022-12-10 00:00:00,1535.0,86.1833333333333,267.316666666667
2022-12-10 01:00:00,1538.5,81.7166666666667,267.266666666667
2022-12-10 02:00:00,1539.0,78.62,267.47
2022-12-10 03:00:00,1543.5,79.3833333333333,267.816666666667
2022-12-10 04:00:00,1543.2,81.16,267.99
2022-12-10 05:00:00,,,
2022-12-10 06:00:00,1537.66666666667,88.6833333333333,267.333333333333
2022-12-10 07:00:00,1534.8,93.28,266.59
2022-12-10 08:00:00,1535.0,92.72,266.45
2022-12-10 09:00:00,1536.6,92.7,266.37
2022-12-10 10:00:00,1531.6,91.12,265.57
2022-12-10 11:00:00,1525.33333333333,92.3166666666667,266.866666666667
2022-12-10 12:00:00,1520.66666666667,92.1333333333333,267.066666666667
2022-12-10 13:00:00,1515.66666666667,92.0,267.333333333333
2022-12-10 14:00:00,1514.83333333333,91.3,265.933333333333
2022-12-10 15:00:00,1504.33333333333,90.55,265.283333333333
2022-12-10 16:00:00,1489.83333333333,90.3666666666667,264.983333333333
2022-12-10 17:00:00,1509.0,90.05,264.633333333333
2022-12-10 18:00:00,1538.66666666667,88.65,263.65
2022-12-10 19:00:00,1536.83333333333,87.15,262.366666666667
2022-12-10 20:00:00,1539.83333333333,86.3333333333333,261.616666666667
2022-12-10 21:00:00,1537.0,85.6333333333333,261.1
2022-12-10 22:00:00,1538.16666666667,84.5166666666667,260.5
2022-12-10 23:00:00,1539.0,83.2,259.866666666667
2022-12-11 00:00:00,1539.0,82.8166666666667,259.5
2022-12-11 01:00:00,1539.0,82.3833333333333,259.083333333333
2022-12-11 02:00:00,,,
2022-12-11 03:00:00,,,
2022-12-11 04:00:00,,,
2022-12-11 05:00:00,,,
2022-12-11 06:00:00,,,
2022-12-11 07:00:00,,,
2022-12-11 08:00:00,,,
2022-12-11 09:00:00,1541.2,78.84,255.55
2022-12-11 10:00:00,,,
2022-12-11 11:00:00,,,
2022-12-11 12:00:00,,,
2022-12-11 13:00:00,,,
2022-12-11 14:00:00,,,
2022-12-11 15:00:00,,,
2022-12-11 16:00:00,1570.8,76.1,253.17
2022-12-11 17:00:00,,,
2022-12-11 18:00:00,,,
2022-12-11 19:00:00,1568.4,75.4,252.59
2022-12-11 20:00:00,,,
2022-12-11 21:00:00,1571.2,75.34,251.77
2022-12-11 22:00:00,1565.33333333333,74.9333333333333,251.966666666667
2022-12-11 23:00:00,,,
2022-12-12 00:00:00,1555.5,75.3,251.883333333333
2022-12-12 01:00:00,1564.2,74.48,251.21
2022-12-12 02:00:00,,,
2022-12-12 03:00:00,1570.6,74.44,250.91
2022-12-12 04:00:00,,,
2022-12-12 05:00:00,,,
2022-12-12 06:00:00,,,
2022-12-12 07:00:00,,,
2022-12-12 08:00:00,1553.6,76.02,254.51
2022-12-12 09:00:00,,,
2022-12-12 10:00:00,,,
2022-12-12 11:00:00,1542.4,69.88,255.77
2022-12-12 12:00:00,1551.4,70.72,255.11
2022-12-12 13:00:00,1559.33333333333,71.35,254.866666666667
2022-12-12 14:00:00,1569.16666666667,71.9,255.25
2022-12-12 15:00:00,1566.16666666667,71.7833333333334,255.416666666667
2022-12-12 16:00:00,1568.0,71.25,255.216666666667
2022-12-12 17:00:00,1565.5,73.1166666666667,254.333333333333
2022-12-12 18:00:00,1562.66666666667,73.2666666666667,253.9
2022-12-12 19:00:00,1560.83333333333,70.65,253.833333333333
2022-12-12 20:00:00,1557.83333333333,68.9,254.083333333333
2022-12-12 21:00:00,1558.16666666667,66.7833333333334,254.033333333333
2022-12-12 22:00:00,1558.66666666667,62.1333333333333,254.25
2022-12-12 23:00:00,1561.0,57.0,254.733333333333
2022-12-13 00:00:00,1557.5,58.8,255.433333333333
2022-12-13 01:00:00,1554.5,47.9,256.166666666667
2022-12-13 02:00:00,,,
2022-12-13 03:00:00,1553.4,35.62,256.41
2022-12-13 04:00:00,1557.0,33.56,257.49
2022-12-13 05:00:00,,,
2022-12-13 06:00:00,1551.0,36.4666666666667,258.383333333333
2022-12-13 07:00:00,1549.16666666667,38.4333333333333,259.2
2022-12-13 08:00:00,1555.0,50.95,260.233333333333
2022-12-13 09:00:00,1548.33333333333,67.8333333333333,261.333333333333
2022-12-13 10:00:00,1540.16666666667,76.4,261.85
2022-12-13 11:00:00,1541.83333333333,75.1833333333333,263.05
2022-12-13 12:00:00,1543.8,75.06,264.15
2022-12-13 13:00:00,1541.83333333333,79.1833333333333,264.75
2022-12-13 14:00:00,1540.83333333333,81.85,265.066666666667
2022-12-13 15:00:00,1544.5,83.75,265.333333333333
2022-12-13 16:00:00,1537.33333333333,85.55,265.466666666667
2022-12-13 17:00:00,1555.16666666667,86.45,265.533333333333
2022-12-13 18:00:00,1560.16666666667,86.6333333333333,265.866666666667
2022-12-13 19:00:00,1557.33333333333,87.1666666666667,266.3
2022-12-13 20:00:00,1540.5,89.8333333333333,266.55
2022-12-13 21:00:00,1532.5,88.8666666666667,267.066666666667
2022-12-13 22:00:00,1531.83333333333,85.3666666666667,267.4
2022-12-13 23:00:00,1533.33333333333,83.7666666666667,267.533333333333
2022-12-14 00:00:00,1529.66666666667,79.2833333333333,267.866666666667
2022-12-14 01:00:00,1523.83333333333,76.05,268.066666666667
2022-12-14 02:00:00,,,
2022-12-14 03:00:00,,,
2022-12-14 04:00:00,1525.2,75.4,268.23
2022-12-14 05:00:00,,,
2022-12-14 06:00:00,1521.6,71.26,268.09
2022-12-14 07:00:00,,,
2022-12-14 08:00:00,,,
2022-12-14 09:00:00,1521.6,68.3,268.03
2022-12-14 10:00:00,1517.4,68.2,268.55
2022-12-14 11:00:00,,,
2022-12-14 12:00:00,1513.4,67.74,269.59
2022-12-14 13:00:00,,,
2022-12-14 14:00:00,1514.8,61.32,270.01
2022-12-14 15:00:00,1513.0,59.14,269.67
2022-12-14 16:00:00,1510.33333333333,60.9333333333333,269.483333333333
2022-12-14 17:00:00,1514.6,65.22,269.25
2022-12-14 18:00:00,,,
2022-12-14 19:00:00,,,
2022-12-14 20:00:00,1512.83333333333,69.2666666666667,268.65
2022-12-14 21:00:00,1504.83333333333,76.8666666666667,268.066666666667
2022-12-14 22:00:00,1505.5,75.2166666666667,267.983333333333
2022-12-14 23:00:00,1504.83333333333,72.0,268.183333333333
2022-12-15 00:00:00,1505.16666666667,71.8166666666667,268.333333333333
2022-12-15 01:00:00,1506.5,69.7333333333333,268.833333333333
2022-12-15 02:00:00,1507.83333333333,69.6166666666667,269.2
2022-12-15 03:00:00,1506.5,70.4666666666667,269.1
2022-12-15 04:00:00,1504.16666666667,67.6833333333333,268.583333333333
2022-12-15 05:00:00,1498.33333333333,64.35,268.166666666667
2022-12-15 06:00:00,1497.5,63.75,267.9
2022-12-15 07:00:00,1494.33333333333,60.0666666666667,268.133333333333
2022-12-15 08:00:00,1496.5,48.05,268.65
2022-12-15 09:00:00,1490.66666666667,35.7333333333333,269.35
2022-12-15 10:00:00,1485.5,33.7166666666667,269.516666666667
2022-12-15 11:00:00,1487.33333333333,25.75,270.666666666667
2022-12-15 12:00:00,1483.0,26.05,271.35
2022-12-15 13:00:00,1485.66666666667,24.75,271.633333333333
2022-12-15 14:00:00,1485.33333333333,22.5166666666667,271.733333333333
2022-12-15 15:00:00,1492.33333333333,26.5333333333333,271.733333333333
2022-12-15 16:00:00,1488.0,43.4333333333333,270.766666666667
2022-12-15 17:00:00,1488.5,60.4,269.433333333333
2022-12-15 18:00:00,1488.5,81.0833333333333,267.65
2022-12-15 19:00:00,1494.83333333333,92.2666666666667,266.45
2022-12-15 20:00:00,1480.5,91.9833333333333,266.233333333333
2022-12-15 21:00:00,1510.33333333333,92.2,267.416666666667
2022-12-15 22:00:00,1501.66666666667,80.5666666666667,269.35
2022-12-15 23:00:00,1493.5,87.7333333333333,268.366666666667
2022-12-16 00:00:00,1510.33333333333,93.9833333333333,267.833333333333
2022-12-16 01:00:00,1533.66666666667,88.4666666666667,268.85
2022-12-16 02:00:00,1515.66666666667,77.75,270.066666666667
2022-12-16 03:00:00,1500.0,80.1333333333333,269.866666666667
2022-12-16 04:00:00,1494.0,82.5166666666667,269.683333333333
2022-12-16 05:00:00,1493.66666666667,86.8833333333333,269.166666666667
2022-12-16 06:00:00,1493.66666666667,85.3666666666667,269.183333333333
2022-12-16 07:00:00,1494.0,82.6333333333333,269.1
2022-12-16 08:00:00,1494.0,80.2833333333333,269.083333333333
2022-12-16 09:00:00,1490.16666666667,83.9166666666667,268.833333333333
2022-12-16 10:00:00,1486.83333333333,86.1,268.933333333333
2022-12-16 11:00:00,1480.83333333333,88.5666666666667,268.983333333333
2022-12-16 12:00:00,1469.66666666667,91.4833333333334,268.25
2022-12-16 13:00:00,1496.83333333333,92.9666666666667,267.616666666667
2022-12-16 14:00:00,1508.5,92.2833333333333,267.216666666667
2022-12-16 15:00:00,1508.33333333333,92.2666666666667,266.7
2022-12-16 16:00:00,1515.66666666667,91.75,266.183333333333
2022-12-16 17:00:00,1515.66666666667,91.4333333333333,265.85
2022-12-16 18:00:00,1536.5,91.3166666666667,265.733333333333
2022-12-16 19:00:00,1560.0,91.1333333333334,265.6
2022-12-16 20:00:00,1541.33333333333,90.9,265.45
2022-12-16 21:00:00,1554.33333333333,90.5,265.116666666667
2022-12-16 22:00:00,1549.5,90.4,265.016666666667
2022-12-16 23:00:00,1544.83333333333,90.6666666666667,265.15
2022-12-17 00:00:00,1547.16666666667,90.2833333333333,265.016666666667
2022-12-17 01:00:00,1530.5,89.6333333333334,264.5
2022-12-17 02:00:00,1520.66666666667,89.0333333333333,264.033333333333
2022-12-17 03:00:00,1546.66666666667,88.4166666666667,263.45
2022-12-17 04:00:00,1550.33333333333,87.75,262.9
2022-12-17 05:00:00,1533.0,86.9166666666667,262.133333333333
2022-12-17 06:00:00,1521.5,85.6666666666667,261.366666666667
2022-12-17 07:00:00,1528.16666666667,82.25,259.183333333333
2022-12-17 08:00:00,1538.8,81.02,257.79
2022-12-17 09:00:00,,,
2022-12-17 10:00:00,,,
2022-12-17 11:00:00,,,
2022-12-17 12:00:00,,,
2022-12-17 13:00:00,1538.8,10.56,262.17
2022-12-17 14:00:00,,,
2022-12-17 15:00:00,,,
2022-12-17 16:00:00,1544.0,10.86,262.35
2022-12-17 17:00:00,1544.4,11.64,262.19
2022-12-17 18:00:00,,,
2022-12-17 19:00:00,1547.0,11.28,262.55
2022-12-17 20:00:00,1543.66666666667,10.7333333333333,262.583333333333
2022-12-17 21:00:00,,,
2022-12-17 22:00:00,1543.5,12.45,262.833333333333
2022-12-17 23:00:00,1539.33333333333,13.55,263.116666666667
2022-12-18 00:00:00,1548.5,16.8666666666667,263.283333333333
2022-12-18 01:00:00,1549.0,21.1166666666667,263.8
2022-12-18 02:00:00,,,
2022-12-18 03:00:00,,,
2022-12-18 04:00:00,,,
2022-12-18 05:00:00,1538.4,20.84,263.67
2022-12-18 06:00:00,,,
2022-12-18 07:00:00,,,
2022-12-18 08:00:00,,,
2022-12-18 09:00:00,,,
2022-12-18 10:00:00,,,
2022-12-18 11:00:00,1526.2,6.82,267.09
2022-12-18 12:00:00,1526.33333333333,7.1,267.233333333333
2022-12-18 13:00:00,1528.4,6.92,267.63
2022-12-18 14:00:00,1528.4,6.62,267.91
2022-12-18 15:00:00,,,
2022-12-18 16:00:00,1528.0,5.95,268.783333333333
2022-12-18 17:00:00,1527.16666666667,5.68333333333333,268.916666666667
2022-12-18 18:00:00,1526.16666666667,6.26666666666667,268.7
2022-12-18 19:00:00,1525.16666666667,6.21666666666667,269.3
2022-12-18 20:00:00,1526.16666666667,7.76666666666667,269.333333333333
2022-12-18 21:00:00,1525.33333333333,8.6,269.5
2022-12-18 22:00:00,1523.0,10.4166666666667,269.983333333333
2022-12-18 23:00:00,1526.5,17.2333333333333,270.516666666667
2022-12-19 00:00:00,1520.5,20.1166666666667,270.683333333333
2022-12-19 01:00:00,1519.83333333333,16.95,271.133333333333
2022-12-19 02:00:00,1520.4,16.84,271.61
2022-12-19 03:00:00,,,
2022-12-19 04:00:00,1505.66666666667,23.9666666666667,272.2
2022-12-19 05:00:00,1504.8,29.46,271.99
2022-12-19 06:00:00,1510.2,37.06,271.79
2022-12-19 07:00:00,1514.0,48.7,272.216666666667
2022-12-19 08:00:00,1510.8,52.4,272.33
2022-12-19 09:00:00,1519.33333333333,64.4166666666667,272.85
2022-12-19 10:00:00,1522.0,74.9833333333333,273.166666666667
2022-12-19 11:00:00,1521.33333333333,86.05,273.483333333333
2022-12-19 12:00:00,,,
2022-12-19 13:00:00,1516.0,88.4666666666667,274.7
2022-12-19 14:00:00,1516.0,77.4,274.833333333333
2022-12-19 15:00:00,1511.16666666667,72.3166666666667,275.016666666667
2022-12-19 16:00:00,1513.8,67.06,275.35
2022-12-19 17:00:00,1514.83333333333,61.7666666666667,275.566666666667
2022-12-19 18:00:00,1511.66666666667,58.0,275.616666666667
2022-12-19 19:00:00,1512.5,56.95,275.7
2022-12-19 20:00:00,1512.0,57.0333333333333,275.733333333333
2022-12-19 21:00:00,1515.66666666667,55.9,275.983333333333
2022-12-19 22:00:00,1511.66666666667,53.8833333333333,276.15
2022-12-19 23:00:00,1514.33333333333,53.6666666666667,276.0
2022-12-20 00:00:00,1518.0,43.4666666666667,276.566666666667
2022-12-20 01:00:00,1511.16666666667,35.9666666666667,276.6
2022-12-20 02:00:00,,,
2022-12-20 03:00:00,,,
2022-12-20 04:00:00,,,
2022-12-20 05:00:00,,,
2022-12-20 06:00:00,,,
2022-12-20 07:00:00,,,
2022-12-20 08:00:00,,,
2022-12-20 09:00:00,1503.33333333333,28.05,276.616666666667
2022-12-20 10:00:00,1502.2,28.96,276.41
2022-12-20 11:00:00,1499.2,29.3,276.53
2022-12-20 12:00:00,1498.2,30.46,276.51
2022-12-20 13:00:00,,,
2022-12-20 14:00:00,,,
2022-12-20 15:00:00,1497.6,34.42,275.95
2022-12-20 16:00:00,1497.6,34.64,275.17
2022-12-20 17:00:00,1501.2,41.72,274.99
2022-12-20 18:00:00,,,
2022-12-20 19:00:00,,,
2022-12-20 20:00:00,1505.4,47.48,275.89
2022-12-20 21:00:00,1508.2,49.18,276.25
2022-12-20 22:00:00,1507.2,48.84,275.91
2022-12-20 23:00:00,1508.6,46.04,276.61
2022-12-21 00:00:00,,,
2022-12-21 01:00:00,1504.16666666667,50.25,276.366666666667
2022-12-21 02:00:00,1501.2,49.98,276.29
2022-12-21 03:00:00,,,
2022-12-21 04:00:00,1497.4,52.54,275.81
2022-12-21 05:00:00,,,
2022-12-21 06:00:00,,,
2022-12-21 07:00:00,,,
2022-12-21 08:00:00,,,
2022-12-21 09:00:00,1492.0,83.68,271.75
2022-12-21 10:00:00,1486.8,81.84,271.67
2022-12-21 11:00:00,,,
2022-12-21 12:00:00,,,
2022-12-21 13:00:00,,,
2022-12-21 14:00:00,1485.2,85.4,271.15
2022-12-21 15:00:00,,,
2022-12-21 16:00:00,,,
2022-12-21 17:00:00,1493.8,90.0,270.19
2022-12-21 18:00:00,,,
2022-12-21 19:00:00,1494.0,85.04,270.23
2022-12-21 20:00:00,1495.83333333333,80.3,270.45
2022-12-21 21:00:00,1493.33333333333,75.9666666666667,270.45
2022-12-21 22:00:00,1491.6,82.68,269.83
2022-12-21 23:00:00,1494.66666666667,74.5333333333333,270.366666666667
2022-12-22 00:00:00,1491.33333333333,73.4,270.083333333333
2022-12-22 01:00:00,1491.83333333333,65.4666666666667,270.3
2022-12-22 02:00:00,,,
2022-12-22 03:00:00,,,
2022-12-22 04:00:00,,,
2022-12-22 05:00:00,1494.4,68.46,270.17
2022-12-22 06:00:00,1492.5,66.1833333333333,270.166666666667
2022-12-22 07:00:00,1490.5,66.1333333333333,270.066666666667
2022-12-22 08:00:00,1489.0,62.54,269.73
2022-12-22 09:00:00,1488.6,54.2,269.97
2022-12-22 10:00:00,1480.8,55.82,269.23
2022-12-22 11:00:00,1476.2,54.8,269.63
2022-12-22 12:00:00,1479.2,60.64,269.03
2022-12-22 13:00:00,1478.8,53.88,269.19
2022-12-22 14:00:00,1473.66666666667,53.6,269.0
2022-12-22 15:00:00,1474.16666666667,58.8,268.683333333333
2022-12-22 16:00:00,1475.83333333333,63.8666666666667,268.35
2022-12-22 17:00:00,1478.66666666667,64.1166666666667,268.166666666667
2022-12-22 18:00:00,1475.33333333333,61.8833333333333,267.8
2022-12-22 19:00:00,1474.33333333333,56.25,267.65
2022-12-22 20:00:00,1479.83333333333,54.2166666666667,267.916666666667
2022-12-22 21:00:00,1478.66666666667,58.0666666666667,268.7
2022-12-22 22:00:00,1477.33333333333,70.3,268.816666666667
2022-12-22 23:00:00,1477.5,74.0166666666667,269.116666666667
2022-12-23 00:00:00,1476.83333333333,75.3333333333333,269.633333333333
2022-12-23 01:00:00,1479.33333333333,89.3166666666667,269.366666666667
2022-12-23 02:00:00,1486.33333333333,92.0,269.816666666667
2022-12-23 03:00:00,1493.33333333333,91.8,270.133333333333
2022-12-23 04:00:00,1488.6,92.56,270.45
2022-12-23 05:00:00,1489.33333333333,94.2,270.466666666667
2022-12-23 06:00:00,1523.0,94.7833333333334,270.5
2022-12-23 07:00:00,1536.16666666667,94.1333333333333,270.516666666667
2022-12-23 08:00:00,1558.5,95.5166666666667,270.433333333333
2022-12-23 09:00:00,1593.5,94.95,270.583333333333
2022-12-23 10:00:00,1601.16666666667,94.6666666666667,270.9
2022-12-23 11:00:00,1598.5,93.9166666666667,271.25
2022-12-23 12:00:00,1603.66666666667,94.9,271.333333333333
2022-12-23 13:00:00,1612.83333333333,95.0,271.416666666667
2022-12-23 14:00:00,1621.0,95.1333333333333,271.833333333333
2022-12-23 15:00:00,1615.33333333333,95.8833333333333,271.983333333333
2022-12-23 16:00:00,1630.0,96.0,271.916666666667
2022-12-23 17:00:00,1638.16666666667,96.05,271.916666666667
2022-12-23 18:00:00,1646.33333333333,96.0166666666667,271.8
2022-12-23 19:00:00,1647.0,95.5166666666667,271.6
2022-12-23 20:00:00,1643.33333333333,95.4666666666667,271.533333333333
2022-12-23 21:00:00,1636.83333333333,95.85,271.5
2022-12-23 22:00:00,1638.0,95.9,270.766666666667
2022-12-23 23:00:00,1643.5,95.9,270.6
2022-12-24 00:00:00,1662.83333333333,95.8333333333334,270.116666666667
2022-12-24 01:00:00,1672.0,93.2666666666667,269.066666666667
2022-12-24 02:00:00,,,
2022-12-24 03:00:00,,,
2022-12-24 04:00:00,,,
2022-12-24 05:00:00,1722.6,94.82,268.83
2022-12-24 06:00:00,,,
2022-12-24 07:00:00,,,
2022-12-24 08:00:00,,,
2022-12-24 09:00:00,,,
2022-12-24 10:00:00,1735.6,94.26,268.41
2022-12-24 11:00:00,1734.4,92.98,268.57
2022-12-24 12:00:00,,,
2022-12-24 13:00:00,,,
2022-12-24 14:00:00,,,
2022-12-24 15:00:00,1722.2,94.48,270.13
2022-12-24 16:00:00,1721.0,94.46,270.23
2022-12-24 17:00:00,,,
2022-12-24 18:00:00,,,
2022-12-24 19:00:00,1722.16666666667,95.7,270.466666666667
2022-12-24 20:00:00,1720.8,95.72,270.63
2022-12-24 21:00:00,1718.4,95.76,270.83
2022-12-24 22:00:00,1716.6,95.74,270.97
2022-12-24 23:00:00,1714.5,94.3833333333333,271.116666666667
2022-12-25 00:00:00,1710.83333333333,95.0,271.2
2022-12-25 01:00:00,1700.16666666667,95.65,271.183333333333
2022-12-25 02:00:00,,,
2022-12-25 03:00:00,,,
2022-12-25 04:00:00,,,
2022-12-25 05:00:00,1705.6,76.66,271.39
2022-12-25 06:00:00,1703.0,72.16,271.65
2022-12-25 07:00:00,,,
2022-12-25 08:00:00,,,
2022-12-25 09:00:00,,,
2022-12-25 10:00:00,1696.0,48.38,273.61
2022-12-25 11:00:00,1689.4,41.4,274.13
2022-12-25 12:00:00,,,
2022-12-25 13:00:00,1680.0,39.0,273.99
2022-12-25 14:00:00,1682.16666666667,36.8833333333333,274.283333333333
2022-12-25 15:00:00,1680.2,36.64,274.23
2022-12-25 16:00:00,1680.6,33.76,274.51
2022-12-25 17:00:00,1681.66666666667,33.4166666666667,274.35
2022-12-25 18:00:00,1683.0,31.98,274.53
2022-12-25 19:00:00,1682.5,32.7166666666667,274.366666666667
2022-12-25 20:00:00,1682.2,29.08,274.65
2022-12-25 21:00:00,1682.16666666667,27.5833333333333,274.9
2022-12-25 22:00:00,1678.5,28.1,274.95
2022-12-25 23:00:00,1679.0,29.75,274.283333333333
2022-12-26 00:00:00,1680.0,28.4,274.566666666667
2022-12-26 01:00:00,1678.66666666667,28.3666666666667,274.466666666667
2022-12-26 02:00:00,,,
2022-12-26 03:00:00,1675.16666666667,30.85,274.25
2022-12-26 04:00:00,1676.0,31.8,273.81
2022-12-26 05:00:00,1672.6,32.22,273.41
2022-12-26 06:00:00,1670.33333333333,33.35,273.216666666667
2022-12-26 07:00:00,1672.5,34.6,273.116666666667
2022-12-26 08:00:00,1671.66666666667,34.2666666666667,273.2
2022-12-26 09:00:00,1674.16666666667,34.0333333333333,273.433333333333
2022-12-26 10:00:00,1671.33333333333,37.0833333333333,273.35
2022-12-26 11:00:00,1667.66666666667,39.2666666666667,273.066666666667
2022-12-26 12:00:00,1668.0,38.7833333333333,273.166666666667
2022-12-26 13:00:00,1668.33333333333,40.2833333333333,273.283333333333
2022-12-26 14:00:00,1668.6,44.64,272.87
2022-12-26 15:00:00,1669.83333333333,48.4166666666667,272.65
2022-12-26 16:00:00,1669.33333333333,52.6166666666667,272.266666666667
2022-12-26 17:00:00,1669.5,56.0333333333333,272.2
2022-12-26 18:00:00,1669.16666666667,60.1,271.833333333333
2022-12-26 19:00:00,1669.33333333333,62.1,271.6
2022-12-26 20:00:00,1667.83333333333,74.1,270.466666666667
2022-12-26 21:00:00,1668.33333333333,94.0833333333333,268.1
2022-12-26 22:00:00,1678.0,92.0666666666667,267.7
2022-12-26 23:00:00,1705.0,92.3833333333333,267.3
2022-12-27 00:00:00,1714.0,89.5833333333333,267.4
2022-12-27 01:00:00,1697.16666666667,85.8,267.55
2022-12-27 02:00:00,,,
2022-12-27 03:00:00,,,
2022-12-27 04:00:00,,,
2022-12-27 05:00:00,,,
2022-12-27 06:00:00,1690.4,90.84,266.15
2022-12-27 07:00:00,1717.2,90.92,265.75
2022-12-27 08:00:00,,,
2022-12-27 09:00:00,,,
2022-12-27 10:00:00,,,
2022-12-27 11:00:00,1718.4,82.16,264.75
2022-12-27 12:00:00,,,
2022-12-27 13:00:00,,,
2022-12-27 14:00:00,,,
2022-12-27 15:00:00,1712.2,63.6,263.65
2022-12-27 16:00:00,1713.8,46.62,264.17
2022-12-27 17:00:00,,,
2022-12-27 18:00:00,,,
2022-12-27 19:00:00,1714.6,32.58,264.53
2022-12-27 20:00:00,1711.0,21.8,265.37
2022-12-27 21:00:00,1704.16666666667,14.0666666666667,266.016666666667
2022-12-27 22:00:00,1700.0,12.7333333333333,266.066666666667
2022-12-27 23:00:00,1696.5,18.7833333333333,265.366666666667
2022-12-28 00:00:00,1696.8,21.14,265.37
2022-12-28 01:00:00,1696.66666666667,18.8666666666667,265.85
2022-12-28 02:00:00,,,
2022-12-28 03:00:00,1695.6,13.78,266.03
2022-12-28 04:00:00,,,
2022-12-28 05:00:00,,,
2022-12-28 06:00:00,1696.8,40.76,267.95
2022-12-28 07:00:00,1693.4,54.12,268.03
2022-12-28 08:00:00,,,
2022-12-28 09:00:00,,,
2022-12-28 10:00:00,1682.5,60.5,268.216666666667
2022-12-28 11:00:00,1676.4,54.72,268.67
2022-12-28 12:00:00,1675.0,53.02,268.63
2022-12-28 13:00:00,1678.16666666667,52.7833333333333,268.533333333333
2022-12-28 14:00:00,1680.16666666667,56.8166666666667,269.133333333333
2022-12-28 15:00:00,,,
2022-12-28 16:00:00,1672.8,54.52,270.27
2022-12-28 17:00:00,,,
2022-12-28 18:00:00,1671.16666666667,49.7,270.283333333333
2022-12-28 19:00:00,1667.0,50.8333333333333,270.416666666667
2022-12-28 20:00:00,1667.66666666667,48.1166666666667,271.116666666667
2022-12-28 21:00:00,1667.83333333333,42.1833333333333,271.533333333333
2022-12-28 22:00:00,1667.33333333333,34.1166666666667,271.816666666667
2022-12-28 23:00:00,1665.16666666667,33.6166666666667,271.6
2022-12-29 00:00:00,1663.33333333333,30.2833333333333,270.566666666667
2022-12-29 01:00:00,1666.33333333333,23.4833333333333,270.483333333333
2022-12-29 02:00:00,1662.2,17.8,270.35
2022-12-29 03:00:00,,,
2022-12-29 04:00:00,1659.16666666667,20.8166666666667,269.283333333333
2022-12-29 05:00:00,1657.8,20.28,269.25
2022-12-29 06:00:00,1655.33333333333,19.65,269.383333333333
2022-12-29 07:00:00,1661.16666666667,19.7166666666667,269.8
2022-12-29 08:00:00,1660.66666666667,18.85,270.7
2022-12-29 09:00:00,1658.66666666667,20.9666666666667,270.45
2022-12-29 10:00:00,1659.0,26.36,270.47
2022-12-29 11:00:00,1648.83333333333,33.5,270.5
2022-12-29 12:00:00,1646.83333333333,31.7166666666667,270.55
2022-12-29 13:00:00,1647.16666666667,35.1333333333333,270.066666666667
2022-12-29 14:00:00,1650.33333333333,38.2666666666667,268.7
2022-12-29 15:00:00,1654.0,47.4333333333333,268.6
2022-12-29 16:00:00,1653.66666666667,53.1,268.55
2022-12-29 17:00:00,1654.5,53.1833333333333,268.9
2022-12-29 18:00:00,1656.66666666667,54.1833333333333,268.916666666667
2022-12-29 19:00:00,1656.66666666667,56.2833333333333,268.783333333333
2022-12-29 20:00:00,1659.0,54.8166666666667,268.966666666667
2022-12-29 21:00:00,1656.16666666667,52.7166666666667,268.866666666667
2022-12-29 22:00:00,1657.33333333333,55.8,268.683333333333
2022-12-29 23:00:00,1656.83333333333,61.4,268.2
2022-12-30 00:00:00,1656.83333333333,63.95,268.166666666667
2022-12-30 01:00:00,1656.5,66.8666666666667,268.166666666667
2022-12-30 02:00:00,,,
2022-12-30 03:00:00,,,
2022-12-30 04:00:00,,,
2022-12-30 05:00:00,,,
2022-12-30 06:00:00,,,
2022-12-30 07:00:00,,,
2022-12-30 08:00:00,,,
2022-12-30 09:00:00,,,
2022-12-30 10:00:00,1652.33333333333,72.55,268.266666666667
2022-12-30 11:00:00,1647.8,71.98,268.75
2022-12-30 12:00:00,,,
2022-12-30 13:00:00,1648.8,67.82,268.59
2022-12-30 14:00:00,1649.6,53.76,268.75
2022-12-30 15:00:00,,,
2022-12-30 16:00:00,,,
2022-12-30 17:00:00,1647.4,48.36,269.79
2022-12-30 18:00:00,,,
2022-12-30 19:00:00,1653.33333333333,88.3833333333333,269.916666666667
2022-12-30 20:00:00,1659.6,85.92,270.61
2022-12-30 21:00:00,,,
2022-12-30 22:00:00,1653.4,78.68,271.25
2022-12-30 23:00:00,1651.5,83.7333333333333,271.4
2022-12-31 00:00:00,1650.33333333333,83.7166666666667,271.983333333333
2022-12-31 01:00:00,1650.0,83.7,272.2
2022-12-31 02:00:00,1650.4,83.5,272.47
2022-12-31 03:00:00,,,
2022-12-31 04:00:00,1649.0,85.9,272.47
2022-12-31 05:00:00,,,
2022-12-31 06:00:00,1646.4,77.66,271.95
2022-12-31 07:00:00,,,
2022-12-31 08:00:00,,,
2022-12-31 09:00:00,,,
2022-12-31 10:00:00,1645.0,71.28,273.59
2022-12-31 11:00:00,1643.2,67.2,273.83
2022-12-31 12:00:00,,,
2022-12-31 13:00:00,1636.0,51.98,274.87
2022-12-31 14:00:00,1634.2,48.6,275.17
2022-12-31 15:00:00,,,
2022-12-31 16:00:00,1635.16666666667,42.6,275.633333333333
2022-12-31 17:00:00,1634.6,37.34,275.95
2022-12-31 18:00:00,1631.16666666667,33.1333333333333,276.316666666667
2022-12-31 19:00:00,1628.5,35.6333333333333,275.783333333333
2022-12-31 20:00:00,1625.16666666667,37.6,275.533333333333
2022-12-31 21:00:00,1628.16666666667,41.1333333333333,275.566666666667
2022-12-31 22:00:00,1624.5,38.3333333333333,275.633333333333
2022-12-31 23:00:00,1624.5,40.5166666666667,275.45
2023-01-01 00:00:00,1627.5,46.0333333333333,275.283333333333
2023-01-01 01:00:00,1626.33333333333,46.65,275.316666666667
2023-01-01 02:00:00,,,
2023-01-01 03:00:00,,,
2023-01-01 04:00:00,,,
2023-01-01 05:00:00,1624.4,56.38,274.17
2023-01-01 06:00:00,1625.2,63.02,273.81
2023-01-01 07:00:00,,,
2023-01-01 08:00:00,1624.5,67.2333333333333,273.35
2023-01-01 09:00:00,1622.0,64.22,273.67
2023-01-01 10:00:00,1623.66666666667,58.0833333333333,274.35
2023-01-01 11:00:00,,,
2023-01-01 12:00:00,1612.0,46.9,274.766666666667
2023-01-01 13:00:00,1614.8,42.78,274.73
2023-01-01 14:00:00,1615.4,41.22,274.77
2023-01-01 15:00:00,1618.66666666667,31.9833333333333,275.416666666667
2023-01-01 16:00:00,1619.6,29.2,275.55
2023-01-01 17:00:00,1619.83333333333,27.7833333333333,275.316666666667
2023-01-01 18:00:00,1619.33333333333,27.9833333333333,275.183333333333
2023-01-01 19:00:00,1619.5,29.25,274.9
2023-01-01 20:00:00,1619.66666666667,33.4666666666667,274.3
2023-01-01 21:00:00,1618.33333333333,35.85,274.0
2023-01-01 22:00:00,1615.33333333333,36.5333333333333,273.716666666667
2023-01-01 23:00:00,1612.83333333333,37.9666666666667,273.483333333333
2023-01-02 00:00:00,1614.0,38.7833333333333,273.25
2023-01-02 01:00:00,1612.83333333333,36.9666666666667,273.233333333333
2023-01-02 02:00:00,1615.8,36.06,273.31
2023-01-02 03:00:00,,,
2023-01-02 04:00:00,,,
2023-01-02 05:00:00,,,
2023-01-02 06:00:00,1611.0,32.2,272.47
2023-01-02 07:00:00,,,
2023-01-02 08:00:00,,,
2023-01-02 09:00:00,,,
2023-01-02 10:00:00,1608.2,35.06,272.69
2023-01-02 11:00:00,1603.0,34.88,272.49
2023-01-02 12:00:00,,,
2023-01-02 13:00:00,,,
2023-01-02 14:00:00,1605.0,41.44,272.33
2023-01-02 15:00:00,,,
2023-01-02 16:00:00,,,
2023-01-02 17:00:00,1608.83333333333,47.2333333333333,271.966666666667
2023-01-02 18:00:00,1610.0,46.54,271.67
2023-01-02 19:00:00,,,
2023-01-02 20:00:00,1608.16666666667,52.1833333333333,270.866666666667
2023-01-02 21:00:00,1606.2,50.98,270.91
2023-01-02 22:00:00,1610.16666666667,52.1,270.3
2023-01-02 23:00:00,1607.66666666667,50.3833333333333,270.283333333333
2023-01-03 00:00:00,1608.16666666667,56.0166666666667,270.266666666667
2023-01-03 01:00:00,1602.66666666667,59.6333333333333,269.45
2023-01-03 02:00:00,,,
2023-01-03 03:00:00,1601.0,73.46,268.43
2023-01-03 04:00:00,1600.4,81.54,268.27
2023-01-03 05:00:00,,,
2023-01-03 06:00:00,,,
2023-01-03 07:00:00,,,
2023-01-03 08:00:00,1606.2,84.96,269.09
2023-01-03 09:00:00,1604.2,81.12,269.27
2023-01-03 10:00:00,,,
2023-01-03 11:00:00,1597.33333333333,79.7666666666667,270.25
2023-01-03 12:00:00,1588.2,76.16,270.97
2023-01-03 13:00:00,1579.4,77.2,271.43
2023-01-03 14:00:00,1594.83333333333,87.45,270.15
2023-01-03 15:00:00,1593.8,86.72,270.05
2023-01-03 16:00:00,1603.8,91.5,269.43
2023-01-03 17:00:00,1584.5,94.8,269.0
2023-01-03 18:00:00,1627.33333333333,94.6166666666667,268.65
2023-01-03 19:00:00,1642.83333333333,94.8,268.516666666667
2023-01-03 20:00:00,1658.33333333333,92.5666666666667,268.366666666667
2023-01-03 21:00:00,1663.0,91.65,268.033333333333
2023-01-03 22:00:00,1659.83333333333,90.4333333333333,267.75
2023-01-03 23:00:00,1652.33333333333,87.6333333333333,266.9
2023-01-04 00:00:00,1647.83333333333,85.2333333333333,266.416666666667
2023-01-04 01:00:00,1645.16666666667,72.3833333333333,266.55
2023-01-04 02:00:00,1639.8,53.14,266.97
2023-01-04 03:00:00,1637.6,31.84,267.47
2023-01-04 04:00:00,1638.83333333333,16.6833333333333,268.216666666667
2023-01-04 05:00:00,1639.33333333333,17.6833333333333,267.8
2023-01-04 06:00:00,1642.0,18.55,267.4
2023-01-04 07:00:00,1650.0,18.9833333333333,267.966666666667
2023-01-04 08:00:00,1645.33333333333,20.2333333333333,267.766666666667
2023-01-04 09:00:00,1646.16666666667,21.25,267.933333333333
2023-01-04 10:00:00,1643.6,26.32,268.25
2023-01-04 11:00:00,1639.16666666667,33.5,268.95
2023-01-04 12:00:00,1640.33333333333,41.5,269.433333333333
2023-01-04 13:00:00,1643.33333333333,47.4166666666667,269.983333333333
2023-01-04 14:00:00,1644.33333333333,55.6333333333333,270.016666666667
2023-01-04 15:00:00,1642.33333333333,63.3833333333333,270.183333333333
2023-01-04 16:00:00,1644.66666666667,67.3,270.083333333333
2023-01-04 17:00:00,1650.16666666667,70.0,269.866666666667
2023-01-04 18:00:00,1650.83333333333,73.1666666666667,269.816666666667
2023-01-04 19:00:00,1646.83333333333,71.15,269.883333333333
2023-01-04 20:00:00,1649.33333333333,60.8833333333333,269.916666666667
2023-01-04 21:00:00,1644.66666666667,51.4333333333333,270.383333333333
2023-01-04 22:00:00,1644.0,53.3333333333333,270.016666666667
2023-01-04 23:00:00,1645.66666666667,55.5166666666667,269.766666666667
2023-01-05 00:00:00,1646.33333333333,62.3666666666667,270.016666666667
2023-01-05 01:00:00,1650.33333333333,71.9833333333333,270.0
2023-01-05 02:00:00,,,
2023-01-05 03:00:00,,,
2023-01-05 04:00:00,,,
2023-01-05 05:00:00,,,
2023-01-05 06:00:00,,,
2023-01-05 07:00:00,,,
2023-01-05 08:00:00,1647.2,92.54,270.71
2023-01-05 09:00:00,,,
2023-01-05 10:00:00,,,
2023-01-05 11:00:00,,,
2023-01-05 12:00:00,,,
2023-01-05 13:00:00,1617.6,76.48,269.69
2023-01-05 14:00:00,,,
2023-01-05 15:00:00,,,
2023-01-05 16:00:00,,,
2023-01-05 17:00:00,,,
2023-01-05 18:00:00,,,
2023-01-05 19:00:00,,,
2023-01-05 20:00:00,1670.0,85.76,267.77
2023-01-05 21:00:00,,,
2023-01-05 22:00:00,1658.5,93.3166666666667,267.2
2023-01-05 23:00:00,1664.0,77.14,267.57
2023-01-06 00:00:00,1648.83333333333,47.0166666666667,268.5
2023-01-06 01:00:00,1648.0,41.22,269.35
2023-01-06 02:00:00,,,
2023-01-06 03:00:00,,,
2023-01-06 04:00:00,1640.6,27.32,269.69
2023-01-06 05:00:00,,,
2023-01-06 06:00:00,,,
2023-01-06 07:00:00,1635.0,26.7,270.51
2023-01-06 08:00:00,,,
2023-01-06 09:00:00,,,
2023-01-06 10:00:00,,,
2023-01-06 11:00:00,,,
2023-01-06 12:00:00,,,
2023-01-06 13:00:00,,,
2023-01-06 14:00:00,1634.8,22.18,272.45
2023-01-06 15:00:00,,,
2023-01-06 16:00:00,1640.2,22.42,271.97
2023-01-06 17:00:00,1639.6,22.18,271.65
2023-01-06 18:00:00,1642.0,22.5333333333333,271.666666666667
2023-01-06 19:00:00,1644.8,23.26,271.77
2023-01-06 20:00:00,1642.83333333333,23.2333333333333,271.933333333333
2023-01-06 21:00:00,1640.83333333333,21.4333333333333,272.216666666667
2023-01-06 22:00:00,1640.16666666667,20.3666666666667,272.283333333333
2023-01-06 23:00:00,1635.5,21.0333333333333,272.016666666667
2023-01-07 00:00:00,1632.33333333333,22.15,271.616666666667
2023-01-07 01:00:00,1630.5,21.7333333333333,271.75
2023-01-07 02:00:00,,,
2023-01-07 03:00:00,1635.6,18.54,271.97
2023-01-07 04:00:00,,,
2023-01-07 05:00:00,1628.33333333333,19.2833333333333,271.65
2023-01-07 06:00:00,,,
2023-01-07 07:00:00,1635.4,20.16,271.45
2023-01-07 08:00:00,1629.66666666667,17.6333333333333,272.033333333333
2023-01-07 09:00:00,,,
2023-01-07 10:00:00,1626.8,14.92,272.71
2023-01-07 11:00:00,1626.2,16.1,272.89
2023-01-07 12:00:00,1622.6,23.08,272.43
2023-01-07 13:00:00,1631.66666666667,28.6666666666667,272.25
2023-01-07 14:00:00,1628.66666666667,33.4166666666667,271.966666666667
2023-01-07 15:00:00,1638.33333333333,36.3833333333333,271.866666666667
2023-01-07 16:00:00,1632.66666666667,38.5,271.416666666667
2023-01-07 17:00:00,1632.66666666667,34.25,271.433333333333
2023-01-07 18:00:00,1627.66666666667,29.7333333333333,271.483333333333
2023-01-07 19:00:00,1625.66666666667,26.3166666666667,271.866666666667
2023-01-07 20:00:00,1626.66666666667,23.7166666666667,271.666666666667
2023-01-07 21:00:00,1621.66666666667,20.6333333333333,271.25
2023-01-07 22:00:00,1631.5,17.7666666666667,271.9
2023-01-07 23:00:00,1638.16666666667,16.0833333333333,272.316666666667
2023-01-08 00:00:00,1637.5,13.1333333333333,272.8
2023-01-08 01:00:00,1631.66666666667,13.2833333333333,272.333333333333
2023-01-08 02:00:00,,,
2023-01-08 03:00:00,,,
2023-01-08 04:00:00,1633.4,10.68,272.85
2023-01-08 05:00:00,,,
2023-01-08 06:00:00,,,
2023-01-08 07:00:00,,,
2023-01-08 08:00:00,1609.6,29.6,270.53
2023-01-08 09:00:00,,,
2023-01-08 10:00:00,,,
2023-01-08 11:00:00,,,
2023-01-08 12:00:00,,,
2023-01-08 13:00:00,,,
2023-01-08 14:00:00,,,
2023-01-08 15:00:00,,,
2023-01-08 16:00:00,1615.4,67.92,269.69
2023-01-08 17:00:00,,,
2023-01-08 18:00:00,,,
2023-01-08 19:00:00,1620.4,66.94,270.33
2023-01-08 20:00:00,,,
2023-01-08 21:00:00,1616.16666666667,83.15,268.75
2023-01-08 22:00:00,1619.4,86.82,267.99
2023-01-08 23:00:00,1626.6,86.24,267.87
2023-01-09 00:00:00,1636.5,85.6166666666667,267.85
2023-01-09 01:00:00,1646.4,77.42,268.51
2023-01-09 02:00:00,,,
2023-01-09 03:00:00,,,
2023-01-09 04:00:00,,,
2023-01-09 05:00:00,,,
2023-01-09 06:00:00,1609.6,80.68,267.13
2023-01-09 07:00:00,1606.0,90.86,266.33
2023-01-09 08:00:00,,,
2023-01-09 09:00:00,,,
2023-01-09 10:00:00,,,
2023-01-09 11:00:00,1684.8,84.28,263.27
2023-01-09 12:00:00,,,
2023-01-09 13:00:00,,,
2023-01-09 14:00:00,1698.6,85.5,262.23
2023-01-09 15:00:00,,,
2023-01-09 16:00:00,1717.0,84.7333333333333,262.166666666667
2023-01-09 17:00:00,1726.33333333333,86.2,262.1
2023-01-09 18:00:00,1722.66666666667,86.7166666666667,262.116666666667
2023-01-09 19:00:00,1732.16666666667,85.05,261.483333333333
2023-01-09 20:00:00,1733.83333333333,81.3666666666667,261.1
2023-01-09 21:00:00,1732.66666666667,83.0166666666667,261.116666666667
2023-01-09 22:00:00,1738.83333333333,84.9,261.166666666667
2023-01-09 23:00:00,1731.83333333333,85.15,261.2
2023-01-10 00:00:00,1750.66666666667,84.35,261.416666666667
2023-01-10 01:00:00,1764.16666666667,83.85,261.466666666667
2023-01-10 02:00:00,1781.66666666667,82.9833333333333,261.466666666667
2023-01-10 03:00:00,1771.5,82.7833333333333,261.316666666667
2023-01-10 04:00:00,1829.0,83.75,261.483333333333
2023-01-10 05:00:00,1878.16666666667,83.3833333333334,261.6
2023-01-10 06:00:00,1842.0,81.5166666666667,261.5
2023-01-10 07:00:00,1802.0,79.85,261.45
2023-01-10 08:00:00,1796.33333333333,81.2,261.566666666667
2023-01-10 09:00:00,1764.0,82.4166666666667,261.5
2023-01-10 10:00:00,1809.33333333333,81.6,261.45
2023-01-10 11:00:00,1819.8,81.96,261.35
2023-01-10 12:00:00,1843.16666666667,84.4166666666667,260.866666666667
2023-01-10 13:00:00,1916.66666666667,81.2166666666667,260.85
2023-01-10 14:00:00,1907.66666666667,78.5666666666667,260.483333333333
2023-01-10 15:00:00,1896.83333333333,71.8,260.416666666667
2023-01-10 16:00:00,1894.16666666667,71.1166666666667,260.4
2023-01-10 17:00:00,1887.5,54.45,260.883333333333
2023-01-10 18:00:00,1879.5,28.6666666666667,261.983333333333
2023-01-10 19:00:00,1881.16666666667,27.25,262.083333333333
2023-01-10 20:00:00,1882.33333333333,22.0333333333333,262.866666666667
2023-01-10 21:00:00,1881.0,23.0666666666667,263.233333333333
2023-01-10 22:00:00,1881.0,19.1666666666667,263.783333333333
2023-01-10 23:00:00,1879.33333333333,26.6166666666667,265.266666666667
2023-01-11 00:00:00,1879.33333333333,50.75,265.85
2023-01-11 01:00:00,1877.5,82.4,267.1
2023-01-11 02:00:00,,,
2023-01-11 03:00:00,,,
2023-01-11 04:00:00,,,
2023-01-11 05:00:00,,,
2023-01-11 06:00:00,,,
2023-01-11 07:00:00,,,
2023-01-11 08:00:00,,,
2023-01-11 09:00:00,,,
2023-01-11 10:00:00,,,
2023-01-11 11:00:00,,,
2023-01-11 12:00:00,,,
2023-01-11 13:00:00,1838.4,36.9,270.85
2023-01-11 14:00:00,1836.6,45.4,270.75
2023-01-11 15:00:00,,,
2023-01-11 16:00:00,,,
2023-01-11 17:00:00,,,
2023-01-11 18:00:00,1836.6,84.9,268.05
2023-01-11 19:00:00,,,
2023-01-11 20:00:00,,,
2023-01-11 21:00:00,,,
2023-01-11 22:00:00,1911.16666666667,90.0,265.916666666667
2023-01-11 23:00:00,1912.0,91.45,265.85
2023-01-12 00:00:00,1941.33333333333,89.25,265.433333333333
2023-01-12 01:00:00,1938.5,90.4166666666667,265.283333333333
2023-01-12 02:00:00,1930.33333333333,90.4666666666667,265.1
2023-01-12 03:00:00,1953.83333333333,89.85,264.633333333333
2023-01-12 04:00:00,1968.0,88.4833333333333,263.583333333333
2023-01-12 05:00:00,1950.83333333333,87.2333333333333,262.783333333333
2023-01-12 06:00:00,1948.83333333333,81.1833333333333,262.35
2023-01-12 07:00:00,1937.83333333333,66.0,262.4
2023-01-12 08:00:00,1939.0,59.0,263.716666666667
2023-01-12 09:00:00,1934.0,60.2666666666667,263.816666666667
2023-01-12 10:00:00,1931.66666666667,58.3166666666667,264.183333333333
2023-01-12 11:00:00,1931.66666666667,56.0,265.583333333333
2023-01-12 12:00:00,1931.33333333333,56.1333333333333,266.716666666667
2023-01-12 13:00:00,1938.33333333333,53.9,267.05
2023-01-12 14:00:00,1930.83333333333,47.75,267.633333333333
2023-01-12 15:00:00,1922.83333333333,44.75,268.283333333333
2023-01-12 16:00:00,1926.33333333333,37.8,268.4
2023-01-12 17:00:00,1933.83333333333,38.8166666666667,268.283333333333
2023-01-12 18:00:00,1934.33333333333,37.9666666666667,268.566666666667
2023-01-12 19:00:00,1921.16666666667,28.9833333333333,268.95
2023-01-12 20:00:00,1914.0,29.2666666666667,269.383333333333
2023-01-12 21:00:00,1911.83333333333,29.1833333333333,269.716666666667
2023-01-12 22:00:00,1917.0,25.6333333333333,269.916666666667
2023-01-12 23:00:00,1909.16666666667,25.1333333333333,269.866666666667
2023-01-13 00:00:00,1909.16666666667,29.8,269.716666666667
2023-01-13 01:00:00,1908.16666666667,33.45,269.65
2023-01-13 02:00:00,1905.33333333333,33.9833333333333,269.333333333333
2023-01-13 03:00:00,1895.33333333333,39.7333333333333,268.933333333333
2023-01-13 04:00:00,1882.33333333333,40.6666666666667,269.016666666667
2023-01-13 05:00:00,1874.66666666667,38.5833333333333,269.066666666667
2023-01-13 06:00:00,1871.16666666667,37.9666666666667,269.033333333333
2023-01-13 07:00:00,1865.5,41.9333333333333,268.5
2023-01-13 08:00:00,1861.83333333333,41.9166666666667,268.533333333333
2023-01-13 09:00:00,1852.16666666667,50.95,268.683333333333
2023-01-13 10:00:00,1846.5,70.5,267.883333333333
2023-01-13 11:00:00,1843.2,76.02,267.85
2023-01-13 12:00:00,1844.0,65.5333333333333,268.083333333333
2023-01-13 13:00:00,1843.33333333333,63.5,267.8
2023-01-13 14:00:00,1836.0,61.85,268.116666666667
2023-01-13 15:00:00,1835.66666666667,76.7333333333333,267.283333333333
2023-01-13 16:00:00,1840.5,73.85,267.05
2023-01-13 17:00:00,1838.33333333333,83.1333333333333,266.366666666667
2023-01-13 18:00:00,1849.0,90.4333333333333,265.8
2023-01-13 19:00:00,1866.0,90.1333333333333,265.283333333333
2023-01-13 20:00:00,1871.66666666667,84.2833333333334,264.533333333333
2023-01-13 21:00:00,1876.0,80.05,264.166666666667
2023-01-13 22:00:00,1879.5,83.7833333333334,263.933333333333
2023-01-13 23:00:00,1856.66666666667,86.4833333333334,263.75
2023-01-14 00:00:00,1894.66666666667,87.5666666666667,263.483333333333
2023-01-14 01:00:00,1898.33333333333,85.3166666666667,263.1
2023-01-14 02:00:00,,,
2023-01-14 03:00:00,,,
2023-01-14 04:00:00,,,
2023-01-14 05:00:00,,,
2023-01-14 06:00:00,1913.8,80.38,261.71
2023-01-14 07:00:00,,,
2023-01-14 08:00:00,,,
2023-01-14 09:00:00,,,
2023-01-14 10:00:00,,,
2023-01-14 11:00:00,1900.4,43.96,266.51
2023-01-14 12:00:00,,,
2023-01-14 13:00:00,,,
2023-01-14 14:00:00,1895.0,57.1,268.73
2023-01-14 15:00:00,1892.6,43.72,268.77
2023-01-14 16:00:00,1893.4,40.84,268.63
2023-01-14 17:00:00,1888.5,46.0166666666667,268.55
2023-01-14 18:00:00,1873.0,50.3666666666667,268.383333333333
2023-01-14 19:00:00,1874.33333333333,48.4,268.8
2023-01-14 20:00:00,1865.0,44.3,269.03
2023-01-14 21:00:00,1849.16666666667,45.9,269.366666666667
2023-01-14 22:00:00,1832.83333333333,52.9166666666667,269.433333333333
2023-01-14 23:00:00,1833.0,61.3666666666667,270.183333333333
2023-01-15 00:00:00,1829.16666666667,63.9166666666667,270.316666666667
2023-01-15 01:00:00,,,
2023-01-15 02:00:00,,,
2023-01-15 03:00:00,,,
2023-01-15 04:00:00,,,
2023-01-15 05:00:00,,,
2023-01-15 06:00:00,1831.0,70.6666666666667,272.4
2023-01-15 07:00:00,1828.4,66.74,272.23
2023-01-15 08:00:00,,,
2023-01-15 09:00:00,,,
2023-01-15 10:00:00,,,
2023-01-15 11:00:00,,,
2023-01-15 12:00:00,1803.0,70.0,271.01
2023-01-15 13:00:00,1804.2,70.3,270.43
2023-01-15 14:00:00,1791.0,69.54,270.33
2023-01-15 15:00:00,1790.83333333333,72.1166666666667,269.316666666667
2023-01-15 16:00:00,1790.5,82.4666666666667,267.283333333333
2023-01-15 17:00:00,,,
2023-01-15 18:00:00,1821.8,87.84,263.23
2023-01-15 19:00:00,,,
2023-01-15 20:00:00,1819.33333333333,86.4166666666666,262.116666666667
2023-01-15 21:00:00,1835.83333333333,86.1,261.833333333333
2023-01-15 22:00:00,1877.16666666667,84.3166666666667,260.65
2023-01-15 23:00:00,1873.8,77.74,260.31
2023-01-16 00:00:00,1865.8,52.96,260.47
2023-01-16 01:00:00,1852.33333333333,32.7333333333333,260.016666666667
2023-01-16 02:00:00,,,
2023-01-16 03:00:00,1846.4,22.48,261.25
2023-01-16 04:00:00,,,
2023-01-16 05:00:00,1843.4,33.22,260.65
2023-01-16 06:00:00,1848.4,29.56,261.81
2023-01-16 07:00:00,,,
2023-01-16 08:00:00,,,
2023-01-16 09:00:00,,,
2023-01-16 10:00:00,,,
2023-01-16 11:00:00,,,
2023-01-16 12:00:00,1810.4,59.54,261.85
2023-01-16 13:00:00,1811.8,64.86,261.51
2023-01-16 14:00:00,1810.4,64.46,262.03
2023-01-16 15:00:00,1809.0,62.2,262.39
2023-01-16 16:00:00,1803.0,62.42,262.53
2023-01-16 17:00:00,,,
2023-01-16 18:00:00,1791.16666666667,66.2,262.2
2023-01-16 19:00:00,1785.2,67.16,261.69
2023-01-16 20:00:00,1785.66666666667,68.2833333333333,261.4
2023-01-16 21:00:00,1787.5,53.7166666666667,261.366666666667
2023-01-16 22:00:00,1788.83333333333,56.3666666666667,261.333333333333
2023-01-16 23:00:00,1787.5,70.2,260.583333333333
2023-01-17 00:00:00,1788.66666666667,64.5833333333333,260.25
2023-01-17 01:00:00,1781.66666666667,59.5333333333333,259.466666666667
2023-01-17 02:00:00,,,
2023-01-17 03:00:00,1787.6,56.76,259.91
2023-01-17 04:00:00,,,
2023-01-17 05:00:00,,,
2023-01-17 06:00:00,,,
2023-01-17 07:00:00,,,
2023-01-17 08:00:00,,,
2023-01-17 09:00:00,,,
2023-01-17 10:00:00,,,
2023-01-17 11:00:00,,,
2023-01-17 12:00:00,1781.4,68.16,260.33
2023-01-17 13:00:00,,,
2023-01-17 14:00:00,,,
2023-01-17 15:00:00,,,
2023-01-17 16:00:00,,,
2023-01-17 17:00:00,,,
2023-01-17 18:00:00,,,
2023-01-17 19:00:00,,,
2023-01-17 20:00:00,1795.8,80.96,262.01
2023-01-17 21:00:00,,,
2023-01-17 22:00:00,1800.0,79.46,261.23
2023-01-17 23:00:00,1799.8,79.62,261.07
2023-01-18 00:00:00,1805.66666666667,72.4,260.416666666667
2023-01-18 01:00:00,1804.4,70.64,260.03
2023-01-18 02:00:00,,,
2023-01-18 03:00:00,,,
2023-01-18 04:00:00,,,
2023-01-18 05:00:00,1798.2,54.12,259.43
2023-01-18 06:00:00,1795.8,54.92,259.21
2023-01-18 07:00:00,,,
2023-01-18 08:00:00,1805.0,65.14,259.19
2023-01-18 09:00:00,1801.2,71.24,259.05
2023-01-18 10:00:00,1796.8,66.56,259.05
2023-01-18 11:00:00,,,
2023-01-18 12:00:00,1781.4,69.18,258.95
2023-01-18 13:00:00,,,
2023-01-18 14:00:00,1781.2,69.5,258.73
2023-01-18 15:00:00,1787.16666666667,71.3833333333333,258.9
2023-01-18 16:00:00,1787.4,69.34,258.93
2023-01-18 17:00:00,1785.16666666667,70.8833333333334,258.283333333333
2023-01-18 18:00:00,,,
2023-01-18 19:00:00,1794.0,80.8666666666667,258.0
2023-01-18 20:00:00,1799.66666666667,80.4833333333333,258.033333333333
2023-01-18 21:00:00,1802.5,79.75,257.9
2023-01-18 22:00:00,1800.83333333333,80.6333333333333,257.95
2023-01-18 23:00:00,1802.33333333333,81.0166666666667,258.25
2023-01-19 00:00:00,1806.5,80.75,258.1
2023-01-19 01:00:00,1807.0,80.55,257.966666666667
2023-01-19 02:00:00,,,
2023-01-19 03:00:00,1816.4,79.68,257.23
2023-01-19 04:00:00,1821.6,79.3,256.85
2023-01-19 05:00:00,1822.2,78.86,256.37
2023-01-19 06:00:00,1825.33333333333,78.8,256.15
2023-01-19 07:00:00,1826.6,78.68,256.03
2023-01-19 08:00:00,1823.16666666667,78.4,255.883333333333
2023-01-19 09:00:00,1823.5,78.2833333333334,255.7
2023-01-19 10:00:00,1815.83333333333,78.6166666666667,256.216666666667
2023-01-19 11:00:00,1810.5,78.55,256.383333333333
2023-01-19 12:00:00,1804.6,79.22,256.93
2023-01-19 13:00:00,1799.33333333333,79.6166666666667,258.05
2023-01-19 14:00:00,1796.5,79.4,258.183333333333
2023-01-19 15:00:00,1801.0,79.1333333333333,257.45
2023-01-19 16:00:00,1812.0,77.7333333333334,255.833333333333
2023-01-19 17:00:00,1820.5,78.2666666666667,255.666666666667
2023-01-19 18:00:00,1821.16666666667,78.15,255.733333333333
2023-01-19 19:00:00,1814.83333333333,77.8333333333333,255.466666666667
2023-01-19 20:00:00,1820.0,77.7666666666667,255.316666666667
2023-01-19 21:00:00,1822.0,77.1666666666667,254.75
2023-01-19 22:00:00,1824.0,78.4333333333333,255.333333333333
2023-01-19 23:00:00,1824.66666666667,78.6,255.983333333333
2023-01-20 00:00:00,1823.66666666667,78.5333333333334,256.116666666667
2023-01-20 01:00:00,1822.83333333333,78.7333333333333,256.45
2023-01-20 02:00:00,,,
2023-01-20 03:00:00,1813.2,78.34,255.81
2023-01-20 04:00:00,,,
2023-01-20 05:00:00,,,
2023-01-20 06:00:00,,,
2023-01-20 07:00:00,,,
2023-01-20 08:00:00,1802.66666666667,76.35,254.133333333333
2023-01-20 09:00:00,,,
2023-01-20 10:00:00,1808.4,78.12,256.01
2023-01-20 11:00:00,,,
2023-01-20 12:00:00,,,
2023-01-20 13:00:00,,,
2023-01-20 14:00:00,,,
2023-01-20 15:00:00,,,
2023-01-20 16:00:00,,,
2023-01-20 17:00:00,,,
2023-01-20 18:00:00,,,
2023-01-20 19:00:00,1814.6,77.72,255.05
2023-01-20 20:00:00,1816.5,77.6,254.95
2023-01-20 21:00:00,1820.0,77.54,254.83
2023-01-20 22:00:00,,,
2023-01-20 23:00:00,1826.2,77.88,255.11
2023-01-21 00:00:00,1832.2,77.84,255.07
2023-01-21 01:00:00,1826.5,77.6833333333333,254.95
2023-01-21 02:00:00,,,
2023-01-21 03:00:00,,,
2023-01-21 04:00:00,,,
2023-01-21 05:00:00,,,
2023-01-21 06:00:00,,,
2023-01-21 07:00:00,1882.0,77.84,255.11
2023-01-21 08:00:00,,,
2023-01-21 09:00:00,,,
2023-01-21 10:00:00,1940.6,77.98,255.57
2023-01-21 11:00:00,,,
2023-01-21 12:00:00,,,
2023-01-21 13:00:00,,,
2023-01-21 14:00:00,,,
2023-01-21 15:00:00,1916.0,81.14,259.01
2023-01-21 16:00:00,1919.0,80.08,258.43
2023-01-21 17:00:00,1926.8,80.32,258.03
2023-01-21 18:00:00,1929.66666666667,79.8833333333333,257.533333333333
2023-01-21 19:00:00,1933.5,79.9333333333333,257.416666666667
2023-01-21 20:00:00,1935.33333333333,80.05,257.583333333333
2023-01-21 21:00:00,1939.16666666667,80.0166666666667,257.583333333333
2023-01-21 22:00:00,1938.66666666667,79.9833333333333,257.433333333333
2023-01-21 23:00:00,1937.5,79.8666666666667,257.35
2023-01-22 00:00:00,1940.5,79.85,257.35
2023-01-22 01:00:00,1940.33333333333,79.7,257.316666666667
2023-01-22 02:00:00,1940.6,79.54,257.19
2023-01-22 03:00:00,,,
2023-01-22 04:00:00,1942.2,79.44,257.17
2023-01-22 05:00:00,1947.33333333333,79.1833333333333,256.883333333333
2023-01-22 06:00:00,,,
2023-01-22 07:00:00,1944.4,79.66,257.23
2023-01-22 08:00:00,1940.8,79.64,257.29
2023-01-22 09:00:00,1939.8,80.14,257.55
2023-01-22 10:00:00,1940.33333333333,81.4833333333333,258.883333333333
2023-01-22 11:00:00,1929.6,84.24,261.11
2023-01-22 12:00:00,1918.8,83.82,261.79
2023-01-22 13:00:00,1917.66666666667,85.2333333333334,262.2
2023-01-22 14:00:00,,,
2023-01-22 15:00:00,1904.0,84.6,263.433333333333
2023-01-22 16:00:00,1919.83333333333,83.5333333333334,261.1
2023-01-22 17:00:00,1927.33333333333,83.0833333333333,260.65
2023-01-22 18:00:00,1931.6,82.08,260.05
2023-01-22 19:00:00,1934.0,81.6,259.466666666667
2023-01-22 20:00:00,1937.16666666667,82.0166666666667,259.7
2023-01-22 21:00:00,1932.33333333333,81.5666666666667,259.366666666667
2023-01-22 22:00:00,1938.83333333333,82.7666666666667,259.866666666667
2023-01-22 23:00:00,1936.66666666667,83.1666666666667,260.366666666667
2023-01-23 00:00:00,1934.33333333333,82.5666666666667,260.316666666667
2023-01-23 01:00:00,1934.5,82.25,260.35
2023-01-23 02:00:00,1934.0,82.48,260.53
2023-01-23 03:00:00,1931.33333333333,82.8833333333333,261.416666666667
2023-01-23 04:00:00,,,
2023-01-23 05:00:00,,,
2023-01-23 06:00:00,1926.0,83.86,262.15
2023-01-23 07:00:00,1922.66666666667,85.2166666666667,262.3
2023-01-23 08:00:00,,,
2023-01-23 09:00:00,,,
2023-01-23 10:00:00,,,
2023-01-23 11:00:00,1912.2,85.34,263.95
2023-01-23 12:00:00,,,
2023-01-23 13:00:00,,,
2023-01-23 14:00:00,1917.8,86.72,265.55
2023-01-23 15:00:00,1919.6,86.32,265.37
2023-01-23 16:00:00,1918.6,86.34,264.93
2023-01-23 17:00:00,1917.0,87.1166666666667,264.666666666667
2023-01-23 18:00:00,1915.0,88.7333333333333,264.216666666667
2023-01-23 19:00:00,1914.33333333333,89.2166666666667,264.433333333333
2023-01-23 20:00:00,1930.0,89.0,264.233333333333
2023-01-23 21:00:00,1972.16666666667,88.6166666666667,263.866666666667
2023-01-23 22:00:00,1973.5,88.3666666666667,263.716666666667
2023-01-23 23:00:00,1987.66666666667,88.1333333333333,263.55
2023-01-24 00:00:00,1992.0,87.9333333333333,263.383333333333
2023-01-24 01:00:00,1990.5,87.8833333333333,263.35
2023-01-24 02:00:00,,,
2023-01-24 03:00:00,,,
2023-01-24 04:00:00,1987.8,87.18,262.73
2023-01-24 05:00:00,,,
2023-01-24 06:00:00,1986.5,87.15,262.75
2023-01-24 07:00:00,,,
2023-01-24 08:00:00,1984.83333333333,87.3333333333333,262.866666666667
2023-01-24 09:00:00,1982.6,88.0,263.43
2023-01-24 10:00:00,1975.0,88.7,264.61
2023-01-24 11:00:00,1973.5,88.7666666666667,264.833333333333
2023-01-24 12:00:00,1969.0,89.3666666666667,265.683333333333
2023-01-24 13:00:00,1964.4,89.5,266.25
2023-01-24 14:00:00,1962.66666666667,89.0666666666667,266.633333333333
2023-01-24 15:00:00,1966.4,89.2,266.23
2023-01-24 16:00:00,1967.0,89.46,265.87
2023-01-24 17:00:00,1969.83333333333,88.9333333333333,265.616666666667
2023-01-24 18:00:00,1976.33333333333,87.3833333333334,265.366666666667
2023-01-24 19:00:00,1977.33333333333,87.2166666666667,265.283333333333
2023-01-24 20:00:00,1974.16666666667,88.8166666666667,265.433333333333
2023-01-24 21:00:00,1973.16666666667,87.3666666666667,265.466666666667
2023-01-24 22:00:00,1972.83333333333,87.95,265.416666666667
2023-01-24 23:00:00,1970.66666666667,88.5833333333333,265.233333333333
2023-01-25 00:00:00,1969.83333333333,87.5,265.2
2023-01-25 01:00:00,1968.5,84.2833333333333,265.316666666667
2023-01-25 02:00:00,1966.6,84.2,265.11
2023-01-25 03:00:00,,,
2023-01-25 04:00:00,1964.33333333333,78.2666666666667,264.416666666667
2023-01-25 05:00:00,1965.16666666667,70.3166666666667,264.866666666667
2023-01-25 06:00:00,1965.0,67.75,265.0
2023-01-25 07:00:00,1965.5,64.5,264.983333333333
2023-01-25 08:00:00,1964.66666666667,61.1,265.166666666667
2023-01-25 09:00:00,1961.83333333333,66.1166666666667,264.55
2023-01-25 10:00:00,1958.66666666667,58.55,265.266666666667
2023-01-25 11:00:00,1946.33333333333,50.0666666666667,266.133333333333
2023-01-25 12:00:00,1923.0,41.8,267.55
2023-01-25 13:00:00,1927.0,40.4833333333333,267.0
2023-01-25 14:00:00,1933.83333333333,37.5,267.2
2023-01-25 15:00:00,1933.16666666667,37.9666666666667,266.65
2023-01-25 16:00:00,1943.0,38.95,265.55
2023-01-25 17:00:00,1943.16666666667,39.3,265.2
2023-01-25 18:00:00,1944.83333333333,36.0833333333333,265.066666666667
2023-01-25 19:00:00,1942.33333333333,31.6166666666667,264.766666666667
2023-01-25 20:00:00,1939.16666666667,27.25,264.433333333333
2023-01-25 21:00:00,1936.5,23.95,264.683333333333
2023-01-25 22:00:00,1938.5,21.25,264.833333333333
2023-01-25 23:00:00,1944.16666666667,12.55,266.3
2023-01-26 00:00:00,1939.0,11.3333333333333,266.35
2023-01-26 01:00:00,1935.33333333333,16.4,265.0
2023-01-26 02:00:00,,,
2023-01-26 03:00:00,,,
2023-01-26 04:00:00,,,
2023-01-26 05:00:00,,,
2023-01-26 06:00:00,,,
2023-01-26 07:00:00,,,
2023-01-26 08:00:00,,,
2023-01-26 09:00:00,,,
2023-01-26 10:00:00,,,
2023-01-26 11:00:00,,,
2023-01-26 12:00:00,,,
2023-01-26 13:00:00,,,
2023-01-26 14:00:00,,,
2023-01-26 15:00:00,,,
2023-01-26 16:00:00,,,
2023-01-26 17:00:00,1922.8,23.1,262.03
2023-01-26 18:00:00,,,
2023-01-26 19:00:00,1922.8,28.24,260.91
2023-01-26 20:00:00,,,
2023-01-26 21:00:00,,,
2023-01-26 22:00:00,,,
2023-01-26 23:00:00,,,
2023-01-27 00:00:00,1922.0,30.0,259.89
2023-01-27 01:00:00,1922.4,26.5,259.85
2023-01-27 02:00:00,,,
2023-01-27 03:00:00,,,
2023-01-27 04:00:00,,,
2023-01-27 05:00:00,,,
2023-01-27 06:00:00,1925.4,25.44,259.61
2023-01-27 07:00:00,,,
2023-01-27 08:00:00,,,
2023-01-27 09:00:00,1923.8,57.1,259.85
2023-01-27 10:00:00,,,
2023-01-27 11:00:00,,,
2023-01-27 12:00:00,,,
2023-01-27 13:00:00,1914.6,35.96,260.75
2023-01-27 14:00:00,1914.16666666667,56.0,261.066666666667
2023-01-27 15:00:00,,,
2023-01-27 16:00:00,,,
2023-01-27 17:00:00,1916.33333333333,24.9,261.05
2023-01-27 18:00:00,,,
2023-01-27 19:00:00,1920.8,28.34,260.03
2023-01-27 20:00:00,1919.0,30.72,260.09
2023-01-27 21:00:00,1919.66666666667,45.4,260.133333333333
2023-01-27 22:00:00,1920.83333333333,45.75,259.6
2023-01-27 23:00:00,1920.33333333333,48.0166666666667,259.333333333333
2023-01-28 00:00:00,1919.5,67.4333333333333,258.683333333333
2023-01-28 01:00:00,1913.0,77.5833333333333,258.65
2023-01-28 02:00:00,,,
2023-01-28 03:00:00,,,
2023-01-28 04:00:00,,,
2023-01-28 05:00:00,1918.6,79.36,259.63
2023-01-28 06:00:00,,,
2023-01-28 07:00:00,1920.16666666667,80.25,259.616666666667
2023-01-28 08:00:00,1916.6,82.22,258.97
2023-01-28 09:00:00,1913.0,81.6333333333333,259.0
2023-01-28 10:00:00,,,
2023-01-28 11:00:00,1910.4,82.02,260.95
2023-01-28 12:00:00,1906.2,79.16,262.29
2023-01-28 13:00:00,1898.83333333333,73.85,263.2
2023-01-28 14:00:00,1893.8,70.48,263.69
2023-01-28 15:00:00,,,
2023-01-28 16:00:00,1911.0,60.44,262.85
2023-01-28 17:00:00,1919.0,50.0166666666667,263.233333333333
2023-01-28 18:00:00,1920.6,55.72,263.07
2023-01-28 19:00:00,1920.5,52.55,262.216666666667
2023-01-28 20:00:00,1917.16666666667,50.7166666666667,261.25
2023-01-28 21:00:00,1916.16666666667,41.7,260.983333333333
2023-01-28 22:00:00,1915.33333333333,42.4333333333333,261.45
2023-01-28 23:00:00,1914.0,49.45,261.583333333333
2023-01-29 00:00:00,1914.16666666667,54.5666666666667,262.183333333333
2023-01-29 01:00:00,1912.83333333333,53.4833333333333,261.833333333333
2023-01-29 02:00:00,1913.2,51.26,262.55
2023-01-29 03:00:00,1912.4,49.94,262.09
2023-01-29 04:00:00,1907.0,49.6333333333333,262.133333333333
2023-01-29 05:00:00,1906.16666666667,46.75,262.666666666667
2023-01-29 06:00:00,1903.83333333333,51.3666666666667,262.833333333333
2023-01-29 07:00:00,1908.5,59.25,262.883333333333
2023-01-29 08:00:00,1906.16666666667,59.55,263.133333333333
2023-01-29 09:00:00,1907.16666666667,64.5833333333334,262.633333333333
2023-01-29 10:00:00,1899.4,59.22,262.99
2023-01-29 11:00:00,1892.16666666667,38.65,264.483333333333
2023-01-29 12:00:00,1880.5,23.2,266.083333333333
2023-01-29 13:00:00,1879.33333333333,22.3,265.416666666667
2023-01-29 14:00:00,1887.16666666667,20.7833333333333,265.533333333333
2023-01-29 15:00:00,1889.5,18.9666666666667,265.25
2023-01-29 16:00:00,1896.33333333333,15.7166666666667,265.733333333333
2023-01-29 17:00:00,1898.5,11.05,265.616666666667
2023-01-29 18:00:00,1898.83333333333,8.95,265.95
2023-01-29 19:00:00,1897.66666666667,10.3166666666667,265.95
2023-01-29 20:00:00,1892.83333333333,10.0833333333333,265.483333333333
2023-01-29 21:00:00,1893.5,12.7166666666667,265.116666666667
2023-01-29 22:00:00,1890.83333333333,16.2666666666667,264.883333333333
2023-01-29 23:00:00,1884.16666666667,26.25,265.033333333333
2023-01-30 00:00:00,1889.83333333333,38.4666666666667,265.166666666667
2023-01-30 01:00:00,1889.66666666667,36.7,265.35
2023-01-30 02:00:00,,,
2023-01-30 03:00:00,,,
2023-01-30 04:00:00,,,
2023-01-30 05:00:00,,,
2023-01-30 06:00:00,1892.0,33.22,265.13
2023-01-30 07:00:00,,,
2023-01-30 08:00:00,,,
2023-01-30 09:00:00,,,
2023-01-30 10:00:00,1884.4,36.42,264.15
2023-01-30 11:00:00,,,
2023-01-30 12:00:00,,,
2023-01-30 13:00:00,1889.0,40.18,266.25
2023-01-30 14:00:00,1890.8,49.88,266.19
2023-01-30 15:00:00,,,
2023-01-30 16:00:00,,,
2023-01-30 17:00:00,1890.6,69.72,264.29
2023-01-30 18:00:00,,,
2023-01-30 19:00:00,1884.6,78.48,262.77
2023-01-30 20:00:00,1879.0,80.46,262.41
2023-01-30 21:00:00,1900.33333333333,77.9333333333333,261.483333333333
2023-01-30 22:00:00,1909.16666666667,78.9833333333333,260.666666666667
2023-01-30 23:00:00,1912.83333333333,81.1166666666667,259.866666666667
2023-01-31 00:00:00,1916.83333333333,80.2333333333334,259.283333333333
2023-01-31 01:00:00,1910.66666666667,81.2833333333334,259.15
2023-01-31 02:00:00,1907.0,81.26,258.83
2023-01-31 03:00:00,,,
2023-01-31 04:00:00,,,
2023-01-31 05:00:00,,,
2023-01-31 06:00:00,,,
2023-01-31 07:00:00,,,
2023-01-31 08:00:00,1900.2,34.2,260.05
2023-01-31 09:00:00,,,
2023-01-31 10:00:00,,,
2023-01-31 11:00:00,,,
2023-01-31 12:00:00,1932.6,17.76,262.37
2023-01-31 13:00:00,1935.4,16.6,263.29
2023-01-31 14:00:00,1932.8,13.82,264.17
2023-01-31 15:00:00,1932.4,18.6,263.91
2023-01-31 16:00:00,1932.2,51.04,263.89
2023-01-31 17:00:00,,,
2023-01-31 18:00:00,1926.33333333333,62.6166666666667,264.866666666667
2023-01-31 19:00:00,1925.0,54.3,263.55
2023-01-31 20:00:00,1924.83333333333,75.2833333333334,262.983333333333
2023-01-31 21:00:00,1924.2,82.5,262.93
2023-01-31 22:00:00,1924.66666666667,83.15,262.85
2023-01-31 23:00:00,1926.5,85.6166666666667,263.033333333333
2023-02-01 00:00:00,1924.5,84.8166666666667,263.066666666667
2023-02-01 01:00:00,1924.0,81.7833333333334,263.216666666667
2023-02-01 02:00:00,1923.0,83.82,263.07
2023-02-01 03:00:00,1922.6,78.9,262.73
2023-02-01 04:00:00,,,
2023-02-01 05:00:00,1926.0,62.85,262.883333333333
2023-02-01 06:00:00,1928.0,64.4666666666667,262.35
2023-02-01 07:00:00,1925.8,60.1,262.51
2023-02-01 08:00:00,1920.5,68.1666666666667,262.15
2023-02-01 09:00:00,1923.33333333333,68.25,261.95
2023-02-01 10:00:00,1920.8,69.68,261.93
2023-02-01 11:00:00,1918.8,77.1,262.13
2023-02-01 12:00:00,1918.33333333333,81.55,262.133333333333
2023-02-01 13:00:00,1921.8,80.62,262.35
2023-02-01 14:00:00,1920.0,78.65,262.533333333333
2023-02-01 15:00:00,1923.16666666667,70.85,263.016666666667
2023-02-01 16:00:00,1916.66666666667,78.1,262.316666666667
2023-02-01 17:00:00,1919.33333333333,78.5666666666667,262.116666666667
2023-02-01 18:00:00,1919.0,80.25,261.8
2023-02-01 19:00:00,1918.0,78.6833333333333,261.7
2023-02-01 20:00:00,1916.33333333333,84.0666666666667,261.383333333333
2023-02-01 21:00:00,1921.83333333333,83.9,261.35
2023-02-01 22:00:00,1925.0,85.1333333333333,261.183333333333
2023-02-01 23:00:00,1928.66666666667,85.1166666666667,261.133333333333
2023-02-02 00:00:00,1956.5,85.0,261.066666666667
2023-02-02 01:00:00,1970.33333333333,84.7666666666667,260.9
2023-02-02 02:00:00,1984.8,84.66,260.79
2023-02-02 03:00:00,,,
2023-02-02 04:00:00,,,
2023-02-02 05:00:00,,,
2023-02-02 06:00:00,,,
2023-02-02 07:00:00,,,
2023-02-02 08:00:00,,,
2023-02-02 09:00:00,,,
2023-02-02 10:00:00,,,
2023-02-02 11:00:00,,,
2023-02-02 12:00:00,2139.2,85.92,262.23
2023-02-02 13:00:00,,,
2023-02-02 14:00:00,,,
2023-02-02 15:00:00,2187.6,86.28,262.51
2023-02-02 16:00:00,,,
2023-02-02 17:00:00,,,
2023-02-02 18:00:00,,,
2023-02-02 19:00:00,,,
2023-02-02 20:00:00,,,
2023-02-02 21:00:00,2340.8,86.46,262.53
2023-02-02 22:00:00,,,
2023-02-02 23:00:00,2348.0,86.7,262.766666666667
2023-02-03 00:00:00,2342.16666666667,86.0666666666667,262.766666666667
2023-02-03 01:00:00,2326.33333333333,79.1166666666667,262.95
2023-02-03 02:00:00,,,
2023-02-03 03:00:00,,,
2023-02-03 04:00:00,,,
2023-02-03 05:00:00,,,
2023-02-03 06:00:00,,,
2023-02-03 07:00:00,,,
2023-02-03 08:00:00,,,
2023-02-03 09:00:00,,,
2023-02-03 10:00:00,2267.2,42.24,266.57
2023-02-03 11:00:00,2259.8,35.6,266.99
2023-02-03 12:00:00,,,
2023-02-03 13:00:00,2232.0,30.52,268.19
2023-02-03 14:00:00,2225.8,33.24,267.87
2023-02-03 15:00:00,2228.4,40.36,267.11
2023-02-03 16:00:00,2232.5,39.95,266.916666666667
2023-02-03 17:00:00,2231.8,43.86,266.61
2023-02-03 18:00:00,2231.83333333333,49.5833333333333,266.45
2023-02-03 19:00:00,2225.0,79.9,265.366666666667
2023-02-03 20:00:00,2235.66666666667,89.0333333333333,265.033333333333
2023-02-03 21:00:00,2264.66666666667,87.8666666666667,265.183333333333
2023-02-03 22:00:00,2277.5,88.1,265.133333333333
2023-02-03 23:00:00,2297.66666666667,87.7833333333333,265.35
2023-02-04 00:00:00,2327.33333333333,88.65,265.416666666667
2023-02-04 01:00:00,2360.0,88.6333333333333,265.283333333333
2023-02-04 02:00:00,,,
2023-02-04 03:00:00,,,
2023-02-04 04:00:00,,,
2023-02-04 05:00:00,,,
2023-02-04 06:00:00,,,
2023-02-04 07:00:00,,,
2023-02-04 08:00:00,,,
2023-02-04 09:00:00,,,
2023-02-04 10:00:00,,,
2023-02-04 11:00:00,,,
2023-02-04 12:00:00,,,
2023-02-04 13:00:00,,,
2023-02-04 14:00:00,,,
2023-02-04 15:00:00,,,
2023-02-04 16:00:00,,,
2023-02-04 17:00:00,,,
2023-02-04 18:00:00,,,
2023-02-04 19:00:00,,,
2023-02-04 20:00:00,,,
2023-02-04 21:00:00,2473.8,21.56,263.57
2023-02-04 22:00:00,2504.6,17.74,263.77
2023-02-04 23:00:00,2506.0,19.2,263.35
2023-02-05 00:00:00,2501.6,16.74,263.37
2023-02-05 01:00:00,,,
2023-02-05 02:00:00,,,
2023-02-05 03:00:00,,,
2023-02-05 04:00:00,2476.6,13.54,263.01
2023-02-05 05:00:00,,,
2023-02-05 06:00:00,,,
2023-02-05 07:00:00,,,
2023-02-05 08:00:00,,,
2023-02-05 09:00:00,2454.0,10.78,262.97
2023-02-05 10:00:00,,,
2023-02-05 11:00:00,,,
2023-02-05 12:00:00,,,
2023-02-05 13:00:00,,,
2023-02-05 14:00:00,,,
2023-02-05 15:00:00,,,
2023-02-05 16:00:00,,,
2023-02-05 17:00:00,2449.33333333333,77.6,261.3
2023-02-05 18:00:00,,,
2023-02-05 19:00:00,,,
2023-02-05 20:00:00,2445.16666666667,81.7333333333333,260.966666666667
2023-02-05 21:00:00,2443.6,82.22,260.73
2023-02-05 22:00:00,2437.0,83.36,259.77
2023-02-05 23:00:00,2434.0,82.75,259.683333333333
2023-02-06 00:00:00,2430.5,83.1333333333333,259.733333333333
2023-02-06 01:00:00,2429.2,82.48,259.71
2023-02-06 02:00:00,2427.6,82.52,259.63
2023-02-06 03:00:00,,,
2023-02-06 04:00:00,,,
2023-02-06 05:00:00,2414.0,33.5,259.93
2023-02-06 06:00:00,,,
2023-02-06 07:00:00,,,
2023-02-06 08:00:00,,,
2023-02-06 09:00:00,2399.0,11.9,261.0
2023-02-06 10:00:00,2396.8,12.36,261.01
2023-02-06 11:00:00,,,
2023-02-06 12:00:00,2390.6,15.24,260.61
2023-02-06 13:00:00,2390.8,19.22,260.37
2023-02-06 14:00:00,,,
2023-02-06 15:00:00,,,
2023-02-06 16:00:00,,,
2023-02-06 17:00:00,2393.83333333333,79.05,258.883333333333
2023-02-06 18:00:00,2392.4,76.34,259.03
2023-02-06 19:00:00,2391.5,81.6,258.7
2023-02-06 20:00:00,2389.16666666667,81.3833333333333,257.95
2023-02-06 21:00:00,2388.0,80.35,257.3
2023-02-06 22:00:00,2388.16666666667,79.9333333333333,257.083333333333
2023-02-06 23:00:00,2386.83333333333,80.0333333333333,256.95
2023-02-07 00:00:00,2393.33333333333,79.8,256.883333333333
2023-02-07 01:00:00,2394.16666666667,79.5833333333333,256.6
2023-02-07 02:00:00,2393.6,79.44,256.49
2023-02-07 03:00:00,2392.33333333333,79.15,256.216666666667
2023-02-07 04:00:00,2392.66666666667,78.6833333333333,255.833333333333
2023-02-07 05:00:00,2392.83333333333,78.8666666666667,256.083333333333
2023-02-07 06:00:00,2394.0,76.2833333333334,256.816666666667
2023-02-07 07:00:00,2392.83333333333,70.2166666666667,257.05
2023-02-07 08:00:00,2386.83333333333,58.9,257.55
2023-02-07 09:00:00,2380.5,43.55,258.15
2023-02-07 10:00:00,2378.83333333333,32.0166666666667,260.183333333333
2023-02-07 11:00:00,2363.33333333333,27.6,261.45
2023-02-07 12:00:00,2354.83333333333,21.25,264.016666666667
2023-02-07 13:00:00,2347.16666666667,20.2,263.766666666667
2023-02-07 14:00:00,2362.0,26.92,262.01
2023-02-07 15:00:00,2362.83333333333,30.6333333333333,261.616666666667
2023-02-07 16:00:00,2362.33333333333,33.1333333333333,260.55
2023-02-07 17:00:00,2366.0,31.0833333333333,260.966666666667
2023-02-07 18:00:00,2363.33333333333,36.9166666666667,259.766666666667
2023-02-07 19:00:00,2356.66666666667,41.7333333333333,259.3
2023-02-07 20:00:00,2362.5,38.8166666666667,259.15
2023-02-07 21:00:00,2358.16666666667,33.6166666666667,259.583333333333
2023-02-07 22:00:00,2364.83333333333,20.7,260.866666666667
2023-02-07 23:00:00,2360.16666666667,23.2,260.533333333333
2023-02-08 00:00:00,2362.5,25.9666666666667,260.65
2023-02-08 01:00:00,2358.83333333333,26.6166666666667,260.55
2023-02-08 02:00:00,,,
2023-02-08 03:00:00,,,
2023-02-08 04:00:00,,,
2023-02-08 05:00:00,,,
2023-02-08 06:00:00,,,
2023-02-08 07:00:00,,,
2023-02-08 08:00:00,,,
2023-02-08 09:00:00,,,
2023-02-08 10:00:00,2343.4,16.92,261.35
2023-02-08 11:00:00,,,
2023-02-08 12:00:00,,,
2023-02-08 13:00:00,,,
2023-02-08 14:00:00,2334.0,20.74,263.37
2023-02-08 15:00:00,,,
2023-02-08 16:00:00,2332.33333333333,29.0666666666667,261.066666666667
2023-02-08 17:00:00,2331.83333333333,36.8833333333333,259.183333333333
2023-02-08 18:00:00,,,
2023-02-08 19:00:00,2338.0,24.3,259.59
2023-02-08 20:00:00,2338.8,14.36,260.69
2023-02-08 21:00:00,2338.6,11.14,261.45
2023-02-08 22:00:00,2334.66666666667,8.08333333333333,261.533333333333
2023-02-08 23:00:00,2336.4,8.2,261.75
2023-02-09 00:00:00,2332.16666666667,8.06666666666667,261.45
2023-02-09 01:00:00,2330.83333333333,7.31666666666667,261.3
2023-02-09 02:00:00,,,
2023-02-09 03:00:00,2325.0,10.3,260.89
2023-02-09 04:00:00,,,
2023-02-09 05:00:00,2323.8,6.58,261.17
2023-02-09 06:00:00,2316.8,11.58,260.73
2023-02-09 07:00:00,,,
2023-02-09 08:00:00,,,
2023-02-09 09:00:00,2310.6,24.82,261.35
2023-02-09 10:00:00,2303.16666666667,21.55,261.733333333333
2023-02-09 11:00:00,,,
2023-02-09 12:00:00,2288.16666666667,19.1333333333333,263.983333333333
2023-02-09 13:00:00,,,
2023-02-09 14:00:00,2270.6,22.24,263.93
2023-02-09 15:00:00,2280.8,24.32,263.19
2023-02-09 16:00:00,2288.6,27.24,262.51
2023-02-09 17:00:00,2299.4,28.46,261.93
2023-02-09 18:00:00,2294.33333333333,20.1666666666667,261.85
2023-02-09 19:00:00,2292.16666666667,24.0833333333333,260.783333333333
2023-02-09 20:00:00,2290.83333333333,21.2,261.866666666667
2023-02-09 21:00:00,2292.83333333333,20.95,262.183333333333
2023-02-09 22:00:00,2289.5,21.85,261.833333333333
2023-02-09 23:00:00,2293.0,20.9833333333333,262.233333333333
2023-02-10 00:00:00,2293.16666666667,21.2333333333333,262.366666666667
2023-02-10 01:00:00,2291.66666666667,20.7666666666667,262.883333333333
2023-02-10 02:00:00,2287.5,22.0666666666667,262.8
2023-02-10 03:00:00,2287.8,23.66,262.75
2023-02-10 04:00:00,2290.33333333333,25.1833333333333,262.366666666667
2023-02-10 05:00:00,2285.0,24.5166666666667,261.966666666667
2023-02-10 06:00:00,2286.33333333333,24.2833333333333,262.6
2023-02-10 07:00:00,2295.16666666667,24.5333333333333,263.416666666667
2023-02-10 08:00:00,2291.5,25.2,263.266666666667
2023-02-10 09:00:00,2289.66666666667,26.0333333333333,262.116666666667
2023-02-10 10:00:00,2282.66666666667,24.2,262.433333333333
2023-02-10 11:00:00,2280.0,20.9833333333333,264.183333333333
2023-02-10 12:00:00,2269.66666666667,19.3666666666667,264.533333333333
2023-02-10 13:00:00,2272.33333333333,20.8,264.183333333333
2023-02-10 14:00:00,2274.16666666667,13.7666666666667,265.616666666667
2023-02-10 15:00:00,2275.16666666667,15.85,265.2
2023-02-10 16:00:00,2273.0,19.6833333333333,265.166666666667
2023-02-10 17:00:00,2266.0,21.05,264.283333333333
2023-02-10 18:00:00,2259.66666666667,26.65,264.083333333333
2023-02-10 19:00:00,2262.83333333333,43.6833333333333,264.3
2023-02-10 20:00:00,2264.0,31.6666666666667,265.233333333333
2023-02-10 21:00:00,2261.5,20.55,265.433333333333
2023-02-10 22:00:00,2264.66666666667,27.1166666666667,265.15
2023-02-10 23:00:00,2267.16666666667,24.5833333333333,264.716666666667
2023-02-11 00:00:00,2261.0,21.7833333333333,264.4
2023-02-11 01:00:00,2261.33333333333,21.6833333333333,264.966666666667
2023-02-11 02:00:00,,,
2023-02-11 03:00:00,2262.4,23.66,265.29
2023-02-11 04:00:00,,,
2023-02-11 05:00:00,,,
2023-02-11 06:00:00,2256.83333333333,26.1666666666667,265.033333333333
2023-02-11 07:00:00,2255.4,28.48,264.89
2023-02-11 08:00:00,,,
2023-02-11 09:00:00,2262.4,64.88,265.91
2023-02-11 10:00:00,,,
2023-02-11 11:00:00,,,
2023-02-11 12:00:00,,,
2023-02-11 13:00:00,,,
2023-02-11 14:00:00,,,
2023-02-11 15:00:00,2260.4,80.86,268.99
2023-02-11 16:00:00,2266.6,87.74,268.79
2023-02-11 17:00:00,2267.0,86.06,268.71
2023-02-11 18:00:00,2266.6,84.3,268.33
2023-02-11 19:00:00,2265.16666666667,82.0333333333333,268.366666666667
2023-02-11 20:00:00,2264.4,83.58,268.11
2023-02-11 21:00:00,2262.4,82.84,267.55
2023-02-11 22:00:00,2262.0,67.58,267.67
2023-02-11 23:00:00,2259.83333333333,53.1666666666667,268.35
2023-02-12 00:00:00,2259.83333333333,66.3333333333333,267.466666666667
2023-02-12 01:00:00,2260.33333333333,63.85,267.983333333333
2023-02-12 02:00:00,,,
2023-02-12 03:00:00,,,
2023-02-12 04:00:00,2259.0,78.56,267.95
2023-02-12 05:00:00,2250.8,79.74,266.41
2023-02-12 06:00:00,,,
2023-02-12 07:00:00,,,
2023-02-12 08:00:00,,,
2023-02-12 09:00:00,2247.2,77.98,266.81
2023-02-12 10:00:00,,,
2023-02-12 11:00:00,2237.83333333333,72.9833333333333,268.983333333333
2023-02-12 12:00:00,2232.0,66.34,270.87
2023-02-12 13:00:00,2223.4,69.18,270.45
2023-02-12 14:00:00,,,
2023-02-12 15:00:00,2229.8,71.48,269.65
2023-02-12 16:00:00,2227.6,70.14,269.55
2023-02-12 17:00:00,2223.0,70.12,269.33
2023-02-12 18:00:00,2230.66666666667,67.1833333333334,268.866666666667
2023-02-12 19:00:00,2232.83333333333,59.1833333333333,269.55
2023-02-12 20:00:00,2230.83333333333,48.1,270.166666666667
2023-02-12 21:00:00,2227.83333333333,44.0333333333333,270.333333333333
2023-02-12 22:00:00,2227.5,41.0833333333333,270.266666666667
2023-02-12 23:00:00,2232.83333333333,36.9666666666667,271.466666666667
2023-02-13 00:00:00,2224.33333333333,40.0666666666667,270.05
2023-02-13 01:00:00,2219.5,38.0166666666667,269.566666666667
2023-02-13 02:00:00,2223.2,34.72,270.39
2023-02-13 03:00:00,,,
2023-02-13 04:00:00,2215.6,30.9,270.95
2023-02-13 05:00:00,2214.5,26.0666666666667,271.816666666667
2023-02-13 06:00:00,2218.0,20.3,272.09
2023-02-13 07:00:00,2216.4,18.84,272.07
2023-02-13 08:00:00,2214.16666666667,15.6666666666667,272.016666666667
2023-02-13 09:00:00,2211.6,15.14,272.11
2023-02-13 10:00:00,2208.5,16.0833333333333,271.033333333333
2023-02-13 11:00:00,2205.5,19.1833333333333,270.75
2023-02-13 12:00:00,2201.83333333333,16.5,271.433333333333
2023-02-13 13:00:00,2203.5,19.7833333333333,271.833333333333
2023-02-13 14:00:00,,,
2023-02-13 15:00:00,2209.66666666667,10.95,272.383333333333
2023-02-13 16:00:00,2208.0,10.6833333333333,272.1
2023-02-13 17:00:00,2208.4,13.82,271.09
2023-02-13 18:00:00,2213.0,12.1833333333333,271.25
2023-02-13 19:00:00,2214.0,12.4666666666667,271.083333333333
2023-02-13 20:00:00,2210.16666666667,8.11666666666667,271.433333333333
2023-02-13 21:00:00,2209.5,8.85,271.316666666667
2023-02-13 22:00:00,2206.0,11.8666666666667,271.366666666667
2023-02-13 23:00:00,2211.5,18.85,270.85
2023-02-14 00:00:00,2209.5,17.4166666666667,271.483333333333
2023-02-14 01:00:00,2212.0,16.3,271.883333333333
2023-02-14 02:00:00,,,
2023-02-14 03:00:00,,,
2023-02-14 04:00:00,,,
2023-02-14 05:00:00,,,
2023-02-14 06:00:00,,,
2023-02-14 07:00:00,2215.2,14.74,272.37
2023-02-14 08:00:00,,,
2023-02-14 09:00:00,,,
2023-02-14 10:00:00,,,
2023-02-14 11:00:00,,,
2023-02-14 12:00:00,,,
2023-02-14 13:00:00,,,
2023-02-14 14:00:00,2204.66666666667,10.05,274.9
2023-02-14 15:00:00,2196.6,9.96,275.21
2023-02-14 16:00:00,2191.8,16.42,273.51
2023-02-14 17:00:00,2189.2,18.06,273.59
2023-02-14 18:00:00,,,
2023-02-14 19:00:00,2188.4,15.6,271.57
2023-02-14 20:00:00,2189.83333333333,18.3,270.45
2023-02-14 21:00:00,,,
2023-02-14 22:00:00,2187.33333333333,11.8,272.433333333333
2023-02-14 23:00:00,,,
2023-02-15 00:00:00,2196.5,6.98333333333333,273.916666666667
2023-02-15 01:00:00,2178.16666666667,17.3166666666667,272.333333333333
2023-02-15 02:00:00,,,
2023-02-15 03:00:00,2173.8,19.38,271.73
2023-02-15 04:00:00,,,
2023-02-15 05:00:00,,,
2023-02-15 06:00:00,2173.2,15.4,272.65
2023-02-15 07:00:00,2174.6,17.52,272.05
2023-02-15 08:00:00,2175.16666666667,17.9,271.966666666667
2023-02-15 09:00:00,2173.33333333333,19.0333333333333,271.583333333333
2023-02-15 10:00:00,2168.5,21.0333333333333,270.85
2023-02-15 11:00:00,2163.6,17.34,272.35
2023-02-15 12:00:00,2167.66666666667,19.0333333333333,272.566666666667
2023-02-15 13:00:00,,,
2023-02-15 14:00:00,2170.5,22.8833333333333,272.633333333333
2023-02-15 15:00:00,2174.83333333333,23.2166666666667,272.816666666667
2023-02-15 16:00:00,2175.0,20.78,272.91
2023-02-15 17:00:00,2172.33333333333,21.4333333333333,272.333333333333
2023-02-15 18:00:00,2175.16666666667,22.4833333333333,271.9
2023-02-15 19:00:00,2175.83333333333,21.9,271.416666666667
2023-02-15 20:00:00,2175.5,22.0666666666667,271.433333333333
2023-02-15 21:00:00,2175.16666666667,24.8166666666667,270.533333333333
2023-02-15 22:00:00,2173.83333333333,24.9666666666667,270.633333333333
2023-02-15 23:00:00,2171.66666666667,25.1,270.833333333333
2023-02-16 00:00:00,2173.83333333333,27.35,270.366666666667
2023-02-16 01:00:00,2173.16666666667,27.7833333333333,270.6
2023-02-16 02:00:00,2175.16666666667,28.9333333333333,270.283333333333
2023-02-16 03:00:00,2173.33333333333,27.3,270.366666666667
2023-02-16 04:00:00,2171.5,26.3666666666667,270.0
2023-02-16 05:00:00,2173.66666666667,22.7,270.2
2023-02-16 06:00:00,2172.66666666667,20.9,270.416666666667
2023-02-16 07:00:00,2169.83333333333,20.6666666666667,270.283333333333
2023-02-16 08:00:00,2168.16666666667,23.6,269.35
2023-02-16 09:00:00,2167.16666666667,24.0833333333333,269.75
2023-02-16 10:00:00,2166.66666666667,27.4166666666667,269.716666666667
2023-02-16 11:00:00,2162.33333333333,27.8666666666667,269.633333333333
2023-02-16 12:00:00,2162.66666666667,29.0833333333333,269.966666666667
2023-02-16 13:00:00,2164.66666666667,30.4333333333333,270.25
2023-02-16 14:00:00,2161.5,32.9833333333333,269.75
2023-02-16 15:00:00,2166.0,34.6333333333333,269.416666666667
2023-02-16 16:00:00,2163.16666666667,38.3833333333333,268.966666666667
2023-02-16 17:00:00,2163.33333333333,45.15,268.233333333333
2023-02-16 18:00:00,2168.5,49.9,266.966666666667
2023-02-16 19:00:00,2170.66666666667,51.2333333333333,266.416666666667
2023-02-16 20:00:00,2176.66666666667,47.0166666666667,267.2
2023-02-16 21:00:00,2179.83333333333,42.3,267.266666666667
2023-02-16 22:00:00,2180.16666666667,45.0166666666667,267.4
2023-02-16 23:00:00,2178.66666666667,45.15,267.483333333333
2023-02-17 00:00:00,2177.83333333333,48.8833333333333,267.266666666667
2023-02-17 01:00:00,2178.33333333333,51.05,267.483333333333
2023-02-17 02:00:00,2176.83333333333,56.75,267.733333333333
2023-02-17 03:00:00,2178.0,59.35,267.6
2023-02-17 04:00:00,2176.66666666667,61.2833333333333,267.6
2023-02-17 05:00:00,2176.16666666667,64.45,267.516666666667
2023-02-17 06:00:00,2176.33333333333,66.8833333333333,267.583333333333
2023-02-17 07:00:00,2175.33333333333,73.8833333333334,267.75
2023-02-17 08:00:00,2174.5,80.2833333333333,268.066666666667
2023-02-17 09:00:00,2171.5,83.1,268.5
2023-02-17 10:00:00,2170.16666666667,81.8833333333333,269.1
2023-02-17 11:00:00,,,
2023-02-17 12:00:00,,,
2023-02-17 13:00:00,,,
2023-02-17 14:00:00,,,
2023-02-17 15:00:00,,,
2023-02-17 16:00:00,,,
2023-02-17 17:00:00,,,
2023-02-17 18:00:00,2175.0,91.82,270.25
2023-02-17 19:00:00,2173.8,95.88,269.91
2023-02-17 20:00:00,2174.0,95.88,270.05
2023-02-17 21:00:00,2175.2,94.94,269.99
2023-02-17 22:00:00,2173.83333333333,95.8,269.816666666667
2023-02-17 23:00:00,2173.6,95.8,269.75
2023-02-18 00:00:00,2173.4,92.36,269.87
2023-02-18 01:00:00,2173.16666666667,93.6333333333334,269.7
2023-02-18 02:00:00,,,
2023-02-18 03:00:00,,,
2023-02-18 04:00:00,,,
2023-02-18 05:00:00,2169.0,68.78,271.71
2023-02-18 06:00:00,,,
2023-02-18 07:00:00,,,
2023-02-18 08:00:00,,,
2023-02-18 09:00:00,2165.0,60.42,271.59
2023-02-18 10:00:00,,,
2023-02-18 11:00:00,,,
2023-02-18 12:00:00,,,
2023-02-18 13:00:00,,,
2023-02-18 14:00:00,,,
2023-02-18 15:00:00,2158.66666666667,46.7666666666667,272.633333333333
2023-02-18 16:00:00,2158.5,47.4333333333333,272.5
2023-02-18 17:00:00,2157.4,46.72,272.25
2023-02-18 18:00:00,2155.16666666667,48.9,271.566666666667
2023-02-18 19:00:00,2155.16666666667,46.3,271.283333333333
2023-02-18 20:00:00,2153.66666666667,45.7333333333333,271.15
2023-02-18 21:00:00,2151.16666666667,44.6666666666667,271.216666666667
2023-02-18 22:00:00,2151.0,43.6,271.266666666667
2023-02-18 23:00:00,2151.16666666667,41.7666666666667,271.033333333333
2023-02-19 00:00:00,2151.33333333333,40.7666666666667,270.833333333333
2023-02-19 01:00:00,2150.83333333333,40.9,270.6
2023-02-19 02:00:00,,,
2023-02-19 03:00:00,2148.8,42.6,270.17
2023-02-19 04:00:00,,,
2023-02-19 05:00:00,,,
2023-02-19 06:00:00,,,
2023-02-19 07:00:00,,,
2023-02-19 08:00:00,,,
2023-02-19 09:00:00,,,
2023-02-19 10:00:00,,,
2023-02-19 11:00:00,,,
2023-02-19 12:00:00,,,
2023-02-19 13:00:00,,,
2023-02-19 14:00:00,2138.6,63.7,269.19
2023-02-19 15:00:00,,,
2023-02-19 16:00:00,,,
2023-02-19 17:00:00,,,
2023-02-19 18:00:00,,,
2023-02-19 19:00:00,2157.2,66.82,267.59
2023-02-19 20:00:00,,,
2023-02-19 21:00:00,2154.66666666667,66.4833333333333,267.483333333333
2023-02-19 22:00:00,2153.6,65.16,267.51
2023-02-19 23:00:00,2152.0,62.86,267.99
2023-02-20 00:00:00,,,
2023-02-20 01:00:00,2148.6,68.14,268.01
2023-02-20 02:00:00,,,
2023-02-20 03:00:00,2146.4,73.52,267.85
2023-02-20 04:00:00,,,
2023-02-20 05:00:00,,,
2023-02-20 06:00:00,,,
2023-02-20 07:00:00,,,
2023-02-20 08:00:00,,,
2023-02-20 09:00:00,2139.0,68.06,268.23
2023-02-20 10:00:00,,,
2023-02-20 11:00:00,2128.6,68.32,270.55
2023-02-20 12:00:00,,,
2023-02-20 13:00:00,2136.4,68.1,272.25
2023-02-20 14:00:00,,,
2023-02-20 15:00:00,,,
2023-02-20 16:00:00,,,
2023-02-20 17:00:00,2137.8,46.42,272.85
2023-02-20 18:00:00,2128.33333333333,48.15,272.7
2023-02-20 19:00:00,,,
2023-02-20 20:00:00,2126.8,44.14,273.11
2023-02-20 21:00:00,2124.8,43.48,273.05
2023-02-20 22:00:00,2124.33333333333,37.6833333333333,272.45
2023-02-20 23:00:00,2123.4,34.7,270.91
2023-02-21 00:00:00,2125.33333333333,31.7333333333333,270.883333333333
2023-02-21 01:00:00,2126.83333333333,29.6333333333333,270.766666666667
2023-02-21 02:00:00,,,
2023-02-21 03:00:00,,,
2023-02-21 04:00:00,2124.6,24.04,270.59
2023-02-21 05:00:00,2130.16666666667,19.6166666666667,270.866666666667
2023-02-21 06:00:00,,,
2023-02-21 07:00:00,2125.6,17.52,270.63
2023-02-21 08:00:00,2121.2,16.94,271.15
2023-02-21 09:00:00,2117.2,17.36,270.67
2023-02-21 10:00:00,2120.0,19.02,270.87
2023-02-21 11:00:00,,,
2023-02-21 12:00:00,2115.4,31.98,271.83
2023-02-21 13:00:00,2116.0,34.4,271.983333333333
2023-02-21 14:00:00,2115.4,37.26,271.57
2023-02-21 15:00:00,,,
2023-02-21 16:00:00,2112.0,36.7,272.11
2023-02-21 17:00:00,2114.0,37.98,271.05
2023-02-21 18:00:00,2117.0,30.25,270.466666666667
2023-02-21 19:00:00,2115.66666666667,22.8166666666667,271.0
2023-02-21 20:00:00,2109.0,20.3,270.8
2023-02-21 21:00:00,2105.83333333333,15.5166666666667,271.183333333333
2023-02-21 22:00:00,2112.66666666667,15.3333333333333,270.916666666667
2023-02-21 23:00:00,2114.0,16.1166666666667,270.666666666667
2023-02-22 00:00:00,2112.33333333333,18.1,270.183333333333
2023-02-22 01:00:00,2115.0,20.3333333333333,269.783333333333
2023-02-22 02:00:00,2114.6,19.44,270.97
2023-02-22 03:00:00,2114.4,20.44,271.37
2023-02-22 04:00:00,2110.66666666667,16.1,271.716666666667
2023-02-22 05:00:00,2109.16666666667,18.3166666666667,270.933333333333
2023-02-22 06:00:00,2106.5,20.45,269.916666666667
2023-02-22 07:00:00,2106.16666666667,19.8666666666667,270.333333333333
2023-02-22 08:00:00,2114.16666666667,16.6,271.616666666667
2023-02-22 09:00:00,2118.5,19.9,272.25
2023-02-22 10:00:00,2116.16666666667,25.1166666666667,272.616666666667
2023-02-22 11:00:00,2112.16666666667,28.2166666666667,273.1
2023-02-22 12:00:00,2097.0,29.0833333333333,273.616666666667
2023-02-22 13:00:00,2114.4,30.0833333333333,273.45
2023-02-22 14:00:00,2094.0,36.7333333333333,274.083333333333
2023-02-22 15:00:00,2112.33333333333,42.5666666666667,273.2
2023-02-22 16:00:00,2103.16666666667,43.8666666666667,273.1
2023-02-22 17:00:00,2111.66666666667,48.1,271.5
2023-02-22 18:00:00,2115.83333333333,52.35,269.916666666667
2023-02-22 19:00:00,2124.83333333333,51.8,270.366666666667
2023-02-22 20:00:00,2123.0,53.0,270.0
2023-02-22 21:00:00,2123.16666666667,54.4,269.6
2023-02-22 22:00:00,2123.83333333333,58.0666666666667,269.033333333333
2023-02-22 23:00:00,2123.66666666667,59.8833333333333,268.383333333333
2023-02-23 00:00:00,2120.66666666667,60.2166666666667,268.016666666667
2023-02-23 01:00:00,2120.16666666667,64.2333333333333,267.133333333333
2023-02-23 02:00:00,,,
2023-02-23 03:00:00,,,
2023-02-23 04:00:00,,,
2023-02-23 05:00:00,,,
2023-02-23 06:00:00,,,
2023-02-23 07:00:00,2117.4,80.04,265.69
2023-02-23 08:00:00,,,
2023-02-23 09:00:00,,,
2023-02-23 10:00:00,,,
2023-02-23 11:00:00,2105.8,74.84,266.69
2023-02-23 12:00:00,,,
2023-02-23 13:00:00,,,
2023-02-23 14:00:00,2095.2,79.7,268.41
2023-02-23 15:00:00,,,
2023-02-23 16:00:00,,,
2023-02-23 17:00:00,,,
2023-02-23 18:00:00,,,
2023-02-23 19:00:00,,,
2023-02-23 20:00:00,,,
2023-02-23 21:00:00,2114.8,82.5,266.65
2023-02-23 22:00:00,,,
2023-02-23 23:00:00,2112.6,77.24,266.05
2023-02-24 00:00:00,2110.8,76.2,265.93
2023-02-24 01:00:00,2107.6,78.18,265.67
2023-02-24 02:00:00,,,
2023-02-24 03:00:00,2107.2,76.62,265.39
2023-02-24 04:00:00,,,
2023-02-24 05:00:00,,,
2023-02-24 06:00:00,,,
2023-02-24 07:00:00,,,
2023-02-24 08:00:00,2114.2,74.78,266.23
2023-02-24 09:00:00,,,
2023-02-24 10:00:00,,,
2023-02-24 11:00:00,2106.8,64.34,268.17
2023-02-24 12:00:00,,,
2023-02-24 13:00:00,,,
2023-02-24 14:00:00,2101.4,69.36,268.43
2023-02-24 15:00:00,,,
2023-02-24 16:00:00,2101.83333333333,67.8666666666667,268.4
2023-02-24 17:00:00,2105.6,62.68,268.19
2023-02-24 18:00:00,2106.66666666667,62.7166666666667,268.05
2023-02-24 19:00:00,,,
2023-02-24 20:00:00,2110.83333333333,62.2666666666667,267.2
2023-02-24 21:00:00,2110.8,65.34,267.17
2023-02-24 22:00:00,2111.66666666667,68.4166666666667,267.133333333333
2023-02-24 23:00:00,2112.16666666667,67.0166666666667,267.116666666667
2023-02-25 00:00:00,2113.16666666667,74.5666666666667,266.95
2023-02-25 01:00:00,2113.66666666667,85.4166666666667,266.316666666667
2023-02-25 02:00:00,,,
2023-02-25 03:00:00,2113.4,81.48,266.75
2023-02-25 04:00:00,2125.8,90.64,266.33
2023-02-25 05:00:00,2146.0,91.1666666666667,266.333333333333
2023-02-25 06:00:00,2169.16666666667,91.0833333333333,265.866666666667
2023-02-25 07:00:00,2182.5,89.4833333333334,265.283333333333
2023-02-25 08:00:00,2194.5,89.3666666666667,264.75
2023-02-25 09:00:00,2201.0,88.5833333333333,264.65
2023-02-25 10:00:00,2205.33333333333,87.8833333333333,264.75
2023-02-25 11:00:00,2193.5,89.1166666666667,264.916666666667
2023-02-25 12:00:00,2184.0,87.9,265.116666666667
2023-02-25 13:00:00,2179.33333333333,89.2,265.216666666667
2023-02-25 14:00:00,2180.16666666667,89.8166666666667,265.283333333333
2023-02-25 15:00:00,2183.0,89.8166666666667,265.216666666667
2023-02-25 16:00:00,2171.0,89.72,264.99
2023-02-25 17:00:00,2166.33333333333,89.4666666666667,264.533333333333
2023-02-25 18:00:00,2168.5,88.9833333333333,264.1
2023-02-25 19:00:00,2168.33333333333,88.35,263.5
2023-02-25 20:00:00,2162.83333333333,87.65,262.916666666667
2023-02-25 21:00:00,2170.16666666667,86.7,262.233333333333
2023-02-25 22:00:00,2177.33333333333,85.75,261.5
2023-02-25 23:00:00,2164.33333333333,84.0,260.466666666667
2023-02-26 00:00:00,2209.0,81.8666666666667,259.066666666667
2023-02-26 01:00:00,2226.66666666667,81.0833333333333,258.083333333333
2023-02-26 02:00:00,2258.5,80.7833333333333,257.816666666667
2023-02-26 03:00:00,2268.0,80.5666666666667,257.5
2023-02-26 04:00:00,2268.5,80.2833333333333,257.133333333333
2023-02-26 05:00:00,2293.66666666667,80.05,257.033333333333
2023-02-26 06:00:00,2291.16666666667,79.65,256.833333333333
2023-02-26 07:00:00,2300.0,79.0166666666667,256.283333333333
2023-02-26 08:00:00,2299.16666666667,78.6166666666667,255.75
2023-02-26 09:00:00,2299.83333333333,78.3,255.416666666667
2023-02-26 10:00:00,2309.66666666667,78.1,255.283333333333
2023-02-26 11:00:00,2301.33333333333,77.8666666666667,255.183333333333
2023-02-26 12:00:00,2292.66666666667,78.3833333333334,255.716666666667
2023-02-26 13:00:00,2285.5,78.4333333333333,256.216666666667
2023-02-26 14:00:00,2286.0,78.0166666666667,256.133333333333
2023-02-26 15:00:00,2284.0,77.9666666666667,255.8
2023-02-26 16:00:00,2280.4,78.12,255.75
2023-02-26 17:00:00,2282.16666666667,77.7833333333334,255.2
2023-02-26 18:00:00,2282.16666666667,77.7166666666667,255.133333333333
2023-02-26 19:00:00,2283.5,77.5,254.766666666667
2023-02-26 20:00:00,2279.33333333333,77.5,254.833333333333
2023-02-26 21:00:00,2277.83333333333,77.5,254.883333333333
2023-02-26 22:00:00,2276.83333333333,77.65,255.016666666667
2023-02-26 23:00:00,2275.66666666667,77.4833333333333,255.083333333333
2023-02-27 00:00:00,2279.33333333333,77.1666666666667,254.716666666667
2023-02-27 01:00:00,2286.83333333333,78.8833333333334,255.766666666667
2023-02-27 02:00:00,,,
2023-02-27 03:00:00,,,
2023-02-27 04:00:00,2271.6,80.82,258.01
2023-02-27 05:00:00,2262.2,80.36,257.77
2023-02-27 06:00:00,,,
2023-02-27 07:00:00,,,
2023-02-27 08:00:00,,,
2023-02-27 09:00:00,2261.6,85.52,261.31
2023-02-27 10:00:00,2245.0,89.38,264.09
2023-02-27 11:00:00,,,
2023-02-27 12:00:00,2210.4,92.46,267.75
2023-02-27 13:00:00,,,
2023-02-27 14:00:00,2168.2,96.26,273.05
2023-02-27 15:00:00,,,
2023-02-27 16:00:00,2191.6,94.28,268.93
2023-02-27 17:00:00,2215.8,88.42,264.47
2023-02-27 18:00:00,,,
2023-02-27 19:00:00,2250.16666666667,85.8166666666667,261.15
2023-02-27 20:00:00,2252.2,84.62,260.47
2023-02-27 21:00:00,2252.16666666667,85.8666666666667,261.233333333333
2023-02-27 22:00:00,2255.0,85.7833333333333,261.266666666667
2023-02-27 23:00:00,2257.0,85.9833333333333,261.966666666667
2023-02-28 00:00:00,2256.16666666667,85.9833333333333,261.65
2023-02-28 01:00:00,2256.5,83.8833333333333,261.75
2023-02-28 02:00:00,,,
2023-02-28 03:00:00,2207.0,63.36,263.21
2023-02-28 04:00:00,,,
2023-02-28 05:00:00,2204.4,67.02,262.59
2023-02-28 06:00:00,2205.2,66.18,262.91
2023-02-28 07:00:00,,,
2023-02-28 08:00:00,,,
2023-02-28 09:00:00,2199.0,65.46,263.11
2023-02-28 10:00:00,,,
2023-02-28 11:00:00,2182.8,64.42,263.77
2023-02-28 12:00:00,,,
2023-02-28 13:00:00,2166.8,60.02,265.11
2023-02-28 14:00:00,,,
2023-02-28 15:00:00,2179.6,67.84,265.77
2023-02-28 16:00:00,2164.4,68.72,265.65
2023-02-28 17:00:00,2169.5,74.45,264.166666666667
2023-02-28 18:00:00,2185.5,82.45,262.6
2023-02-28 19:00:00,2190.16666666667,83.3,261.883333333333
2023-02-28 20:00:00,2191.83333333333,79.15,262.766666666667
2023-02-28 21:00:00,2194.33333333333,74.9166666666667,263.233333333333
2023-02-28 22:00:00,2194.16666666667,69.8666666666667,263.633333333333
2023-02-28 23:00:00,2194.83333333333,69.5833333333333,263.433333333333
2023-03-01 00:00:00,2193.5,70.0166666666667,263.266666666667
2023-03-01 01:00:00,2190.33333333333,70.75,262.95
2023-03-01 02:00:00,,,
2023-03-01 03:00:00,2192.0,66.9,262.77
2023-03-01 04:00:00,2190.5,65.1333333333334,262.916666666667
2023-03-01 05:00:00,2191.66666666667,62.0166666666667,263.216666666667
2023-03-01 06:00:00,2191.66666666667,57.3,263.533333333333
2023-03-01 07:00:00,2191.0,52.9833333333333,264.05
2023-03-01 08:00:00,2188.33333333333,58.65,263.75
2023-03-01 09:00:00,2186.33333333333,60.3833333333333,263.7
2023-03-01 10:00:00,2186.66666666667,55.5666666666667,264.5
2023-03-01 11:00:00,2170.66666666667,53.0166666666667,266.1
2023-03-01 12:00:00,2180.2,60.12,266.77
2023-03-01 13:00:00,2173.83333333333,66.9166666666667,266.933333333333
2023-03-01 14:00:00,2181.8,82.88,266.53
2023-03-01 15:00:00,2183.33333333333,90.8166666666667,266.566666666667
2023-03-01 16:00:00,2182.66666666667,88.55,266.883333333333
2023-03-01 17:00:00,2177.33333333333,85.8666666666667,266.75
2023-03-01 18:00:00,2183.83333333333,86.45,266.45
2023-03-01 19:00:00,2189.16666666667,84.8666666666667,266.4
2023-03-01 20:00:00,2192.0,85.7666666666667,266.216666666667
2023-03-01 21:00:00,2191.33333333333,85.8833333333333,266.2
2023-03-01 22:00:00,2192.33333333333,90.5833333333333,265.983333333333
2023-03-01 23:00:00,2200.83333333333,91.5833333333333,265.666666666667
2023-03-02 00:00:00,2200.83333333333,91.1833333333333,265.416666666667
2023-03-02 01:00:00,2196.16666666667,90.7666666666667,265.133333333333
2023-03-02 02:00:00,,,
2023-03-02 03:00:00,,,
2023-03-02 04:00:00,2214.2,90.06,264.63
2023-03-02 05:00:00,,,
2023-03-02 06:00:00,,,
2023-03-02 07:00:00,,,
2023-03-02 08:00:00,,,
2023-03-02 09:00:00,2203.2,89.44,264.33
2023-03-02 10:00:00,,,
2023-03-02 11:00:00,2197.4,90.26,265.53
2023-03-02 12:00:00,2196.6,90.54,265.93
2023-03-02 13:00:00,2195.0,90.66,266.23
2023-03-02 14:00:00,,,
2023-03-02 15:00:00,,,
2023-03-02 16:00:00,,,
2023-03-02 17:00:00,2179.2,90.56,266.25
2023-03-02 18:00:00,,,
2023-03-02 19:00:00,2190.66666666667,81.3166666666667,263.683333333333
2023-03-02 20:00:00,,,
2023-03-02 21:00:00,2187.0,83.6666666666667,263.166666666667
2023-03-02 22:00:00,2185.6,82.5,263.71
2023-03-02 23:00:00,2189.6,83.28,263.63
2023-03-03 00:00:00,2186.66666666667,83.5333333333334,263.466666666667
2023-03-03 01:00:00,2186.83333333333,84.5666666666667,263.466666666667
2023-03-03 02:00:00,2189.0,83.6,263.23
2023-03-03 03:00:00,,,
2023-03-03 04:00:00,,,
2023-03-03 05:00:00,2186.0,83.98,263.09
2023-03-03 06:00:00,,,
2023-03-03 07:00:00,,,
2023-03-03 08:00:00,,,
2023-03-03 09:00:00,2181.0,82.64,262.81
2023-03-03 10:00:00,,,
2023-03-03 11:00:00,2163.5,65.7166666666667,266.333333333333
2023-03-03 12:00:00,,,
2023-03-03 13:00:00,2146.33333333333,65.7,266.766666666667
2023-03-03 14:00:00,2146.4,67.66,267.07
2023-03-03 15:00:00,2159.8,74.14,266.41
2023-03-03 16:00:00,2168.0,79.2333333333333,265.05
2023-03-03 17:00:00,2178.0,87.5,264.29
2023-03-03 18:00:00,2174.8,88.4,263.39
2023-03-03 19:00:00,2178.16666666667,88.4166666666667,263.75
2023-03-03 20:00:00,2178.16666666667,89.9333333333333,264.283333333333
2023-03-03 21:00:00,2177.16666666667,88.6833333333333,263.866666666667
2023-03-03 22:00:00,2171.83333333333,85.9166666666667,262.116666666667
2023-03-03 23:00:00,2174.33333333333,67.5166666666667,262.916666666667
2023-03-04 00:00:00,2170.83333333333,58.2333333333333,262.933333333333
2023-03-04 01:00:00,2169.16666666667,54.7333333333333,263.05
2023-03-04 02:00:00,2168.6,48.74,263.85
2023-03-04 03:00:00,2168.4,41.14,263.69
2023-03-04 04:00:00,2166.0,34.85,263.7
2023-03-04 05:00:00,2164.33333333333,28.3166666666667,263.866666666667
2023-03-04 06:00:00,2166.0,26.05,263.566666666667
2023-03-04 07:00:00,2164.0,24.3166666666667,263.983333333333
2023-03-04 08:00:00,2163.33333333333,24.3333333333333,264.383333333333
2023-03-04 09:00:00,2162.83333333333,24.3833333333333,264.616666666667
2023-03-04 10:00:00,2162.66666666667,24.8333333333333,265.1
2023-03-04 11:00:00,2152.8,25.08,265.91
2023-03-04 12:00:00,2155.16666666667,23.3333333333333,266.383333333333
2023-03-04 13:00:00,2156.16666666667,23.0333333333333,266.8
2023-03-04 14:00:00,2165.5,29.4333333333333,266.05
2023-03-04 15:00:00,2169.66666666667,29.3,265.716666666667
2023-03-04 16:00:00,2167.66666666667,42.5333333333333,264.733333333333
2023-03-04 17:00:00,2168.66666666667,57.8,264.116666666667
2023-03-04 18:00:00,2168.66666666667,61.6833333333333,263.55
2023-03-04 19:00:00,2172.66666666667,63.8166666666667,263.233333333333
2023-03-04 20:00:00,2169.83333333333,72.7,262.333333333333
2023-03-04 21:00:00,2169.83333333333,69.4833333333333,262.433333333333
2023-03-04 22:00:00,2170.16666666667,50.4333333333333,262.916666666667
2023-03-04 23:00:00,2168.33333333333,53.5,262.583333333333
2023-03-05 00:00:00,2167.66666666667,51.8,262.366666666667
2023-03-05 01:00:00,2167.33333333333,52.9833333333333,262.366666666667
2023-03-05 02:00:00,,,
2023-03-05 03:00:00,,,
2023-03-05 04:00:00,,,
2023-03-05 05:00:00,,,
2023-03-05 06:00:00,,,
2023-03-05 07:00:00,,,
2023-03-05 08:00:00,,,
2023-03-05 09:00:00,,,
2023-03-05 10:00:00,,,
2023-03-05 11:00:00,,,
2023-03-05 12:00:00,,,
2023-03-05 13:00:00,,,
2023-03-05 14:00:00,,,
2023-03-05 15:00:00,,,
2023-03-05 16:00:00,,,
2023-03-05 17:00:00,,,
2023-03-05 18:00:00,,,
2023-03-05 19:00:00,2163.0,39.22,263.57
2023-03-05 20:00:00,2166.0,31.82,263.25
2023-03-05 21:00:00,2167.8,26.3,262.89
2023-03-05 22:00:00,2170.4,22.8,262.85
2023-03-05 23:00:00,,,
2023-03-06 00:00:00,2170.0,22.2333333333333,262.833333333333
2023-03-06 01:00:00,,,
2023-03-06 02:00:00,2165.0,31.4,261.95
2023-03-06 03:00:00,,,
2023-03-06 04:00:00,2162.0,36.66,262.01
2023-03-06 05:00:00,2164.6,40.8,261.97
2023-03-06 06:00:00,,,
2023-03-06 07:00:00,2169.8,41.7,262.85
2023-03-06 08:00:00,,,
2023-03-06 09:00:00,,,
2023-03-06 10:00:00,,,
2023-03-06 11:00:00,2157.0,42.9,264.57
2023-03-06 12:00:00,2156.2,50.2,264.41
2023-03-06 13:00:00,2161.4,53.02,264.51
2023-03-06 14:00:00,,,
2023-03-06 15:00:00,2167.8,55.36,265.13
2023-03-06 16:00:00,2166.8,58.46,264.91
2023-03-06 17:00:00,2166.66666666667,57.7333333333333,264.483333333333
2023-03-06 18:00:00,2169.6,56.06,263.67
2023-03-06 19:00:00,2172.0,57.76,263.23
2023-03-06 20:00:00,2168.33333333333,58.0666666666667,262.933333333333
2023-03-06 21:00:00,2169.0,57.1666666666667,262.8
2023-03-06 22:00:00,2168.66666666667,62.4833333333334,262.45
2023-03-06 23:00:00,2165.16666666667,69.8333333333333,262.15
2023-03-07 00:00:00,2165.33333333333,65.65,262.033333333333
2023-03-07 01:00:00,2169.16666666667,56.0666666666667,262.516666666667
2023-03-07 02:00:00,,,
2023-03-07 03:00:00,2166.6,49.96,262.27
2023-03-07 04:00:00,,,
2023-03-07 05:00:00,,,
2023-03-07 06:00:00,2169.6,49.6,262.29
2023-03-07 07:00:00,2166.0,50.72,262.31
2023-03-07 08:00:00,2166.66666666667,53.2333333333333,262.8
2023-03-07 09:00:00,,,
2023-03-07 10:00:00,2162.0,31.1333333333333,264.7
2023-03-07 11:00:00,2155.83333333333,29.0666666666667,266.1
2023-03-07 12:00:00,2157.66666666667,26.9166666666667,266.75
2023-03-07 13:00:00,2160.0,24.58,267.09
2023-03-07 14:00:00,2160.5,22.9666666666667,267.566666666667
2023-03-07 15:00:00,2162.83333333333,28.7333333333333,267.216666666667
2023-03-07 16:00:00,2162.4,32.66,266.91
2023-03-07 17:00:00,2164.0,32.6333333333333,266.666666666667
2023-03-07 18:00:00,2165.16666666667,38.3666666666667,266.333333333333
2023-03-07 19:00:00,2165.83333333333,49.7,265.483333333333
2023-03-07 20:00:00,2164.16666666667,60.7666666666667,264.616666666667
2023-03-07 21:00:00,2164.5,64.8333333333333,264.0
2023-03-07 22:00:00,2167.66666666667,66.3666666666667,264.433333333333
2023-03-07 23:00:00,2168.0,66.7,264.816666666667
2023-03-08 00:00:00,2167.66666666667,73.75,264.6
2023-03-08 01:00:00,2166.66666666667,79.75,263.966666666667
2023-03-08 02:00:00,,,
2023-03-08 03:00:00,,,
2023-03-08 04:00:00,,,
2023-03-08 05:00:00,,,
2023-03-08 06:00:00,,,
2023-03-08 07:00:00,,,
2023-03-08 08:00:00,,,
2023-03-08 09:00:00,,,
2023-03-08 10:00:00,2159.2,67.56,267.31
2023-03-08 11:00:00,,,
2023-03-08 12:00:00,,,
2023-03-08 13:00:00,,,
2023-03-08 14:00:00,,,
2023-03-08 15:00:00,2137.6,71.0,270.15
2023-03-08 16:00:00,,,
2023-03-08 17:00:00,,,
2023-03-08 18:00:00,,,
2023-03-08 19:00:00,,,
2023-03-08 20:00:00,,,
2023-03-08 21:00:00,2138.0,81.7833333333333,268.883333333333
2023-03-08 22:00:00,2135.6,82.52,269.11
2023-03-08 23:00:00,,,
2023-03-09 00:00:00,,,
2023-03-09 01:00:00,,,
2023-03-09 02:00:00,,,
2023-03-09 03:00:00,,,
2023-03-09 04:00:00,2138.4,71.84,269.69
2023-03-09 05:00:00,,,
2023-03-09 06:00:00,,,
2023-03-09 07:00:00,,,
2023-03-09 08:00:00,2135.5,63.8666666666667,269.1
2023-03-09 09:00:00,,,
2023-03-09 10:00:00,2135.0,91.26,268.03
2023-03-09 11:00:00,,,
2023-03-09 12:00:00,2192.6,87.38,268.23
2023-03-09 13:00:00,2184.4,79.78,268.05
2023-03-09 14:00:00,,,
2023-03-09 15:00:00,2179.0,69.68,268.61
2023-03-09 16:00:00,,,
2023-03-09 17:00:00,2176.2,61.74,269.15
2023-03-09 18:00:00,,,
2023-03-09 19:00:00,2176.2,52.14,267.77
2023-03-09 20:00:00,,,
2023-03-09 21:00:00,2175.83333333333,49.6333333333333,268.2
2023-03-09 22:00:00,2179.8,50.82,268.25
2023-03-09 23:00:00,,,
2023-03-10 00:00:00,2174.83333333333,54.9666666666667,268.65
2023-03-10 01:00:00,2169.0,52.84,268.73
2023-03-10 02:00:00,,,
2023-03-10 03:00:00,,,
2023-03-10 04:00:00,,,
2023-03-10 05:00:00,,,
2023-03-10 06:00:00,,,
2023-03-10 07:00:00,,,
2023-03-10 08:00:00,2122.4,81.78,266.79
2023-03-10 09:00:00,,,
2023-03-10 10:00:00,,,
2023-03-10 11:00:00,2123.0,65.08,268.47
2023-03-10 12:00:00,,,
2023-03-10 13:00:00,2124.2,76.04,268.49
2023-03-10 14:00:00,,,
2023-03-10 15:00:00,2134.8,68.98,268.37
2023-03-10 16:00:00,2142.16666666667,85.7,267.35
2023-03-10 17:00:00,2172.16666666667,88.6833333333333,266.833333333333
2023-03-10 18:00:00,2179.66666666667,84.0833333333333,266.383333333333
2023-03-10 19:00:00,2174.66666666667,74.1666666666667,265.75
2023-03-10 20:00:00,2161.83333333333,84.95,265.016666666667
2023-03-10 21:00:00,2164.83333333333,72.8333333333333,264.9
2023-03-10 22:00:00,2136.83333333333,72.8333333333333,265.1
2023-03-10 23:00:00,2140.33333333333,75.6333333333333,264.966666666667
2023-03-11 00:00:00,2143.83333333333,86.05,264.383333333333
2023-03-11 01:00:00,2154.83333333333,88.9,264.016666666667
2023-03-11 02:00:00,,,
2023-03-11 03:00:00,,,
2023-03-11 04:00:00,2186.33333333333,88.1333333333333,263.316666666667
2023-03-11 05:00:00,2200.6,87.84,263.19
2023-03-11 06:00:00,2198.6,87.58,263.15
2023-03-11 07:00:00,2198.6,87.6,262.99
2023-03-11 08:00:00,2201.33333333333,87.5166666666667,262.916666666667
2023-03-11 09:00:00,2200.83333333333,87.45,263.1
2023-03-11 10:00:00,2220.5,87.2166666666667,263.666666666667
2023-03-11 11:00:00,2226.5,85.7833333333333,264.45
2023-03-11 12:00:00,2229.0,84.2333333333333,264.833333333333
2023-03-11 13:00:00,,,
2023-03-11 14:00:00,2221.83333333333,85.8166666666667,265.1
2023-03-11 15:00:00,2223.66666666667,85.3833333333333,265.366666666667
2023-03-11 16:00:00,2222.83333333333,84.35,265.183333333333
2023-03-11 17:00:00,2218.0,89.3,264.983333333333
2023-03-11 18:00:00,2222.0,90.0,264.733333333333
2023-03-11 19:00:00,2233.16666666667,90.2666666666667,265.083333333333
2023-03-11 20:00:00,2242.66666666667,90.4833333333334,265.166666666667
2023-03-11 21:00:00,2273.16666666667,90.2166666666667,265.066666666667
2023-03-11 22:00:00,2300.5,89.9666666666667,264.883333333333
2023-03-11 23:00:00,2326.66666666667,89.8,264.633333333333
2023-03-12 00:00:00,2345.33333333333,90.1166666666667,264.816666666667
2023-03-12 01:00:00,2359.66666666667,90.4666666666667,265.033333333333
2023-03-12 02:00:00,,,
2023-03-12 03:00:00,,,
2023-03-12 04:00:00,,,
2023-03-12 05:00:00,2380.2,91.02,265.45
2023-03-12 06:00:00,,,
2023-03-12 07:00:00,,,
2023-03-12 08:00:00,2423.4,91.44,265.89
2023-03-12 09:00:00,,,
2023-03-12 10:00:00,2419.0,91.4333333333333,266.5
2023-03-12 11:00:00,2409.4,91.56,266.85
2023-03-12 12:00:00,,,
2023-03-12 13:00:00,2412.0,91.58,267.07
2023-03-12 14:00:00,,,
2023-03-12 15:00:00,2410.6,92.04,267.79
2023-03-12 16:00:00,2412.6,91.98,267.69
2023-03-12 17:00:00,2413.33333333333,91.1333333333333,267.083333333333
2023-03-12 18:00:00,2408.5,89.7333333333333,266.416666666667
2023-03-12 19:00:00,2398.5,75.1,266.366666666667
2023-03-12 20:00:00,2380.6,49.72,267.55
2023-03-12 21:00:00,2379.5,29.35,268.433333333333
2023-03-12 22:00:00,2379.5,20.8166666666667,268.833333333333
2023-03-12 23:00:00,2379.66666666667,18.35,269.183333333333
2023-03-13 00:00:00,2373.0,20.1333333333333,269.166666666667
2023-03-13 01:00:00,2370.0,17.8666666666667,269.433333333333
2023-03-13 02:00:00,2368.2,16.82,269.69
2023-03-13 03:00:00,2369.16666666667,26.1666666666667,270.233333333333
2023-03-13 04:00:00,2368.2,28.56,270.93
2023-03-13 05:00:00,2367.83333333333,32.7333333333333,271.366666666667
2023-03-13 06:00:00,2366.33333333333,42.1333333333333,271.3
2023-03-13 07:00:00,2367.0,55.36,271.65
2023-03-13 08:00:00,2373.33333333333,63.1666666666667,272.1
2023-03-13 09:00:00,2364.8,72.7,272.17
2023-03-13 10:00:00,2357.4,73.94,273.09
2023-03-13 11:00:00,2355.83333333333,80.6833333333333,273.166666666667
2023-03-13 12:00:00,2354.4,71.76,274.71
2023-03-13 13:00:00,2349.33333333333,66.1166666666667,275.116666666667
2023-03-13 14:00:00,2351.66666666667,56.7833333333333,275.416666666667
2023-03-13 15:00:00,2346.2,41.28,276.05
2023-03-13 16:00:00,2342.5,36.5166666666667,276.166666666667
2023-03-13 17:00:00,2341.5,34.15,276.116666666667
2023-03-13 18:00:00,2319.16666666667,29.3833333333333,275.666666666667
2023-03-13 19:00:00,2301.16666666667,25.4166666666667,275.583333333333
2023-03-13 20:00:00,2312.83333333333,26.15,275.35
2023-03-13 21:00:00,2255.66666666667,31.9666666666667,274.9
2023-03-13 22:00:00,2215.66666666667,39.0166666666667,274.166666666667
2023-03-13 23:00:00,2289.33333333333,65.0833333333333,271.716666666667
2023-03-14 00:00:00,2296.83333333333,64.4666666666667,272.266666666667
2023-03-14 01:00:00,2278.66666666667,67.9166666666667,272.633333333333
2023-03-14 02:00:00,2280.4,69.86,272.81
2023-03-14 03:00:00,2317.33333333333,73.0833333333333,272.583333333333
2023-03-14 04:00:00,2320.66666666667,88.8333333333333,270.9
2023-03-14 05:00:00,2344.33333333333,95.65,269.166666666667
2023-03-14 06:00:00,2365.83333333333,95.4,269.033333333333
2023-03-14 07:00:00,2391.16666666667,94.7833333333334,268.516666666667
2023-03-14 08:00:00,2421.0,94.92,268.55
2023-03-14 09:00:00,2462.66666666667,95.2666666666667,269.066666666667
2023-03-14 10:00:00,2506.16666666667,93.9,268.85
2023-03-14 11:00:00,2510.5,92.4,269.216666666667
2023-03-14 12:00:00,2504.16666666667,86.4833333333333,269.433333333333
2023-03-14 13:00:00,2503.33333333333,74.9833333333333,269.683333333333
2023-03-14 14:00:00,2500.83333333333,68.7833333333334,269.433333333333
2023-03-14 15:00:00,2495.33333333333,77.9833333333333,269.5
2023-03-14 16:00:00,2512.0,89.9166666666667,268.35
2023-03-14 17:00:00,2549.33333333333,88.4333333333333,266.516666666667
2023-03-14 18:00:00,2553.33333333333,90.7833333333333,265.5
2023-03-14 19:00:00,2553.16666666667,89.5333333333334,264.333333333333
2023-03-14 20:00:00,2543.66666666667,88.6333333333334,263.466666666667
2023-03-14 21:00:00,2545.0,87.7166666666667,263.2
2023-03-14 22:00:00,2535.83333333333,87.6166666666667,263.266666666667
2023-03-14 23:00:00,2540.5,88.3666666666667,263.116666666667
2023-03-15 00:00:00,2527.8,87.48,262.55
2023-03-15 01:00:00,2510.33333333333,86.2,261.6
2023-03-15 02:00:00,,,
2023-03-15 03:00:00,,,
2023-03-15 04:00:00,2537.2,82.38,261.43
2023-03-15 05:00:00,2576.0,83.4166666666667,260.866666666667
2023-03-15 06:00:00,,,
2023-03-15 07:00:00,,,
2023-03-15 08:00:00,,,
2023-03-15 09:00:00,,,
2023-03-15 10:00:00,,,
2023-03-15 11:00:00,2594.4,51.82,258.63
2023-03-15 12:00:00,2589.6,56.34,258.83
2023-03-15 13:00:00,,,
2023-03-15 14:00:00,,,
2023-03-15 15:00:00,2574.2,56.28,259.63
2023-03-15 16:00:00,2559.8,60.52,260.15
2023-03-15 17:00:00,,,
2023-03-15 18:00:00,,,
2023-03-15 19:00:00,,,
2023-03-15 20:00:00,,,
2023-03-15 21:00:00,2548.8,81.26,258.83
2023-03-15 22:00:00,2555.8,81.96,258.85
2023-03-15 23:00:00,,,
2023-03-16 00:00:00,2547.6,81.72,258.59
2023-03-16 01:00:00,2544.83333333333,77.9,258.533333333333
2023-03-16 02:00:00,2538.0,45.9333333333333,259.7
2023-03-16 03:00:00,,,
2023-03-16 04:00:00,,,
2023-03-16 05:00:00,,,
2023-03-16 06:00:00,,,
2023-03-16 07:00:00,,,
2023-03-16 08:00:00,,,
2023-03-16 09:00:00,2527.16666666667,17.5833333333333,265.383333333333
2023-03-16 10:00:00,,,
2023-03-16 11:00:00,,,
2023-03-16 12:00:00,2505.2,31.56,267.19
2023-03-16 13:00:00,,,
2023-03-16 14:00:00,2501.6,40.36,269.27
2023-03-16 15:00:00,2508.2,47.8,269.97
2023-03-16 16:00:00,2506.83333333333,47.9166666666667,269.666666666667
2023-03-16 17:00:00,2508.33333333333,51.65,269.0
2023-03-16 18:00:00,2508.6,56.64,268.37
2023-03-16 19:00:00,2512.0,61.35,268.316666666667
2023-03-16 20:00:00,2511.5,63.8333333333333,268.983333333333
2023-03-16 21:00:00,2505.83333333333,67.6333333333333,269.1
2023-03-16 22:00:00,2504.66666666667,67.9,269.9
2023-03-16 23:00:00,2499.83333333333,59.4833333333333,270.816666666667
2023-03-17 00:00:00,2496.83333333333,42.8333333333333,271.45
2023-03-17 01:00:00,2492.5,29.9,271.666666666667
2023-03-17 02:00:00,2490.5,19.5166666666667,271.716666666667
2023-03-17 03:00:00,,,
2023-03-17 04:00:00,,,
2023-03-17 05:00:00,2487.66666666667,23.3166666666667,273.2
2023-03-17 06:00:00,2486.33333333333,26.9166666666667,273.133333333333
2023-03-17 07:00:00,2485.33333333333,26.9166666666667,273.2
2023-03-17 08:00:00,2481.66666666667,24.8166666666667,273.716666666667
2023-03-17 09:00:00,2478.5,24.25,274.25
2023-03-17 10:00:00,2473.83333333333,21.8666666666667,275.066666666667
2023-03-17 11:00:00,2469.4,28.34,275.49
2023-03-17 12:00:00,2467.83333333333,26.7833333333333,276.15
2023-03-17 13:00:00,2467.0,26.2666666666667,277.366666666667
2023-03-17 14:00:00,2467.66666666667,26.7333333333333,277.883333333333
2023-03-17 15:00:00,2470.66666666667,29.3333333333333,277.8
2023-03-17 16:00:00,2462.83333333333,30.0166666666667,277.183333333333
2023-03-17 17:00:00,2462.5,31.8833333333333,276.166666666667
2023-03-17 18:00:00,2474.16666666667,31.0833333333333,276.233333333333
2023-03-17 19:00:00,2472.33333333333,33.7166666666667,275.833333333333
2023-03-17 20:00:00,2470.16666666667,30.3166666666667,275.933333333333
2023-03-17 21:00:00,2470.0,25.0166666666667,275.933333333333
2023-03-17 22:00:00,2468.0,20.2666666666667,275.95
2023-03-17 23:00:00,2460.5,18.8,275.733333333333
2023-03-18 00:00:00,2460.83333333333,18.7666666666667,275.466666666667
2023-03-18 01:00:00,2460.0,21.8,274.966666666667
2023-03-18 02:00:00,,,
2023-03-18 03:00:00,2459.6,29.46,274.59
2023-03-18 04:00:00,,,
2023-03-18 05:00:00,2455.0,40.86,272.99
2023-03-18 06:00:00,2450.8,46.9,271.67
2023-03-18 07:00:00,,,
2023-03-18 08:00:00,,,
2023-03-18 09:00:00,,,
2023-03-18 10:00:00,2443.4,45.84,272.89
2023-03-18 11:00:00,2437.0,45.06,273.85
2023-03-18 12:00:00,,,
2023-03-18 13:00:00,2445.0,49.24,274.13
2023-03-18 14:00:00,,,
2023-03-18 15:00:00,,,
2023-03-18 16:00:00,2439.83333333333,47.4666666666667,273.9
2023-03-18 17:00:00,2434.66666666667,51.0666666666667,273.15
2023-03-18 18:00:00,,,
2023-03-18 19:00:00,,,
2023-03-18 20:00:00,,,
2023-03-18 21:00:00,2446.83333333333,53.45,271.6
2023-03-18 22:00:00,,,
2023-03-18 23:00:00,2445.0,59.0,271.07
2023-03-19 00:00:00,2443.2,59.24,270.85
2023-03-19 01:00:00,2444.6,61.74,270.63
2023-03-19 02:00:00,,,
2023-03-19 03:00:00,2442.8,56.36,270.71
2023-03-19 04:00:00,,,
2023-03-19 05:00:00,2440.8,53.12,270.57
2023-03-19 06:00:00,,,
2023-03-19 07:00:00,,,
2023-03-19 08:00:00,2429.83333333333,61.4,268.783333333333
2023-03-19 09:00:00,,,
2023-03-19 10:00:00,,,
2023-03-19 11:00:00,2401.6,69.72,270.69
2023-03-19 12:00:00,2412.0,70.16,271.39
2023-03-19 13:00:00,,,
2023-03-19 14:00:00,2408.33333333333,66.5333333333333,271.95
2023-03-19 15:00:00,,,
2023-03-19 16:00:00,2422.4,75.92,270.25
2023-03-19 17:00:00,2418.6,80.02,270.15
2023-03-19 18:00:00,2424.8,86.54,269.49
2023-03-19 19:00:00,,,
2023-03-19 20:00:00,2429.6,95.52,268.59
2023-03-19 21:00:00,2424.16666666667,95.2666666666667,268.483333333333
2023-03-19 22:00:00,2419.83333333333,94.7333333333333,268.283333333333
2023-03-19 23:00:00,2419.66666666667,94.4666666666667,268.1
2023-03-20 00:00:00,2421.0,93.7666666666667,267.466666666667
2023-03-20 01:00:00,2421.16666666667,93.9666666666667,267.733333333333
2023-03-20 02:00:00,,,
2023-03-20 03:00:00,,,
2023-03-20 04:00:00,,,
2023-03-20 05:00:00,,,
2023-03-20 06:00:00,,,
2023-03-20 07:00:00,,,
2023-03-20 08:00:00,,,
2023-03-20 09:00:00,2447.2,93.82,267.71
2023-03-20 10:00:00,2447.2,95.08,269.19
2023-03-20 11:00:00,2434.2,91.54,268.93
2023-03-20 12:00:00,2455.5,85.3,268.666666666667
2023-03-20 13:00:00,,,
2023-03-20 14:00:00,2434.16666666667,84.9166666666667,269.3
2023-03-20 15:00:00,2447.2,86.3,268.49
2023-03-20 16:00:00,2448.83333333333,88.25,268.183333333333
2023-03-20 17:00:00,2445.83333333333,89.25,268.116666666667
2023-03-20 18:00:00,2440.33333333333,81.4333333333333,267.833333333333
2023-03-20 19:00:00,2438.66666666667,71.1666666666667,267.366666666667
2023-03-20 20:00:00,2437.16666666667,75.5333333333334,267.183333333333
2023-03-20 21:00:00,2434.5,69.7,267.216666666667
2023-03-20 22:00:00,2431.83333333333,64.45,267.066666666667
2023-03-20 23:00:00,2431.83333333333,54.4333333333333,267.083333333333
2023-03-21 00:00:00,2432.0,51.0166666666667,268.166666666667
2023-03-21 01:00:00,2436.16666666667,46.6333333333333,268.783333333333
2023-03-21 02:00:00,2437.0,39.5,269.37
2023-03-21 03:00:00,2433.83333333333,48.6333333333333,269.083333333333
2023-03-21 04:00:00,2423.5,60.65,268.933333333333
2023-03-21 05:00:00,2414.16666666667,69.7,269.5
2023-03-21 06:00:00,2410.5,70.8333333333333,269.483333333333
2023-03-21 07:00:00,2410.0,72.4166666666667,270.166666666667
2023-03-21 08:00:00,2409.0,73.9,270.883333333333
2023-03-21 09:00:00,2408.16666666667,72.1833333333333,271.166666666667
2023-03-21 10:00:00,2395.5,73.5833333333333,272.116666666667
2023-03-21 11:00:00,2406.33333333333,76.05,272.733333333333
2023-03-21 12:00:00,2407.83333333333,73.0833333333333,273.033333333333
2023-03-21 13:00:00,2386.66666666667,73.6333333333333,273.2
2023-03-21 14:00:00,2385.66666666667,77.9666666666667,272.316666666667
2023-03-21 15:00:00,2380.83333333333,74.05,272.666666666667
2023-03-21 16:00:00,2368.5,71.1833333333333,273.233333333333
2023-03-21 17:00:00,2376.33333333333,74.2833333333334,272.65
2023-03-21 18:00:00,2389.5,80.3166666666667,271.583333333333
2023-03-21 19:00:00,2390.16666666667,81.3833333333333,270.916666666667
2023-03-21 20:00:00,2388.83333333333,85.1833333333333,270.583333333333
2023-03-21 21:00:00,2388.5,85.9666666666667,270.566666666667
2023-03-21 22:00:00,2385.66666666667,88.1666666666667,270.0
2023-03-21 23:00:00,2385.5,89.3,269.8
2023-03-22 00:00:00,2384.83333333333,81.1666666666667,269.6
2023-03-22 01:00:00,2385.16666666667,78.9666666666667,270.2
2023-03-22 02:00:00,2378.8,76.84,270.13
2023-03-22 03:00:00,,,
2023-03-22 04:00:00,2379.0,75.0,270.11
2023-03-22 05:00:00,,,
2023-03-22 06:00:00,,,
2023-03-22 07:00:00,,,
2023-03-22 08:00:00,2371.2,64.64,270.35
2023-03-22 09:00:00,,,
2023-03-22 10:00:00,,,
2023-03-22 11:00:00,,,
2023-03-22 12:00:00,,,
2023-03-22 13:00:00,,,
2023-03-22 14:00:00,2363.6,56.12,274.59
2023-03-22 15:00:00,,,
2023-03-22 16:00:00,,,
2023-03-22 17:00:00,,,
2023-03-22 18:00:00,,,
2023-03-22 19:00:00,,,
2023-03-22 20:00:00,2370.0,67.16,271.97
2023-03-22 21:00:00,2372.2,69.3,271.63
2023-03-22 22:00:00,2368.33333333333,67.6833333333333,271.25
2023-03-22 23:00:00,2367.2,59.8,271.15
2023-03-23 00:00:00,2368.0,52.1,271.13
2023-03-23 01:00:00,2369.0,36.16,272.09
2023-03-23 02:00:00,,,
2023-03-23 03:00:00,,,
2023-03-23 04:00:00,2366.2,40.94,271.31
2023-03-23 05:00:00,,,
2023-03-23 06:00:00,,,
2023-03-23 07:00:00,,,
2023-03-23 08:00:00,,,
2023-03-23 09:00:00,2367.8,36.26,272.19
2023-03-23 10:00:00,,,
2023-03-23 11:00:00,2363.0,60.98,272.81
2023-03-23 12:00:00,,,
2023-03-23 13:00:00,2350.2,67.9,273.69
2023-03-23 14:00:00,2359.2,69.16,273.73
2023-03-23 15:00:00,2349.4,62.2,275.33
2023-03-23 16:00:00,2349.4,63.86,275.53
2023-03-23 17:00:00,2358.8,67.46,274.65
2023-03-23 18:00:00,2373.4,68.62,274.11
2023-03-23 19:00:00,2372.8,69.02,273.99
2023-03-23 20:00:00,2370.16666666667,70.4666666666667,273.566666666667
2023-03-23 21:00:00,2374.2,72.8,273.41
2023-03-23 22:00:00,2373.0,73.2833333333333,273.3
2023-03-23 23:00:00,2371.33333333333,71.5666666666667,273.366666666667
2023-03-24 00:00:00,2373.16666666667,72.9666666666667,273.366666666667
2023-03-24 01:00:00,2373.5,72.7833333333333,273.5
2023-03-24 02:00:00,2370.8,68.52,273.57
2023-03-24 03:00:00,2371.6,65.38,273.61
2023-03-24 04:00:00,2368.83333333333,66.7166666666667,273.3
2023-03-24 05:00:00,2365.5,71.4166666666667,272.733333333333
2023-03-24 06:00:00,2366.0,65.32,273.21
2023-03-24 07:00:00,2366.66666666667,67.1166666666667,273.433333333333
2023-03-24 08:00:00,2360.83333333333,65.1833333333333,273.933333333333
2023-03-24 09:00:00,2356.83333333333,63.25,274.35
2023-03-24 10:00:00,2351.83333333333,60.5666666666667,274.85
2023-03-24 11:00:00,2341.16666666667,66.7,274.666666666667
2023-03-24 12:00:00,2345.5,74.35,273.733333333333
2023-03-24 13:00:00,2343.8,83.42,273.43
2023-03-24 14:00:00,2320.5,77.8,274.033333333333
2023-03-24 15:00:00,2331.2,69.86,274.07
2023-03-24 16:00:00,2339.83333333333,65.1166666666667,274.216666666667
2023-03-24 17:00:00,2360.0,65.5333333333333,273.666666666667
2023-03-24 18:00:00,2363.83333333333,74.8666666666667,272.833333333333
2023-03-24 19:00:00,2365.33333333333,95.95,270.666666666667
2023-03-24 20:00:00,2386.16666666667,95.3166666666667,270.083333333333
2023-03-24 21:00:00,2436.66666666667,88.3333333333333,270.1
2023-03-24 22:00:00,2431.16666666667,73.8333333333333,270.733333333333
2023-03-24 23:00:00,2426.16666666667,90.65,269.85
2023-03-25 00:00:00,2426.33333333333,95.3833333333333,269.166666666667
2023-03-25 01:00:00,2433.66666666667,94.5833333333333,268.616666666667
2023-03-25 02:00:00,,,
2023-03-25 03:00:00,,,
2023-03-25 04:00:00,,,
2023-03-25 05:00:00,2455.0,92.34,266.13
2023-03-25 06:00:00,2462.2,91.34,265.93
2023-03-25 07:00:00,,,
2023-03-25 08:00:00,2450.4,85.88,265.63
2023-03-25 09:00:00,,,
2023-03-25 10:00:00,,,
2023-03-25 11:00:00,,,
2023-03-25 12:00:00,2426.6,77.36,266.17
2023-03-25 13:00:00,2427.4,76.74,266.05
2023-03-25 14:00:00,2426.2,78.86,266.17
2023-03-25 15:00:00,2425.0,81.0,265.93
2023-03-25 16:00:00,2427.0,81.48,266.07
2023-03-25 17:00:00,2428.5,82.0333333333333,265.933333333333
2023-03-25 18:00:00,2432.4,86.28,265.43
2023-03-25 19:00:00,2438.5,68.9666666666667,265.016666666667
2023-03-25 20:00:00,2434.4,66.22,265.03
2023-03-25 21:00:00,2426.83333333333,75.0,265.066666666667
2023-03-25 22:00:00,2423.0,75.06,264.95
2023-03-25 23:00:00,2412.16666666667,73.0333333333334,264.883333333333
2023-03-26 00:00:00,2413.4,71.34,264.99
2023-03-26 01:00:00,2420.0,69.9833333333333,265.016666666667
2023-03-26 02:00:00,,,
2023-03-26 03:00:00,,,
2023-03-26 04:00:00,,,
2023-03-26 05:00:00,2416.0,70.46,265.39
2023-03-26 06:00:00,2415.4,70.18,265.57
2023-03-26 07:00:00,2414.2,68.2,266.59
2023-03-26 08:00:00,2411.4,63.56,268.01
2023-03-26 09:00:00,,,
2023-03-26 10:00:00,2400.33333333333,63.0,269.033333333333
2023-03-26 11:00:00,,,
2023-03-26 12:00:00,2377.6,65.5,270.39
2023-03-26 13:00:00,2370.0,83.4,268.75
2023-03-26 14:00:00,2382.16666666667,91.05,267.45
2023-03-26 15:00:00,2396.8,89.06,268.09
2023-03-26 16:00:00,2446.5,89.5833333333334,266.85
2023-03-26 17:00:00,2463.66666666667,90.4166666666667,265.75
2023-03-26 18:00:00,2478.66666666667,89.2833333333334,265.75
2023-03-26 19:00:00,2492.5,84.55,265.2
2023-03-26 20:00:00,2490.0,87.7333333333333,264.483333333333
2023-03-26 21:00:00,2488.5,85.0666666666667,263.383333333333
2023-03-26 22:00:00,2499.66666666667,86.5666666666667,263.083333333333
2023-03-26 23:00:00,2503.66666666667,85.9666666666667,262.7
2023-03-27 00:00:00,2507.33333333333,87.7333333333333,262.583333333333
2023-03-27 01:00:00,2502.5,87.5,262.65
2023-03-27 02:00:00,2501.0,87.5166666666667,262.683333333333
2023-03-27 03:00:00,,,
2023-03-27 04:00:00,2541.4,86.7,262.65
2023-03-27 05:00:00,2559.16666666667,85.2333333333333,262.933333333333
2023-03-27 06:00:00,2587.16666666667,86.7,263.1
2023-03-27 07:00:00,2617.33333333333,86.3833333333333,263.266666666667
2023-03-27 08:00:00,2647.16666666667,85.1,263.05
2023-03-27 09:00:00,2630.83333333333,85.0,262.716666666667
2023-03-27 10:00:00,2624.33333333333,85.8166666666667,262.266666666667
2023-03-27 11:00:00,2695.33333333333,83.8166666666667,262.016666666667
2023-03-27 12:00:00,2716.0,84.1,262.066666666667
2023-03-27 13:00:00,2784.33333333333,84.4,261.6
2023-03-27 14:00:00,2833.0,83.9166666666666,260.9
2023-03-27 15:00:00,2812.83333333333,82.3666666666667,260.35
2023-03-27 16:00:00,2800.0,81.85,259.866666666667
2023-03-27 17:00:00,2804.33333333333,80.8,259.266666666667
2023-03-27 18:00:00,2797.16666666667,79.2666666666667,258.433333333333
2023-03-27 19:00:00,2825.5,78.1666666666667,257.933333333333
2023-03-27 20:00:00,2799.33333333333,77.9666666666667,257.466666666667
2023-03-27 21:00:00,2789.33333333333,78.6333333333333,257.316666666667
2023-03-27 22:00:00,2786.16666666667,79.4833333333333,257.533333333333
2023-03-27 23:00:00,2772.5,78.3166666666667,257.8
2023-03-28 00:00:00,2765.16666666667,79.65,257.833333333333
2023-03-28 01:00:00,2794.0,79.2,257.55
2023-03-28 02:00:00,,,
2023-03-28 03:00:00,,,
2023-03-28 04:00:00,,,
2023-03-28 05:00:00,,,
2023-03-28 06:00:00,,,
2023-03-28 07:00:00,,,
2023-03-28 08:00:00,,,
2023-03-28 09:00:00,,,
2023-03-28 10:00:00,,,
2023-03-28 11:00:00,,,
2023-03-28 12:00:00,2822.6,30.86,260.09
2023-03-28 13:00:00,,,
2023-03-28 14:00:00,2807.0,21.15,262.183333333333
2023-03-28 15:00:00,2794.2,27.04,262.71
2023-03-28 16:00:00,2799.0,33.1,261.43
2023-03-28 17:00:00,2793.6,32.58,261.55
2023-03-28 18:00:00,2788.16666666667,28.7333333333333,262.05
2023-03-28 19:00:00,2793.0,26.7833333333333,261.983333333333
2023-03-28 20:00:00,2790.2,19.88,262.51
2023-03-28 21:00:00,2786.66666666667,14.4333333333333,263.75
2023-03-28 22:00:00,2780.33333333333,18.8166666666667,264.7
2023-03-28 23:00:00,2775.66666666667,33.95,264.466666666667
2023-03-29 00:00:00,2772.5,54.5833333333333,263.816666666667
2023-03-29 01:00:00,2766.66666666667,77.5166666666667,263.65
2023-03-29 02:00:00,,,
2023-03-29 03:00:00,2763.16666666667,90.45,266.65
2023-03-29 04:00:00,,,
2023-03-29 05:00:00,,,
2023-03-29 06:00:00,2829.0,90.22,266.15
2023-03-29 07:00:00,2834.6,91.26,266.49
2023-03-29 08:00:00,,,
2023-03-29 09:00:00,,,
2023-03-29 10:00:00,2853.2,93.14,268.79
2023-03-29 11:00:00,,,
2023-03-29 12:00:00,2858.0,89.3,269.75
2023-03-29 13:00:00,,,
2023-03-29 14:00:00,2873.0,89.54,270.17
2023-03-29 15:00:00,,,
2023-03-29 16:00:00,2889.2,94.22,270.35
2023-03-29 17:00:00,2890.5,94.7666666666667,270.3
2023-03-29 18:00:00,2888.16666666667,90.45,270.333333333333
2023-03-29 19:00:00,2883.33333333333,85.5833333333333,270.533333333333
2023-03-29 20:00:00,2894.66666666667,92.2666666666667,270.583333333333
2023-03-29 21:00:00,2892.16666666667,95.6333333333333,270.566666666667
2023-03-29 22:00:00,2893.66666666667,95.8833333333333,270.616666666667
2023-03-29 23:00:00,2911.66666666667,94.8833333333333,270.766666666667
2023-03-30 00:00:00,2910.83333333333,95.55,270.8
2023-03-30 01:00:00,2904.83333333333,95.3333333333333,271.25
2023-03-30 02:00:00,2901.6,92.04,271.69
2023-03-30 03:00:00,2901.5,95.1333333333333,271.683333333333
2023-03-30 04:00:00,2904.16666666667,93.9833333333333,271.833333333333
2023-03-30 05:00:00,2901.16666666667,90.3,271.55
2023-03-30 06:00:00,2897.83333333333,81.85,272.05
2023-03-30 07:00:00,2893.0,89.8666666666667,271.933333333333
2023-03-30 08:00:00,2891.33333333333,92.6166666666667,272.116666666667
2023-03-30 09:00:00,2893.66666666667,80.35,273.066666666667
2023-03-30 10:00:00,2886.4,73.56,273.61
2023-03-30 11:00:00,2856.16666666667,65.7,274.683333333333
2023-03-30 12:00:00,2852.66666666667,64.35,274.666666666667
2023-03-30 13:00:00,2845.16666666667,61.2833333333333,275.133333333333
2023-03-30 14:00:00,2836.16666666667,59.6,275.0
2023-03-30 15:00:00,2825.66666666667,78.7833333333334,273.2
2023-03-30 16:00:00,2840.33333333333,95.95,271.15
2023-03-30 17:00:00,2847.83333333333,90.8166666666667,271.3
2023-03-30 18:00:00,2826.83333333333,76.2666666666667,271.383333333333
2023-03-30 19:00:00,2819.66666666667,94.45,270.0
2023-03-30 20:00:00,2858.0,95.6,269.4
2023-03-30 21:00:00,2854.16666666667,86.9833333333334,269.05
2023-03-30 22:00:00,2846.5,76.2,268.883333333333
2023-03-30 23:00:00,2831.33333333333,69.3333333333333,268.883333333333
2023-03-31 00:00:00,2822.33333333333,69.7833333333333,268.9
2023-03-31 01:00:00,2814.66666666667,67.2,268.683333333333
2023-03-31 02:00:00,,,
2023-03-31 03:00:00,2804.2,59.66,268.85
2023-03-31 04:00:00,2799.4,64.76,269.47
2023-03-31 05:00:00,2792.8,67.34,270.29
2023-03-31 06:00:00,,,
2023-03-31 07:00:00,2790.0,70.02,271.17
2023-03-31 08:00:00,2787.6,72.18,271.39
2023-03-31 09:00:00,,,
2023-03-31 10:00:00,2781.4,65.56,271.85
2023-03-31 11:00:00,,,
2023-03-31 12:00:00,2769.4,67.58,272.19
2023-03-31 13:00:00,,,
2023-03-31 14:00:00,,,
2023-03-31 15:00:00,,,
2023-03-31 16:00:00,2781.2,91.76,268.19
2023-03-31 17:00:00,,,
2023-03-31 18:00:00,2843.4,91.62,267.07
2023-03-31 19:00:00,,,
2023-03-31 20:00:00,,,
2023-03-31 21:00:00,2840.0,76.84,265.49
2023-03-31 22:00:00,2850.0,66.2666666666667,265.55
2023-03-31 23:00:00,2851.4,68.36,265.75
2023-04-01 00:00:00,2845.16666666667,84.3833333333333,265.016666666667
2023-04-01 01:00:00,2847.2,83.7,264.89
2023-04-01 02:00:00,,,
2023-04-01 03:00:00,,,
2023-04-01 04:00:00,,,
2023-04-01 05:00:00,2835.8,82.56,264.85
2023-04-01 06:00:00,,,
2023-04-01 07:00:00,,,
2023-04-01 08:00:00,,,
2023-04-01 09:00:00,2856.4,78.62,265.29
2023-04-01 10:00:00,2863.2,80.5,265.85
2023-04-01 11:00:00,2852.2,71.76,266.49
2023-04-01 12:00:00,2842.6,68.9,267.45
2023-04-01 13:00:00,2839.0,68.1,267.55
2023-04-01 14:00:00,2827.4,75.06,267.37
2023-04-01 15:00:00,2824.2,83.22,266.93
2023-04-01 16:00:00,2844.66666666667,85.7166666666667,266.35
2023-04-01 17:00:00,2846.33333333333,85.9,266.2
2023-04-01 18:00:00,2856.16666666667,85.8333333333333,265.9
2023-04-01 19:00:00,2873.33333333333,87.3833333333333,265.216666666667
2023-04-01 20:00:00,2869.33333333333,86.0333333333334,264.883333333333
2023-04-01 21:00:00,2876.6,88.44,264.87
2023-04-01 22:00:00,2881.5,89.8166666666667,264.766666666667
2023-04-01 23:00:00,2877.83333333333,88.7333333333334,264.45
2023-04-02 00:00:00,2872.66666666667,89.4166666666667,264.766666666667
2023-04-02 01:00:00,2868.33333333333,89.5833333333333,264.783333333333
2023-04-02 02:00:00,2863.6,90.78,264.71
2023-04-02 03:00:00,2857.83333333333,90.2333333333333,264.6
2023-04-02 04:00:00,2856.0,88.9833333333333,264.283333333333
2023-04-02 05:00:00,2850.83333333333,88.6666666666667,263.916666666667
2023-04-02 06:00:00,2851.33333333333,90.4333333333333,264.316666666667
2023-04-02 07:00:00,2848.33333333333,89.5833333333333,264.266666666667
2023-04-02 08:00:00,,,
2023-04-02 09:00:00,2854.2,86.34,263.51
2023-04-02 10:00:00,2839.66666666667,79.8166666666667,264.216666666667
2023-04-02 11:00:00,2833.6,75.54,266.05
2023-04-02 12:00:00,2803.83333333333,69.6833333333333,267.583333333333
2023-04-02 13:00:00,2802.5,76.6,266.85
2023-04-02 14:00:00,2819.5,72.8166666666667,267.116666666667
2023-04-02 15:00:00,2826.83333333333,80.8666666666667,266.633333333333
2023-04-02 16:00:00,2821.33333333333,84.85,266.4
2023-04-02 17:00:00,2821.66666666667,88.6833333333333,266.266666666667
2023-04-02 18:00:00,2820.66666666667,89.3,266.2
2023-04-02 19:00:00,2822.83333333333,84.9666666666667,266.0
2023-04-02 20:00:00,2832.83333333333,88.6,265.933333333333
2023-04-02 21:00:00,2827.83333333333,91.3,265.75
2023-04-02 22:00:00,2812.83333333333,92.3,265.833333333333
2023-04-02 23:00:00,2816.33333333333,92.2166666666667,265.916666666667
2023-04-03 00:00:00,2828.0,91.9333333333333,265.866666666667
2023-04-03 01:00:00,2831.16666666667,91.55,265.65
2023-04-03 02:00:00,2823.0,91.68,265.65
2023-04-03 03:00:00,,,
2023-04-03 04:00:00,,,
2023-04-03 05:00:00,,,
2023-04-03 06:00:00,,,
2023-04-03 07:00:00,,,
2023-04-03 08:00:00,2853.6,86.12,262.33
2023-04-03 09:00:00,,,
2023-04-03 10:00:00,2836.2,68.36,262.85
2023-04-03 11:00:00,,,
2023-04-03 12:00:00,,,
2023-04-03 13:00:00,2832.4,73.66,263.77
2023-04-03 14:00:00,,,
2023-04-03 15:00:00,2828.4,74.7,264.07
2023-04-03 16:00:00,,,
2023-04-03 17:00:00,,,
2023-04-03 18:00:00,,,
2023-04-03 19:00:00,2814.6,85.82,261.23
2023-04-03 20:00:00,2819.33333333333,84.45,260.55
2023-04-03 21:00:00,2808.6,83.42,260.09
2023-04-03 22:00:00,2810.0,81.2,258.433333333333
2023-04-03 23:00:00,2806.0,80.68,257.17
2023-04-04 00:00:00,2806.2,79.82,256.69
2023-04-04 01:00:00,2806.2,77.78,256.35
2023-04-04 02:00:00,2796.8,62.06,256.13
2023-04-04 03:00:00,2792.2,46.52,256.39
2023-04-04 04:00:00,,,
2023-04-04 05:00:00,,,
2023-04-04 06:00:00,,,
2023-04-04 07:00:00,2792.0,24.0,256.77
2023-04-04 08:00:00,,,
2023-04-04 09:00:00,2794.8,21.44,257.57
2023-04-04 10:00:00,2777.6,19.58,260.61
2023-04-04 11:00:00,2789.6,20.42,261.39
2023-04-04 12:00:00,,,
2023-04-04 13:00:00,2790.8,24.58,262.29
2023-04-04 14:00:00,2803.4,30.14,262.97
2023-04-04 15:00:00,2800.0,33.56,263.05
2023-04-04 16:00:00,2798.8,29.4,263.31
2023-04-04 17:00:00,2782.83333333333,27.0333333333333,263.75
2023-04-04 18:00:00,2786.6,41.28,261.59
2023-04-04 19:00:00,2788.33333333333,47.3666666666667,260.4
2023-04-04 20:00:00,2788.33333333333,32.35,260.8
2023-04-04 21:00:00,2786.33333333333,27.5,261.1
2023-04-04 22:00:00,2786.83333333333,26.65,260.55
2023-04-04 23:00:00,2783.33333333333,21.4,260.4
2023-04-05 00:00:00,2783.16666666667,16.5,260.433333333333
2023-04-05 01:00:00,2784.66666666667,18.7833333333333,260.183333333333
2023-04-05 02:00:00,2782.6,20.64,259.91
2023-04-05 03:00:00,2783.83333333333,21.8,259.8
2023-04-05 04:00:00,2779.0,22.6833333333333,259.616666666667
2023-04-05 05:00:00,2781.0,23.48,259.55
2023-04-05 06:00:00,2782.2,24.3,259.67
2023-04-05 07:00:00,2779.33333333333,25.3666666666667,259.783333333333
2023-04-05 08:00:00,2778.5,27.1333333333333,259.516666666667
2023-04-05 09:00:00,2778.6,29.7,260.19
2023-04-05 10:00:00,2773.16666666667,31.2166666666667,261.55
2023-04-05 11:00:00,2772.0,34.92,262.21
2023-04-05 12:00:00,2771.0,31.7833333333333,262.95
2023-04-05 13:00:00,2773.33333333333,31.6333333333333,263.033333333333
2023-04-05 14:00:00,2776.4,38.96,262.93
2023-04-05 15:00:00,2771.5,43.1333333333333,263.95
2023-04-05 16:00:00,2760.83333333333,48.45,264.3
2023-04-05 17:00:00,2769.16666666667,63.2166666666667,262.683333333333
2023-04-05 18:00:00,2775.33333333333,77.3,262.1
2023-04-05 19:00:00,2778.5,86.4,261.85
2023-04-05 20:00:00,2816.83333333333,85.9833333333333,261.633333333333
2023-04-05 21:00:00,2830.5,85.7666666666667,261.383333333333
2023-04-05 22:00:00,2829.0,86.0,261.233333333333
2023-04-05 23:00:00,2824.33333333333,85.6,261.15
2023-04-06 00:00:00,2820.0,85.5333333333333,261.05
2023-04-06 01:00:00,2803.33333333333,84.7333333333333,260.7
2023-04-06 02:00:00,,,
2023-04-06 03:00:00,,,
2023-04-06 04:00:00,,,
2023-04-06 05:00:00,,,
2023-04-06 06:00:00,2850.2,82.58,259.55
2023-04-06 07:00:00,2841.6,82.56,259.65
2023-04-06 08:00:00,2837.0,81.22,258.81
2023-04-06 09:00:00,2838.8,82.24,258.65
2023-04-06 10:00:00,,,
2023-04-06 11:00:00,,,
2023-04-06 12:00:00,,,
2023-04-06 13:00:00,,,
2023-04-06 14:00:00,,,
2023-04-06 15:00:00,,,
2023-04-06 16:00:00,,,
2023-04-06 17:00:00,,,
2023-04-06 18:00:00,,,
2023-04-06 19:00:00,,,
2023-04-06 20:00:00,2811.8,66.42,262.63
2023-04-06 21:00:00,2810.6,70.96,262.37
2023-04-06 22:00:00,2809.4,71.46,262.13
2023-04-06 23:00:00,2808.4,67.14,262.09
2023-04-07 00:00:00,2806.2,70.0,261.55
2023-04-07 01:00:00,2805.16666666667,68.2333333333333,261.75
2023-04-07 02:00:00,2800.4,75.68,262.43
2023-04-07 03:00:00,2794.0,85.3,262.99
2023-04-07 04:00:00,,,
2023-04-07 05:00:00,2795.6,89.7,263.83
2023-04-07 06:00:00,2801.4,89.54,264.13
2023-04-07 07:00:00,,,
2023-04-07 08:00:00,,,
2023-04-07 09:00:00,,,
2023-04-07 10:00:00,,,
2023-04-07 11:00:00,2792.33333333333,82.5333333333334,265.383333333333
2023-04-07 12:00:00,2781.8,71.94,266.31
2023-04-07 13:00:00,2766.6,61.06,267.61
2023-04-07 14:00:00,2747.33333333333,55.35,268.75
2023-04-07 15:00:00,2744.8,58.4,268.69
2023-04-07 16:00:00,2749.4,68.84,267.03
2023-04-07 17:00:00,2750.6,82.6,266.39
2023-04-07 18:00:00,2750.2,91.44,265.65
2023-04-07 19:00:00,2789.0,90.6166666666667,265.083333333333
2023-04-07 20:00:00,2809.66666666667,90.45,264.9
2023-04-07 21:00:00,2801.5,89.8166666666667,264.483333333333
2023-04-07 22:00:00,2803.16666666667,89.65,264.266666666667
2023-04-07 23:00:00,2806.33333333333,90.2,264.566666666667
2023-04-08 00:00:00,2807.83333333333,90.1166666666667,264.666666666667
2023-04-08 01:00:00,2807.5,90.4,264.75
2023-04-08 02:00:00,,,
2023-04-08 03:00:00,2817.2,89.92,264.53
2023-04-08 04:00:00,,,
2023-04-08 05:00:00,2819.0,89.58,264.25
2023-04-08 06:00:00,2823.33333333333,89.2,263.983333333333
2023-04-08 07:00:00,2818.33333333333,89.4166666666667,264.1
2023-04-08 08:00:00,2813.0,89.98,264.65
2023-04-08 09:00:00,2813.5,90.5166666666667,265.35
2023-04-08 10:00:00,2808.0,91.38,266.13
2023-04-08 11:00:00,2808.2,91.28,266.41
2023-04-08 12:00:00,,,
2023-04-08 13:00:00,2804.8,89.76,266.45
2023-04-08 14:00:00,2810.16666666667,89.9833333333333,266.516666666667
2023-04-08 15:00:00,2821.8,90.48,266.23
2023-04-08 16:00:00,2816.83333333333,90.3833333333333,266.416666666667
2023-04-08 17:00:00,2817.83333333333,90.0666666666667,265.65
2023-04-08 18:00:00,2833.66666666667,90.5,265.35
2023-04-08 19:00:00,2852.0,90.5,265.083333333333
2023-04-08 20:00:00,2856.66666666667,90.1166666666667,264.6
2023-04-08 21:00:00,2857.83333333333,90.0333333333333,264.5
2023-04-08 22:00:00,2857.83333333333,89.5333333333334,264.216666666667
2023-04-08 23:00:00,2876.33333333333,89.25,263.833333333333
2023-04-09 00:00:00,2877.5,89.2,263.85
2023-04-09 01:00:00,2880.0,89.2166666666667,263.85
2023-04-09 02:00:00,,,
2023-04-09 03:00:00,2872.2,87.86,262.99
2023-04-09 04:00:00,,,
2023-04-09 05:00:00,,,
2023-04-09 06:00:00,2856.2,84.74,260.53
2023-04-09 07:00:00,,,
2023-04-09 08:00:00,,,
2023-04-09 09:00:00,,,
2023-04-09 10:00:00,,,
2023-04-09 11:00:00,,,
2023-04-09 12:00:00,,,
2023-04-09 13:00:00,2796.2,94.12,270.47
2023-04-09 14:00:00,2789.8,91.02,269.43
2023-04-09 15:00:00,2802.6,87.76,269.27
2023-04-09 16:00:00,,,
2023-04-09 17:00:00,2828.0,86.94,265.35
2023-04-09 18:00:00,,,
2023-04-09 19:00:00,2832.16666666667,84.8166666666667,264.35
2023-04-09 20:00:00,2835.0,86.76,263.81
2023-04-09 21:00:00,,,
2023-04-09 22:00:00,2823.16666666667,88.0333333333334,262.666666666667
2023-04-09 23:00:00,2822.16666666667,86.5833333333334,261.983333333333
2023-04-10 00:00:00,2823.83333333333,80.8,261.8
2023-04-10 01:00:00,2818.66666666667,78.0,261.1
2023-04-10 02:00:00,,,
2023-04-10 03:00:00,,,
2023-04-10 04:00:00,2807.4,51.12,261.67
2023-04-10 05:00:00,,,
2023-04-10 06:00:00,2807.0,38.64,263.11
2023-04-10 07:00:00,,,
2023-04-10 08:00:00,,,
2023-04-10 09:00:00,,,
2023-04-10 10:00:00,2793.6,21.92,268.35
2023-04-10 11:00:00,,,
2023-04-10 12:00:00,2788.0,28.86,269.21
2023-04-10 13:00:00,,,
2023-04-10 14:00:00,2777.2,18.4,271.07
2023-04-10 15:00:00,2784.2,25.62,269.79
2023-04-10 16:00:00,2789.8,29.12,269.19
2023-04-10 17:00:00,2785.33333333333,29.9666666666667,269.35
2023-04-10 18:00:00,2792.5,38.75,268.483333333333
2023-04-10 19:00:00,2793.66666666667,39.4166666666667,268.316666666667
2023-04-10 20:00:00,2794.33333333333,40.8333333333333,268.183333333333
2023-04-10 21:00:00,2795.66666666667,41.6833333333333,268.033333333333
2023-04-10 22:00:00,2792.83333333333,32.2333333333333,268.266666666667
2023-04-10 23:00:00,2793.66666666667,29.25,268.466666666667
2023-04-11 00:00:00,2796.16666666667,31.1333333333333,268.933333333333
2023-04-11 01:00:00,2794.16666666667,37.9666666666667,268.866666666667
2023-04-11 02:00:00,2792.2,49.94,268.99
2023-04-11 03:00:00,2793.0,53.9333333333333,269.466666666667
2023-04-11 04:00:00,,,
2023-04-11 05:00:00,2788.8,67.7,269.63
2023-04-11 06:00:00,2787.66666666667,73.6166666666667,269.483333333333
2023-04-11 07:00:00,2787.6,80.68,269.87
2023-04-11 08:00:00,2787.4,84.5,270.01
2023-04-11 09:00:00,,,
2023-04-11 10:00:00,,,
2023-04-11 11:00:00,2778.66666666667,91.15,269.983333333333
2023-04-11 12:00:00,2790.0,88.0333333333333,270.133333333333
2023-04-11 13:00:00,2795.5,87.1833333333333,269.583333333333
2023-04-11 14:00:00,2794.66666666667,78.2,269.533333333333
2023-04-11 15:00:00,2776.0,83.9666666666667,269.3
2023-04-11 16:00:00,2778.66666666667,89.2333333333333,268.683333333333
2023-04-11 17:00:00,2786.0,90.7166666666667,268.3
2023-04-11 18:00:00,2796.83333333333,94.25,267.733333333333
2023-04-11 19:00:00,2805.33333333333,93.45,267.133333333333
2023-04-11 20:00:00,2803.33333333333,92.55,266.45
2023-04-11 21:00:00,2802.33333333333,92.35,266.15
2023-04-11 22:00:00,2802.16666666667,91.5666666666667,265.7
2023-04-11 23:00:00,2800.33333333333,90.55,264.95
2023-04-12 00:00:00,2802.0,85.8833333333334,265.55
2023-04-12 01:00:00,2801.83333333333,71.4333333333333,267.066666666667
2023-04-12 02:00:00,,,
2023-04-12 03:00:00,,,
2023-04-12 04:00:00,,,
2023-04-12 05:00:00,,,
2023-04-12 06:00:00,2810.4,92.56,269.05
2023-04-12 07:00:00,,,
2023-04-12 08:00:00,2813.8,85.76,270.37
2023-04-12 09:00:00,,,
2023-04-12 10:00:00,,,
2023-04-12 11:00:00,,,
2023-04-12 12:00:00,2787.2,79.68,271.61
2023-04-12 13:00:00,,,
2023-04-12 14:00:00,2771.0,64.98,272.95
2023-04-12 15:00:00,,,
2023-04-12 16:00:00,,,
2023-04-12 17:00:00,,,
2023-04-12 18:00:00,2769.8,73.58,271.95
2023-04-12 19:00:00,2773.6,71.48,271.51
2023-04-12 20:00:00,2780.66666666667,75.4166666666667,271.033333333333
2023-04-12 21:00:00,2792.2,72.58,270.91
2023-04-12 22:00:00,2788.0,69.5,271.03
2023-04-12 23:00:00,2779.0,87.6166666666667,270.05
2023-04-13 00:00:00,2775.83333333333,94.55,268.683333333333
2023-04-13 01:00:00,2806.0,92.42,267.39
2023-04-13 02:00:00,,,
2023-04-13 03:00:00,,,
2023-04-13 04:00:00,2908.6,91.5,265.95
2023-04-13 05:00:00,,,
2023-04-13 06:00:00,2950.2,89.22,263.77
2023-04-13 07:00:00,2963.8,88.88,263.71
2023-04-13 08:00:00,2960.0,89.08,264.03
2023-04-13 09:00:00,2953.4,88.98,264.47
2023-04-13 10:00:00,2974.0,87.22,263.15
2023-04-13 11:00:00,,,
2023-04-13 12:00:00,3015.0,86.5166666666667,262.783333333333
2023-04-13 13:00:00,,,
2023-04-13 14:00:00,3050.83333333333,86.65,262.95
2023-04-13 15:00:00,3053.6,87.08,263.45
2023-04-13 16:00:00,3067.0,86.9,262.89
2023-04-13 17:00:00,3070.0,86.32,262.31
2023-04-13 18:00:00,3068.8,86.28,261.95
2023-04-13 19:00:00,3068.0,86.1666666666667,261.6
2023-04-13 20:00:00,3068.66666666667,86.4,261.6
2023-04-13 21:00:00,3066.5,86.5833333333333,261.75
2023-04-13 22:00:00,3073.5,86.5833333333333,261.75
2023-04-13 23:00:00,3078.0,86.65,261.8
2023-04-14 00:00:00,3078.16666666667,86.8333333333333,261.916666666667
2023-04-14 01:00:00,3090.83333333333,87.1666666666667,262.166666666667
2023-04-14 02:00:00,3124.2,87.16,262.25
2023-04-14 03:00:00,3116.33333333333,87.15,262.266666666667
2023-04-14 04:00:00,3114.0,87.36,262.39
2023-04-14 05:00:00,3115.4,87.5,262.55
2023-04-14 06:00:00,,,
2023-04-14 07:00:00,3161.0,87.74,262.77
2023-04-14 08:00:00,3194.8,87.82,263.03
2023-04-14 09:00:00,3203.4,88.08,263.47
2023-04-14 10:00:00,,,
2023-04-14 11:00:00,3220.0,88.3333333333333,264.783333333333
2023-04-14 12:00:00,3231.4,88.4,264.77
2023-04-14 13:00:00,3205.33333333333,87.8833333333333,264.4
2023-04-14 14:00:00,3248.5,87.8666666666667,264.4
2023-04-14 15:00:00,,,
2023-04-14 16:00:00,3269.66666666667,88.3166666666667,264.383333333333
2023-04-14 17:00:00,3256.2,88.5,264.47
2023-04-14 18:00:00,3245.66666666667,88.8166666666667,264.1
2023-04-14 19:00:00,3240.16666666667,88.45,263.55
2023-04-14 20:00:00,3240.66666666667,88.35,263.25
2023-04-14 21:00:00,3231.16666666667,88.6833333333333,263.45
2023-04-14 22:00:00,3226.0,88.4,263.316666666667
2023-04-14 23:00:00,3224.0,87.4833333333333,263.016666666667
2023-04-15 00:00:00,3218.0,86.65,261.65
2023-04-15 01:00:00,3208.5,86.2333333333333,261.566666666667
2023-04-15 02:00:00,3199.8,87.08,261.85
2023-04-15 03:00:00,3188.8,87.6,262.43
2023-04-15 04:00:00,,,
2023-04-15 05:00:00,,,
2023-04-15 06:00:00,,,
2023-04-15 07:00:00,,,
2023-04-15 08:00:00,,,
2023-04-15 09:00:00,,,
2023-04-15 10:00:00,,,
2023-04-15 11:00:00,,,
2023-04-15 12:00:00,3143.16666666667,82.25,265.7
2023-04-15 13:00:00,3160.8,79.26,264.65
2023-04-15 14:00:00,3161.6,82.74,264.95
2023-04-15 15:00:00,3154.0,85.4666666666667,265.25
2023-04-15 16:00:00,3157.33333333333,87.75,265.1
2023-04-15 17:00:00,3162.16666666667,88.1833333333333,264.75
2023-04-15 18:00:00,3160.5,88.9333333333333,264.416666666667
2023-04-15 19:00:00,3159.66666666667,89.9833333333333,264.45
2023-04-15 20:00:00,3168.4,90.02,264.35
2023-04-15 21:00:00,3168.6,90.18,264.45
2023-04-15 22:00:00,3154.66666666667,90.1333333333333,264.45
2023-04-15 23:00:00,3166.16666666667,90.2666666666667,264.55
2023-04-16 00:00:00,3204.66666666667,90.2333333333333,264.633333333333
2023-04-16 01:00:00,3252.66666666667,90.2166666666667,264.616666666667
2023-04-16 02:00:00,,,
2023-04-16 03:00:00,3231.8,90.26,264.55
2023-04-16 04:00:00,,,
2023-04-16 05:00:00,,,
2023-04-16 06:00:00,3314.6,90.12,264.59
2023-04-16 07:00:00,3304.4,90.12,264.73
2023-04-16 08:00:00,3297.66666666667,89.8,265.1
2023-04-16 09:00:00,3302.0,89.58,265.53
2023-04-16 10:00:00,3297.8,88.72,265.95
2023-04-16 11:00:00,3290.83333333333,88.75,266.0
2023-04-16 12:00:00,3282.16666666667,89.1333333333333,266.516666666667
2023-04-16 13:00:00,3268.5,89.1666666666667,266.966666666667
2023-04-16 14:00:00,3256.33333333333,89.6333333333333,267.35
2023-04-16 15:00:00,3257.83333333333,91.2833333333334,267.433333333333
2023-04-16 16:00:00,3272.16666666667,91.4666666666667,267.05
2023-04-16 17:00:00,3275.83333333333,91.7166666666667,266.883333333333
2023-04-16 18:00:00,3285.66666666667,92.1833333333333,266.633333333333
2023-04-16 19:00:00,3290.16666666667,92.2,266.366666666667
2023-04-16 20:00:00,3298.0,92.1166666666667,266.183333333333
2023-04-16 21:00:00,3316.16666666667,91.9833333333333,266.033333333333
2023-04-16 22:00:00,3323.66666666667,91.9166666666666,266.0
2023-04-16 23:00:00,3330.66666666667,91.9166666666667,265.95
2023-04-17 00:00:00,3323.33333333333,91.8166666666667,265.85
2023-04-17 01:00:00,3345.5,91.4,265.583333333333
2023-04-17 02:00:00,3344.8,90.38,264.87
2023-04-17 03:00:00,3335.83333333333,89.0666666666667,263.85
2023-04-17 04:00:00,3327.83333333333,87.9,262.633333333333
2023-04-17 05:00:00,3326.2,89.08,263.43
2023-04-17 06:00:00,3319.16666666667,88.1833333333333,262.983333333333
2023-04-17 07:00:00,3311.33333333333,87.4166666666667,262.683333333333
2023-04-17 08:00:00,3304.16666666667,88.6,263.0
2023-04-17 09:00:00,3281.33333333333,90.3666666666667,265.883333333333
2023-04-17 10:00:00,3263.33333333333,93.0666666666667,268.2
2023-04-17 11:00:00,3250.16666666667,94.8666666666667,271.35
2023-04-17 12:00:00,3239.66666666667,96.15,272.866666666667
2023-04-17 13:00:00,3240.33333333333,96.1166666666667,273.116666666667
2023-04-17 14:00:00,3235.83333333333,94.9166666666667,272.566666666667
2023-04-17 15:00:00,3233.33333333333,95.2166666666667,271.75
2023-04-17 16:00:00,3233.33333333333,92.1166666666667,270.833333333333
2023-04-17 17:00:00,3235.83333333333,93.7666666666667,269.4
2023-04-17 18:00:00,3225.16666666667,92.4333333333333,268.45
2023-04-17 19:00:00,3229.83333333333,92.9333333333333,267.316666666667
2023-04-17 20:00:00,3234.0,93.15,266.533333333333
2023-04-17 21:00:00,3235.5,92.6833333333333,266.4
2023-04-17 22:00:00,3242.83333333333,92.35,266.166666666667
2023-04-17 23:00:00,3246.5,91.9,265.883333333333
2023-04-18 00:00:00,3243.33333333333,91.65,265.616666666667
2023-04-18 01:00:00,3240.33333333333,92.4166666666667,265.2
2023-04-18 02:00:00,3238.8,92.2,264.85
2023-04-18 03:00:00,,,
2023-04-18 04:00:00,3237.8,89.28,265.95
2023-04-18 05:00:00,,,
2023-04-18 06:00:00,,,
2023-04-18 07:00:00,3225.66666666667,80.95,266.1
2023-04-18 08:00:00,3216.6,81.88,265.75
2023-04-18 09:00:00,3196.4,78.44,267.57
2023-04-18 10:00:00,,,
2023-04-18 11:00:00,,,
2023-04-18 12:00:00,,,
2023-04-18 13:00:00,,,
2023-04-18 14:00:00,,,
2023-04-18 15:00:00,,,
2023-04-18 16:00:00,3154.0,73.8833333333333,272.75
2023-04-18 17:00:00,3155.83333333333,75.45,270.75
2023-04-18 18:00:00,3173.0,87.46,267.71
2023-04-18 19:00:00,3172.2,92.22,267.27
2023-04-18 20:00:00,3169.0,94.1333333333333,266.716666666667
2023-04-18 21:00:00,3170.0,94.88,267.29
2023-04-18 22:00:00,3169.8,94.88,267.53
2023-04-18 23:00:00,3169.16666666667,93.6833333333333,267.583333333333
2023-04-19 00:00:00,3166.16666666667,92.1166666666667,267.183333333333
2023-04-19 01:00:00,3156.66666666667,88.5666666666667,265.766666666667
2023-04-19 02:00:00,3154.16666666667,75.7333333333333,265.583333333333
2023-04-19 03:00:00,3151.6,71.84,265.61
2023-04-19 04:00:00,3149.6,73.78,265.53
2023-04-19 05:00:00,3149.2,84.74,264.39
2023-04-19 06:00:00,3148.4,88.36,263.75
2023-04-19 07:00:00,3147.16666666667,89.9666666666667,263.75
2023-04-19 08:00:00,3148.2,89.84,264.89
2023-04-19 09:00:00,3142.83333333333,84.5,266.666666666667
2023-04-19 10:00:00,3143.5,79.3333333333333,267.95
2023-04-19 11:00:00,3139.66666666667,76.6333333333333,268.55
2023-04-19 12:00:00,3134.2,76.04,268.91
2023-04-19 13:00:00,3134.16666666667,79.45,268.65
2023-04-19 14:00:00,3119.5,80.1166666666667,269.483333333333
2023-04-19 15:00:00,3128.5,90.05,268.7
2023-04-19 16:00:00,3123.5,92.3333333333333,268.65
2023-04-19 17:00:00,3137.33333333333,94.6666666666667,268.2
2023-04-19 18:00:00,3139.5,94.9333333333333,268.283333333333
2023-04-19 19:00:00,3144.5,94.6833333333333,268.066666666667
2023-04-19 20:00:00,3150.0,94.7666666666667,267.9
2023-04-19 21:00:00,3154.33333333333,94.6166666666667,267.783333333333
2023-04-19 22:00:00,3156.83333333333,94.2333333333333,267.666666666667
2023-04-19 23:00:00,3157.16666666667,90.6333333333333,267.516666666667
2023-04-20 00:00:00,3149.16666666667,85.3166666666667,267.583333333333
2023-04-20 01:00:00,3164.16666666667,82.2833333333334,267.466666666667
2023-04-20 02:00:00,3153.83333333333,80.6666666666667,267.5
2023-04-20 03:00:00,3148.83333333333,70.95,267.883333333333
2023-04-20 04:00:00,3131.0,65.5,267.95
2023-04-20 05:00:00,3131.0,62.2333333333333,267.916666666667
2023-04-20 06:00:00,3128.8,64.76,267.85
2023-04-20 07:00:00,3127.0,64.2666666666667,267.866666666667
2023-04-20 08:00:00,3122.66666666667,65.8,267.966666666667
2023-04-20 09:00:00,3121.16666666667,77.4833333333333,267.883333333333
2023-04-20 10:00:00,3118.66666666667,87.65,268.283333333333
2023-04-20 11:00:00,3116.83333333333,93.3,268.616666666667
2023-04-20 12:00:00,3112.33333333333,94.25,269.15
2023-04-20 13:00:00,3102.83333333333,93.8666666666667,269.433333333333
2023-04-20 14:00:00,3106.33333333333,94.2833333333333,269.483333333333
2023-04-20 15:00:00,3124.0,93.9333333333333,269.6
2023-04-20 16:00:00,3129.33333333333,95.35,269.6
2023-04-20 17:00:00,3145.16666666667,95.65,269.283333333333
2023-04-20 18:00:00,3152.33333333333,95.7166666666667,269.016666666667
2023-04-20 19:00:00,3156.83333333333,95.6,268.616666666667
2023-04-20 20:00:00,3160.83333333333,95.2666666666667,268.366666666667
2023-04-20 21:00:00,3162.33333333333,95.0833333333333,268.133333333333
2023-04-20 22:00:00,3164.0,95.25,268.25
2023-04-20 23:00:00,3176.0,95.3,268.25
2023-04-21 00:00:00,3182.16666666667,95.3666666666667,268.35
2023-04-21 01:00:00,3188.66666666667,95.3666666666667,268.35
2023-04-21 02:00:00,3188.6,95.3,268.31
2023-04-21 03:00:00,3188.16666666667,95.1333333333333,268.2
2023-04-21 04:00:00,3188.6,95.02,268.13
2023-04-21 05:00:00,3190.8,94.72,267.93
2023-04-21 06:00:00,3187.83333333333,94.5,267.716666666667
2023-04-21 07:00:00,3186.5,94.9833333333333,268.1
2023-04-21 08:00:00,,,
2023-04-21 09:00:00,3169.4,96.0,270.57
2023-04-21 10:00:00,3164.2,96.1,271.37
2023-04-21 11:00:00,3160.83333333333,96.1,271.466666666667
2023-04-21 12:00:00,3154.0,96.28,273.35
2023-04-21 13:00:00,3153.0,96.36,273.07
2023-04-21 14:00:00,3165.6,95.88,271.35
2023-04-21 15:00:00,3150.2,96.2,272.97
2023-04-21 16:00:00,3141.2,95.96,273.27
2023-04-21 17:00:00,3163.16666666667,92.4,270.7
2023-04-21 18:00:00,3166.83333333333,89.0666666666667,270.383333333333
2023-04-21 19:00:00,3169.0,86.8666666666667,269.783333333333
2023-04-21 20:00:00,,,
2023-04-21 21:00:00,3165.33333333333,83.6666666666667,269.116666666667
2023-04-21 22:00:00,3166.6,83.46,269.27
2023-04-21 23:00:00,3164.16666666667,77.5666666666667,269.316666666667
2023-04-22 00:00:00,3154.33333333333,63.7166666666667,268.5
2023-04-22 01:00:00,3154.2,56.0,269.37
2023-04-22 02:00:00,,,
2023-04-22 03:00:00,3150.33333333333,51.1,269.733333333333
2023-04-22 04:00:00,3147.2,46.04,269.95
2023-04-22 05:00:00,3148.0,46.94,269.91
2023-04-22 06:00:00,,,
2023-04-22 07:00:00,3146.16666666667,51.0333333333333,270.3
2023-04-22 08:00:00,3145.8,53.44,270.75
2023-04-22 09:00:00,3138.8,50.08,272.27
2023-04-22 10:00:00,3132.0,43.94,273.69
2023-04-22 11:00:00,3125.6,40.18,274.95
2023-04-22 12:00:00,3126.2,48.36,274.69
2023-04-22 13:00:00,3103.83333333333,45.2,276.25
2023-04-22 14:00:00,3100.66666666667,44.4833333333333,277.1
2023-04-22 15:00:00,3089.33333333333,39.5,278.966666666667
2023-04-22 16:00:00,3104.4,56.46,275.49
2023-04-22 17:00:00,3103.66666666667,61.35,274.616666666667
2023-04-22 18:00:00,3105.0,63.0666666666667,273.7
2023-04-22 19:00:00,3108.16666666667,65.4166666666667,273.283333333333
2023-04-22 20:00:00,3113.2,69.22,272.99
2023-04-22 21:00:00,3113.33333333333,68.9833333333333,273.266666666667
2023-04-22 22:00:00,3113.66666666667,71.0833333333333,273.083333333333
2023-04-22 23:00:00,3111.0,69.35,272.933333333333
2023-04-23 00:00:00,3110.66666666667,66.85,272.95
2023-04-23 01:00:00,3109.0,70.8833333333334,272.483333333333
2023-04-23 02:00:00,3109.0,74.72,272.13
2023-04-23 03:00:00,3107.5,73.3,272.3
2023-04-23 04:00:00,3106.5,78.0666666666667,272.1
2023-04-23 05:00:00,3105.0,79.06,271.65
2023-04-23 06:00:00,3104.2,69.56,271.81
2023-04-23 07:00:00,3101.6,70.46,271.77
2023-04-23 08:00:00,3099.0,76.2166666666667,271.666666666667
2023-04-23 09:00:00,3091.83333333333,75.2333333333333,272.433333333333
2023-04-23 10:00:00,3090.0,73.46,272.93
2023-04-23 11:00:00,3087.5,72.2333333333333,273.433333333333
2023-04-23 12:00:00,3075.5,74.8666666666667,274.116666666667
2023-04-23 13:00:00,3080.83333333333,68.3166666666667,273.8
2023-04-23 14:00:00,3062.83333333333,66.9333333333333,275.566666666667
2023-04-23 15:00:00,3071.83333333333,71.3333333333333,273.75
2023-04-23 16:00:00,3062.66666666667,73.25,274.65
2023-04-23 17:00:00,3064.83333333333,63.2833333333333,274.083333333333
2023-04-23 18:00:00,3069.83333333333,73.3333333333333,273.05
2023-04-23 19:00:00,3071.33333333333,70.4,272.716666666667
2023-04-23 20:00:00,3071.33333333333,69.6833333333333,272.4
2023-04-23 21:00:00,3069.66666666667,71.2333333333333,272.15
2023-04-23 22:00:00,3068.16666666667,81.4833333333333,271.666666666667
2023-04-23 23:00:00,3067.33333333333,76.4,271.733333333333
2023-04-24 00:00:00,3065.33333333333,89.2833333333334,271.216666666667
2023-04-24 01:00:00,3064.33333333333,96.0166666666667,270.816666666667
2023-04-24 02:00:00,3083.83333333333,94.45,268.966666666667
2023-04-24 03:00:00,3100.33333333333,92.1333333333333,268.183333333333
2023-04-24 04:00:00,3113.33333333333,92.95,267.866666666667
2023-04-24 05:00:00,3151.5,93.1833333333333,267.716666666667
2023-04-24 06:00:00,3162.4,93.96,267.69
2023-04-24 07:00:00,3171.16666666667,93.6,267.883333333333
2023-04-24 08:00:00,3177.5,92.9833333333333,267.866666666667
2023-04-24 09:00:00,3182.8,92.6,267.87
2023-04-24 10:00:00,3169.66666666667,92.6166666666667,268.033333333333
2023-04-24 11:00:00,3184.2,92.86,268.19
2023-04-24 12:00:00,3181.66666666667,91.9666666666667,268.383333333333
2023-04-24 13:00:00,3180.2,90.54,267.99
2023-04-24 14:00:00,3173.0,87.68,268.15
2023-04-24 15:00:00,3174.0,87.18,267.87
2023-04-24 16:00:00,3176.16666666667,86.3166666666667,267.4
2023-04-24 17:00:00,3176.0,88.82,267.33
2023-04-24 18:00:00,3179.83333333333,87.6666666666667,266.65
2023-04-24 19:00:00,3176.6,91.62,266.33
2023-04-24 20:00:00,3171.5,91.9333333333333,265.716666666667
2023-04-24 21:00:00,3170.83333333333,91.5333333333333,265.383333333333
2023-04-24 22:00:00,3172.5,89.4666666666667,265.05
2023-04-24 23:00:00,3184.66666666667,81.7666666666667,265.55
2023-04-25 00:00:00,3184.33333333333,83.65,264.75
2023-04-25 01:00:00,3183.16666666667,81.2333333333333,265.483333333333
2023-04-25 02:00:00,3179.66666666667,82.7166666666667,265.433333333333
2023-04-25 03:00:00,3177.5,82.05,264.866666666667
2023-04-25 04:00:00,3172.16666666667,79.6166666666667,263.783333333333
2023-04-25 05:00:00,3172.5,82.5333333333334,264.116666666667
2023-04-25 06:00:00,3171.5,91.1666666666667,264.566666666667
2023-04-25 07:00:00,3164.0,90.2333333333333,264.9
2023-04-25 08:00:00,3162.0,84.08,265.35
2023-04-25 09:00:00,3158.33333333333,68.7,266.883333333333
2023-04-25 10:00:00,3149.0,71.75,267.0
2023-04-25 11:00:00,3144.0,74.76,267.01
2023-04-25 12:00:00,3145.66666666667,80.05,266.983333333333
2023-04-25 13:00:00,3164.33333333333,85.0,265.916666666667
2023-04-25 14:00:00,3169.0,82.5666666666667,266.45
2023-04-25 15:00:00,3162.5,84.65,266.233333333333
2023-04-25 16:00:00,3183.33333333333,83.9833333333333,265.55
2023-04-25 17:00:00,3194.83333333333,85.45,265.116666666667
2023-04-25 18:00:00,3190.0,86.7166666666667,264.6
2023-04-25 19:00:00,3204.0,85.9,264.2
2023-04-25 20:00:00,3188.33333333333,88.4166666666667,264.166666666667
2023-04-25 21:00:00,3191.0,90.2833333333333,264.366666666667
2023-04-25 22:00:00,3197.66666666667,89.85,264.2
2023-04-25 23:00:00,3211.66666666667,89.85,264.083333333333
2023-04-26 00:00:00,3222.5,89.7166666666667,263.916666666667
2023-04-26 01:00:00,3232.83333333333,89.7333333333333,263.95
2023-04-26 02:00:00,3231.83333333333,89.6166666666667,263.9
2023-04-26 03:00:00,3218.66666666667,89.6833333333333,263.866666666667
2023-04-26 04:00:00,3209.5,89.6333333333334,263.866666666667
2023-04-26 05:00:00,3200.16666666667,89.55,263.8
2023-04-26 06:00:00,3199.5,89.3666666666667,263.733333333333
2023-04-26 07:00:00,3205.33333333333,88.9166666666667,263.633333333333
2023-04-26 08:00:00,3203.16666666667,88.6666666666667,263.833333333333
2023-04-26 09:00:00,3195.83333333333,87.6333333333333,264.183333333333
2023-04-26 10:00:00,3185.83333333333,84.8666666666667,265.35
2023-04-26 11:00:00,3178.83333333333,66.9333333333333,266.316666666667
2023-04-26 12:00:00,3179.66666666667,41.8,267.216666666667
2023-04-26 13:00:00,3182.0,36.15,267.883333333333
2023-04-26 14:00:00,3179.83333333333,39.4666666666667,268.683333333333
2023-04-26 15:00:00,3174.5,37.5333333333333,269.016666666667
2023-04-26 16:00:00,3171.83333333333,32.0666666666667,269.283333333333
2023-04-26 17:00:00,3172.83333333333,34.55,269.183333333333
2023-04-26 18:00:00,3170.33333333333,45.6666666666667,268.233333333333
2023-04-26 19:00:00,3173.5,53.1666666666667,266.883333333333
2023-04-26 20:00:00,3175.83333333333,55.9,266.583333333333
2023-04-26 21:00:00,3175.83333333333,51.0,267.083333333333
2023-04-26 22:00:00,3174.5,57.7,267.083333333333
2023-04-26 23:00:00,3170.16666666667,69.2333333333333,266.866666666667
2023-04-27 00:00:00,3165.2,83.7,266.93
2023-04-27 01:00:00,3165.66666666667,87.7666666666667,267.466666666667
2023-04-27 02:00:00,3166.5,88.4833333333333,267.633333333333
2023-04-27 03:00:00,3164.0,88.98,267.77
2023-04-27 04:00:00,3158.16666666667,91.1166666666667,267.9
2023-04-27 05:00:00,3154.0,91.6,267.916666666667
2023-04-27 06:00:00,3162.16666666667,91.3,268.066666666667
2023-04-27 07:00:00,3172.5,87.2333333333333,268.3
2023-04-27 08:00:00,3173.33333333333,84.2333333333333,268.6
2023-04-27 09:00:00,3163.5,88.2833333333333,269.266666666667
2023-04-27 10:00:00,3169.2,88.22,269.23
2023-04-27 11:00:00,3154.6,75.58,270.13
2023-04-27 12:00:00,3148.83333333333,69.0166666666667,270.933333333333
2023-04-27 13:00:00,3149.16666666667,67.8833333333333,271.416666666667
2023-04-27 14:00:00,,,
2023-04-27 15:00:00,3146.5,69.3833333333333,271.9
2023-04-27 16:00:00,3145.33333333333,69.0833333333333,272.216666666667
2023-04-27 17:00:00,3142.5,64.45,272.433333333333
2023-04-27 18:00:00,3148.66666666667,65.6,271.866666666667
2023-04-27 19:00:00,3149.83333333333,66.5833333333334,270.9
2023-04-27 20:00:00,3148.0,66.6,269.67
2023-04-27 21:00:00,3145.5,70.0333333333334,269.566666666667
2023-04-27 22:00:00,3145.5,65.5666666666667,269.766666666667
2023-04-27 23:00:00,3145.8,63.84,270.01
2023-04-28 00:00:00,3148.0,61.0,270.73
2023-04-28 01:00:00,3145.33333333333,63.9666666666667,270.816666666667
2023-04-28 02:00:00,,,
2023-04-28 03:00:00,3143.0,63.88,271.05
2023-04-28 04:00:00,,,
2023-04-28 05:00:00,,,
2023-04-28 06:00:00,,,
2023-04-28 07:00:00,,,
2023-04-28 08:00:00,,,
2023-04-28 09:00:00,3173.2,96.0,272.57
2023-04-28 10:00:00,,,
2023-04-28 11:00:00,3165.2,95.52,273.95
2023-04-28 12:00:00,3177.8,96.16,273.43
2023-04-28 13:00:00,,,
2023-04-28 14:00:00,3215.0,96.2,273.45
2023-04-28 15:00:00,3220.4,96.2,273.53
2023-04-28 16:00:00,3220.6,96.2,273.35
2023-04-28 17:00:00,3226.33333333333,96.2666666666667,273.216666666667
2023-04-28 18:00:00,,,
2023-04-28 19:00:00,3251.5,96.2666666666667,272.866666666667
2023-04-28 20:00:00,3272.66666666667,96.2,272.55
2023-04-28 21:00:00,3305.2,96.2,272.69
2023-04-28 22:00:00,3339.4,96.2,272.75
2023-04-28 23:00:00,3355.33333333333,96.2,272.583333333333
2023-04-29 00:00:00,3361.66666666667,96.2,272.416666666667
2023-04-29 01:00:00,3372.5,96.2,272.383333333333
2023-04-29 02:00:00,3382.8,96.2,272.37
2023-04-29 03:00:00,3388.6,96.2,272.23
2023-04-29 04:00:00,3398.6,96.16,272.07
2023-04-29 05:00:00,,,
2023-04-29 06:00:00,3394.66666666667,96.1,271.633333333333
2023-04-29 07:00:00,3389.4,96.12,271.91
2023-04-29 08:00:00,3377.6,96.26,272.71
2023-04-29 09:00:00,3361.5,96.3333333333333,273.333333333333
2023-04-29 10:00:00,,,
2023-04-29 11:00:00,3345.2,96.4,274.03
2023-04-29 12:00:00,3321.6,96.42,274.43
2023-04-29 13:00:00,3298.4,96.32,275.03
2023-04-29 14:00:00,,,
2023-04-29 15:00:00,3278.16666666667,84.05,274.95
2023-04-29 16:00:00,3280.5,84.4833333333333,274.3
2023-04-29 17:00:00,3286.33333333333,87.1,272.833333333333
2023-04-29 18:00:00,3284.83333333333,93.9,272.65
2023-04-29 19:00:00,3282.16666666667,95.1333333333333,272.216666666667
2023-04-29 20:00:00,3278.0,96.1,271.966666666667
2023-04-29 21:00:00,3271.83333333333,95.9666666666667,271.933333333333
2023-04-29 22:00:00,3268.16666666667,96.2,271.85
2023-04-29 23:00:00,3265.16666666667,96.2,271.666666666667
2023-04-30 00:00:00,3259.83333333333,96.1833333333333,271.433333333333
2023-04-30 01:00:00,3256.33333333333,96.0666666666667,270.933333333333
2023-04-30 02:00:00,3253.4,96.02,271.05
2023-04-30 03:00:00,,,
2023-04-30 04:00:00,,,
2023-04-30 05:00:00,3235.0,87.88,269.01
2023-04-30 06:00:00,,,
2023-04-30 07:00:00,,,
2023-04-30 08:00:00,3223.2,78.68,271.47
2023-04-30 09:00:00,,,
2023-04-30 10:00:00,,,
2023-04-30 11:00:00,3217.4,86.14,272.79
2023-04-30 12:00:00,3209.4,78.34,274.03
2023-04-30 13:00:00,3185.8,68.46,276.61
2023-04-30 14:00:00,3174.0,61.42,277.43
2023-04-30 15:00:00,3163.8,61.6,278.43
2023-04-30 16:00:00,3181.5,84.9,274.683333333333
2023-04-30 17:00:00,3172.66666666667,60.0333333333333,277.133333333333
2023-04-30 18:00:00,3190.0,86.6,273.77
2023-04-30 19:00:00,3191.83333333333,96.2833333333334,272.6
2023-04-30 20:00:00,3183.4,96.12,272.25
2023-04-30 21:00:00,3175.33333333333,96.1833333333333,271.766666666667
2023-04-30 22:00:00,3186.66666666667,96.2,271.65
2023-04-30 23:00:00,3185.83333333333,96.2,271.666666666667
2023-05-01 00:00:00,3182.0,96.2,271.65
2023-05-01 01:00:00,3178.0,96.2,271.6
2023-05-01 02:00:00,3177.0,96.14,271.47
2023-05-01 03:00:00,,,
2023-05-01 04:00:00,,,
2023-05-01 05:00:00,3178.0,96.1,271.09
2023-05-01 06:00:00,,,
2023-05-01 07:00:00,3179.0,95.6666666666667,270.866666666667
2023-05-01 08:00:00,3176.8,93.84,271.01
2023-05-01 09:00:00,3171.4,93.0,271.73
2023-05-01 10:00:00,3163.8,91.94,272.43
2023-05-01 11:00:00,3159.16666666667,92.7,272.816666666667
2023-05-01 12:00:00,3157.6,94.18,272.87
2023-05-01 13:00:00,3151.83333333333,94.5166666666667,272.816666666667
2023-05-01 14:00:00,3148.0,95.82,272.37
2023-05-01 15:00:00,3144.0,91.6166666666667,272.233333333333
2023-05-01 16:00:00,3137.66666666667,88.85,272.55
2023-05-01 17:00:00,3144.5,93.2333333333333,271.983333333333
2023-05-01 18:00:00,3153.83333333333,95.8333333333333,271.616666666667
2023-05-01 19:00:00,3159.83333333333,96.1166666666667,271.25
2023-05-01 20:00:00,3175.66666666667,96.0666666666667,270.9
2023-05-01 21:00:00,3202.33333333333,96.0,270.533333333333
2023-05-01 22:00:00,3225.0,95.9666666666667,270.283333333333
2023-05-01 23:00:00,3236.83333333333,95.9,270.0
2023-05-02 00:00:00,3246.0,95.9,269.85
2023-05-02 01:00:00,3256.83333333333,95.9,269.666666666667
2023-05-02 02:00:00,3267.2,95.82,269.27
2023-05-02 03:00:00,,,
2023-05-02 04:00:00,,,
2023-05-02 05:00:00,,,
2023-05-02 06:00:00,,,
2023-05-02 07:00:00,,,
2023-05-02 08:00:00,,,
2023-05-02 09:00:00,,,
2023-05-02 10:00:00,,,
2023-05-02 11:00:00,,,
2023-05-02 12:00:00,,,
2023-05-02 13:00:00,,,
2023-05-02 14:00:00,,,
2023-05-02 15:00:00,,,
2023-05-02 16:00:00,,,
2023-05-02 17:00:00,,,
2023-05-02 18:00:00,,,
2023-05-02 19:00:00,,,
2023-05-02 20:00:00,,,
2023-05-02 21:00:00,3246.6,95.04,269.05
2023-05-02 22:00:00,3254.6,95.8,268.89
2023-05-02 23:00:00,3263.0,95.14,268.59
2023-05-03 00:00:00,,,
2023-05-03 01:00:00,3255.0,89.14,268.05
2023-05-03 02:00:00,,,
2023-05-03 03:00:00,,,
2023-05-03 04:00:00,3249.0,90.8,266.91
2023-05-03 05:00:00,3249.4,91.36,267.01
2023-05-03 06:00:00,,,
2023-05-03 07:00:00,,,
2023-05-03 08:00:00,,,
2023-05-03 09:00:00,,,
2023-05-03 10:00:00,,,
2023-05-03 11:00:00,3211.6,70.1,273.11
2023-05-03 12:00:00,,,
2023-05-03 13:00:00,,,
2023-05-03 14:00:00,,,
2023-05-03 15:00:00,3212.0,72.5666666666667,273.15
2023-05-03 16:00:00,3212.0,74.02,273.07
2023-05-03 17:00:00,3214.83333333333,81.9166666666667,272.8
2023-05-03 18:00:00,,,
2023-05-03 19:00:00,,,
2023-05-03 20:00:00,3224.0,93.14,270.59
2023-05-03 21:00:00,3221.0,78.7,269.65
2023-05-03 22:00:00,3216.4,58.58,268.79
2023-05-03 23:00:00,3213.0,33.92,269.39
2023-05-04 00:00:00,3211.66666666667,27.6,270.666666666667
2023-05-04 01:00:00,3212.33333333333,29.2333333333333,270.783333333333
2023-05-04 02:00:00,,,
2023-05-04 03:00:00,,,
2023-05-04 04:00:00,,,
2023-05-04 05:00:00,,,
2023-05-04 06:00:00,3207.0,39.16,270.19
2023-05-04 07:00:00,3205.83333333333,38.8333333333333,270.633333333333
2023-05-04 08:00:00,,,
2023-05-04 09:00:00,3200.6,36.96,273.51
2023-05-04 10:00:00,3198.4,38.04,274.23
2023-05-04 11:00:00,3197.0,33.6333333333333,275.383333333333
2023-05-04 12:00:00,3190.83333333333,35.5833333333333,275.933333333333
2023-05-04 13:00:00,3193.0,36.18,275.85
2023-05-04 14:00:00,3186.5,37.3166666666667,276.816666666667
2023-05-04 15:00:00,3177.16666666667,39.6833333333333,276.45
2023-05-04 16:00:00,3165.5,38.6,277.666666666667
2023-05-04 17:00:00,3163.5,44.5833333333333,276.833333333333
2023-05-04 18:00:00,3158.0,47.8,275.85
2023-05-04 19:00:00,3159.83333333333,51.7666666666667,274.45
2023-05-04 20:00:00,3170.33333333333,59.0833333333333,273.283333333333
2023-05-04 21:00:00,3169.66666666667,60.8,272.95
2023-05-04 22:00:00,3170.66666666667,65.3166666666667,272.666666666667
2023-05-04 23:00:00,3168.0,70.0166666666667,271.85
2023-05-05 00:00:00,3168.5,66.6333333333333,272.183333333333
2023-05-05 01:00:00,3166.83333333333,70.1666666666667,272.016666666667
2023-05-05 02:00:00,,,
2023-05-05 03:00:00,,,
2023-05-05 04:00:00,,,
2023-05-05 05:00:00,,,
2023-05-05 06:00:00,3167.8,84.44,273.15
2023-05-05 07:00:00,3164.8,86.6,272.61
2023-05-05 08:00:00,3159.6,78.32,273.79
2023-05-05 09:00:00,,,
2023-05-05 10:00:00,3149.0,69.8,275.27
2023-05-05 11:00:00,3151.4,65.96,276.37
2023-05-05 12:00:00,,,
2023-05-05 13:00:00,,,
2023-05-05 14:00:00,,,
2023-05-05 15:00:00,,,
2023-05-05 16:00:00,,,
2023-05-05 17:00:00,,,
2023-05-05 18:00:00,,,
2023-05-05 19:00:00,,,
2023-05-05 20:00:00,,,
2023-05-05 21:00:00,,,
2023-05-05 22:00:00,3122.2,96.22,273.25
2023-05-05 23:00:00,3122.4,96.3,273.19
2023-05-06 00:00:00,3132.2,96.14,273.15
2023-05-06 01:00:00,,,
2023-05-06 02:00:00,3146.8,96.08,273.09
2023-05-06 03:00:00,,,
2023-05-06 04:00:00,,,
2023-05-06 05:00:00,,,
2023-05-06 06:00:00,,,
2023-05-06 07:00:00,3147.4,93.86,273.13
2023-05-06 08:00:00,,,
2023-05-06 09:00:00,3116.2,81.12,274.81
2023-05-06 10:00:00,,,
2023-05-06 11:00:00,,,
2023-05-06 12:00:00,3070.33333333333,76.6833333333333,276.033333333333
2023-05-06 13:00:00,,,
2023-05-06 14:00:00,3084.6,74.54,276.61
2023-05-06 15:00:00,3078.2,74.28,276.51
2023-05-06 16:00:00,3064.4,69.34,276.69
2023-05-06 17:00:00,3078.8,68.52,277.05
2023-05-06 18:00:00,,,
2023-05-06 19:00:00,,,
2023-05-06 20:00:00,3083.6,80.66,274.83
2023-05-06 21:00:00,,,
2023-05-06 22:00:00,,,
2023-05-06 23:00:00,3083.83333333333,92.4,273.833333333333
2023-05-07 00:00:00,3079.83333333333,89.7666666666667,274.016666666667
2023-05-07 01:00:00,3074.66666666667,96.0333333333333,273.533333333333
2023-05-07 02:00:00,3102.6,95.72,272.77
2023-05-07 03:00:00,,,
2023-05-07 04:00:00,3100.0,76.98,273.07
2023-05-07 05:00:00,3097.5,75.3333333333333,272.466666666667
2023-05-07 06:00:00,3096.8,73.04,272.31
2023-05-07 07:00:00,,,
2023-05-07 08:00:00,3089.0,59.8,273.816666666667
2023-05-07 09:00:00,3076.5,57.9666666666667,275.416666666667
2023-05-07 10:00:00,3059.83333333333,57.9833333333334,276.083333333333
2023-05-07 11:00:00,3041.66666666667,61.4166666666667,276.0
2023-05-07 12:00:00,3046.5,60.1833333333333,276.066666666667
2023-05-07 13:00:00,3043.0,61.9333333333333,276.266666666667
2023-05-07 14:00:00,3029.16666666667,56.8666666666667,277.7
2023-05-07 15:00:00,3037.83333333333,56.2,277.4
2023-05-07 16:00:00,3036.66666666667,58.8833333333333,277.016666666667
2023-05-07 17:00:00,3034.66666666667,56.3666666666667,277.583333333333
2023-05-07 18:00:00,3032.16666666667,57.7833333333333,278.283333333333
2023-05-07 19:00:00,3037.0,78.8833333333334,275.85
2023-05-07 20:00:00,3049.33333333333,90.65,274.633333333333
2023-05-07 21:00:00,3050.0,96.1666666666667,274.316666666667
2023-05-07 22:00:00,3049.83333333333,96.25,273.833333333333
2023-05-07 23:00:00,3088.66666666667,96.2333333333333,273.016666666667
2023-05-08 00:00:00,3135.83333333333,96.3,273.35
2023-05-08 01:00:00,3161.83333333333,96.3,273.35
2023-05-08 02:00:00,3181.66666666667,96.3,273.35
2023-05-08 03:00:00,3188.0,96.3,273.183333333333
2023-05-08 04:00:00,3188.5,96.3,273.15
2023-05-08 05:00:00,3188.0,96.3,273.05
2023-05-08 06:00:00,3183.66666666667,96.3,273.033333333333
2023-05-08 07:00:00,3184.5,96.3,273.3
2023-05-08 08:00:00,3186.5,96.35,273.616666666667
2023-05-08 09:00:00,3181.83333333333,96.45,273.816666666667
2023-05-08 10:00:00,3172.0,96.55,274.45
2023-05-08 11:00:00,3125.5,96.7666666666667,277.283333333333
2023-05-08 12:00:00,3083.16666666667,96.9666666666667,279.183333333333
2023-05-08 13:00:00,3069.5,96.85,278.166666666667
2023-05-08 14:00:00,3069.0,95.8166666666667,278.816666666667
2023-05-08 15:00:00,3089.5,91.3,275.133333333333
2023-05-08 16:00:00,3087.0,95.1,274.466666666667
2023-05-08 17:00:00,3065.66666666667,96.2,274.5
2023-05-08 18:00:00,3053.83333333333,96.5,273.683333333333
2023-05-08 19:00:00,3085.16666666667,96.55,273.616666666667
2023-05-08 20:00:00,3098.66666666667,96.5,273.3
2023-05-08 21:00:00,3108.16666666667,96.5,273.166666666667
2023-05-08 22:00:00,3104.0,96.5,273.15
2023-05-08 23:00:00,3094.5,96.5,273.133333333333
2023-05-09 00:00:00,3103.2,96.5,272.89
2023-05-09 01:00:00,3103.16666666667,96.4,272.566666666667
2023-05-09 02:00:00,3101.5,96.4,272.483333333333
2023-05-09 03:00:00,3099.83333333333,96.35,272.483333333333
2023-05-09 04:00:00,3100.83333333333,96.3,272.433333333333
2023-05-09 05:00:00,3102.0,95.9,272.31
2023-05-09 06:00:00,3099.66666666667,91.3333333333333,272.35
2023-05-09 07:00:00,3090.66666666667,92.1166666666667,272.966666666667
2023-05-09 08:00:00,3087.0,93.55,273.666666666667
2023-05-09 09:00:00,3083.16666666667,82.5166666666667,275.25
2023-05-09 10:00:00,3050.83333333333,59.3166666666667,276.883333333333
2023-05-09 11:00:00,3031.5,54.4833333333333,278.65
2023-05-09 12:00:00,3040.0,75.7,275.083333333333
2023-05-09 13:00:00,3047.0,73.1666666666667,275.0
2023-05-09 14:00:00,3040.66666666667,65.8333333333333,276.85
2023-05-09 15:00:00,3027.66666666667,59.1333333333333,278.816666666667
2023-05-09 16:00:00,3037.0,63.6333333333333,277.0
2023-05-09 17:00:00,3040.33333333333,68.8166666666667,276.983333333333
2023-05-09 18:00:00,3037.16666666667,83.05,275.633333333333
2023-05-09 19:00:00,3032.0,86.1666666666667,274.983333333333
2023-05-09 20:00:00,3032.0,94.9833333333333,274.133333333333
2023-05-09 21:00:00,3047.66666666667,96.2,273.65
2023-05-09 22:00:00,3058.5,96.3,273.5
2023-05-09 23:00:00,3067.0,96.2,273.283333333333
2023-05-10 00:00:00,3082.66666666667,96.2833333333334,273.15
2023-05-10 01:00:00,3091.66666666667,96.3666666666667,273.0
2023-05-10 02:00:00,3092.83333333333,96.35,272.683333333333
2023-05-10 03:00:00,3103.33333333333,96.3333333333333,272.633333333333
2023-05-10 04:00:00,3117.33333333333,96.3,272.2
2023-05-10 05:00:00,3135.5,96.2333333333333,272.0
2023-05-10 06:00:00,3152.0,96.2,271.45
2023-05-10 07:00:00,3163.66666666667,96.1666666666667,271.25
2023-05-10 08:00:00,3169.5,96.0333333333334,270.7
2023-05-10 09:00:00,3162.83333333333,96.0166666666667,271.116666666667
2023-05-10 10:00:00,3167.33333333333,96.0166666666667,271.266666666667
2023-05-10 11:00:00,3176.33333333333,95.9666666666667,270.916666666667
2023-05-10 12:00:00,3184.66666666667,96.0166666666667,271.433333333333
2023-05-10 13:00:00,3174.66666666667,96.25,272.933333333333
2023-05-10 14:00:00,3191.16666666667,96.1166666666667,272.35
2023-05-10 15:00:00,3219.0,96.1,271.05
2023-05-10 16:00:00,3225.83333333333,96.0833333333333,271.15
2023-05-10 17:00:00,3240.83333333333,96.0833333333333,270.716666666667
2023-05-10 18:00:00,3252.66666666667,96.1,270.483333333333
2023-05-10 19:00:00,3262.33333333333,95.9833333333333,269.933333333333
2023-05-10 20:00:00,3272.0,95.9,269.233333333333
2023-05-10 21:00:00,3285.66666666667,95.8333333333333,268.7
2023-05-10 22:00:00,3294.16666666667,95.8,268.35
2023-05-10 23:00:00,3300.33333333333,95.8,268.133333333333
2023-05-11 00:00:00,3302.33333333333,95.8,268.25
2023-05-11 01:00:00,3329.83333333333,95.8,268.233333333333
2023-05-11 02:00:00,3358.0,95.8,268.37
2023-05-11 03:00:00,3376.8,95.8,268.25
2023-05-11 04:00:00,3388.33333333333,95.8,268.25
2023-05-11 05:00:00,3396.0,95.8,268.21
2023-05-11 06:00:00,3406.5,95.8,268.25
2023-05-11 07:00:00,3417.33333333333,95.8333333333333,268.4
2023-05-11 08:00:00,3423.5,95.85,268.766666666667
2023-05-11 09:00:00,3426.66666666667,95.9166666666667,269.616666666667
2023-05-11 10:00:00,3425.0,96.0166666666667,270.316666666667
2023-05-11 11:00:00,3422.4,96.14,271.67
2023-05-11 12:00:00,3408.33333333333,96.2,273.366666666667
2023-05-11 13:00:00,3403.5,96.1833333333333,273.033333333333
2023-05-11 14:00:00,3387.66666666667,96.15,273.716666666667
2023-05-11 15:00:00,3388.66666666667,96.1833333333333,273.05
2023-05-11 16:00:00,3374.66666666667,96.15,272.75
2023-05-11 17:00:00,3388.4,96.08,272.41
2023-05-11 18:00:00,3403.66666666667,96.0166666666667,270.466666666667
2023-05-11 19:00:00,3406.16666666667,95.9333333333333,269.35
2023-05-11 20:00:00,3406.16666666667,96.0,268.95
2023-05-11 21:00:00,3402.66666666667,95.9,268.833333333333
2023-05-11 22:00:00,3401.5,95.9,268.866666666667
2023-05-11 23:00:00,3404.66666666667,95.9,268.833333333333
2023-05-12 00:00:00,3405.33333333333,95.9,269.066666666667
2023-05-12 01:00:00,3421.16666666667,95.9,268.983333333333
2023-05-12 02:00:00,3419.5,95.9,268.95
2023-05-12 03:00:00,3416.33333333333,95.9,269.0
2023-05-12 04:00:00,3414.0,95.8833333333333,268.966666666667
2023-05-12 05:00:00,3419.16666666667,95.9,268.85
2023-05-12 06:00:00,3421.33333333333,95.9,269.116666666667
2023-05-12 07:00:00,3409.33333333333,95.95,269.466666666667
2023-05-12 08:00:00,3397.33333333333,96.05,270.383333333333
2023-05-12 09:00:00,3386.66666666667,96.1666666666667,271.6
2023-05-12 10:00:00,3370.0,95.55,272.483333333333
2023-05-12 11:00:00,3355.0,96.32,273.57
2023-05-12 12:00:00,3343.2,92.76,272.45
2023-05-12 13:00:00,3329.66666666667,91.9666666666667,274.783333333333
2023-05-12 14:00:00,3326.5,89.7666666666667,274.716666666667
2023-05-12 15:00:00,3308.66666666667,87.9833333333333,275.283333333333
2023-05-12 16:00:00,3298.0,87.4166666666667,273.983333333333
2023-05-12 17:00:00,3313.0,95.72,271.75
2023-05-12 18:00:00,3330.8,96.16,271.59
2023-05-12 19:00:00,3337.33333333333,96.15,271.416666666667
2023-05-12 20:00:00,3339.83333333333,96.1166666666667,270.8
2023-05-12 21:00:00,3335.33333333333,96.0166666666667,270.333333333333
2023-05-12 22:00:00,3332.66666666667,96.0333333333334,270.25
2023-05-12 23:00:00,3336.83333333333,95.3333333333333,269.8
2023-05-13 00:00:00,3335.8,86.52,269.89
2023-05-13 01:00:00,3331.66666666667,86.8166666666667,269.65
2023-05-13 02:00:00,3329.33333333333,81.5333333333333,269.783333333333
2023-05-13 03:00:00,3325.66666666667,78.8166666666667,269.833333333333
2023-05-13 04:00:00,3322.0,81.3,269.566666666667
2023-05-13 05:00:00,3318.0,85.62,268.77
2023-05-13 06:00:00,3317.2,86.16,269.27
2023-05-13 07:00:00,3310.0,87.3166666666667,269.75
2023-05-13 08:00:00,3293.16666666667,88.1,270.1
2023-05-13 09:00:00,3293.33333333333,91.8,270.483333333333
2023-05-13 10:00:00,3305.33333333333,90.2,270.916666666667
2023-05-13 11:00:00,3316.66666666667,86.5,272.383333333333
2023-05-13 12:00:00,3293.0,84.1333333333333,273.2
2023-05-13 13:00:00,3292.33333333333,82.6,273.583333333333
2023-05-13 14:00:00,3292.66666666667,78.8333333333333,273.916666666667
2023-05-13 15:00:00,3273.16666666667,67.4166666666667,276.333333333333
2023-05-13 16:00:00,3265.83333333333,72.3166666666667,275.95
2023-05-13 17:00:00,3285.5,94.8,271.516666666667
2023-05-13 18:00:00,3288.83333333333,96.1666666666667,271.283333333333
2023-05-13 19:00:00,3291.0,96.0833333333333,271.216666666667
2023-05-13 20:00:00,3292.5,96.1166666666667,270.75
2023-05-13 21:00:00,3293.0,96.1,270.6
2023-05-13 22:00:00,3290.5,96.05,270.366666666667
2023-05-13 23:00:00,3294.0,96.0,269.916666666667
2023-05-14 00:00:00,3297.83333333333,95.6833333333333,269.083333333333
2023-05-14 01:00:00,3293.83333333333,90.2333333333333,269.033333333333
2023-05-14 02:00:00,3279.33333333333,86.4,269.15
2023-05-14 03:00:00,3273.66666666667,88.2333333333333,268.366666666667
2023-05-14 04:00:00,3271.83333333333,86.55,267.316666666667
2023-05-14 05:00:00,3271.66666666667,84.7166666666667,267.233333333333
2023-05-14 06:00:00,3273.33333333333,86.9166666666667,267.866666666667
2023-05-14 07:00:00,3268.83333333333,89.6333333333333,269.166666666667
2023-05-14 08:00:00,3251.0,88.0,270.416666666667
2023-05-14 09:00:00,3246.33333333333,87.5833333333333,270.516666666667
2023-05-14 10:00:00,3224.5,80.3166666666667,272.816666666667
2023-05-14 11:00:00,3247.16666666667,83.0333333333334,272.233333333333
2023-05-14 12:00:00,3251.16666666667,82.4166666666667,272.05
2023-05-14 13:00:00,3265.33333333333,80.8,271.766666666667
2023-05-14 14:00:00,3265.0,93.8666666666667,271.066666666667
2023-05-14 15:00:00,3256.0,94.1166666666667,271.35
2023-05-14 16:00:00,3276.0,96.0666666666667,271.016666666667
2023-05-14 17:00:00,3293.5,96.1,270.683333333333
2023-05-14 18:00:00,3292.66666666667,96.0833333333333,270.516666666667
2023-05-14 19:00:00,3297.16666666667,96.0166666666667,270.3
2023-05-14 20:00:00,3306.0,96.0,270.133333333333
2023-05-14 21:00:00,3314.0,95.9833333333333,269.8
2023-05-14 22:00:00,3336.33333333333,95.95,269.55
2023-05-14 23:00:00,3338.0,95.9,269.183333333333
2023-05-15 00:00:00,3342.66666666667,95.9,269.366666666667
2023-05-15 01:00:00,3343.0,95.9,269.4
2023-05-15 02:00:00,3350.66666666667,95.9,269.266666666667
2023-05-15 03:00:00,3356.0,95.8666666666667,269.05
2023-05-15 04:00:00,3361.66666666667,95.8,268.55
2023-05-15 05:00:00,3363.0,95.8,268.466666666667
2023-05-15 06:00:00,3359.16666666667,95.8,268.633333333333
2023-05-15 07:00:00,3341.33333333333,95.85,268.666666666667
2023-05-15 08:00:00,3321.16666666667,95.8333333333333,268.716666666667
2023-05-15 09:00:00,3308.0,95.8833333333333,269.1
2023-05-15 10:00:00,3306.66666666667,95.9166666666667,269.633333333333
2023-05-15 11:00:00,3315.83333333333,96.0,270.316666666667
2023-05-15 12:00:00,3313.0,96.1,271.35
2023-05-15 13:00:00,3316.5,96.1,271.35
2023-05-15 14:00:00,3304.33333333333,96.2,272.5
2023-05-15 15:00:00,3300.66666666667,95.8666666666667,271.783333333333
2023-05-15 16:00:00,3306.66666666667,96.0,271.266666666667
2023-05-15 17:00:00,3303.83333333333,96.0666666666667,271.066666666667
2023-05-15 18:00:00,3303.83333333333,96.0166666666667,270.65
2023-05-15 19:00:00,3307.83333333333,95.95,269.9
2023-05-15 20:00:00,3309.0,96.0,269.95
2023-05-15 21:00:00,3309.83333333333,96.0166666666667,270.05
2023-05-15 22:00:00,3309.16666666667,95.9666666666667,269.833333333333
2023-05-15 23:00:00,3306.5,95.95,269.483333333333
2023-05-16 00:00:00,3307.83333333333,95.8166666666667,269.0
2023-05-16 01:00:00,3309.83333333333,95.8666666666667,269.133333333333
2023-05-16 02:00:00,3304.33333333333,95.9,269.0
2023-05-16 03:00:00,3301.5,95.8,268.733333333333
2023-05-16 04:00:00,3300.33333333333,95.85,268.85
2023-05-16 05:00:00,3296.83333333333,95.9,268.983333333333
2023-05-16 06:00:00,3296.5,95.9,269.1
2023-05-16 07:00:00,3298.83333333333,95.9833333333333,269.466666666667
2023-05-16 08:00:00,3300.33333333333,96.0,269.783333333333
2023-05-16 09:00:00,3299.16666666667,96.0,270.25
2023-05-16 10:00:00,3297.66666666667,96.0,270.616666666667
2023-05-16 11:00:00,3300.33333333333,96.0,270.95
2023-05-16 12:00:00,3304.83333333333,95.9666666666667,270.716666666667
2023-05-16 13:00:00,3303.33333333333,96.0,271.3
2023-05-16 14:00:00,3303.33333333333,96.0,271.566666666667
2023-05-16 15:00:00,3302.16666666667,96.0,271.366666666667
2023-05-16 16:00:00,3301.5,96.0,271.583333333333
2023-05-16 17:00:00,3307.83333333333,96.0,270.883333333333
2023-05-16 18:00:00,3318.0,96.0,270.533333333333
2023-05-16 19:00:00,3325.33333333333,96.0,270.083333333333
2023-05-16 20:00:00,3318.83333333333,96.0,269.683333333333
2023-05-16 21:00:00,3317.83333333333,95.9166666666667,269.45
2023-05-16 22:00:00,3324.83333333333,95.9,269.3
2023-05-16 23:00:00,3318.16666666667,95.9,269.05
2023-05-17 00:00:00,3311.16666666667,95.8666666666667,268.866666666667
2023-05-17 01:00:00,3310.0,95.8,268.633333333333
2023-05-17 02:00:00,3319.5,95.8,268.35
2023-05-17 03:00:00,3320.66666666667,95.8,268.116666666667
2023-05-17 04:00:00,3310.33333333333,95.7333333333333,267.966666666667
2023-05-17 05:00:00,3318.66666666667,95.7,267.7
2023-05-17 06:00:00,3316.0,95.65,267.616666666667
2023-05-17 07:00:00,3326.33333333333,95.7833333333333,268.066666666667
2023-05-17 08:00:00,3321.33333333333,95.8333333333333,268.583333333333
2023-05-17 09:00:00,3310.16666666667,96.0166666666667,270.033333333333
2023-05-17 10:00:00,3294.83333333333,96.2333333333333,272.283333333333
2023-05-17 11:00:00,3295.83333333333,96.2166666666667,272.383333333333
2023-05-17 12:00:00,3298.66666666667,96.2833333333334,273.033333333333
2023-05-17 13:00:00,3292.33333333333,95.5333333333333,273.583333333333
2023-05-17 14:00:00,3294.16666666667,93.8,273.116666666667
2023-05-17 15:00:00,3279.66666666667,93.7333333333333,273.616666666667
2023-05-17 16:00:00,3290.16666666667,93.05,272.8
2023-05-17 17:00:00,3305.16666666667,93.1833333333333,271.783333333333
2023-05-17 18:00:00,3312.0,94.4666666666667,271.966666666667
2023-05-17 19:00:00,3318.16666666667,95.4166666666667,271.466666666667
2023-05-17 20:00:00,3334.33333333333,94.15,268.533333333333
2023-05-17 21:00:00,3341.16666666667,95.3166666666667,267.016666666667
2023-05-17 22:00:00,3333.5,95.8,267.7
2023-05-17 23:00:00,3332.33333333333,95.75,267.833333333333
2023-05-18 00:00:00,3332.5,95.3666666666667,267.516666666667
2023-05-18 01:00:00,3335.16666666667,95.3833333333333,267.016666666667
2023-05-18 02:00:00,3339.66666666667,94.0833333333333,267.183333333333
2023-05-18 03:00:00,3339.0,90.7833333333333,268.783333333333
2023-05-18 04:00:00,3336.5,89.8,268.0
2023-05-18 05:00:00,3334.33333333333,87.65,267.9
2023-05-18 06:00:00,3327.16666666667,80.4166666666667,268.583333333333
2023-05-18 07:00:00,3324.66666666667,79.95,268.616666666667
2023-05-18 08:00:00,3317.33333333333,76.1,270.6
2023-05-18 09:00:00,3304.83333333333,71.85,272.266666666667
2023-05-18 10:00:00,3293.0,68.7666666666667,273.616666666667
2023-05-18 11:00:00,3266.0,64.7333333333333,275.833333333333
2023-05-18 12:00:00,3259.66666666667,67.3333333333333,274.366666666667
2023-05-18 13:00:00,3260.66666666667,76.1,273.366666666667
2023-05-18 14:00:00,3241.16666666667,74.9166666666667,275.066666666667
2023-05-18 15:00:00,3251.0,77.45,274.966666666667
2023-05-18 16:00:00,3247.33333333333,81.7333333333333,274.45
2023-05-18 17:00:00,3259.66666666667,89.6833333333333,273.5
2023-05-18 18:00:00,3265.33333333333,95.4666666666667,272.9
2023-05-18 19:00:00,3268.33333333333,96.3,272.45
2023-05-18 20:00:00,3266.0,96.3166666666667,272.25
2023-05-18 21:00:00,3255.66666666667,96.4,272.083333333333
2023-05-18 22:00:00,3248.83333333333,96.3166666666667,272.083333333333
2023-05-18 23:00:00,3244.16666666667,96.3,271.966666666667
2023-05-19 00:00:00,3244.66666666667,96.3,271.966666666667
2023-05-19 01:00:00,3251.33333333333,96.2666666666667,271.9
2023-05-19 02:00:00,3254.66666666667,96.2166666666667,271.75
2023-05-19 03:00:00,3238.0,96.2,271.633333333333
2023-05-19 04:00:00,3248.5,96.1833333333333,271.55
2023-05-19 05:00:00,3262.33333333333,96.1333333333333,271.25
2023-05-19 06:00:00,3266.5,96.1666666666667,271.316666666667
2023-05-19 07:00:00,3268.33333333333,95.85,271.45
2023-05-19 08:00:00,3262.0,96.1166666666667,271.85
2023-05-19 09:00:00,3254.83333333333,88.3833333333333,272.466666666667
2023-05-19 10:00:00,3233.66666666667,89.2166666666667,273.933333333333
2023-05-19 11:00:00,3229.16666666667,90.0833333333333,274.133333333333
2023-05-19 12:00:00,3232.5,91.9666666666667,273.933333333333
2023-05-19 13:00:00,3237.5,90.7166666666667,274.083333333333
2023-05-19 14:00:00,3237.16666666667,93.4666666666667,274.0
2023-05-19 15:00:00,3217.83333333333,94.4166666666667,274.2
2023-05-19 16:00:00,3224.83333333333,94.8166666666667,274.0
2023-05-19 17:00:00,3230.0,96.3166666666667,273.25
2023-05-19 18:00:00,3235.66666666667,96.3,273.3
2023-05-19 19:00:00,3253.5,96.3666666666667,272.816666666667
2023-05-19 20:00:00,3257.16666666667,96.4,272.4
2023-05-19 21:00:00,3266.0,96.35,272.083333333333
2023-05-19 22:00:00,3255.0,96.3,271.933333333333
2023-05-19 23:00:00,3256.16666666667,96.3,271.866666666667
2023-05-20 00:00:00,3261.83333333333,96.3,271.85
2023-05-20 01:00:00,3260.33333333333,96.3,271.85
2023-05-20 02:00:00,3266.0,96.3,271.783333333333
2023-05-20 03:00:00,3267.16666666667,96.3,271.65
2023-05-20 04:00:00,3267.83333333333,96.2333333333333,271.633333333333
2023-05-20 05:00:00,3271.0,96.3,271.783333333333
2023-05-20 06:00:00,3266.33333333333,96.2666666666667,271.983333333333
2023-05-20 07:00:00,3266.0,96.3833333333333,272.3
2023-05-20 08:00:00,3262.83333333333,96.4,272.783333333333
2023-05-20 09:00:00,3259.5,96.4,272.883333333333
2023-05-20 10:00:00,3257.0,96.5,273.416666666667
2023-05-20 11:00:00,3260.66666666667,96.4666666666667,273.333333333333
2023-05-20 12:00:00,3258.83333333333,96.4,273.2
2023-05-20 13:00:00,3253.5,96.4,273.5
2023-05-20 14:00:00,3253.83333333333,96.4833333333333,273.666666666667
2023-05-20 15:00:00,3251.5,96.5,273.8
2023-05-20 16:00:00,3253.0,96.5,273.683333333333
2023-05-20 17:00:00,3252.5,96.5,273.516666666667
2023-05-20 18:00:00,3259.16666666667,96.5,273.4
2023-05-20 19:00:00,3261.16666666667,96.5,273.083333333333
2023-05-20 20:00:00,3247.33333333333,96.5,272.85
2023-05-20 21:00:00,3261.66666666667,96.4333333333333,272.7
2023-05-20 22:00:00,3258.66666666667,96.4,272.65
2023-05-20 23:00:00,3261.5,96.4,272.65
2023-05-21 00:00:00,3261.0,96.4,272.683333333333
2023-05-21 01:00:00,3257.83333333333,96.4166666666667,272.666666666667
2023-05-21 02:00:00,3259.66666666667,96.4,272.55
2023-05-21 03:00:00,3259.66666666667,96.4,272.483333333333
2023-05-21 04:00:00,3259.0,96.4,272.4
2023-05-21 05:00:00,3260.33333333333,96.35,272.283333333333
2023-05-21 06:00:00,3258.33333333333,96.3333333333333,272.4
2023-05-21 07:00:00,3253.83333333333,96.4333333333333,272.883333333333
2023-05-21 08:00:00,3249.83333333333,96.5,273.366666666667
2023-05-21 09:00:00,3250.16666666667,96.5166666666667,273.483333333333
2023-05-21 10:00:00,3246.66666666667,96.5833333333333,273.883333333333
2023-05-21 11:00:00,3244.33333333333,96.6166666666667,274.116666666667
2023-05-21 12:00:00,3244.0,96.6,274.033333333333
2023-05-21 13:00:00,3232.66666666667,96.65,274.666666666667
2023-05-21 14:00:00,3227.33333333333,96.7166666666667,275.633333333333
2023-05-21 15:00:00,3222.16666666667,96.7166666666667,276.1
2023-05-21 16:00:00,3199.83333333333,96.7333333333333,277.283333333333
2023-05-21 17:00:00,3205.66666666667,92.7,277.116666666667
2023-05-21 18:00:00,3204.83333333333,66.9166666666667,278.283333333333
2023-05-21 19:00:00,3204.33333333333,71.35,277.433333333333
2023-05-21 20:00:00,3221.16666666667,73.0166666666667,275.8
2023-05-21 21:00:00,3225.5,77.05,275.216666666667
2023-05-21 22:00:00,3224.5,87.7166666666667,274.433333333333
2023-05-21 23:00:00,3224.66666666667,86.6833333333334,274.4
2023-05-22 00:00:00,3224.5,86.9,274.433333333333
2023-05-22 01:00:00,3224.66666666667,92.6833333333333,273.983333333333
2023-05-22 02:00:00,3224.0,89.45,273.966666666667
2023-05-22 03:00:00,3220.66666666667,90.8,273.533333333333
2023-05-22 04:00:00,3217.66666666667,79.9,273.8
2023-05-22 05:00:00,3217.66666666667,78.7333333333333,273.583333333333
2023-05-22 06:00:00,3217.33333333333,77.1,273.966666666667
2023-05-22 07:00:00,3215.16666666667,76.5833333333333,274.816666666667
2023-05-22 08:00:00,3200.0,68.3833333333334,276.266666666667
2023-05-22 09:00:00,3178.0,58.1833333333333,279.083333333333
2023-05-22 10:00:00,3186.66666666667,66.2666666666667,277.716666666667
2023-05-22 11:00:00,3196.83333333333,65.0333333333333,277.8
2023-05-22 12:00:00,3165.66666666667,54.0,279.983333333333
2023-05-22 13:00:00,3160.16666666667,54.85,279.766666666667
2023-05-22 14:00:00,3147.83333333333,52.5,280.033333333333
2023-05-22 15:00:00,3134.0,52.1833333333333,279.833333333333
2023-05-22 16:00:00,3140.0,53.6333333333333,279.55
2023-05-22 17:00:00,3135.66666666667,52.0833333333333,280.333333333333
2023-05-22 18:00:00,3122.0,52.9166666666667,280.35
2023-05-22 19:00:00,3135.16666666667,65.4666666666667,277.716666666667
2023-05-22 20:00:00,3145.5,70.6666666666667,276.816666666667
2023-05-22 21:00:00,3144.16666666667,75.7,276.133333333333
2023-05-22 22:00:00,3149.33333333333,83.1333333333333,276.083333333333
2023-05-22 23:00:00,3162.33333333333,87.75,275.516666666667
2023-05-23 00:00:00,3157.5,89.4,275.566666666667
2023-05-23 01:00:00,3162.83333333333,94.5666666666667,274.883333333333
2023-05-23 02:00:00,3166.16666666667,91.0166666666666,275.466666666667
2023-05-23 03:00:00,3163.16666666667,82.95,275.4
2023-05-23 04:00:00,3159.0,87.05,274.75
2023-05-23 05:00:00,3156.33333333333,93.1,274.366666666667
2023-05-23 06:00:00,3154.0,93.8833333333333,274.45
2023-05-23 07:00:00,3152.33333333333,95.0833333333333,275.483333333333
2023-05-23 08:00:00,3153.5,96.2,274.966666666667
2023-05-23 09:00:00,3164.16666666667,94.3666666666667,275.416666666667
2023-05-23 10:00:00,3158.16666666667,95.0,275.716666666667
2023-05-23 11:00:00,3159.33333333333,96.1833333333333,275.616666666667
2023-05-23 12:00:00,3144.0,88.9,276.166666666667
2023-05-23 13:00:00,3129.66666666667,77.5166666666667,277.083333333333
2023-05-23 14:00:00,3095.33333333333,77.9333333333333,277.8
2023-05-23 15:00:00,3102.0,84.2666666666667,277.4
2023-05-23 16:00:00,3121.0,95.3333333333333,275.9
2023-05-23 17:00:00,3124.33333333333,95.9166666666667,275.833333333333
2023-05-23 18:00:00,3126.16666666667,96.1666666666667,275.766666666667
2023-05-23 19:00:00,3123.0,96.5,274.916666666667
2023-05-23 20:00:00,3125.5,96.5,274.3
2023-05-23 21:00:00,3131.66666666667,96.55,274.366666666667
2023-05-23 22:00:00,3135.16666666667,96.5166666666667,274.466666666667
2023-05-23 23:00:00,3135.16666666667,96.5,274.483333333333
2023-05-24 00:00:00,3134.33333333333,96.5,274.4
2023-05-24 01:00:00,3134.33333333333,96.5,274.283333333333
2023-05-24 02:00:00,3133.83333333333,96.4333333333333,274.033333333333
2023-05-24 03:00:00,3132.6,96.2,273.95
2023-05-24 04:00:00,3131.66666666667,96.1833333333333,273.55
2023-05-24 05:00:00,3131.5,96.15,273.733333333333
2023-05-24 06:00:00,3130.0,92.2333333333333,274.1
2023-05-24 07:00:00,3126.33333333333,88.5,274.633333333333
2023-05-24 08:00:00,3118.33333333333,89.8,275.033333333333
2023-05-24 09:00:00,3113.83333333333,87.2666666666667,275.4
2023-05-24 10:00:00,3116.16666666667,96.3333333333333,274.583333333333
2023-05-24 11:00:00,3132.5,96.4166666666667,274.083333333333
2023-05-24 12:00:00,3142.5,91.9666666666667,276.05
2023-05-24 13:00:00,3112.33333333333,88.9166666666667,275.683333333333
2023-05-24 14:00:00,3109.66666666667,96.3,274.366666666667
2023-05-24 15:00:00,3099.83333333333,95.0666666666667,275.033333333333
2023-05-24 16:00:00,3080.83333333333,94.0333333333333,275.366666666667
2023-05-24 17:00:00,3110.16666666667,96.2833333333334,274.033333333333
2023-05-24 18:00:00,3159.66666666667,96.35,273.45
2023-05-24 19:00:00,3194.66666666667,96.45,273.35
2023-05-24 20:00:00,3219.16666666667,96.4,272.883333333333
2023-05-24 21:00:00,3231.5,96.4,272.666666666667
2023-05-24 22:00:00,3251.33333333333,96.4,272.516666666667
2023-05-24 23:00:00,3257.16666666667,96.35,272.233333333333
2023-05-25 00:00:00,3258.83333333333,96.3166666666667,272.033333333333
2023-05-25 01:00:00,3273.5,96.3833333333334,272.25
2023-05-25 02:00:00,3275.33333333333,96.3833333333333,272.166666666667
2023-05-25 03:00:00,3279.5,96.3833333333333,272.25
2023-05-25 04:00:00,3279.66666666667,96.4,272.283333333333
2023-05-25 05:00:00,3280.66666666667,96.3833333333333,272.45
2023-05-25 06:00:00,3286.83333333333,96.4333333333333,272.8
2023-05-25 07:00:00,3283.0,96.5,273.216666666667
2023-05-25 08:00:00,3275.33333333333,96.5666666666667,273.666666666667
2023-05-25 09:00:00,3271.5,96.6,274.0
2023-05-25 10:00:00,3262.33333333333,96.6333333333333,274.366666666667
2023-05-25 11:00:00,3256.0,96.5333333333334,274.333333333333
2023-05-25 12:00:00,3242.33333333333,96.5666666666667,275.166666666667
2023-05-25 13:00:00,3212.16666666667,84.9333333333333,278.116666666667
2023-05-25 14:00:00,3183.66666666667,80.6333333333333,277.75
2023-05-25 15:00:00,3193.0,77.1833333333333,277.283333333333
2023-05-25 16:00:00,3196.83333333333,69.4666666666667,277.75
2023-05-25 17:00:00,3176.0,64.95,278.016666666667
2023-05-25 18:00:00,3174.16666666667,65.1,277.616666666667
2023-05-25 19:00:00,3168.33333333333,66.4166666666667,277.7
2023-05-25 20:00:00,3183.83333333333,75.15,275.866666666667
2023-05-25 21:00:00,3185.33333333333,77.7166666666667,275.416666666667
2023-05-25 22:00:00,3181.33333333333,84.0833333333333,275.033333333333
2023-05-25 23:00:00,3180.5,90.55,274.633333333333
2023-05-26 00:00:00,3182.66666666667,86.7833333333334,274.6
2023-05-26 01:00:00,3184.16666666667,90.2333333333334,274.033333333333
2023-05-26 02:00:00,3181.83333333333,85.5833333333333,273.633333333333
2023-05-26 03:00:00,3181.0,79.35,273.9
2023-05-26 04:00:00,3178.0,78.7666666666667,273.7
2023-05-26 05:00:00,3173.83333333333,76.0166666666667,273.383333333333
2023-05-26 06:00:00,3174.33333333333,76.4166666666667,273.766666666667
2023-05-26 07:00:00,3174.16666666667,76.5,274.25
2023-05-26 08:00:00,3163.83333333333,68.6833333333333,276.366666666667
2023-05-26 09:00:00,3159.5,70.2833333333333,276.4
2023-05-26 10:00:00,3144.83333333333,64.2333333333333,277.366666666667
2023-05-26 11:00:00,3134.16666666667,66.6,277.183333333333
2023-05-26 12:00:00,3119.33333333333,65.7833333333334,277.733333333333
2023-05-26 13:00:00,3111.33333333333,65.3333333333333,278.266666666667
2023-05-26 14:00:00,3115.33333333333,71.9333333333333,277.733333333333
2023-05-26 15:00:00,3107.33333333333,76.1166666666667,277.183333333333
2023-05-26 16:00:00,3106.33333333333,78.8833333333334,277.35
2023-05-26 17:00:00,3098.5,79.4333333333334,277.666666666667
2023-05-26 18:00:00,3098.83333333333,83.15,277.2
2023-05-26 19:00:00,3103.33333333333,92.6833333333333,276.516666666667
2023-05-26 20:00:00,3109.33333333333,96.3333333333333,275.8
2023-05-26 21:00:00,3111.33333333333,95.7166666666667,275.533333333333
2023-05-26 22:00:00,3112.33333333333,94.4333333333333,275.3
2023-05-26 23:00:00,3112.16666666667,95.9166666666667,274.9
2023-05-27 00:00:00,3114.0,89.2833333333334,274.666666666667
2023-05-27 01:00:00,3114.16666666667,89.3833333333333,274.266666666667
2023-05-27 02:00:00,3112.66666666667,84.7,273.7
2023-05-27 03:00:00,3113.0,62.3166666666667,274.1
2023-05-27 04:00:00,3115.16666666667,66.6333333333333,273.633333333333
2023-05-27 05:00:00,3115.33333333333,68.4,273.35
2023-05-27 06:00:00,3111.5,66.0666666666667,273.566666666667
2023-05-27 07:00:00,3110.5,64.1666666666667,273.9
2023-05-27 08:00:00,3104.66666666667,61.3833333333333,275.683333333333
2023-05-27 09:00:00,3086.16666666667,67.6833333333333,276.783333333333
2023-05-27 10:00:00,3075.33333333333,61.2833333333333,277.583333333333
2023-05-27 11:00:00,3082.0,60.5,276.983333333333
2023-05-27 12:00:00,3072.0,53.95,278.75
2023-05-27 13:00:00,3048.0,56.65,278.533333333333
2023-05-27 14:00:00,3029.66666666667,54.7,279.083333333333
2023-05-27 15:00:00,3044.33333333333,56.0666666666667,278.7
2023-05-27 16:00:00,3023.0,60.3,277.9
2023-05-27 17:00:00,3042.16666666667,64.9,277.066666666667
2023-05-27 18:00:00,3040.83333333333,69.0333333333333,276.583333333333
2023-05-27 19:00:00,3042.83333333333,87.9166666666667,275.816666666667
2023-05-27 20:00:00,3039.66666666667,95.5,275.5
2023-05-27 21:00:00,3041.16666666667,96.3833333333333,275.183333333333
2023-05-27 22:00:00,3042.5,95.9833333333333,275.2
2023-05-27 23:00:00,3040.83333333333,89.3,274.983333333333
2023-05-28 00:00:00,3038.66666666667,85.1833333333333,274.683333333333
2023-05-28 01:00:00,3040.0,81.85,274.65
2023-05-28 02:00:00,3040.83333333333,85.5833333333333,274.383333333333
2023-05-28 03:00:00,3043.16666666667,88.2833333333333,273.8
2023-05-28 04:00:00,3043.83333333333,85.7166666666667,273.833333333333
2023-05-28 05:00:00,3045.83333333333,85.4666666666667,273.45
2023-05-28 06:00:00,3044.16666666667,89.0666666666667,273.466666666667
2023-05-28 07:00:00,3039.0,86.9333333333333,274.083333333333
2023-05-28 08:00:00,3014.16666666667,71.1666666666667,276.416666666667
2023-05-28 09:00:00,3005.16666666667,63.9,277.266666666667
2023-05-28 10:00:00,3004.0,63.9666666666667,276.433333333333
2023-05-28 11:00:00,3023.66666666667,62.35,276.533333333333
2023-05-28 12:00:00,3016.66666666667,54.5333333333333,278.05
2023-05-28 13:00:00,3006.83333333333,64.95,276.816666666667
2023-05-28 14:00:00,3018.66666666667,77.1,276.1
2023-05-28 15:00:00,3012.16666666667,76.6333333333333,276.05
2023-05-28 16:00:00,3013.0,80.5833333333334,275.916666666667
2023-05-28 17:00:00,3017.5,83.7,275.466666666667
2023-05-28 18:00:00,3016.0,93.1666666666667,274.966666666667
2023-05-28 19:00:00,3016.33333333333,96.3833333333333,273.733333333333
2023-05-28 20:00:00,3016.83333333333,96.3166666666667,273.383333333333
2023-05-28 21:00:00,3019.83333333333,95.25,273.416666666667
2023-05-28 22:00:00,3024.0,93.4833333333333,273.35
2023-05-28 23:00:00,3026.16666666667,84.7333333333333,273.5
2023-05-29 00:00:00,3025.5,91.9,273.266666666667
2023-05-29 01:00:00,3024.83333333333,88.15,273.4
2023-05-29 02:00:00,3019.16666666667,88.1833333333333,273.15
2023-05-29 03:00:00,3021.66666666667,87.8666666666667,273.5
2023-05-29 04:00:00,3017.33333333333,90.4666666666667,273.15
2023-05-29 05:00:00,3019.16666666667,88.6333333333334,273.3
2023-05-29 06:00:00,3008.83333333333,83.0666666666667,272.7
2023-05-29 07:00:00,3005.66666666667,83.05,273.033333333333
2023-05-29 08:00:00,2992.16666666667,80.2833333333333,274.2
2023-05-29 09:00:00,2982.66666666667,73.8166666666667,275.566666666667
2023-05-29 10:00:00,2969.33333333333,73.1833333333333,275.866666666667
2023-05-29 11:00:00,2954.83333333333,75.6666666666667,276.233333333333
2023-05-29 12:00:00,2978.0,75.8666666666667,275.733333333333
2023-05-29 13:00:00,2976.66666666667,68.1666666666667,276.533333333333
2023-05-29 14:00:00,2987.16666666667,66.0,276.833333333333
2023-05-29 15:00:00,2984.16666666667,69.9666666666667,277.866666666667
2023-05-29 16:00:00,2977.0,73.7,277.333333333333
2023-05-29 17:00:00,2989.33333333333,78.1,276.45
2023-05-29 18:00:00,2992.33333333333,85.0666666666667,276.05
2023-05-29 19:00:00,2990.0,90.65,275.766666666667
2023-05-29 20:00:00,2988.5,93.8666666666667,275.2
2023-05-29 21:00:00,2989.16666666667,94.6,274.533333333333
2023-05-29 22:00:00,2990.16666666667,95.5333333333333,274.616666666667
2023-05-29 23:00:00,2990.33333333333,94.7333333333333,274.233333333333
2023-05-30 00:00:00,2990.66666666667,87.7666666666667,273.766666666667
2023-05-30 01:00:00,2988.16666666667,88.4333333333333,273.366666666667
2023-05-30 02:00:00,2989.66666666667,86.8333333333333,273.4
2023-05-30 03:00:00,2988.0,84.9666666666667,272.766666666667
2023-05-30 04:00:00,2989.5,89.2666666666667,272.6
2023-05-30 05:00:00,2988.33333333333,91.8,272.366666666667
2023-05-30 06:00:00,2988.0,89.8833333333334,272.366666666667
2023-05-30 07:00:00,2987.16666666667,87.85,272.966666666667
2023-05-30 08:00:00,2984.16666666667,76.8,273.65
2023-05-30 09:00:00,2965.33333333333,38.4333333333333,276.9
2023-05-30 10:00:00,2955.83333333333,52.4166666666667,276.433333333333
2023-05-30 11:00:00,2942.66666666667,49.7833333333333,278.366666666667
2023-05-30 12:00:00,2933.0,47.5333333333333,280.15
2023-05-30 13:00:00,2936.66666666667,49.4666666666667,279.883333333333
2023-05-30 14:00:00,2966.0,57.95,277.283333333333
2023-05-30 15:00:00,2952.66666666667,58.1,276.533333333333
2023-05-30 16:00:00,2952.5,56.1,276.183333333333
2023-05-30 17:00:00,2950.5,61.8166666666667,276.0
2023-05-30 18:00:00,2949.0,77.0333333333333,275.05
2023-05-30 19:00:00,2948.83333333333,81.5833333333333,274.6
2023-05-30 20:00:00,2948.83333333333,88.8666666666667,274.133333333333
2023-05-30 21:00:00,2948.0,94.8333333333333,273.833333333333
2023-05-30 22:00:00,2948.16666666667,94.25,273.683333333333
2023-05-30 23:00:00,2945.83333333333,95.9666666666667,273.333333333333
2023-05-31 00:00:00,2941.16666666667,96.3833333333333,273.15
2023-05-31 01:00:00,2944.66666666667,96.4,273.15
2023-05-31 02:00:00,2945.66666666667,96.3666666666667,273.15
2023-05-31 03:00:00,2945.0,96.4,273.05
2023-05-31 04:00:00,2945.0,96.4,272.933333333333
2023-05-31 05:00:00,2945.0,96.2666666666667,273.016666666667
2023-05-31 06:00:00,2946.0,94.7,273.07
2023-05-31 07:00:00,2943.16666666667,95.35,273.133333333333
2023-05-31 08:00:00,2941.16666666667,89.1166666666667,273.666666666667
2023-05-31 09:00:00,2938.16666666667,85.7333333333333,274.2
2023-05-31 10:00:00,2928.83333333333,75.3,275.633333333333
2023-05-31 11:00:00,2918.16666666667,62.25,278.316666666667
2023-05-31 12:00:00,2934.66666666667,69.4833333333333,277.083333333333
2023-05-31 13:00:00,2930.33333333333,66.8,277.433333333333
2023-05-31 14:00:00,2932.66666666667,66.2,277.25
2023-05-31 15:00:00,2943.33333333333,68.35,277.016666666667
2023-05-31 16:00:00,2946.16666666667,68.8833333333333,276.75
2023-05-31 17:00:00,2933.16666666667,70.35,276.883333333333
2023-05-31 18:00:00,2918.0,71.0,276.7
2023-05-31 19:00:00,2912.83333333333,73.2166666666667,276.416666666667
2023-05-31 20:00:00,2923.5,77.1166666666667,275.583333333333
2023-05-31 21:00:00,2933.33333333333,72.9666666666667,275.383333333333
2023-05-31 22:00:00,2932.66666666667,73.1833333333333,275.033333333333
2023-05-31 23:00:00,2931.16666666667,75.05,275.066666666667
2023-06-01 00:00:00,2928.66666666667,82.25,273.75
2023-06-01 01:00:00,2931.66666666667,80.7333333333333,274.2
2023-06-01 02:00:00,2930.83333333333,83.15,274.183333333333
2023-06-01 03:00:00,2929.33333333333,78.8333333333333,274.383333333333
2023-06-01 04:00:00,2925.83333333333,79.7333333333333,273.866666666667
2023-06-01 05:00:00,2923.5,79.9166666666667,273.666666666667
2023-06-01 06:00:00,2921.83333333333,73.9833333333333,273.933333333333
2023-06-01 07:00:00,2921.0,74.5333333333333,274.783333333333
2023-06-01 08:00:00,2912.83333333333,70.4333333333333,276.283333333333
2023-06-01 09:00:00,2898.33333333333,73.2,276.683333333333
2023-06-01 10:00:00,2912.33333333333,72.3333333333333,276.933333333333
2023-06-01 11:00:00,2899.16666666667,69.8,277.266666666667
2023-06-01 12:00:00,2886.83333333333,63.9666666666667,278.35
2023-06-01 13:00:00,2888.83333333333,68.7166666666667,277.233333333333
2023-06-01 14:00:00,2868.66666666667,65.7166666666667,278.0
2023-06-01 15:00:00,2893.83333333333,66.7333333333333,277.933333333333
2023-06-01 16:00:00,2887.66666666667,60.9833333333333,278.9
2023-06-01 17:00:00,2900.66666666667,76.0,277.433333333333
2023-06-01 18:00:00,2911.16666666667,91.6833333333333,276.466666666667
2023-06-01 19:00:00,2912.16666666667,96.2,275.783333333333
2023-06-01 20:00:00,2916.16666666667,92.1833333333333,275.6
2023-06-01 21:00:00,2916.0,88.9666666666667,275.433333333333
2023-06-01 22:00:00,2915.83333333333,91.7166666666667,275.116666666667
2023-06-01 23:00:00,2915.5,91.9833333333333,274.9
2023-06-02 00:00:00,2916.5,94.75,274.783333333333
2023-06-02 01:00:00,2916.0,89.55,275.116666666667
2023-06-02 02:00:00,2914.5,88.2833333333334,274.666666666667
2023-06-02 03:00:00,2913.0,85.5666666666667,274.783333333333
2023-06-02 04:00:00,2908.66666666667,84.7333333333333,274.05
2023-06-02 05:00:00,2905.83333333333,86.6666666666667,273.6
2023-06-02 06:00:00,2904.33333333333,88.1666666666667,273.55
2023-06-02 07:00:00,2899.16666666667,81.5166666666667,274.316666666667
2023-06-02 08:00:00,2894.16666666667,76.4166666666667,275.633333333333
2023-06-02 09:00:00,2890.16666666667,74.25,276.133333333333
2023-06-02 10:00:00,2895.5,64.65,276.183333333333
2023-06-02 11:00:00,2884.83333333333,60.9666666666667,277.85
2023-06-02 12:00:00,2877.5,61.5,278.216666666667
2023-06-02 13:00:00,2870.66666666667,59.9333333333333,277.933333333333
2023-06-02 14:00:00,2846.33333333333,54.65,278.95
2023-06-02 15:00:00,2857.5,50.5333333333333,279.033333333333
2023-06-02 16:00:00,2852.83333333333,62.4333333333333,279.05
2023-06-02 17:00:00,2858.83333333333,77.15,276.65
2023-06-02 18:00:00,2848.8,79.8,276.23
2023-06-02 19:00:00,2853.33333333333,78.25,276.25
2023-06-02 20:00:00,2862.33333333333,75.55,276.016666666667
2023-06-02 21:00:00,2867.5,75.55,275.5
2023-06-02 22:00:00,2869.83333333333,76.8,275.2
2023-06-02 23:00:00,2866.83333333333,79.1333333333333,275.033333333333
2023-06-03 00:00:00,2866.66666666667,79.6833333333333,274.833333333333
2023-06-03 01:00:00,2867.5,79.5,275.016666666667
2023-06-03 02:00:00,2867.66666666667,83.7666666666667,274.8
2023-06-03 03:00:00,2866.83333333333,85.95,274.65
2023-06-03 04:00:00,2858.83333333333,83.6,274.383333333333
2023-06-03 05:00:00,2860.16666666667,80.45,274.683333333333
2023-06-03 06:00:00,2853.66666666667,78.2833333333333,274.45
2023-06-03 07:00:00,2840.66666666667,74.4666666666667,275.016666666667
2023-06-03 08:00:00,2815.33333333333,68.4333333333333,277.2
2023-06-03 09:00:00,2843.33333333333,75.4,276.95
2023-06-03 10:00:00,2838.33333333333,71.0833333333333,277.633333333333
2023-06-03 11:00:00,2840.5,71.8833333333333,277.566666666667
2023-06-03 12:00:00,2838.5,57.6833333333333,278.95
2023-06-03 13:00:00,2841.5,61.95,278.4
2023-06-03 14:00:00,2829.66666666667,62.85,279.2
2023-06-03 15:00:00,2825.0,71.85,277.833333333333
2023-06-03 16:00:00,2828.83333333333,69.9166666666667,278.033333333333
2023-06-03 17:00:00,2813.33333333333,73.8666666666667,278.366666666667
2023-06-03 18:00:00,2817.4,92.56,276.39
2023-06-03 19:00:00,2853.5,96.35,274.533333333333
2023-06-03 20:00:00,2856.66666666667,96.4,273.85
2023-06-03 21:00:00,2853.83333333333,96.4666666666667,274.1
2023-06-03 22:00:00,2864.66666666667,96.5,274.283333333333
2023-06-03 23:00:00,2864.0,96.5,274.016666666667
2023-06-04 00:00:00,2861.83333333333,96.5,274.25
2023-06-04 01:00:00,2861.0,96.5,274.483333333333
2023-06-04 02:00:00,2860.5,96.5,274.366666666667
2023-06-04 03:00:00,2860.66666666667,96.5,274.15
2023-06-04 04:00:00,2858.5,96.55,274.466666666667
2023-06-04 05:00:00,2858.0,96.5,274.3
2023-06-04 06:00:00,2856.5,96.4833333333333,274.266666666667
2023-06-04 07:00:00,2855.66666666667,95.8333333333333,274.266666666667
2023-06-04 08:00:00,2851.0,83.4833333333333,274.716666666667
2023-06-04 09:00:00,2843.16666666667,64.3666666666667,275.316666666667
2023-06-04 10:00:00,2819.16666666667,60.6333333333333,276.55
2023-06-04 11:00:00,2819.16666666667,65.7333333333333,277.183333333333
2023-06-04 12:00:00,2816.83333333333,71.7833333333334,277.033333333333
2023-06-04 13:00:00,2817.66666666667,87.6,275.116666666667
2023-06-04 14:00:00,2833.83333333333,93.6,275.55
2023-06-04 15:00:00,2845.66666666667,76.0166666666667,278.9
2023-06-04 16:00:00,2834.33333333333,80.9333333333333,277.183333333333
2023-06-04 17:00:00,2835.5,81.4166666666667,276.983333333333
2023-06-04 18:00:00,2851.0,93.7666666666667,275.316666666667
2023-06-04 19:00:00,2846.33333333333,96.5,275.0
2023-06-04 20:00:00,2849.33333333333,96.5,274.616666666667
2023-06-04 21:00:00,2854.0,96.5,274.4
2023-06-04 22:00:00,2858.66666666667,96.5166666666667,274.333333333333
2023-06-04 23:00:00,2858.16666666667,96.5,273.966666666667
2023-06-05 00:00:00,2860.0,96.5833333333333,274.15
2023-06-05 01:00:00,2858.33333333333,96.6,274.0
2023-06-05 02:00:00,2858.33333333333,96.55,274.066666666667
2023-06-05 03:00:00,2857.33333333333,96.2666666666667,274.216666666667
2023-06-05 04:00:00,2856.33333333333,95.8333333333333,274.15
2023-06-05 05:00:00,2855.5,96.3833333333333,273.966666666667
2023-06-05 06:00:00,2851.83333333333,96.45,274.116666666667
2023-06-05 07:00:00,2845.83333333333,96.5,274.483333333333
2023-06-05 08:00:00,2833.83333333333,96.3,275.083333333333
2023-06-05 09:00:00,2843.0,95.16,275.37
2023-06-05 10:00:00,2827.33333333333,92.1333333333333,276.116666666667
2023-06-05 11:00:00,2822.6,88.98,276.95
2023-06-05 12:00:00,2824.16666666667,84.75,277.6
2023-06-05 13:00:00,2825.66666666667,78.7,278.583333333333
2023-06-05 14:00:00,2830.0,85.4333333333333,276.883333333333
2023-06-05 15:00:00,2844.83333333333,93.0,275.6
2023-06-05 16:00:00,2837.33333333333,92.0666666666667,275.566666666667
2023-06-05 17:00:00,2845.66666666667,96.3666666666667,274.616666666667
2023-06-05 18:00:00,2860.0,96.4,273.916666666667
2023-06-05 19:00:00,2890.5,96.5,273.75
2023-06-05 20:00:00,2880.5,96.5166666666667,273.666666666667
2023-06-05 21:00:00,2892.0,96.5666666666667,273.416666666667
2023-06-05 22:00:00,2896.5,96.2666666666667,272.766666666667
2023-06-05 23:00:00,2886.83333333333,90.9,272.383333333333
2023-06-06 00:00:00,2877.5,85.65,272.65
2023-06-06 01:00:00,2880.33333333333,85.2,272.733333333333
2023-06-06 02:00:00,2884.33333333333,88.3333333333333,272.516666666667
2023-06-06 03:00:00,2884.5,83.1333333333333,272.633333333333
2023-06-06 04:00:00,2886.66666666667,85.0833333333334,272.566666666667
2023-06-06 05:00:00,2885.0,91.6333333333333,272.083333333333
2023-06-06 06:00:00,2882.83333333333,95.1333333333333,272.1
2023-06-06 07:00:00,2878.5,92.8333333333333,272.883333333333
2023-06-06 08:00:00,2855.5,82.4333333333333,274.533333333333
2023-06-06 09:00:00,2851.66666666667,86.8,273.866666666667
2023-06-06 10:00:00,2857.66666666667,84.8833333333333,274.183333333333
2023-06-06 11:00:00,2842.83333333333,77.8333333333333,275.383333333333
2023-06-06 12:00:00,2821.66666666667,72.05,276.866666666667
2023-06-06 13:00:00,2817.83333333333,75.1333333333333,275.616666666667
2023-06-06 14:00:00,2815.0,64.45,278.2
2023-06-06 15:00:00,2837.0,72.8166666666667,276.666666666667
2023-06-06 16:00:00,2818.66666666667,69.0166666666667,277.583333333333
2023-06-06 17:00:00,2829.83333333333,74.3833333333333,276.683333333333
2023-06-06 18:00:00,2839.0,80.6333333333333,276.4
2023-06-06 19:00:00,2846.0,93.05,275.216666666667
2023-06-06 20:00:00,2847.33333333333,95.75,274.7
2023-06-06 21:00:00,2847.5,95.7833333333333,274.633333333333
2023-06-06 22:00:00,2847.66666666667,96.2333333333333,274.366666666667
2023-06-06 23:00:00,2847.0,96.3666666666667,274.2
2023-06-07 00:00:00,2845.0,93.0166666666667,274.166666666667
2023-06-07 01:00:00,2843.66666666667,80.15,274.216666666667
2023-06-07 02:00:00,2843.16666666667,79.7,274.0
2023-06-07 03:00:00,2841.0,69.4833333333333,273.833333333333
2023-06-07 04:00:00,2838.0,60.0166666666667,273.783333333333
2023-06-07 05:00:00,2839.5,59.0333333333333,273.766666666667
2023-06-07 06:00:00,2837.5,66.6833333333333,273.483333333333
2023-06-07 07:00:00,2836.66666666667,68.5333333333333,274.016666666667
2023-06-07 08:00:00,2828.83333333333,71.3666666666667,274.116666666667
2023-06-07 09:00:00,2811.83333333333,67.2,275.633333333333
2023-06-07 10:00:00,2810.0,58.4666666666667,276.6
2023-06-07 11:00:00,2813.33333333333,57.7166666666667,276.633333333333
2023-06-07 12:00:00,2820.0,54.2,276.683333333333
2023-06-07 13:00:00,2812.0,46.2333333333333,278.633333333333
2023-06-07 14:00:00,2787.16666666667,44.6333333333333,280.016666666667
2023-06-07 15:00:00,2788.16666666667,50.4833333333333,279.383333333333
2023-06-07 16:00:00,2784.33333333333,53.25,279.566666666667
2023-06-07 17:00:00,2769.33333333333,59.9666666666667,278.766666666667
2023-06-07 18:00:00,2763.66666666667,74.0,277.15
2023-06-07 19:00:00,2786.66666666667,78.6166666666667,276.4
2023-06-07 20:00:00,2793.83333333333,82.7333333333334,275.933333333333
2023-06-07 21:00:00,2792.0,89.6666666666667,275.733333333333
2023-06-07 22:00:00,2791.5,92.75,275.166666666667
2023-06-07 23:00:00,2785.66666666667,90.2166666666667,275.183333333333
2023-06-08 00:00:00,2785.5,91.4166666666667,275.083333333333
2023-06-08 01:00:00,2785.16666666667,83.65,275.283333333333
2023-06-08 02:00:00,2784.83333333333,84.9333333333333,274.916666666667
2023-06-08 03:00:00,2784.33333333333,81.55,274.933333333333
2023-06-08 04:00:00,2782.5,78.0,275.316666666667
2023-06-08 05:00:00,2781.0,86.0,274.866666666667
2023-06-08 06:00:00,2779.66666666667,81.3333333333333,275.466666666667
2023-06-08 07:00:00,2771.33333333333,78.7833333333334,275.9
2023-06-08 08:00:00,2766.16666666667,80.3333333333333,276.033333333333
2023-06-08 09:00:00,2760.33333333333,72.6,277.4
2023-06-08 10:00:00,2751.66666666667,78.4166666666667,277.433333333333
2023-06-08 11:00:00,2768.16666666667,84.7166666666667,276.266666666667
2023-06-08 12:00:00,2758.66666666667,79.85,277.7
2023-06-08 13:00:00,2752.16666666667,87.2666666666667,276.933333333333
2023-06-08 14:00:00,2644.83333333333,96.25,274.383333333333
2023-06-08 15:00:00,2780.5,96.55,274.683333333333
2023-06-08 16:00:00,2777.83333333333,96.4333333333333,275.116666666667
2023-06-08 17:00:00,2769.5,89.3833333333333,275.2
2023-06-08 18:00:00,2766.0,94.55,275.183333333333
2023-06-08 19:00:00,2773.33333333333,82.5166666666667,275.166666666667
2023-06-08 20:00:00,2773.5,77.7,274.533333333333
2023-06-08 21:00:00,2777.33333333333,71.6333333333333,274.766666666667
2023-06-08 22:00:00,2774.0,70.1333333333333,275.15
2023-06-08 23:00:00,2764.83333333333,80.9666666666667,275.15
2023-06-09 00:00:00,2772.16666666667,75.6333333333333,275.066666666667
2023-06-09 01:00:00,2767.83333333333,73.4666666666667,275.433333333333
2023-06-09 02:00:00,2772.2,71.6,275.09
2023-06-09 03:00:00,2777.5,73.6166666666667,274.483333333333
2023-06-09 04:00:00,2781.0,72.1333333333333,274.333333333333
2023-06-09 05:00:00,2778.83333333333,71.45,274.533333333333
2023-06-09 06:00:00,2776.66666666667,73.9666666666667,274.383333333333
2023-06-09 07:00:00,2775.33333333333,76.1333333333333,274.766666666667
2023-06-09 08:00:00,2767.83333333333,77.05,275.566666666667
2023-06-09 09:00:00,2755.66666666667,71.9333333333333,276.433333333333
2023-06-09 10:00:00,2738.83333333333,64.6166666666667,277.666666666667
2023-06-09 11:00:00,2749.5,61.8333333333333,278.0
2023-06-09 12:00:00,2759.66666666667,51.9666666666667,278.333333333333
2023-06-09 13:00:00,2754.66666666667,51.9666666666667,279.0
2023-06-09 14:00:00,2750.33333333333,55.0,279.0
2023-06-09 15:00:00,2744.66666666667,57.9166666666667,278.883333333333
2023-06-09 16:00:00,2714.16666666667,54.8166666666667,279.983333333333
2023-06-09 17:00:00,2710.33333333333,57.7666666666667,279.316666666667
2023-06-09 18:00:00,2715.16666666667,60.8333333333333,278.8
2023-06-09 19:00:00,2733.83333333333,79.5833333333333,277.25
2023-06-09 20:00:00,2739.33333333333,83.9166666666667,277.0
2023-06-09 21:00:00,2741.16666666667,85.0833333333333,276.95
2023-06-09 22:00:00,2741.16666666667,88.0833333333333,276.683333333333
2023-06-09 23:00:00,2742.0,89.6666666666667,276.75
2023-06-10 00:00:00,2743.66666666667,90.7,276.7
2023-06-10 01:00:00,2745.0,86.4,276.366666666667
2023-06-10 02:00:00,2744.0,79.3166666666667,276.316666666667
2023-06-10 03:00:00,2742.0,74.9,276.516666666667
2023-06-10 04:00:00,2742.83333333333,80.1666666666667,276.05
2023-06-10 05:00:00,2743.66666666667,85.6166666666667,275.7
2023-06-10 06:00:00,2744.0,91.7333333333334,276.05
2023-06-10 07:00:00,2743.6,89.9,276.43
2023-06-10 08:00:00,2736.0,90.8166666666667,276.633333333333
2023-06-10 09:00:00,2726.0,83.7833333333334,277.1
2023-06-10 10:00:00,2709.16666666667,78.9166666666667,277.433333333333
2023-06-10 11:00:00,2687.0,75.8833333333333,278.05
2023-06-10 12:00:00,2706.66666666667,75.7,278.35
2023-06-10 13:00:00,2706.66666666667,78.0333333333333,278.266666666667
2023-06-10 14:00:00,2693.0,67.0,279.883333333333
2023-06-10 15:00:00,2684.0,70.9833333333333,278.933333333333
2023-06-10 16:00:00,2694.33333333333,72.75,278.6
2023-06-10 17:00:00,2703.5,78.6833333333333,278.4
2023-06-10 18:00:00,2709.16666666667,90.8166666666667,277.583333333333
2023-06-10 19:00:00,2697.0,95.85,277.216666666667
2023-06-10 20:00:00,2702.83333333333,96.2166666666667,277.016666666667
2023-06-10 21:00:00,2688.16666666667,96.45,276.266666666667
2023-06-10 22:00:00,2707.0,96.4333333333333,275.766666666667
2023-06-10 23:00:00,2706.5,96.4833333333333,275.9
2023-06-11 00:00:00,2707.66666666667,94.7666666666667,275.916666666667
2023-06-11 01:00:00,2705.66666666667,94.8333333333333,275.7
2023-06-11 02:00:00,2704.83333333333,92.9333333333333,275.766666666667
2023-06-11 03:00:00,2704.66666666667,96.2833333333333,275.05
2023-06-11 04:00:00,2703.0,94.2166666666667,274.75
2023-06-11 05:00:00,2702.66666666667,95.7833333333333,274.8
2023-06-11 06:00:00,2702.0,94.4,275.133333333333
2023-06-11 07:00:00,2697.5,90.85,275.666666666667
2023-06-11 08:00:00,2698.0,94.8666666666667,275.7
2023-06-11 09:00:00,2698.16666666667,88.3333333333333,276.383333333333
2023-06-11 10:00:00,2673.66666666667,78.1166666666667,277.666666666667
2023-06-11 11:00:00,2663.16666666667,72.75,278.716666666667
2023-06-11 12:00:00,2662.33333333333,79.3833333333333,278.15
2023-06-11 13:00:00,2647.83333333333,64.55,281.05
2023-06-11 14:00:00,2649.16666666667,73.35,279.316666666667
2023-06-11 15:00:00,2624.16666666667,68.0333333333334,279.65
2023-06-11 16:00:00,2636.6,75.94,278.13
2023-06-11 17:00:00,2655.0,88.0166666666667,276.966666666667
2023-06-11 18:00:00,2634.16666666667,85.7,276.65
2023-06-11 19:00:00,2632.0,78.2,277.95
2023-06-11 20:00:00,2627.0,83.45,277.183333333333
2023-06-11 21:00:00,2635.66666666667,88.05,276.55
2023-06-11 22:00:00,2639.66666666667,85.4333333333333,276.183333333333
2023-06-11 23:00:00,2642.16666666667,86.0666666666667,275.716666666667
2023-06-12 00:00:00,2644.16666666667,91.8666666666667,275.55
2023-06-12 01:00:00,2645.16666666667,80.55,275.533333333333
2023-06-12 02:00:00,2647.33333333333,67.65,275.7
2023-06-12 03:00:00,2645.16666666667,71.4,275.5
2023-06-12 04:00:00,2648.33333333333,75.85,274.916666666667
2023-06-12 05:00:00,2647.33333333333,77.6166666666667,274.533333333333
2023-06-12 06:00:00,2644.2,78.2,274.57
2023-06-12 07:00:00,2647.5,76.9,275.916666666667
2023-06-12 08:00:00,2649.5,70.1,276.95
2023-06-12 09:00:00,2639.83333333333,61.8,277.283333333333
2023-06-12 10:00:00,2636.16666666667,67.8,277.15
2023-06-12 11:00:00,2622.5,65.1333333333334,277.5
2023-06-12 12:00:00,2612.83333333333,60.1833333333333,277.95
2023-06-12 13:00:00,2603.33333333333,54.7,278.766666666667
2023-06-12 14:00:00,2597.33333333333,51.1833333333333,279.933333333333
2023-06-12 15:00:00,2592.0,55.6833333333333,279.75
2023-06-12 16:00:00,2598.0,59.45,279.516666666667
2023-06-12 17:00:00,2605.16666666667,65.2333333333333,279.383333333333
2023-06-12 18:00:00,2596.5,82.1666666666667,278.066666666667
2023-06-12 19:00:00,2609.0,91.1,277.3
2023-06-12 20:00:00,2611.83333333333,96.15,276.533333333333
2023-06-12 21:00:00,2617.83333333333,96.1333333333333,276.566666666667
2023-06-12 22:00:00,2623.83333333333,94.3,276.416666666667
2023-06-12 23:00:00,2623.33333333333,92.3833333333333,276.316666666667
2023-06-13 00:00:00,2624.16666666667,92.65,275.983333333333
2023-06-13 01:00:00,2622.83333333333,85.9333333333333,276.2
2023-06-13 02:00:00,2618.83333333333,81.7333333333333,276.116666666667
2023-06-13 03:00:00,2618.33333333333,83.9833333333333,275.916666666667
2023-06-13 04:00:00,2617.0,80.45,275.616666666667
2023-06-13 05:00:00,2616.0,78.74,275.63
2023-06-13 06:00:00,2615.33333333333,76.15,275.25
2023-06-13 07:00:00,2603.83333333333,78.7333333333333,275.85
2023-06-13 08:00:00,2590.0,68.0333333333333,277.35
2023-06-13 09:00:00,2586.33333333333,62.1666666666667,278.583333333333
2023-06-13 10:00:00,2584.33333333333,64.6833333333333,278.233333333333
2023-06-13 11:00:00,2574.33333333333,57.1333333333333,279.366666666667
2023-06-13 12:00:00,2556.16666666667,54.4166666666667,279.3
2023-06-13 13:00:00,2552.16666666667,52.6333333333333,279.733333333333
2023-06-13 14:00:00,2534.66666666667,49.3833333333333,279.933333333333
2023-06-13 15:00:00,2547.66666666667,52.65,280.283333333333
2023-06-13 16:00:00,2539.33333333333,57.7666666666667,280.466666666667
2023-06-13 17:00:00,2510.83333333333,66.3666666666667,279.35
2023-06-13 18:00:00,2564.16666666667,73.9333333333333,278.166666666667
2023-06-13 19:00:00,2559.66666666667,78.2333333333333,277.583333333333
2023-06-13 20:00:00,2561.66666666667,86.5,276.833333333333
2023-06-13 21:00:00,2566.33333333333,92.0333333333333,276.2
2023-06-13 22:00:00,2571.0,92.15,276.0
2023-06-13 23:00:00,2573.66666666667,92.9333333333333,275.633333333333
2023-06-14 00:00:00,2571.16666666667,93.9,275.083333333333
2023-06-14 01:00:00,2570.83333333333,87.9166666666667,275.366666666667
2023-06-14 02:00:00,2568.16666666667,89.1666666666666,274.666666666667
2023-06-14 03:00:00,2568.66666666667,91.85,274.45
2023-06-14 04:00:00,2566.4,90.68,273.89
2023-06-14 05:00:00,2562.33333333333,85.9333333333333,273.583333333333
2023-06-14 06:00:00,2558.83333333333,86.25,273.316666666667
2023-06-14 07:00:00,2558.66666666667,80.7333333333333,274.416666666667
2023-06-14 08:00:00,2538.0,71.9833333333333,276.033333333333
2023-06-14 09:00:00,2540.5,75.0,275.6
2023-06-14 10:00:00,2537.66666666667,69.65,276.333333333333
2023-06-14 11:00:00,2542.0,66.2333333333333,276.85
2023-06-14 12:00:00,2531.0,64.4,277.216666666667
2023-06-14 13:00:00,2520.83333333333,61.7333333333333,278.016666666667
2023-06-14 14:00:00,2505.33333333333,57.8666666666667,278.533333333333
2023-06-14 15:00:00,2497.66666666667,54.3666666666667,278.683333333333
2023-06-14 16:00:00,2488.66666666667,55.5666666666667,279.016666666667
2023-06-14 17:00:00,2511.33333333333,63.3333333333333,277.933333333333
2023-06-14 18:00:00,2516.5,70.1666666666667,277.2
2023-06-14 19:00:00,2520.0,78.1833333333333,276.3
2023-06-14 20:00:00,2523.5,82.5333333333333,275.716666666667
2023-06-14 21:00:00,2525.66666666667,86.1666666666667,275.1
2023-06-14 22:00:00,2527.83333333333,89.3333333333333,274.583333333333
2023-06-14 23:00:00,2529.5,94.6166666666667,274.016666666667
2023-06-15 00:00:00,2529.66666666667,94.2,273.933333333333
2023-06-15 01:00:00,2530.5,96.0833333333333,273.416666666667
2023-06-15 02:00:00,2531.0,95.8833333333333,273.1
2023-06-15 03:00:00,2528.33333333333,88.7,272.883333333333
2023-06-15 04:00:00,2532.16666666667,88.1833333333333,273.083333333333
2023-06-15 05:00:00,2532.83333333333,86.8333333333333,273.05
2023-06-15 06:00:00,2528.16666666667,79.3666666666667,272.783333333333
2023-06-15 07:00:00,2523.16666666667,73.1,273.083333333333
2023-06-15 08:00:00,2520.83333333333,70.1333333333334,273.45
2023-06-15 09:00:00,2519.16666666667,71.35,273.75
2023-06-15 10:00:00,2505.83333333333,66.35,274.583333333333
2023-06-15 11:00:00,2491.33333333333,59.9,275.716666666667
2023-06-15 12:00:00,2501.33333333333,59.5666666666667,276.233333333333
2023-06-15 13:00:00,2488.66666666667,60.15,276.25
2023-06-15 14:00:00,2487.0,55.8166666666667,277.316666666667
2023-06-15 15:00:00,2469.66666666667,56.6333333333333,277.616666666667
2023-06-15 16:00:00,2479.83333333333,61.15,277.033333333333
2023-06-15 17:00:00,2484.66666666667,68.3,276.233333333333
2023-06-15 18:00:00,2488.16666666667,71.35,275.8
2023-06-15 19:00:00,2484.66666666667,76.0666666666667,275.483333333333
2023-06-15 20:00:00,2480.0,83.4833333333333,274.8
2023-06-15 21:00:00,2480.5,84.1,274.483333333333
2023-06-15 22:00:00,2479.83333333333,84.2166666666667,274.166666666667
2023-06-15 23:00:00,2480.33333333333,94.3166666666667,273.683333333333
2023-06-16 00:00:00,2490.5,91.4833333333333,273.133333333333
2023-06-16 01:00:00,2494.5,89.3,273.15
2023-06-16 02:00:00,2489.5,85.4666666666667,273.266666666667
2023-06-16 03:00:00,2487.2,91.8,273.15
2023-06-16 04:00:00,2524.4,96.2,272.43
2023-06-16 05:00:00,2537.0,95.2333333333334,272.1
2023-06-16 06:00:00,2537.83333333333,85.4166666666667,272.366666666667
2023-06-16 07:00:00,2529.66666666667,79.25,272.55
2023-06-16 08:00:00,2519.33333333333,77.6166666666667,272.866666666667
2023-06-16 09:00:00,2518.83333333333,83.7333333333333,272.933333333333
2023-06-16 10:00:00,2512.0,73.85,273.183333333333
2023-06-16 11:00:00,2506.66666666667,66.6,274.166666666667
2023-06-16 12:00:00,2502.5,64.8833333333333,274.816666666667
2023-06-16 13:00:00,2509.0,70.9166666666667,274.666666666667
2023-06-16 14:00:00,2511.5,71.65,274.983333333333
2023-06-16 15:00:00,2506.16666666667,76.9833333333333,274.95
2023-06-16 16:00:00,2518.66666666667,96.2333333333333,273.1
2023-06-16 17:00:00,2523.33333333333,92.9,272.983333333333
2023-06-16 18:00:00,2512.83333333333,89.4666666666667,273.15
2023-06-16 19:00:00,2519.5,94.9166666666667,273.016666666667
2023-06-16 20:00:00,2519.5,91.8166666666667,273.15
2023-06-16 21:00:00,2516.0,95.0,272.85
2023-06-16 22:00:00,2524.83333333333,95.85,272.8
2023-06-16 23:00:00,2522.16666666667,88.55,273.116666666667
2023-06-17 00:00:00,2516.66666666667,83.9833333333333,273.25
2023-06-17 01:00:00,2515.33333333333,83.65,273.166666666667
2023-06-17 02:00:00,2519.83333333333,78.25,273.15
2023-06-17 03:00:00,2514.8,73.16,273.11
2023-06-17 04:00:00,2518.33333333333,75.1166666666667,272.933333333333
2023-06-17 05:00:00,2517.33333333333,73.05,272.766666666667
2023-06-17 06:00:00,2515.0,74.7833333333333,272.7
2023-06-17 07:00:00,2508.66666666667,77.0,273.066666666667
2023-06-17 08:00:00,2499.5,77.4833333333333,273.216666666667
2023-06-17 09:00:00,2490.2,71.58,273.89
2023-06-17 10:00:00,2489.16666666667,65.1166666666667,275.1
2023-06-17 11:00:00,2489.5,60.1,276.05
2023-06-17 12:00:00,2487.16666666667,56.3666666666667,276.933333333333
2023-06-17 13:00:00,2484.16666666667,51.7666666666667,277.8
2023-06-17 14:00:00,2482.16666666667,50.6166666666667,278.316666666667
2023-06-17 15:00:00,2470.5,48.6166666666667,279.3
2023-06-17 16:00:00,2476.33333333333,50.3666666666667,278.85
2023-06-17 17:00:00,2477.0,55.1833333333333,278.416666666667
2023-06-17 18:00:00,2473.16666666667,56.6666666666667,278.366666666667
2023-06-17 19:00:00,2473.33333333333,58.7833333333333,277.816666666667
2023-06-17 20:00:00,2476.8,63.0,276.79
2023-06-17 21:00:00,2480.2,67.74,276.19
2023-06-17 22:00:00,2482.33333333333,70.85,275.766666666667
2023-06-17 23:00:00,2479.33333333333,71.25,275.483333333333
2023-06-18 00:00:00,2479.83333333333,68.9666666666667,275.25
2023-06-18 01:00:00,2481.0,66.3833333333334,275.3
2023-06-18 02:00:00,2482.83333333333,71.15,275.3
2023-06-18 03:00:00,2484.4,70.74,275.71
2023-06-18 04:00:00,2480.16666666667,73.7333333333333,274.966666666667
2023-06-18 05:00:00,2482.0,73.3,275.616666666667
2023-06-18 06:00:00,2480.83333333333,71.9,276.083333333333
2023-06-18 07:00:00,2472.33333333333,68.35,276.65
2023-06-18 08:00:00,2463.83333333333,64.3666666666667,277.3
2023-06-18 09:00:00,2462.83333333333,61.0,277.9
2023-06-18 10:00:00,2457.0,57.1,278.783333333333
2023-06-18 11:00:00,2446.5,54.05,279.633333333333
2023-06-18 12:00:00,2436.83333333333,53.2666666666667,280.166666666667
2023-06-18 13:00:00,2419.0,52.2166666666667,280.766666666667
2023-06-18 14:00:00,2412.83333333333,53.0166666666667,280.9
2023-06-18 15:00:00,2407.83333333333,52.95,280.966666666667
2023-06-18 16:00:00,2406.0,50.9666666666667,281.633333333333
2023-06-18 17:00:00,2405.33333333333,54.2,281.15
2023-06-18 18:00:00,2394.0,63.6166666666667,280.916666666667
2023-06-18 19:00:00,2405.33333333333,74.1666666666667,280.05
2023-06-18 20:00:00,2411.5,83.8666666666667,279.266666666667
2023-06-18 21:00:00,2415.66666666667,85.7166666666667,279.35
2023-06-18 22:00:00,2413.16666666667,79.4833333333333,279.083333333333
2023-06-18 23:00:00,2411.33333333333,78.5333333333334,279.2
2023-06-19 00:00:00,2411.66666666667,78.6,279.1
2023-06-19 01:00:00,2412.5,79.9166666666667,278.866666666667
2023-06-19 02:00:00,2412.16666666667,83.4166666666667,278.65
2023-06-19 03:00:00,2413.4,83.38,278.55
2023-06-19 04:00:00,2412.0,81.8333333333334,278.6
2023-06-19 05:00:00,2412.16666666667,74.85,278.733333333333
2023-06-19 06:00:00,2410.33333333333,78.2,278.483333333333
2023-06-19 07:00:00,2404.33333333333,78.0166666666667,278.6
2023-06-19 08:00:00,2393.5,78.2833333333334,278.933333333333
2023-06-19 09:00:00,2396.5,78.2833333333333,279.016666666667
2023-06-19 10:00:00,2400.16666666667,75.7333333333333,279.966666666667
2023-06-19 11:00:00,2388.16666666667,73.8,280.65
2023-06-19 12:00:00,2388.0,73.1666666666667,280.783333333333
2023-06-19 13:00:00,2379.5,64.0166666666667,282.433333333333
2023-06-19 14:00:00,2377.66666666667,68.25,281.9
2023-06-19 15:00:00,2373.0,70.95,281.316666666667
2023-06-19 16:00:00,2360.66666666667,64.2166666666667,282.533333333333
2023-06-19 17:00:00,2373.0,72.4,281.566666666667
2023-06-19 18:00:00,2376.0,68.3166666666667,281.516666666667
2023-06-19 19:00:00,2374.33333333333,68.8333333333333,281.183333333333
2023-06-19 20:00:00,2377.0,72.3,281.016666666667
2023-06-19 21:00:00,2369.0,75.7,279.5
2023-06-19 22:00:00,2365.83333333333,74.8333333333333,280.05
2023-06-19 23:00:00,2362.66666666667,78.4333333333333,279.6
2023-06-20 00:00:00,2362.0,76.1333333333333,280.033333333333
2023-06-20 01:00:00,2364.0,73.8,280.216666666667
2023-06-20 02:00:00,2360.33333333333,61.0666666666667,281.25
2023-06-20 03:00:00,2361.0,67.6,280.35
2023-06-20 04:00:00,2361.66666666667,70.6333333333333,280.15
2023-06-20 05:00:00,2361.33333333333,71.35,279.983333333333
2023-06-20 06:00:00,2360.66666666667,70.8833333333333,280.266666666667
2023-06-20 07:00:00,2357.16666666667,69.4833333333333,281.05
2023-06-20 08:00:00,2346.66666666667,71.2,280.966666666667
2023-06-20 09:00:00,2342.33333333333,71.4333333333333,281.183333333333
2023-06-20 10:00:00,2328.16666666667,62.6666666666667,281.966666666667
2023-06-20 11:00:00,2328.16666666667,58.6333333333333,283.366666666667
2023-06-20 12:00:00,2314.0,50.3,283.833333333333
2023-06-20 13:00:00,2302.83333333333,48.2,284.233333333333
2023-06-20 14:00:00,2297.16666666667,54.2,284.4
2023-06-20 15:00:00,2295.33333333333,59.05,284.716666666667
2023-06-20 16:00:00,2278.83333333333,58.15,284.8
2023-06-20 17:00:00,2270.66666666667,58.7333333333334,284.583333333333
2023-06-20 18:00:00,2269.5,60.55,284.516666666667
2023-06-20 19:00:00,2276.66666666667,62.9,283.883333333333
2023-06-20 20:00:00,2274.0,59.45,283.666666666667
2023-06-20 21:00:00,2273.66666666667,61.8333333333333,282.866666666667
2023-06-20 22:00:00,2272.33333333333,62.3666666666667,282.466666666667
2023-06-20 23:00:00,2277.16666666667,49.7,283.55
2023-06-21 00:00:00,2266.0,52.9833333333333,283.283333333333
2023-06-21 01:00:00,2258.16666666667,58.0666666666667,282.6
2023-06-21 02:00:00,2258.16666666667,56.05,282.7
2023-06-21 03:00:00,2257.6,52.3,282.83
2023-06-21 04:00:00,2258.83333333333,51.0333333333333,282.833333333333
2023-06-21 05:00:00,2258.83333333333,48.5666666666667,282.85
2023-06-21 06:00:00,2258.83333333333,46.5666666666667,283.083333333333
2023-06-21 07:00:00,2249.83333333333,46.6833333333333,283.183333333333
2023-06-21 08:00:00,2230.0,44.9166666666667,283.433333333333
2023-06-21 09:00:00,2229.5,39.9833333333333,283.766666666667
2023-06-21 10:00:00,2231.5,37.7,284.35
2023-06-21 11:00:00,2225.16666666667,39.2833333333333,284.783333333333
2023-06-21 12:00:00,2217.33333333333,41.3166666666667,285.2
2023-06-21 13:00:00,2213.66666666667,42.0166666666667,285.316666666667
2023-06-21 14:00:00,2199.0,45.75,285.066666666667
2023-06-21 15:00:00,2193.0,58.6,283.066666666667
2023-06-21 16:00:00,2185.66666666667,49.2333333333334,284.35
2023-06-21 17:00:00,2182.5,43.8166666666667,285.0
2023-06-21 18:00:00,2177.33333333333,48.35,284.616666666667
2023-06-21 19:00:00,2167.83333333333,63.5333333333333,282.966666666667
2023-06-21 20:00:00,2175.33333333333,70.3166666666667,282.75
2023-06-21 21:00:00,2185.33333333333,70.7833333333334,282.716666666667
2023-06-21 22:00:00,2189.66666666667,50.4166666666667,284.533333333333
2023-06-21 23:00:00,2175.0,45.8666666666667,284.383333333333
2023-06-22 00:00:00,2181.16666666667,50.35,283.833333333333
2023-06-22 01:00:00,2183.83333333333,47.4,284.416666666667
2023-06-22 02:00:00,2181.0,46.5333333333333,284.483333333333
2023-06-22 03:00:00,2169.16666666667,41.8,284.8
2023-06-22 04:00:00,2160.66666666667,38.3166666666667,284.75
2023-06-22 05:00:00,2155.83333333333,41.95,284.533333333333
2023-06-22 06:00:00,2157.16666666667,44.9333333333333,284.383333333333
2023-06-22 07:00:00,2154.33333333333,43.3166666666667,284.616666666667
2023-06-22 08:00:00,2149.83333333333,40.85,284.633333333333
2023-06-22 09:00:00,2139.5,40.3,284.6
2023-06-22 10:00:00,2137.33333333333,38.9833333333333,285.033333333333
2023-06-22 11:00:00,2127.83333333333,44.05,285.15
2023-06-22 12:00:00,2109.33333333333,45.3333333333333,285.216666666667
2023-06-22 13:00:00,2100.0,44.4333333333333,285.683333333333
2023-06-22 14:00:00,2086.5,41.9666666666667,285.783333333333
2023-06-22 15:00:00,2083.0,45.8666666666667,285.65
2023-06-22 16:00:00,2076.16666666667,51.5333333333333,285.216666666667
2023-06-22 17:00:00,2077.66666666667,55.45,285.033333333333
2023-06-22 18:00:00,2075.0,67.1333333333334,284.316666666667
2023-06-22 19:00:00,2078.33333333333,60.8666666666667,284.316666666667
2023-06-22 20:00:00,2078.16666666667,56.8,283.916666666667
2023-06-22 21:00:00,2076.83333333333,56.8833333333333,283.183333333333
2023-06-22 22:00:00,2072.8,62.9,282.23
2023-06-22 23:00:00,2071.16666666667,64.6666666666667,281.566666666667
2023-06-23 00:00:00,2060.66666666667,63.4666666666667,281.416666666667
2023-06-23 01:00:00,2060.66666666667,67.6833333333333,280.716666666667
2023-06-23 02:00:00,2060.0,65.6833333333333,280.716666666667
2023-06-23 03:00:00,2049.33333333333,73.2,279.733333333333
2023-06-23 04:00:00,2052.16666666667,79.4833333333333,278.55
2023-06-23 05:00:00,2061.66666666667,93.7,277.35
2023-06-23 06:00:00,2059.66666666667,92.3666666666667,277.316666666667
2023-06-23 07:00:00,2059.83333333333,95.35,276.783333333333
2023-06-23 08:00:00,2036.4,94.06,276.77
2023-06-23 09:00:00,2048.16666666667,96.4833333333333,276.383333333333
2023-06-23 10:00:00,2045.0,96.4166666666667,276.266666666667
2023-06-23 11:00:00,2047.66666666667,96.5333333333334,275.933333333333
2023-06-23 12:00:00,2043.83333333333,96.6,275.766666666667
2023-06-23 13:00:00,2045.83333333333,96.1333333333333,275.666666666667
2023-06-23 14:00:00,2046.5,92.6166666666667,275.583333333333
2023-06-23 15:00:00,2044.0,83.9,275.833333333333
2023-06-23 16:00:00,2045.0,83.75,275.983333333333
2023-06-23 17:00:00,2048.83333333333,87.0833333333333,275.766666666667
2023-06-23 18:00:00,2045.5,87.8833333333333,275.616666666667
2023-06-23 19:00:00,2043.16666666667,85.4166666666667,275.516666666667
2023-06-23 20:00:00,2033.83333333333,83.6666666666667,275.05
2023-06-23 21:00:00,2033.0,89.3833333333333,274.583333333333
2023-06-23 22:00:00,2033.0,89.7666666666667,274.5
2023-06-23 23:00:00,2032.33333333333,91.7833333333333,274.416666666667
2023-06-24 00:00:00,2032.66666666667,95.8166666666667,273.866666666667
2023-06-24 01:00:00,2032.0,95.1,273.7
2023-06-24 02:00:00,2032.5,94.95,273.733333333333
2023-06-24 03:00:00,2033.66666666667,96.3333333333333,273.65
2023-06-24 04:00:00,2036.5,96.3666666666667,273.683333333333
2023-06-24 05:00:00,2033.33333333333,96.5,273.65
2023-06-24 06:00:00,2036.16666666667,96.5,273.733333333333
2023-06-24 07:00:00,2040.0,96.5666666666667,273.916666666667
2023-06-24 08:00:00,2042.16666666667,96.6,274.166666666667
2023-06-24 09:00:00,2029.0,96.6833333333333,274.35
2023-06-24 10:00:00,2024.0,96.7,274.6
2023-06-24 11:00:00,2020.33333333333,96.7166666666667,275.35
2023-06-24 12:00:00,2012.66666666667,90.6666666666667,276.183333333333
2023-06-24 13:00:00,2001.66666666667,86.2333333333333,276.933333333333
2023-06-24 14:00:00,1983.66666666667,90.7833333333333,276.566666666667
2023-06-24 15:00:00,2000.5,92.6666666666667,276.583333333333
2023-06-24 16:00:00,1989.83333333333,90.3333333333333,276.783333333333
2023-06-24 17:00:00,1994.33333333333,84.5166666666667,277.716666666667
2023-06-24 18:00:00,1987.33333333333,86.8666666666667,277.583333333333
2023-06-24 19:00:00,2000.0,93.2833333333333,276.916666666667
2023-06-24 20:00:00,2011.33333333333,96.2,276.25
2023-06-24 21:00:00,2009.16666666667,94.2,276.116666666667
2023-06-24 22:00:00,2006.0,75.8833333333333,276.366666666667
2023-06-24 23:00:00,2007.83333333333,63.5666666666667,276.75
2023-06-25 00:00:00,2003.83333333333,57.2833333333333,277.1
2023-06-25 01:00:00,2002.5,41.0833333333333,277.783333333333
2023-06-25 02:00:00,1991.4,24.56,278.31
2023-06-25 03:00:00,1984.8,23.48,277.89
2023-06-25 04:00:00,1985.5,15.2,278.233333333333
2023-06-25 05:00:00,1985.0,14.3333333333333,278.016666666667
2023-06-25 06:00:00,1981.33333333333,14.6333333333333,278.516666666667
2023-06-25 07:00:00,1978.16666666667,32.5666666666667,279.0
2023-06-25 08:00:00,1975.5,33.9166666666667,279.433333333333
2023-06-25 09:00:00,1972.83333333333,39.0833333333333,279.516666666667
2023-06-25 10:00:00,1966.0,37.7166666666667,279.816666666667
2023-06-25 11:00:00,1955.16666666667,38.8,280.183333333333
2023-06-25 12:00:00,1946.5,47.85,280.05
2023-06-25 13:00:00,1948.83333333333,45.3166666666667,281.15
2023-06-25 14:00:00,1933.0,41.6166666666667,282.166666666667
2023-06-25 15:00:00,1932.16666666667,39.85,282.4
2023-06-25 16:00:00,1933.16666666667,41.6333333333333,282.766666666667
2023-06-25 17:00:00,1930.0,47.9333333333333,282.883333333333
2023-06-25 18:00:00,1923.83333333333,56.0166666666667,282.383333333333
2023-06-25 19:00:00,1932.16666666667,61.7833333333333,281.9
2023-06-25 20:00:00,1950.83333333333,73.5166666666667,280.6
2023-06-25 21:00:00,1956.16666666667,80.7333333333333,279.833333333333
2023-06-25 22:00:00,1949.33333333333,77.65,279.75
2023-06-25 23:00:00,1948.33333333333,72.0333333333333,279.4
2023-06-26 00:00:00,1949.0,69.9833333333333,279.116666666667
2023-06-26 01:00:00,1948.0,67.5166666666667,279.15
2023-06-26 02:00:00,1949.16666666667,68.1,278.833333333333
2023-06-26 03:00:00,1951.0,71.2666666666667,278.4
2023-06-26 04:00:00,1951.0,73.9333333333333,278.083333333333
2023-06-26 05:00:00,1950.33333333333,78.7333333333333,278.116666666667
2023-06-26 06:00:00,1943.0,81.65,278.216666666667
2023-06-26 07:00:00,1923.6,80.36,278.73
2023-06-26 08:00:00,1929.16666666667,77.5,279.3
2023-06-26 09:00:00,1928.16666666667,71.9166666666667,279.8
2023-06-26 10:00:00,1918.16666666667,66.05,280.166666666667
2023-06-26 11:00:00,1913.66666666667,58.1333333333333,280.966666666667
2023-06-26 12:00:00,1896.0,56.2,281.466666666667
2023-06-26 13:00:00,1900.33333333333,55.1,281.75
2023-06-26 14:00:00,1895.5,53.65,282.35
2023-06-26 15:00:00,1873.66666666667,56.1333333333333,282.55
2023-06-26 16:00:00,1870.16666666667,58.85,282.333333333333
2023-06-26 17:00:00,1862.0,62.1,282.016666666667
2023-06-26 18:00:00,1862.33333333333,63.7666666666667,281.716666666667
2023-06-26 19:00:00,1861.33333333333,63.5833333333333,281.366666666667
2023-06-26 20:00:00,1853.5,67.35,280.466666666667
2023-06-26 21:00:00,1857.33333333333,68.7666666666667,280.166666666667
2023-06-26 22:00:00,1858.33333333333,70.5666666666667,279.716666666667
2023-06-26 23:00:00,1856.16666666667,77.3666666666667,279.433333333333
2023-06-27 00:00:00,1855.0,84.9333333333333,279.066666666667
2023-06-27 01:00:00,1855.33333333333,92.5833333333334,278.633333333333
2023-06-27 02:00:00,1861.5,93.7833333333334,278.4
2023-06-27 03:00:00,1879.16666666667,96.3833333333333,277.95
2023-06-27 04:00:00,1878.5,96.5833333333333,277.583333333333
2023-06-27 05:00:00,1866.66666666667,96.5166666666667,277.666666666667
2023-06-27 06:00:00,1869.83333333333,95.2166666666667,277.8
2023-06-27 07:00:00,1853.5,87.2833333333333,278.016666666667
2023-06-27 08:00:00,1857.66666666667,86.4833333333333,278.15
2023-06-27 09:00:00,1842.66666666667,85.0833333333333,278.25
2023-06-27 10:00:00,1828.16666666667,75.8333333333333,278.483333333333
2023-06-27 11:00:00,1829.83333333333,80.5166666666667,278.316666666667
2023-06-27 12:00:00,1813.83333333333,80.3166666666667,278.45
2023-06-27 13:00:00,1810.0,80.6,278.733333333333
2023-06-27 14:00:00,1811.16666666667,90.1,278.05
2023-06-27 15:00:00,1826.16666666667,91.4666666666667,277.716666666667
2023-06-27 16:00:00,1816.0,80.2333333333333,278.133333333333
2023-06-27 17:00:00,1825.5,74.2166666666667,278.183333333333
2023-06-27 18:00:00,1802.0,70.8833333333334,278.35
2023-06-27 19:00:00,1797.5,71.7,277.933333333333
2023-06-27 20:00:00,1810.66666666667,72.05,277.3
2023-06-27 21:00:00,1816.5,71.3166666666667,276.333333333333
2023-06-27 22:00:00,1814.33333333333,78.7,275.666666666667
2023-06-27 23:00:00,1813.16666666667,83.9666666666667,275.016666666667
2023-06-28 00:00:00,1811.33333333333,90.1,274.45
2023-06-28 01:00:00,1810.0,91.9166666666667,274.233333333333
2023-06-28 02:00:00,1806.2,84.6,274.49
2023-06-28 03:00:00,,,
2023-06-28 04:00:00,1800.0,88.32,274.07
2023-06-28 05:00:00,1800.66666666667,91.3333333333334,274.016666666667
2023-06-28 06:00:00,1797.0,95.7666666666667,273.783333333333
2023-06-28 07:00:00,1797.5,96.3166666666667,273.666666666667
2023-06-28 08:00:00,1797.5,96.4666666666667,273.85
2023-06-28 09:00:00,1794.66666666667,96.5333333333334,274.05
2023-06-28 10:00:00,1795.66666666667,96.6,274.25
2023-06-28 11:00:00,1788.83333333333,96.6833333333333,274.633333333333
2023-06-28 12:00:00,1786.83333333333,96.7,274.616666666667
2023-06-28 13:00:00,1811.5,96.7,274.933333333333
2023-06-28 14:00:00,1805.16666666667,96.7,275.116666666667
2023-06-28 15:00:00,1799.66666666667,96.7,275.2
2023-06-28 16:00:00,1798.5,96.7833333333333,275.416666666667
2023-06-28 17:00:00,1799.83333333333,96.8,275.3
2023-06-28 18:00:00,1807.33333333333,96.8,275.25
2023-06-28 19:00:00,1808.83333333333,96.8,275.25
2023-06-28 20:00:00,1792.5,96.8,275.05
2023-06-28 21:00:00,1798.83333333333,96.8,274.8
2023-06-28 22:00:00,1799.83333333333,96.8,274.583333333333
2023-06-28 23:00:00,1801.16666666667,92.6,274.65
2023-06-29 00:00:00,1794.0,58.2,275.433333333333
2023-06-29 01:00:00,1789.0,40.1333333333333,275.733333333333
2023-06-29 02:00:00,1789.66666666667,43.5333333333333,276.05
2023-06-29 03:00:00,1792.83333333333,46.8833333333333,275.95
2023-06-29 04:00:00,1792.33333333333,51.3,275.916666666667
2023-06-29 05:00:00,1792.66666666667,57.55,275.716666666667
2023-06-29 06:00:00,1791.5,58.3166666666667,275.9
2023-06-29 07:00:00,1783.66666666667,74.2833333333334,277.166666666667
2023-06-29 08:00:00,1760.16666666667,71.2166666666667,278.666666666667
2023-06-29 09:00:00,1770.33333333333,69.2333333333333,279.383333333333
2023-06-29 10:00:00,1753.0,70.28,279.67
2023-06-29 11:00:00,1756.66666666667,70.7,279.816666666667
2023-06-29 12:00:00,1745.8,65.74,281.11
2023-06-29 13:00:00,1740.16666666667,65.8833333333333,281.3
2023-06-29 14:00:00,1734.5,63.75,282.083333333333
2023-06-29 15:00:00,1740.83333333333,63.6,282.2
2023-06-29 16:00:00,1742.83333333333,65.8,282.1
2023-06-29 17:00:00,1750.33333333333,72.3333333333333,281.2
2023-06-29 18:00:00,1737.6,78.66,280.65
2023-06-29 19:00:00,1743.16666666667,85.3,280.066666666667
2023-06-29 20:00:00,1741.5,89.4,279.3
2023-06-29 21:00:00,1743.83333333333,92.85,278.9
2023-06-29 22:00:00,1740.66666666667,96.05,278.65
2023-06-29 23:00:00,1734.66666666667,93.0166666666667,277.516666666667
2023-06-30 00:00:00,1726.5,83.65,278.333333333333
2023-06-30 01:00:00,1731.83333333333,91.3,278.15
2023-06-30 02:00:00,1737.5,91.9,278.166666666667
2023-06-30 03:00:00,1738.33333333333,93.5833333333333,278.233333333333
2023-06-30 04:00:00,1736.5,96.4333333333333,277.516666666667
2023-06-30 05:00:00,1731.83333333333,96.5833333333333,277.366666666667
2023-06-30 06:00:00,1731.66666666667,96.4,277.866666666667
2023-06-30 07:00:00,1727.33333333333,94.9,277.433333333333
2023-06-30 08:00:00,1725.66666666667,96.45,277.25
2023-06-30 09:00:00,1717.16666666667,92.85,277.516666666667
2023-06-30 10:00:00,1693.66666666667,91.5333333333333,277.933333333333
2023-06-30 11:00:00,1694.16666666667,89.2166666666667,278.333333333333
2023-06-30 12:00:00,1682.33333333333,75.8666666666667,280.083333333333
2023-06-30 13:00:00,1682.83333333333,91.5833333333333,278.883333333333
2023-06-30 14:00:00,1669.0,93.8333333333333,279.016666666667
2023-06-30 15:00:00,1685.5,96.6166666666667,278.0
2023-06-30 16:00:00,1689.16666666667,96.5166666666667,277.75
2023-06-30 17:00:00,1689.33333333333,96.0,277.45
2023-06-30 18:00:00,1689.16666666667,96.6666666666667,277.0
2023-06-30 19:00:00,1705.33333333333,96.7,276.7
2023-06-30 20:00:00,1698.66666666667,96.7,276.616666666667
2023-06-30 21:00:00,1696.66666666667,96.7,276.933333333333
