date,rel_hum,temp,wind_dir,wind_speed
2022-10-01 00:00:00,97.2833333333334,271.683333333333,132.165357630166,2.98601653211533
2022-10-01 01:00:00,97.0666666666667,271.566666666667,135.92569679366,3.68987924253181
2022-10-01 02:00:00,96.8833333333333,271.466666666667,125.887333561403,2.67706339868147
2022-10-01 03:00:00,96.7,271.366666666667,122.53752635548,3.93147735875936
2022-10-01 04:00:00,96.5166666666667,271.266666666667,135.04765372412,4.61889007533926
2022-10-01 05:00:00,96.3333333333333,271.183333333333,124.611075968832,5.58615439718006
2022-10-01 06:00:00,96.2833333333334,271.316666666667,127.965889289145,6.3915417575364
2022-10-01 07:00:00,95.55,271.75,126.488091886428,4.96917647749273
2022-10-01 08:00:00,93.3333333333334,272.316666666667,127.869077729163,4.92628169342269
2022-10-01 09:00:00,91.7166666666667,272.85,112.868742549477,4.22451819377407
2022-10-01 10:00:00,83.2166666666667,272.95,136.024593380597,4.27382030061134
2022-10-01 11:00:00,88.2166666666667,273.316666666667,120.204322554907,4.57464449032347
2022-10-01 12:00:00,95.7833333333333,272.716666666667,135.404228719036,3.89347179310341
2022-10-01 13:00:00,97.7666666666667,272.7,42.3292269416054,6.12477086657238
2022-10-01 14:00:00,98.45,273.25,25.5182620440214,6.9785897052093
2022-10-01 15:00:00,99.9833333333333,273.066666666667,14.455625347779,5.21390573579024
2022-10-01 16:00:00,100.0,272.85,13.83637795422,5.54921558895879
2022-10-01 17:00:00,98.5,272.5,24.5224194100646,4.11615839680358
2022-10-01 18:00:00,97.7333333333333,272.216666666667,5.13076571651453,6.76622555652821
2022-10-01 19:00:00,97.0166666666667,271.8,18.6900321924702,6.91806796914917
2022-10-01 20:00:00,97.2,272.05,8.68518661604935,6.3013358146039
2022-10-01 21:00:00,97.7166666666667,272.45,7.99409860835004,7.79970743196042
2022-10-01 22:00:00,98.3166666666667,272.783333333333,349.376156176607,6.97573072182238
2022-10-01 23:00:00,98.15,272.65,357.319783040835,7.21842703489078
2022-10-02 00:00:00,97.85,272.383333333333,358.960454786666,6.08739396667764
2022-10-02 01:00:00,97.7,272.5,356.102317775532,4.42678187596695
2022-10-02 02:00:00,97.7,272.633333333333,3.71992954732491,3.89984870341542
2022-10-02 03:00:00,97.7,272.7,12.2863531917876,1.97608391765238
2022-10-02 04:00:00,97.7333333333333,272.766666666667,,0.0
2022-10-02 05:00:00,98.4666666666667,272.95,353.796570515002,4.71253011394282
2022-10-02 06:00:00,99.4333333333334,272.95,29.5940008559483,8.23664885901617
2022-10-02 07:00:00,100.416666666667,273.016666666667,18.1855588667753,8.72441308355339
2022-10-02 08:00:00,100.966666666667,273.933333333333,10.2056726495108,8.28797649605927
2022-10-02 09:00:00,101.033333333333,274.883333333333,14.6284499286857,5.9567351823082
2022-10-02 10:00:00,101.05,275.316666666667,13.5501023248273,8.61886679138611
2022-10-02 11:00:00,101.1,275.55,13.3881805808715,6.70787911976227
2022-10-02 12:00:00,101.1,275.7,12.0437657830558,8.37451823906701
2022-10-02 13:00:00,100.516666666667,276.033333333333,31.2119653179217,7.72909207896256
2022-10-02 14:00:00,99.25,276.183333333333,27.7162765641061,6.09092504823402
2022-10-02 15:00:00,99.3166666666667,275.833333333333,22.4925800543846,7.85434896968131
2022-10-02 16:00:00,99.9166666666667,275.6,16.6840290425799,6.53615893724496
2022-10-02 17:00:00,96.3166666666667,275.366666666667,18.1924481667679,11.1738248118968
2022-10-02 18:00:00,92.9,275.6,10.790407619339,13.5726304354698
2022-10-02 19:00:00,93.6,274.95,19.9915319270524,7.99021766801193
2022-10-02 20:00:00,94.9666666666667,274.483333333333,357.567921938189,11.0674378375985
2022-10-02 21:00:00,95.3333333333333,274.05,358.249982710444,10.8633922864281
2022-10-02 22:00:00,99.2,273.35,2.55931631900876,10.2758677544944
2022-10-02 23:00:00,100.9,273.15,8.00993299535662,9.06688507447652
2022-10-03 00:00:00,100.9,273.05,353.464317087788,5.19697087407594
2022-10-03 01:00:00,100.333333333333,272.666666666667,343.576797927893,1.80457341560022
2022-10-03 02:00:00,100.0,272.6,,0.0
2022-10-03 03:00:00,100.9,272.916666666667,,0.0
2022-10-03 04:00:00,100.9,272.95,,0.0
2022-10-03 05:00:00,100.9,272.95,,0.0
2022-10-03 06:00:00,100.9,272.95,350.16644171283,5.21345655285775
2022-10-03 07:00:00,100.616666666667,272.733333333333,357.73675667716,6.58644426636598
2022-10-03 08:00:00,97.95,271.55,5.41962100349582,5.67215781637716
2022-10-03 09:00:00,96.05,270.4,5.02732506906682,6.93947913971111
2022-10-03 10:00:00,94.3166666666667,271.0,13.0175671256997,5.69996116726321
2022-10-03 11:00:00,92.65,271.7,27.5668457160747,5.8524420665535
2022-10-03 12:00:00,92.9833333333333,272.35,24.4411449448834,6.01486641778499
2022-10-03 13:00:00,93.8833333333333,273.1,30.9948493990428,5.2032579908369
2022-10-03 14:00:00,96.2666666666667,273.716666666667,25.8323091551925,3.73608156754271
2022-10-03 15:00:00,97.6666666666667,274.1,27.7113344435153,3.53166440268145
2022-10-03 16:00:00,97.15,274.516666666667,25.6204182656439,3.13205604354796
2022-10-03 17:00:00,96.7833333333333,274.7,37.2062271858493,2.87552590694554
2022-10-03 18:00:00,96.4333333333333,274.7,63.5410700069558,2.0723168002615
2022-10-03 19:00:00,94.0666666666667,274.016666666667,33.4280100655362,3.92207865500754
2022-10-03 20:00:00,92.3666666666667,274.1,16.6761540424712,4.16171544255027
2022-10-03 21:00:00,77.75,274.166666666667,12.1610285647493,4.47031750122998
2022-10-03 22:00:00,56.7333333333333,274.85,7.95655247124148,3.62265959504647
2022-10-03 23:00:00,58.7,275.016666666667,8.5030050160683,3.82874004749971
2022-10-04 00:00:00,60.85,274.966666666667,11.2702953730044,3.62356663769914
2022-10-04 01:00:00,61.9833333333333,275.433333333333,28.9458693349599,3.17359194753661
2022-10-04 02:00:00,63.3166666666667,275.966666666667,27.4553506814618,3.20977646893958
2022-10-04 03:00:00,62.2333333333333,275.733333333333,15.8618438564185,3.84787674937543
2022-10-04 04:00:00,61.6,275.45,14.6371929251102,4.76145239825676
2022-10-04 05:00:00,59.9666666666667,275.55,10.555130859019,5.38030056978585
2022-10-04 06:00:00,58.8666666666667,275.45,5.78243612678966,5.59817180269813
2022-10-04 07:00:00,57.5666666666667,275.716666666667,15.7208721463262,5.27558660819854
2022-10-04 08:00:00,54.7666666666667,276.7,5.76317029059817,4.65240106564246
2022-10-04 09:00:00,54.55,276.45,16.2631658441756,4.58375736009907
2022-10-04 10:00:00,52.9833333333333,277.05,9.00604885937531,4.36065661211179
2022-10-04 11:00:00,51.7333333333333,277.516666666667,18.423751118108,4.14796463193868
2022-10-04 12:00:00,51.6666666666667,277.666666666667,29.7120994467874,2.40828068551489
2022-10-04 13:00:00,48.6166666666667,278.2,36.7130564062159,3.10429329145185
2022-10-04 14:00:00,48.0333333333333,279.016666666667,38.5507649048513,3.1578375007907
2022-10-04 15:00:00,48.45,279.133333333333,28.7706712286299,4.5248176361248
2022-10-04 16:00:00,49.9166666666667,279.266666666667,30.0995791156881,3.4991807094695
2022-10-04 17:00:00,49.7166666666667,279.35,17.8470526763262,4.18048981308989
2022-10-04 18:00:00,48.65,279.1,11.8478331804296,4.09581991397083
2022-10-04 19:00:00,40.25,278.683333333333,41.4765785934793,4.20684247495715
2022-10-04 20:00:00,35.4,278.783333333333,85.9603252512402,1.91334132645028
2022-10-04 21:00:00,30.0333333333333,279.166666666667,45.7173172959128,3.40557195593397
2022-10-04 22:00:00,24.55,279.733333333333,43.1892409934271,4.11195771604268
2022-10-04 23:00:00,20.9333333333333,280.25,40.8257402528528,3.7203265050995
2022-10-05 00:00:00,22.3333333333333,280.2,32.672266195627,5.09005386666274
2022-10-05 01:00:00,20.8666666666667,280.533333333333,22.400368428737,5.4323593578976
2022-10-05 02:00:00,22.0,280.066666666667,15.0159994432975,5.27420310823545
2022-10-05 03:00:00,21.4166666666667,280.066666666667,77.4932581942293,2.97531177517732
2022-10-05 04:00:00,23.5,279.5,120.081786622887,4.32295302082792
2022-10-05 05:00:00,21.4833333333333,280.0,128.55963529165,4.26961206540859
2022-10-05 06:00:00,18.8,281.033333333333,76.2418742787613,2.35658550487405
2022-10-05 07:00:00,18.8333333333333,281.2,112.595535898722,2.5026171248717
2022-10-05 08:00:00,19.1333333333333,281.766666666667,134.830429308835,3.79271240879363
2022-10-05 09:00:00,18.95,282.9,128.043651659236,2.63963967725156
2022-10-05 10:00:00,22.8833333333333,283.716666666667,118.810928837215,2.11862606025127
2022-10-05 11:00:00,25.7166666666667,283.533333333333,133.89983150835,3.2249030984699
2022-10-05 12:00:00,28.9833333333333,284.65,134.610885450331,1.08240535080844
2022-10-05 13:00:00,38.1,284.883333333333,139.563325435504,2.45548569967566
2022-10-05 14:00:00,40.9166666666667,285.05,127.48598336022,3.24847572165896
2022-10-05 15:00:00,38.7,285.066666666667,119.952591891043,3.71500679429405
2022-10-05 16:00:00,40.75,285.016666666667,128.473243921026,3.76061634832465
2022-10-05 17:00:00,40.0,284.516666666667,132.036051873836,3.8381485293388
2022-10-05 18:00:00,38.9166666666667,284.433333333333,133.870088121628,3.62421437801821
2022-10-05 19:00:00,40.5833333333333,283.083333333333,133.011511015476,2.84277748493147
2022-10-05 20:00:00,41.2833333333333,282.666666666667,136.209741985607,2.69867974817023
2022-10-05 21:00:00,41.6666666666667,282.533333333333,58.3133764486594,1.6051644864326
2022-10-05 22:00:00,43.2666666666667,281.566666666667,16.0759567128301,4.28535276327182
2022-10-05 23:00:00,45.6833333333333,281.016666666667,26.0525696379461,4.15175190198589
2022-10-06 00:00:00,50.8666666666667,279.983333333333,18.1208826740074,4.6049589576267
2022-10-06 01:00:00,43.8166666666667,279.783333333333,24.5504233313242,5.57949132182976
2022-10-06 02:00:00,49.1333333333333,279.316666666667,27.7798868825495,5.12789825123567
2022-10-06 03:00:00,50.4,278.7,36.6771338128137,2.66812576811949
2022-10-06 04:00:00,49.35,278.283333333333,39.1847872568065,3.66223530790086
2022-10-06 05:00:00,48.0,277.983333333333,75.4331433927436,1.97575834634878
2022-10-06 06:00:00,46.4166666666667,277.6,41.2670542121024,2.55048223161723
2022-10-06 07:00:00,51.0,277.083333333333,47.6459657019386,2.09779137298734
2022-10-06 08:00:00,47.1166666666667,277.85,108.46908529126,1.644003259718
2022-10-06 09:00:00,45.4333333333333,278.7,141.5650217172,1.46575674953607
2022-10-06 10:00:00,49.0666666666667,279.65,146.0,0.26
2022-10-06 11:00:00,78.3833333333334,278.383333333333,138.199088091358,2.16129944391838
2022-10-06 12:00:00,71.5166666666667,278.9,134.524477955364,2.27888566536249
2022-10-06 13:00:00,66.6833333333333,280.083333333333,111.730462921974,0.441378512246282
2022-10-06 14:00:00,62.85,281.033333333333,128.503438520102,0.0959828749847105
2022-10-06 15:00:00,66.7833333333333,281.233333333333,89.3316685226466,0.209545408733521
2022-10-06 16:00:00,57.2666666666667,282.083333333333,,0.0
2022-10-06 17:00:00,71.7,280.716666666667,133.880421641923,0.363181334032404
2022-10-06 18:00:00,79.6833333333333,279.433333333333,160.402554831863,1.03935306766969
2022-10-06 19:00:00,89.5833333333333,277.583333333333,169.647372083429,2.36577216800086
2022-10-06 20:00:00,92.15,276.7,162.769835582404,3.66489244898981
2022-10-06 21:00:00,95.0166666666667,276.05,138.618820667602,4.62020438879897
2022-10-06 22:00:00,85.6166666666667,277.383333333333,133.770737198297,4.45413337349015
2022-10-06 23:00:00,79.6,277.5,136.262412019757,4.66299406486848
2022-10-07 00:00:00,67.2833333333333,278.516666666667,134.487732357507,4.94921187428667
2022-10-07 01:00:00,60.25,279.016666666667,127.26953693942,4.48326890286488
2022-10-07 02:00:00,55.2833333333333,279.083333333333,130.43901133779,4.34978313999474
2022-10-07 03:00:00,53.6333333333333,278.883333333333,131.559252927088,5.09129569667125
2022-10-07 04:00:00,47.1666666666667,279.266666666667,127.661394135906,4.3401999645762
2022-10-07 05:00:00,44.5666666666667,279.416666666667,123.370093501667,3.83782580984382
2022-10-07 06:00:00,40.8,279.466666666667,123.884353533547,3.64372710405111
2022-10-07 07:00:00,36.3666666666667,279.733333333333,126.941822887789,3.69706802967097
2022-10-07 08:00:00,32.4666666666667,280.766666666667,125.07751066837,2.58343819869681
2022-10-07 09:00:00,30.7666666666667,281.283333333333,131.586790510821,2.63194923136403
2022-10-07 10:00:00,31.2,281.566666666667,138.362680831917,2.95241533297071
2022-10-07 11:00:00,34.9333333333333,281.883333333333,134.58171804536,2.98583673346757
2022-10-07 12:00:00,36.2,282.316666666667,136.553267454621,2.69031240512913
2022-10-07 13:00:00,48.5333333333333,282.916666666667,125.053174321458,2.4069422340418
2022-10-07 14:00:00,45.8,283.233333333333,123.996298049128,2.6581477997576
2022-10-07 15:00:00,45.9166666666667,283.533333333333,124.067554827484,2.67057766360476
2022-10-07 16:00:00,47.15,283.35,120.46715690514,2.44190854713263
2022-10-07 17:00:00,56.2166666666667,282.5,128.883960322978,1.9536432102343
2022-10-07 18:00:00,64.1666666666667,281.0,139.035190342755,1.85606992520071
2022-10-07 19:00:00,74.7833333333333,279.4,130.735444870583,2.31366382036049
2022-10-07 20:00:00,86.5666666666667,278.533333333333,136.03061032183,2.75898156651526
2022-10-07 21:00:00,83.6666666666667,278.283333333333,136.933661061008,4.08854303438707
2022-10-07 22:00:00,84.4666666666667,277.95,133.892243860723,4.51341144146344
2022-10-07 23:00:00,63.8833333333333,278.6,132.568555845071,4.16568512729822
2022-10-08 00:00:00,56.7,278.75,134.898187298325,3.90918914352433
2022-10-08 01:00:00,53.8666666666667,278.65,133.108456861269,3.14549190300666
2022-10-08 02:00:00,49.0833333333333,278.783333333333,133.87369112064,3.19781949808685
2022-10-08 03:00:00,51.25,278.4,139.389393423903,2.57868576500397
2022-10-08 04:00:00,53.9666666666667,278.066666666667,135.181433224536,2.60829482101365
2022-10-08 05:00:00,65.9333333333333,277.183333333333,127.05955109253,1.8173625853377
2022-10-08 06:00:00,86.1666666666667,276.183333333333,52.1942822143489,0.294522724153262
2022-10-08 07:00:00,83.45,275.683333333333,59.1130153853613,1.52403744556215
2022-10-08 08:00:00,68.5,276.083333333333,72.4494422545212,2.2650542506388
2022-10-08 09:00:00,87.5666666666667,275.4,23.6268826273714,3.80659860374958
2022-10-08 10:00:00,94.1166666666667,274.866666666667,11.0671692116143,2.93466866004774
2022-10-08 11:00:00,93.9166666666667,275.183333333333,46.1355866700479,1.81744946108539
2022-10-08 12:00:00,87.2166666666667,276.3,46.9505422730524,3.17388367212497
2022-10-08 13:00:00,86.8,276.766666666667,28.4930296253227,2.27125155570849
2022-10-08 14:00:00,92.7,276.083333333333,18.770888428123,1.51996672577297
2022-10-08 15:00:00,94.3833333333333,275.716666666667,8.38124074432642,1.94464471446628
2022-10-08 16:00:00,95.7333333333333,275.25,345.957544917119,2.11805042647527
2022-10-08 17:00:00,98.5333333333333,274.433333333333,3.44274830495073,4.85788317995144
2022-10-08 18:00:00,100.866666666667,273.7,16.7435978851066,5.76618392357399
2022-10-08 19:00:00,100.9,273.6,11.7950278367323,4.66613244579285
2022-10-08 20:00:00,100.9,273.55,3.33206318202116,3.89833173783963
2022-10-08 21:00:00,100.983333333333,273.933333333333,11.9997745253477,3.51372668077253
2022-10-08 22:00:00,101.0,274.05,15.7632926063225,1.66616681783382
2022-10-08 23:00:00,101.0,274.033333333333,13.3722840815532,0.653493817078852
2022-10-09 00:00:00,101.0,274.15,141.312306813022,0.853002869969216
2022-10-09 01:00:00,101.0,274.316666666667,141.991908810213,1.76879944236869
2022-10-09 02:00:00,101.0,274.166666666667,146.055020982898,2.49157926188179
2022-10-09 03:00:00,100.933333333333,273.833333333333,141.269739310838,3.97959135110777
2022-10-09 04:00:00,100.9,273.483333333333,136.914843831499,5.98089960227778
2022-10-09 05:00:00,100.9,273.283333333333,130.787067795801,6.116431288778
2022-10-09 06:00:00,100.933333333333,273.816666666667,136.633175035789,5.64887685109269
2022-10-09 07:00:00,100.983333333333,274.05,126.15028239199,5.8761026490503
2022-10-09 08:00:00,101.0,274.1,138.07726776677,7.16637722808313
2022-10-09 09:00:00,100.45,274.45,136.116924283602,7.47767447717683
2022-10-09 10:00:00,98.7166666666667,274.466666666667,136.582584092931,8.63743448424406
2022-10-09 11:00:00,100.65,274.15,144.69922251876,6.93357468850802
2022-10-09 12:00:00,101.0,274.25,142.595238715882,5.84858278835998
2022-10-09 13:00:00,101.0,274.516666666667,140.338800241162,5.29525638894577
2022-10-09 14:00:00,101.0,274.8,134.793740660987,3.82537186167926
2022-10-09 15:00:00,101.083333333333,275.15,132.320550764826,5.24485815009866
2022-10-09 16:00:00,100.55,275.416666666667,136.163149991586,6.25407584601174
2022-10-09 17:00:00,98.3333333333333,275.466666666667,128.010756284436,6.98970111854976
2022-10-09 18:00:00,98.0333333333333,275.35,135.430679389922,7.32045192757631
2022-10-09 19:00:00,98.3333333333333,275.216666666667,127.874652509983,4.96698786967952
2022-10-09 20:00:00,95.0833333333333,275.166666666667,121.953007010438,5.31664105725083
2022-10-09 21:00:00,93.3833333333333,275.1,131.284754972746,7.31121110119979
2022-10-09 22:00:00,92.9666666666667,275.05,130.593184501519,7.46494229885854
2022-10-09 23:00:00,92.7666666666667,274.9,131.84223680532,6.15622892953867
2022-10-10 00:00:00,92.9333333333333,274.583333333333,131.462116958682,5.65534537620262
2022-10-10 01:00:00,92.45,274.683333333333,124.169023565049,5.29089813967638
2022-10-10 02:00:00,92.35,274.516666666667,134.459183933091,4.8317091635048
2022-10-10 03:00:00,91.8833333333333,274.666666666667,130.637410248726,5.14499313344366
2022-10-10 04:00:00,91.9,274.6,125.439733411942,4.38637778296591
2022-10-10 05:00:00,91.6666666666667,274.683333333333,128.43233280337,4.85720890892939
2022-10-10 06:00:00,91.5166666666667,274.816666666667,122.705732628053,3.72551971254143
2022-10-10 07:00:00,91.3333333333333,275.183333333333,130.735656407079,1.47476082661314
2022-10-10 08:00:00,91.3666666666667,275.166666666667,137.23801340732,3.29807141108359
2022-10-10 09:00:00,91.3166666666667,275.433333333333,133.077968571912,2.55902038295838
2022-10-10 10:00:00,91.3333333333333,275.733333333333,135.791702256786,1.8722264476206
2022-10-10 11:00:00,91.6833333333333,276.133333333333,135.966262013894,1.48499586752099
2022-10-10 12:00:00,92.1166666666667,276.65,135.553737993642,1.58589360831153
2022-10-10 13:00:00,92.8833333333333,277.483333333333,106.838532125818,1.02409359056156
2022-10-10 14:00:00,91.95,277.583333333333,35.896235517287,1.09859884989948
2022-10-10 15:00:00,92.5166666666667,276.6,30.7262398047046,1.64341921090977
2022-10-10 16:00:00,93.6333333333333,275.7,42.3729582498104,1.75602976554445
2022-10-10 17:00:00,94.5333333333333,275.566666666667,57.2487401841363,1.09542657721996
2022-10-10 18:00:00,94.65,275.366666666667,36.2764363769601,1.67806781487447
2022-10-10 19:00:00,94.8,274.733333333333,14.2572308841368,2.1865934606946
2022-10-10 20:00:00,95.1,274.7,7.74881131786492,5.02481360815604
2022-10-10 21:00:00,94.9333333333333,274.433333333333,354.932235982039,4.3530497362756
2022-10-10 22:00:00,94.9,274.183333333333,3.33557020322712,3.45535683723774
2022-10-10 23:00:00,95.2333333333333,274.0,5.77669562818051,2.73936363069355
2022-10-11 00:00:00,94.4166666666667,273.716666666667,26.0897751491132,3.18531294989066
2022-10-11 01:00:00,89.9666666666667,273.633333333333,15.817408651796,3.42771556274842
2022-10-11 02:00:00,85.1,273.616666666667,2.49884025386592,3.47288832469204
2022-10-11 03:00:00,90.1833333333333,273.366666666667,7.01743563093385,4.15328501957981
2022-10-11 04:00:00,87.5666666666667,273.666666666667,13.0746617070679,0.430829880873584
2022-10-11 05:00:00,89.2666666666667,273.566666666667,132.978857674658,2.92133614558972
2022-10-11 06:00:00,89.6,273.65,127.82203277091,0.906033927484835
2022-10-11 07:00:00,85.0166666666667,273.916666666667,304.0,0.095
2022-10-11 08:00:00,84.8166666666667,274.016666666667,,0.0
2022-10-11 09:00:00,83.7,274.333333333333,309.911405412635,0.347715809458237
2022-10-11 10:00:00,87.5,274.933333333333,147.020467197166,0.158043544979327
2022-10-11 11:00:00,90.2666666666667,275.1,135.079382439596,1.75403591448231
2022-10-11 12:00:00,90.2,276.716666666667,124.296533373398,1.24917385853213
2022-10-11 13:00:00,92.3166666666667,277.8,124.406563241166,0.377530035876062
2022-10-11 14:00:00,92.0,278.133333333333,97.8824398487479,0.0858697225648172
2022-10-11 15:00:00,91.7666666666667,278.2,,0.0
2022-10-11 16:00:00,89.9,279.033333333333,115.175238859146,0.189975519872669
2022-10-11 17:00:00,91.5,277.5,,0.0
2022-10-11 18:00:00,93.8166666666667,276.05,,0.0
2022-10-11 19:00:00,95.4,275.333333333333,143.115014165152,0.447657521814826
2022-10-11 20:00:00,95.85,275.116666666667,129.0,0.121666666666667
2022-10-11 21:00:00,99.05,274.666666666667,133.613664899613,1.7037396362737
2022-10-11 22:00:00,101.0,274.583333333333,139.975317746293,3.30647655926882
2022-10-11 23:00:00,101.0,274.4,128.448733627934,2.72509237574805
2022-10-12 00:00:00,101.0,274.316666666667,119.152671664555,2.85343737029728
2022-10-12 01:00:00,101.0,274.35,131.724668357812,2.72506112599271
2022-10-12 02:00:00,101.0,274.65,104.342984174258,1.26513048237162
2022-10-12 03:00:00,101.0,274.816666666667,77.0177994016602,0.63992261642794
2022-10-12 04:00:00,101.0,274.683333333333,45.3079274221881,1.54204798863894
2022-10-12 05:00:00,99.8833333333334,274.65,44.6911973067601,1.95397342289253
2022-10-12 06:00:00,98.35,274.65,38.9296647974018,2.90215450698032
2022-10-12 07:00:00,98.2666666666667,274.583333333333,49.1316758784548,1.60205719229259
2022-10-12 08:00:00,98.4166666666667,274.3,13.5524959825411,2.25281360599166
2022-10-12 09:00:00,97.8333333333333,274.55,25.1007132727395,2.29695751997508
2022-10-12 10:00:00,95.7,274.95,28.7458634723334,2.2227630349547
2022-10-12 11:00:00,93.0833333333333,276.383333333333,46.4275642559919,0.859653259876575
2022-10-12 12:00:00,91.4166666666667,277.333333333333,71.0464085388816,0.411144055854354
2022-10-12 13:00:00,84.8333333333333,277.933333333333,34.1519171454149,1.23626585381114
2022-10-12 14:00:00,82.9166666666667,277.533333333333,19.0138319180305,1.65949063950255
2022-10-12 15:00:00,84.0333333333333,277.7,27.1719505859008,1.87811971830844
2022-10-12 16:00:00,90.85,277.516666666667,18.4602723158055,1.71667616707103
2022-10-12 17:00:00,93.1166666666667,275.866666666667,11.3034718920408,2.15961359270314
2022-10-12 18:00:00,95.8333333333334,275.216666666667,359.022479811656,1.89434225772653
2022-10-12 19:00:00,96.2166666666667,275.066666666667,34.1863721525757,0.835843747086801
2022-10-12 20:00:00,95.2666666666667,275.066666666667,49.0907595213275,0.30645320515723
2022-10-12 21:00:00,94.75,274.95,131.813855932951,1.55603683671315
2022-10-12 22:00:00,97.1666666666667,274.566666666667,120.488141623113,2.4359667490633
2022-10-12 23:00:00,100.083333333333,274.4,94.636938452828,1.49785676826685
2022-10-13 00:00:00,98.5666666666667,274.6,120.984225602348,2.12134576904847
2022-10-13 01:00:00,96.8833333333333,274.65,118.163237581444,2.18977548773785
2022-10-13 02:00:00,97.65,274.35,126.868117251143,2.91964184870766
2022-10-13 03:00:00,95.8833333333333,274.483333333333,129.400199484461,2.63204957290083
2022-10-13 04:00:00,93.2333333333333,274.616666666667,38.1015374988629,2.09807260774936
2022-10-13 05:00:00,92.75,274.35,91.2991477171527,1.22196311777213
2022-10-13 06:00:00,92.3,274.283333333333,50.0993015333368,1.43347346021753
2022-10-13 07:00:00,92.3666666666667,274.133333333333,31.1664209042611,2.07884339806749
2022-10-13 08:00:00,92.6333333333333,274.366666666667,26.6794221999253,2.64595086463102
2022-10-13 09:00:00,92.3666666666667,274.833333333333,39.8183598373412,1.58962978014616
2022-10-13 10:00:00,92.15,275.366666666667,141.398796411398,1.89550906651686
2022-10-13 11:00:00,91.85,276.466666666667,94.5863263268113,0.426664755636027
2022-10-13 12:00:00,91.1166666666667,275.916666666667,45.1203049734684,1.63275185496767
2022-10-13 13:00:00,91.4833333333334,275.133333333333,34.4689290105218,3.41148746842052
2022-10-13 14:00:00,91.9,275.366666666667,14.7081159076526,2.5435024614072
2022-10-13 15:00:00,91.9166666666667,275.566666666667,18.7994100492014,2.44303716743958
2022-10-13 16:00:00,92.0833333333333,275.45,60.8478117318682,1.58003148636862
2022-10-13 17:00:00,93.1333333333333,274.95,59.3797143947877,1.80235078083283
2022-10-13 18:00:00,94.2166666666667,274.3,37.744939731723,2.43101235763437
2022-10-13 19:00:00,90.9666666666667,274.316666666667,56.7332603226345,3.72710912019081
2022-10-13 20:00:00,83.6166666666667,274.633333333333,99.3407458554859,3.00803626273527
2022-10-13 21:00:00,92.8833333333333,274.033333333333,118.575940261548,1.75787612949031
2022-10-13 22:00:00,94.9166666666667,273.583333333333,111.630139717257,1.35992672558105
2022-10-13 23:00:00,93.1666666666667,273.183333333333,118.112969494214,1.54761091083415
2022-10-14 00:00:00,95.6,272.65,43.1181427649922,2.59457534660231
2022-10-14 01:00:00,96.1,272.65,92.3256497417292,3.1774557320501
2022-10-14 02:00:00,96.2,272.416666666667,36.1832697278852,3.63472198192979
2022-10-14 03:00:00,96.3166666666667,272.45,32.031207496853,5.69709755331535
2022-10-14 04:00:00,96.4166666666667,272.45,33.1274418359103,4.15777907109915
2022-10-14 05:00:00,96.5,272.383333333333,37.353688648019,4.94567857990468
2022-10-14 06:00:00,96.5,272.233333333333,24.2769011976091,5.6221696070768
2022-10-14 07:00:00,96.5,272.116666666667,25.8481998260524,4.68189221079607
2022-10-14 08:00:00,96.5,272.233333333333,29.0803266045972,3.90425216194316
2022-10-14 09:00:00,96.4833333333333,272.716666666667,83.7908482832508,2.43740258889824
2022-10-14 10:00:00,96.45,272.95,69.6776356224509,1.80372821431086
2022-10-14 11:00:00,97.1666666666667,273.466666666667,93.0223431672921,2.62533895361344
2022-10-14 12:00:00,100.95,273.8,85.7722574195839,1.83295139599707
2022-10-14 13:00:00,101.0,274.4,102.856450977677,1.14423504821362
2022-10-14 14:00:00,101.0,274.266666666667,87.0672841098909,1.46312458904942
2022-10-14 15:00:00,101.0,274.15,56.6369037546601,2.37486282702321
2022-10-14 16:00:00,101.0,274.283333333333,63.6825520580336,2.78886430374733
2022-10-14 17:00:00,100.983333333333,274.15,27.3847851599077,2.28170291653681
2022-10-14 18:00:00,100.9,273.466666666667,58.7565404042745,3.48003939822282
2022-10-14 19:00:00,100.9,273.766666666667,122.838476548836,3.73462294334822
2022-10-14 20:00:00,100.9,273.883333333333,128.00790547922,3.87477368364777
2022-10-14 21:00:00,98.8,274.166666666667,135.060880539739,4.91728243122504
2022-10-14 22:00:00,97.6166666666667,274.3,127.020201861168,3.54532709092826
2022-10-14 23:00:00,99.6333333333333,273.8,105.928957918973,2.5078291011798
2022-10-15 00:00:00,100.166666666667,273.7,96.1244269537647,3.22168351404824
2022-10-15 01:00:00,100.9,273.733333333333,122.072906423512,4.40724958466842
2022-10-15 02:00:00,101.0,274.583333333333,79.6246359031906,5.19163171989759
2022-10-15 03:00:00,100.9,274.95,57.6616630055851,5.37500941228245
2022-10-15 04:00:00,100.166666666667,275.0,57.0145356874102,4.60335590270746
2022-10-15 05:00:00,100.3,275.266666666667,59.7086374385016,5.38713262127219
2022-10-15 06:00:00,100.75,275.416666666667,54.1007154745337,3.99103641160158
2022-10-15 07:00:00,101.0,275.4,41.1549221110164,5.55868104232053
2022-10-15 08:00:00,101.0,275.383333333333,34.0149398716883,6.20969493604893
2022-10-15 09:00:00,100.883333333333,275.483333333333,38.2498361257264,5.55263990718868
2022-10-15 10:00:00,97.5,275.9,67.6676523477697,3.64437843858896
2022-10-15 11:00:00,93.1666666666667,276.45,59.5903899566823,4.66588354052317
2022-10-15 12:00:00,91.3333333333333,277.85,110.80743595535,2.23259438289342
2022-10-15 13:00:00,86.85,278.783333333333,111.878036826085,2.5564408680349
2022-10-15 14:00:00,90.4166666666667,278.25,81.7720280953222,2.27019372898199
2022-10-15 15:00:00,92.8333333333333,276.966666666667,34.3582938185895,3.99006778538034
2022-10-15 16:00:00,93.1333333333333,277.316666666667,96.167010933348,3.33489593538919
2022-10-15 17:00:00,92.1,277.8,71.4481195525617,1.80140331243336
2022-10-15 18:00:00,91.8333333333333,277.75,76.3591370739542,2.00272335695414
2022-10-15 19:00:00,91.6333333333333,277.95,120.657300439327,2.68659745911962
2022-10-15 20:00:00,91.55,277.883333333333,45.2769854009138,3.06332533602056
2022-10-15 21:00:00,91.3666666666667,277.766666666667,62.0608805907926,2.63747749789096
2022-10-15 22:00:00,89.7666666666667,277.833333333333,130.033110774112,3.02554326963395
2022-10-15 23:00:00,88.9833333333333,277.8,132.677787454128,4.01133988488206
2022-10-16 00:00:00,84.1166666666667,278.066666666667,135.987677216091,3.64532894926441
2022-10-16 01:00:00,77.75,278.3,120.74793877069,2.84252639168655
2022-10-16 02:00:00,78.1166666666667,278.233333333333,126.254164213766,2.76100880325677
2022-10-16 03:00:00,76.6833333333333,278.233333333333,133.89134532077,3.29507983767881
2022-10-16 04:00:00,73.6666666666667,278.366666666667,124.923670531932,2.47695231643016
2022-10-16 05:00:00,71.05,278.483333333333,117.211043969823,2.54514536023191
2022-10-16 06:00:00,70.4333333333333,278.35,132.931163453106,1.83790113819556
2022-10-16 07:00:00,65.6,278.533333333333,128.171042302182,2.96840484794573
2022-10-16 08:00:00,54.7833333333333,279.333333333333,103.439936539425,3.61445260703272
2022-10-16 09:00:00,51.5,279.35,60.856608213038,3.42055508867335
2022-10-16 10:00:00,53.9333333333333,279.666666666667,73.662023927348,2.02688938356991
2022-10-16 11:00:00,58.55,280.45,130.714907786481,2.45214019570497
2022-10-16 12:00:00,57.9,281.6,110.118668114674,1.45062472132782
2022-10-16 13:00:00,60.6,282.15,130.145001015814,1.68544800936447
2022-10-16 14:00:00,64.0166666666667,282.283333333333,127.730614658432,2.17657082296245
2022-10-16 15:00:00,70.45,282.5,119.127264798098,2.30093340981947
2022-10-16 16:00:00,69.0,282.066666666667,123.087430864313,2.96226504844794
2022-10-16 17:00:00,63.1333333333333,281.433333333333,130.65081181014,1.95785194007245
2022-10-16 18:00:00,64.0833333333333,279.8,141.288837842016,3.37929110404669
2022-10-16 19:00:00,75.6,279.083333333333,147.717182229047,6.23760667147831
2022-10-16 20:00:00,71.55,279.25,140.150237163337,7.11551500981207
2022-10-16 21:00:00,75.15,278.95,135.902328437151,6.87937358705266
2022-10-16 22:00:00,61.7666666666667,279.35,135.333616827666,6.73256285056611
2022-10-16 23:00:00,57.1666666666667,279.6,134.261850421442,5.53336313399739
2022-10-17 00:00:00,53.7,279.583333333333,133.710692645788,5.91844700368176
2022-10-17 01:00:00,51.2333333333333,279.483333333333,135.143589502111,5.94876911651978
2022-10-17 02:00:00,51.9666666666667,279.216666666667,136.855729365373,6.40878018806054
2022-10-17 03:00:00,48.2833333333333,279.266666666667,131.34075182302,5.25029746826264
2022-10-17 04:00:00,40.45,279.583333333333,131.522400255696,6.14916557543722
2022-10-17 05:00:00,40.9,279.366666666667,134.332555675058,7.1660030274032
2022-10-17 06:00:00,37.0333333333333,279.483333333333,136.122402505508,8.06520700095689
2022-10-17 07:00:00,32.0833333333333,279.95,137.308602899726,8.17101403594023
2022-10-17 08:00:00,28.45,280.483333333333,135.322697809174,7.31349119304307
2022-10-17 09:00:00,25.9833333333333,281.05,136.686745169607,5.09283843582895
2022-10-17 10:00:00,23.2666666666667,281.75,136.218626423185,5.10464546115881
2022-10-17 11:00:00,26.4833333333333,282.55,132.002040072311,4.27258632763805
2022-10-17 12:00:00,30.4666666666667,283.15,130.311000946645,3.26808588539482
2022-10-17 13:00:00,37.2833333333333,284.016666666667,125.103676856554,1.79653993371573
2022-10-17 14:00:00,45.5166666666667,284.3,92.1033703042218,0.337349270445659
2022-10-17 15:00:00,50.45,284.35,107.52466348122,1.45049911725381
2022-10-17 16:00:00,47.5166666666667,284.3,118.371330999475,1.65033290210038
2022-10-17 17:00:00,47.2666666666667,283.8,138.876056266391,0.400386513179979
2022-10-17 18:00:00,52.0166666666667,281.3,149.235826765819,1.79408014002418
2022-10-17 19:00:00,52.7666666666667,280.416666666667,150.360610318684,3.75290149401525
2022-10-17 20:00:00,58.8166666666667,279.566666666667,157.140750398778,4.1283517002544
2022-10-17 21:00:00,54.0666666666667,279.633333333333,153.240547739715,6.03421722232393
2022-10-17 22:00:00,55.2666666666667,279.516666666667,139.008107243039,4.38089553589942
2022-10-17 23:00:00,59.8833333333333,279.2,139.099506620291,4.06925679384429
2022-10-18 00:00:00,60.3166666666667,279.1,134.098741597329,4.28716390832667
2022-10-18 01:00:00,60.2,279.016666666667,136.920116441046,4.95721491364044
2022-10-18 02:00:00,61.3833333333333,278.983333333333,135.707939497419,4.80626642014086
2022-10-18 03:00:00,54.2333333333334,279.45,99.0437789296547,2.37671940504887
2022-10-18 04:00:00,48.55,279.783333333333,35.3360546988665,3.33036049460891
2022-10-18 05:00:00,49.2666666666667,279.833333333333,21.8380561312572,2.70881986215435
2022-10-18 06:00:00,55.9333333333333,278.85,6.76361917781196,3.20181405955116
2022-10-18 07:00:00,60.44,278.31,19.311513530407,3.67628854057389
2022-10-18 08:00:00,62.7166666666667,278.216666666667,20.3827584409244,5.36195969501854
2022-10-18 09:00:00,69.3166666666667,278.516666666667,28.5298693476026,4.40343840674587
2022-10-18 10:00:00,75.55,278.533333333333,17.1606200160002,3.64726777416861
2022-10-18 11:00:00,75.05,278.833333333333,38.9695629132631,2.04343898638632
2022-10-18 12:00:00,73.25,279.366666666667,33.1634212631859,2.92575286666407
2022-10-18 13:00:00,67.7666666666667,280.583333333333,85.39892587481,2.7626537608663
2022-10-18 14:00:00,70.3666666666667,280.35,43.7461230337856,3.01061474104114
2022-10-18 15:00:00,73.0833333333333,280.133333333333,13.7487444178174,3.71734109298872
2022-10-18 16:00:00,79.35,279.85,359.96112157354,3.14382537451897
2022-10-18 17:00:00,92.2,278.166666666667,8.42190537564056,3.26536096834735
2022-10-18 18:00:00,93.25,277.366666666667,13.5649830186898,4.05898231251932
2022-10-18 19:00:00,94.9833333333333,277.116666666667,9.45446108386898,3.69078640124097
2022-10-18 20:00:00,96.1333333333334,276.9,23.3688711445987,5.45562622024923
2022-10-18 21:00:00,94.6166666666667,276.883333333333,30.7449010555847,5.49515462981337
2022-10-18 22:00:00,93.1333333333333,276.983333333333,55.6251638936337,3.38803677461446
2022-10-18 23:00:00,92.9666666666667,276.95,92.5208864985676,1.87632226199046
2022-10-19 00:00:00,92.65,276.916666666667,102.026204566283,1.74367381427955
2022-10-19 01:00:00,91.7666666666667,277.066666666667,39.2988195313691,3.46622654100025
2022-10-19 02:00:00,91.5833333333333,277.083333333333,27.3050828316874,5.35569707119636
2022-10-19 03:00:00,91.75,276.966666666667,26.5783144510908,5.02060283239053
2022-10-19 04:00:00,92.05,276.75,15.7337263107765,4.23804114528583
2022-10-19 05:00:00,92.0833333333333,276.683333333333,23.5301771824987,3.58449772909472
2022-10-19 06:00:00,91.7166666666667,276.683333333333,42.5212204589332,3.81474437160922
2022-10-19 07:00:00,88.45,276.666666666667,37.9933971905705,3.11536019925079
2022-10-19 08:00:00,81.3166666666667,276.966666666667,30.8333736800827,3.05727473621973
2022-10-19 09:00:00,65.6333333333333,277.816666666667,40.5609943502651,2.73445349695431
2022-10-19 10:00:00,61.6166666666667,278.483333333333,23.0285642119252,2.07528411409757
2022-10-19 11:00:00,59.7333333333333,278.683333333333,27.2425448684003,1.73975532999144
2022-10-19 12:00:00,69.2666666666667,280.233333333333,77.4575499383928,0.43532195108689
2022-10-19 13:00:00,63.4166666666667,281.166666666667,94.831211086065,1.16124803502859
2022-10-19 14:00:00,59.7,281.333333333333,100.287800170929,1.81729787399729
2022-10-19 15:00:00,54.85,281.716666666667,97.9761074834856,1.65238136562636
2022-10-19 16:00:00,50.9666666666667,282.333333333333,99.4567018602105,0.438769630971047
2022-10-19 17:00:00,52.4833333333333,281.483333333333,91.4047321573717,0.245353078650999
2022-10-19 18:00:00,58.3333333333333,279.933333333333,135.750884065499,0.519604688733708
2022-10-19 19:00:00,63.05,279.2,135.613689560005,2.83043863010727
2022-10-19 20:00:00,61.0,279.083333333333,135.67012537431,3.21655961264817
2022-10-19 21:00:00,57.1,279.116666666667,127.346512188453,3.11842464179486
2022-10-19 22:00:00,57.4833333333333,278.983333333333,131.332432758831,3.64339770709816
2022-10-19 23:00:00,55.0833333333334,279.283333333333,119.968662529939,3.47359668216294
2022-10-20 00:00:00,52.75,279.216666666667,108.523388460637,3.20315292138561
2022-10-20 01:00:00,42.2833333333333,279.883333333333,99.7942554896308,2.15897710009795
2022-10-20 02:00:00,43.4166666666667,279.683333333333,118.355508704023,3.10470238395543
2022-10-20 03:00:00,44.1333333333333,279.733333333333,115.976816910066,3.61187999812955
2022-10-20 04:00:00,43.1333333333333,279.75,108.684421844679,4.02987287400149
2022-10-20 05:00:00,47.45,279.883333333333,94.0433016220494,3.41239038870072
2022-10-20 06:00:00,52.5166666666667,279.85,77.8077791138342,2.89034033800982
2022-10-20 07:00:00,55.2166666666667,279.783333333333,82.3438882312036,2.68650028631232
2022-10-20 08:00:00,54.3166666666667,279.8,120.910562636225,3.1593269885682
2022-10-20 09:00:00,52.2666666666667,279.833333333333,132.849238160706,5.82640428631426
2022-10-20 10:00:00,53.8,279.9,134.086232932361,5.45668108098674
2022-10-20 11:00:00,51.9,280.566666666667,134.590078337892,5.8070122672401
2022-10-20 12:00:00,49.0,281.433333333333,133.895873603372,4.82204988339925
2022-10-20 13:00:00,45.8333333333333,281.35,134.377705703727,4.43868336473712
2022-10-20 14:00:00,40.85,281.933333333333,135.796167136023,4.22357739629748
2022-10-20 15:00:00,45.2833333333333,281.616666666667,135.073054022626,3.63566773744559
2022-10-20 16:00:00,46.4333333333333,281.233333333333,129.83717531455,4.05897141337905
2022-10-20 17:00:00,48.4,281.0,136.034649229307,5.86616458255898
2022-10-20 18:00:00,55.1833333333333,280.333333333333,135.4995295603,4.98340072831482
2022-10-20 19:00:00,58.0166666666667,280.166666666667,125.064700141467,5.49664093926633
2022-10-20 20:00:00,62.2,279.75,137.522815062893,5.01891327012423
2022-10-20 21:00:00,62.45,279.566666666667,114.961219459251,4.82246717170422
2022-10-20 22:00:00,61.1,279.983333333333,136.285771804585,4.7270952077038
2022-10-20 23:00:00,62.2166666666667,279.65,124.62119125517,4.38075498997763
2022-10-21 00:00:00,62.3333333333333,279.516666666667,140.36174388058,4.53421893981926
2022-10-21 01:00:00,63.9833333333333,279.183333333333,125.449035937878,4.14704192512474
2022-10-21 02:00:00,65.2666666666667,279.0,134.419056985385,4.54031019780487
2022-10-21 03:00:00,67.5833333333333,278.6,119.031431752142,3.50029791410481
2022-10-21 04:00:00,70.05,278.266666666667,125.922392343721,4.5520265862753
2022-10-21 05:00:00,71.7,278.166666666667,126.552072621947,4.24732553647752
2022-10-21 06:00:00,73.4,278.15,129.133693688143,4.87931728461911
2022-10-21 07:00:00,75.4666666666667,278.133333333333,116.937867733436,6.95868809442312
2022-10-21 08:00:00,77.8833333333333,278.066666666667,128.437825518819,8.01540988979302
2022-10-21 09:00:00,78.7833333333333,278.15,117.172280808916,7.3824807095067
2022-10-21 10:00:00,80.3,278.133333333333,134.908278863627,6.56501748044695
2022-10-21 11:00:00,76.4166666666667,278.716666666667,136.091957336943,4.64151716341323
2022-10-21 12:00:00,80.3833333333333,278.45,126.972918916817,4.61853596734849
2022-10-21 13:00:00,85.6833333333333,278.066666666667,120.17872582736,4.16901077693794
2022-10-21 14:00:00,89.55,277.75,117.267280340803,4.17262979009209
2022-10-21 15:00:00,91.4166666666667,277.45,130.530397622439,4.51897691321794
2022-10-21 16:00:00,91.7833333333333,277.183333333333,138.91517664795,4.75192893737318
2022-10-21 17:00:00,92.9333333333333,276.65,135.360806717759,4.57831869333113
2022-10-21 18:00:00,94.1333333333333,276.25,137.392684353619,4.50930276587336
2022-10-21 19:00:00,95.2666666666667,276.033333333333,141.9910225692,5.34169971106682
2022-10-21 20:00:00,99.3333333333333,275.8,135.604235658389,4.27162803182713
2022-10-21 21:00:00,101.0,275.766666666667,144.891483619097,5.9137189600758
2022-10-21 22:00:00,101.1,275.7,139.951232508934,7.53463564396244
2022-10-21 23:00:00,101.1,275.65,129.67480966589,5.99849517319338
2022-10-22 00:00:00,101.1,275.65,131.264812430721,5.83898691855229
2022-10-22 01:00:00,101.1,276.0,130.04009393531,8.06595413426608
2022-10-22 02:00:00,99.5333333333333,276.166666666667,126.673757636349,3.86892933326946
2022-10-22 03:00:00,99.2833333333333,275.983333333333,108.953198080804,3.3387197392822
2022-10-22 04:00:00,100.566666666667,274.283333333333,17.8256732557716,8.71551090133732
2022-10-22 05:00:00,100.9,273.216666666667,12.5520508644253,7.54700554953998
2022-10-22 06:00:00,100.9,272.933333333333,39.3685570565132,6.45121948602803
2022-10-22 07:00:00,100.9,272.983333333333,24.7838585959359,0.478093573169874
2022-10-22 08:00:00,100.9,273.05,31.4465850920737,4.27346742486497
2022-10-22 09:00:00,100.9,273.05,24.8649565817966,4.00684167806007
2022-10-22 10:00:00,100.9,273.05,23.6539547460169,4.70282275030393
2022-10-22 11:00:00,100.916666666667,272.983333333333,26.8428798227299,4.41270252128419
2022-10-22 12:00:00,101.0,273.2,38.8300323665723,4.11456024640269
2022-10-22 13:00:00,101.033333333333,273.316666666667,25.9382192465392,3.58528956500841
2022-10-22 14:00:00,101.083333333333,273.55,30.6394021840045,3.21023372465831
2022-10-22 15:00:00,101.133333333333,274.033333333333,41.9236469110326,2.93991069959533
2022-10-22 16:00:00,101.133333333333,274.1,40.873040321881,2.8995896866976
2022-10-22 17:00:00,101.116666666667,274.566666666667,66.8099014532608,2.25851922544609
2022-10-22 18:00:00,101.0,274.65,107.812034149048,2.6779690801922
2022-10-22 19:00:00,96.6166666666667,275.333333333333,110.638342739618,2.03865886374439
2022-10-22 20:00:00,96.35,275.383333333333,131.175418958941,2.52484411961767
2022-10-22 21:00:00,93.7666666666667,275.316666666667,125.941317583302,3.23492140806771
2022-10-22 22:00:00,91.7666666666667,275.55,117.130015446434,4.5232835442034
2022-10-22 23:00:00,91.1166666666667,275.866666666667,127.72398813555,4.10398528488559
2022-10-23 00:00:00,89.9333333333333,275.85,133.969303753371,5.70974344464773
2022-10-23 01:00:00,87.3833333333333,275.8,135.462315114079,6.13611673797459
2022-10-23 02:00:00,88.15,275.733333333333,126.013217411122,5.25926061899535
2022-10-23 03:00:00,86.95,275.916666666667,139.05159921739,4.74417726151093
2022-10-23 04:00:00,88.85,275.883333333333,128.602150174034,5.39258559266249
2022-10-23 05:00:00,88.1666666666667,276.15,132.745056824266,6.81390102908888
2022-10-23 06:00:00,88.3,276.316666666667,128.327389098242,5.4718818280343
2022-10-23 07:00:00,88.7,276.433333333333,138.187279605095,7.24669146221384
2022-10-23 08:00:00,90.8833333333333,276.333333333333,129.239196050374,6.57736913196524
2022-10-23 09:00:00,91.2833333333334,276.65,134.487629127267,5.74808187105734
2022-10-23 10:00:00,87.7,277.883333333333,129.582114146876,5.2517105657756
2022-10-23 11:00:00,87.8833333333333,278.5,130.996953501714,5.21300826416799
2022-10-23 12:00:00,86.0333333333334,278.866666666667,121.528607105509,5.33189211211248
2022-10-23 13:00:00,82.3666666666667,279.366666666667,130.37925939809,5.23119978208847
2022-10-23 14:00:00,84.3666666666667,279.616666666667,134.118977753246,5.15192924467992
2022-10-23 15:00:00,86.5666666666667,279.516666666667,130.43708074503,5.45563566519525
2022-10-23 16:00:00,84.5833333333333,279.55,129.207959720526,5.57670016909117
2022-10-23 17:00:00,81.3833333333333,279.55,127.279117846996,4.30350310944494
2022-10-23 18:00:00,87.4833333333334,278.966666666667,139.612657126248,5.92081511138607
2022-10-23 19:00:00,90.5833333333333,278.616666666667,131.314125862826,5.05854753302048
2022-10-23 20:00:00,91.05,278.516666666667,129.514564298247,6.34136697771318
2022-10-23 21:00:00,91.1333333333333,278.283333333333,120.034863776939,6.79697705728377
2022-10-23 22:00:00,91.3333333333333,278.116666666667,122.125945566149,6.05225090880741
2022-10-23 23:00:00,90.0,278.333333333333,125.742928830151,4.72568762282633
2022-10-24 00:00:00,91.65,277.816666666667,129.593738294261,4.52930434931069
2022-10-24 01:00:00,91.6666666666667,277.766666666667,124.388684111912,6.45417099144145
2022-10-24 02:00:00,91.5666666666667,277.883333333333,130.963406172597,6.22028039962816
2022-10-24 03:00:00,92.05,277.583333333333,125.817549494098,5.40318802121056
2022-10-24 04:00:00,93.8833333333333,276.75,132.593469433067,4.55691080617393
2022-10-24 05:00:00,95.8666666666667,276.45,142.373284510714,5.74855477535352
2022-10-24 06:00:00,101.1,276.066666666667,129.630824616116,5.48279483016648
2022-10-24 07:00:00,101.1,275.85,136.046003328373,4.68188466539521
2022-10-24 08:00:00,101.1,275.533333333333,139.858287166774,7.47611243532397
2022-10-24 09:00:00,101.1,275.45,126.217922711579,5.26505210184949
2022-10-24 10:00:00,101.166666666667,276.05,129.481876492722,6.21770390344239
2022-10-24 11:00:00,101.033333333333,276.533333333333,124.202657177369,6.00097494026261
2022-10-24 12:00:00,101.083333333333,275.95,119.766325942743,4.82667722819963
2022-10-24 13:00:00,101.1,275.65,98.4644596806539,2.07097122619572
2022-10-24 14:00:00,100.983333333333,273.866666666667,1.17661810633234,6.98512714106201
2022-10-24 15:00:00,100.9,273.116666666667,358.54088261401,5.39112265203362
2022-10-24 16:00:00,100.366666666667,272.716666666667,4.95215420707808,5.36793764846528
2022-10-24 17:00:00,99.7,272.533333333333,16.6794113469423,7.25769432297945
2022-10-24 18:00:00,99.3333333333333,272.516666666667,25.2351901294773,4.46197678853782
2022-10-24 19:00:00,100.883333333333,272.816666666667,42.1860167645668,2.07340079848229
2022-10-24 20:00:00,100.9,272.983333333333,53.3621696867181,3.36021721287498
2022-10-24 21:00:00,100.9,273.133333333333,56.2141551320173,2.79963197122905
2022-10-24 22:00:00,100.9,273.433333333333,47.0267745396469,4.18952700929317
2022-10-24 23:00:00,100.966666666667,273.55,17.5333338434068,3.6694904896419
2022-10-25 00:00:00,100.9,273.266666666667,19.8341258238965,3.62444952954867
2022-10-25 01:00:00,100.9,273.266666666667,24.6527421457623,2.61247648988899
2022-10-25 02:00:00,100.9,273.266666666667,30.2566001974773,3.08247828894834
2022-10-25 03:00:00,100.9,273.2,65.1953872034382,2.744820969076
2022-10-25 04:00:00,97.8333333333333,273.466666666667,52.005430299976,2.26546468145282
2022-10-25 05:00:00,97.2,273.166666666667,28.6413182702445,3.96056870680727
2022-10-25 06:00:00,97.1833333333333,273.25,69.9350294192502,2.71420159962545
2022-10-25 07:00:00,95.3166666666667,273.233333333333,40.5630353412897,2.79449199068969
2022-10-25 08:00:00,92.8166666666667,273.283333333333,95.6465654439724,2.31136791953274
2022-10-25 09:00:00,91.8333333333333,274.216666666667,113.898452871035,2.20172458691876
2022-10-25 10:00:00,91.7333333333333,274.833333333333,138.342648745677,2.92231260728198
2022-10-25 11:00:00,91.2,275.65,121.527861626028,1.92619506720991
2022-10-25 12:00:00,91.85,275.966666666667,117.235439747592,0.923475803203063
2022-10-25 13:00:00,89.9166666666667,277.05,115.358599620186,1.00541103034292
2022-10-25 14:00:00,84.1,277.666666666667,130.580791679694,1.19017957029733
2022-10-25 15:00:00,78.5333333333333,278.183333333333,104.845378086515,1.65861013031862
2022-10-25 16:00:00,70.1666666666667,278.733333333333,115.984658271346,1.77531209377262
2022-10-25 17:00:00,63.5666666666667,278.066666666667,119.648501545613,2.72181399418924
2022-10-25 18:00:00,59.2,277.15,130.681722222287,2.72599178275262
2022-10-25 19:00:00,53.1333333333333,277.016666666667,126.34604276352,4.19113822105647
2022-10-25 20:00:00,56.2833333333333,276.833333333333,136.961133502768,4.0640860054387
2022-10-25 21:00:00,63.5833333333333,276.533333333333,132.169663061458,5.24634834025049
2022-10-25 22:00:00,63.0,276.416666666667,133.277097754283,5.78377645293849
2022-10-25 23:00:00,60.1,276.733333333333,131.050385052256,4.60817193099754
2022-10-26 00:00:00,58.7666666666667,277.066666666667,131.294648148015,3.60645259072743
2022-10-26 01:00:00,61.4666666666667,277.033333333333,125.752227328208,3.78580129206209
2022-10-26 02:00:00,66.1666666666667,276.883333333333,112.030775423735,4.03032838056035
2022-10-26 03:00:00,75.0833333333333,276.633333333333,34.9986730727235,2.31102931683797
2022-10-26 04:00:00,80.6,276.316666666667,127.923733123257,4.56214808685836
2022-10-26 05:00:00,79.3833333333333,276.866666666667,116.960240403013,3.50425220895399
2022-10-26 06:00:00,81.7833333333333,277.05,50.6179551474593,4.14970878677142
2022-10-26 07:00:00,91.0,275.866666666667,11.793621234733,3.65955726737568
2022-10-26 08:00:00,95.15,274.183333333333,31.9070778524668,5.99685075405355
2022-10-26 09:00:00,95.9,274.816666666667,102.143425245051,3.20397614334776
2022-10-26 10:00:00,93.7,275.1,101.232047641284,2.94622540318805
2022-10-26 11:00:00,95.4333333333333,274.583333333333,125.871762407603,3.81767690301805
2022-10-26 12:00:00,93.45,275.683333333333,58.3819942847739,3.2540739866606
2022-10-26 13:00:00,91.9333333333333,276.4,44.3283531820444,3.17103319579203
2022-10-26 14:00:00,91.75,276.466666666667,26.4593510547948,3.80714926886446
2022-10-26 15:00:00,92.1,276.433333333333,5.72622429920216,4.30630868298321
2022-10-26 16:00:00,91.8166666666667,276.533333333333,20.5680085434273,4.33700097135453
2022-10-26 17:00:00,91.7166666666667,276.616666666667,37.7854230100177,5.45412842589787
2022-10-26 18:00:00,91.3666666666667,276.65,34.6214246994597,6.69586343709746
2022-10-26 19:00:00,91.6333333333333,276.45,20.9242974230181,4.32274821522212
2022-10-26 20:00:00,91.1666666666667,276.45,78.1417804184927,2.95162772026475
2022-10-26 21:00:00,79.65,276.583333333333,61.5454493617918,3.30693950182719
2022-10-26 22:00:00,70.6166666666667,276.816666666667,30.1591415194757,5.68945715451833
2022-10-26 23:00:00,72.7666666666667,276.766666666667,43.5194189329579,4.17728088421101
2022-10-27 00:00:00,66.75,276.8,58.3141446043613,2.93441550978903
2022-10-27 01:00:00,64.5,276.816666666667,80.5589701654644,2.82058241019063
2022-10-27 02:00:00,63.1833333333333,276.883333333333,100.2381061452,2.9175147858997
2022-10-27 03:00:00,60.3333333333334,276.95,127.936829452269,3.15931039528362
2022-10-27 04:00:00,58.8666666666667,276.866666666667,126.705496288373,3.40231598446765
2022-10-27 05:00:00,55.65,277.133333333333,114.445543915181,3.14228922802745
2022-10-27 06:00:00,53.5666666666667,277.466666666667,60.222558520636,3.3231885272879
2022-10-27 07:00:00,50.2,277.8,46.8698373722755,4.99444599868093
2022-10-27 08:00:00,48.0,278.4,64.7737645018662,3.18003611181515
2022-10-27 09:00:00,47.8,279.083333333333,57.0869354958068,3.18895117906529
2022-10-27 10:00:00,53.4833333333333,279.616666666667,46.5957945424752,3.67268636425267
2022-10-27 11:00:00,62.3833333333334,279.816666666667,32.6545990779006,2.27156726857317
2022-10-27 12:00:00,60.75,280.283333333333,80.8714875674037,1.72924593863406
2022-10-27 13:00:00,59.4833333333333,281.116666666667,66.9642539823453,1.73868450696239
2022-10-27 14:00:00,58.8,281.683333333333,67.2449500904493,1.38332598651022
2022-10-27 15:00:00,58.35,281.766666666667,49.9609137350772,2.6211844825997
2022-10-27 16:00:00,59.35,281.466666666667,31.8979606952072,2.73716210221368
2022-10-27 17:00:00,60.45,281.316666666667,21.3880168830617,2.01642058697527
2022-10-27 18:00:00,63.2,280.216666666667,51.5047864365625,2.06735215917096
2022-10-27 19:00:00,61.5166666666667,280.233333333333,109.294080677516,2.13711627501741
2022-10-27 20:00:00,59.95,280.133333333333,47.0712144824126,2.73523684636757
2022-10-27 21:00:00,60.8666666666667,280.033333333333,40.6558722115277,3.26206411637263
2022-10-27 22:00:00,61.9166666666667,279.916666666667,76.5998549761963,2.01789435387926
2022-10-27 23:00:00,61.7333333333333,279.65,130.971027777839,2.60821829796195
2022-10-28 00:00:00,60.8666666666667,279.416666666667,132.194372887967,2.76445803421765
2022-10-28 01:00:00,59.1666666666667,279.433333333333,134.690185120609,2.66645798600942
2022-10-28 02:00:00,57.8166666666667,279.616666666667,129.826695726953,3.55521414722718
2022-10-28 03:00:00,57.55,279.516666666667,121.879998486061,3.6069564032138
2022-10-28 04:00:00,55.6666666666667,279.983333333333,100.759003220074,2.70302138728702
2022-10-28 05:00:00,55.3333333333333,280.05,83.8413712927426,3.18328254407829
2022-10-28 06:00:00,56.1166666666667,280.166666666667,52.0101304874543,3.09846734034055
2022-10-28 07:00:00,56.7666666666667,280.083333333333,74.1567171996084,2.47287762527106
2022-10-28 08:00:00,57.7833333333333,280.333333333333,60.443885944844,3.57713212744146
2022-10-28 09:00:00,56.3166666666667,280.883333333333,24.9135647635961,4.53621499110973
2022-10-28 10:00:00,55.4,281.433333333333,20.4378983487031,3.56971759510652
2022-10-28 11:00:00,54.3833333333333,281.966666666667,22.7418604736627,3.51815884448763
2022-10-28 12:00:00,54.4,281.95,23.41680621498,3.8258359359962
2022-10-28 13:00:00,53.8333333333333,282.3,26.2237996692758,3.16375901526192
2022-10-28 14:00:00,50.7666666666667,283.416666666667,60.9599774523517,1.63547708650439
2022-10-28 15:00:00,53.1333333333333,283.583333333333,57.3784194322137,2.20924170342813
2022-10-28 16:00:00,54.4333333333333,282.983333333333,33.6570306455301,3.17981128707677
2022-10-28 17:00:00,52.9,282.233333333333,23.3886126382218,3.0030156748575
2022-10-28 18:00:00,53.8833333333333,281.6,42.8381768022779,2.26737031358935
2022-10-28 19:00:00,52.6166666666667,281.633333333333,123.344170767077,1.98465959255077
2022-10-28 20:00:00,52.4,281.483333333333,110.882840193593,2.07835635758081
2022-10-28 21:00:00,52.35,281.35,93.4534195606909,1.40947288301077
2022-10-28 22:00:00,51.8666666666667,281.266666666667,117.090148562318,2.13518166708845
2022-10-28 23:00:00,52.1833333333333,281.233333333333,120.873049893117,3.14672059498886
2022-10-29 00:00:00,53.15,280.983333333333,128.922770530136,2.75398452882276
2022-10-29 01:00:00,53.2166666666667,280.866666666667,133.647127919311,3.6172434102027
2022-10-29 02:00:00,51.7166666666667,281.016666666667,115.816124464109,2.71349040509272
2022-10-29 03:00:00,49.3666666666667,281.35,69.5814294999847,2.58248921034813
2022-10-29 04:00:00,50.0166666666667,281.216666666667,57.128983066977,3.29325838909437
2022-10-29 05:00:00,50.3666666666667,281.133333333333,56.1534087990517,2.24855083388115
2022-10-29 06:00:00,50.4,281.083333333333,50.1158341774628,3.02485088351962
2022-10-29 07:00:00,50.8333333333333,281.033333333333,33.7226838159202,3.18031086698744
2022-10-29 08:00:00,50.9166666666667,281.083333333333,61.6280579912586,2.36470735483029
2022-10-29 09:00:00,51.2166666666667,281.25,98.1942716902662,1.35056915851719
2022-10-29 10:00:00,49.5,282.133333333333,109.812138316373,1.60612970083806
2022-10-29 11:00:00,49.6666666666667,282.8,135.875021106577,1.43491965562462
2022-10-29 12:00:00,51.0,283.333333333333,136.251258847695,2.45218669632632
2022-10-29 13:00:00,49.0333333333333,283.433333333333,130.647121656959,2.70382322642863
2022-10-29 14:00:00,46.8333333333333,284.216666666667,118.210744443778,1.3135755513945
2022-10-29 15:00:00,43.2166666666667,285.0,85.1262328079746,1.11258134907001
2022-10-29 16:00:00,43.8333333333333,284.483333333333,90.2704287414629,1.07424926435941
2022-10-29 17:00:00,43.0333333333333,284.033333333333,136.819727896528,0.921390488896586
2022-10-29 18:00:00,43.5333333333333,282.716666666667,135.149506375697,2.57301030715637
2022-10-29 19:00:00,42.2666666666667,282.333333333333,139.866616333504,3.46773705606574
2022-10-29 20:00:00,45.2666666666667,282.0,147.246692208479,3.44536385743042
2022-10-29 21:00:00,47.95,281.55,146.081267807484,4.65956245561426
2022-10-29 22:00:00,48.2166666666667,281.4,140.048022810514,5.36691300982146
2022-10-29 23:00:00,49.4666666666667,281.25,137.106825163619,4.9018493056154
2022-10-30 00:00:00,51.9166666666667,281.1,137.888841543398,5.39267098340314
2022-10-30 01:00:00,53.25,280.833333333333,138.451310562849,5.02352978624722
2022-10-30 02:00:00,55.0,280.583333333333,134.238965368409,5.09017455323012
2022-10-30 03:00:00,54.4833333333333,280.633333333333,140.088815196398,4.82662171918491
2022-10-30 04:00:00,54.05,280.516666666667,125.706982843069,3.41609795360923
2022-10-30 05:00:00,54.15,280.316666666667,134.329982185804,3.60024850786475
2022-10-30 06:00:00,52.9666666666667,280.316666666667,135.887222845533,5.48925534565847
2022-10-30 07:00:00,53.8666666666667,280.133333333333,138.965926860333,4.94738058548748
2022-10-30 08:00:00,53.45,280.133333333333,139.516055833532,5.37251591466975
2022-10-30 09:00:00,51.55,280.566666666667,129.515660809755,6.09421050574915
2022-10-30 10:00:00,49.6333333333333,281.083333333333,134.758338089936,6.62712906191481
2022-10-30 11:00:00,45.6833333333333,281.783333333333,132.179146939672,5.09725682062988
2022-10-30 12:00:00,41.9333333333333,282.55,124.351136540806,5.06581854208847
2022-10-30 13:00:00,39.75,283.166666666667,124.529954748404,4.08133130293709
2022-10-30 14:00:00,38.0333333333333,283.566666666667,115.183637361908,3.59399016880694
2022-10-30 15:00:00,38.3,283.7,94.4493680039826,3.94133563655317
2022-10-30 16:00:00,37.6333333333333,283.766666666667,113.363755149393,3.12318232832251
2022-10-30 17:00:00,39.3,283.133333333333,118.454935491427,2.38521573329752
2022-10-30 18:00:00,41.7333333333333,281.933333333333,112.608833944484,2.07354169383819
2022-10-30 19:00:00,42.8,281.5,122.271433393094,3.41337452881143
2022-10-30 20:00:00,44.75,281.083333333333,122.660103750008,3.43677054907572
2022-10-30 21:00:00,48.4833333333333,280.45,128.771872849222,2.26984679848068
2022-10-30 22:00:00,49.5333333333333,280.166666666667,132.325747423292,3.01826272261354
2022-10-30 23:00:00,48.15,280.033333333333,126.650780442436,3.67576971481011
2022-10-31 00:00:00,45.4333333333333,279.95,136.73013383647,4.64842435614532
2022-10-31 01:00:00,44.9833333333333,279.716666666667,133.303035250626,5.11422461319164
2022-10-31 02:00:00,45.6666666666667,279.55,134.952396029768,4.44449927710926
2022-10-31 03:00:00,43.7,279.533333333333,136.749966197414,6.42840985504062
2022-10-31 04:00:00,43.3833333333333,279.4,126.763214053135,5.9249705884796
2022-10-31 05:00:00,43.1333333333333,279.283333333333,128.266639853919,6.41257117205198
2022-10-31 06:00:00,43.9333333333333,279.066666666667,128.093841428963,4.73394808400931
2022-10-31 07:00:00,45.5166666666667,278.8,129.796365002287,4.37783515543768
2022-10-31 08:00:00,46.5333333333333,278.683333333333,131.515965564459,4.51404429812073
2022-10-31 09:00:00,46.15,279.0,125.095431101463,6.2064188251979
2022-10-31 10:00:00,45.9333333333333,279.5,117.663239455155,6.03333805017364
2022-10-31 11:00:00,42.9333333333333,280.116666666667,120.5657726834,6.58167272868141
2022-10-31 12:00:00,41.4666666666667,280.316666666667,127.523997296589,7.32776103674482
2022-10-31 13:00:00,39.3333333333333,281.0,123.305979973917,5.6190924379861
2022-10-31 14:00:00,35.7166666666667,281.533333333333,126.522992773377,6.52079909005165
2022-10-31 15:00:00,35.7333333333333,280.7,97.559047609199,5.22237058337276
2022-10-31 16:00:00,37.0666666666667,280.116666666667,106.037894622931,4.30250888288597
2022-10-31 17:00:00,38.7166666666667,280.183333333333,128.659890651335,6.14820440468285
2022-10-31 18:00:00,37.7666666666667,279.666666666667,121.575618846337,5.87648085700883
2022-10-31 19:00:00,36.7,279.416666666667,104.688677396541,6.55387334846457
2022-10-31 20:00:00,39.5,278.85,126.438695396163,5.92310719116253
2022-10-31 21:00:00,37.0,278.6,111.009292639401,4.70060623613702
2022-10-31 22:00:00,37.2,278.183333333333,118.537346709937,4.90674558482698
2022-10-31 23:00:00,37.0333333333333,277.833333333333,119.90582004872,3.27707088180898
2022-11-01 00:00:00,36.4166666666667,277.716666666667,127.48146523675,5.24488447548478
2022-11-01 01:00:00,37.75,277.35,135.244132772626,5.61411534693458
2022-11-01 02:00:00,37.8833333333333,277.1,132.761187388201,4.56634461382379
2022-11-01 03:00:00,36.7833333333333,277.116666666667,136.544290202322,5.26801052259516
2022-11-01 04:00:00,37.8,276.983333333333,128.052142890737,5.58289416084608
2022-11-01 05:00:00,39.7666666666667,277.15,136.736915880745,5.23907909299074
2022-11-01 06:00:00,41.45,277.1,133.988132146963,4.38908391932857
2022-11-01 07:00:00,42.0333333333333,277.216666666667,130.467002055007,4.76331000407891
2022-11-01 08:00:00,42.0833333333333,277.383333333333,132.285827442499,5.18485816313635
2022-11-01 09:00:00,42.9333333333333,277.383333333333,120.366837018397,3.58621495334584
2022-11-01 10:00:00,44.25,277.066666666667,136.602253811155,3.65248307083252
2022-11-01 11:00:00,49.1,276.65,132.361734409142,4.94739296285303
2022-11-01 12:00:00,50.3833333333333,276.866666666667,138.130636476112,5.81990579889102
2022-11-01 13:00:00,56.2666666666667,276.716666666667,115.998306772486,4.43661976041181
2022-11-01 14:00:00,65.1333333333333,276.45,128.046040579376,2.5439130412636
2022-11-01 15:00:00,72.3166666666667,276.183333333333,121.950877934309,1.57102679467909
2022-11-01 16:00:00,82.0666666666667,275.8,127.12304173845,2.49809175652485
2022-11-01 17:00:00,89.8,275.433333333333,134.970559428186,2.01531475136569
2022-11-01 18:00:00,91.5833333333333,275.15,127.631140343866,2.39666740457002
2022-11-01 19:00:00,91.95,275.116666666667,136.045580871547,2.02855535219967
2022-11-01 20:00:00,92.1833333333333,274.95,134.523847593874,1.86293826742725
2022-11-01 21:00:00,92.5,274.75,108.046367795903,0.872753152840207
2022-11-01 22:00:00,92.8333333333333,274.533333333333,109.081008404417,1.38752929556002
2022-11-01 23:00:00,91.9833333333333,274.366666666667,97.3239826947803,1.853243596436
2022-11-02 00:00:00,92.0833333333333,273.933333333333,127.275360821508,2.43119569728575
2022-11-02 01:00:00,72.5333333333334,274.116666666667,113.698832153679,1.77691732523679
2022-11-02 02:00:00,56.25,274.283333333333,71.4248764426858,2.01791030035402
2022-11-02 03:00:00,55.0166666666667,274.083333333333,26.6879169329307,2.49107950775599
2022-11-02 04:00:00,50.8333333333333,274.0,45.3564702866953,1.14283287027478
2022-11-02 05:00:00,65.0333333333333,273.4,24.7191325321882,1.15276230051505
2022-11-02 06:00:00,72.4666666666667,272.966666666667,7.9655235247107,1.33129891133857
2022-11-02 07:00:00,94.2166666666667,271.7,354.120770715947,1.7730419356975
2022-11-02 08:00:00,95.1333333333333,271.516666666667,329.34130990292,0.949624468128225
2022-11-02 09:00:00,95.5,272.083333333333,155.0,0.168333333333333
2022-11-02 10:00:00,95.6333333333333,272.85,312.0,0.11
2022-11-02 11:00:00,95.5333333333333,272.333333333333,319.503849852737,1.3123460092908
2022-11-02 12:00:00,95.5166666666667,272.85,40.6726684989803,1.48747080988016
2022-11-02 13:00:00,89.0333333333333,273.516666666667,41.1320039208563,1.14577475252196
2022-11-02 14:00:00,91.0,274.1,6.0,0.176666666666667
2022-11-02 15:00:00,93.4,273.516666666667,143.754026787679,0.668592870380007
2022-11-02 16:00:00,94.15,273.183333333333,140.210426098058,0.826256393411907
2022-11-02 17:00:00,94.0,273.133333333333,138.95984267958,1.98604800587961
2022-11-02 18:00:00,94.85,272.3,141.043948158649,3.07824124324368
2022-11-02 19:00:00,97.55,272.0,143.658488051283,3.36262342513012
2022-11-02 20:00:00,96.2833333333333,271.75,135.04204458511,3.86305623944886
2022-11-02 21:00:00,96.1833333333333,271.6,132.449253478556,4.86593287061877
2022-11-02 22:00:00,96.4166666666667,271.833333333333,136.51662192564,6.94454755542453
2022-11-02 23:00:00,95.7666666666667,272.166666666667,135.085525795467,7.7297593856098
2022-11-03 00:00:00,93.65,272.233333333333,134.181106885623,7.03152515065718
2022-11-03 01:00:00,92.9833333333333,272.383333333333,129.059992493062,5.80377926119754
2022-11-03 02:00:00,92.2666666666667,272.583333333333,135.491721496424,7.0684614409924
2022-11-03 03:00:00,91.9166666666667,272.883333333333,134.114069026089,7.54782220287991
2022-11-03 04:00:00,91.2333333333333,272.783333333333,134.572810861726,5.05153106514382
2022-11-03 05:00:00,91.2,272.483333333333,143.329876404469,6.69446347531411
2022-11-03 06:00:00,87.5666666666667,272.566666666667,134.753721605848,7.33788317784279
2022-11-03 07:00:00,87.4,272.383333333333,135.373689805648,6.22766052890935
2022-11-03 08:00:00,81.7666666666667,272.533333333333,139.769652405003,7.46040250030951
2022-11-03 09:00:00,77.7333333333333,272.666666666667,134.73589692574,7.40199332157162
2022-11-03 10:00:00,77.2666666666667,273.366666666667,133.433727284326,7.62570464724184
2022-11-03 11:00:00,74.75,274.183333333333,135.306364240562,6.73233689912035
2022-11-03 12:00:00,70.2666666666667,274.683333333333,137.897341967152,6.66580769987739
2022-11-03 13:00:00,70.7166666666667,275.15,132.297703327855,6.0323536212976
2022-11-03 14:00:00,72.4833333333333,275.15,122.159581332223,3.49654694241664
2022-11-03 15:00:00,72.8166666666667,274.633333333333,117.20852566124,4.12491309469488
2022-11-03 16:00:00,74.2666666666667,274.1,138.300655726446,5.63710591732215
2022-11-03 17:00:00,73.8,273.633333333333,127.681263089367,7.24081274561834
2022-11-03 18:00:00,71.4666666666667,273.55,133.439242908728,7.40109741962256
2022-11-03 19:00:00,67.8833333333333,273.35,121.676008364329,7.70336257923727
2022-11-03 20:00:00,71.5,273.266666666667,126.562209239263,8.11111232554656
2022-11-03 21:00:00,74.85,273.333333333333,119.273190165041,7.25583034575933
2022-11-03 22:00:00,77.0333333333333,273.533333333333,123.397307741677,8.10699638018735
2022-11-03 23:00:00,87.95,273.15,113.491958880497,5.95882417561234
2022-11-04 00:00:00,90.6166666666667,273.1,124.60246059203,7.30296599790823
2022-11-04 01:00:00,93.4833333333333,272.316666666667,111.613922664042,3.51272114538172
2022-11-04 02:00:00,95.4,271.616666666667,108.47950801107,1.9868714650981
2022-11-04 03:00:00,94.6833333333333,269.466666666667,10.6516809640491,7.45851045721911
2022-11-04 04:00:00,93.7833333333334,267.933333333333,28.3497947161459,9.121227045466
2022-11-04 05:00:00,93.4166666666667,267.05,11.2307710764314,6.41026547495209
2022-11-04 06:00:00,93.3166666666667,266.9,17.6430489640109,5.30321558230043
2022-11-04 07:00:00,93.3833333333333,267.233333333333,12.5069646752437,1.80897386296124
2022-11-04 08:00:00,93.2166666666667,266.8,358.90367690975,4.34700010321068
2022-11-04 09:00:00,93.1166666666667,266.5,9.98433988036373,4.19938341286024
2022-11-04 10:00:00,93.0166666666667,266.25,356.296928108923,3.43085565746819
2022-11-04 11:00:00,92.9166666666666,266.133333333333,357.146264314851,3.47346004964339
2022-11-04 12:00:00,92.7666666666667,265.966666666667,355.110899992179,3.90339871330342
2022-11-04 13:00:00,92.75,265.95,350.742226795841,3.11102848829443
2022-11-04 14:00:00,92.7666666666667,266.083333333333,14.3893188174584,2.96045615402138
2022-11-04 15:00:00,92.8833333333333,266.766666666667,3.73651046666436,2.50360405389813
2022-11-04 16:00:00,92.8666666666667,266.9,7.41917611615219,2.27765101450184
2022-11-04 17:00:00,92.6833333333333,266.483333333333,2.14428963099704,1.73733516292322
2022-11-04 18:00:00,92.5,264.883333333333,322.560152988723,0.540320944129868
2022-11-04 19:00:00,92.5833333333333,265.066666666667,0.152205786304307,1.06959085423304
2022-11-04 20:00:00,92.7166666666667,265.366666666667,3.50205818405334,3.63525023550733
2022-11-04 21:00:00,92.8666666666667,265.85,358.305327127185,2.9360986564684
2022-11-04 22:00:00,92.8666666666667,265.816666666667,351.814122127248,3.24253896926755
2022-11-04 23:00:00,92.8833333333333,265.883333333333,357.49047047839,2.54880895181049
2022-11-05 00:00:00,92.9166666666667,266.033333333333,347.193894694838,2.13951271502092
2022-11-05 01:00:00,92.9333333333333,266.183333333333,349.387954267658,1.3007074811927
2022-11-05 02:00:00,93.05,266.466666666667,355.434967797084,2.06067709277141
2022-11-05 03:00:00,93.0,266.383333333333,346.935009363598,2.39986040397721
2022-11-05 04:00:00,93.0166666666667,266.466666666667,344.505813121643,1.64875841003086
2022-11-05 05:00:00,93.1,266.7,349.574496275461,2.34787801432267
2022-11-05 06:00:00,93.1,266.65,351.414061109754,2.3690179884545
2022-11-05 07:00:00,93.1,266.733333333333,344.259873087488,1.76450210525787
2022-11-05 08:00:00,93.1333333333333,266.75,350.261104773594,2.05176674059013
2022-11-05 09:00:00,93.1333333333333,266.866666666667,351.967469713072,2.1514196575975
2022-11-05 10:00:00,93.3666666666667,267.566666666667,352.720882458436,1.57911177249504
2022-11-05 11:00:00,93.5,268.066666666667,355.886848835261,1.61541559496364
2022-11-05 12:00:00,93.5833333333333,268.25,0.986420243163991,0.586918611947079
2022-11-05 13:00:00,93.75,268.933333333333,,0.0
2022-11-05 14:00:00,93.6333333333333,268.5,2.78874679492355,0.530751207504166
2022-11-05 15:00:00,93.5166666666667,268.133333333333,350.558972482289,0.431038419143175
2022-11-05 16:00:00,93.4,267.816666666667,0.66581081435038,0.0611704411217397
2022-11-05 17:00:00,93.2,267.116666666667,,0.0
2022-11-05 18:00:00,93.0833333333333,266.65,,0.0
2022-11-05 19:00:00,93.0666666666667,266.65,,0.0
2022-11-05 20:00:00,93.1,266.716666666667,,0.0
2022-11-05 21:00:00,92.9166666666667,266.283333333333,,0.0
2022-11-05 22:00:00,92.75,265.55,,0.0
2022-11-05 23:00:00,92.7166666666667,265.433333333333,,0.0
2022-11-06 00:00:00,92.8,265.733333333333,,0.0
2022-11-06 01:00:00,92.8333333333333,265.833333333333,,0.0
2022-11-06 02:00:00,92.8,265.766666666667,,0.0
2022-11-06 03:00:00,92.7666666666667,265.7,,0.0
2022-11-06 04:00:00,92.6666666666667,265.6,,0.0
2022-11-06 05:00:00,92.6833333333333,265.716666666667,,0.0
2022-11-06 06:00:00,92.3666666666667,264.85,,0.0
2022-11-06 07:00:00,92.3333333333333,264.983333333333,,0.0
2022-11-06 08:00:00,92.15,265.55,,0.0
2022-11-06 09:00:00,85.55,267.483333333333,,0.0
2022-11-06 10:00:00,47.8,270.816666666667,127.573957652607,0.435026845308391
2022-11-06 11:00:00,19.4666666666667,273.066666666667,133.132549707071,3.60077558898282
2022-11-06 12:00:00,6.3,274.066666666667,128.695135112976,4.6902467289671
2022-11-06 13:00:00,5.58333333333333,274.883333333333,121.092606089076,4.16438699032697
2022-11-06 14:00:00,10.0333333333333,275.766666666667,110.645068607925,2.36680066385474
2022-11-06 15:00:00,15.4,276.483333333333,110.75668603306,3.89125984695436
2022-11-06 16:00:00,26.6833333333333,276.05,111.380514067457,2.98458258408318
2022-11-06 17:00:00,46.5666666666667,275.05,41.5755015937224,4.84041801551495
2022-11-06 18:00:00,45.9666666666667,274.483333333333,22.6735718313414,5.00275017299675
2022-11-06 19:00:00,46.3,274.55,43.0123889150705,6.36330248629108
2022-11-06 20:00:00,52.3166666666667,273.95,27.6796996898015,5.54784938211537
2022-11-06 21:00:00,58.8833333333333,273.666666666667,28.6630779755367,5.78057519606582
2022-11-06 22:00:00,57.9833333333333,273.366666666667,31.387057644928,5.52013381982345
2022-11-06 23:00:00,57.6333333333333,272.133333333333,32.7041821055352,5.13062743993756
2022-11-07 00:00:00,55.55,270.95,27.3756916014584,7.13995298717474
2022-11-07 01:00:00,57.5,271.85,42.9896818317186,7.03430846327983
2022-11-07 02:00:00,63.45,271.533333333333,46.8120790031441,5.18906391460156
2022-11-07 03:00:00,81.4166666666667,271.2,60.0825716982968,6.5768994659359
2022-11-07 04:00:00,90.8333333333333,271.016666666667,33.5019267601524,7.73164841194058
2022-11-07 05:00:00,89.05,271.083333333333,71.2004427509165,5.32347726946088
2022-11-07 06:00:00,86.0666666666667,271.0,90.5616195877178,2.53427596753225
2022-11-07 07:00:00,69.65,271.483333333333,121.813277399118,3.52721012328568
2022-11-07 08:00:00,58.5166666666667,271.816666666667,88.8380616605615,4.68951732817817
2022-11-07 09:00:00,48.25,272.4,106.413512724451,3.78475233171407
2022-11-07 10:00:00,35.9666666666667,273.35,131.025410687812,4.27551465789652
2022-11-07 11:00:00,30.65,274.316666666667,132.696117996538,4.1180810051188
2022-11-07 12:00:00,31.3,274.616666666667,128.038639485313,5.88667905241744
2022-11-07 13:00:00,27.1333333333333,275.4,124.674781556663,5.03027554049786
2022-11-07 14:00:00,30.4666666666667,275.65,125.505900625034,3.46725587881253
2022-11-07 15:00:00,32.2333333333333,276.15,129.764689311846,4.05637497940559
2022-11-07 16:00:00,34.7833333333333,275.55,129.251161613948,4.15358855456471
2022-11-07 17:00:00,34.45,275.35,130.921073198425,3.88372214524564
2022-11-07 18:00:00,35.05,274.633333333333,129.415752126665,3.62649421800069
2022-11-07 19:00:00,34.6333333333333,274.566666666667,132.847135175026,4.458802690669
2022-11-07 20:00:00,32.1,274.666666666667,130.126324665317,4.59856817039414
2022-11-07 21:00:00,33.2833333333333,274.516666666667,133.044203009635,4.76642426781437
2022-11-07 22:00:00,27.7166666666667,274.85,128.523396750794,5.01458995491707
2022-11-07 23:00:00,20.6666666666667,275.316666666667,120.910577893503,4.63198290794758
2022-11-08 00:00:00,17.2833333333333,275.616666666667,82.8127912989514,3.75204515438272
2022-11-08 01:00:00,25.2166666666667,274.75,131.25645697691,4.38522089730981
2022-11-08 02:00:00,26.7,274.616666666667,121.707893415353,4.52362523965936
2022-11-08 03:00:00,21.9,275.05,139.631321397349,4.53751071533183
2022-11-08 04:00:00,20.15,275.15,124.022153241341,4.78637269883377
2022-11-08 05:00:00,15.6333333333333,275.983333333333,134.345919027087,4.04639157513582
2022-11-08 06:00:00,16.7666666666667,276.0,128.270456185221,4.29298990116023
2022-11-08 07:00:00,11.6833333333333,276.35,79.4831564066807,2.71148842347027
2022-11-08 08:00:00,8.15,276.833333333333,71.188786904689,4.25038023121437
2022-11-08 09:00:00,10.6833333333333,276.95,81.120351700064,1.83977714632598
2022-11-08 10:00:00,10.8833333333333,277.116666666667,139.671943950069,4.10838584409167
2022-11-08 11:00:00,9.63333333333333,277.9,137.524464072762,4.16072902920145
2022-11-08 12:00:00,12.5333333333333,277.716666666667,133.878004967305,3.86706497868839
2022-11-08 13:00:00,16.0833333333333,278.033333333333,136.831937409497,5.56006802339732
2022-11-08 14:00:00,15.2333333333333,278.15,128.944869098038,3.85364858404468
2022-11-08 15:00:00,19.4666666666667,278.3,122.326009999037,2.80580024142536
2022-11-08 16:00:00,31.7166666666667,277.516666666667,139.748948946347,3.09634601005345
2022-11-08 17:00:00,31.1166666666667,276.283333333333,130.127230050289,2.33164280891481
2022-11-08 18:00:00,32.05,275.216666666667,135.150379423457,3.44872671256823
2022-11-08 19:00:00,31.9,274.966666666667,132.982148973012,4.48774707510825
2022-11-08 20:00:00,33.2166666666667,274.783333333333,135.332572729637,7.02571482648918
2022-11-08 21:00:00,30.85,275.016666666667,133.842914451917,6.12854152444816
2022-11-08 22:00:00,30.0833333333333,275.1,132.213329379051,5.5137047391339
2022-11-08 23:00:00,29.3166666666667,275.216666666667,134.377929804658,6.59304598523193
2022-11-09 00:00:00,29.8333333333333,275.25,133.59184109296,6.31440216546371
2022-11-09 01:00:00,31.6833333333333,275.3,130.588491232829,5.38039336285477
2022-11-09 02:00:00,36.0166666666667,275.066666666667,134.216267310474,6.61320067688852
2022-11-09 03:00:00,37.4166666666667,275.216666666667,135.609222565288,4.74120284892704
2022-11-09 04:00:00,34.65,275.283333333333,127.683682458058,2.62551161947138
2022-11-09 05:00:00,36.1666666666667,275.066666666667,129.857436915222,2.41428085943865
2022-11-09 06:00:00,43.9666666666667,274.383333333333,133.850917226072,3.93244326354241
2022-11-09 07:00:00,54.7666666666667,273.583333333333,134.273384916645,4.72085936933341
2022-11-09 08:00:00,55.3166666666667,274.033333333333,96.0127695447394,2.31398827909623
2022-11-09 09:00:00,43.55,274.266666666667,36.6251687970394,0.799715936556817
2022-11-09 10:00:00,57.0333333333333,274.083333333333,138.371292439097,3.14514206935267
2022-11-09 11:00:00,68.2833333333333,274.866666666667,140.710437926531,3.38757823379966
2022-11-09 12:00:00,73.3666666666667,274.716666666667,121.224666138771,3.8564315393339
2022-11-09 13:00:00,73.2166666666667,275.233333333333,127.443226420555,5.2614257347787
2022-11-09 14:00:00,72.6166666666667,275.6,124.578827336637,4.54705881771529
2022-11-09 15:00:00,75.7833333333334,275.316666666667,127.047676000909,3.44333096637317
2022-11-09 16:00:00,82.3166666666667,274.483333333333,121.470546378633,3.97839517646714
2022-11-09 17:00:00,83.1,274.316666666667,135.819239962454,4.432196539265
2022-11-09 18:00:00,83.5666666666667,274.116666666667,124.44559892069,3.72199506121748
2022-11-09 19:00:00,85.55,274.016666666667,133.700805688028,3.06720450665303
2022-11-09 20:00:00,91.1666666666667,273.55,129.041523674394,2.4792361978267
2022-11-09 21:00:00,92.2333333333333,273.016666666667,127.276329051167,2.4561650258639
2022-11-09 22:00:00,94.4166666666667,272.416666666667,128.475382849692,2.2057214623863
2022-11-09 23:00:00,95.2833333333333,272.016666666667,46.6217251407607,1.45491578131141
2022-11-10 00:00:00,95.4333333333333,271.766666666667,25.1279715016175,3.0086078319242
2022-11-10 01:00:00,95.4833333333333,271.583333333333,21.2453560636925,5.71562780907462
2022-11-10 02:00:00,95.4333333333333,271.416666666667,32.8495300764844,5.71472554597731
2022-11-10 03:00:00,95.35,271.166666666667,5.17932135266113,5.07800117407844
2022-11-10 04:00:00,95.1833333333333,270.966666666667,4.33833272825882,4.11584013303077
2022-11-10 05:00:00,95.1,270.866666666667,8.00143147953276,3.39307544077991
2022-11-10 06:00:00,95.0833333333333,270.95,10.2713898458242,3.41441434388739
2022-11-10 07:00:00,95.0,270.95,348.929708154509,3.21400739825441
2022-11-10 08:00:00,94.8833333333334,270.666666666667,358.505811895048,0.842066964143341
2022-11-10 09:00:00,94.7666666666667,270.75,,0.0
2022-11-10 10:00:00,94.6,270.833333333333,,0.0
2022-11-10 11:00:00,94.35,270.916666666667,,0.0
2022-11-10 12:00:00,94.25,271.516666666667,,0.0
2022-11-10 13:00:00,93.9666666666667,271.266666666667,,0.0
2022-11-10 14:00:00,93.85,271.383333333333,42.2878875059598,1.70246993834409
2022-11-10 15:00:00,93.9666666666667,272.3,119.0,0.365
2022-11-10 16:00:00,93.0833333333333,272.366666666667,136.769351428461,1.78867618601279
2022-11-10 17:00:00,90.25,271.983333333333,134.597613987784,2.89838798441403
2022-11-10 18:00:00,90.4166666666667,271.5,130.93297347041,2.22302804534598
2022-11-10 19:00:00,84.6166666666667,270.55,344.757182593149,0.109733030947958
2022-11-10 20:00:00,56.9333333333333,271.566666666667,180.04524974839,1.5752756050104
2022-11-10 21:00:00,30.6333333333333,273.883333333333,167.704269728364,3.27502976154338
2022-11-10 22:00:00,22.4666666666667,274.783333333333,153.216091898531,3.10684572854452
2022-11-10 23:00:00,23.3333333333333,275.183333333333,146.157209201412,4.15038484105685
2022-11-11 00:00:00,37.25,276.166666666667,143.937098712758,4.45519175317151
2022-11-11 01:00:00,38.7166666666667,276.8,140.289444802773,3.52517441464047
2022-11-11 02:00:00,35.85,277.183333333333,144.475676031801,3.02166146184334
2022-11-11 03:00:00,34.2666666666667,277.433333333333,148.63679376317,3.53842064225593
2022-11-11 04:00:00,30.4,278.083333333333,137.585248942817,1.3920804329332
2022-11-11 05:00:00,27.95,278.583333333333,324.439382123119,2.81066706903458
2022-11-11 06:00:00,29.0333333333333,278.533333333333,309.315466558147,3.03598510059946
2022-11-11 07:00:00,30.8333333333333,278.4,280.760106650686,2.23026297009868
2022-11-11 08:00:00,29.8833333333333,278.4,316.004780450636,0.44543886789433
2022-11-11 09:00:00,29.0333333333333,278.883333333333,309.546109719894,2.78054240892452
2022-11-11 10:00:00,30.7666666666667,279.033333333333,257.217602038657,1.24224257615868
2022-11-11 11:00:00,27.65,279.216666666667,168.792544841618,1.55545906491264
2022-11-11 12:00:00,30.65,279.433333333333,148.091957909651,3.34948012084831
2022-11-11 13:00:00,33.1,279.766666666667,142.863750461899,3.11246701045373
2022-11-11 14:00:00,36.7333333333333,280.116666666667,145.344179146294,1.91461163779595
2022-11-11 15:00:00,37.0833333333333,280.55,146.53705651155,1.11869974545492
2022-11-11 16:00:00,35.5166666666667,279.916666666667,147.888073052231,1.08809818059949
2022-11-11 17:00:00,34.25,278.866666666667,169.759811895083,2.6998556571118
2022-11-11 18:00:00,25.4666666666667,278.933333333333,151.190537273282,3.38840936904686
2022-11-11 19:00:00,34.1333333333333,278.116666666667,162.89509711712,3.89117863274199
2022-11-11 20:00:00,24.3833333333333,278.683333333333,153.513754963033,4.19793987112266
2022-11-11 21:00:00,25.5333333333333,278.45,159.834837353543,5.0748082313767
2022-11-11 22:00:00,16.3333333333333,279.333333333333,165.277470545292,5.7764549108699
2022-11-11 23:00:00,15.5,279.4,159.696764346819,5.65750992012419
2022-11-12 00:00:00,22.7333333333333,278.716666666667,144.897726799584,5.21420616578066
2022-11-12 01:00:00,23.3666666666667,278.766666666667,138.492763688755,4.90469676781519
2022-11-12 02:00:00,19.7333333333333,278.916666666667,133.427648769747,4.08981068884388
2022-11-12 03:00:00,13.6333333333333,279.55,136.777879194574,4.22382410695433
2022-11-12 04:00:00,8.98333333333333,280.216666666667,145.49228899555,4.21394518719859
2022-11-12 05:00:00,9.25,280.3,148.246967124142,3.37083777573189
2022-11-12 06:00:00,7.51666666666667,281.116666666667,154.288643028484,0.969810974222037
2022-11-12 07:00:00,9.15,280.55,198.644604950798,0.379912121778272
2022-11-12 08:00:00,9.55,280.15,179.858137424081,2.10744223177334
2022-11-12 09:00:00,9.2,280.266666666667,169.413922765739,1.7404925183874
2022-11-12 10:00:00,7.83333333333333,280.583333333333,157.982286455541,1.38961767177554
2022-11-12 11:00:00,6.91666666666667,280.866666666667,154.336795189642,2.33215914348788
2022-11-12 12:00:00,6.31666666666667,281.05,151.15973343945,3.00227924663813
2022-11-12 13:00:00,13.7,280.833333333333,149.952757143192,1.75814137987644
2022-11-12 14:00:00,13.95,280.35,165.043892478776,1.93021354362812
2022-11-12 15:00:00,9.15,280.1,144.153221313606,2.52854984705146
2022-11-12 16:00:00,9.31666666666667,279.733333333333,152.172853324598,2.13027325336558
2022-11-12 17:00:00,10.3,279.266666666667,157.451976511031,2.35854911446187
2022-11-12 18:00:00,12.95,278.666666666667,160.534143511258,2.69613596363341
2022-11-12 19:00:00,12.4,278.566666666667,134.032363396835,2.04095310105306
2022-11-12 20:00:00,14.5833333333333,278.233333333333,152.843481876309,2.60515802825688
2022-11-12 21:00:00,17.75,277.883333333333,155.466755742776,3.73949344936464
2022-11-12 22:00:00,22.35,277.15,162.201683360934,4.51669450365737
2022-11-12 23:00:00,24.5166666666667,276.85,149.239748015119,3.89366153400374
2022-11-13 00:00:00,20.65,277.266666666667,136.740150398975,3.54717249109712
2022-11-13 01:00:00,18.7166666666667,277.316666666667,156.455156070663,3.95931306629655
2022-11-13 02:00:00,13.0,278.283333333333,172.23098412331,4.80260054918481
2022-11-13 03:00:00,8.31666666666667,279.416666666667,163.790822470193,2.57318587483128
2022-11-13 04:00:00,12.4,278.35,184.822568400837,3.25979782260975
2022-11-13 05:00:00,14.5666666666667,277.85,159.003549299886,2.6845593722974
2022-11-13 06:00:00,22.6333333333333,277.283333333333,149.067994962822,2.56177499164355
2022-11-13 07:00:00,19.6,277.016666666667,157.211036436271,4.06735338434166
2022-11-13 08:00:00,22.7666666666667,276.933333333333,160.539153101927,5.90658981899094
2022-11-13 09:00:00,23.35,276.15,138.803168332205,5.51761138482925
2022-11-13 10:00:00,26.75,276.65,139.875142780944,5.45902381332748
2022-11-13 11:00:00,30.55,276.966666666667,138.312338324637,7.6290295774017
2022-11-13 12:00:00,37.0333333333333,276.3,139.267105243683,6.2965356600385
2022-11-13 13:00:00,39.8833333333333,276.2,134.972414851233,6.32721574365946
2022-11-13 14:00:00,32.05,276.716666666667,132.62465570474,5.96626763101988
2022-11-13 15:00:00,34.5833333333333,277.1,136.227249392571,5.47217786364388
2022-11-13 16:00:00,40.9833333333333,275.983333333333,136.430408547159,5.81853203317551
2022-11-13 17:00:00,36.9833333333333,275.266666666667,133.967916602814,4.4379585237401
2022-11-13 18:00:00,41.1,273.983333333333,134.039705505166,5.89134376268884
2022-11-13 19:00:00,42.5833333333333,273.566666666667,136.815908207467,3.46165041049088
2022-11-13 20:00:00,43.2666666666667,273.366666666667,128.656527830706,3.57712990368353
2022-11-13 21:00:00,48.6666666666667,272.683333333333,130.521689751031,3.33828644429172
2022-11-13 22:00:00,50.05,272.316666666667,137.100785973835,6.05838157669616
2022-11-13 23:00:00,50.4833333333334,272.133333333333,131.33185892874,5.30871610776841
2022-11-14 00:00:00,50.6666666666667,272.2,137.998204069013,4.29205549005252
2022-11-14 01:00:00,54.8,271.816666666667,137.388149683989,4.20019938817061
2022-11-14 02:00:00,63.7,270.866666666667,139.794893429308,4.77028319036876
2022-11-14 03:00:00,72.4333333333333,270.4,138.320120684268,5.22560143525623
2022-11-14 04:00:00,91.1333333333334,269.566666666667,134.632183906245,5.85976373091749
2022-11-14 05:00:00,92.7,269.2,133.585793949671,3.41000980341251
2022-11-14 06:00:00,92.8,269.066666666667,124.575418708563,3.17797487218805
2022-11-14 07:00:00,92.1666666666667,269.05,128.969703041081,5.07233080843618
2022-11-14 08:00:00,88.6,269.2,125.602041251953,7.1580313982123
2022-11-14 09:00:00,81.6166666666667,269.466666666667,111.74594536074,5.34450732760425
2022-11-14 10:00:00,74.4166666666667,270.366666666667,110.765120949157,5.56393359176714
2022-11-14 11:00:00,68.1,271.1,129.563515097347,6.49832720535661
2022-11-14 12:00:00,66.5166666666667,271.016666666667,125.311998334445,6.40499778019556
2022-11-14 13:00:00,65.2,271.566666666667,109.281233235319,5.46863455085898
2022-11-14 14:00:00,66.6,271.75,132.242947069048,4.26350948069981
2022-11-14 15:00:00,64.8833333333333,272.416666666667,119.015029029043,2.90824780650672
2022-11-14 16:00:00,70.7,271.65,131.023469236322,2.52342028169956
2022-11-14 17:00:00,75.2833333333333,271.083333333333,136.623455843617,2.35616912032099
2022-11-14 18:00:00,78.1333333333333,270.416666666667,138.779409907732,2.65469868977518
2022-11-14 19:00:00,77.5833333333334,270.3,138.668987646956,2.89946653470346
2022-11-14 20:00:00,75.8,270.1,136.060493831634,4.03911644186133
2022-11-14 21:00:00,74.5,270.1,122.673263887448,4.04254939462053
2022-11-14 22:00:00,73.35,270.0,133.087464013168,5.90729742403144
2022-11-14 23:00:00,69.55,270.483333333333,129.490661687663,4.8691944396387
2022-11-15 00:00:00,69.0833333333333,270.783333333333,127.142958534075,3.68122748691347
2022-11-15 01:00:00,68.75,271.033333333333,136.106061778907,3.54364247063879
2022-11-15 02:00:00,69.8333333333333,271.2,136.287954045615,4.0692360717018
2022-11-15 03:00:00,68.7333333333333,271.15,135.421349465179,4.54927664461127
2022-11-15 04:00:00,65.9833333333333,271.3,135.951328318924,5.38241706055097
2022-11-15 05:00:00,65.55,271.3,135.36350118911,5.7962436754966
2022-11-15 06:00:00,62.5166666666667,271.566666666667,137.972375642939,5.15773578663408
2022-11-15 07:00:00,59.9333333333333,271.683333333333,133.729591904982,5.47698831290657
2022-11-15 08:00:00,58.7166666666667,271.616666666667,136.263006485044,5.81748108723028
2022-11-15 09:00:00,56.5,271.716666666667,134.476664405189,6.45594832763102
2022-11-15 10:00:00,53.5833333333333,272.6,132.158680230425,6.37111733596479
2022-11-15 11:00:00,50.9666666666667,273.5,136.881766291481,5.58706141778198
2022-11-15 12:00:00,52.3,274.016666666667,119.383941779141,4.80196647392141
2022-11-15 13:00:00,53.6,274.466666666667,124.028666403274,3.55054424389472
2022-11-15 14:00:00,54.9333333333333,274.75,128.576635162456,3.95198087169977
2022-11-15 15:00:00,59.9166666666667,274.216666666667,134.321842180182,3.09044178585886
2022-11-15 16:00:00,64.1333333333333,273.6,135.163879938213,2.30517805891187
2022-11-15 17:00:00,66.9666666666667,273.25,134.697673299568,2.41053764124391
2022-11-15 18:00:00,72.7166666666667,272.883333333333,130.195173793321,2.88506798563494
2022-11-15 19:00:00,78.6166666666667,272.4,137.445597747321,3.73275142173571
2022-11-15 20:00:00,85.4333333333334,272.066666666667,136.104907238776,5.25033561789806
2022-11-15 21:00:00,86.0166666666667,272.083333333333,132.65686223924,4.90779771725495
2022-11-15 22:00:00,84.0166666666667,272.166666666667,128.760959845846,6.72310580637222
2022-11-15 23:00:00,82.8333333333333,272.266666666667,132.180385978801,5.99918445270322
2022-11-16 00:00:00,85.6166666666667,272.133333333333,138.835783003278,6.12865087985471
2022-11-16 01:00:00,87.5,272.233333333333,121.85529060485,6.23739345400924
2022-11-16 02:00:00,85.8833333333334,272.416666666667,128.169741748186,5.19671678286265
2022-11-16 03:00:00,87.9,272.633333333333,129.3129853067,4.6255034967238
2022-11-16 04:00:00,92.9166666666667,271.833333333333,126.823213973249,4.16292074430391
2022-11-16 05:00:00,94.8,271.65,137.849210030832,4.07933740037669
2022-11-16 06:00:00,95.2833333333333,271.683333333333,142.108243500595,3.3558229220257
2022-11-16 07:00:00,95.2,271.15,13.6502164393414,2.79848393574864
2022-11-16 08:00:00,94.9166666666667,270.75,32.466385933385,3.47727479058117
2022-11-16 09:00:00,94.8,270.683333333333,41.6871466023932,3.31393693389344
2022-11-16 10:00:00,94.6333333333333,270.716666666667,359.633133870056,2.74144865688339
2022-11-16 11:00:00,94.35,270.566666666667,352.449007534416,3.98252941094676
2022-11-16 12:00:00,94.25,270.316666666667,355.776537749771,3.14036342052505
2022-11-16 13:00:00,94.1,270.1,9.07367160866261,3.45811407260008
2022-11-16 14:00:00,94.0333333333333,269.866666666667,0.320080498225821,3.85671117724974
2022-11-16 15:00:00,93.95,269.683333333333,14.8216450182547,2.39978403784864
2022-11-16 16:00:00,93.65,268.95,18.647767412928,3.69359386736514
2022-11-16 17:00:00,93.2666666666667,267.9,13.4736847022764,4.09171100349674
2022-11-16 18:00:00,93.2,267.583333333333,41.0511461915507,2.72950484275718
2022-11-16 19:00:00,93.2166666666667,267.566666666667,100.593907613972,2.39279996674238
2022-11-16 20:00:00,93.1166666666667,267.483333333333,121.78958502748,3.53328333103979
2022-11-16 21:00:00,92.7166666666667,267.416666666667,118.013718503804,3.47520376218093
2022-11-16 22:00:00,92.05,267.533333333333,131.189267301615,4.66253825504288
2022-11-16 23:00:00,80.5166666666667,268.2,106.19254491128,4.42563633981332
2022-11-17 00:00:00,57.5,269.183333333333,115.284376469033,4.80814126696354
2022-11-17 01:00:00,49.6833333333333,269.966666666667,129.46022110823,4.4376047046462
2022-11-17 02:00:00,48.4333333333333,270.55,113.381971224299,2.7724115714235
2022-11-17 03:00:00,51.5833333333333,270.933333333333,87.0226432785805,1.63287579824712
2022-11-17 04:00:00,59.9,270.7,105.600310994189,2.04755949598575
2022-11-17 05:00:00,56.0,271.083333333333,132.839191507064,4.44486334055793
2022-11-17 06:00:00,56.2666666666667,271.716666666667,121.746469537661,5.41190906865025
2022-11-17 07:00:00,79.5833333333333,271.183333333333,123.780274913362,4.20467162058074
2022-11-17 08:00:00,81.4,271.25,122.929855812449,4.28415332576979
2022-11-17 09:00:00,71.9,271.316666666667,133.823450795863,4.55599653030058
2022-11-17 10:00:00,61.6333333333333,272.316666666667,130.795730702404,3.68698985328491
2022-11-17 11:00:00,62.15,272.833333333333,126.057460006552,3.48462300895172
2022-11-17 12:00:00,67.1333333333334,272.85,122.999682677642,1.52956409954218
2022-11-17 13:00:00,80.0,271.75,54.0036499204775,1.84967142593776
2022-11-17 14:00:00,87.9333333333334,271.883333333333,115.488130507996,2.09415999744504
2022-11-17 15:00:00,92.3333333333333,271.233333333333,95.3312917243367,2.29619775250161
2022-11-17 16:00:00,89.6333333333333,271.0,110.205726411274,4.26933481017755
2022-11-17 17:00:00,74.1333333333333,271.333333333333,126.203790867119,4.07910624248536
2022-11-17 18:00:00,72.45,270.95,125.947716362314,3.79502858134469
2022-11-17 19:00:00,73.7666666666667,270.866666666667,135.787621452985,5.33125925149789
2022-11-17 20:00:00,73.0333333333334,270.733333333333,132.365052812554,4.41022538718977
2022-11-17 21:00:00,66.9333333333333,270.933333333333,139.821495950565,4.83980615726649
2022-11-17 22:00:00,65.7166666666667,270.833333333333,133.126831715563,3.940833993097
2022-11-17 23:00:00,68.1166666666667,270.55,139.323414620461,2.83627313571459
2022-11-18 00:00:00,88.0333333333333,269.7,110.914656507277,1.37458698898125
2022-11-18 01:00:00,91.8166666666667,269.1,134.494288586674,3.51063420865855
2022-11-18 02:00:00,91.3166666666667,269.1,134.909471079614,6.37830211368333
2022-11-18 03:00:00,89.2333333333333,269.466666666667,121.152991409988,4.88670328837225
2022-11-18 04:00:00,81.0833333333333,269.95,127.32110864421,4.2076992676893
2022-11-18 05:00:00,90.1,269.316666666667,43.2507887280315,2.0539590017567
2022-11-18 06:00:00,93.05,267.2,12.6846681969537,9.81899173777324
2022-11-18 07:00:00,92.9833333333333,266.966666666667,8.22618081479959,4.53949701465968
2022-11-18 08:00:00,92.8166666666667,266.433333333333,350.732512696208,6.47009630775392
2022-11-18 09:00:00,92.7833333333333,266.433333333333,21.8729565047014,4.57505814504043
2022-11-18 10:00:00,92.7833333333333,266.533333333333,21.693752281231,4.0280137559174
2022-11-18 11:00:00,92.7666666666667,266.683333333333,10.0453269370565,5.05107995732195
2022-11-18 12:00:00,92.7,266.666666666667,346.485809520581,6.8609586488064
2022-11-18 13:00:00,92.7,266.583333333333,0.534735442423312,5.57648319669812
2022-11-18 14:00:00,92.7,266.683333333333,5.59978433528067,6.45746625918352
2022-11-18 15:00:00,92.7,266.516666666667,16.9057276078605,5.63489963709561
2022-11-18 16:00:00,92.6666666666667,266.4,4.54419890992386,5.15342437947144
2022-11-18 17:00:00,92.6666666666667,266.166666666667,10.7223050123409,6.29027313820588
2022-11-18 18:00:00,92.5833333333333,265.966666666667,8.13990068247506,5.56281757682187
2022-11-18 19:00:00,92.5666666666667,265.733333333333,12.3333101710912,4.89726052610165
2022-11-18 20:00:00,92.4833333333333,265.6,8.17332830480734,4.41275262927434
2022-11-18 21:00:00,92.4,265.283333333333,13.3238381181774,3.72896421638895
2022-11-18 22:00:00,92.35,265.216666666667,24.1601386311522,3.46524072277972
2022-11-18 23:00:00,92.2,264.516666666667,30.4243193166907,4.90655805322377
2022-11-19 00:00:00,92.1166666666667,264.3,39.3061294317563,3.35371817901966
2022-11-19 01:00:00,92.0,263.933333333333,116.92933538823,1.717881077489
2022-11-19 02:00:00,92.0833333333333,264.2,62.504146468666,0.662684715304815
2022-11-19 03:00:00,92.1,264.316666666667,41.2210059455841,1.915100550705
2022-11-19 04:00:00,92.1,264.166666666667,62.0558968459207,1.72850926888366
2022-11-19 05:00:00,92.1,264.233333333333,49.5649762565847,1.95531165269502
2022-11-19 06:00:00,92.1,264.166666666667,34.2667049366495,2.20694633632967
2022-11-19 07:00:00,92.1,264.166666666667,85.8419920410539,0.683609029504444
2022-11-19 08:00:00,92.1,264.15,41.4256500053917,0.5406943064719
2022-11-19 09:00:00,92.1,264.333333333333,56.9926396566746,0.189343411267928
2022-11-19 10:00:00,92.1,264.566666666667,133.131437393068,0.407098972039794
2022-11-19 11:00:00,92.1166666666667,264.9,145.412735499136,0.448167037797135
2022-11-19 12:00:00,92.2666666666667,266.016666666667,141.198275589054,0.656568785907575
2022-11-19 13:00:00,92.1166666666667,266.3,8.0,0.29
2022-11-19 14:00:00,92.3166666666667,266.683333333333,123.633027440992,1.12316669254711
2022-11-19 15:00:00,92.2166666666667,266.883333333333,35.073778495573,0.809905110745328
2022-11-19 16:00:00,92.15,265.883333333333,2.19556559058537,2.84562261649562
2022-11-19 17:00:00,92.2333333333333,265.166666666667,14.3275659247765,0.574921820428827
2022-11-19 18:00:00,92.15,264.683333333333,21.9909468747951,0.722024045498835
2022-11-19 19:00:00,92.1833333333333,264.633333333333,16.9106400194972,2.38409652486742
2022-11-19 20:00:00,92.2,264.733333333333,21.0210104403648,1.65197617777028
2022-11-19 21:00:00,92.1333333333333,264.533333333333,25.8904896477305,1.39391788267354
2022-11-19 22:00:00,92.05,264.2,42.5314869422194,0.661641572337352
2022-11-19 23:00:00,92.2,264.6,27.8371352243161,1.07847332012662
2022-11-20 00:00:00,92.0,264.05,26.4203020483444,1.72476485858013
2022-11-20 01:00:00,92.0,264.0,22.2163246643237,2.11173702838368
2022-11-20 02:00:00,91.9666666666667,263.783333333333,20.3345990836405,2.44570315188504
2022-11-20 03:00:00,91.9,263.633333333333,23.9014557544598,2.42093456966337
2022-11-20 04:00:00,91.95,263.733333333333,29.7556015594471,1.93880378447507
2022-11-20 05:00:00,91.9833333333333,263.866666666667,33.3353475305445,1.14619306047236
2022-11-20 06:00:00,92.0,263.916666666667,10.2009862358613,1.48876440926194
2022-11-20 07:00:00,91.85,263.45,25.5763084571255,2.95601565549376
2022-11-20 08:00:00,91.8333333333333,263.316666666667,35.7009323085813,3.18150139640407
2022-11-20 09:00:00,91.85,263.366666666667,29.6484975782806,2.39070817350684
2022-11-20 10:00:00,91.7833333333333,263.233333333333,19.266349489757,3.1899612782753
2022-11-20 11:00:00,91.8833333333333,263.566666666667,39.2792944533571,1.9328736717277
2022-11-20 12:00:00,91.8666666666667,264.066666666667,95.3065852558849,0.994854866777988
2022-11-20 13:00:00,91.75,264.3,116.227398783885,1.42825052285889
2022-11-20 14:00:00,91.8333333333333,263.883333333333,21.2862757337987,1.6228076497835
2022-11-20 15:00:00,91.8166666666667,263.866666666667,64.5327833472285,0.892928958025276
2022-11-20 16:00:00,91.75,263.583333333333,137.839967829112,0.920979681326908
2022-11-20 17:00:00,91.6,263.333333333333,131.613252452893,2.12213256343064
2022-11-20 18:00:00,91.45,262.95,131.504217309537,1.75529465494434
2022-11-20 19:00:00,91.45,262.95,91.2659430996014,1.26103923128743
2022-11-20 20:00:00,91.4666666666667,263.166666666667,67.5455901880824,2.03492345974603
2022-11-20 21:00:00,91.3,263.116666666667,54.382367667082,2.70622669847151
2022-11-20 22:00:00,87.0333333333334,263.283333333333,37.7991396826404,3.79748733103156
2022-11-20 23:00:00,72.7333333333333,263.783333333333,42.9583456459673,2.70595744777141
2022-11-21 00:00:00,90.05,263.9,75.6702894245897,5.72296829155998
2022-11-21 01:00:00,92.0,263.983333333333,25.0552409029955,7.07515626227533
2022-11-21 02:00:00,91.9666666666667,263.816666666667,4.63979139288017,4.97229204714789
2022-11-21 03:00:00,91.8833333333333,263.683333333333,6.92564456798272,6.36091638228705
2022-11-21 04:00:00,91.8333333333333,263.416666666667,3.59155505101194,5.12095790042839
2022-11-21 05:00:00,91.8,263.083333333333,27.8415425127163,9.13983755135187
2022-11-21 06:00:00,91.8333333333333,263.283333333333,59.8733497734301,3.51929101352446
2022-11-21 07:00:00,91.9,263.65,23.4424118044124,4.98993806545649
2022-11-21 08:00:00,91.9666666666667,263.816666666667,20.0244765931084,5.88681059596159
2022-11-21 09:00:00,91.9166666666667,263.75,359.620528132015,5.15980307975911
2022-11-21 10:00:00,91.9,263.9,27.3384196246212,4.33483258166813
2022-11-21 11:00:00,91.9,264.233333333333,29.6528280296133,2.60308960984545
2022-11-21 12:00:00,91.85,264.316666666667,56.6984830175798,3.16448336571174
2022-11-21 13:00:00,90.85,265.416666666667,119.619674916458,2.63799842433253
2022-11-21 14:00:00,85.2166666666667,266.216666666667,114.245293685343,3.86706617763777
2022-11-21 15:00:00,71.9166666666667,266.466666666667,124.135609029855,3.68507495409661
2022-11-21 16:00:00,62.2166666666667,266.683333333333,128.282180781897,5.08790850423091
2022-11-21 17:00:00,46.75,266.666666666667,133.552268461468,8.11050538315281
2022-11-21 18:00:00,43.5166666666667,267.083333333333,129.356544259598,6.44145970666639
2022-11-21 19:00:00,45.8833333333333,266.966666666667,120.678253811712,5.38491310770575
2022-11-21 20:00:00,42.9166666666667,267.3,119.96855284464,5.3421523168299
2022-11-21 21:00:00,45.7166666666667,267.6,124.429787325433,6.21425162295726
2022-11-21 22:00:00,49.5,267.433333333333,125.240258714336,8.91991704647173
2022-11-21 23:00:00,56.1833333333333,266.983333333333,120.076520938187,6.31380524897756
2022-11-22 00:00:00,62.1,266.766666666667,128.466263933971,7.0734628461814
2022-11-22 01:00:00,68.0166666666667,266.883333333333,131.519056691605,5.29291016124391
2022-11-22 02:00:00,69.3333333333333,267.116666666667,133.470491913631,6.66350571353183
2022-11-22 03:00:00,74.5333333333333,266.816666666667,126.443773402856,5.09634430029013
2022-11-22 04:00:00,82.9166666666667,266.833333333333,136.534566627317,4.32136593413668
2022-11-22 05:00:00,92.3166666666667,266.633333333333,131.178665774851,3.6876418803383
2022-11-22 06:00:00,92.7333333333333,266.5,16.3911401286931,0.973139189895722
2022-11-22 07:00:00,92.5,265.666666666667,346.179866369587,3.99919820432576
2022-11-22 08:00:00,92.4166666666667,265.5,350.740671545606,5.00823337625634
2022-11-22 09:00:00,92.25,264.933333333333,354.121727146015,5.51861696990489
2022-11-22 10:00:00,92.2,264.816666666667,356.622425533185,4.13805419851878
2022-11-22 11:00:00,92.1333333333333,264.7,353.927827406971,4.66937646017104
2022-11-22 12:00:00,92.0666666666667,264.55,347.167285166398,4.61383514681381
2022-11-22 13:00:00,91.9833333333333,264.3,349.412742519289,4.41740781718963
2022-11-22 14:00:00,91.9333333333333,263.983333333333,347.981473316536,4.40750664721572
2022-11-22 15:00:00,91.9,263.816666666667,2.27262206617525,4.66333883141464
2022-11-22 16:00:00,91.7666666666667,263.35,7.93170170616747,4.01502219430061
2022-11-22 17:00:00,91.7,262.833333333333,8.52087816362234,4.66693171243115
2022-11-22 18:00:00,91.6833333333333,262.783333333333,14.1619277273224,4.2417514072325
2022-11-22 19:00:00,91.7166666666667,263.0,357.644487348034,3.15124941722241
2022-11-22 20:00:00,91.8,263.333333333333,357.441947894186,4.11190419222943
2022-11-22 21:00:00,91.8666666666667,263.616666666667,352.691224046795,4.12067683862112
2022-11-22 22:00:00,91.9,263.8,351.02390456958,3.99260156961269
2022-11-22 23:00:00,91.9,263.866666666667,355.327426656377,4.00896770487109
2022-11-23 00:00:00,91.9,263.85,355.318787908305,3.42916386642419
2022-11-23 01:00:00,91.9,263.783333333333,349.438672258751,2.70080856928077
2022-11-23 02:00:00,91.8666666666667,263.633333333333,357.835243469399,2.57558339487633
2022-11-23 03:00:00,91.7333333333333,263.25,0.784654716007879,2.38457314705192
2022-11-23 04:00:00,91.7666666666667,263.233333333333,1.53239191760122,1.4440729285744
2022-11-23 05:00:00,91.7,263.183333333333,11.1570924141519,1.27886219232445
2022-11-23 06:00:00,91.6833333333333,262.916666666667,22.7322679574515,0.269095546735846
2022-11-23 07:00:00,91.6333333333333,262.683333333333,,0.0
2022-11-23 08:00:00,91.65,262.716666666667,,0.0
2022-11-23 09:00:00,91.6833333333333,262.783333333333,,0.0
2022-11-23 10:00:00,91.7666666666667,263.583333333333,,0.0
2022-11-23 11:00:00,91.8333333333333,264.35,,0.0
2022-11-23 12:00:00,91.95,264.966666666667,,0.0
2022-11-23 13:00:00,92.1166666666667,266.466666666667,,0.0
2022-11-23 14:00:00,91.9666666666667,266.533333333333,27.0,0.148333333333333
2022-11-23 15:00:00,89.9333333333333,265.333333333333,40.9850389727425,1.59687105447121
2022-11-23 16:00:00,59.7333333333333,264.983333333333,47.0566196638229,3.95118046910112
2022-11-23 17:00:00,29.7,265.816666666667,57.3216873619475,3.98817726325054
2022-11-23 18:00:00,42.4166666666667,266.55,40.1457096376413,4.91625118697615
2022-11-23 19:00:00,88.7666666666667,267.466666666667,43.2634287880084,5.86697793420153
2022-11-23 20:00:00,92.1,267.5,3.40342018022977,4.57145200676762
2022-11-23 21:00:00,92.9166666666667,267.0,23.7341884504094,7.87506887394619
2022-11-23 22:00:00,92.95,266.95,5.59771039017369,9.97922732899179
2022-11-23 23:00:00,92.8,266.583333333333,2.27273668646001,7.17659627178251
2022-11-24 00:00:00,92.3166666666667,265.033333333333,15.3239854060758,9.79794072086404
2022-11-24 01:00:00,92.3,264.933333333333,13.4377577122657,9.89467743007136
2022-11-24 02:00:00,92.4833333333333,265.616666666667,349.237882104456,6.52187636194745
2022-11-24 03:00:00,92.5666666666667,265.75,359.268408572081,6.52107665835863
2022-11-24 04:00:00,92.4833333333333,265.65,353.972334424833,5.87305147678552
2022-11-24 05:00:00,92.3166666666667,265.083333333333,12.1590798021265,5.13493940738093
2022-11-24 06:00:00,92.2666666666667,264.95,4.60501863465032,5.19365012083701
2022-11-24 07:00:00,92.1833333333333,264.566666666667,12.757595695777,5.23224619357728
2022-11-24 08:00:00,92.1666666666667,264.533333333333,11.8094414798206,6.81164646486605
2022-11-24 09:00:00,92.2,264.733333333333,356.463161887022,4.15735607452192
2022-11-24 10:00:00,92.2,264.983333333333,20.5250475247639,4.17964138196933
2022-11-24 11:00:00,92.2333333333333,265.216666666667,24.8780606912339,6.20632838792606
2022-11-24 12:00:00,92.3666666666667,265.9,15.3399080178489,5.4810051946262
2022-11-24 13:00:00,92.45,266.15,5.96529891007663,5.36557413535201
2022-11-24 14:00:00,92.3666666666667,265.966666666667,0.886515053540506,6.62871171718844
2022-11-24 15:00:00,92.3,265.45,21.5344610736914,7.42842435358521
2022-11-24 16:00:00,92.3,265.316666666667,36.093853531656,4.29110650237584
2022-11-24 17:00:00,92.2333333333333,265.033333333333,32.3102552707554,5.68047690273109
2022-11-24 18:00:00,92.0333333333333,264.35,29.8434636965145,5.28771851672488
2022-11-24 19:00:00,91.8166666666667,263.4,45.8043521712256,5.38853529042295
2022-11-24 20:00:00,91.7166666666667,263.383333333333,40.3321112414544,4.92502036229378
2022-11-24 21:00:00,84.4333333333333,263.866666666667,61.4408541000368,3.71169364675664
2022-11-24 22:00:00,65.2666666666667,265.05,47.206481174785,2.48145033837109
2022-11-24 23:00:00,37.6,266.51,17.0011651540841,5.05058562165392
2022-11-25 00:00:00,9.36666666666667,267.983333333333,19.8736508865435,4.50868960275592
2022-11-25 01:00:00,3.91666666666667,268.75,33.9495497643385,3.75527254711734
2022-11-25 02:00:00,5.43333333333333,269.35,46.0653858797789,3.51584519954707
2022-11-25 03:00:00,6.8,269.616666666667,48.2665321470306,4.86643639054038
2022-11-25 04:00:00,4.36666666666667,269.966666666667,24.0889565260102,6.83883685389261
2022-11-25 05:00:00,5.08333333333333,269.95,19.5496260777902,3.60659468085665
2022-11-25 06:00:00,4.83333333333333,269.75,25.7508324576083,3.54628669836383
2022-11-25 07:00:00,8.85,268.983333333333,0.540854534366758,2.96550582253227
2022-11-25 08:00:00,14.5833333333333,269.066666666667,40.7886678632542,5.40798832697528
2022-11-25 09:00:00,29.7166666666667,269.133333333333,50.3560210122297,3.5610013317997
2022-11-25 10:00:00,30.85,269.516666666667,57.1669933141486,0.335820865914022
2022-11-25 11:00:00,30.5833333333333,269.266666666667,0.288882519797426,3.4822363176003
2022-11-25 12:00:00,35.9833333333333,269.633333333333,10.5153023025111,5.03825267859694
2022-11-25 13:00:00,39.3166666666667,269.783333333333,26.4688200422656,4.27411345029624
2022-11-25 14:00:00,41.7166666666667,270.133333333333,105.62055583934,2.18145318178782
2022-11-25 15:00:00,47.65,269.516666666667,130.947080815701,3.35318938998871
2022-11-25 16:00:00,45.2833333333333,268.783333333333,132.161823883632,2.22603250513153
2022-11-25 17:00:00,52.05,267.883333333333,23.7608209637326,2.22500626755284
2022-11-25 18:00:00,69.6166666666667,267.133333333333,92.8810718911848,2.72506305972579
2022-11-25 19:00:00,80.5166666666667,267.033333333333,94.1513612179194,2.65662798281168
2022-11-25 20:00:00,91.6666666666667,266.75,38.7383048469068,5.5358691947001
2022-11-25 21:00:00,92.8166666666667,266.533333333333,9.49187375896321,6.13785445265869
2022-11-25 22:00:00,92.7666666666667,266.55,350.224804064252,4.45775505095931
2022-11-25 23:00:00,92.7,266.433333333333,358.437700003889,3.12724725861318
2022-11-26 00:00:00,92.55,266.05,340.561646066457,2.27267433773034
2022-11-26 01:00:00,92.3666666666667,265.55,344.777786093185,2.62333629345959
2022-11-26 02:00:00,92.2333333333333,265.016666666667,345.309938279217,2.7274612523393
2022-11-26 03:00:00,92.2,264.966666666667,351.325460918877,2.14177281190892
2022-11-26 04:00:00,92.0666666666667,264.483333333333,352.402427204064,2.16975700261148
2022-11-26 05:00:00,92.0333333333333,264.283333333333,0.661341731851451,1.6441389235117
2022-11-26 06:00:00,92.0,264.1,349.918926975982,2.67566963016324
2022-11-26 07:00:00,92.0,264.1,354.375023019842,2.40978615816328
2022-11-26 08:00:00,92.0,264.2,353.248988162603,0.980870718583647
2022-11-26 09:00:00,92.0333333333333,264.366666666667,349.213996351016,0.834781960964441
2022-11-26 10:00:00,92.1,264.766666666667,,0.0
2022-11-26 11:00:00,92.15,265.216666666667,347.0,0.0433333333333333
2022-11-26 12:00:00,92.3333333333333,265.95,,0.0
2022-11-26 13:00:00,92.05,265.533333333333,,0.0
2022-11-26 14:00:00,92.1333333333333,265.933333333333,,0.0
2022-11-26 15:00:00,92.1333333333333,265.433333333333,,0.0
2022-11-26 16:00:00,92.0166666666667,264.883333333333,,0.0
2022-11-26 17:00:00,91.8333333333333,264.6,134.0,0.0716666666666667
2022-11-26 18:00:00,91.7833333333333,263.7,134.710218058416,1.56955632899753
2022-11-26 19:00:00,91.8166666666667,263.683333333333,134.282665408127,1.23065058079177
2022-11-26 20:00:00,91.2333333333333,263.416666666667,139.067667643276,0.32152653748028
2022-11-26 21:00:00,90.8166666666667,262.683333333333,,0.0
2022-11-26 22:00:00,71.1166666666667,263.383333333333,186.0,0.15
2022-11-26 23:00:00,42.5,264.966666666667,194.639689119597,2.1247952176312
2022-11-27 00:00:00,28.35,266.15,176.397641964996,1.2147444781043
2022-11-27 01:00:00,22.3,266.733333333333,248.358477742908,0.369350842099966
2022-11-27 02:00:00,12.15,267.45,114.693937191539,0.697824801790737
2022-11-27 03:00:00,10.0,268.183333333333,127.188009039819,0.398130659677191
2022-11-27 04:00:00,10.8,268.316666666667,34.0026816871048,2.39578354660074
2022-11-27 05:00:00,9.46666666666667,268.4,55.4932006214918,2.51145483493143
2022-11-27 06:00:00,6.86666666666667,268.616666666667,34.532672347213,4.06533575922041
2022-11-27 07:00:00,6.91666666666667,268.4,17.7432351232028,4.65186932411603
2022-11-27 08:00:00,5.31666666666667,268.45,34.0546165920964,5.75533032996346
2022-11-27 09:00:00,2.35,269.2,22.4764136926672,5.13112101142114
2022-11-27 10:00:00,0.6,270.25,3.99352416199201,4.98830715879954
2022-11-27 11:00:00,7.40148683083438e-17,270.883333333333,0.311246292367287,4.5321748224662
2022-11-27 12:00:00,-1.25,271.666666666667,27.6680551400671,3.14142889426916
2022-11-27 13:00:00,-0.4,271.716666666667,20.2358101141118,3.41859600230672
2022-11-27 14:00:00,4.21666666666667,271.166666666667,38.7269898391091,4.21652129050189
2022-11-27 15:00:00,8.83333333333333,272.166666666667,80.7129679065804,1.41583020233819
2022-11-27 16:00:00,12.3833333333333,272.05,67.5252939952971,1.46691331517629
2022-11-27 17:00:00,18.7833333333333,271.083333333333,29.5987201766573,4.37888787439483
2022-11-27 18:00:00,34.2666666666667,270.983333333333,43.7903612063701,3.17849797318992
2022-11-27 19:00:00,31.5833333333333,271.0,116.143040767887,1.89336463763785
2022-11-27 20:00:00,31.35,271.216666666667,117.191325624835,2.3787689520457
2022-11-27 21:00:00,31.9333333333333,271.816666666667,57.1945924580998,2.37313637825983
2022-11-27 22:00:00,31.95,271.9,98.0985610124127,1.99980855214844
2022-11-27 23:00:00,30.6666666666667,271.733333333333,131.596573578258,3.22627598133089
2022-11-28 00:00:00,28.7333333333333,271.7,131.904857847606,3.44414831673952
2022-11-28 01:00:00,23.0333333333333,272.333333333333,121.437844744859,2.9848854547704
2022-11-28 02:00:00,28.9833333333333,272.35,81.9566316698166,2.61939860198671
2022-11-28 03:00:00,39.5833333333333,271.983333333333,40.6445079731923,3.68538898099146
2022-11-28 04:00:00,50.95,270.5,48.1411393610098,2.99364410982393
2022-11-28 05:00:00,68.6666666666667,269.9,126.135836624505,3.50922826090784
2022-11-28 06:00:00,81.2166666666667,269.516666666667,11.0416684270901,2.6155423952477
2022-11-28 07:00:00,87.65,269.183333333333,1.08719000491624,1.73894018954247
2022-11-28 08:00:00,91.8666666666667,268.416666666667,138.392491463596,2.45730581983531
2022-11-28 09:00:00,91.5833333333333,267.566666666667,136.513039031521,7.51634568250335
2022-11-28 10:00:00,93.2333333333333,267.85,134.009850362017,5.16162730930526
2022-11-28 11:00:00,93.25,268.233333333333,133.696829012543,4.78941498974456
2022-11-28 12:00:00,93.1833333333333,268.4,136.271715605766,3.56076201638548
2022-11-28 13:00:00,93.0,268.566666666667,136.252612965826,1.5061876044467
2022-11-28 14:00:00,92.6,268.833333333333,128.0,0.04
2022-11-28 15:00:00,92.7333333333333,268.533333333333,138.49616899135,0.613346807748771
2022-11-28 16:00:00,93.0,267.816666666667,129.777562700978,1.52443260467979
2022-11-28 17:00:00,93.2833333333333,268.016666666667,125.53306667686,2.36433210542012
2022-11-28 18:00:00,93.3333333333333,267.9,123.390683493253,2.00028146375132
2022-11-28 19:00:00,93.3,267.833333333333,131.688415398043,2.11112270710903
2022-11-28 20:00:00,93.2666666666667,267.85,132.074602424391,1.73316130864178
2022-11-28 21:00:00,93.2,267.85,,0.0
2022-11-28 22:00:00,93.2,267.816666666667,,0.0
2022-11-28 23:00:00,93.2,267.75,,0.0
2022-11-29 00:00:00,93.2,267.75,,0.0
2022-11-29 01:00:00,93.1666666666667,267.566666666667,340.348500261384,0.367051311993372
2022-11-29 02:00:00,93.1333333333333,267.316666666667,346.49143744532,2.21514305115271
2022-11-29 03:00:00,93.0,267.0,355.856932179993,3.29042568939992
2022-11-29 04:00:00,92.85,266.666666666667,352.108752056306,3.61424676392442
2022-11-29 05:00:00,92.7833333333333,266.483333333333,347.593065629297,3.16461356755189
2022-11-29 06:00:00,92.7,266.266666666667,351.509837374867,3.39836692883357
2022-11-29 07:00:00,92.7,266.25,351.67005314837,2.67173275455478
2022-11-29 08:00:00,92.7,266.25,349.6994497446,1.95582089303475
2022-11-29 09:00:00,92.65,266.233333333333,345.077048513089,1.96025302234495
2022-11-29 10:00:00,92.5833333333334,266.2,343.481909307521,1.94362872221077
2022-11-29 11:00:00,92.7666666666667,266.866666666667,343.080118012654,1.43309213206708
2022-11-29 12:00:00,92.7666666666667,267.116666666667,337.904402732557,1.29272442972289
2022-11-29 13:00:00,92.7666666666667,267.116666666667,344.150714881137,1.66450804690426
2022-11-29 14:00:00,92.6666666666667,266.916666666667,351.749569275167,1.23004122379212
2022-11-29 15:00:00,92.6166666666667,266.75,356.847730055747,1.055241228968
2022-11-29 16:00:00,92.5833333333333,266.35,350.380231124082,0.825077592808455
2022-11-29 17:00:00,92.5166666666667,266.066666666667,352.460048353592,0.524855789803773
2022-11-29 18:00:00,92.55,266.05,,0.0
2022-11-29 19:00:00,92.5333333333334,266.05,,0.0
2022-11-29 20:00:00,92.5,265.966666666667,,0.0
2022-11-29 21:00:00,92.5,265.95,,0.0
2022-11-29 22:00:00,92.5,265.883333333333,,0.0
2022-11-29 23:00:00,92.5,265.85,,0.0
2022-11-30 00:00:00,92.5,265.866666666667,,0.0
2022-11-30 01:00:00,92.5,265.95,,0.0
2022-11-30 02:00:00,92.5,265.95,,0.0
2022-11-30 03:00:00,92.5,265.916666666667,,0.0
2022-11-30 04:00:00,92.5,265.866666666667,,0.0
2022-11-30 05:00:00,92.4,265.783333333333,,0.0
2022-11-30 06:00:00,92.4,265.75,,0.0
2022-11-30 07:00:00,92.2833333333334,265.416666666667,,0.0
2022-11-30 08:00:00,92.2166666666667,265.116666666667,,0.0
2022-11-30 09:00:00,92.2833333333334,265.216666666667,,0.0
2022-11-30 10:00:00,92.3166666666667,265.65,,0.0
2022-11-30 11:00:00,92.2,265.4,,0.0
2022-11-30 12:00:00,92.4666666666667,266.866666666667,,0.0
2022-11-30 13:00:00,92.95,268.6,,0.0
2022-11-30 14:00:00,92.6,268.833333333333,,0.0
2022-11-30 15:00:00,91.85,265.5,,0.0
2022-11-30 16:00:00,91.85,264.5,,0.0
2022-11-30 17:00:00,91.85,264.1,,0.0
2022-11-30 18:00:00,91.85,263.733333333333,,0.0
2022-11-30 19:00:00,91.8833333333333,263.816666666667,,0.0
2022-11-30 20:00:00,91.9,263.966666666667,,0.0
2022-11-30 21:00:00,91.9,264.05,,0.0
2022-11-30 22:00:00,91.8166666666667,263.7,,0.0
2022-11-30 23:00:00,91.85,263.6,,0.0
2022-12-01 00:00:00,91.9,264.35,,0.0
2022-12-01 01:00:00,91.6333333333333,264.316666666667,,0.0
2022-12-01 02:00:00,91.5333333333333,264.516666666667,,0.0
2022-12-01 03:00:00,91.4333333333333,264.7,,0.0
2022-12-01 04:00:00,91.45,264.966666666667,,0.0
2022-12-01 05:00:00,91.1166666666667,265.216666666667,,0.0
2022-12-01 06:00:00,91.2333333333333,264.9,,0.0
2022-12-01 07:00:00,90.9833333333333,264.783333333333,,0.0
2022-12-01 08:00:00,90.95,264.633333333333,,0.0
2022-12-01 09:00:00,90.9,264.683333333333,,0.0
2022-12-01 10:00:00,87.25,265.55,145.690536350974,1.44607930964548
2022-12-01 11:00:00,80.2833333333333,266.816666666667,149.117244500651,4.76596188415988
2022-12-01 12:00:00,79.5166666666667,267.233333333333,150.974950024713,4.76568121497332
2022-12-01 13:00:00,79.6833333333333,267.916666666667,146.816056567638,4.14245977778418
2022-12-01 14:00:00,63.9333333333333,268.716666666667,136.786982152246,3.24259079740243
2022-12-01 15:00:00,66.4666666666667,267.783333333333,135.983137898237,4.58902899905761
2022-12-01 16:00:00,58.75,267.4,131.602654007286,4.40811128389429
2022-12-01 17:00:00,51.8833333333334,267.1,132.871359031925,3.86524359835006
2022-12-01 18:00:00,49.6666666666667,266.833333333333,136.241060613654,3.69587425073653
2022-12-01 19:00:00,43.4666666666667,267.466666666667,136.866562201645,3.04902848891063
2022-12-01 20:00:00,35.9,268.05,140.084271922043,3.52432466232016
2022-12-01 21:00:00,38.05,267.933333333333,139.088000870872,4.27553963739129
2022-12-01 22:00:00,40.3,267.783333333333,139.727613238851,4.60028285982735
2022-12-01 23:00:00,38.2,268.266666666667,144.472123845219,4.12494640834307
2022-12-02 00:00:00,38.7,268.266666666667,137.494937522343,5.03418631845318
2022-12-02 01:00:00,33.6666666666667,268.65,136.392487565281,4.81825456805493
2022-12-02 02:00:00,35.7666666666667,268.5,132.248242971672,4.66911764419038
2022-12-02 03:00:00,42.7833333333333,268.883333333333,131.613777322773,4.15090472078439
2022-12-02 04:00:00,41.2166666666667,268.9,135.759183128362,3.29333234998855
2022-12-02 05:00:00,43.2666666666667,268.75,137.506528328726,2.79573292278315
2022-12-02 06:00:00,50.2833333333333,268.4,138.790959002773,2.13421524571588
2022-12-02 07:00:00,57.4333333333333,268.0,132.39979226783,2.5229055766183
2022-12-02 08:00:00,59.15,267.883333333333,135.758236683707,1.39823404038422
2022-12-02 09:00:00,68.7666666666667,266.916666666667,135.959028677154,3.39519394987858
2022-12-02 10:00:00,83.9833333333333,266.433333333333,133.053961293483,4.65249357349788
2022-12-02 11:00:00,92.4666666666667,266.333333333333,131.867867517047,4.35743485636832
2022-12-02 12:00:00,92.6,266.416666666667,131.588406462165,3.17669011215487
2022-12-02 13:00:00,92.4833333333333,266.916666666667,137.184420974344,2.80413748894375
2022-12-02 14:00:00,92.55,266.716666666667,140.669309689596,2.46477420178629
2022-12-02 15:00:00,92.5,266.55,131.488581548897,3.57902734086114
2022-12-02 16:00:00,92.4666666666667,266.15,122.793220765223,4.27197442862818
2022-12-02 17:00:00,92.1833333333333,265.55,136.439225312483,3.91110396621751
2022-12-02 18:00:00,92.3666666666667,265.333333333333,137.557659891082,3.27501411632891
2022-12-02 19:00:00,92.4,265.233333333333,134.981045169966,2.86468029868498
2022-12-02 20:00:00,92.2833333333334,264.95,128.789289524723,2.25945658664213
2022-12-02 21:00:00,92.2,264.683333333333,130.756360850978,2.56632000478051
2022-12-02 22:00:00,92.15,264.483333333333,127.731065905697,3.5436263709688
2022-12-02 23:00:00,92.05,264.116666666667,117.46858352666,2.83006463932396
2022-12-03 00:00:00,91.95,263.783333333333,112.580451529308,3.7739153932655
2022-12-03 01:00:00,91.8833333333333,263.5,118.11979321506,5.25203388753575
2022-12-03 02:00:00,91.5666666666667,263.533333333333,137.256378387097,8.41318724156104
2022-12-03 03:00:00,78.5666666666667,264.1,127.560589880376,7.10455998727992
2022-12-03 04:00:00,69.9666666666667,264.283333333333,116.587640945037,7.46204268514436
2022-12-03 05:00:00,64.7166666666667,264.466666666667,118.467880141406,6.25851231955108
2022-12-03 06:00:00,66.25,264.2,130.931139959015,7.12779839504091
2022-12-03 07:00:00,67.2333333333333,263.983333333333,124.90811777607,6.63505592001198
2022-12-03 08:00:00,59.45,264.783333333333,113.946738765559,4.20787607877334
2022-12-03 09:00:00,61.15,264.883333333333,139.879282639583,7.82429045355813
2022-12-03 10:00:00,58.0333333333334,265.866666666667,130.590720240719,7.04707648793007
2022-12-03 11:00:00,59.2,266.316666666667,134.723845045808,6.45094990093036
2022-12-03 12:00:00,61.0333333333333,267.3,126.891748527679,6.15606523699447
2022-12-03 13:00:00,63.5333333333333,267.9,124.859703100988,5.97191069643454
2022-12-03 14:00:00,63.7833333333333,268.533333333333,116.618326918209,3.92564246788011
2022-12-03 15:00:00,66.45,268.966666666667,133.521210909927,5.49251054561056
2022-12-03 16:00:00,69.75,268.55,139.269971695842,7.95664256131239
2022-12-03 17:00:00,72.65,268.183333333333,138.583601800437,6.35715942667824
2022-12-03 18:00:00,81.6833333333334,267.6,129.526024467782,4.01007327883008
2022-12-03 19:00:00,77.25,267.983333333333,136.407933851286,5.28747988758568
2022-12-03 20:00:00,72.7,268.433333333333,138.027913905998,5.77948054861379
2022-12-03 21:00:00,73.0833333333333,268.566666666667,134.087997708656,5.68760744430928
2022-12-03 22:00:00,75.75,268.416666666667,134.639639050478,6.60149641583649
2022-12-03 23:00:00,84.4166666666667,267.983333333333,135.091372589526,6.45449119072698
2022-12-04 00:00:00,86.3833333333333,268.25,139.481234165954,6.52131057597285
2022-12-04 01:00:00,77.45,268.883333333333,139.465735169376,8.18683790519293
2022-12-04 02:00:00,87.45,268.6,128.876155395762,5.78704346449033
2022-12-04 03:00:00,87.3833333333333,268.833333333333,113.058731333569,4.07477581898146
2022-12-04 04:00:00,83.5166666666667,269.1,126.67080379191,5.66887849671075
2022-12-04 05:00:00,82.5666666666667,269.066666666667,137.977462385989,3.89785323819392
2022-12-04 06:00:00,75.8,269.3,146.54746698809,4.58843191450246
2022-12-04 07:00:00,92.4333333333333,268.116666666667,169.868161726209,4.57695553980704
2022-12-04 08:00:00,93.4,267.966666666667,157.6155828954,3.38806219034577
2022-12-04 09:00:00,93.4,268.116666666667,168.967783555376,3.71030644030499
2022-12-04 10:00:00,93.2666666666667,268.466666666667,160.447103659784,3.71041315045328
2022-12-04 11:00:00,93.3,268.683333333333,150.770266456587,3.43457444042053
2022-12-04 12:00:00,93.4,269.05,165.834825120198,2.75734364200965
2022-12-04 13:00:00,93.5166666666667,269.5,157.627939772011,3.07478230778721
2022-12-04 14:00:00,93.4666666666667,269.983333333333,159.900487174609,2.69541290961094
2022-12-04 15:00:00,93.5,270.05,159.446954803357,2.26778776482404
2022-12-04 16:00:00,93.6333333333333,269.7,136.895368952077,3.15805405337904
2022-12-04 17:00:00,93.8,269.25,136.332402853059,5.13376424761932
2022-12-04 18:00:00,93.6333333333333,268.866666666667,119.635519379429,5.39251592039518
2022-12-04 19:00:00,92.9,268.8,120.256370363981,6.91217965211364
2022-12-04 20:00:00,91.5833333333333,268.566666666667,102.429782039153,7.5105786390405
2022-12-04 21:00:00,89.1833333333334,268.433333333333,112.832988107295,7.66539924264957
2022-12-04 22:00:00,84.85,268.216666666667,119.11382384125,5.31266529303021
2022-12-04 23:00:00,76.6,268.15,116.861082543262,5.67056241969898
2022-12-05 00:00:00,80.0,267.85,118.95288023098,6.93835830716355
2022-12-05 01:00:00,76.6,268.066666666667,117.366314844485,7.97524604363829
2022-12-05 02:00:00,77.5833333333334,268.083333333333,123.608443429565,7.66542927692591
2022-12-05 03:00:00,78.9166666666667,268.0,120.37898836649,6.21373009904717
2022-12-05 04:00:00,69.85,268.466666666667,124.178313929708,6.67871269082163
2022-12-05 05:00:00,74.1333333333333,268.166666666667,113.765149808198,2.36343782651615
2022-12-05 06:00:00,82.1833333333333,267.7,133.635558475782,3.26858620619052
2022-12-05 07:00:00,88.8333333333333,267.216666666667,133.705722551902,5.29808155079742
2022-12-05 08:00:00,92.9333333333333,266.816666666667,144.711116976376,3.41247034557102
2022-12-05 09:00:00,92.8833333333333,266.95,148.672096692189,2.61018107638513
2022-12-05 10:00:00,92.9,267.133333333333,149.946305325194,1.66981267241093
2022-12-05 11:00:00,92.9333333333333,267.65,154.638164477184,0.373547002430656
2022-12-05 12:00:00,92.8166666666667,267.383333333333,145.862141549209,0.904406438159405
2022-12-05 13:00:00,92.8666666666667,267.566666666667,136.964221466876,0.371551501063902
2022-12-05 14:00:00,92.1,265.15,1.78529032343181,3.3664451723081
2022-12-05 15:00:00,91.7833333333333,263.133333333333,15.6931777557845,6.98666024229686
2022-12-05 16:00:00,91.6,262.35,21.6897019336589,10.3172679431258
2022-12-05 17:00:00,91.5333333333333,262.05,10.3727411585136,7.46014150372754
2022-12-05 18:00:00,91.45,261.7,9.47096351565358,6.53543463951772
2022-12-05 19:00:00,91.4,261.516666666667,7.84376298283485,5.13876664433828
2022-12-05 20:00:00,91.4,261.55,3.58976400238493,4.81743189974441
2022-12-05 21:00:00,91.4,261.616666666667,15.3573055117708,3.79139109370292
2022-12-05 22:00:00,91.4,261.716666666667,16.7598552797782,3.13561376362972
2022-12-05 23:00:00,91.4333333333333,261.7,33.0785037051272,3.21853595972435
2022-12-06 00:00:00,91.5,261.75,31.0411505392572,3.83366298361657
2022-12-06 01:00:00,91.35,261.483333333333,37.9648920591771,3.15715670577714
2022-12-06 02:00:00,91.3,261.2,60.8823245464738,2.11872922728071
2022-12-06 03:00:00,91.2666666666667,261.316666666667,30.6307851657691,4.65835758924377
2022-12-06 04:00:00,89.05,261.5,43.4946080068026,4.21048137320163
2022-12-06 05:00:00,58.35,262.15,46.2278423972493,4.62928813258989
2022-12-06 06:00:00,34.35,263.55,42.4772077591823,6.38284987532421
2022-12-06 07:00:00,53.65,264.133333333333,32.2071858319624,5.26608075351454
2022-12-06 08:00:00,59.7166666666667,264.15,41.7173976735869,5.39832656666819
2022-12-06 09:00:00,61.9166666666667,264.416666666667,88.6145783140291,1.81268937731197
2022-12-06 10:00:00,61.3833333333333,265.183333333333,118.43346494093,2.4721054797302
2022-12-06 11:00:00,73.7833333333334,266.183333333333,102.989599563741,3.07786873087679
2022-12-06 12:00:00,80.05,266.533333333333,67.3358756163544,3.26008971954978
2022-12-06 13:00:00,83.3166666666667,266.25,115.677005185278,3.08578104754988
2022-12-06 14:00:00,82.8,266.0,114.351546183173,3.64092720666507
2022-12-06 15:00:00,76.55,266.116666666667,71.0662172030584,3.37080725981974
2022-12-06 16:00:00,76.4333333333333,266.05,57.6100493857991,3.55740677711711
2022-12-06 17:00:00,81.0166666666667,265.616666666667,27.0946435054143,2.85550313013088
2022-12-06 18:00:00,81.7333333333333,265.566666666667,52.5506677134529,3.80008921407771
2022-12-06 19:00:00,84.0333333333333,265.483333333333,44.5406151835023,5.73801217039627
2022-12-06 20:00:00,80.8,265.433333333333,74.4114254731324,3.37722375866145
2022-12-06 21:00:00,75.8,265.633333333333,56.1249239605927,3.42764328492114
2022-12-06 22:00:00,73.9166666666667,265.55,48.3637033892623,1.6290380911855
2022-12-06 23:00:00,77.8333333333333,265.383333333333,63.5845991098375,2.97254355785475
2022-12-07 00:00:00,79.8833333333333,265.3,59.2455954624623,2.25307023043745
2022-12-07 01:00:00,84.5333333333334,265.333333333333,48.7135820757213,2.96977310490111
2022-12-07 02:00:00,90.2833333333333,265.283333333333,54.608626509068,3.99880817865758
2022-12-07 03:00:00,91.1166666666667,265.0,45.9673402857729,3.52198316823234
2022-12-07 04:00:00,91.3666666666667,264.683333333333,46.4054551587419,3.4713816192701
2022-12-07 05:00:00,91.4166666666667,264.7,49.2575206750834,2.89351041914228
2022-12-07 06:00:00,90.9333333333333,264.75,82.6642951273523,3.13733258277678
2022-12-07 07:00:00,91.7833333333333,264.366666666667,37.5047877193352,3.67801280672515
2022-12-07 08:00:00,92.05,264.05,85.5854451439577,2.71505708464187
2022-12-07 09:00:00,91.8833333333333,263.716666666667,60.077236507634,3.19806428171771
2022-12-07 10:00:00,91.8166666666667,263.4,56.5581209561058,2.32974864933369
2022-12-07 11:00:00,91.7333333333333,263.533333333333,42.7712602653201,2.05628394547239
2022-12-07 12:00:00,91.55,263.666666666667,80.2813260288029,1.65359220058474
2022-12-07 13:00:00,90.75,264.183333333333,97.6604339753792,3.30516140462948
2022-12-07 14:00:00,76.0,265.266666666667,120.480054430692,2.35563378704571
2022-12-07 15:00:00,74.15,265.366666666667,131.182590386766,3.03496009579242
2022-12-07 16:00:00,74.1833333333333,265.25,115.289424814108,2.61417444972493
2022-12-07 17:00:00,85.2833333333333,264.1,129.939694450411,2.91469400237253
2022-12-07 18:00:00,69.75,263.383333333333,126.337769408008,3.54462043617617
2022-12-07 19:00:00,67.9833333333333,263.183333333333,119.584396067508,4.12894908971134
2022-12-07 20:00:00,68.6166666666667,263.05,133.418241183764,5.40893213478759
2022-12-07 21:00:00,57.45,263.266666666667,127.055133993515,4.84816560730545
2022-12-07 22:00:00,44.8333333333333,263.6,134.327026607975,5.89359385779587
2022-12-07 23:00:00,33.7,264.0,126.808294724302,4.05729012539721
2022-12-08 00:00:00,26.3,264.283333333333,130.598707259995,4.1964931159666
2022-12-08 01:00:00,17.8,264.783333333333,119.389021655666,2.69387117044224
2022-12-08 02:00:00,14.95,264.933333333333,126.221911109113,4.14378416983561
2022-12-08 03:00:00,13.1833333333333,265.433333333333,131.342494958403,5.29709168969064
2022-12-08 04:00:00,15.0833333333333,265.216666666667,129.874435842924,3.95833253102305
2022-12-08 05:00:00,15.9666666666667,265.233333333333,124.376051840117,3.17900808027454
2022-12-08 06:00:00,16.4666666666667,265.166666666667,128.137094292815,4.23618672304657
2022-12-08 07:00:00,17.4,265.25,129.126185157546,4.78645895540531
2022-12-08 08:00:00,18.0666666666667,265.083333333333,116.379412865779,3.9698928985916
2022-12-08 09:00:00,19.7666666666667,265.033333333333,125.473118163728,2.88807071522172
2022-12-08 10:00:00,21.15,265.833333333333,115.695012958236,3.02029518115091
2022-12-08 11:00:00,20.7666666666667,266.716666666667,96.705845092682,2.01705250066036
2022-12-08 12:00:00,23.5166666666667,267.133333333333,119.058009411052,3.05672737240179
2022-12-08 13:00:00,28.8666666666667,267.466666666667,115.350184398394,2.71489792319587
2022-12-08 14:00:00,30.3333333333333,267.683333333333,106.112502385937,3.31565406874539
2022-12-08 15:00:00,35.25,267.566666666667,87.4673660648783,2.90879463020652
2022-12-08 16:00:00,34.8333333333333,267.25,62.7159979953228,3.53642748384848
2022-12-08 17:00:00,35.2333333333333,266.633333333333,72.5453684458331,2.83315191166741
2022-12-08 18:00:00,38.1333333333333,265.75,133.280026142506,3.82932375599943
2022-12-08 19:00:00,38.55,265.433333333333,126.727150358009,4.95723936812245
2022-12-08 20:00:00,36.3333333333333,265.85,114.394139409045,3.51148266198075
2022-12-08 21:00:00,41.7666666666667,266.033333333333,121.453402423157,4.25929805311443
2022-12-08 22:00:00,45.65,266.2,115.527129111328,4.91407565275741
2022-12-08 23:00:00,41.3166666666667,265.333333333333,135.900193879903,5.08950208133381
2022-12-09 00:00:00,40.0833333333333,265.4,126.910480617471,5.13618556255695
2022-12-09 01:00:00,40.6833333333333,265.483333333333,131.293824517847,6.10055914125692
2022-12-09 02:00:00,42.4666666666667,265.816666666667,128.593031178399,5.69699498278268
2022-12-09 03:00:00,47.7833333333333,265.6,120.438564092762,5.2430598171237
2022-12-09 04:00:00,51.3333333333333,265.85,122.629059889454,5.93711126793599
2022-12-09 05:00:00,57.5,265.716666666667,130.810517788587,5.96309087178983
2022-12-09 06:00:00,69.25,266.083333333333,131.163508905116,6.19339379458885
2022-12-09 07:00:00,70.7333333333333,267.05,123.110680153886,7.07102235639487
2022-12-09 08:00:00,76.15,267.283333333333,124.826145380354,6.71564775239717
2022-12-09 09:00:00,88.75,267.05,122.783798737635,7.02123102511114
2022-12-09 10:00:00,91.3166666666667,267.133333333333,123.283216541265,7.11390260756925
2022-12-09 11:00:00,91.7333333333333,267.616666666667,125.360364628171,7.967725127432
2022-12-09 12:00:00,92.3,267.75,113.271783173739,7.54434718386206
2022-12-09 13:00:00,93.0166666666667,268.033333333333,119.601722676846,8.13475689433436
2022-12-09 14:00:00,92.2333333333333,268.866666666667,112.339378626007,6.10271424498795
2022-12-09 15:00:00,91.3333333333333,268.85,130.608184616044,5.6242633722808
2022-12-09 16:00:00,92.8166666666667,268.333333333333,127.82291123608,2.79770535745597
2022-12-09 17:00:00,93.5166666666667,268.566666666667,126.06840234363,2.86028815941113
2022-12-09 18:00:00,93.6,268.666666666667,75.4578844468421,1.84694030501857
2022-12-09 19:00:00,93.4833333333333,268.35,47.8546819955242,2.00611552335884
2022-12-09 20:00:00,93.3666666666667,268.066666666667,77.4271431450133,1.41229720220761
2022-12-09 21:00:00,93.2666666666667,267.85,112.617840244996,2.25227079491701
2022-12-09 22:00:00,92.5666666666667,267.766666666667,105.564511984989,3.24977683744055
2022-12-09 23:00:00,92.0166666666667,267.816666666667,129.071646419286,2.35790219819051
2022-12-10 00:00:00,93.0166666666667,267.55,126.630208353841,2.19918364790213
2022-12-10 01:00:00,92.0833333333333,268.1,127.622126412177,2.75437638003706
2022-12-10 02:00:00,91.8666666666667,267.883333333333,126.519880981965,1.55649957667007
2022-12-10 03:00:00,92.8833333333333,267.25,42.8623720443316,1.97716229365655
2022-12-10 04:00:00,93.05,267.1,62.758850870369,1.3942948813356
2022-12-10 05:00:00,92.85,266.65,9.36419046743424,0.902039762680625
2022-12-10 06:00:00,92.6833333333333,266.216666666667,351.322128119973,1.14971437544725
2022-12-10 07:00:00,92.55,265.8,355.497137862972,3.2023766815129
2022-12-10 08:00:00,92.5,265.666666666667,359.28439003458,1.78824269358101
2022-12-10 09:00:00,92.4666666666667,265.7,,0.0
2022-12-10 10:00:00,92.4333333333333,265.9,348.703656668768,0.367278926569356
2022-12-10 11:00:00,92.6,266.6,,0.0
2022-12-10 12:00:00,92.5333333333334,266.483333333333,136.0,0.133333333333333
2022-12-10 13:00:00,92.35,266.266666666667,353.762403219625,1.13615153142063
2022-12-10 14:00:00,92.2833333333334,265.816666666667,356.237990795303,0.973916612950991
2022-12-10 15:00:00,92.15,265.083333333333,355.196688142612,0.791954388675291
2022-12-10 16:00:00,91.8166666666667,263.816666666667,2.10799650786436,1.39123580181197
2022-12-10 17:00:00,91.5166666666667,262.216666666667,2.29665246644595,2.58167372714516
2022-12-10 18:00:00,91.3833333333333,261.45,355.091909041351,5.25595933191805
2022-12-10 19:00:00,91.2666666666667,260.916666666667,359.717300690938,3.66144760524808
2022-12-10 20:00:00,91.1833333333333,260.516666666667,353.934924865486,2.98898384047635
2022-12-10 21:00:00,91.1,260.15,355.181757682361,1.89349588009811
2022-12-10 22:00:00,91.0,259.833333333333,356.56255575182,1.46399680646344
2022-12-10 23:00:00,90.9333333333333,259.416666666667,351.73872980609,0.508517944853086
2022-12-11 00:00:00,90.7666666666667,258.833333333333,359.111122255285,0.0299954872681364
2022-12-11 01:00:00,90.7,258.466666666667,,0.0
2022-12-11 02:00:00,90.6333333333333,258.15,,0.0
2022-12-11 03:00:00,90.1333333333333,257.85,,0.0
2022-12-11 04:00:00,88.8833333333333,257.466666666667,,0.0
2022-12-11 05:00:00,88.2666666666667,257.25,,0.0
2022-12-11 06:00:00,87.7833333333333,257.083333333333,,0.0
2022-12-11 07:00:00,86.55,256.683333333333,,0.0
2022-12-11 08:00:00,85.6,256.2,,0.0
2022-12-11 09:00:00,85.25,256.0,,0.0
2022-12-11 10:00:00,86.2666666666667,256.366666666667,,0.0
2022-12-11 11:00:00,88.1666666666667,257.5,,0.0
2022-12-11 12:00:00,90.3833333333333,259.316666666667,,0.0
2022-12-11 13:00:00,88.0166666666667,258.7,,0.0
2022-12-11 14:00:00,90.2166666666667,259.316666666667,,0.0
2022-12-11 15:00:00,89.0666666666667,259.1,,0.0
2022-12-11 16:00:00,88.5833333333333,258.916666666667,,0.0
2022-12-11 17:00:00,85.1166666666667,257.266666666667,,0.0
2022-12-11 18:00:00,80.4333333333333,254.083333333333,,0.0
2022-12-11 19:00:00,81.6166666666667,254.133333333333,,0.0
2022-12-11 20:00:00,81.3,254.033333333333,,0.0
2022-12-11 21:00:00,81.2333333333333,253.983333333333,,0.0
2022-12-11 22:00:00,80.9,254.05,,0.0
2022-12-11 23:00:00,80.6166666666667,253.983333333333,,0.0
2022-12-12 00:00:00,81.1,254.016666666667,,0.0
2022-12-12 01:00:00,81.2833333333334,254.133333333333,,0.0
2022-12-12 02:00:00,81.1833333333333,254.1,,0.0
2022-12-12 03:00:00,81.5333333333333,254.266666666667,,0.0
2022-12-12 04:00:00,80.9666666666667,254.45,,0.0
2022-12-12 05:00:00,78.8666666666667,254.65,,0.0
2022-12-12 06:00:00,76.3333333333333,255.016666666667,,0.0
2022-12-12 07:00:00,62.5,255.316666666667,35.5171845371592,0.60778544989499
2022-12-12 08:00:00,53.4333333333333,255.416666666667,36.0725575875111,1.02621879441215
2022-12-12 09:00:00,51.0666666666667,255.85,20.8178059669293,1.12631839807385
2022-12-12 10:00:00,52.55,256.416666666667,37.0923685087963,1.5642443340547
2022-12-12 11:00:00,56.6833333333333,257.6,44.0120863748774,1.62783482411447
2022-12-12 12:00:00,60.7166666666667,257.883333333333,47.0862045251776,1.6416383430198
2022-12-12 13:00:00,62.4833333333334,258.216666666667,56.7051233947245,2.59656031158252
2022-12-12 14:00:00,61.9333333333333,258.766666666667,43.582214600232,1.92379415873399
2022-12-12 15:00:00,60.4833333333333,258.733333333333,63.3528381617983,3.19647948343087
2022-12-12 16:00:00,63.9,257.583333333333,36.7889616515452,3.89462437904325
2022-12-12 17:00:00,65.8833333333334,257.133333333333,39.2919043021545,3.61084173491472
2022-12-12 18:00:00,67.1166666666667,256.55,58.8313432183852,2.20010699990605
2022-12-12 19:00:00,66.7,256.65,114.434073184378,2.02692779932655
2022-12-12 20:00:00,65.4,256.716666666667,126.772998906457,3.59032650487476
2022-12-12 21:00:00,61.7833333333333,256.95,118.887833378602,3.99013097067475
2022-12-12 22:00:00,60.95,256.85,126.603755138974,3.25071202990653
2022-12-12 23:00:00,61.9833333333333,256.8,126.816955372227,4.655075093562
2022-12-13 00:00:00,63.5,256.733333333333,130.555226085754,5.02523854638895
2022-12-13 01:00:00,58.45,257.066666666667,134.138877806529,4.69839520147068
2022-12-13 02:00:00,49.8666666666667,257.533333333333,135.551548568685,4.5778762712395
2022-12-13 03:00:00,46.3333333333333,257.583333333333,136.257554768066,6.07178901568696
2022-12-13 04:00:00,43.9333333333333,257.766666666667,127.744579860822,5.57850848455195
2022-12-13 05:00:00,41.7666666666667,258.25,125.01544244475,4.93870408853753
2022-12-13 06:00:00,42.5833333333333,258.433333333333,123.686079306859,5.77536564949952
2022-12-13 07:00:00,44.0166666666667,258.45,131.382797988532,6.13495238650831
2022-12-13 08:00:00,44.8,258.983333333333,126.481954948934,6.90025738141478
2022-12-13 09:00:00,47.55,259.533333333333,138.332996933638,6.79463309560523
2022-12-13 10:00:00,56.3,260.266666666667,130.347090529383,6.68340112926279
2022-12-13 11:00:00,70.1333333333334,260.95,112.35195075479,5.75619918130579
2022-12-13 12:00:00,85.0,261.016666666667,122.313076813549,4.79473574935205
2022-12-13 13:00:00,91.3,261.733333333333,118.014413568868,4.28056879406151
2022-12-13 14:00:00,91.5,262.85,107.129513129732,3.644473358818
2022-12-13 15:00:00,91.7333333333333,263.45,100.602290380674,4.12203179952688
2022-12-13 16:00:00,92.0666666666667,264.516666666667,61.9840813527186,3.38214096407274
2022-12-13 17:00:00,92.25,265.0,43.5434724021754,6.35647420719952
2022-12-13 18:00:00,92.3666666666667,265.316666666667,33.5088594380007,4.92804266613208
2022-12-13 19:00:00,92.5,265.766666666667,39.6292527418142,4.66025278758816
2022-12-13 20:00:00,92.7166666666667,266.333333333333,51.6071588412386,4.05853227681922
2022-12-13 21:00:00,92.95,266.95,36.9722373376201,4.83564594587653
2022-12-13 22:00:00,93.0666666666667,267.283333333333,43.5352464122717,5.64377695460994
2022-12-13 23:00:00,93.1,267.383333333333,47.9905672799729,4.59626375973816
2022-12-14 00:00:00,93.2,267.65,29.307268249829,3.86098301707386
2022-12-14 01:00:00,93.25,267.75,36.1522917764826,3.84828618225571
2022-12-14 02:00:00,93.2666666666667,267.75,57.6739505060396,3.55980655755546
2022-12-14 03:00:00,93.1833333333333,267.733333333333,69.3614133763491,2.93736167782432
2022-12-14 04:00:00,92.8666666666667,267.866666666667,56.4036323479975,3.30618903611406
2022-12-14 05:00:00,93.0666666666667,267.833333333333,86.9993287300554,2.03896357116119
2022-12-14 06:00:00,93.25,268.066666666667,62.6934347924912,3.01563330237747
2022-12-14 07:00:00,91.8333333333333,268.066666666667,64.2139562938625,4.00851083741952
2022-12-14 08:00:00,85.6166666666667,268.416666666667,39.0667339407626,4.16308532092622
2022-12-14 09:00:00,80.0833333333333,268.633333333333,99.6015637605596,3.229440303236
2022-12-14 10:00:00,79.6333333333334,269.05,119.287524741756,2.86792343971629
2022-12-14 11:00:00,81.9333333333333,269.683333333333,106.331550614622,3.5222311221681
2022-12-14 12:00:00,84.8833333333333,269.816666666667,124.317153238943,3.82664597043168
2022-12-14 13:00:00,69.6666666666667,270.45,125.061632438726,5.04895051246253
2022-12-14 14:00:00,64.6,270.65,105.100547218624,3.44333185573341
2022-12-14 15:00:00,54.8166666666667,271.0,112.293202885886,3.38128130403814
2022-12-14 16:00:00,62.2,270.233333333333,101.396202116361,3.81970170270591
2022-12-14 17:00:00,75.8666666666667,269.75,118.816705300842,3.64259904065498
2022-12-14 18:00:00,91.7,268.866666666667,88.3373327958781,2.99952284151847
2022-12-14 19:00:00,92.5833333333333,268.583333333333,55.3171260975955,7.28265995016148
2022-12-14 20:00:00,92.1666666666667,268.366666666667,46.6446112558922,5.84512545331277
2022-12-14 21:00:00,90.3,268.483333333333,66.6816867034822,3.20569670441785
2022-12-14 22:00:00,88.3166666666667,268.733333333333,108.45233447163,3.38775504397677
2022-12-14 23:00:00,86.7333333333333,268.866666666667,109.494398626576,3.47422059058474
2022-12-15 00:00:00,90.6666666666667,268.716666666667,101.305356573566,2.68990874954968
2022-12-15 01:00:00,80.3,269.233333333333,123.972903401364,3.99893051977404
2022-12-15 02:00:00,87.3166666666667,269.383333333333,67.1878081336139,3.13810283374262
2022-12-15 03:00:00,86.25,269.383333333333,58.8403858786625,2.91985163737061
2022-12-15 04:00:00,83.3666666666667,269.416666666667,67.0958985722167,3.01520507050132
2022-12-15 05:00:00,75.6333333333333,269.566666666667,102.531979495291,3.57274032395733
2022-12-15 06:00:00,68.9,269.6,119.269177815256,3.69638075098019
2022-12-15 07:00:00,61.8166666666667,269.916666666667,117.202784154197,4.41269941353859
2022-12-15 08:00:00,60.9833333333333,269.75,128.993427498149,3.57861868204328
2022-12-15 09:00:00,59.4,269.65,133.209347519938,3.67566080629225
2022-12-15 10:00:00,57.8166666666667,269.783333333333,122.349866144839,4.066953712491
2022-12-15 11:00:00,53.1833333333333,270.15,131.118631139303,5.60052259344948
2022-12-15 12:00:00,49.1,270.333333333333,126.492618493488,5.72590898228504
2022-12-15 13:00:00,49.4333333333333,270.216666666667,128.445524744221,3.65391456361185
2022-12-15 14:00:00,49.15,270.05,128.647887145914,4.72347908711573
2022-12-15 15:00:00,50.9666666666667,269.683333333333,113.121609298479,6.86489477286283
2022-12-15 16:00:00,54.7166666666667,269.25,119.076191452943,6.76989688147208
2022-12-15 17:00:00,60.5833333333333,269.033333333333,117.320765433946,5.71064603893402
2022-12-15 18:00:00,91.55,267.833333333333,119.023137279103,4.41819074033194
2022-12-15 19:00:00,93.0666666666667,267.483333333333,127.224748973912,4.00096624745556
2022-12-15 20:00:00,93.15,267.55,131.801713546743,4.8849084369317
2022-12-15 21:00:00,92.9,267.066666666667,128.915347627739,3.93443261805065
2022-12-15 22:00:00,92.8,266.7,133.096345447102,3.97170788061238
2022-12-15 23:00:00,93.0,267.216666666667,134.723734713637,4.33645601346472
2022-12-16 00:00:00,93.4,268.233333333333,119.530971573081,3.63721434104999
2022-12-16 01:00:00,93.55,268.616666666667,109.477386195449,4.42121834997455
2022-12-16 02:00:00,93.7,268.85,130.241920041883,4.12368605011508
2022-12-16 03:00:00,93.7,268.783333333333,130.927161679306,3.94659133106189
2022-12-16 04:00:00,93.7,268.8,137.898632159606,3.56100497796418
2022-12-16 05:00:00,93.7,268.833333333333,118.825689866228,2.24234272482096
2022-12-16 06:00:00,93.7,268.883333333333,133.834199851857,1.86372485060954
2022-12-16 07:00:00,93.65,268.7,84.5200113974393,1.07857677089664
2022-12-16 08:00:00,93.4833333333333,268.3,24.3965461077192,2.45366731095549
2022-12-16 09:00:00,93.35,267.966666666667,15.9685971942798,1.84704407363484
2022-12-16 10:00:00,93.2166666666667,267.733333333333,19.1733633445969,2.53599275294344
2022-12-16 11:00:00,93.1,267.483333333333,21.0548829946735,3.42962082876312
2022-12-16 12:00:00,92.8833333333333,267.166666666667,19.6412515714599,2.6349387403722
2022-12-16 13:00:00,92.75,266.866666666667,10.116099833971,2.21571720872124
2022-12-16 14:00:00,92.6833333333333,266.65,8.52988763442698,2.83066688951764
2022-12-16 15:00:00,92.7,266.433333333333,8.87076849174775,3.08720659893107
2022-12-16 16:00:00,92.7,266.433333333333,20.2830709500366,2.47265422458505
2022-12-16 17:00:00,92.6,266.133333333333,13.7754387900349,2.54308143568539
2022-12-16 18:00:00,92.5166666666667,265.883333333333,30.3401216763844,2.1038540470197
2022-12-16 19:00:00,92.4666666666667,265.666666666667,47.5129670867869,1.6985898501656
2022-12-16 20:00:00,92.4,265.533333333333,93.8558536786028,1.01725141523784
2022-12-16 21:00:00,92.3333333333333,265.333333333333,59.4722691191269,1.19341692778313
2022-12-16 22:00:00,92.3,265.066666666667,68.8301458873939,0.981402531410293
2022-12-16 23:00:00,92.25,264.966666666667,56.8681326807263,1.07957322567971
2022-12-17 00:00:00,92.1166666666667,264.55,50.1012139707231,2.08814619390617
2022-12-17 01:00:00,91.9333333333333,263.95,54.2076915516672,2.59151245035905
2022-12-17 02:00:00,91.7666666666667,263.183333333333,66.2997985137827,2.8373709869062
2022-12-17 03:00:00,91.7,262.833333333333,94.1906301130587,1.69265772729198
2022-12-17 04:00:00,91.5166666666667,262.15,103.593890911866,1.50329141971553
2022-12-17 05:00:00,91.1333333333334,260.5,42.5825252619039,3.40901626228289
2022-12-17 06:00:00,90.5166666666667,259.216666666667,40.4658983070204,5.25141305328274
2022-12-17 07:00:00,63.7333333333334,259.55,54.4804449586828,4.97342644427456
2022-12-17 08:00:00,23.1666666666667,260.133333333333,44.0975314763531,4.50412677644325
2022-12-17 09:00:00,19.5333333333333,260.7,67.2235957029636,2.35051432114473
2022-12-17 10:00:00,15.5833333333333,261.883333333333,45.6644069140644,3.32858358656154
2022-12-17 11:00:00,3.45,264.066666666667,59.7175143981626,2.31719803481283
2022-12-17 12:00:00,1.43333333333333,264.433333333333,39.6156494448428,4.04363046670273
2022-12-17 13:00:00,1.83333333333333,265.333333333333,78.1243618896326,3.03984819134561
2022-12-17 14:00:00,3.85,266.25,91.0244294689858,1.27614159812451
2022-12-17 15:00:00,1.2,266.033333333333,61.3986354690142,3.39014750979875
2022-12-17 16:00:00,2.01666666666667,265.8,69.5457359618424,2.75995459011567
2022-12-17 17:00:00,-0.816666666666667,264.933333333333,51.091366053094,3.73910738405533
2022-12-17 18:00:00,-0.633333333333333,264.316666666667,41.7912756113383,4.52536798953219
2022-12-17 19:00:00,0.216666666666667,264.333333333333,77.6443530003797,2.11339460448611
2022-12-17 20:00:00,-0.766666666666667,264.433333333333,43.1600322294476,4.37832880209426
2022-12-17 21:00:00,-0.8,264.716666666667,41.8530625782419,3.86429100207863
2022-12-17 22:00:00,-0.3,264.883333333333,50.659362752913,4.0186275496272
2022-12-17 23:00:00,0.05,265.216666666667,51.3424542365538,4.34222113347599
2022-12-18 00:00:00,1.36666666666667,265.233333333333,112.120117167256,2.58155222637559
2022-12-18 01:00:00,4.15,265.55,110.90806363162,2.96023746191577
2022-12-18 02:00:00,7.3,266.033333333333,55.7873189947606,3.48208517250691
2022-12-18 03:00:00,8.23333333333333,266.15,23.5658805745943,5.5510373708843
2022-12-18 04:00:00,8.98333333333333,266.316666666667,31.9753437010623,4.41864795494069
2022-12-18 05:00:00,8.01666666666667,266.466666666667,34.8847117689771,4.41909052161114
2022-12-18 06:00:00,7.36666666666667,266.816666666667,32.7390321864351,4.21315207634723
2022-12-18 07:00:00,10.8833333333333,266.866666666667,60.2573153250589,2.87939448889012
2022-12-18 08:00:00,11.8333333333333,267.05,65.7008384084919,3.06469488025584
2022-12-18 09:00:00,12.0666666666667,267.133333333333,102.582581007677,2.21922232312099
2022-12-18 10:00:00,10.6,267.783333333333,117.899105277288,3.1862980409313
2022-12-18 11:00:00,9.78333333333333,268.883333333333,128.532901665186,4.34177379441007
2022-12-18 12:00:00,5.91666666666667,270.183333333333,123.919041537106,3.37671995290475
2022-12-18 13:00:00,3.33333333333333,271.133333333333,131.736431609036,2.4447949087705
2022-12-18 14:00:00,0.666666666666667,271.933333333333,93.5647788310928,2.74588488900847
2022-12-18 15:00:00,-0.266666666666667,271.9,113.109303660926,3.03308688946135
2022-12-18 16:00:00,-1.31666666666667,271.383333333333,105.030999406927,3.86959393182913
2022-12-18 17:00:00,-0.716666666666667,270.85,115.726100570648,2.81758563070037
2022-12-18 18:00:00,-1.18333333333333,270.483333333333,120.582701441214,3.01940294045846
2022-12-18 19:00:00,-0.333333333333333,270.083333333333,126.65731662527,3.78135297899177
2022-12-18 20:00:00,-0.333333333333333,270.366666666667,131.845365178643,4.74946961378531
2022-12-18 21:00:00,-0.95,271.0,130.08367422456,4.46775165721558
2022-12-18 22:00:00,-0.866666666666667,271.716666666667,114.75649482987,3.61275066583503
2022-12-18 23:00:00,0.2,271.716666666667,116.64361365978,4.02808398989571
2022-12-19 00:00:00,0.45,271.75,132.104631542988,4.39169002050886
2022-12-19 01:00:00,0.35,272.183333333333,126.808685449852,3.51355632562779
2022-12-19 02:00:00,2.16666666666667,272.316666666667,128.867944718692,3.42907506788848
2022-12-19 03:00:00,7.45,272.666666666667,114.760647184392,2.78528571316666
2022-12-19 04:00:00,14.7,272.916666666667,70.0633911580119,3.66798618496776
2022-12-19 05:00:00,18.3333333333333,273.083333333333,42.1712387441676,4.37125824829407
2022-12-19 06:00:00,21.8,272.366666666667,50.8591303175567,2.88506490629269
2022-12-19 07:00:00,38.7166666666667,272.3,96.8172580135997,3.20955060361842
2022-12-19 08:00:00,46.55,272.433333333333,74.4108432138194,2.93226201805288
2022-12-19 09:00:00,68.8666666666667,272.633333333333,56.7261275435876,3.68892291220351
2022-12-19 10:00:00,85.4166666666667,273.1,37.459141131395,3.18094880321247
2022-12-19 11:00:00,91.5333333333333,273.533333333333,36.2473968950155,3.57700437473033
2022-12-19 12:00:00,86.05,274.983333333333,68.0926031107874,3.56158172652009
2022-12-19 13:00:00,83.6,275.15,58.0,4.69
2022-12-19 14:00:00,83.6,275.15,58.0,4.69
2022-12-19 15:00:00,83.6,275.15,58.0,4.69
2022-12-19 16:00:00,83.6,275.15,58.0,4.69
2022-12-19 17:00:00,83.6,275.15,58.0,4.69
2022-12-19 18:00:00,83.6,275.15,58.0,4.69
2022-12-19 19:00:00,83.6,275.15,58.0,4.69
2022-12-19 20:00:00,83.6,275.15,58.0,4.69
2022-12-19 21:00:00,83.6,275.15,58.0,4.69
2022-12-19 22:00:00,83.6,275.15,58.0,4.69
2022-12-19 23:00:00,83.6,275.15,58.0,4.69
2022-12-20 00:00:00,78.6833333333333,275.45,64.6483360016956,4.37842928740309
2022-12-20 01:00:00,53.7666666666667,276.966666666667,133.06715484928,5.00719273409127
2022-12-20 02:00:00,52.9333333333333,276.866666666667,134.851045229515,5.37828608957932
2022-12-20 03:00:00,53.7333333333333,276.633333333333,132.929397631104,5.955301474871
2022-12-20 04:00:00,51.4833333333333,276.45,130.35425401975,5.11631862827541
2022-12-20 05:00:00,49.3,276.333333333333,132.052415896104,5.44592566449029
2022-12-20 06:00:00,50.3833333333333,275.983333333333,134.412767066823,5.3444687169453
2022-12-20 07:00:00,50.05,275.766666666667,134.10906751599,6.31756123527411
2022-12-20 08:00:00,43.3,276.166666666667,125.692541107019,6.93565144383598
2022-12-20 09:00:00,40.6166666666667,276.35,135.621092717143,6.20547285847514
2022-12-20 10:00:00,36.35,276.816666666667,130.298156456602,4.61944953916235
2022-12-20 11:00:00,31.8333333333333,277.45,131.52495056026,3.61167490604161
2022-12-20 12:00:00,28.5166666666667,278.166666666667,131.18924095218,2.85802668170775
2022-12-20 13:00:00,24.9666666666667,278.516666666667,108.139899616745,1.92770686745731
2022-12-20 14:00:00,22.6,278.6,65.9552800522391,1.97649142530948
2022-12-20 15:00:00,21.8833333333333,278.65,79.0607168520169,1.81789987256331
2022-12-20 16:00:00,32.7,277.933333333333,106.825883472674,3.06745626995339
2022-12-20 17:00:00,38.4833333333333,277.7,108.766422392161,2.8631222907585
2022-12-20 18:00:00,35.5833333333333,277.533333333333,89.9140997712729,0.994033152240747
2022-12-20 19:00:00,29.0166666666667,276.866666666667,130.221839112243,3.85271189805979
2022-12-20 20:00:00,25.8666666666667,277.266666666667,136.344601677145,3.52868014107034
2022-12-20 21:00:00,30.6166666666667,276.733333333333,133.607792515818,4.5927844304236
2022-12-20 22:00:00,34.05,276.483333333333,136.780750287842,5.39599058922557
2022-12-20 23:00:00,37.5666666666667,276.683333333333,122.618058000725,4.3634455088514
2022-12-21 00:00:00,39.8666666666667,276.683333333333,125.847575703828,3.14075698189155
2022-12-21 01:00:00,40.8,276.566666666667,129.643300383248,4.20268723473773
2022-12-21 02:00:00,43.2166666666667,275.966666666667,139.756487770884,3.09594617180855
2022-12-21 03:00:00,51.3166666666667,273.916666666667,88.4270548809346,0.593506448680244
2022-12-21 04:00:00,53.45,273.316666666667,144.20666814973,1.81762966185575
2022-12-21 05:00:00,56.1833333333333,272.866666666667,182.842043302556,0.587486221126854
2022-12-21 06:00:00,62.3,272.1,1.71823560001155,0.264080856672387
2022-12-21 07:00:00,80.7333333333333,270.516666666667,348.987826453021,2.80939693459789
2022-12-21 08:00:00,79.7833333333334,270.616666666667,158.895965969366,0.561717089582775
2022-12-21 09:00:00,79.2666666666667,270.633333333333,146.591443474813,2.80030831426552
2022-12-21 10:00:00,91.5666666666667,270.75,115.903597728362,4.05849411687628
2022-12-21 11:00:00,92.3833333333333,271.15,70.0896587589426,3.6135535839059
2022-12-21 12:00:00,92.7,271.1,58.7210049570622,3.12685591384626
2022-12-21 13:00:00,93.2,271.083333333333,52.0560727668637,3.47356435192621
2022-12-21 14:00:00,93.6666666666667,271.15,44.8043040261309,3.23603640179295
2022-12-21 15:00:00,94.0,271.033333333333,57.7708536866988,3.02161644986891
2022-12-21 16:00:00,94.0166666666667,270.9,51.9437746683466,3.37551670872198
2022-12-21 17:00:00,93.25,270.833333333333,56.7370323901547,2.7367627217945
2022-12-21 18:00:00,93.6666666666667,270.666666666667,66.7238135125263,1.97741212260476
2022-12-21 19:00:00,92.2333333333333,270.983333333333,76.7816156560935,4.4428855969548
2022-12-21 20:00:00,91.25,271.066666666667,53.9495535412989,3.34420008842401
2022-12-21 21:00:00,93.3666666666667,270.25,41.0929854191994,3.60686239039137
2022-12-21 22:00:00,89.6333333333333,270.433333333333,123.860466379851,4.61353286312015
2022-12-21 23:00:00,88.8166666666667,270.483333333333,130.297915136224,3.62170337090151
2022-12-22 00:00:00,91.1333333333333,270.566666666667,124.734154103872,3.12002199004869
2022-12-22 01:00:00,88.6166666666667,270.766666666667,105.280908336352,2.54364961098874
2022-12-22 02:00:00,85.0333333333333,270.95,131.625936102428,3.97727205637945
2022-12-22 03:00:00,72.6,271.283333333333,114.45662475557,3.48762763973711
2022-12-22 04:00:00,74.2666666666667,271.15,89.1268069694866,4.22311739282072
2022-12-22 05:00:00,78.75,270.933333333333,105.581951953926,2.91553182819855
2022-12-22 06:00:00,80.1,270.816666666667,123.006974532452,3.34106235860328
2022-12-22 07:00:00,79.6333333333333,270.6,112.750225508679,4.20734145475326
2022-12-22 08:00:00,71.05,270.583333333333,122.434970752203,3.19600515036677
2022-12-22 09:00:00,67.3166666666667,270.383333333333,114.836864459658,3.75433449382334
2022-12-22 10:00:00,72.8,269.983333333333,40.7208288105676,3.73122655902387
2022-12-22 11:00:00,64.7333333333333,270.233333333333,95.2177388796277,3.43746194957381
2022-12-22 12:00:00,55.3666666666667,271.016666666667,81.860969387011,3.50814347389443
2022-12-22 13:00:00,59.6833333333333,270.233333333333,21.5694624724503,4.48431154708549
2022-12-22 14:00:00,82.9,268.766666666667,15.9263035069315,6.65621423485246
2022-12-22 15:00:00,90.2166666666667,268.4,17.548657736112,7.00876395128739
2022-12-22 16:00:00,91.1333333333333,268.366666666667,37.692918182216,4.21651807622131
2022-12-22 17:00:00,81.3,268.65,63.1553992745595,4.57890887205944
2022-12-22 18:00:00,82.1666666666667,268.433333333333,11.7565076784069,9.9103188387311
2022-12-22 19:00:00,76.3,268.583333333333,23.7811503977748,9.7795306691117
2022-12-22 20:00:00,77.45,268.75,55.5545004847966,5.10448365148458
2022-12-22 21:00:00,83.4833333333333,269.05,50.4693983476142,4.80596128892667
2022-12-22 22:00:00,90.4166666666667,269.05,116.297581975912,3.73698673653695
2022-12-22 23:00:00,91.3833333333333,269.083333333333,117.630172775986,3.80147594535864
2022-12-23 00:00:00,92.6,268.916666666667,120.332317382363,3.68414224033821
2022-12-23 01:00:00,93.8833333333333,269.383333333333,82.9801718331137,4.093296237987
2022-12-23 02:00:00,94.3,269.983333333333,46.604790038448,5.59959993632735
2022-12-23 03:00:00,94.6166666666667,270.633333333333,32.9232963815562,6.84925063368508
2022-12-23 04:00:00,94.8833333333333,270.783333333333,27.5088556931463,5.43267029174675
2022-12-23 05:00:00,95.0666666666667,270.933333333333,6.34185007503595,7.27764181126448
2022-12-23 06:00:00,95.15,271.033333333333,23.4401446952586,8.83583927003611
2022-12-23 07:00:00,95.2666666666667,271.166666666667,1.20050182246689,7.69807739985644
2022-12-23 08:00:00,95.3,271.15,10.8676520560888,8.20812527712322
2022-12-23 09:00:00,95.3,271.15,13.6806248304052,7.56541616319831
2022-12-23 10:00:00,95.3,271.3,19.5046829802054,6.23922993014218
2022-12-23 11:00:00,95.15,271.466666666667,8.27176948610145,8.1277679315076
2022-12-23 12:00:00,95.1,271.483333333333,26.458151398028,5.64615173711603
2022-12-23 13:00:00,94.8333333333333,271.633333333333,59.6003513822791,6.19855795219524
2022-12-23 14:00:00,94.4833333333333,271.916666666667,54.2882780102541,5.01755391219804
2022-12-23 15:00:00,94.7666666666667,272.1,28.194938834167,6.33745477249117
2022-12-23 16:00:00,94.9,271.9,29.3932790358136,5.5302294893038
2022-12-23 17:00:00,94.6,271.75,40.913386202565,6.17592896056581
2022-12-23 18:00:00,94.35,271.616666666667,53.5465490528609,6.77994392935415
2022-12-23 19:00:00,94.75,271.65,33.1615102415008,9.90768452626874
2022-12-23 20:00:00,95.1166666666667,271.85,57.1201666242909,7.64576358834887
2022-12-23 21:00:00,94.8,271.516666666667,46.3053333472907,6.76562439636856
2022-12-23 22:00:00,94.9333333333333,270.85,9.98056213567941,8.46409578896105
2022-12-23 23:00:00,94.1666666666667,270.066666666667,22.3181951387384,9.92942197721637
2022-12-24 00:00:00,92.7,269.883333333333,23.6187332800469,8.68999965551607
2022-12-24 01:00:00,92.4,269.8,13.7024478059789,9.45376852156855
2022-12-24 02:00:00,93.8833333333333,269.7,21.6283386329156,6.87020157172364
2022-12-24 03:00:00,94.1166666666667,269.35,12.6849900313695,10.9242292098022
2022-12-24 04:00:00,93.7333333333333,268.5,14.5919190411094,11.8754019328478
2022-12-24 05:00:00,93.7833333333334,268.733333333333,14.7222648504392,4.92467297871262
2022-12-24 06:00:00,93.5166666666667,268.133333333333,25.070987960467,4.68271141307248
2022-12-24 07:00:00,93.3333333333333,267.683333333333,1.15423405613626,3.80464649935457
2022-12-24 08:00:00,93.1333333333333,267.233333333333,23.8743265796204,5.70778588895887
2022-12-24 09:00:00,93.2,267.416666666667,30.1654791755774,5.05226766462044
2022-12-24 10:00:00,93.2666666666667,267.716666666667,20.8170051674363,5.06642691665544
2022-12-24 11:00:00,93.3,268.033333333333,32.8830406765973,3.242788757649
2022-12-24 12:00:00,93.4166666666667,268.7,45.6922363241595,5.43747611481419
2022-12-24 13:00:00,93.65,269.316666666667,27.1298141163311,5.63051323530671
2022-12-24 14:00:00,93.7333333333333,269.616666666667,9.04654444774326,4.08731562393896
2022-12-24 15:00:00,93.8166666666667,269.533333333333,13.4036397396403,5.23638916962056
2022-12-24 16:00:00,93.9833333333333,269.683333333333,16.2560262429995,4.83132320777767
2022-12-24 17:00:00,94.05,269.7,18.9530402601775,5.65983794090766
2022-12-24 18:00:00,94.1833333333333,269.866666666667,21.0778388663888,3.38807140439411
2022-12-24 19:00:00,94.4,270.3,39.4274314118735,4.98645496625185
2022-12-24 20:00:00,94.7,270.833333333333,28.5449546045647,5.26345289890477
2022-12-24 21:00:00,94.8666666666667,271.05,25.255301467772,6.03524127969063
2022-12-24 22:00:00,95.0,271.2,33.2061885389762,5.11147241456581
2022-12-24 23:00:00,95.1,271.25,40.0551463815436,3.21143000861381
2022-12-25 00:00:00,95.1,271.25,44.3673666644286,4.37433284332203
2022-12-25 01:00:00,95.1333333333333,271.283333333333,53.6015860390465,3.07639982448704
2022-12-25 02:00:00,95.2,271.316666666667,37.5899615689214,4.45184163159914
2022-12-25 03:00:00,95.2,271.35,55.3383973280023,3.70238724018976
2022-12-25 04:00:00,95.2666666666667,271.416666666667,108.226944076118,3.08522591519615
2022-12-25 05:00:00,95.3,271.4,118.930753667471,2.82503854375075
2022-12-25 06:00:00,95.3,271.4,133.32475006665,2.81174895707928
2022-12-25 07:00:00,95.1833333333333,271.216666666667,126.907126071519,2.47566680307025
2022-12-25 08:00:00,95.0666666666667,271.016666666667,135.639910445541,2.73140847958244
2022-12-25 09:00:00,95.0833333333333,271.266666666667,130.485506830303,3.85127624440876
2022-12-25 10:00:00,93.8333333333333,272.066666666667,111.880416132814,3.97390436268253
2022-12-25 11:00:00,89.7833333333334,273.25,83.6855601356001,2.44136707034004
2022-12-25 12:00:00,62.7666666666667,274.733333333333,117.238066535353,3.72451287759627
2022-12-25 13:00:00,44.55,275.516666666667,63.5126984258857,4.4991394415721
2022-12-25 14:00:00,41.8333333333333,276.466666666667,102.302810609545,3.39165441663441
2022-12-25 15:00:00,39.5666666666667,276.916666666667,123.342686290175,3.1880817759215
2022-12-25 16:00:00,39.05,276.433333333333,123.372954074264,3.48122047947574
2022-12-25 17:00:00,39.3166666666667,275.55,122.670292746377,3.5265435114233
2022-12-25 18:00:00,37.5666666666667,275.45,125.325401295304,3.69997870258707
2022-12-25 19:00:00,32.45,275.8,114.201990935133,4.49085373615262
2022-12-25 20:00:00,27.4166666666667,276.0,121.99203300039,3.7926166674697
2022-12-25 21:00:00,25.3,276.05,120.678484424091,3.24629012048234
2022-12-25 22:00:00,23.65,276.066666666667,128.538328848234,4.24450502788329
2022-12-25 23:00:00,27.3,275.65,121.609260906503,4.12946903247519
2022-12-26 00:00:00,28.9833333333333,275.533333333333,136.677192963326,6.33658858891298
2022-12-26 01:00:00,26.3,275.983333333333,120.324005018236,5.79102899032866
2022-12-26 02:00:00,24.2666666666667,276.016666666667,117.035375646111,4.4078697124517
2022-12-26 03:00:00,24.3166666666667,275.7,124.475190250858,3.99452298122915
2022-12-26 04:00:00,25.2,275.466666666667,120.105238651671,3.93349175679385
2022-12-26 05:00:00,28.8166666666667,274.733333333333,139.681918026419,3.3777545364803
2022-12-26 06:00:00,30.7166666666667,274.4,129.788257988146,3.82229993386658
2022-12-26 07:00:00,31.1333333333333,274.216666666667,119.230297842167,4.12218382100517
2022-12-26 08:00:00,32.6833333333333,274.083333333333,115.581917496033,2.45591529129557
2022-12-26 09:00:00,33.65,273.916666666667,122.239764788988,2.65854583207502
2022-12-26 10:00:00,32.9166666666667,274.65,105.996526517094,4.86487746527871
2022-12-26 11:00:00,34.0166666666667,275.05,121.703952926907,3.59423969445083
2022-12-26 12:00:00,35.5166666666667,275.1,119.968455067829,2.51938983302993
2022-12-26 13:00:00,38.3666666666667,274.283333333333,120.878048066794,4.75475733567044
2022-12-26 14:00:00,46.2666666666667,273.783333333333,88.3615304325225,3.68081877660965
2022-12-26 15:00:00,61.4833333333333,272.3,65.8468128734088,3.85840380466937
2022-12-26 16:00:00,55.8833333333333,272.683333333333,128.721785913663,2.55464144844117
2022-12-26 17:00:00,68.2333333333333,271.866666666667,123.517643726589,4.57392629236866
2022-12-26 18:00:00,87.7166666666667,270.666666666667,124.070800088993,4.38329709483858
2022-12-26 19:00:00,90.2833333333333,270.233333333333,62.2774837480975,3.20517711996856
2022-12-26 20:00:00,93.3333333333333,268.066666666667,7.83160886739813,9.79090198646679
2022-12-26 21:00:00,93.1833333333333,267.45,24.8384329207075,9.98368281943
2022-12-26 22:00:00,93.1333333333333,267.366666666667,24.0021852707703,9.10783442949878
2022-12-26 23:00:00,93.2166666666667,267.583333333333,26.8461154979763,4.65562747533434
2022-12-27 00:00:00,93.3,267.966666666667,33.1080028817723,4.57340449626581
2022-12-27 01:00:00,93.3666666666667,268.066666666667,357.094131857459,4.3401139332154
2022-12-27 02:00:00,93.1833333333333,267.5,5.30150840654153,5.05219210217488
2022-12-27 03:00:00,92.9833333333333,267.0,8.48105239418374,5.59942075131003
2022-12-27 04:00:00,92.9,266.7,13.7630839240729,5.64949312225949
2022-12-27 05:00:00,92.7666666666667,266.466666666667,14.155181298478,6.56394801924267
2022-12-27 06:00:00,92.6333333333333,265.983333333333,15.7848415554308,5.99885722866745
2022-12-27 07:00:00,92.5,265.616666666667,21.7387136213777,6.72921717324787
2022-12-27 08:00:00,92.4,265.283333333333,31.2958570796227,5.06679014258519
2022-12-27 09:00:00,92.3833333333333,265.216666666667,35.3805339791277,1.90716343145499
2022-12-27 10:00:00,92.35,265.316666666667,49.654308241615,1.02424188945166
2022-12-27 11:00:00,92.3333333333333,265.366666666667,7.55340744971284,1.34246169461075
2022-12-27 12:00:00,92.4333333333333,265.7,27.7448950586921,2.35732308755779
2022-12-27 13:00:00,92.3166666666667,265.5,,0.0
2022-12-27 14:00:00,92.2,265.333333333333,,0.0
2022-12-27 15:00:00,92.05,265.366666666667,,0.0
2022-12-27 16:00:00,91.85,264.933333333333,,0.0
2022-12-27 17:00:00,91.8333333333333,264.266666666667,,0.0
2022-12-27 18:00:00,91.4666666666667,264.016666666667,,0.0
2022-12-27 19:00:00,90.15,264.083333333333,,0.0
2022-12-27 20:00:00,78.3833333333333,264.4,,0.0
2022-12-27 21:00:00,56.9666666666667,264.916666666667,,0.0
2022-12-27 22:00:00,35.9666666666667,265.3,,0.0
2022-12-27 23:00:00,21.4333333333333,265.916666666667,99.9235242505428,0.78874475629846
2022-12-28 00:00:00,18.0833333333333,266.383333333333,114.393181804989,3.66599422571478
2022-12-28 01:00:00,16.75,266.683333333333,128.340944417266,4.67916114689487
2022-12-28 02:00:00,13.6,266.833333333333,127.679334365557,4.40963315982232
2022-12-28 03:00:00,9.81666666666667,267.5,119.271160807773,3.65418131979032
2022-12-28 04:00:00,10.2833333333333,267.833333333333,117.924950886524,4.18144553123167
2022-12-28 05:00:00,10.3333333333333,268.016666666667,108.148046706877,3.22673340442354
2022-12-28 06:00:00,12.85,268.233333333333,118.112153253099,3.62569150476103
2022-12-28 07:00:00,13.7333333333333,268.3,85.113639969898,3.4256833767738
2022-12-28 08:00:00,20.3833333333333,268.65,117.250082665886,4.44437067694297
2022-12-28 09:00:00,25.15,269.116666666667,98.6492470213007,4.29603745627284
2022-12-28 10:00:00,23.0833333333333,269.55,74.3171096970999,4.58064431584268
2022-12-28 11:00:00,20.55,270.283333333333,110.02658823549,4.38358048777449
2022-12-28 12:00:00,16.7833333333333,270.583333333333,98.908916530552,5.30069108435423
2022-12-28 13:00:00,15.7666666666667,271.516666666667,110.028132555125,4.12847440602414
2022-12-28 14:00:00,18.8166666666667,271.9,110.723884354331,4.4635661015868
2022-12-28 15:00:00,15.25,271.783333333333,113.601918871421,3.65936161075465
2022-12-28 16:00:00,17.55,271.516666666667,112.78889076514,3.96239455297211
2022-12-28 17:00:00,28.2666666666667,271.666666666667,113.854605128183,3.69426466411286
2022-12-28 18:00:00,38.1666666666667,270.966666666667,133.179857017827,4.20101854213942
2022-12-28 19:00:00,41.85,270.55,116.034543641488,4.79766044922422
2022-12-28 20:00:00,41.3666666666667,270.683333333333,133.778523562625,6.62052748453106
2022-12-28 21:00:00,41.5,270.916666666667,129.648217859985,5.1833982126283
2022-12-28 22:00:00,40.8,270.916666666667,129.65014384684,4.46841065216163
2022-12-28 23:00:00,38.3166666666667,270.85,121.811249211515,5.12558066608576
2022-12-29 00:00:00,35.7166666666667,270.516666666667,125.699220163031,5.94972686256337
2022-12-29 01:00:00,29.6,270.65,123.930697125827,5.99873013325233
2022-12-29 02:00:00,26.75,270.483333333333,129.708625007726,6.2409609183316
2022-12-29 03:00:00,19.6,270.966666666667,123.745745244575,4.06368884366663
2022-12-29 04:00:00,11.4,271.383333333333,101.051914916509,3.95112519435797
2022-12-29 05:00:00,6.28333333333333,271.116666666667,44.6297082854577,6.81728639529828
2022-12-29 06:00:00,6.16666666666667,270.866666666667,33.9592181888917,4.659379311978
2022-12-29 07:00:00,7.85,270.766666666667,54.365189804675,3.11262982427314
2022-12-29 08:00:00,8.91666666666667,270.7,115.023797382123,2.660333979899
2022-12-29 09:00:00,13.7166666666667,270.466666666667,127.490647360043,4.32850526923276
2022-12-29 10:00:00,18.2333333333333,270.8,127.639070174839,4.36393213357303
2022-12-29 11:00:00,29.7,271.466666666667,84.7306541949535,2.61520166027351
2022-12-29 12:00:00,42.8666666666667,271.55,71.9092218073819,2.62808363330554
2022-12-29 13:00:00,41.3166666666667,272.15,113.492795900707,2.80780552760066
2022-12-29 14:00:00,43.7166666666667,272.15,121.499408236755,4.25215786118172
2022-12-29 15:00:00,42.0166666666667,271.6,107.868719931024,4.45890199654898
2022-12-29 16:00:00,39.2666666666667,270.45,121.149243589652,4.74445735821657
2022-12-29 17:00:00,44.2833333333333,269.283333333333,120.339141285033,4.99634095275961
2022-12-29 18:00:00,48.9166666666667,269.316666666667,119.972423607077,4.7684427719879
2022-12-29 19:00:00,53.0833333333333,268.916666666667,132.07148374675,5.01145618137111
2022-12-29 20:00:00,56.4166666666667,268.6,116.006699939331,4.07145307320684
2022-12-29 21:00:00,60.2,268.233333333333,129.45853278675,5.61436889658686
2022-12-29 22:00:00,59.3333333333333,268.433333333333,127.362930146353,3.87586481650411
2022-12-29 23:00:00,60.7833333333333,268.3,117.420754611398,5.36481964740737
2022-12-30 00:00:00,62.3333333333333,268.283333333333,123.868813365737,4.47879203800737
2022-12-30 01:00:00,63.2,268.416666666667,118.556548441073,5.03931784592182
2022-12-30 02:00:00,66.5666666666667,268.283333333333,125.913062187684,4.63797796992838
2022-12-30 03:00:00,67.9,268.466666666667,121.461501188317,3.63248785334964
2022-12-30 04:00:00,71.6,268.25,104.779104853737,1.09116517820089
2022-12-30 05:00:00,91.7333333333333,267.05,124.545860025062,1.33976300372236
2022-12-30 06:00:00,92.7,267.116666666667,112.77662402185,2.88822610586451
2022-12-30 07:00:00,92.9166666666667,267.366666666667,118.41591757197,4.40501173786341
2022-12-30 08:00:00,92.9,267.35,122.449017701301,4.93478121973398
2022-12-30 09:00:00,92.5666666666667,267.833333333333,122.984074691823,5.29930675423116
2022-12-30 10:00:00,87.65,268.633333333333,129.985507662878,4.77147604155172
2022-12-30 11:00:00,77.25,269.483333333333,115.049918872692,3.41362417062373
2022-12-30 12:00:00,80.65,270.05,116.917986878276,6.35992657506085
2022-12-30 13:00:00,75.85,270.3,116.443994750038,4.96193533408182
2022-12-30 14:00:00,75.4166666666667,270.133333333333,130.455989200136,7.34508614753111
2022-12-30 15:00:00,67.4333333333333,270.25,137.359470720497,5.04705356748334
2022-12-30 16:00:00,70.8333333333333,269.566666666667,136.017854687775,7.1425886054688
2022-12-30 17:00:00,68.9,269.5,121.366208432564,4.39007256569945
2022-12-30 18:00:00,90.2,268.733333333333,127.501528334653,5.36877863848277
2022-12-30 19:00:00,93.75,269.316666666667,92.0041234712413,4.34351446128122
2022-12-30 20:00:00,94.05,270.933333333333,29.7894732661948,5.85953493098892
2022-12-30 21:00:00,94.15,271.033333333333,43.2337341401198,6.68544221230846
2022-12-30 22:00:00,93.3833333333333,271.25,46.6577504866594,4.78573302439399
2022-12-30 23:00:00,93.1,271.583333333333,59.40415824604,4.09617197916284
2022-12-31 00:00:00,94.0,271.683333333333,39.247679921158,4.71985926809451
2022-12-31 01:00:00,95.0666666666667,271.866666666667,101.598754332772,4.25197344159983
2022-12-31 02:00:00,95.0833333333333,271.966666666667,58.7154862657133,5.6238920273521
2022-12-31 03:00:00,95.0333333333334,271.983333333333,61.9561644333239,4.50748240887776
2022-12-31 04:00:00,94.0,272.083333333333,44.7875220777247,5.17430957449018
2022-12-31 05:00:00,91.5,272.466666666667,33.5332686849565,6.72024053963918
2022-12-31 06:00:00,83.9666666666667,273.25,58.0062697303818,5.27695527893175
2022-12-31 07:00:00,91.15,273.166666666667,79.1259382516251,5.09226014645774
2022-12-31 08:00:00,91.6833333333333,273.3,92.5873707106572,4.04242597469188
2022-12-31 09:00:00,92.1333333333333,273.116666666667,120.500953324402,4.29402179431869
2022-12-31 10:00:00,91.9166666666667,273.6,88.9455989580273,3.9583160002493
2022-12-31 11:00:00,85.1333333333333,274.4,113.631584873949,5.70177924594155
2022-12-31 12:00:00,61.9833333333333,275.733333333333,116.179422631977,5.4366042235554
2022-12-31 13:00:00,53.1333333333334,276.516666666667,116.113903131178,6.8192154176494
2022-12-31 14:00:00,50.8666666666667,276.766666666667,119.593413100223,5.67991884284158
2022-12-31 15:00:00,48.0,276.75,116.584124189081,6.3137834979744
2022-12-31 16:00:00,46.3333333333333,276.55,118.742516307105,4.64624115129739
2022-12-31 17:00:00,47.5333333333333,276.216666666667,134.788748353382,6.20207641887852
2022-12-31 18:00:00,45.3666666666667,276.333333333333,135.656237347607,6.04242190825973
2022-12-31 19:00:00,46.3,276.133333333333,132.904856980787,6.90942555008087
2022-12-31 20:00:00,46.15,276.033333333333,134.072403732352,7.71096428012699
2022-12-31 21:00:00,47.0666666666667,276.033333333333,132.060004540555,8.1106835614075
2022-12-31 22:00:00,48.7666666666667,275.8,127.784343720538,6.25864990467189
2022-12-31 23:00:00,51.3666666666667,275.5,130.311029661021,6.54615493803238
2023-01-01 00:00:00,55.9,274.91,125.076015291229,5.83218654398897
2023-01-01 01:00:00,58.7666666666667,274.75,126.323237067799,6.96112781443625
2023-01-01 02:00:00,58.1666666666667,274.916666666667,131.113643552853,5.82933240467601
2023-01-01 03:00:00,54.8666666666667,275.45,129.525566064319,4.63968938940496
2023-01-01 04:00:00,61.6166666666667,274.533333333333,125.270265498387,5.40156634595502
2023-01-01 05:00:00,67.4,273.983333333333,115.237103707481,6.00496033670835
2023-01-01 06:00:00,67.3,274.266666666667,113.834114715416,6.04666556823172
2023-01-01 07:00:00,62.35,274.783333333333,126.014808732202,4.00740627437705
2023-01-01 08:00:00,69.45,274.1,126.000331799158,4.82066362962677
2023-01-01 09:00:00,69.5166666666667,274.35,139.363668001101,6.52264737030528
2023-01-01 10:00:00,73.0666666666667,274.25,139.236999681151,6.30088178706363
2023-01-01 11:00:00,71.9333333333333,274.816666666667,130.98544746175,5.96158068776881
2023-01-01 12:00:00,67.7666666666667,275.4,121.567305610644,4.11998657113127
2023-01-01 13:00:00,60.3666666666667,276.066666666667,116.69255877889,4.15498651038768
2023-01-01 14:00:00,55.8333333333333,276.483333333333,129.42420823415,4.46397650166304
2023-01-01 15:00:00,52.8666666666667,276.533333333333,126.375545607124,4.65145265170902
2023-01-01 16:00:00,53.15,276.333333333333,115.320403761182,4.1891146424412
2023-01-01 17:00:00,53.9166666666667,275.583333333333,114.243130259227,3.41183271490418
2023-01-01 18:00:00,54.7,274.933333333333,123.287563120544,4.27055461045789
2023-01-01 19:00:00,51.3666666666667,275.05,126.996733550712,5.22012768900103
2023-01-01 20:00:00,51.9666666666667,274.766666666667,123.259066395347,5.29982140589781
2023-01-01 21:00:00,52.5333333333333,274.55,125.077539814623,4.50258102307801
2023-01-01 22:00:00,46.2833333333333,274.983333333333,93.3086720684296,3.73852430672795
2023-01-01 23:00:00,49.6333333333333,274.533333333333,130.067616648809,4.61922403926541
2023-01-02 00:00:00,49.5666666666667,274.366666666667,137.039564550138,6.5628403819656
2023-01-02 01:00:00,54.05,273.733333333333,121.967412695813,4.12505612270588
2023-01-02 02:00:00,55.6333333333333,273.35,127.118211648868,5.53461088251396
2023-01-02 03:00:00,55.6666666666667,273.266666666667,128.763634618166,6.21796234980198
2023-01-02 04:00:00,53.8166666666667,273.2,126.592329106095,6.96892146473569
2023-01-02 05:00:00,52.95,273.05,125.627177670065,6.18352729654842
2023-01-02 06:00:00,49.9666666666667,273.066666666667,107.180597667233,4.65858382922194
2023-01-02 07:00:00,46.5,273.133333333333,118.221545092964,5.22045613105281
2023-01-02 08:00:00,43.6333333333333,273.283333333333,118.040246524241,6.94516408871069
2023-01-02 09:00:00,41.05,273.533333333333,115.890640745194,5.96508246648959
2023-01-02 10:00:00,40.3166666666667,273.9,111.218610001071,5.60593195054105
2023-01-02 11:00:00,37.6166666666667,274.633333333333,123.804773328397,4.91980860514837
2023-01-02 12:00:00,35.8833333333333,275.05,124.932910707376,5.84920070801596
2023-01-02 13:00:00,37.9,274.7,129.707720714848,6.15393874810198
2023-01-02 14:00:00,38.8166666666667,274.55,127.166476515515,4.92790452727632
2023-01-02 15:00:00,38.8166666666667,274.483333333333,121.737302828058,3.78899809148362
2023-01-02 16:00:00,42.9166666666667,273.966666666667,131.656673958895,4.95236213875092
2023-01-02 17:00:00,45.5333333333333,273.4,124.377352779734,5.01805538536217
2023-01-02 18:00:00,47.2333333333333,273.05,119.927798468466,2.5085449259879
2023-01-02 19:00:00,52.5666666666667,272.416666666667,10.8883060473506,2.79384052574559
2023-01-02 20:00:00,65.6166666666667,271.283333333333,32.8765511279772,2.72318685094437
2023-01-02 21:00:00,73.0166666666667,270.816666666667,135.603568496759,1.88320608971687
2023-01-02 22:00:00,85.9666666666667,270.266666666667,136.933419482376,2.35731354781028
2023-01-02 23:00:00,80.8833333333333,270.35,130.912467819012,2.24276471558347
2023-01-03 00:00:00,84.2,270.233333333333,120.725903488,1.0838914113525
2023-01-03 01:00:00,86.6,270.183333333333,80.5946081428712,1.51353529644191
2023-01-03 02:00:00,90.0333333333334,270.166666666667,114.162660441477,1.50390035516958
2023-01-03 03:00:00,92.4666666666667,269.3,145.0,0.0316666666666667
2023-01-03 04:00:00,93.8833333333333,268.933333333333,149.598678741598,1.31663192434677
2023-01-03 05:00:00,93.9666666666667,268.9,136.336657394201,2.88241793189619
2023-01-03 06:00:00,93.7833333333334,268.9,130.88188234888,3.08651595630183
2023-01-03 07:00:00,93.8,269.033333333333,114.143066349934,3.23787441992542
2023-01-03 08:00:00,93.8,269.066666666667,131.83839533089,4.67071264493966
2023-01-03 09:00:00,93.8,269.183333333333,133.305216516455,3.19334559022809
2023-01-03 10:00:00,93.8,269.333333333333,121.488038870563,3.01395637099107
2023-01-03 11:00:00,93.8,269.55,131.768777504895,2.55960051799111
2023-01-03 12:00:00,93.7333333333333,269.733333333333,120.988906529448,2.54750783658661
2023-01-03 13:00:00,93.6833333333333,270.166666666667,77.6040511961865,2.68284607836402
2023-01-03 14:00:00,93.7,269.933333333333,33.848664267954,3.6808417853604
2023-01-03 15:00:00,93.8,269.6,11.6867300280217,3.12998368308912
2023-01-03 16:00:00,93.7333333333333,269.2,14.2959189185341,4.47510161242501
2023-01-03 17:00:00,93.7166666666667,269.05,8.93367306110429,3.7016329813877
2023-01-03 18:00:00,93.7,268.933333333333,13.5792587458445,3.5915298231267
2023-01-03 19:00:00,93.7,268.883333333333,20.3686783056498,2.63111144520907
2023-01-03 20:00:00,93.6,268.7,73.6495340274087,1.36746689833453
2023-01-03 21:00:00,93.5,268.433333333333,55.2537256905958,2.16866339577177
2023-01-03 22:00:00,93.3333333333333,268.15,98.9428316461549,1.76091880581551
2023-01-03 23:00:00,93.25,267.916666666667,85.0697043149713,2.98057599667576
2023-01-04 00:00:00,93.0833333333333,267.566666666667,118.896683986678,2.27737465470051
2023-01-04 01:00:00,92.9166666666666,267.25,113.599751950362,2.7855210558855
2023-01-04 02:00:00,92.6666666666667,267.066666666667,112.455484568379,2.81834781174257
2023-01-04 03:00:00,91.7166666666667,267.033333333333,122.303405472568,2.948772124177
2023-01-04 04:00:00,82.7166666666667,267.3,123.915827800031,2.18847544262436
2023-01-04 05:00:00,58.35,267.916666666667,135.706175271999,2.89454528935934
2023-01-04 06:00:00,40.45,268.783333333333,116.439860886586,2.92538300505175
2023-01-04 07:00:00,31.4166666666667,269.183333333333,80.3499065187009,2.65380116060878
2023-01-04 08:00:00,24.65,269.4,94.7412886353121,3.09174117884493
2023-01-04 09:00:00,23.1166666666667,269.266666666667,73.1473921512101,2.83283911956812
2023-01-04 10:00:00,20.4833333333333,270.166666666667,72.5273786283524,4.50106609133781
2023-01-04 11:00:00,19.8666666666667,271.133333333333,78.1504722919592,1.89348463715636
2023-01-04 12:00:00,25.4833333333333,271.433333333333,59.3468765474929,4.58488108930894
2023-01-04 13:00:00,37.5,270.75,32.2691196705706,5.770409796267
2023-01-04 14:00:00,46.1833333333333,270.583333333333,45.3202432603014,5.2187490204964
2023-01-04 15:00:00,47.4833333333333,270.5,70.8958597063112,3.09459969701966
2023-01-04 16:00:00,53.1333333333333,270.616666666667,81.3860530146067,5.49735314149647
2023-01-04 17:00:00,64.2,270.633333333333,59.0763847311133,3.99377927861777
2023-01-04 18:00:00,70.25,270.3,44.2958860876476,4.95363960048862
2023-01-04 19:00:00,79.65,270.083333333333,70.9961195036053,5.28212198894523
2023-01-04 20:00:00,83.7,269.983333333333,60.9635625688163,6.30145028846908
2023-01-04 21:00:00,76.0666666666667,270.083333333333,25.4670352006824,8.11418619504852
2023-01-04 22:00:00,67.6833333333333,270.333333333333,36.2377043794517,10.1983003193984
2023-01-04 23:00:00,71.2833333333334,269.95,42.1889970356316,12.2478679704829
2023-01-05 00:00:00,90.05,270.016666666667,38.6649888806087,6.38214486534071
2023-01-05 01:00:00,92.5833333333333,270.05,26.4156194899928,7.21647096173936
2023-01-05 02:00:00,93.7,270.05,20.7130837531693,8.51838720732004
2023-01-05 03:00:00,93.45,270.5,16.6809269242779,8.87504496286022
2023-01-05 04:00:00,94.1333333333333,270.633333333333,8.11679614043817,9.85893085256009
2023-01-05 05:00:00,94.7333333333333,270.916666666667,359.525233798348,6.71446988279686
2023-01-05 06:00:00,94.9833333333333,271.05,16.9391333703757,7.37647622863223
2023-01-05 07:00:00,95.0333333333334,270.916666666667,17.1682706834524,10.0139069942404
2023-01-05 08:00:00,94.9166666666667,270.716666666667,20.0532405569441,8.93568164707416
2023-01-05 09:00:00,94.9166666666667,270.7,8.23555524854913,9.20469747995041
2023-01-05 10:00:00,94.3333333333333,269.75,13.8483021515515,10.7482147022527
2023-01-05 11:00:00,93.85,269.35,16.2776920292391,9.51427306826637
2023-01-05 12:00:00,93.7833333333334,269.533333333333,19.019728945356,7.080986714286
2023-01-05 13:00:00,93.8,269.383333333333,28.7280831997999,9.45730704944446
2023-01-05 14:00:00,93.8,269.333333333333,19.3872296484288,5.74368663674863
2023-01-05 15:00:00,93.75,269.133333333333,26.0673892810231,8.65566960770125
2023-01-05 16:00:00,93.4333333333333,268.333333333333,31.4507816057482,6.50423860415778
2023-01-05 17:00:00,93.4666666666667,268.266666666667,18.529482454534,5.19476812984853
2023-01-05 18:00:00,93.6666666666667,268.6,22.1243978642456,8.43378669343109
2023-01-05 19:00:00,93.75,268.783333333333,18.410501742383,7.81246067879022
2023-01-05 20:00:00,93.8,268.866666666667,12.5632471109425,6.62578678975457
2023-01-05 21:00:00,93.65,268.7,21.299957284113,5.50780397322781
2023-01-05 22:00:00,93.45,268.283333333333,25.9616872072865,4.26221619631258
2023-01-05 23:00:00,93.3833333333333,268.05,79.1897544081516,1.88913466801973
2023-01-06 00:00:00,93.2833333333333,267.833333333333,95.0797730198006,0.850195796321857
2023-01-06 01:00:00,92.8833333333333,267.466666666667,,0.0
2023-01-06 02:00:00,88.4333333333333,267.933333333333,11.7776700283919,3.47218067749451
2023-01-06 03:00:00,34.3666666666667,270.3,355.682543166035,4.52125284505449
2023-01-06 04:00:00,18.4166666666667,272.216666666667,16.7254984373246,4.5902780194392
2023-01-06 05:00:00,18.0333333333333,273.033333333333,26.6851918584578,5.29533945047271
2023-01-06 06:00:00,18.4333333333333,273.3,47.6304580235246,4.34090545388644
2023-01-06 07:00:00,18.9666666666667,273.216666666667,79.7836585980999,3.26200647258423
2023-01-06 08:00:00,18.25,273.15,85.4095687953256,3.18159580232737
2023-01-06 09:00:00,16.7333333333333,273.8,61.8745408014394,3.57453195651689
2023-01-06 10:00:00,16.6833333333333,274.383333333333,54.0634098968931,3.10903165541077
2023-01-06 11:00:00,15.6333333333333,275.216666666667,35.3618342186541,5.01636665609308
2023-01-06 12:00:00,15.95,275.85,58.5382818521757,3.85550611597002
2023-01-06 13:00:00,16.7666666666667,276.25,110.149542322589,2.8811844036143
2023-01-06 14:00:00,18.15,276.166666666667,102.729766498201,2.4520752580698
2023-01-06 15:00:00,17.85,276.15,105.301285715469,2.47971366815333
2023-01-06 16:00:00,18.7,276.366666666667,115.076441145189,1.505563255683
2023-01-06 17:00:00,17.9833333333333,275.4,103.023364167699,1.92622409239612
2023-01-06 18:00:00,20.4333333333333,273.666666666667,72.6147333209079,1.48413823602874
2023-01-06 19:00:00,19.8333333333333,273.6,120.346864771638,3.8508326116451
2023-01-06 20:00:00,36.25,273.166666666667,102.383823744277,1.44118970196348
2023-01-06 21:00:00,33.5833333333333,273.083333333333,143.692337558106,1.3207832953859
2023-01-06 22:00:00,31.0833333333333,272.916666666667,109.154720883295,1.56716080981343
2023-01-06 23:00:00,22.4,273.116666666667,96.756208872678,1.86092170775149
2023-01-07 00:00:00,22.8,273.116666666667,41.1992263591755,2.81219502595576
2023-01-07 01:00:00,22.35,273.083333333333,120.873722906983,2.020465269276
2023-01-07 02:00:00,20.85,273.116666666667,113.309076693693,3.6397382415742
2023-01-07 03:00:00,19.9333333333333,273.0,122.64597931287,3.61955982322631
2023-01-07 04:00:00,18.7166666666667,273.016666666667,127.646550490807,2.55981475621261
2023-01-07 05:00:00,18.75,272.866666666667,125.497430360634,2.6733672637101
2023-01-07 06:00:00,19.7666666666667,272.516666666667,131.17820785331,3.30922216824192
2023-01-07 07:00:00,20.1666666666667,272.416666666667,126.666695229424,3.24150265964615
2023-01-07 08:00:00,20.4833333333333,272.5,131.114017352415,4.87799200872789
2023-01-07 09:00:00,19.7833333333333,272.75,117.105093342704,5.24829024631554
2023-01-07 10:00:00,20.05,273.1,129.614741202376,4.90260760537067
2023-01-07 11:00:00,21.95,273.533333333333,132.270498755073,5.66654730390504
2023-01-07 12:00:00,25.9666666666667,273.816666666667,124.886984946494,6.47596796292912
2023-01-07 13:00:00,28.5666666666667,274.25,128.024653389417,5.50707450483009
2023-01-07 14:00:00,31.4,274.566666666667,120.004007004243,4.4611087270192
2023-01-07 15:00:00,31.5666666666667,274.916666666667,106.598299285631,3.45017784646549
2023-01-07 16:00:00,34.5833333333333,274.75,124.288853478178,2.52597475127906
2023-01-07 17:00:00,35.9666666666667,273.733333333333,127.461325931705,3.87536970863889
2023-01-07 18:00:00,35.7,272.733333333333,122.808828316349,4.93193205071458
2023-01-07 19:00:00,35.5166666666667,272.333333333333,132.17730008027,5.37261804268996
2023-01-07 20:00:00,33.25,272.233333333333,132.872968848821,6.2845682679424
2023-01-07 21:00:00,32.8833333333333,272.083333333333,135.288592841301,6.35086588839964
2023-01-07 22:00:00,31.85,272.0,134.938501955995,5.900979242212
2023-01-07 23:00:00,30.6,272.016666666667,135.970871326058,5.83924912215508
2023-01-08 00:00:00,31.5666666666667,271.65,130.988618170645,5.72702864870409
2023-01-08 01:00:00,26.4833333333333,272.05,132.011708286991,5.56876338942683
2023-01-08 02:00:00,24.3833333333333,272.1,129.700884219258,5.93339386273792
2023-01-08 03:00:00,26.25,271.566666666667,126.651859996375,4.90266938150062
2023-01-08 04:00:00,25.9666666666667,271.316666666667,126.206767607163,5.63532218195931
2023-01-08 05:00:00,26.45,271.116666666667,123.530509203842,5.80072818563819
2023-01-08 06:00:00,29.8833333333333,270.583333333333,116.485802754551,5.96457767752454
2023-01-08 07:00:00,38.4833333333333,269.316666666667,124.638591058384,6.29254081801886
2023-01-08 08:00:00,40.1666666666667,269.3,123.625797521473,5.97266289232371
2023-01-08 09:00:00,43.5166666666667,269.333333333333,119.539746815285,4.22085483566869
2023-01-08 10:00:00,50.2166666666667,268.783333333333,125.637292585046,4.84497949393433
2023-01-08 11:00:00,58.9833333333333,268.366666666667,129.373736449341,6.8771377883528
2023-01-08 12:00:00,62.3833333333333,268.466666666667,130.043685176211,6.58959471985526
2023-01-08 13:00:00,68.7666666666667,268.583333333333,133.600879026586,3.67600425546708
2023-01-08 14:00:00,92.15,267.6,121.643498079769,5.2727668120447
2023-01-08 15:00:00,91.9666666666667,267.533333333333,128.113502818717,5.89306269153958
2023-01-08 16:00:00,91.9,267.983333333333,115.662298824173,8.1744209607803
2023-01-08 17:00:00,91.4,268.016666666667,113.60204755603,5.93373904863475
2023-01-08 18:00:00,91.1333333333333,268.016666666667,133.961320278263,6.21204004221649
2023-01-08 19:00:00,90.6666666666667,268.133333333333,123.196184249146,8.44061576881429
2023-01-08 20:00:00,87.0333333333334,268.65,109.596525928349,6.09884769155232
2023-01-08 21:00:00,89.75,268.733333333333,118.871022203837,8.06903359379736
2023-01-08 22:00:00,91.15,268.866666666667,112.755973228297,7.0942092348818
2023-01-08 23:00:00,91.9666666666667,268.65,114.35176981496,8.62757218383766
2023-01-09 00:00:00,91.8166666666667,268.533333333333,117.607404194713,8.59413051494057
2023-01-09 01:00:00,91.0666666666667,268.616666666667,109.59585211375,8.61821955030973
2023-01-09 02:00:00,86.3833333333333,268.783333333333,120.071733571916,6.63924640032171
2023-01-09 03:00:00,89.85,268.516666666667,128.899100407809,3.99271943290456
2023-01-09 04:00:00,92.5666666666667,267.983333333333,126.823106524527,3.29589725428296
2023-01-09 05:00:00,93.15,267.75,118.214069412647,4.07533290111028
2023-01-09 06:00:00,92.9,267.533333333333,78.6457969071818,3.88628594609014
2023-01-09 07:00:00,92.55,266.15,346.674920899228,9.35380597183518
2023-01-09 08:00:00,92.1666666666667,264.633333333333,2.08382580577427,9.26694384927086
2023-01-09 09:00:00,92.0666666666667,264.233333333333,359.340451840037,7.26962391070846
2023-01-09 10:00:00,91.9166666666666,263.85,1.67704985267596,5.7035199228154
2023-01-09 11:00:00,91.75,263.383333333333,30.5633970754262,5.92141185751696
2023-01-09 12:00:00,91.5333333333333,262.483333333333,33.4966742169921,4.947855981911
2023-01-09 13:00:00,91.6,262.783333333333,10.4939254123478,5.96729692423561
2023-01-09 14:00:00,91.65,262.966666666667,20.1634529114686,6.6439073274018
2023-01-09 15:00:00,91.7,263.05,19.6022189185489,5.88869478312388
2023-01-09 16:00:00,91.7,263.233333333333,0.26525891371665,4.37138437071465
2023-01-09 17:00:00,91.6666666666667,263.016666666667,359.379446259885,5.78025784412357
2023-01-09 18:00:00,91.5666666666667,262.466666666667,9.51577604263844,6.32102559700965
2023-01-09 19:00:00,91.55,262.35,359.034695110629,5.67498105154897
2023-01-09 20:00:00,91.5,262.066666666667,13.5124030226479,6.34122992605762
2023-01-09 21:00:00,91.5166666666667,262.183333333333,349.681313407364,5.88511629499238
2023-01-09 22:00:00,91.55,262.3,355.045578089402,6.01103024328624
2023-01-09 23:00:00,91.6,262.45,356.342106508624,6.20994205791725
2023-01-10 00:00:00,91.5666666666667,262.433333333333,351.728589621891,6.04822353082877
2023-01-10 01:00:00,91.55,262.45,349.828944887613,5.03956710503723
2023-01-10 02:00:00,91.5,262.35,347.203792600168,4.41580928956314
2023-01-10 03:00:00,91.5,262.316666666667,353.331259588455,3.6925211279276
2023-01-10 04:00:00,91.5833333333333,262.55,354.142145354831,4.90592044176829
2023-01-10 05:00:00,91.6,262.616666666667,345.851666057822,5.15871263196262
2023-01-10 06:00:00,91.5166666666667,262.516666666667,353.998681636482,4.73425330914023
2023-01-10 07:00:00,91.5,262.416666666667,349.491499845716,4.13826540367138
2023-01-10 08:00:00,91.5,262.45,344.306858381749,4.22725817448177
2023-01-10 09:00:00,91.5,262.35,346.111680492291,3.10918670261742
2023-01-10 10:00:00,91.5,262.25,347.076782245212,3.00214586109085
2023-01-10 11:00:00,91.5,262.283333333333,351.238574071129,3.2638707733541
2023-01-10 12:00:00,91.5,262.4,354.767172819602,2.35170331484986
2023-01-10 13:00:00,91.5333333333333,262.466666666667,356.542426865838,2.33649375576894
2023-01-10 14:00:00,91.5666666666667,262.7,9.58027424223729,2.52610930150631
2023-01-10 15:00:00,91.2833333333334,262.033333333333,25.3248403932867,1.98315644703106
2023-01-10 16:00:00,91.5,262.716666666667,30.415755512046,1.63086645884764
2023-01-10 17:00:00,91.6166666666667,263.083333333333,6.74417606429904,1.48357160567545
2023-01-10 18:00:00,91.15,260.966666666667,15.0987814622001,2.37234115042845
2023-01-10 19:00:00,91.0666666666667,260.25,9.55971473480764,2.43774794654493
2023-01-10 20:00:00,91.1333333333333,260.666666666667,17.1660655658962,3.68707496092508
2023-01-10 21:00:00,91.3166666666667,261.466666666667,16.412842155093,4.66977396280784
2023-01-10 22:00:00,91.35,261.766666666667,14.4245656960029,6.09677682924809
2023-01-10 23:00:00,91.4333333333333,262.433333333333,9.19640164381809,8.05703743940018
2023-01-11 00:00:00,92.0666666666667,264.533333333333,7.54677285120499,8.18852101333861
2023-01-11 01:00:00,93.0166666666667,267.366666666667,14.2016242151201,8.34572468827524
2023-01-11 02:00:00,93.3666666666667,268.233333333333,13.5957845002612,9.02806934963931
2023-01-11 03:00:00,93.5,268.6,7.47121074677045,8.15657488440141
2023-01-11 04:00:00,93.5,268.55,24.6179281827823,6.8747046692242
2023-01-11 05:00:00,93.4,268.25,35.8965290591174,5.60898446464876
2023-01-11 06:00:00,93.3833333333333,268.166666666667,44.6288943812573,5.15201511190089
2023-01-11 07:00:00,93.8,269.133333333333,33.5576861467126,7.13134281998593
2023-01-11 08:00:00,93.4333333333333,268.4,66.2339266278267,3.7210563745079
2023-01-11 09:00:00,93.1,268.266666666667,56.9872870183017,4.70118961780352
2023-01-11 10:00:00,92.75,268.483333333333,112.400624746861,3.26044736788909
2023-01-11 11:00:00,84.25,269.4,118.24310847043,4.89027663000397
2023-01-11 12:00:00,74.3166666666667,270.35,110.155852743576,3.99375966815443
2023-01-11 13:00:00,72.15,270.483333333333,103.764861633999,3.71707355976396
2023-01-11 14:00:00,68.5166666666667,270.716666666667,115.290542260692,3.63220685463004
2023-01-11 15:00:00,60.65,270.683333333333,92.0550570431566,4.07696075248581
2023-01-11 16:00:00,68.4333333333333,270.166666666667,90.9241910803835,2.45939456485719
2023-01-11 17:00:00,89.6333333333334,269.65,90.8529869594523,3.03513984791874
2023-01-11 18:00:00,93.15,269.016666666667,42.7462848644157,6.2611584450355
2023-01-11 19:00:00,93.5333333333333,268.533333333333,1.17184909756838,6.54992370092147
2023-01-11 20:00:00,93.1,267.383333333333,21.5280714817604,6.29890930981534
2023-01-11 21:00:00,92.9166666666667,266.95,7.88422151631244,7.92696039563454
2023-01-11 22:00:00,92.8833333333333,266.866666666667,6.03447733730923,6.97064851588926
2023-01-11 23:00:00,92.7333333333333,266.45,9.52271487929909,4.21619965478026
2023-01-12 00:00:00,92.5833333333333,265.95,20.7818813317139,5.75753849272622
2023-01-12 01:00:00,92.4166666666667,265.466666666667,10.6368861626364,6.5208146727113
2023-01-12 02:00:00,92.2,264.766666666667,8.65882346139932,4.19543073739082
2023-01-12 03:00:00,91.9666666666667,264.05,38.2206750574255,4.55503326295188
2023-01-12 04:00:00,91.8333333333333,263.4,54.3460151336705,3.28412467676994
2023-01-12 05:00:00,85.35,262.85,12.9172317735685,5.49991392421773
2023-01-12 06:00:00,62.15,263.616666666667,23.4908373301187,5.76895601415414
2023-01-12 07:00:00,47.7833333333333,264.916666666667,19.3210631776727,7.59166388567965
2023-01-12 08:00:00,43.7333333333333,265.416666666667,33.6271608989724,6.6426861004485
2023-01-12 09:00:00,35.85,265.85,42.3412242523722,6.43322524995898
2023-01-12 10:00:00,39.0833333333333,265.95,55.6670797877764,5.28617571105726
2023-01-12 11:00:00,43.8666666666667,266.9,52.3500838711466,4.00763242852068
2023-01-12 12:00:00,46.5666666666667,267.55,46.326359875474,4.53308323573255
2023-01-12 13:00:00,51.7833333333333,268.166666666667,34.2770193227532,8.46191288498889
2023-01-12 14:00:00,51.2833333333333,268.55,43.271417539206,7.20374623652829
2023-01-12 15:00:00,47.1833333333333,269.083333333333,29.3488001780346,7.13668994819729
2023-01-12 16:00:00,40.4333333333333,269.316666666667,40.3223128395672,4.50511352850889
2023-01-12 17:00:00,31.2666666666667,269.4,37.3635359478928,4.78627762423232
2023-01-12 18:00:00,25.3833333333333,269.45,39.0789420250329,4.49994340339104
2023-01-12 19:00:00,18.5833333333333,269.75,65.8475306360453,3.58509373729879
2023-01-12 20:00:00,14.3833333333333,270.116666666667,49.091311715967,7.84763719052867
2023-01-12 21:00:00,15.7,270.233333333333,56.6155346750696,6.39216284379762
2023-01-12 22:00:00,15.25,270.416666666667,41.8851048714576,7.49388979397354
2023-01-12 23:00:00,16.2166666666667,270.366666666667,50.0363841634847,7.36489417743649
2023-01-13 00:00:00,19.8333333333333,270.833333333333,57.3456942902734,6.50479586731738
2023-01-13 01:00:00,20.1833333333333,270.833333333333,83.3631438925141,5.81728503005245
2023-01-13 02:00:00,21.9333333333333,270.516666666667,72.4723327387526,3.49800244603454
2023-01-13 03:00:00,25.05,270.216666666667,115.779605603291,3.40587613098209
2023-01-13 04:00:00,29.5833333333333,270.133333333333,120.90106709053,4.82425682170722
2023-01-13 05:00:00,31.0333333333333,269.866666666667,117.737121307927,4.88208406584452
2023-01-13 06:00:00,35.6166666666667,269.466666666667,121.592555203539,7.03535817552098
2023-01-13 07:00:00,40.85,269.083333333333,110.284325329357,4.69349109954007
2023-01-13 08:00:00,39.6,269.283333333333,124.944283869656,5.0086302186574
2023-01-13 09:00:00,47.35,269.316666666667,118.040179212445,3.79656545642025
2023-01-13 10:00:00,80.2833333333333,268.433333333333,115.54365217265,3.18638332522354
2023-01-13 11:00:00,91.65,267.833333333333,98.7410262865409,5.22244295827423
2023-01-13 12:00:00,75.8166666666667,269.083333333333,76.6591272538348,1.87631323958756
2023-01-13 13:00:00,82.4833333333333,268.933333333333,29.2293938017935,2.62441066473673
2023-01-13 14:00:00,81.0833333333333,268.25,48.7348459774526,3.67250947707584
2023-01-13 15:00:00,90.25,267.383333333333,46.2737100497485,8.81517300438863
2023-01-13 16:00:00,83.5666666666667,267.483333333333,42.8078117298574,3.29327129161943
2023-01-13 17:00:00,91.2166666666667,266.75,357.037829354746,3.00407274017716
2023-01-13 18:00:00,92.4333333333333,265.633333333333,22.0824456107747,6.38983256690152
2023-01-13 19:00:00,92.2333333333333,264.983333333333,28.7397674694743,5.72049199159229
2023-01-13 20:00:00,92.1333333333333,264.6,18.9667920890403,7.77620531909126
2023-01-13 21:00:00,92.1333333333333,264.583333333333,23.1132958252068,7.12652555447602
2023-01-13 22:00:00,92.1,264.55,8.37397472078425,6.15655893461175
2023-01-13 23:00:00,91.9,263.816666666667,9.76708674569488,8.36984944157149
2023-01-14 00:00:00,91.9,263.666666666667,24.1118068941894,5.07230811965045
2023-01-14 01:00:00,91.85,263.55,17.2980130025632,7.17624837622078
2023-01-14 02:00:00,91.7,262.866666666667,25.3417930816207,6.97543849900714
2023-01-14 03:00:00,91.7,263.033333333333,42.083921742432,2.48530989336628
2023-01-14 04:00:00,91.7,263.133333333333,33.1825468858899,3.29490257021513
2023-01-14 05:00:00,91.6833333333333,262.833333333333,35.1971525722879,7.4456492043172
2023-01-14 06:00:00,91.7,263.066666666667,36.7586914858533,4.13797518568071
2023-01-14 07:00:00,91.6333333333333,262.75,109.728662304588,2.01708134769707
2023-01-14 08:00:00,90.15,262.433333333333,122.994605674333,5.10169630177818
2023-01-14 09:00:00,60.5166666666667,263.55,94.5669828040354,3.05015923947948
2023-01-14 10:00:00,44.7833333333333,265.733333333333,51.9001880548327,3.93577089829624
2023-01-14 11:00:00,45.9833333333333,266.116666666667,127.303160745998,4.32229123433446
2023-01-14 12:00:00,42.0333333333333,268.166666666667,71.0167646626895,3.21887034011305
2023-01-14 13:00:00,47.9,269.216666666667,54.7904531176634,5.49300631317402
2023-01-14 14:00:00,35.6333333333333,270.633333333333,78.2190471924783,3.83062165100556
2023-01-14 15:00:00,33.2333333333333,270.55,49.8820342405471,5.64334007967908
2023-01-14 16:00:00,32.8833333333333,270.183333333333,80.2307722806357,2.15125585075061
2023-01-14 17:00:00,35.1166666666667,270.2,70.6562481073847,3.17187427964818
2023-01-14 18:00:00,39.85,269.866666666667,104.545978836815,5.54589623805658
2023-01-14 19:00:00,44.4833333333333,269.183333333333,123.137792556396,5.76907530345949
2023-01-14 20:00:00,42.7833333333333,269.366666666667,119.175321868271,5.01142820390136
2023-01-14 21:00:00,44.7666666666667,268.95,123.812161181591,5.22444099896865
2023-01-14 22:00:00,45.1666666666667,268.75,127.646214246018,6.76993494430389
2023-01-14 23:00:00,46.4333333333333,268.816666666667,124.906982800376,7.32874799501099
2023-01-15 00:00:00,48.15,269.216666666667,130.671338504718,7.18722106433213
2023-01-15 01:00:00,63.8666666666667,269.066666666667,131.853728813906,5.72631095600124
2023-01-15 02:00:00,91.8166666666667,268.183333333333,118.327556445217,5.98712038086384
2023-01-15 03:00:00,93.65,269.066666666667,129.049512696776,6.65441039071226
2023-01-15 04:00:00,93.65,270.533333333333,110.491807497645,5.9861859535395
2023-01-15 05:00:00,91.5166666666667,271.616666666667,117.5904250767,4.97825031370483
2023-01-15 06:00:00,84.2666666666667,271.083333333333,126.0659943725,4.98211757348636
2023-01-15 07:00:00,70.05,271.066666666667,126.312136402134,5.48046131426217
2023-01-15 08:00:00,67.3833333333333,271.466666666667,122.652074151095,4.95678345461391
2023-01-15 09:00:00,80.5,271.233333333333,105.164533478545,1.98159880234161
2023-01-15 10:00:00,86.1833333333333,271.066666666667,124.587267397787,4.58946690330457
2023-01-15 11:00:00,75.8,270.85,114.023179426509,3.38586717410868
2023-01-15 12:00:00,72.2166666666667,270.616666666667,121.934655036416,5.91343975839545
2023-01-15 13:00:00,69.55,270.783333333333,120.755403309316,3.99185030643273
2023-01-15 14:00:00,85.1833333333333,269.416666666667,87.062788374334,1.73637191020858
2023-01-15 15:00:00,92.45,265.966666666667,7.7005467968732,8.3593646635337
2023-01-15 16:00:00,91.8833333333333,263.916666666667,11.3898160456288,8.52778357792032
2023-01-15 17:00:00,91.5666666666667,262.45,13.5736505286323,13.2016928710989
2023-01-15 18:00:00,91.5,262.066666666667,23.3526855812649,7.26695004196955
2023-01-15 19:00:00,91.4333333333333,261.966666666667,36.7348735061769,2.8921956698151
2023-01-15 20:00:00,91.1166666666667,260.683333333333,39.8227326076254,5.03067107161389
2023-01-15 21:00:00,81.85,260.7,37.5128863385771,2.10521213640586
2023-01-15 22:00:00,43.5833333333333,261.416666666667,89.1856838459144,3.25802714816101
2023-01-15 23:00:00,25.9666666666667,262.1,108.848362666158,3.00946939224768
2023-01-16 00:00:00,26.9833333333333,262.216666666667,80.542853945271,1.937761999042
2023-01-16 01:00:00,27.5333333333333,262.15,117.426109856368,2.75557379259187
2023-01-16 02:00:00,29.5,262.133333333333,105.325771834214,2.34196697991877
2023-01-16 03:00:00,33.05,262.133333333333,89.3710664676152,1.91886216544826
2023-01-16 04:00:00,35.2833333333333,262.033333333333,132.484134717046,2.65503674871852
2023-01-16 05:00:00,36.1833333333333,262.033333333333,112.937944704464,2.75492790920099
2023-01-16 06:00:00,33.05,261.8,130.550600068041,5.15453367979345
2023-01-16 07:00:00,34.4166666666667,261.65,133.520213761843,5.85042742953291
2023-01-16 08:00:00,34.0833333333333,261.6,129.046929297235,6.0271964668794
2023-01-16 09:00:00,31.8,261.9,119.570787417192,5.63263661236432
2023-01-16 10:00:00,28.85,263.283333333333,122.127329610389,7.30075612654218
2023-01-16 11:00:00,28.9333333333333,263.916666666667,122.190846733383,8.21886336510382
2023-01-16 12:00:00,34.0,264.083333333333,111.015937168271,7.08040578946435
2023-01-16 13:00:00,40.8,263.566666666667,108.647528924783,8.82547329277427
2023-01-16 14:00:00,45.4333333333333,263.233333333333,102.726859301958,4.56164231025457
2023-01-16 15:00:00,49.9333333333333,262.933333333333,114.700501584142,4.4993269609436
2023-01-16 16:00:00,58.9,262.6,112.903265447696,4.97838751065487
2023-01-16 17:00:00,64.5833333333333,262.366666666667,123.063036670011,4.5413816361971
2023-01-16 18:00:00,60.0833333333333,262.85,122.817151795387,4.31660714601485
2023-01-16 19:00:00,64.9666666666667,262.483333333333,107.826925703048,3.06755983475489
2023-01-16 20:00:00,65.4333333333333,262.433333333333,121.10234420514,3.19957098483001
2023-01-16 21:00:00,61.15,262.383333333333,107.446133947768,3.8709777249838
2023-01-16 22:00:00,60.2833333333333,262.1,47.683444281186,3.45742449428465
2023-01-16 23:00:00,57.05,261.8,84.7256609009048,2.98140244217524
2023-01-17 00:00:00,70.6833333333333,261.233333333333,111.359644531021,3.42998640267135
2023-01-17 01:00:00,61.9333333333333,261.05,105.157119268519,2.59369148935587
2023-01-17 02:00:00,71.3166666666667,260.8,112.093798496606,3.94271858400241
2023-01-17 03:00:00,79.7,260.55,81.6406312083706,2.91872119853827
2023-01-17 04:00:00,67.3,260.533333333333,115.153591249486,3.74570320496277
2023-01-17 05:00:00,52.9333333333333,260.583333333333,126.180612490267,3.04763123600202
2023-01-17 06:00:00,58.2833333333333,260.45,132.634253757006,3.15759737265194
2023-01-17 07:00:00,67.1166666666667,260.2,128.424956501201,3.03132322180517
2023-01-17 08:00:00,66.2833333333333,260.066666666667,113.765779212236,3.41808376290013
2023-01-17 09:00:00,82.8166666666667,259.916666666667,135.978843007626,5.98670822903265
2023-01-17 10:00:00,88.2166666666667,259.9,136.830211524064,7.42279446793862
2023-01-17 11:00:00,75.8,260.583333333333,141.419221775682,5.38128299867133
2023-01-17 12:00:00,71.6166666666667,260.65,118.565053585801,4.57121596640649
2023-01-17 13:00:00,76.8333333333333,260.6,130.065643435171,6.39029945066917
2023-01-17 14:00:00,89.1166666666667,260.966666666667,120.650722434344,5.99644225621646
2023-01-17 15:00:00,88.8833333333333,261.683333333333,125.123280790487,6.51012566856684
2023-01-17 16:00:00,91.0666666666667,261.483333333333,130.726636094871,10.1985231849863
2023-01-17 17:00:00,79.9833333333333,262.383333333333,112.111519983018,6.80165037218346
2023-01-17 18:00:00,72.8,262.683333333333,122.800647345201,3.611976303802
2023-01-17 19:00:00,91.05,262.083333333333,80.7465554631411,1.98105200335187
2023-01-17 20:00:00,84.4,262.5,116.840223047434,3.27455901243436
2023-01-17 21:00:00,91.1833333333333,262.1,123.220562963314,1.81429557752483
2023-01-17 22:00:00,81.8833333333333,262.033333333333,118.207138009582,3.05130522800631
2023-01-17 23:00:00,73.3833333333334,261.95,125.000233059878,3.01487543690325
2023-01-18 00:00:00,70.4333333333333,261.816666666667,126.392942741361,3.73444374914296
2023-01-18 01:00:00,65.8666666666667,261.916666666667,120.887785021035,3.18824144329731
2023-01-18 02:00:00,54.6166666666667,261.9,121.168087385982,2.87073921954704
2023-01-18 03:00:00,76.55,261.133333333333,37.7576385092485,3.23984173660944
2023-01-18 04:00:00,91.2833333333334,260.166666666667,74.0897680788359,0.909113750363779
2023-01-18 05:00:00,91.0666666666667,260.05,99.6512180557505,1.34096323295532
2023-01-18 06:00:00,91.0,259.966666666667,112.706713602686,1.80554014773913
2023-01-18 07:00:00,90.9833333333333,259.95,133.656606462817,2.76484045130227
2023-01-18 08:00:00,90.9166666666667,259.816666666667,110.423836381181,2.20454984909075
2023-01-18 09:00:00,90.9166666666667,259.766666666667,78.877283318208,2.31163248586249
2023-01-18 10:00:00,90.65,260.05,113.210719382108,2.26398126022945
2023-01-18 11:00:00,82.3666666666667,260.666666666667,110.699619261849,2.61542363461413
2023-01-18 12:00:00,66.9,261.6,93.5515715184882,3.25908543622789
2023-01-18 13:00:00,61.2166666666667,261.966666666667,105.037390087443,3.31404039628962
2023-01-18 14:00:00,58.6166666666667,262.683333333333,112.879001545806,3.02749240434168
2023-01-18 15:00:00,57.1333333333333,262.566666666667,97.590061208908,1.6805093550436
2023-01-18 16:00:00,65.1333333333334,262.1,41.8498628203955,2.49469497019619
2023-01-18 17:00:00,85.4666666666667,260.533333333333,32.4667307887084,3.99008827521579
2023-01-18 18:00:00,91.0833333333333,260.1,11.215282452317,2.39388709521319
2023-01-18 19:00:00,90.9833333333333,259.95,357.177112976806,2.17402054431652
2023-01-18 20:00:00,90.9,259.533333333333,1.32954352801175,3.53522186913481
2023-01-18 21:00:00,90.8333333333333,259.266666666667,0.10624133350143,2.98860483386126
2023-01-18 22:00:00,90.7333333333333,258.85,347.355388910273,2.79105386106035
2023-01-18 23:00:00,90.6166666666667,258.483333333333,346.625125190556,2.2380247617285
2023-01-19 00:00:00,89.5666666666667,258.1,347.172832958471,1.68551374715748
2023-01-19 01:00:00,88.1666666666667,257.583333333333,345.903531842545,2.12005965016522
2023-01-19 02:00:00,87.2333333333333,257.016666666667,357.172221316791,5.11666489701301
2023-01-19 03:00:00,87.1666666666667,257.0,349.775526980962,3.25638652927606
2023-01-19 04:00:00,87.1,257.05,347.474865776621,1.81528130304197
2023-01-19 05:00:00,86.0,256.766666666667,344.789562628002,1.82621381909192
2023-01-19 06:00:00,84.7666666666667,256.15,353.699864700643,2.55476377489789
2023-01-19 07:00:00,83.3833333333333,255.5,3.75109694321696,4.87661685259386
2023-01-19 08:00:00,82.4,255.0,2.48332179398511,4.25158188796599
2023-01-19 09:00:00,82.5833333333334,255.116666666667,355.263758874488,2.95581569513885
2023-01-19 10:00:00,82.9833333333333,255.433333333333,345.473726844479,3.5447117430301
2023-01-19 11:00:00,84.1333333333333,256.083333333333,355.668127902023,3.14013948086506
2023-01-19 12:00:00,83.45,256.166666666667,341.097464502324,2.5895154528207
2023-01-19 13:00:00,83.0833333333333,255.916666666667,339.432759655166,2.3543166583138
2023-01-19 14:00:00,82.05,255.366666666667,339.949569608914,3.20423858316065
2023-01-19 15:00:00,82.5166666666667,255.516666666667,352.568735212966,3.73691205995836
2023-01-19 16:00:00,82.8166666666667,255.566666666667,350.554695701793,3.48684278155862
2023-01-19 17:00:00,82.0166666666667,255.066666666667,346.780470746352,3.47975905791905
2023-01-19 18:00:00,81.5166666666667,254.733333333333,333.300221574777,2.89885949226049
2023-01-19 19:00:00,81.05,254.566666666667,302.791373529211,1.70123168720844
2023-01-19 20:00:00,81.95,254.966666666667,161.997214120393,0.859379394017618
2023-01-19 21:00:00,83.3666666666667,255.383333333333,151.254153778854,1.27558325587912
2023-01-19 22:00:00,83.2,255.35,160.083111828203,2.12345853763183
2023-01-19 23:00:00,82.2833333333333,254.966666666667,151.955992015198,2.56407684672835
2023-01-20 00:00:00,81.7333333333333,254.7,156.613118839801,2.03711902331337
2023-01-20 01:00:00,82.1,254.9,174.513532530626,1.76308096055172
2023-01-20 02:00:00,81.45,254.566666666667,149.425286777455,2.29524963276405
2023-01-20 03:00:00,81.7166666666667,254.75,156.667218246856,1.86127824903268
2023-01-20 04:00:00,81.4,254.733333333333,140.031605871187,0.589440119666318
2023-01-20 05:00:00,80.9,254.616666666667,121.0,0.121666666666667
2023-01-20 06:00:00,80.8833333333333,254.6,326.098206732565,0.301423500039175
2023-01-20 07:00:00,80.85,254.383333333333,319.222762307981,0.883868041936342
2023-01-20 08:00:00,81.35,254.516666666667,304.564540061843,1.61997516055719
2023-01-20 09:00:00,81.9333333333333,254.783333333333,288.015636561541,2.69749370797977
2023-01-20 10:00:00,82.5,255.133333333333,308.526786307616,2.56971299249928
2023-01-20 11:00:00,83.35,255.616666666667,328.791022632159,2.09705325258307
2023-01-20 12:00:00,85.8,256.95,328.595451542501,1.95375813424967
2023-01-20 13:00:00,87.1333333333334,257.6,332.424692633749,2.12838484249834
2023-01-20 14:00:00,86.7666666666667,257.716666666667,329.489463364788,3.23752333098863
2023-01-20 15:00:00,85.65,257.083333333333,341.631273723732,4.53203100204543
2023-01-20 16:00:00,86.3333333333333,257.016666666667,341.909826607269,3.75252679767417
2023-01-20 17:00:00,86.0666666666667,256.866666666667,332.33450334227,3.4816356956179
2023-01-20 18:00:00,85.3333333333333,256.55,324.875457043705,3.60583834337421
2023-01-20 19:00:00,84.7833333333333,256.3,324.704548772711,3.57704022994709
2023-01-20 20:00:00,84.6166666666667,256.15,327.5863499435,3.49092465027491
2023-01-20 21:00:00,84.2,255.933333333333,316.743416380394,5.30139159583978
2023-01-20 22:00:00,84.2333333333333,255.95,324.843415369433,4.46813970775391
2023-01-20 23:00:00,84.1,255.866666666667,308.295444042613,5.96295160766219
2023-01-21 00:00:00,84.35,255.85,308.3600368746,5.79819435511225
2023-01-21 01:00:00,84.4666666666667,255.866666666667,312.615913922474,4.95967311947807
2023-01-21 02:00:00,84.7833333333334,256.016666666667,311.617453574668,4.28733467802384
2023-01-21 03:00:00,84.7666666666667,256.016666666667,302.72570003254,5.63049717964384
2023-01-21 04:00:00,84.6,255.916666666667,291.561666317042,5.04331752261392
2023-01-21 05:00:00,84.65,255.933333333333,296.228531713715,6.67043048124182
2023-01-21 06:00:00,84.6333333333334,255.966666666667,310.403348200115,5.0640338192191
2023-01-21 07:00:00,84.45,256.0,294.120711059179,3.31864378692526
2023-01-21 08:00:00,84.45,255.95,293.951193362415,4.33101933982993
2023-01-21 09:00:00,84.5166666666667,256.05,291.778949477056,3.35192115791272
2023-01-21 10:00:00,85.2333333333333,256.466666666667,294.228695424964,2.09770542146035
2023-01-21 11:00:00,85.9166666666667,257.2,303.188779068569,2.23879457571454
2023-01-21 12:00:00,87.2,257.716666666667,316.593659744544,3.12879092890788
2023-01-21 13:00:00,87.5333333333334,258.1,317.359389003085,2.22168631715341
2023-01-21 14:00:00,86.55,257.783333333333,299.574584907334,3.52702966016378
2023-01-21 15:00:00,85.25,256.916666666667,304.830830236164,4.72093407739464
2023-01-21 16:00:00,85.6666666666667,256.783333333333,303.223794959178,3.11579568574167
2023-01-21 17:00:00,85.9666666666667,256.833333333333,312.321821282009,3.63517020738625
2023-01-21 18:00:00,85.5,256.516666666667,312.788363471254,4.15195608795804
2023-01-21 19:00:00,85.25,256.4,307.951255393168,3.46632268736722
2023-01-21 20:00:00,85.25,256.35,315.232146264765,2.93432970025353
2023-01-21 21:00:00,85.2,256.383333333333,304.197396138257,2.39326934339667
2023-01-21 22:00:00,84.45,256.1,316.983324088913,3.10841137886214
2023-01-21 23:00:00,84.4333333333333,255.966666666667,312.914431738251,3.44309638430183
2023-01-22 00:00:00,84.3333333333333,256.0,310.941746445298,2.17359262817425
2023-01-22 01:00:00,85.0333333333334,256.35,310.49083289591,1.58080860981362
2023-01-22 02:00:00,86.35,257.033333333333,285.350478925993,0.563483913319735
2023-01-22 03:00:00,86.1,256.833333333333,308.437790130783,1.11446465488774
2023-01-22 04:00:00,84.9333333333333,256.45,295.40312563992,0.169782803822666
2023-01-22 05:00:00,84.7,256.45,337.0,0.075
2023-01-22 06:00:00,84.9666666666667,256.5,199.03909971364,0.323195302915476
2023-01-22 07:00:00,83.9333333333333,256.15,,0.0
2023-01-22 08:00:00,84.3833333333333,256.4,169.210671218989,0.313319538325733
2023-01-22 09:00:00,85.5333333333334,256.716666666667,146.032087694743,0.472901939914705
2023-01-22 10:00:00,87.55,257.65,135.582054704069,0.692530664065316
2023-01-22 11:00:00,89.75,258.783333333333,147.88351210978,2.04520172756443
2023-01-22 12:00:00,89.1666666666667,259.433333333333,183.034286208844,4.39791492435781
2023-01-22 13:00:00,90.0166666666667,260.183333333333,169.766263065474,2.68492958734543
2023-01-22 14:00:00,90.2,260.616666666667,142.919060122822,2.72874271495992
2023-01-22 15:00:00,89.8833333333333,259.766666666667,186.189359427044,3.71108024118903
2023-01-22 16:00:00,90.9833333333333,260.216666666667,139.815831433412,2.00443773636996
2023-01-22 17:00:00,91.35,261.35,156.733840119995,1.61061045502158
2023-01-22 18:00:00,91.0166666666667,259.95,109.083670248105,0.624630181762894
2023-01-22 19:00:00,90.8,259.266666666667,123.619101804799,0.797693375899175
2023-01-22 20:00:00,90.6833333333333,258.733333333333,140.808254343476,0.858758654729637
2023-01-22 21:00:00,90.1833333333333,258.483333333333,147.390691960496,1.11647857797466
2023-01-22 22:00:00,90.4333333333333,258.666666666667,71.304119355859,0.572173301910911
2023-01-22 23:00:00,90.7166666666667,258.9,113.97829589723,1.7009678598658
2023-01-23 00:00:00,90.8333333333333,259.183333333333,125.264123643272,2.13133816308374
2023-01-23 01:00:00,90.9,259.666666666667,128.556419123088,2.78122759875423
2023-01-23 02:00:00,90.9,259.616666666667,157.60648854838,3.38098463109144
2023-01-23 03:00:00,90.8833333333333,259.633333333333,145.889323716875,3.40578331618401
2023-01-23 04:00:00,90.95,259.916666666667,141.136376162409,3.04329595325781
2023-01-23 05:00:00,91.0,260.166666666667,129.224247527864,3.27253440784464
2023-01-23 06:00:00,91.05,260.4,150.530278267486,4.02242045060485
2023-01-23 07:00:00,91.1,260.566666666667,147.115131337067,5.42504479518499
2023-01-23 08:00:00,91.0666666666667,260.45,145.378665566474,4.05669934097253
2023-01-23 09:00:00,91.15,260.7,140.022668679697,4.34058404126531
2023-01-23 10:00:00,91.2666666666667,261.416666666667,143.574697023392,4.55403065856347
2023-01-23 11:00:00,91.2833333333334,261.7,152.708504006427,4.69120767730042
2023-01-23 12:00:00,91.3833333333333,261.933333333333,148.70826991856,4.96279998365613
2023-01-23 13:00:00,91.4666666666667,262.566666666667,140.3544515447,4.59555831565689
2023-01-23 14:00:00,91.5333333333333,262.95,147.078466144001,4.33744798843059
2023-01-23 15:00:00,91.5333333333333,263.15,149.102161197551,4.77264150305188
2023-01-23 16:00:00,91.5833333333333,263.083333333333,145.057215859082,5.63684715334724
2023-01-23 17:00:00,91.6166666666667,263.166666666667,144.345215046968,5.17160629353459
2023-01-23 18:00:00,91.6,263.083333333333,142.827383312505,3.84216779710378
2023-01-23 19:00:00,91.6,263.15,152.362274122341,3.52020827637589
2023-01-23 20:00:00,91.6666666666667,263.233333333333,143.850727364793,3.30522316777983
2023-01-23 21:00:00,91.7,263.5,137.120188279309,1.25536863182344
2023-01-23 22:00:00,91.6333333333333,263.25,155.905275527694,2.56918238005151
2023-01-23 23:00:00,91.6833333333333,263.283333333333,152.183907043323,3.24662399496544
2023-01-24 00:00:00,91.7,263.35,143.361720530962,2.84271611088246
2023-01-24 01:00:00,91.7,263.416666666667,162.072490467193,2.87489533417856
2023-01-24 02:00:00,91.7333333333333,263.516666666667,152.573103540918,4.61649545909555
2023-01-24 03:00:00,91.75,263.533333333333,150.856689271617,4.79911274782411
2023-01-24 04:00:00,91.8,263.716666666667,145.54975420634,4.53874084565801
2023-01-24 05:00:00,91.8,263.75,162.59540083504,3.56438384293911
2023-01-24 06:00:00,91.8,263.8,169.954666009446,3.51263753931761
2023-01-24 07:00:00,91.8,263.9,166.319566624373,3.56561572346972
2023-01-24 08:00:00,91.7666666666667,263.8,151.088627076567,3.53553509579764
2023-01-24 09:00:00,91.7333333333333,263.783333333333,142.687320648661,2.25710477017768
2023-01-24 10:00:00,91.7666666666667,263.866666666667,149.420732126753,3.23421439767123
2023-01-24 11:00:00,91.8833333333333,264.316666666667,150.610993559941,3.68578824038099
2023-01-24 12:00:00,92.0333333333333,265.166666666667,158.001097180777,3.77314785482836
2023-01-24 13:00:00,92.1,265.55,143.232008262997,4.59029581793422
2023-01-24 14:00:00,92.2,266.116666666667,149.763205342875,3.789777077312
2023-01-24 15:00:00,92.1833333333333,267.4,153.650077111142,3.01531232491195
2023-01-24 16:00:00,92.1166666666667,267.5,144.779387869534,2.57693150299947
2023-01-24 17:00:00,91.85,266.8,154.045253395189,3.07772169121769
2023-01-24 18:00:00,91.75,265.883333333333,142.701439417896,2.47604307484384
2023-01-24 19:00:00,91.5666666666667,265.383333333333,150.754935092376,2.3889102594983
2023-01-24 20:00:00,90.55,265.333333333333,157.164599312785,3.11026227942721
2023-01-24 21:00:00,89.9333333333333,265.333333333333,153.136194723819,3.75788288685009
2023-01-24 22:00:00,87.0333333333334,265.583333333333,140.121109037997,3.95061439978433
2023-01-24 23:00:00,89.3666666666667,265.616666666667,135.818608312935,3.43600045916048
2023-01-25 00:00:00,91.85,265.366666666667,156.64477080619,4.30070148385833
2023-01-25 01:00:00,90.6166666666667,265.466666666667,160.214161157887,4.81727133070492
2023-01-25 02:00:00,92.3166666666667,265.05,134.290821565862,4.11943002259596
2023-01-25 03:00:00,91.8833333333333,265.25,150.154041470774,3.85956676864915
2023-01-25 04:00:00,82.05,265.65,155.856156818753,5.25962588636776
2023-01-25 05:00:00,78.7333333333333,265.833333333333,161.602018830448,2.70306667496266
2023-01-25 06:00:00,70.9,266.133333333333,147.445325462886,3.54864921876181
2023-01-25 07:00:00,67.35,266.016666666667,133.418394881,2.56950836021632
2023-01-25 08:00:00,59.2166666666667,266.25,148.91218370514,3.8004081306806
2023-01-25 09:00:00,46.4333333333333,266.416666666667,155.274854500506,4.66851599541651
2023-01-25 10:00:00,38.0,267.216666666667,140.715332881512,4.1044025600525
2023-01-25 11:00:00,33.5,268.4,136.537097182741,3.74495640696729
2023-01-25 12:00:00,33.75,268.683333333333,150.191933268611,4.5630598164175
2023-01-25 13:00:00,34.3,268.95,152.46086973741,5.12620865429634
2023-01-25 14:00:00,29.8166666666667,269.016666666667,148.132862815681,4.06002964012922
2023-01-25 15:00:00,30.9666666666667,269.15,149.055077330534,3.59245974859568
2023-01-25 16:00:00,29.85,268.916666666667,147.108928865762,3.89204254134083
2023-01-25 17:00:00,29.4333333333333,268.766666666667,145.012071839227,2.26745205685065
2023-01-25 18:00:00,31.5333333333333,267.2,142.31448054664,2.25166230609256
2023-01-25 19:00:00,30.4,267.016666666667,143.820761776602,2.49290550929601
2023-01-25 20:00:00,28.05,266.85,135.220525285544,3.04124892369289
2023-01-25 21:00:00,25.75,266.833333333333,151.214814549753,2.23946987762294
2023-01-25 22:00:00,21.9,266.783333333333,142.214675651113,2.00396058870227
2023-01-25 23:00:00,14.6166666666667,267.166666666667,173.291805925024,2.60543769082719
2023-01-26 00:00:00,19.2666666666667,266.466666666667,279.044406778199,2.49190647402444
2023-01-26 01:00:00,23.2,266.183333333333,286.555430094481,4.07182178269763
2023-01-26 02:00:00,26.1166666666667,265.833333333333,302.812041654247,4.2111200368493
2023-01-26 03:00:00,27.3166666666667,265.583333333333,293.415143115816,3.78687825878435
2023-01-26 04:00:00,28.55,265.333333333333,279.065277843732,4.21529260060568
2023-01-26 05:00:00,30.3166666666667,264.816666666667,291.796115917096,4.02064442280236
2023-01-26 06:00:00,35.15,264.333333333333,295.324078245185,4.42922403001266
2023-01-26 07:00:00,37.75,263.983333333333,298.109206504034,3.62651338741407
2023-01-26 08:00:00,39.8333333333333,263.616666666667,282.45939185386,1.58566632143707
2023-01-26 09:00:00,35.7833333333333,263.966666666667,152.946208758912,0.653444420996815
2023-01-26 10:00:00,36.5,264.9,151.660170401599,0.819628847116746
2023-01-26 11:00:00,33.15,266.8,170.0,0.328333333333333
2023-01-26 12:00:00,24.3833333333333,267.8,175.038557071013,0.441462607948962
2023-01-26 13:00:00,26.55,268.6,253.417963591677,0.268770499830382
2023-01-26 14:00:00,34.5166666666667,266.833333333333,340.055140252699,1.24246957067295
2023-01-26 15:00:00,45.7833333333333,264.4,345.035573105247,3.763133992985
2023-01-26 16:00:00,38.8,264.316666666667,336.806164836009,3.0609317483051
2023-01-26 17:00:00,40.0666666666667,264.283333333333,298.685577905971,2.22404901018129
2023-01-26 18:00:00,54.3666666666667,262.2,329.778036708817,2.74262747356029
2023-01-26 19:00:00,44.0666666666667,262.2,293.176626890103,2.75944780809702
2023-01-26 20:00:00,48.5,261.616666666667,306.275356896508,1.27840943065972
2023-01-26 21:00:00,47.8833333333333,261.583333333333,,0.0
2023-01-26 22:00:00,41.25,261.883333333333,176.135036726477,2.23372498153994
2023-01-26 23:00:00,53.5333333333333,261.866666666667,,0.0
2023-01-27 00:00:00,62.2333333333333,261.85,242.976351580762,0.657460367603697
2023-01-27 01:00:00,49.9,261.866666666667,282.575573040068,2.91523691892961
2023-01-27 02:00:00,30.0,261.433333333333,278.350323762937,3.2626749288109
2023-01-27 03:00:00,37.4833333333333,260.833333333333,307.151933719634,5.13183508591918
2023-01-27 04:00:00,42.55,260.383333333333,310.946845945769,6.15736823401387
2023-01-27 05:00:00,32.45,260.3,298.841711334081,5.69371156924494
2023-01-27 06:00:00,31.2333333333333,260.133333333333,302.555711436278,4.51733869868946
2023-01-27 07:00:00,25.6166666666667,260.483333333333,293.931867855361,3.83819282478515
2023-01-27 08:00:00,18.0,260.616666666667,294.942076211913,1.92674132251105
2023-01-27 09:00:00,19.75,260.4,340.951433786277,0.802757774003273
2023-01-27 10:00:00,32.5666666666667,261.366666666667,146.0,0.0633333333333333
2023-01-27 11:00:00,48.7333333333333,262.5,240.0,0.0066666666666666
2023-01-27 12:00:00,52.65,262.916666666667,333.0,0.0066666666666666
2023-01-27 13:00:00,53.9666666666667,261.9,138.384362057781,0.574132129331862
2023-01-27 14:00:00,74.5333333333334,261.6,359.0,0.158333333333333
2023-01-27 15:00:00,52.7166666666667,263.716666666667,338.666184186005,1.13450852654417
2023-01-27 16:00:00,45.1666666666667,263.033333333333,329.332981323159,0.42589499237758
2023-01-27 17:00:00,54.7,261.05,227.55707269348,0.437475913470757
2023-01-27 18:00:00,53.3166666666667,259.316666666667,,0.0
2023-01-27 19:00:00,60.7,258.6,148.0,0.0116666666666667
2023-01-27 20:00:00,77.3833333333333,257.566666666667,,0.0
2023-01-27 21:00:00,90.75,256.883333333333,270.795054580058,0.29379292417467
2023-01-27 22:00:00,88.9833333333334,257.166666666667,313.087271931968,0.130086670919536
2023-01-27 23:00:00,88.45,257.333333333333,341.026271494532,0.108725580929099
2023-01-28 00:00:00,89.3333333333333,257.783333333333,157.179286970309,0.0649391517365087
2023-01-28 01:00:00,89.95,258.2,221.288013985411,0.0272903820773763
2023-01-28 02:00:00,89.5333333333333,258.116666666667,324.657448198228,0.701662564711783
2023-01-28 03:00:00,88.55,257.816666666667,177.323498695251,0.265149816729182
2023-01-28 04:00:00,87.2666666666667,257.416666666667,,0.0
2023-01-28 05:00:00,88.0833333333333,257.416666666667,158.792142974172,0.145290372816212
2023-01-28 06:00:00,89.0666666666667,257.85,150.303208080289,0.296992643104658
2023-01-28 07:00:00,90.25,258.35,125.088474943333,0.909988250955709
2023-01-28 08:00:00,90.4666666666667,258.416666666667,153.168611002297,0.501058521734706
2023-01-28 09:00:00,90.75,259.0,134.420153855708,1.32604325965374
2023-01-28 10:00:00,90.8833333333333,259.85,129.278900859398,2.46100002941773
2023-01-28 11:00:00,90.9666666666667,260.5,152.47810116576,3.04102251166881
2023-01-28 12:00:00,90.9666666666667,261.466666666667,134.808208015205,2.1662231414031
2023-01-28 13:00:00,91.1333333333333,262.15,121.602687021768,1.97501845778956
2023-01-28 14:00:00,91.1833333333333,263.083333333333,131.579488848849,0.3418046786243
2023-01-28 15:00:00,91.1,262.616666666667,136.220080857324,1.71412353536706
2023-01-28 16:00:00,91.0333333333334,262.6,131.950524119063,1.86024941504835
2023-01-28 17:00:00,90.75,262.366666666667,128.902391483024,0.951327935820081
2023-01-28 18:00:00,90.85,260.766666666667,139.804250545673,0.766172853539477
2023-01-28 19:00:00,90.9666666666667,260.05,146.816401333074,1.00692024912271
2023-01-28 20:00:00,90.9333333333333,259.983333333333,160.977641181908,1.61351682016301
2023-01-28 21:00:00,90.9666666666667,260.1,142.16015876363,2.50162302784247
2023-01-28 22:00:00,91.0333333333334,260.483333333333,149.449247696775,3.68648757081514
2023-01-28 23:00:00,87.3,260.8,156.507222402721,3.43049025355118
2023-01-29 00:00:00,73.5833333333333,260.85,141.432676588826,2.6861332356127
2023-01-29 01:00:00,42.0166666666667,261.3,167.629136396425,3.36349124210037
2023-01-29 02:00:00,29.4,261.55,163.579977487105,4.11561775121086
2023-01-29 03:00:00,47.6166666666667,261.8,149.752402824121,3.15224330970701
2023-01-29 04:00:00,33.5333333333333,262.8,158.142189340428,2.94153215421431
2023-01-29 05:00:00,30.75,263.083333333333,141.617162182564,2.95840106875833
2023-01-29 06:00:00,47.7333333333333,263.65,140.377922899432,2.37299998251622
2023-01-29 07:00:00,52.3166666666667,263.85,150.261481281511,1.14105841868592
2023-01-29 08:00:00,51.1166666666667,263.633333333333,156.062087535111,3.55831049704309
2023-01-29 09:00:00,56.4833333333333,263.883333333333,153.860108681254,2.84628592999936
2023-01-29 10:00:00,57.1666666666667,264.933333333333,150.687267290933,3.27929733905518
2023-01-29 11:00:00,40.2,267.2,144.540514277303,3.23077831247383
2023-01-29 12:00:00,32.1333333333333,268.516666666667,186.55321088843,0.642953696420967
2023-01-29 13:00:00,31.45,269.083333333333,302.743515091199,0.307850355449509
2023-01-29 14:00:00,26.2,269.4,174.257478157984,0.556053700227248
2023-01-29 15:00:00,24.2833333333333,269.6,201.67837633243,0.546704911843586
2023-01-29 16:00:00,9.18333333333333,268.266666666667,247.889725004728,0.846758766638835
2023-01-29 17:00:00,0.783333333333333,267.066666666667,259.988136877006,1.64773549257956
2023-01-29 18:00:00,-1.48333333333333,267.15,298.903714185358,1.22152984358902
2023-01-29 19:00:00,-0.816666666666667,266.7,305.110017842963,2.85028088896872
2023-01-29 20:00:00,-0.383333333333333,266.95,310.673933710218,2.58175677541952
2023-01-29 21:00:00,-0.0333333333333334,266.683333333333,321.965514131274,2.89131589262446
2023-01-29 22:00:00,-2.71666666666667,266.316666666667,347.034068310172,3.42635377980661
2023-01-29 23:00:00,-2.66666666666667,266.166666666667,352.707279131616,4.30244322270777
2023-01-30 00:00:00,-2.95,266.05,6.82583654401537,4.04124242634194
2023-01-30 01:00:00,3.06666666666667,266.433333333333,19.7478261696602,3.94876326105275
2023-01-30 02:00:00,24.3833333333333,266.85,29.654740170573,4.37280383225633
2023-01-30 03:00:00,35.5333333333333,266.933333333333,25.9755435012151,4.90072635143769
2023-01-30 04:00:00,37.4666666666667,267.166666666667,30.2163929185047,4.96649751453383
2023-01-30 05:00:00,28.05,266.7,18.3901699618229,6.38384124061006
2023-01-30 06:00:00,16.9666666666667,265.433333333333,3.40298387496716,8.55195703735069
2023-01-30 07:00:00,27.7333333333333,265.6,24.1872513464987,8.71195830899902
2023-01-30 08:00:00,27.3333333333333,266.3,35.4200489053208,6.85302688004675
2023-01-30 09:00:00,32.3833333333333,265.75,16.7954880336126,5.964276871604
2023-01-30 10:00:00,37.8,265.666666666667,16.6842825955476,8.57244127295996
2023-01-30 11:00:00,46.3333333333333,266.166666666667,10.1623157722096,7.2129466397746
2023-01-30 12:00:00,52.8333333333333,265.983333333333,23.4769765381947,9.52246528030796
2023-01-30 13:00:00,56.6166666666667,265.766666666667,18.9574287275391,8.11666752672035
2023-01-30 14:00:00,52.7166666666667,266.233333333333,17.0841209939205,6.85813645876962
2023-01-30 15:00:00,59.5,265.35,17.6221604279783,9.81879259271664
2023-01-30 16:00:00,66.8666666666667,264.133333333333,0.148591295030201,7.93280667661376
2023-01-30 17:00:00,81.5166666666667,263.1,357.577797561565,10.3772870350948
2023-01-30 18:00:00,91.5833333333334,262.933333333333,3.37650790391609,11.310987957344
2023-01-30 19:00:00,91.6166666666667,262.916666666667,357.237718950348,8.48481781310998
2023-01-30 20:00:00,91.45,262.166666666667,355.137072234043,8.88648575683997
2023-01-30 21:00:00,91.3333333333333,261.6,354.453262223434,6.93765399513447
2023-01-30 22:00:00,91.1833333333333,260.9,0.288547427523554,7.7434686110853
2023-01-30 23:00:00,91.0,260.1,350.676537658085,6.39753770275561
2023-01-31 00:00:00,91.0,260.066666666667,5.13730540059208,5.79124241473949
2023-01-31 01:00:00,90.9833333333333,260.033333333333,13.894974075115,5.05725832088861
2023-01-31 02:00:00,90.9166666666667,259.733333333333,21.9577555020562,6.4072500966076
2023-01-31 03:00:00,90.9166666666667,259.766666666667,12.086521103437,6.45490051623607
2023-01-31 04:00:00,90.9,259.45,13.4694272922676,5.27502182934726
2023-01-31 05:00:00,90.9,259.35,9.81398422811208,6.79498465411955
2023-01-31 06:00:00,90.8333333333333,259.3,3.59529826194694,5.72646320523597
2023-01-31 07:00:00,90.8,259.1,10.7649191064057,7.27553342187963
2023-01-31 08:00:00,90.7166666666667,258.85,9.30816114232283,7.01275275757537
2023-01-31 09:00:00,90.7166666666667,258.933333333333,9.69256511479585,7.50049424229077
2023-01-31 10:00:00,84.8666666666667,259.483333333333,349.06232320869,6.62925919847143
2023-01-31 11:00:00,32.7666666666667,261.2,356.854689528999,7.16578230588239
2023-01-31 12:00:00,15.9166666666667,263.116666666667,14.1122835963206,8.71325832751837
2023-01-31 13:00:00,11.0,263.883333333333,7.53599471276732,10.004706567111
2023-01-31 14:00:00,11.35,264.0,359.339754261522,8.57951828215269
2023-01-31 15:00:00,13.2333333333333,263.283333333333,19.2091865531861,9.09824710128455
2023-01-31 16:00:00,12.2666666666667,263.816666666667,14.3461186541699,9.46161269953159
2023-01-31 17:00:00,18.4833333333333,263.516666666667,40.769821761324,7.44826973591379
2023-01-31 18:00:00,28.35,262.933333333333,15.4068381193787,8.00401243293695
2023-01-31 19:00:00,54.5333333333333,262.666666666667,18.0307093183142,8.41462702875324
2023-01-31 20:00:00,76.3333333333333,262.65,8.39049827119743,8.60623127265476
2023-01-31 21:00:00,80.8833333333333,262.0,2.58567172688686,9.32413491659886
2023-01-31 22:00:00,91.0166666666667,262.15,13.8188973459451,7.44320144198261
2023-01-31 23:00:00,91.4833333333333,262.4,25.6991183544765,8.45610621094879
2023-02-01 00:00:00,85.2,262.566666666667,12.9648131085385,10.4597381375846
2023-02-01 01:00:00,88.4,262.5,13.2430511140136,8.46081308836099
2023-02-01 02:00:00,91.55,263.166666666667,35.3653196043481,7.91042395643661
2023-02-01 03:00:00,88.4166666666667,263.25,35.4323258369454,10.4748867847858
2023-02-01 04:00:00,81.45,263.333333333333,32.1632334546999,7.8539375094614
2023-02-01 05:00:00,78.85,263.116666666667,20.6980184731758,10.2075493281795
2023-02-01 06:00:00,71.1333333333333,263.366666666667,22.5731581705559,10.4470064996086
2023-02-01 07:00:00,66.8,263.35,10.8506524299063,11.9807808641527
2023-02-01 08:00:00,73.4666666666667,262.7,9.07324153311612,11.5019269266044
2023-02-01 09:00:00,90.65,262.5,7.50465790107074,7.8205012102249
2023-02-01 10:00:00,91.5666666666667,262.85,22.1250979555118,8.76712279379014
2023-02-01 11:00:00,91.6,262.916666666667,13.7813736147733,9.66384217642439
2023-02-01 12:00:00,91.5833333333333,262.866666666667,23.8796655872072,8.48952104762039
2023-02-01 13:00:00,91.5,262.75,34.9348907414217,11.6782425899875
2023-02-01 14:00:00,91.4166666666667,262.65,35.5769239795152,10.0140139488635
2023-02-01 15:00:00,91.4333333333333,262.566666666667,28.5402606320913,9.34853407973005
2023-02-01 16:00:00,91.5,262.433333333333,9.50628646950469,7.2250758575023
2023-02-01 17:00:00,91.5,262.383333333333,14.1231592142918,8.09171885591483
2023-02-01 18:00:00,91.5,262.25,14.8736240567118,7.15827905845625
2023-02-01 19:00:00,91.4333333333333,262.066666666667,26.455636270981,8.33267541778637
2023-02-01 20:00:00,91.4,262.05,10.3807480112769,8.23392438749993
2023-02-01 21:00:00,91.4,261.933333333333,16.8885202050965,8.07448990794776
2023-02-01 22:00:00,91.3833333333333,261.783333333333,3.26973582370744,7.35884451597283
2023-02-01 23:00:00,91.3,261.6,13.971389919376,9.33784051424062
2023-02-02 00:00:00,91.3,261.45,10.2247920972516,9.81226639039041
2023-02-02 01:00:00,91.2833333333334,261.316666666667,9.85126397175515,6.60867780901064
2023-02-02 02:00:00,91.3,261.25,10.3797222901784,8.5540564780938
2023-02-02 03:00:00,91.3,261.333333333333,15.2605238831699,10.2857577645761
2023-02-02 04:00:00,91.3,261.45,12.3845138875531,7.17954831970448
2023-02-02 05:00:00,91.3,261.35,21.1015116161875,9.7763470022944
2023-02-02 06:00:00,91.3166666666667,261.466666666667,8.02178696668563,10.6985563575468
2023-02-02 07:00:00,91.4,261.9,355.059417865627,9.96442914714336
2023-02-02 08:00:00,91.4,261.95,2.89091977608535,9.6633197351384
2023-02-02 09:00:00,91.4333333333333,262.116666666667,0.519270818285008,9.83944781023752
2023-02-02 10:00:00,91.4833333333333,262.25,2.35975785663476,6.72225826112763
2023-02-02 11:00:00,91.45,262.25,3.07277623738122,8.42310295748185
2023-02-02 12:00:00,91.5,262.433333333333,10.1690275205019,7.52380927650905
2023-02-02 13:00:00,91.5,262.6,2.64032407303807,9.67744548625816
2023-02-02 14:00:00,91.5,262.616666666667,2.71940778171887,7.01921197688127
2023-02-02 15:00:00,91.5,262.583333333333,10.6441573659554,9.59256169090906
2023-02-02 16:00:00,91.55,262.65,357.934822085108,8.91265637482429
2023-02-02 17:00:00,91.5,262.65,359.861934781313,8.28252262979945
2023-02-02 18:00:00,91.5333333333333,262.666666666667,14.2999817172858,9.68820694836621
2023-02-02 19:00:00,91.6,262.9,0.205742012391056,8.97776998973349
2023-02-02 20:00:00,91.65,263.166666666667,4.42337274915934,8.66686217737158
2023-02-02 21:00:00,91.7,263.366666666667,356.608889375733,8.21729296252244
2023-02-02 22:00:00,91.7,263.5,358.984961292361,7.68121688823155
2023-02-02 23:00:00,91.7666666666667,263.65,8.66216642422444,5.75100648517833
2023-02-03 00:00:00,91.8,263.833333333333,17.3060244370796,5.14126676335473
2023-02-03 01:00:00,91.8,263.95,24.2217970095029,5.72367903080521
2023-02-03 02:00:00,91.8,263.9,37.0733400771123,5.82771855328677
2023-02-03 03:00:00,91.8,263.783333333333,33.1290684559053,6.18832894615421
2023-02-03 04:00:00,91.7166666666667,263.55,25.6208191794004,7.2682808236287
2023-02-03 05:00:00,91.7,263.283333333333,33.7828602537405,5.15585908771307
2023-02-03 06:00:00,91.6333333333333,263.2,34.9786460111208,5.70126009642268
2023-02-03 07:00:00,91.7,263.433333333333,20.6758832529328,4.97519878878593
2023-02-03 08:00:00,91.6666666666667,263.3,10.9934252304811,5.89172960685343
2023-02-03 09:00:00,91.9666666666667,264.516666666667,6.26628262385333,8.2360197483925
2023-02-03 10:00:00,91.9,264.4,25.194151332938,7.59491426964888
2023-02-03 11:00:00,91.9333333333333,264.583333333333,29.4561969581777,8.37985852164897
2023-02-03 12:00:00,92.0,264.983333333333,20.6637500159155,9.99412821425064
2023-02-03 13:00:00,91.95,264.85,17.1443072531226,10.5274340502216
2023-02-03 14:00:00,91.95,264.816666666667,22.1754592142578,12.5558235789235
2023-02-03 15:00:00,92.0166666666667,264.666666666667,16.1497227321663,12.9458110087902
2023-02-03 16:00:00,68.0666666666667,265.7,18.834040680722,15.3260975645953
2023-02-03 17:00:00,40.5,266.833333333333,19.161443918941,14.8053677569621
2023-02-03 18:00:00,43.8,266.566666666667,4.57994439537282,13.5019373695513
2023-02-03 19:00:00,57.8,266.15,8.94035181140771,13.4151344010833
2023-02-03 20:00:00,88.0666666666667,265.95,7.80055903093239,11.8754583970815
2023-02-03 21:00:00,92.4833333333333,265.916666666667,355.867185871068,9.87345957190835
2023-02-03 22:00:00,92.4833333333333,266.0,354.35553112496,11.8448528247375
2023-02-03 23:00:00,92.5,265.966666666667,344.969210680652,8.64744132136345
2023-02-04 00:00:00,92.45,265.8,359.188718896864,9.87392795939948
2023-02-04 01:00:00,92.4,265.65,350.400944232854,11.3249233282775
2023-02-04 02:00:00,92.3666666666667,265.483333333333,352.099784236325,10.5896785556246
2023-02-04 03:00:00,92.3,265.383333333333,357.401079372692,11.4951797942982
2023-02-04 04:00:00,92.3,265.216666666667,353.918984175799,10.5064905140101
2023-02-04 05:00:00,92.3,265.25,350.63972978708,8.30255262728992
2023-02-04 06:00:00,92.25,265.166666666667,343.153921386216,7.10922919173495
2023-02-04 07:00:00,92.2166666666667,265.233333333333,352.208829375876,5.83801359950595
2023-02-04 08:00:00,92.2,265.25,352.612110737207,5.03041093225113
2023-02-04 09:00:00,92.2,265.25,346.935987741759,7.13627631553776
2023-02-04 10:00:00,92.1833333333333,265.216666666667,347.554818866925,5.92990446344172
2023-02-04 11:00:00,92.1333333333333,265.133333333333,350.371907795252,5.54627810304594
2023-02-04 12:00:00,92.2,265.4,350.081762296959,3.71631974531248
2023-02-04 13:00:00,92.1833333333333,265.583333333333,,0.0
2023-02-04 14:00:00,92.0833333333333,265.383333333333,,0.0
2023-02-04 15:00:00,91.9833333333333,265.116666666667,,0.0
2023-02-04 16:00:00,91.9,264.683333333333,,0.0
2023-02-04 17:00:00,91.7333333333333,263.7,,0.0
2023-02-04 18:00:00,91.55,262.816666666667,,0.0
2023-02-04 19:00:00,91.45,262.15,,0.0
2023-02-04 20:00:00,91.3333333333334,261.683333333333,,0.0
2023-02-04 21:00:00,91.25,261.15,,0.0
2023-02-04 22:00:00,91.1166666666667,260.766666666667,,0.0
2023-02-04 23:00:00,91.0,260.3,,0.0
2023-02-05 00:00:00,91.05,260.35,,0.0
2023-02-05 01:00:00,91.1,260.45,,0.0
2023-02-05 02:00:00,90.9333333333333,259.85,,0.0
2023-02-05 03:00:00,90.8333333333333,259.4,,0.0
2023-02-05 04:00:00,89.9833333333334,259.25,347.048670688324,3.25299105957169
2023-02-05 05:00:00,88.2,259.266666666667,350.593146372453,6.86493212983742
2023-02-05 06:00:00,87.8,259.266666666667,342.51626782308,6.04952409581156
2023-02-05 07:00:00,89.0166666666667,259.2,347.419343761259,7.96516476626546
2023-02-05 08:00:00,84.8833333333334,259.333333333333,347.471499876573,8.15008794143568
2023-02-05 09:00:00,45.4333333333333,260.25,346.987887975407,9.06025704958958
2023-02-05 10:00:00,7.68333333333333,261.95,351.467450992604,8.30219131879031
2023-02-05 11:00:00,10.85,262.766666666667,356.470007154155,7.77071672902563
2023-02-05 12:00:00,11.5666666666667,263.216666666667,354.96968441548,8.54839255480315
2023-02-05 13:00:00,30.4,261.916666666667,5.11051054728591,5.97105771384838
2023-02-05 14:00:00,53.6166666666667,261.4,350.615418278218,6.32933114880091
2023-02-05 15:00:00,88.2666666666667,261.4,346.866977283538,4.40729304913383
2023-02-05 16:00:00,91.3833333333333,262.15,344.152115364772,3.48452842823274
2023-02-05 17:00:00,91.3333333333333,261.783333333333,346.704708044934,2.53642147934143
2023-02-05 18:00:00,91.3,261.566666666667,348.380661697476,3.1924487000482
2023-02-05 19:00:00,91.3,261.516666666667,353.76912477887,4.26645458522467
2023-02-05 20:00:00,91.3,261.583333333333,345.807692576693,4.71940830002194
2023-02-05 21:00:00,91.3,261.6,347.850561684109,4.01447448425126
2023-02-05 22:00:00,91.3,261.5,348.202290995534,3.17072894017295
2023-02-05 23:00:00,91.3,261.45,329.264229983272,2.62740376342754
2023-02-06 00:00:00,91.3,261.483333333333,327.779393503363,2.25884837262708
2023-02-06 01:00:00,91.2666666666667,261.416666666667,296.729740342972,1.17230272417627
2023-02-06 02:00:00,91.2,261.183333333333,306.014292633436,0.471074077138548
2023-02-06 03:00:00,91.1833333333333,260.983333333333,330.2794228877,2.16535719492462
2023-02-06 04:00:00,91.1333333333334,260.95,323.492857753409,0.836532692931854
2023-02-06 05:00:00,91.0166666666667,260.416666666667,313.660851447158,0.850960726609918
2023-02-06 06:00:00,90.9166666666667,259.666666666667,326.875735697491,0.98567751327957
2023-02-06 07:00:00,90.5333333333333,258.833333333333,252.685741846096,0.484102139071722
2023-02-06 08:00:00,64.2833333333334,258.766666666667,188.376415389275,1.81075906698005
2023-02-06 09:00:00,54.35,261.25,202.950748247028,0.660588294829849
2023-02-06 10:00:00,53.0,261.75,303.286353171724,0.458278388520554
2023-02-06 11:00:00,57.5333333333333,261.466666666667,332.947889111478,3.94721857744758
2023-02-06 12:00:00,35.0666666666667,261.05,331.596896478244,3.55336912060943
2023-02-06 13:00:00,7.01666666666667,262.333333333333,298.890303563329,2.71455959045773
2023-02-06 14:00:00,15.2666666666667,262.616666666667,310.274511551777,1.58025033383144
2023-02-06 15:00:00,34.8166666666667,260.566666666667,328.343490449125,3.09691521004767
2023-02-06 16:00:00,43.8,260.833333333333,304.478446307708,4.09371363077726
2023-02-06 17:00:00,58.9333333333333,259.816666666667,343.381771299477,3.38277373744986
2023-02-06 18:00:00,87.45,259.05,355.093559270415,4.06278030105054
2023-02-06 19:00:00,90.85,259.166666666667,346.52369493751,2.78120857481129
2023-02-06 20:00:00,89.1833333333334,258.15,339.308065718535,2.65165770118331
2023-02-06 21:00:00,86.5833333333333,256.9,342.150989217234,2.33495418945273
2023-02-06 22:00:00,86.0166666666667,256.566666666667,277.546324759654,0.322903652340777
2023-02-06 23:00:00,87.55,256.483333333333,153.135041276799,1.52902943995782
2023-02-07 00:00:00,87.65,256.766666666667,150.600957416613,2.81489134734116
2023-02-07 01:00:00,86.2833333333334,256.666666666667,159.927172190679,2.53942903022382
2023-02-07 02:00:00,86.5,256.766666666667,149.220520530194,4.13941941257814
2023-02-07 03:00:00,87.4666666666667,257.083333333333,139.228120949213,5.91721953093055
2023-02-07 04:00:00,88.1666666666667,257.233333333333,135.437147348104,6.3209109432857
2023-02-07 05:00:00,87.9333333333334,257.366666666667,124.828192486887,5.20865133523082
2023-02-07 06:00:00,84.75,257.483333333333,138.015337736757,5.51254566375486
2023-02-07 07:00:00,66.4666666666667,258.066666666667,142.309288102073,7.71170657437912
2023-02-07 08:00:00,40.8166666666667,259.566666666667,139.736491946102,7.05409988740646
2023-02-07 09:00:00,30.4166666666667,261.0,138.588670128134,5.79689533520343
2023-02-07 10:00:00,25.0,262.166666666667,149.983950316153,7.16726709870664
2023-02-07 11:00:00,19.35,264.0,154.698145426265,5.73165591571427
2023-02-07 12:00:00,13.55,267.616666666667,153.400353473764,0.542745856356712
2023-02-07 13:00:00,19.5,264.9,343.502701939535,3.95304553587473
2023-02-07 14:00:00,24.6166666666667,264.783333333333,320.778461178852,3.1107773394595
2023-02-07 15:00:00,19.4833333333333,265.7,292.112848918694,3.26211401085172
2023-02-07 16:00:00,21.55,264.983333333333,304.931346441244,3.81529241409303
2023-02-07 17:00:00,24.9833333333333,263.966666666667,304.21832822739,4.23258665450635
2023-02-07 18:00:00,51.1833333333333,261.65,302.705245438833,4.51286500996783
2023-02-07 19:00:00,43.8333333333333,260.85,301.705872383733,2.17789816284888
2023-02-07 20:00:00,45.5333333333333,260.516666666667,181.222382263234,1.2815776414775
2023-02-07 21:00:00,58.7666666666667,260.266666666667,152.558398775288,2.52432749565887
2023-02-07 22:00:00,41.65,260.483333333333,169.463002208316,3.00482365585032
2023-02-07 23:00:00,36.3,260.383333333333,156.149177481603,2.14031855610425
2023-02-08 00:00:00,42.0333333333333,259.783333333333,148.289616335397,2.84472941585849
2023-02-08 01:00:00,37.25,259.8,148.414355350738,3.06505457767187
2023-02-08 02:00:00,34.1,259.716666666667,157.852972410677,3.02860293756846
2023-02-08 03:00:00,32.0666666666667,259.633333333333,151.313834350743,3.55932728677475
2023-02-08 04:00:00,25.8,259.816666666667,160.296026346323,4.70069201165414
2023-02-08 05:00:00,22.6333333333333,259.65,153.227851032168,3.54588295807545
2023-02-08 06:00:00,17.15,260.85,162.730328100909,4.49738740903499
2023-02-08 07:00:00,16.0,261.816666666667,156.783679653526,5.85194130669573
2023-02-08 08:00:00,14.7333333333333,262.4,164.993371922593,7.6489722359647
2023-02-08 09:00:00,22.75,261.833333333333,158.175356126058,4.69785565089969
2023-02-08 10:00:00,19.7333333333333,262.466666666667,157.883171274969,4.38061087364588
2023-02-08 11:00:00,16.6333333333333,263.933333333333,151.925935942655,3.32807130848488
2023-02-08 12:00:00,22.8166666666667,264.0,142.370494574006,3.7264089647294
2023-02-08 13:00:00,20.0166666666667,264.316666666667,153.678601427409,4.03869253770914
2023-02-08 14:00:00,34.6833333333333,264.316666666667,149.273397395338,3.67831362076949
2023-02-08 15:00:00,37.1833333333333,264.7,150.661253249292,2.89637974725885
2023-02-08 16:00:00,36.75,264.483333333333,151.42694482277,3.1091285069599
2023-02-08 17:00:00,47.95,263.366666666667,136.014305629596,3.92443965978583
2023-02-08 18:00:00,46.65,261.783333333333,128.2422052111,3.95730530289064
2023-02-08 19:00:00,48.45,261.183333333333,131.870905754502,5.55072246705291
2023-02-08 20:00:00,40.4166666666667,261.616666666667,142.572889173907,6.20020804157483
2023-02-08 21:00:00,20.55,262.9,147.61202923422,6.62202009384555
2023-02-08 22:00:00,4.46666666666667,264.2,158.531026987766,6.14068935968784
2023-02-08 23:00:00,-0.683333333333333,265.133333333333,161.63772809708,4.26376164970072
2023-02-09 00:00:00,-0.683333333333333,265.0,166.643325925643,3.93832414627983
2023-02-09 01:00:00,-0.25,264.683333333333,169.16877621029,1.68048870975035
2023-02-09 02:00:00,-0.0833333333333333,264.383333333333,167.981936483537,1.85430691829565
2023-02-09 03:00:00,-0.533333333333333,264.466666666667,159.846829850535,3.74302923632941
2023-02-09 04:00:00,0.683333333333334,263.733333333333,153.188256060102,4.91343943656427
2023-02-09 05:00:00,-0.15,263.65,152.091137555579,5.253026859569
2023-02-09 06:00:00,0.95,264.0,153.342519094468,3.10389820952623
2023-02-09 07:00:00,2.78333333333333,263.966666666667,157.196367551568,0.365878783108419
2023-02-09 08:00:00,3.13333333333333,263.75,179.669357103694,1.36327131638096
2023-02-09 09:00:00,2.93333333333333,264.5,159.705388064576,1.40132337760754
2023-02-09 10:00:00,4.75,264.566666666667,155.477660078152,1.96398360236609
2023-02-09 11:00:00,8.08333333333333,266.3,145.74690269056,0.923841254198866
2023-02-09 12:00:00,10.3,266.9,183.159765444735,2.00524004231219
2023-02-09 13:00:00,26.3333333333333,266.25,143.461025590881,1.1657239073477
2023-02-09 14:00:00,23.3833333333333,266.883333333333,167.386272929032,0.623861678152091
2023-02-09 15:00:00,41.0833333333333,265.816666666667,150.256508931788,1.19539472117148
2023-02-09 16:00:00,41.4166666666667,266.816666666667,129.0,0.0066666666666666
2023-02-09 17:00:00,42.9,267.0,,0.0
2023-02-09 18:00:00,42.7833333333333,263.816666666667,,0.0
2023-02-09 19:00:00,27.2166666666667,262.816666666667,341.0,0.353333333333333
2023-02-09 20:00:00,23.6333333333333,262.85,314.934261499074,2.48380119844905
2023-02-09 21:00:00,16.1833333333333,262.883333333333,303.674095674603,2.73452236790782
2023-02-09 22:00:00,12.4833333333333,264.166666666667,304.065606296967,4.08307864118735
2023-02-09 23:00:00,13.5833333333333,264.383333333333,294.674216324989,4.14039774691191
2023-02-10 00:00:00,12.8666666666667,264.283333333333,273.148383755594,2.77094571425044
2023-02-10 01:00:00,9.56666666666667,264.05,290.894083024666,1.46230825221303
2023-02-10 02:00:00,8.23333333333333,264.25,210.0,0.243333333333333
2023-02-10 03:00:00,11.1833333333333,263.283333333333,348.266809021513,3.54875919599472
2023-02-10 04:00:00,14.8333333333333,262.4,335.292789334631,4.21936626408796
2023-02-10 05:00:00,12.6166666666667,263.066666666667,320.889227874249,3.02501825516725
2023-02-10 06:00:00,11.6666666666667,263.216666666667,328.373643247495,3.62115572609965
2023-02-10 07:00:00,10.9166666666667,263.4,330.064933030705,3.9541454621627
2023-02-10 08:00:00,9.36666666666667,263.35,323.171793924082,4.97812317319038
2023-02-10 09:00:00,9.38333333333333,264.183333333333,333.23339105077,3.71380379351533
2023-02-10 10:00:00,8.5,264.966666666667,324.133876210842,3.09981139177738
2023-02-10 11:00:00,10.35,266.8,305.81941184803,2.56166787692631
2023-02-10 12:00:00,10.2666666666667,267.783333333333,284.050740287797,0.893380216028657
2023-02-10 13:00:00,8.06666666666667,269.1,307.747977212995,1.20839529008726
2023-02-10 14:00:00,4.7,269.95,314.281611581595,0.674831485056857
2023-02-10 15:00:00,-0.0166666666666666,269.333333333333,336.231967402392,1.04962800392178
2023-02-10 16:00:00,-0.883333333333333,267.966666666667,356.516137173434,3.70970131676648
2023-02-10 17:00:00,3.73333333333333,267.583333333333,29.4842381335496,2.65000430808643
2023-02-10 18:00:00,0.566666666666667,266.733333333333,15.4726962828798,3.53705879785101
2023-02-10 19:00:00,5.53333333333333,266.283333333333,19.205557692258,2.66938237310434
2023-02-10 20:00:00,14.1166666666667,266.466666666667,36.2938875259449,0.961336526815862
2023-02-10 21:00:00,18.7666666666667,266.75,15.5058458979868,3.32517799851606
2023-02-10 22:00:00,24.5833333333333,267.033333333333,0.729712518441261,4.17712128553077
2023-02-10 23:00:00,13.6166666666667,267.416666666667,352.069095364193,3.23456144693865
2023-02-11 00:00:00,18.2166666666667,266.983333333333,355.722908781707,3.75838569193445
2023-02-11 01:00:00,14.6166666666667,267.066666666667,12.8187095136288,4.53605428842926
2023-02-11 02:00:00,10.4666666666667,267.683333333333,17.2942358907453,4.26185669229308
2023-02-11 03:00:00,11.45,267.233333333333,359.974474263909,3.43715077895524
2023-02-11 04:00:00,10.0,267.3,3.98513121220356,3.96530780390915
2023-02-11 05:00:00,10.55,267.4,358.352586458218,3.88273756069207
2023-02-11 06:00:00,12.4166666666667,267.4,3.04755735898186,4.14104765134564
2023-02-11 07:00:00,17.8333333333333,267.966666666667,354.644858824359,2.75715317526652
2023-02-11 08:00:00,14.95,267.3,4.31010921298741,3.55251287048531
2023-02-11 09:00:00,16.6166666666667,267.383333333333,4.35016912534451,3.84857615196435
2023-02-11 10:00:00,60.3,268.583333333333,322.554302260879,3.6893322834722
2023-02-11 11:00:00,75.2666666666667,269.25,318.062343229604,3.66683566905462
2023-02-11 12:00:00,86.3666666666667,270.05,329.562351875239,3.00727425940099
2023-02-11 13:00:00,91.1333333333333,269.65,2.23628801317716,2.84442463216937
2023-02-11 14:00:00,92.9,269.983333333333,346.087272607652,3.77593714854203
2023-02-11 15:00:00,92.3166666666667,269.483333333333,348.514887525179,4.54652735463235
2023-02-11 16:00:00,93.2833333333333,269.383333333333,352.276855434347,4.6052535578969
2023-02-11 17:00:00,92.8,269.2,3.29535971411326,4.71666263996914
2023-02-11 18:00:00,92.0,268.9,10.4624764810203,4.88972514564956
2023-02-11 19:00:00,91.6666666666666,268.35,358.178057755253,4.33045331735167
2023-02-11 20:00:00,89.05,268.116666666667,358.830733065925,4.45917013469557
2023-02-11 21:00:00,83.8333333333334,268.1,7.65360418558885,4.75357299103758
2023-02-11 22:00:00,62.8166666666667,268.65,7.25690058955581,5.02889373344838
2023-02-11 23:00:00,43.6333333333333,269.3,353.332349791963,4.58417988979588
2023-02-12 00:00:00,47.3166666666667,268.9,348.005898649516,4.30429734243771
2023-02-12 01:00:00,42.5,268.666666666667,348.890392354313,4.34879364730137
2023-02-12 02:00:00,37.2833333333333,268.6,354.489102082413,4.18989314010233
2023-02-12 03:00:00,31.5,268.633333333333,349.927807606464,3.45386029236255
2023-02-12 04:00:00,50.5,268.8,345.398728598596,3.65222276946387
2023-02-12 05:00:00,66.95,269.083333333333,319.279980687007,2.88583063987025
2023-02-12 06:00:00,70.8833333333334,269.15,309.869473876412,2.36420500306166
2023-02-12 07:00:00,52.6833333333333,268.75,324.934580344163,2.85555333820676
2023-02-12 08:00:00,52.3,268.733333333333,345.774222666757,1.27257180538522
2023-02-12 09:00:00,61.0833333333333,270.05,9.59445933618662,0.0899529138474444
2023-02-12 10:00:00,53.8333333333333,270.583333333333,148.204728863162,1.62344403469274
2023-02-12 11:00:00,54.55,271.633333333333,158.795878921499,1.67571670192113
2023-02-12 12:00:00,59.0666666666667,271.516666666667,146.35421433806,3.27081356591401
2023-02-12 13:00:00,61.45,272.2,148.951630722444,2.42331386358984
2023-02-12 14:00:00,60.1333333333333,273.383333333333,172.978278191252,1.51617441622324
2023-02-12 15:00:00,64.0833333333333,272.483333333333,171.074240925338,3.76379887609764
2023-02-12 16:00:00,64.4333333333333,272.533333333333,153.821202197851,4.26554680816209
2023-02-12 17:00:00,61.8666666666667,272.983333333333,149.516341197505,2.2395262654018
2023-02-12 18:00:00,61.8333333333333,272.283333333333,151.663560909252,3.21265155699632
2023-02-12 19:00:00,65.6833333333333,271.3,154.322480710662,3.08397337112351
2023-02-12 20:00:00,65.0166666666667,271.25,155.770836907782,3.61248659778232
2023-02-12 21:00:00,56.3,271.866666666667,152.821705935074,3.3063596747277
2023-02-12 22:00:00,47.0666666666667,272.45,160.728733625254,3.0324309909984
2023-02-12 23:00:00,45.3666666666667,272.466666666667,150.203892500775,1.92087312296813
2023-02-13 00:00:00,44.7,272.5,150.325882090358,1.64304130395289
2023-02-13 01:00:00,44.2,272.416666666667,152.960122476821,2.71935655759526
2023-02-13 02:00:00,41.3833333333333,272.633333333333,154.724728204436,3.48919168884039
2023-02-13 03:00:00,36.4833333333333,272.95,158.421591953941,4.00203744985795
2023-02-13 04:00:00,32.1166666666667,273.5,146.484561958871,3.85939260376518
2023-02-13 05:00:00,32.2833333333333,273.35,171.991644914486,1.28744044520742
2023-02-13 06:00:00,36.8166666666667,272.5,262.604180704398,1.88853068133198
2023-02-13 07:00:00,36.3833333333333,272.65,315.856222478089,3.10524171768754
2023-02-13 08:00:00,37.3333333333333,272.6,336.609539117692,3.70946058331051
2023-02-13 09:00:00,39.5833333333333,272.883333333333,341.603628005062,3.94876161803814
2023-02-13 10:00:00,38.8,273.3,341.022234429921,3.59727006105256
2023-02-13 11:00:00,38.4833333333333,273.616666666667,342.370992368178,3.36155612436907
2023-02-13 12:00:00,37.0166666666667,274.0,4.95780721052597,3.63125261178176
2023-02-13 13:00:00,33.6333333333333,274.583333333333,10.4427481179507,3.26237610823556
2023-02-13 14:00:00,32.5833333333333,274.65,10.5886537834851,2.46825825455751
2023-02-13 15:00:00,28.05,276.65,,0.0
2023-02-13 16:00:00,32.7166666666667,275.416666666667,18.2534832290813,0.864595072310487
2023-02-13 17:00:00,33.3166666666667,275.25,82.0023434417083,0.583048948763026
2023-02-13 18:00:00,44.0833333333333,273.533333333333,131.0,0.07
2023-02-13 19:00:00,48.2,271.95,137.299913167643,2.1666244746622
2023-02-13 20:00:00,45.7333333333333,271.8,146.848617337564,2.59168343954658
2023-02-13 21:00:00,2.85,273.7,190.25429118158,1.77329109949706
2023-02-13 22:00:00,2.08333333333333,273.8,168.687887355685,1.82810805714193
2023-02-13 23:00:00,-0.0833333333333334,273.75,170.505371665976,1.73396361870312
2023-02-14 00:00:00,1.06666666666667,273.633333333333,162.831206867006,1.68789416695928
2023-02-14 01:00:00,0.35,273.933333333333,152.397703388876,2.74585872790942
2023-02-14 02:00:00,4.26666666666667,273.883333333333,162.93261266499,3.71707018541617
2023-02-14 03:00:00,4.53333333333333,273.416666666667,164.975744017446,3.1453148983842
2023-02-14 04:00:00,7.4,273.75,172.466503928797,2.9450728231746
2023-02-14 05:00:00,8.35,273.366666666667,164.034419420453,3.48227250574214
2023-02-14 06:00:00,8.61666666666667,273.016666666667,143.543985450505,2.73174729272133
2023-02-14 07:00:00,5.56666666666667,272.816666666667,133.077511457524,2.01799170542579
2023-02-14 08:00:00,5.51666666666667,273.0,154.870281865737,4.17675876701427
2023-02-14 09:00:00,6.45,274.6,152.203917634473,5.13902282855447
2023-02-14 10:00:00,6.93333333333333,275.316666666667,148.414157587868,5.3222686582569
2023-02-14 11:00:00,4.18333333333333,276.266666666667,152.744169970266,5.87881337899151
2023-02-14 12:00:00,7.88333333333333,275.783333333333,149.543612574523,6.40847166817608
2023-02-14 13:00:00,9.1,276.183333333333,145.29569353961,6.24811046521136
2023-02-14 14:00:00,13.95,276.25,145.051072310122,5.78642576437363
2023-02-14 15:00:00,17.3,276.466666666667,140.95308297042,4.43114025070929
2023-02-14 16:00:00,17.7333333333333,276.333333333333,130.480941901595,4.44145234101998
2023-02-14 17:00:00,18.1166666666667,276.016666666667,138.467319342869,6.26952370555088
2023-02-14 18:00:00,18.6,275.25,142.035959328599,5.86619035081594
2023-02-14 19:00:00,18.0166666666667,274.633333333333,141.380767561746,5.63856646691957
2023-02-14 20:00:00,18.8333333333333,274.4,137.711825969577,4.86686717716176
2023-02-14 21:00:00,17.25,274.483333333333,138.204009699,5.19044509741511
2023-02-14 22:00:00,18.8,274.216666666667,141.776624787424,6.10777829806233
2023-02-14 23:00:00,17.25,274.233333333333,143.953921854571,6.45948193378583
2023-02-15 00:00:00,16.3,274.2,140.234512831707,6.60964727490049
2023-02-15 01:00:00,12.35,274.583333333333,141.859774235702,6.9679475614651
2023-02-15 02:00:00,10.5833333333333,274.633333333333,142.052520848605,6.4529073897344
2023-02-15 03:00:00,7.95,275.05,135.477724281829,3.9263893790356
2023-02-15 04:00:00,4.53333333333333,275.65,103.873987825114,2.08472772874195
2023-02-15 05:00:00,4.4,275.766666666667,86.8556380815591,1.73438852440046
2023-02-15 06:00:00,5.06666666666667,275.333333333333,33.7127010546977,2.02886754232545
2023-02-15 07:00:00,6.88333333333333,275.283333333333,57.0783744856833,2.77507372308529
2023-02-15 08:00:00,7.5,275.1,102.143034194069,1.78023201471473
2023-02-15 09:00:00,6.06666666666667,276.183333333333,109.821245355208,2.40520044944043
2023-02-15 10:00:00,4.35,276.7,57.798652049945,1.63481066286812
2023-02-15 11:00:00,2.0,277.266666666667,50.1798688942075,2.19017491015968
2023-02-15 12:00:00,5.38333333333333,277.983333333333,63.7176218485431,0.543262580858906
2023-02-15 13:00:00,6.6,278.766666666667,,0.0
2023-02-15 14:00:00,11.1833333333333,278.233333333333,132.612885711013,1.68486908990076
2023-02-15 15:00:00,14.0333333333333,278.166666666667,136.515154332299,2.1325243019454
2023-02-15 16:00:00,17.0333333333333,278.066666666667,132.158327847824,1.20978576727059
2023-02-15 17:00:00,20.4166666666667,277.333333333333,137.89201196382,2.13267478536688
2023-02-15 18:00:00,20.6333333333333,276.033333333333,135.28276512187,2.15107749820175
2023-02-15 19:00:00,21.1166666666667,274.9,144.496881968043,2.51552356870044
2023-02-15 20:00:00,22.8,274.65,136.357287409579,2.37791845117367
2023-02-15 21:00:00,24.1666666666667,274.4,136.829999344928,1.89406706842863
2023-02-15 22:00:00,23.6166666666667,274.266666666667,91.5119907977422,1.26606632500998
2023-02-15 23:00:00,23.0666666666667,274.05,110.684007913512,1.33237548609526
2023-02-16 00:00:00,23.45,273.666666666667,114.479683713489,0.891687736495789
2023-02-16 01:00:00,21.7833333333333,273.516666666667,103.888137649293,2.19718579313242
2023-02-16 02:00:00,17.0666666666667,273.8,78.2876784350265,2.51660137880223
2023-02-16 03:00:00,11.95,273.783333333333,42.7837992994871,3.2689489939629
2023-02-16 04:00:00,10.8666666666667,273.483333333333,47.3517300409632,1.63881688907188
2023-02-16 05:00:00,10.7333333333333,273.3,44.2920751894668,1.15916006806415
2023-02-16 06:00:00,11.7666666666667,272.9,,0.0
2023-02-16 07:00:00,20.95,272.0,13.3073115942795,1.1433795916886
2023-02-16 08:00:00,23.3333333333333,271.8,128.408205339941,0.813284526499874
2023-02-16 09:00:00,27.05,271.7,139.119290908295,0.784343038913914
2023-02-16 10:00:00,25.1166666666667,271.966666666667,132.77503590779,1.66032084921215
2023-02-16 11:00:00,22.85,273.416666666667,65.2239090414689,1.16766516226776
2023-02-16 12:00:00,26.0166666666667,273.25,85.3282281206361,2.13601180026075
2023-02-16 13:00:00,23.5,272.683333333333,59.1412822171718,4.21373531336171
2023-02-16 14:00:00,28.1666666666667,272.183333333333,41.4374834841374,4.62078352367917
2023-02-16 15:00:00,27.2833333333333,272.483333333333,56.2551292256449,4.27136860617034
2023-02-16 16:00:00,28.9166666666667,271.916666666667,37.831467266239,5.83645584474655
2023-02-16 17:00:00,26.2333333333333,271.566666666667,46.3874855243188,5.15510684022241
2023-02-16 18:00:00,23.6,270.366666666667,40.8189943736447,5.77661144107483
2023-02-16 19:00:00,30.85,269.2,37.0940537784032,6.225505969066
2023-02-16 20:00:00,33.3333333333333,269.166666666667,93.3886707759159,5.30994489537418
2023-02-16 21:00:00,38.05,269.133333333333,87.9941365943058,5.54466598204616
2023-02-16 22:00:00,39.8833333333333,269.05,88.9401047659952,2.99925557756086
2023-02-16 23:00:00,41.6666666666667,268.833333333333,94.501434694623,3.16078976684028
2023-02-17 00:00:00,45.1,268.833333333333,95.613901434825,6.38513766355861
2023-02-17 01:00:00,48.6166666666667,268.666666666667,90.7414172820286,7.18881686041797
2023-02-17 02:00:00,48.2333333333333,268.433333333333,76.8130190101937,8.16643193897445
2023-02-17 03:00:00,46.65,268.416666666667,81.7223084431438,6.43002104577015
2023-02-17 04:00:00,48.2833333333333,268.466666666667,85.2090817271655,8.61440243085682
2023-02-17 05:00:00,56.1166666666667,268.55,89.3698159222809,6.6127559257081
2023-02-17 06:00:00,69.15,268.45,88.9116225778576,4.77544928250126
2023-02-17 07:00:00,81.3666666666667,268.516666666667,105.160162027621,6.20316946529688
2023-02-17 08:00:00,91.0,268.966666666667,95.4996956279624,5.84032835296222
2023-02-17 09:00:00,91.55,269.466666666667,105.020103450004,7.05127900700237
2023-02-17 10:00:00,91.9166666666667,269.8,104.284434888841,5.62545950523525
2023-02-17 11:00:00,92.4666666666667,269.983333333333,124.529607803644,3.09685789724737
2023-02-17 12:00:00,92.8666666666667,270.45,203.201510988448,4.08862742603748
2023-02-17 13:00:00,93.4666666666667,270.633333333333,211.375090695114,3.01231800845406
2023-02-17 14:00:00,93.4,271.066666666667,324.876026655198,0.547035154587783
2023-02-17 15:00:00,94.3666666666667,270.9,218.277246982506,1.15172532908259
2023-02-17 16:00:00,94.5,270.883333333333,235.733396781642,3.01920814307292
2023-02-17 17:00:00,94.7,270.766666666667,231.289380203175,3.26834404661357
2023-02-17 18:00:00,94.7666666666667,270.816666666667,72.9443953497507,1.10935127850173
2023-02-17 19:00:00,94.8666666666667,270.766666666667,262.749415752428,3.1442530126144
2023-02-17 20:00:00,94.8,270.616666666667,146.377483605096,4.41354221272724
2023-02-17 21:00:00,94.8166666666667,270.683333333333,142.607830991637,4.30773955536195
2023-02-17 22:00:00,94.9,270.8,166.915399239329,6.87035497706753
2023-02-17 23:00:00,94.9,270.683333333333,167.183716998725,4.99945735853051
2023-02-18 00:00:00,94.9,270.683333333333,186.49409435116,5.61602123331145
2023-02-18 01:00:00,94.8666666666667,270.733333333333,165.539395489554,6.16866569950254
2023-02-18 02:00:00,94.9,270.75,205.961250863222,3.45941862121993
2023-02-18 03:00:00,94.7833333333334,270.633333333333,184.456664917748,5.78663005361595
2023-02-18 04:00:00,93.8166666666667,270.6,192.268047659772,3.45995124099496
2023-02-18 05:00:00,88.55,271.05,184.936398949243,5.28737992221715
2023-02-18 06:00:00,67.7166666666667,271.6,184.213694512295,7.29785269240623
2023-02-18 07:00:00,60.7333333333333,271.366666666667,177.544760773966,8.66270984226626
2023-02-18 08:00:00,58.45,271.5,183.213205025228,4.34458707900934
2023-02-18 09:00:00,57.8333333333333,272.183333333333,132.701674267565,7.89090115822117
2023-02-18 10:00:00,54.8333333333333,272.55,144.618331505011,5.9199744790824
2023-02-18 11:00:00,53.8166666666667,273.15,172.147086161029,5.92250950312118
2023-02-18 12:00:00,51.6666666666667,273.45,163.862543753842,6.05683819800029
2023-02-18 13:00:00,49.8166666666667,273.583333333333,173.153875275086,5.83596790668952
2023-02-18 14:00:00,50.25,273.8,106.162972987442,6.96671249090889
2023-02-18 15:00:00,43.0166666666667,274.166666666667,144.282427652065,7.66409526277328
2023-02-18 16:00:00,42.9166666666667,274.25,157.653193269773,6.72867158484461
2023-02-18 17:00:00,39.0666666666667,273.566666666667,135.554431564902,4.34182842466514
2023-02-18 18:00:00,38.2666666666667,273.2,119.778202090767,9.14552501355583
2023-02-18 19:00:00,38.4166666666667,272.766666666667,134.06743430656,7.67388545537651
2023-02-18 20:00:00,38.3666666666667,272.8,134.274305003302,7.22175169759691
2023-02-18 21:00:00,37.5833333333333,272.633333333333,137.726384804035,6.5351496778351
2023-02-18 22:00:00,34.35,272.35,116.094309212631,7.26914596682296
2023-02-18 23:00:00,34.0666666666667,272.216666666667,188.648222535437,9.17032230019375
2023-02-19 00:00:00,33.0833333333333,272.216666666667,192.894500664805,8.32862570878771
2023-02-19 01:00:00,33.3666666666667,272.166666666667,190.604641512192,10.6892563086234
2023-02-19 02:00:00,36.1666666666667,272.016666666667,171.469304459726,11.1264381452668
2023-02-19 03:00:00,36.9666666666667,271.9,194.209500349687,12.6999316535022
2023-02-19 04:00:00,37.2666666666667,271.733333333333,139.029269563076,9.59061065072686
2023-02-19 05:00:00,41.3,271.416666666667,175.02802091026,9.8578740182579
2023-02-19 06:00:00,43.1833333333333,271.45,135.131159253742,5.96979530777961
2023-02-19 07:00:00,45.1166666666667,271.183333333333,139.383461077919,5.00531581222752
2023-02-19 08:00:00,78.0333333333333,268.866666666667,174.568207339677,6.8635429603298
2023-02-19 09:00:00,92.95,268.666666666667,182.673086490345,6.80926446586391
2023-02-19 10:00:00,92.7833333333333,268.733333333333,198.434470905116,7.33821330605487
2023-02-19 11:00:00,92.8666666666667,268.566666666667,201.144497063592,10.300028122057
2023-02-19 12:00:00,91.9,268.833333333333,121.135729133652,3.71647368683177
2023-02-19 13:00:00,91.8,268.883333333333,159.862189530262,5.72681139465038
2023-02-19 14:00:00,87.0666666666667,269.166666666667,129.842267492951,5.98982204907482
2023-02-19 15:00:00,78.7833333333334,269.283333333333,170.99796139,5.85414171896277
2023-02-19 16:00:00,84.2,268.783333333333,146.694760313057,9.14994449822654
2023-02-19 17:00:00,91.3166666666667,268.133333333333,123.664576430162,3.86824123373037
2023-02-19 18:00:00,91.9166666666667,267.533333333333,116.460824551542,4.23152944401827
2023-02-19 19:00:00,92.5666666666667,267.1,107.538755143914,4.22993513695401
2023-02-19 20:00:00,93.05,266.983333333333,174.444366162225,4.99072623468283
2023-02-19 21:00:00,92.9833333333333,266.9,213.515791362375,6.2872826735096
2023-02-19 22:00:00,92.5666666666667,266.616666666667,179.256250343219,5.07283898970569
2023-02-19 23:00:00,91.7333333333333,266.55,196.314011084243,5.77047577596158
2023-02-20 00:00:00,91.7166666666667,266.55,159.432754287708,4.58471784632553
2023-02-20 01:00:00,92.3166666666667,266.416666666667,217.755464882728,6.82881405120861
2023-02-20 02:00:00,86.0666666666667,267.316666666667,217.070601006876,7.13769052115218
2023-02-20 03:00:00,74.65,267.533333333333,223.829796607306,8.78948263026616
2023-02-20 04:00:00,77.2166666666667,267.45,200.006841246682,7.59029704495775
2023-02-20 05:00:00,79.7,267.583333333333,150.75089241067,0.511054426037944
2023-02-20 06:00:00,63.4166666666667,268.633333333333,201.68516330137,8.85253542560925
2023-02-20 07:00:00,63.7,268.683333333333,169.856147371668,6.74931839792065
2023-02-20 08:00:00,61.6833333333333,269.0,191.936845497938,7.22784399688237
2023-02-20 09:00:00,55.8333333333333,270.616666666667,195.868594041424,6.57875446742892
2023-02-20 10:00:00,55.55,271.5,174.296260590885,6.60540219171775
2023-02-20 11:00:00,56.4,271.183333333333,174.534779835953,6.49794881707115
2023-02-20 12:00:00,46.8,272.216666666667,157.343399042765,4.95735374004473
2023-02-20 13:00:00,40.7833333333333,273.066666666667,144.839760040306,3.77757236325938
2023-02-20 14:00:00,40.15,273.85,139.660549377696,3.56314829678407
2023-02-20 15:00:00,33.1,273.466666666667,137.334223551388,4.64925998744178
2023-02-20 16:00:00,27.4666666666667,273.933333333333,145.036091405999,4.13684356709339
2023-02-20 17:00:00,24.85,273.983333333333,49.9157178857864,2.10288976944903
2023-02-20 18:00:00,27.6333333333333,273.466666666667,103.99514495808,3.35145762862804
2023-02-20 19:00:00,23.3833333333333,273.066666666667,225.6564912494,2.8777408514074
2023-02-20 20:00:00,20.35,273.0,217.328841833169,3.75750100451286
2023-02-20 21:00:00,16.9333333333333,273.383333333333,196.705688891892,5.40747734656771
2023-02-20 22:00:00,15.2833333333333,273.266666666667,185.120623592634,4.41863986106271
2023-02-20 23:00:00,10.0,273.683333333333,180.762638174056,5.1381603423315
2023-02-21 00:00:00,9.36666666666667,273.783333333333,192.784325839546,5.38747246853843
2023-02-21 01:00:00,8.08333333333333,273.466666666667,174.577674378906,5.63894675607702
2023-02-21 02:00:00,3.46666666666667,273.666666666667,156.709804497641,5.39766138206997
2023-02-21 03:00:00,3.31666666666667,273.9,150.689365648984,5.02183295537938
2023-02-21 04:00:00,6.03333333333333,274.3,147.775124486705,4.17988902732317
2023-02-21 05:00:00,13.6166666666667,274.033333333333,148.485387177021,3.93485029523135
2023-02-21 06:00:00,11.8666666666667,274.016666666667,149.665562528865,4.01153066252676
2023-02-21 07:00:00,7.38333333333333,273.283333333333,150.388259722787,4.33110637411008
2023-02-21 08:00:00,6.53333333333333,273.266666666667,151.0,4.31
2023-02-21 09:00:00,8.88333333333333,273.8,150.506210589054,4.44462263210413
2023-02-21 10:00:00,11.0833333333333,273.5,150.103298757396,4.7594180615626
2023-02-21 11:00:00,11.8,273.6,150.644733356001,4.72791251500392
2023-02-21 12:00:00,10.9333333333333,273.783333333333,151.0,4.26666666666667
2023-02-21 13:00:00,11.8833333333333,274.15,150.521791155677,3.30913815448227
2023-02-21 14:00:00,15.0166666666667,274.266666666667,149.051807392939,4.53731151506529
2023-02-21 15:00:00,12.8,274.466666666667,148.683047502153,3.83320693379078
2023-02-21 16:00:00,14.4,275.816666666667,155.32838817069,0.464617030834203
2023-02-21 17:00:00,18.65,275.683333333333,150.470522592784,0.851749476335993
2023-02-21 18:00:00,24.0333333333333,274.483333333333,164.65140221313,3.27213023836075
2023-02-21 19:00:00,24.8166666666667,273.283333333333,162.981030832465,4.41925452351073
2023-02-21 20:00:00,22.75,273.316666666667,160.513624323797,3.66986036139935
2023-02-21 21:00:00,23.9333333333333,274.033333333333,160.780059523722,1.21996811994645
2023-02-21 22:00:00,26.2333333333333,274.133333333333,161.0,0.145
2023-02-21 23:00:00,27.3,273.9,,0.0
2023-02-22 00:00:00,29.5,273.183333333333,,0.0
2023-02-22 01:00:00,29.7,273.783333333333,159.278882328719,1.68443513627623
2023-02-22 02:00:00,27.0666666666667,273.633333333333,158.0,4.12666666666667
2023-02-22 03:00:00,25.3,273.55,157.820805915622,4.74322707195424
2023-02-22 04:00:00,24.6166666666667,273.583333333333,157.802349927306,3.97990386735525
2023-02-22 05:00:00,21.95,273.683333333333,158.478735995037,1.91810609147521
2023-02-22 06:00:00,13.4,273.966666666667,160.0,0.911666666666667
2023-02-22 07:00:00,7.73333333333333,274.066666666667,160.0,1.93
2023-02-22 08:00:00,4.56666666666667,274.05,160.0,1.36833333333333
2023-02-22 09:00:00,1.65,275.083333333333,160.0,0.95
2023-02-22 10:00:00,1.31666666666667,275.616666666667,161.0,0.801666666666667
2023-02-22 11:00:00,5.33333333333333,275.766666666667,,0.0
2023-02-22 12:00:00,8.78333333333333,277.433333333333,,0.0
2023-02-22 13:00:00,3.35,276.1,,0.0
2023-02-22 14:00:00,16.4666666666667,275.55,,0.0
2023-02-22 15:00:00,29.0833333333333,276.166666666667,212.0,0.0133333333333333
2023-02-22 16:00:00,20.2333333333333,276.5,,0.0
2023-02-22 17:00:00,22.2833333333333,275.633333333333,,0.0
2023-02-22 18:00:00,33.45,273.416666666667,,0.0
2023-02-22 19:00:00,36.0,272.016666666667,241.0,0.0033333333333333
2023-02-22 20:00:00,41.8333333333333,271.416666666667,41.0,0.05
2023-02-22 21:00:00,47.6666666666667,270.883333333333,,0.0
2023-02-22 22:00:00,54.7833333333333,270.183333333333,,0.0
2023-02-22 23:00:00,72.1666666666667,269.416666666667,96.3928644767096,0.53759223679201
2023-02-23 00:00:00,85.4,269.05,,0.0
2023-02-23 01:00:00,87.5833333333333,268.916666666667,,0.0
2023-02-23 02:00:00,91.3666666666667,268.383333333333,205.396872493482,0.533313889520454
2023-02-23 03:00:00,92.4,268.0,196.0,0.735
2023-02-23 04:00:00,93.2333333333333,267.666666666667,196.0,0.0316666666666667
2023-02-23 05:00:00,93.6333333333334,267.6,197.0,0.263333333333333
2023-02-23 06:00:00,93.3666666666667,267.666666666667,,0.0
2023-02-23 07:00:00,93.1333333333333,267.666666666667,,0.0
2023-02-23 08:00:00,93.1833333333333,267.616666666667,202.0,0.291666666666667
2023-02-23 09:00:00,93.2166666666667,267.85,202.0,0.166666666666667
2023-02-23 10:00:00,93.0666666666667,268.2,,0.0
2023-02-23 11:00:00,92.85,268.7,203.0,0.075
2023-02-23 12:00:00,92.75,268.916666666667,203.0,0.158333333333333
2023-02-23 13:00:00,92.25,269.15,202.638667216931,1.64660878903817
2023-02-23 14:00:00,91.9,269.633333333333,202.0,1.30333333333333
2023-02-23 15:00:00,92.3833333333334,269.166666666667,203.719183922093,0.931467940073627
2023-02-23 16:00:00,91.7166666666667,269.25,205.0,0.636666666666667
2023-02-23 17:00:00,92.5166666666667,268.866666666667,198.0,0.126666666666667
2023-02-23 18:00:00,81.6833333333333,268.966666666667,197.38761329189,1.852273438494
2023-02-23 19:00:00,80.7333333333333,268.883333333333,195.336982603059,1.82493789612174
2023-02-23 20:00:00,86.1333333333333,268.6,194.376039716413,1.56462325363181
2023-02-23 21:00:00,91.3166666666667,268.416666666667,196.249242094868,1.72488534806911
2023-02-23 22:00:00,90.7666666666667,268.4,195.810305289095,2.39808274653605
2023-02-23 23:00:00,91.1666666666667,268.2,196.350356253788,2.31658635624546
2023-02-24 00:00:00,91.0333333333334,268.066666666667,199.670505018743,2.8419876549503
2023-02-24 01:00:00,90.7333333333333,268.066666666667,218.154093385898,2.67632643055357
2023-02-24 02:00:00,85.8833333333333,268.183333333333,234.834203500873,1.9976832386953
2023-02-24 03:00:00,83.4166666666667,268.133333333333,233.874091167847,1.97426391099032
2023-02-24 04:00:00,80.2833333333333,268.183333333333,236.912183529037,2.31004661862858
2023-02-24 05:00:00,82.0666666666667,268.0,244.05495640211,1.89074826597476
2023-02-24 06:00:00,83.1,268.016666666667,265.21303301227,2.31405999663129
2023-02-24 07:00:00,75.5333333333333,268.166666666667,264.434957875735,2.19959649048237
2023-02-24 08:00:00,74.85,268.133333333333,350.993222884437,2.52723337422989
2023-02-24 09:00:00,77.35,268.216666666667,74.1310029995666,2.12211158974574
2023-02-24 10:00:00,75.45,268.7,38.910336701177,2.91817825572508
2023-02-24 11:00:00,77.5166666666667,269.166666666667,38.4844028117473,2.99641357401308
2023-02-24 12:00:00,73.0,269.683333333333,36.8030349504204,3.1206619330177
2023-02-24 13:00:00,70.1666666666667,269.816666666667,36.5363068837852,2.92851426843763
2023-02-24 14:00:00,72.8,269.733333333333,20.7730765642251,1.13706954630383
2023-02-24 15:00:00,64.25,270.05,168.823519018647,3.55340436135275
2023-02-24 16:00:00,60.6333333333333,270.116666666667,132.87647907131,2.87471078076156
2023-02-24 17:00:00,56.1833333333333,270.583333333333,114.513382375898,1.96645637081448
2023-02-24 18:00:00,62.9333333333333,269.55,26.1884272696277,1.79011948854498
2023-02-24 19:00:00,66.2,269.05,359.584126420539,3.29279422567397
2023-02-24 20:00:00,71.9166666666667,268.716666666667,355.729935795192,2.90657939529245
2023-02-24 21:00:00,92.0666666666667,267.6,353.866377582593,3.34456254768118
2023-02-24 22:00:00,92.9,267.25,50.4078183747506,4.95754844227678
2023-02-24 23:00:00,92.8833333333333,267.133333333333,36.919607937532,3.13931060121143
2023-02-25 00:00:00,92.9,267.083333333333,50.0736145607397,4.64333597864515
2023-02-25 01:00:00,92.9,267.083333333333,130.236637950811,2.88480207047722
2023-02-25 02:00:00,92.95,267.233333333333,185.489188687899,5.6912466755582
2023-02-25 03:00:00,92.9333333333333,267.233333333333,4.08496192047647,1.08645897472822
2023-02-25 04:00:00,92.4166666666667,265.733333333333,45.0916339088468,4.53588412737329
2023-02-25 05:00:00,92.1,264.583333333333,135.122374959705,0.964186059460432
2023-02-25 06:00:00,92.0,264.133333333333,320.46241004324,1.07872117560107
2023-02-25 07:00:00,91.9833333333333,263.983333333333,98.1323515644427,2.09308156434061
2023-02-25 08:00:00,92.0,264.166666666667,158.600186510053,2.40465537662758
2023-02-25 09:00:00,92.0,264.183333333333,78.4089698540264,1.79106088840457
2023-02-25 10:00:00,92.0,264.25,183.532312739235,1.159041496502
2023-02-25 11:00:00,92.0,264.466666666667,37.9854225825671,2.31493898262522
2023-02-25 12:00:00,92.0,264.766666666667,237.964631081836,2.01251894355259
2023-02-25 13:00:00,92.0166666666667,264.883333333333,320.746282666583,3.41209344530992
2023-02-25 14:00:00,92.0,264.883333333333,74.1953418959614,3.05081573265613
2023-02-25 15:00:00,92.0,264.816666666667,340.386607431895,1.58936028755113
2023-02-25 16:00:00,91.95,264.533333333333,115.756937156991,1.05944098688839
2023-02-25 17:00:00,91.8833333333333,264.133333333333,309.553367777657,1.86862281201374
2023-02-25 18:00:00,91.7333333333333,263.466666666667,38.1531550572058,0.901670250000166
2023-02-25 19:00:00,91.5833333333333,262.866666666667,24.6382912628668,1.94849402119701
2023-02-25 20:00:00,91.4666666666667,262.25,14.0282582048033,0.999677731260283
2023-02-25 21:00:00,91.2666666666667,261.366666666667,90.0290893004625,0.805648481198271
2023-02-25 22:00:00,90.9833333333333,260.066666666667,95.1450681231689,0.654793707618584
2023-02-25 23:00:00,90.8166666666667,259.2,101.225983833768,0.294992140850651
2023-02-26 00:00:00,90.7166666666667,258.766666666667,87.4098706933437,0.101653783339791
2023-02-26 01:00:00,90.5333333333333,258.3,88.4067789175995,0.904012008853642
2023-02-26 02:00:00,90.1166666666667,258.183333333333,87.0475250727678,0.51940103516391
2023-02-26 03:00:00,89.8166666666667,258.116666666667,80.0,0.0066666666666666
2023-02-26 04:00:00,88.1666666666667,257.45,80.0,0.0716666666666667
2023-02-26 05:00:00,86.05,256.6,,0.0
2023-02-26 06:00:00,84.7666666666667,256.033333333333,72.2836870898755,0.58157454442738
2023-02-26 07:00:00,83.8333333333333,255.683333333333,68.47694158931,0.432971704386391
2023-02-26 08:00:00,82.9833333333333,255.3,66.6704927771081,0.293250866522938
2023-02-26 09:00:00,82.2833333333333,255.1,68.5600015011994,0.041665102974264
2023-02-26 10:00:00,83.2333333333333,255.916666666667,,0.0
2023-02-26 11:00:00,85.9,256.95,,0.0
2023-02-26 12:00:00,86.9833333333333,257.716666666667,,0.0
2023-02-26 13:00:00,86.9666666666667,257.783333333333,,0.0
2023-02-26 14:00:00,89.7166666666667,258.9,,0.0
2023-02-26 15:00:00,84.45,257.166666666667,,0.0
2023-02-26 16:00:00,84.3833333333333,256.5,,0.0
2023-02-26 17:00:00,83.8666666666667,256.15,,0.0
2023-02-26 18:00:00,83.35,255.666666666667,,0.0
2023-02-26 19:00:00,83.0166666666667,255.4,,0.0
2023-02-26 20:00:00,82.8833333333333,255.233333333333,,0.0
2023-02-26 21:00:00,83.1166666666667,255.3,,0.0
2023-02-26 22:00:00,83.6166666666667,255.533333333333,,0.0
2023-02-26 23:00:00,83.9666666666667,255.716666666667,,0.0
2023-02-27 00:00:00,83.9833333333333,255.75,,0.0
2023-02-27 01:00:00,83.95,255.75,,0.0
2023-02-27 02:00:00,83.8833333333333,255.7,,0.0
2023-02-27 03:00:00,83.8,255.65,,0.0
2023-02-27 04:00:00,83.8,255.65,,0.0
2023-02-27 05:00:00,83.65,255.633333333333,,0.0
2023-02-27 06:00:00,83.4833333333333,255.55,,0.0
2023-02-27 07:00:00,83.5333333333333,255.566666666667,,0.0
2023-02-27 08:00:00,83.6833333333333,255.65,,0.0
2023-02-27 09:00:00,88.0166666666667,257.216666666667,,0.0
2023-02-27 10:00:00,89.5833333333333,258.283333333333,,0.0
2023-02-27 11:00:00,90.5666666666667,258.783333333333,,0.0
2023-02-27 12:00:00,90.9,259.783333333333,,0.0
2023-02-27 13:00:00,91.1833333333333,261.233333333333,,0.0
2023-02-27 14:00:00,91.4833333333333,262.7,,0.0
2023-02-27 15:00:00,91.9333333333333,265.066666666667,,0.0
2023-02-27 16:00:00,91.6666666666667,263.8,,0.0
2023-02-27 17:00:00,91.4333333333333,262.6,,0.0
2023-02-27 18:00:00,91.35,262.0,,0.0
2023-02-27 19:00:00,91.0666666666667,260.666666666667,,0.0
2023-02-27 20:00:00,91.0166666666667,260.25,,0.0
2023-02-27 21:00:00,91.0833333333333,260.483333333333,,0.0
2023-02-27 22:00:00,91.1166666666667,260.816666666667,,0.0
2023-02-27 23:00:00,91.1333333333334,260.783333333333,,0.0
2023-02-28 00:00:00,91.1166666666667,260.7,,0.0
2023-02-28 01:00:00,91.1666666666667,260.8,,0.0
2023-02-28 02:00:00,91.15,260.766666666667,,0.0
2023-02-28 03:00:00,91.2,261.066666666667,,0.0
2023-02-28 04:00:00,91.25,261.133333333333,,0.0
2023-02-28 05:00:00,91.2833333333334,261.416666666667,,0.0
2023-02-28 06:00:00,91.3,261.55,,0.0
2023-02-28 07:00:00,91.3666666666667,261.783333333333,,0.0
2023-02-28 08:00:00,91.4,262.05,,0.0
2023-02-28 09:00:00,91.45,262.583333333333,,0.0
2023-02-28 10:00:00,91.5166666666667,263.116666666667,,0.0
2023-02-28 11:00:00,91.55,263.983333333333,170.0,0.121666666666667
2023-02-28 12:00:00,91.5,265.0,,0.0
2023-02-28 13:00:00,91.5,266.066666666667,,0.0
2023-02-28 14:00:00,91.45,266.75,,0.0
2023-02-28 15:00:00,91.7666666666667,267.45,,0.0
2023-02-28 16:00:00,91.6666666666667,267.1,,0.0
2023-02-28 17:00:00,91.6166666666667,266.716666666667,,0.0
2023-02-28 18:00:00,91.5666666666667,266.0,,0.0
2023-02-28 19:00:00,91.6333333333333,264.816666666667,,0.0
2023-02-28 20:00:00,91.6,264.533333333333,,0.0
2023-02-28 21:00:00,91.1,264.583333333333,,0.0
2023-02-28 22:00:00,89.5666666666667,264.5,,0.0
2023-02-28 23:00:00,87.9333333333334,264.483333333333,,0.0
2023-03-01 00:00:00,81.1,264.533333333333,,0.0
2023-03-01 01:00:00,77.2166666666667,264.533333333333,,0.0
2023-03-01 02:00:00,63.9333333333333,265.2,174.588711858475,0.413318090285255
2023-03-01 03:00:00,57.8666666666667,265.283333333333,175.336574876011,1.1982925789145
2023-03-01 04:00:00,50.8833333333333,265.466666666667,176.668848089101,2.5314528219459
2023-03-01 05:00:00,43.2,265.833333333333,185.75572380318,3.25345305981769
2023-03-01 06:00:00,37.4833333333333,266.216666666667,241.726733355843,3.52885855847667
2023-03-01 07:00:00,34.25,266.616666666667,32.0072817634857,4.09988266072757
2023-03-01 08:00:00,33.2666666666667,266.866666666667,74.6837326574476,4.53689791277532
2023-03-01 09:00:00,37.1166666666667,267.083333333333,73.6583033220625,3.97381650186027
2023-03-01 10:00:00,39.35,267.466666666667,75.0,4.61166666666667
2023-03-01 11:00:00,38.0166666666667,268.333333333333,79.5615290734463,4.7851260393987
2023-03-01 12:00:00,45.1333333333333,268.683333333333,78.3847735213416,4.1316642946089
2023-03-01 13:00:00,51.55,268.966666666667,88.4007852506118,4.80882660084125
2023-03-01 14:00:00,58.9333333333333,268.883333333333,93.2296347625143,4.97231046573803
2023-03-01 15:00:00,66.0833333333333,268.766666666667,93.1780632802606,4.84822525642322
2023-03-01 16:00:00,67.1833333333333,269.366666666667,93.0,4.15166666666667
2023-03-01 17:00:00,64.1833333333333,269.916666666667,78.9273945703827,3.98761880689875
2023-03-01 18:00:00,70.0833333333333,269.0,77.7762157587673,3.55988774384379
2023-03-01 19:00:00,89.45,267.033333333333,10.3467350685855,4.00776394902403
2023-03-01 20:00:00,91.2666666666667,266.45,357.668027432517,4.31804232341702
2023-03-01 21:00:00,91.1666666666667,266.383333333333,297.665239791656,2.51470472047331
2023-03-01 22:00:00,91.3666666666667,266.383333333333,231.903712820637,3.75557212863488
2023-03-01 23:00:00,91.4833333333333,266.333333333333,228.737709292398,4.63639643174651
2023-03-02 00:00:00,90.7666666666667,266.183333333333,228.319369030761,4.0469651118006
2023-03-02 01:00:00,92.5166666666667,265.75,228.437584806014,3.61819770511711
2023-03-02 02:00:00,92.4333333333333,265.633333333333,228.528352077611,5.08480700132378
2023-03-02 03:00:00,85.3833333333333,266.4,228.84683670381,5.10323251560034
2023-03-02 04:00:00,72.65,266.8,231.972315031688,7.02450622487741
2023-03-02 05:00:00,85.7833333333334,266.133333333333,230.155286025792,6.5010159337348
2023-03-02 06:00:00,74.2166666666667,266.483333333333,239.652062486808,6.24790306883502
2023-03-02 07:00:00,77.2333333333333,266.216666666667,240.192661411417,7.42880660594965
2023-03-02 08:00:00,74.9166666666667,266.0,236.857690000997,6.49564734070084
2023-03-02 09:00:00,71.3333333333333,266.2,232.499363945121,5.91005910477969
2023-03-02 10:00:00,76.6166666666667,266.35,223.282123423553,4.87249460875661
2023-03-02 11:00:00,71.8666666666667,267.383333333333,225.113982500817,5.61461562526671
2023-03-02 12:00:00,79.1333333333333,267.833333333333,232.680374052107,4.7458431045416
2023-03-02 13:00:00,72.15,268.566666666667,233.977395295762,6.48799572151258
2023-03-02 14:00:00,77.2833333333334,269.083333333333,233.560742523819,4.67815782570281
2023-03-02 15:00:00,69.3666666666667,269.6,234.661861727889,2.8882348795663
2023-03-02 16:00:00,63.8,269.983333333333,235.897679487991,2.01969556480966
2023-03-02 17:00:00,58.4,270.333333333333,234.767263228695,1.68995403555553
2023-03-02 18:00:00,63.7166666666667,269.016666666667,236.0,0.55
2023-03-02 19:00:00,70.6333333333333,268.2,233.0,0.0233333333333333
2023-03-02 20:00:00,80.1333333333333,267.05,232.713688644232,0.791642028169194
2023-03-02 21:00:00,84.7,266.6,232.124840723981,0.441482691163283
2023-03-02 22:00:00,89.9833333333333,266.566666666667,229.65849748956,1.90326814254305
2023-03-02 23:00:00,91.05,266.35,229.814149563485,1.01330998007238
2023-03-03 00:00:00,91.4166666666667,265.933333333333,231.640111578393,1.31411069641362
2023-03-03 01:00:00,91.5833333333333,266.0,233.484905277548,2.6498991880812
2023-03-03 02:00:00,91.4833333333333,265.916666666667,233.174359194047,2.65386093920806
2023-03-03 03:00:00,78.35,266.016666666667,229.550302608463,3.59486449885738
2023-03-03 04:00:00,81.1333333333333,265.833333333333,229.539552355484,2.82322650214145
2023-03-03 05:00:00,92.0,265.4,229.820996419202,2.58827539702081
2023-03-03 06:00:00,92.6666666666667,265.25,230.039376808861,2.47584480649783
2023-03-03 07:00:00,92.3,265.316666666667,356.0,0.808333333333333
2023-03-03 08:00:00,92.3333333333333,265.366666666667,355.0,0.718333333333333
2023-03-03 09:00:00,92.2,265.933333333333,355.0,0.145
2023-03-03 10:00:00,91.6166666666667,267.966666666667,355.0,0.126666666666667
2023-03-03 11:00:00,81.7833333333333,268.8,355.331946423355,0.401653100141668
2023-03-03 12:00:00,76.9666666666667,269.683333333333,,0.0
2023-03-03 13:00:00,91.7833333333333,267.35,345.0,0.928333333333333
2023-03-03 14:00:00,92.3166666666667,267.016666666667,345.0,0.468333333333333
2023-03-03 15:00:00,92.35,267.166666666667,345.0,0.731666666666667
2023-03-03 16:00:00,92.2,267.316666666667,,0.0
2023-03-03 17:00:00,92.2833333333334,266.616666666667,345.0,0.148333333333333
2023-03-03 18:00:00,92.3166666666667,266.2,345.0,0.055
2023-03-03 19:00:00,92.4,265.65,345.0,0.741666666666667
2023-03-03 20:00:00,92.2333333333333,265.233333333333,345.0,0.398333333333333
2023-03-03 21:00:00,92.2,265.083333333333,345.0,0.741666666666667
2023-03-03 22:00:00,92.2,265.083333333333,261.0,1.41
2023-03-03 23:00:00,92.1833333333333,264.883333333333,261.0,1.765
2023-03-04 00:00:00,92.0166666666667,264.4,261.0,1.50333333333333
2023-03-04 01:00:00,91.9,264.116666666667,261.0,1.75833333333333
2023-03-04 02:00:00,91.75,264.05,261.0,1.45666666666667
2023-03-04 03:00:00,91.5166666666667,263.833333333333,227.0,0.143333333333333
2023-03-04 04:00:00,90.3666666666667,263.716666666667,228.0,0.17
2023-03-04 05:00:00,80.5666666666667,263.9,226.412094611694,2.06659040659295
2023-03-04 06:00:00,68.1,263.866666666667,227.0,0.291666666666667
2023-03-04 07:00:00,54.9833333333333,264.083333333333,225.0,0.11
2023-03-04 08:00:00,47.55,264.85,224.434946144849,1.7549343061574
2023-03-04 09:00:00,31.6,266.766666666667,224.0,0.3
2023-03-04 10:00:00,19.05,269.2,,0.0
2023-03-04 11:00:00,13.1,270.866666666667,,0.0
2023-03-04 12:00:00,26.6833333333333,269.0,238.0,0.578333333333333
2023-03-04 13:00:00,27.85,268.733333333333,237.354247626626,1.64660929442635
2023-03-04 14:00:00,42.65,268.35,237.812159531706,1.80995794317943
2023-03-04 15:00:00,57.9833333333334,267.9,237.83577294169,3.30826417086582
2023-03-04 16:00:00,62.0666666666667,267.833333333333,237.649881610703,4.10319113019211
2023-03-04 17:00:00,66.65,267.833333333333,237.663086136775,3.71987342287734
2023-03-04 18:00:00,83.3,266.783333333333,237.832987897162,4.75989913936831
2023-03-04 19:00:00,81.5,265.533333333333,237.847690557089,5.68988810644079
2023-03-04 20:00:00,36.95,265.466666666667,237.487956182403,4.28983674472031
2023-03-04 21:00:00,44.2,264.883333333333,237.1517666537,5.12823277996712
2023-03-04 22:00:00,22.3,265.183333333333,237.835319999078,4.62490309779521
2023-03-04 23:00:00,21.65,264.8,237.354367451714,4.2515185098621
2023-03-05 00:00:00,23.2333333333333,264.816666666667,238.0,4.17166666666667
2023-03-05 01:00:00,24.2,264.933333333333,237.794072679413,3.93323537041243
2023-03-05 02:00:00,20.5333333333333,264.566666666667,238.0,5.89333333333333
2023-03-05 03:00:00,31.2,264.733333333333,238.03742643761,4.76466112287219
2023-03-05 04:00:00,30.55,264.466666666667,239.0,3.67666666666667
2023-03-05 05:00:00,30.8833333333333,264.466666666667,238.849132311467,3.53493102531524
2023-03-05 06:00:00,29.7666666666667,264.516666666667,238.681117566046,5.26815905246536
2023-03-05 07:00:00,27.4833333333333,264.616666666667,239.0,5.19
2023-03-05 08:00:00,23.4,264.683333333333,240.368940750981,6.46049946087348
2023-03-05 09:00:00,23.85,264.983333333333,243.421100533261,6.57447214216428
2023-03-05 10:00:00,22.1,265.616666666667,256.486081561071,5.42936508062346
2023-03-05 11:00:00,21.3666666666667,266.55,257.865063736353,3.43295486439914
2023-03-05 12:00:00,21.9833333333333,267.183333333333,253.433604645629,2.40977653708416
2023-03-05 13:00:00,33.65,267.566666666667,252.0,2.855
2023-03-05 14:00:00,32.9666666666667,267.65,247.540654577353,2.52369167164026
2023-03-05 15:00:00,35.0333333333333,267.433333333333,241.959044134664,4.51461582820889
2023-03-05 16:00:00,38.4333333333333,266.75,233.640983326303,6.11188848276881
2023-03-05 17:00:00,36.8333333333333,266.666666666667,235.186229989409,4.52822880907421
2023-03-05 18:00:00,37.5,266.25,236.258549662764,3.75796519498152
2023-03-05 19:00:00,31.0666666666667,265.466666666667,237.691562181777,3.90346289473161
2023-03-05 20:00:00,19.8333333333333,265.233333333333,241.716457136297,4.20638741190464
2023-03-05 21:00:00,16.3666666666667,265.233333333333,269.244992308213,5.20772425563127
2023-03-05 22:00:00,16.2666666666667,265.316666666667,334.603914630693,3.65351416378189
2023-03-05 23:00:00,19.1666666666667,265.216666666667,40.1426063577397,5.62648782170061
2023-03-06 00:00:00,23.0166666666667,265.083333333333,51.2915187272021,7.77340908828432
2023-03-06 01:00:00,30.8166666666667,264.95,63.2966626876,5.27651233695858
2023-03-06 02:00:00,35.9,264.683333333333,66.2278667452274,6.13850444202501
2023-03-06 03:00:00,38.4166666666667,264.466666666667,67.4882991137935,3.35795575788028
2023-03-06 04:00:00,38.8,264.383333333333,64.7426793898967,4.43653752750139
2023-03-06 05:00:00,38.2333333333333,264.466666666667,65.1905499751422,5.04654810867892
2023-03-06 06:00:00,40.4666666666667,264.5,69.5171396703094,5.17547132938186
2023-03-06 07:00:00,41.1333333333333,264.516666666667,82.7705616916334,4.90402203409206
2023-03-06 08:00:00,42.0,264.6,96.2941256519442,2.33946705895681
2023-03-06 09:00:00,41.3,264.766666666667,104.444840539339,3.30587056980946
2023-03-06 10:00:00,42.15,265.05,106.660212194176,2.1957347010969
2023-03-06 11:00:00,47.1166666666667,265.283333333333,109.600371653737,3.81529973932281
2023-03-06 12:00:00,49.6,266.033333333333,121.137140724516,4.12295315368754
2023-03-06 13:00:00,50.6333333333333,266.466666666667,161.43130841491,3.08284740348225
2023-03-06 14:00:00,52.2333333333333,266.683333333333,169.793985058063,3.08490274877983
2023-03-06 15:00:00,53.5333333333333,266.616666666667,183.520171183808,4.49837891127106
2023-03-06 16:00:00,62.15,266.066666666667,242.322726586529,3.92471246536821
2023-03-06 17:00:00,65.2,265.55,310.998113563683,4.19252884633836
2023-03-06 18:00:00,60.0166666666667,264.933333333333,36.0037241194025,5.60018296597754
2023-03-06 19:00:00,54.4833333333333,264.35,66.4611256421028,5.23249750022508
2023-03-06 20:00:00,55.7,263.95,63.1976722139094,7.60780233881576
2023-03-06 21:00:00,60.0333333333333,263.533333333333,72.950263525996,4.72466340951059
2023-03-06 22:00:00,77.5333333333334,262.5,72.3479275059244,5.79718943262024
2023-03-06 23:00:00,82.6833333333333,262.166666666667,73.0854786371936,4.59949035186995
2023-03-07 00:00:00,65.55,262.616666666667,71.4333011824025,5.11632749987942
2023-03-07 01:00:00,59.4333333333333,263.216666666667,69.9582377701678,4.5022333472448
2023-03-07 02:00:00,52.0666666666667,263.5,71.6422063344779,4.8407635294988
2023-03-07 03:00:00,49.2166666666667,263.616666666667,73.0924251858471,4.20597645665868
2023-03-07 04:00:00,50.35,263.666666666667,70.0630528322227,3.56722777151088
2023-03-07 05:00:00,46.0666666666667,263.616666666667,80.6670443429984,4.20900340462972
2023-03-07 06:00:00,41.9166666666667,263.733333333333,80.4760149542658,4.86851880098307
2023-03-07 07:00:00,39.3833333333333,263.85,82.8344522143805,4.44965354971371
2023-03-07 08:00:00,36.1166666666667,264.4,77.9889691336098,4.20642803110768
2023-03-07 09:00:00,38.3166666666667,265.3,77.6831890422378,5.08212253732599
2023-03-07 10:00:00,30.8166666666667,266.25,78.8896814686748,4.06226693448796
2023-03-07 11:00:00,30.9666666666667,267.116666666667,82.8906213209154,3.7333546674153
2023-03-07 12:00:00,31.95,267.933333333333,81.7613587525798,2.89045663395153
2023-03-07 13:00:00,44.6166666666667,268.233333333333,80.0,3.88666666666667
2023-03-07 14:00:00,36.4166666666667,269.166666666667,80.0,3.97833333333333
2023-03-07 15:00:00,32.0833333333333,269.4,72.1619169967476,3.02206283972726
2023-03-07 16:00:00,30.8,269.083333333333,64.2055302416069,4.5588177385978
2023-03-07 17:00:00,39.1666666666667,268.516666666667,65.9960573688316,3.38166464394164
2023-03-07 18:00:00,49.6,267.633333333333,65.7895732306316,2.77992964988611
2023-03-07 19:00:00,58.7333333333334,266.85,66.0,1.85333333333333
2023-03-07 20:00:00,65.3666666666667,266.283333333333,62.3118318222939,3.70425452322312
2023-03-07 21:00:00,67.85,266.016666666667,66.2018299850181,4.17823081275105
2023-03-07 22:00:00,71.3333333333333,265.75,67.1968205302514,4.19989887481319
2023-03-07 23:00:00,70.6666666666667,265.583333333333,70.214882982317,3.41030635831062
2023-03-08 00:00:00,77.8166666666667,265.1,79.974463721289,3.82688864037823
2023-03-08 01:00:00,72.2666666666667,264.683333333333,87.077716447446,4.29079386829737
2023-03-08 02:00:00,62.9666666666667,264.416666666667,68.7582946416392,3.79236788903239
2023-03-08 03:00:00,51.8,264.566666666667,65.4760585066561,4.82352374146858
2023-03-08 04:00:00,51.05,264.55,84.4965993597738,6.73924757128254
2023-03-08 05:00:00,49.2333333333334,264.733333333333,80.524650202303,4.43963553904378
2023-03-08 06:00:00,50.8666666666667,264.883333333333,82.7247137520348,4.7281896574515
2023-03-08 07:00:00,54.8666666666667,265.016666666667,93.35182425595,5.24962832999408
2023-03-08 08:00:00,53.1833333333333,265.716666666667,97.0,4.85833333333333
2023-03-08 09:00:00,53.5833333333333,266.4,97.3576640730757,5.95378188076321
2023-03-08 10:00:00,59.55,266.616666666667,138.997361446416,6.57264082274886
2023-03-08 11:00:00,75.6666666666667,267.316666666667,210.276901641672,6.30855263521233
2023-03-08 12:00:00,91.9333333333333,267.833333333333,209.792981170281,5.99575414826001
2023-03-08 13:00:00,91.8666666666667,269.416666666667,223.295547491286,4.44008057964623
2023-03-08 14:00:00,92.3,269.55,229.558714710801,5.83081868121371
2023-03-08 15:00:00,92.45,269.616666666667,234.089659795985,3.61333567861546
2023-03-08 16:00:00,91.35,269.783333333333,240.125339774928,6.17455782893223
2023-03-08 17:00:00,65.75,270.533333333333,301.342442227587,4.00462685772645
2023-03-08 18:00:00,59.6666666666667,270.466666666667,353.666461331238,2.30178370886715
2023-03-08 19:00:00,73.8,269.733333333333,251.883783538774,6.07535900553304
2023-03-08 20:00:00,92.55,268.616666666667,252.109486337637,7.84606416147264
2023-03-08 21:00:00,92.8833333333333,269.2,282.884320879099,0.490552264287036
2023-03-08 22:00:00,91.5166666666667,269.8,282.010289067999,1.72721526994615
2023-03-08 23:00:00,91.6666666666666,269.633333333333,116.475639106557,4.99260230573622
2023-03-09 00:00:00,76.8,270.183333333333,353.816125828557,4.80851364028032
2023-03-09 01:00:00,90.2333333333333,269.1,98.5999025618202,5.92336166079062
2023-03-09 02:00:00,93.5666666666667,268.883333333333,101.635252584804,4.67969832397337
2023-03-09 03:00:00,93.6,268.933333333333,128.184301303336,5.79005902257629
2023-03-09 04:00:00,93.0666666666667,269.0,202.27877279213,4.09693606994191
2023-03-09 05:00:00,82.8,269.616666666667,58.2983528916146,5.92881156655233
2023-03-09 06:00:00,91.9666666666667,268.85,96.4903791044926,4.63343829057876
2023-03-09 07:00:00,90.1333333333333,269.05,169.750258241766,6.43900322087565
2023-03-09 08:00:00,93.2666666666667,268.383333333333,190.463394213963,4.20432374578266
2023-03-09 09:00:00,93.1333333333333,268.0,274.978874271318,2.07963218851148
2023-03-09 10:00:00,92.7666666666667,267.483333333333,319.124379030959,3.99008722777804
2023-03-09 11:00:00,92.2833333333333,267.833333333333,37.680597846994,2.36018072056942
2023-03-09 12:00:00,91.55,268.45,14.5091708631011,7.09169431420545
2023-03-09 13:00:00,84.3166666666667,268.566666666667,54.3593660949695,7.50950936850402
2023-03-09 14:00:00,77.0166666666667,268.783333333333,172.403799104232,2.69238297355853
2023-03-09 15:00:00,71.4666666666667,269.2,231.328554327815,2.55024582716539
2023-03-09 16:00:00,83.3833333333334,268.983333333333,236.325838811949,3.41155252168899
2023-03-09 17:00:00,66.5166666666667,269.85,238.290582391986,3.73583351824828
2023-03-09 18:00:00,52.9166666666667,270.183333333333,242.213770949169,4.45145573600298
2023-03-09 19:00:00,47.2666666666667,269.55,266.656168559893,3.75274357878269
2023-03-09 20:00:00,48.95,269.45,347.334318292978,4.64315877077973
2023-03-09 21:00:00,46.8333333333333,269.75,36.1413403250825,4.49309050082459
2023-03-09 22:00:00,46.2666666666667,269.966666666667,75.5378691092275,6.6404126239885
2023-03-09 23:00:00,46.3333333333333,270.033333333333,68.3159512585088,6.05980916906825
2023-03-10 00:00:00,46.2333333333333,270.016666666667,67.0857970201141,5.21042113035019
2023-03-10 01:00:00,50.2833333333333,269.766666666667,67.4836306182181,5.61905911179807
2023-03-10 02:00:00,51.3,269.75,65.3696104643358,6.6324329733984
2023-03-10 03:00:00,53.9833333333333,269.533333333333,69.3860419469862,6.12227228047076
2023-03-10 04:00:00,55.7833333333333,269.433333333333,89.1833116262855,4.99452603125337
2023-03-10 05:00:00,56.0166666666667,269.35,90.4291405159488,5.09076290991885
2023-03-10 06:00:00,54.9,269.2,91.0,5.00166666666667
2023-03-10 07:00:00,56.65,269.0,91.4298193271258,4.19151020518955
2023-03-10 08:00:00,79.85,267.75,91.0,2.935
2023-03-10 09:00:00,91.6,267.316666666667,90.2954237049561,5.87379648523262
2023-03-10 10:00:00,91.5833333333333,268.066666666667,90.0101303060928,5.59890456460482
2023-03-10 11:00:00,80.65,269.683333333333,89.8399118334626,3.59159311080164
2023-03-10 12:00:00,75.9666666666667,269.466666666667,91.646321617454,2.94478324187307
2023-03-10 13:00:00,90.1666666666667,268.433333333333,93.5994986492094,6.65951959032075
2023-03-10 14:00:00,78.0166666666667,269.0,94.1516100449441,4.12072207879282
2023-03-10 15:00:00,82.85,268.466666666667,100.659999739953,4.84656117828884
2023-03-10 16:00:00,92.5333333333333,267.0,19.4906213650201,2.10735795162652
2023-03-10 17:00:00,92.5166666666667,266.75,27.1946636421775,1.27626303120645
2023-03-10 18:00:00,92.3833333333334,266.4,5.37763950169511,6.37682169143627
2023-03-10 19:00:00,91.8833333333333,265.266666666667,143.406533587648,3.70320144645465
2023-03-10 20:00:00,91.6,264.516666666667,268.031203443436,2.58621251979201
2023-03-10 21:00:00,92.0333333333333,264.666666666667,100.648320895118,5.25540640402476
2023-03-10 22:00:00,92.1,264.816666666667,220.439118677888,5.05823242853189
2023-03-10 23:00:00,92.0833333333333,264.633333333333,20.9739098934678,1.88173113383607
2023-03-11 00:00:00,91.95,264.166666666667,213.711409572411,4.22619409780942
2023-03-11 01:00:00,91.85,263.816666666667,277.977547645015,2.05031954527307
2023-03-11 02:00:00,91.75,263.383333333333,22.2623354182068,3.97942982203359
2023-03-11 03:00:00,91.6,262.833333333333,247.799372224888,2.79626797756467
2023-03-11 04:00:00,91.5,262.5,305.037330764763,3.79272693342119
2023-03-11 05:00:00,91.4333333333333,262.266666666667,345.755731142852,4.69138646855824
2023-03-11 06:00:00,91.4,262.1,62.3423291793384,4.31436301830613
2023-03-11 07:00:00,91.4,261.983333333333,145.536726190522,3.27453222221099
2023-03-11 08:00:00,91.4,262.033333333333,211.937955616403,6.122833566315
2023-03-11 09:00:00,91.4166666666667,262.4,277.676902015215,4.94139572443552
2023-03-11 10:00:00,91.5833333333333,263.05,18.3049494445622,3.32766968680323
2023-03-11 11:00:00,91.6333333333333,263.466666666667,58.4754066093174,3.58288752664755
2023-03-11 12:00:00,91.7333333333333,264.266666666667,81.8470295630909,4.47590728251145
2023-03-11 13:00:00,91.7333333333333,264.816666666667,106.057108093477,4.212467507069
2023-03-11 14:00:00,91.8833333333333,265.083333333333,151.957565638216,3.40365108852548
2023-03-11 15:00:00,91.9166666666667,265.133333333333,155.049894791885,5.78974385523
2023-03-11 16:00:00,92.0,265.033333333333,171.244541251244,7.23869174761282
2023-03-11 17:00:00,92.0333333333333,265.1,191.87786215937,9.05763633516539
2023-03-11 18:00:00,92.1,265.0,255.39976459274,7.64086197586761
2023-03-11 19:00:00,92.1,265.016666666667,266.569170388396,5.10823267130302
2023-03-11 20:00:00,92.0833333333333,265.033333333333,267.528586430813,6.7425020853549
2023-03-11 21:00:00,91.95,264.55,267.731479107645,6.07621175133022
2023-03-11 22:00:00,91.9,264.383333333333,269.690792243689,8.01473924938065
2023-03-11 23:00:00,91.95,264.433333333333,269.339951283873,8.79038042965612
2023-03-12 00:00:00,92.0666666666667,264.816666666667,295.056087877713,7.25357153207003
2023-03-12 01:00:00,92.1333333333333,265.1,342.0009254542,6.39118899683219
2023-03-12 02:00:00,92.2,265.35,91.0935936534792,7.94989977649989
2023-03-12 03:00:00,92.25,265.516666666667,142.885872256492,5.53542122842237
2023-03-12 04:00:00,92.25,265.55,233.209637942564,4.04698795095265
2023-03-12 05:00:00,92.2333333333333,265.566666666667,43.7452963226505,3.71276908838918
2023-03-12 06:00:00,92.3166666666667,265.766666666667,275.069270555516,4.24087895556746
2023-03-12 07:00:00,92.4666666666667,266.25,14.2144942713678,3.23475955161305
2023-03-12 08:00:00,92.6,266.666666666667,7.72613261427256,1.62465897356469
2023-03-12 09:00:00,92.7833333333333,267.4,241.922848322931,3.1238598388005
2023-03-12 10:00:00,92.9,268.0,57.8766344433902,3.65405270456032
2023-03-12 11:00:00,92.7666666666667,267.85,200.653239036295,2.5902340572309
2023-03-12 12:00:00,92.7833333333333,267.933333333333,126.839038047082,1.68876591463861
2023-03-12 13:00:00,92.9833333333334,268.55,269.816888669837,2.12999292753537
2023-03-12 14:00:00,93.2166666666667,269.016666666667,47.8419309575672,6.11483993530378
2023-03-12 15:00:00,93.3833333333333,269.333333333333,107.823377070205,5.36864207416292
2023-03-12 16:00:00,93.3166666666667,268.966666666667,152.256794095691,4.60642792427866
2023-03-12 17:00:00,93.0666666666667,268.2,152.566310775543,5.0113265145101
2023-03-12 18:00:00,92.85,267.5,142.311860640886,3.69490165597282
2023-03-12 19:00:00,92.6166666666667,266.666666666667,131.100083228992,2.03154030691435
2023-03-12 20:00:00,92.4833333333333,266.316666666667,130.763575246522,2.84075296644589
2023-03-12 21:00:00,92.3166666666667,265.933333333333,131.630622864606,2.54896786845172
2023-03-12 22:00:00,92.2833333333334,265.75,129.108395381639,3.70226956097571
2023-03-12 23:00:00,92.2,265.816666666667,124.293540360241,3.52706882851997
2023-03-13 00:00:00,92.1833333333333,265.95,121.363171498061,6.45827998240029
2023-03-13 01:00:00,69.0166666666667,266.85,125.940913003523,6.30172290611247
2023-03-13 02:00:00,10.7833333333333,270.8,195.773740502589,8.03571342319208
2023-03-13 03:00:00,6.53333333333333,271.883333333333,238.842742600896,5.69905091716926
2023-03-13 04:00:00,11.65,271.816666666667,260.841398762555,4.64285221579208
2023-03-13 05:00:00,19.9833333333333,271.966666666667,262.393837833268,4.69293169449213
2023-03-13 06:00:00,27.95,271.866666666667,280.264480483117,3.95142480496469
2023-03-13 07:00:00,35.3333333333333,272.533333333333,323.563941759484,5.72732991519989
2023-03-13 08:00:00,48.4666666666667,272.7,11.8000142909736,6.89033628663981
2023-03-13 09:00:00,70.4166666666667,272.583333333333,34.7580514878198,7.63231145059744
2023-03-13 10:00:00,91.35,272.633333333333,43.6494249264262,4.8517117199945
2023-03-13 11:00:00,91.6833333333333,273.516666666667,45.3202883260084,5.48786812537639
2023-03-13 12:00:00,90.2833333333333,273.8,46.0907294174581,5.34408255981384
2023-03-13 13:00:00,77.0166666666667,274.383333333333,42.1415655189589,5.33964956374584
2023-03-13 14:00:00,66.9666666666667,274.716666666667,44.5816227952369,8.23874740962776
2023-03-13 15:00:00,56.1333333333333,275.533333333333,51.5918578833769,7.10696401140842
2023-03-13 16:00:00,50.95,276.366666666667,65.1367490309909,5.57235853125681
2023-03-13 17:00:00,49.0833333333333,276.016666666667,66.4649806846453,6.3297601552951
2023-03-13 18:00:00,50.4,275.433333333333,69.5070642897514,5.52394041671346
2023-03-13 19:00:00,53.5333333333333,274.233333333333,88.1285999859001,7.96110652371835
2023-03-13 20:00:00,53.8333333333333,273.4,192.369615636532,5.06676409303675
2023-03-13 21:00:00,57.2833333333333,272.666666666667,239.854953672126,2.54960607545765
2023-03-13 22:00:00,59.5666666666667,272.266666666667,71.930637252711,4.1946499090014
2023-03-13 23:00:00,67.6833333333333,271.683333333333,174.083706433758,5.55624431079851
2023-03-14 00:00:00,79.3833333333333,271.183333333333,221.755513358293,6.63974856059651
2023-03-14 01:00:00,82.5833333333333,271.35,296.590967999151,3.20851861665617
2023-03-14 02:00:00,87.65,271.533333333333,154.166058067079,7.14252200000087
2023-03-14 03:00:00,92.5,270.7,219.239690807673,2.62826037955629
2023-03-14 04:00:00,93.9166666666667,269.666666666667,220.0,4.05166666666667
2023-03-14 05:00:00,93.7333333333333,269.05,293.683153471395,1.94441661875942
2023-03-14 06:00:00,93.7833333333334,269.266666666667,357.754399821142,3.05313294309617
2023-03-14 07:00:00,93.7,269.083333333333,18.3484271896778,5.0455156051165
2023-03-14 08:00:00,93.75,269.216666666667,24.1035465590601,2.81662684407583
2023-03-14 09:00:00,93.6833333333333,269.333333333333,24.4043266645889,1.92492938552008
2023-03-14 10:00:00,93.5,269.283333333333,33.9296833279439,3.14952511977245
2023-03-14 11:00:00,93.4333333333333,269.55,38.837554596861,2.50328145721176
2023-03-14 12:00:00,92.9666666666667,269.95,56.2474677063028,3.56839644903875
2023-03-14 13:00:00,92.5833333333333,269.65,66.3953099589559,3.19988349538274
2023-03-14 14:00:00,92.9166666666667,270.066666666667,69.0,2.28666666666667
2023-03-14 15:00:00,92.9,269.1,90.0099633230216,5.31738667790375
2023-03-14 16:00:00,92.8166666666667,267.683333333333,233.879105852922,6.21293459976099
2023-03-14 17:00:00,92.4333333333333,266.3,256.623546922153,0.883532390979845
2023-03-14 18:00:00,92.1666666666667,265.033333333333,188.447629379658,4.04538502836174
2023-03-14 19:00:00,91.85,263.8,228.902633111115,5.17829266410083
2023-03-14 20:00:00,91.8333333333333,263.45,240.880353957328,4.69356562324842
2023-03-14 21:00:00,91.9,263.8,242.334800254101,3.74767212405519
2023-03-14 22:00:00,91.9,263.816666666667,247.898123443762,5.2928049023419
2023-03-14 23:00:00,91.7833333333333,263.416666666667,331.009301155514,3.66990679876996
2023-03-15 00:00:00,91.5166666666667,262.383333333333,81.093419940784,4.03393287436907
2023-03-15 01:00:00,91.4666666666667,262.25,86.9584841676849,4.20621645290639
2023-03-15 02:00:00,91.5,262.2,112.284227876094,2.55621377327678
2023-03-15 03:00:00,91.5166666666667,262.433333333333,133.018285254154,3.74530615753632
2023-03-15 04:00:00,91.3833333333333,261.966666666667,226.272571134253,3.08499805310421
2023-03-15 05:00:00,91.1,260.4,223.658143357387,8.44348256790574
2023-03-15 06:00:00,91.0333333333334,260.05,321.674395297208,3.78757770884483
2023-03-15 07:00:00,90.9,259.5,139.080956238782,4.25235121936354
2023-03-15 08:00:00,90.7,258.766666666667,232.866878570117,4.51471081198911
2023-03-15 09:00:00,90.8833333333333,259.6,237.336369138112,3.28988814328157
2023-03-15 10:00:00,90.7666666666667,260.25,238.34051013658,4.4196406808272
2023-03-15 11:00:00,86.6,258.983333333333,237.568695537121,4.20748417172667
2023-03-15 12:00:00,87.8333333333333,259.5,236.32726886579,4.12486167719104
2023-03-15 13:00:00,87.95,259.966666666667,236.854370674267,5.91655454199609
2023-03-15 14:00:00,89.1333333333333,260.433333333333,237.661983762402,5.68980608089574
2023-03-15 15:00:00,90.1833333333333,260.733333333333,237.618360903351,5.93030216759324
2023-03-15 16:00:00,90.85,260.383333333333,207.950039841211,2.35771296171587
2023-03-15 17:00:00,90.9,259.95,289.81148970096,4.33098935046114
2023-03-15 18:00:00,90.95,259.95,344.97298509045,5.2850351378601
2023-03-15 19:00:00,90.9833333333333,259.883333333333,351.269765297627,5.89975344374577
2023-03-15 20:00:00,91.0,259.883333333333,68.6445168356084,6.43255450402377
2023-03-15 21:00:00,91.0,260.016666666667,90.2523212609673,5.21263141967302
2023-03-15 22:00:00,91.0,260.1,121.572949120316,5.2420646173991
2023-03-15 23:00:00,91.0,260.066666666667,127.0,3.77
2023-03-16 00:00:00,91.0,259.9,129.255926192838,3.73136755067347
2023-03-16 01:00:00,91.0,259.933333333333,130.481218903339,3.06155025225955
2023-03-16 02:00:00,91.0,260.05,130.372811232961,5.05148676100869
2023-03-16 03:00:00,91.0666666666667,260.266666666667,130.431241968075,3.29654351342639
2023-03-16 04:00:00,91.1,260.433333333333,130.133630685496,5.52490257488597
2023-03-16 05:00:00,91.0333333333334,260.5,130.356370592509,5.88312779903085
2023-03-16 06:00:00,74.7,260.983333333333,130.26137870769,4.79485900433412
2023-03-16 07:00:00,15.4333333333333,263.4,130.523692907784,5.41646087970004
2023-03-16 08:00:00,1.43333333333333,265.7,130.286319280312,6.64145995921465
2023-03-16 09:00:00,-2.03333333333333,267.516666666667,130.353339691536,6.8297623091283
2023-03-16 10:00:00,-1.46666666666667,268.216666666667,130.651990256717,5.03315938853014
2023-03-16 11:00:00,-1.15,268.716666666667,130.509561547467,5.92644107988334
2023-03-16 12:00:00,0.816666666666667,269.35,130.978434944598,6.02796518258108
2023-03-16 13:00:00,15.9166666666667,270.483333333333,132.154414022783,3.58326207095939
2023-03-16 14:00:00,33.3833333333333,271.333333333333,132.207491769198,2.48993763646826
2023-03-16 15:00:00,38.3333333333333,271.933333333333,132.438277758807,2.67323309210978
2023-03-16 16:00:00,39.4333333333333,271.933333333333,128.09114917812,2.28215559544228
2023-03-16 17:00:00,42.6333333333333,271.866666666667,126.209672534216,2.78992958268649
2023-03-16 18:00:00,45.65,271.7,126.258940118085,2.74825300898026
2023-03-16 19:00:00,49.9333333333333,270.683333333333,127.125089247189,2.54472252378854
2023-03-16 20:00:00,51.3333333333333,270.533333333333,128.512907173669,2.96988698685817
2023-03-16 21:00:00,51.35,270.5,128.688811448958,4.54151839329196
2023-03-16 22:00:00,50.1166666666667,270.516666666667,128.822177102215,5.28433402851361
2023-03-16 23:00:00,46.7,271.816666666667,127.556670324928,4.70285448541037
2023-03-17 00:00:00,35.9166666666667,272.833333333333,130.665924034755,3.72154056207639
2023-03-17 01:00:00,16.45,273.633333333333,130.420726859821,3.52153594300421
2023-03-17 02:00:00,8.2,273.966666666667,130.68286713505,3.18989478153245
2023-03-17 03:00:00,2.46666666666667,274.983333333333,130.683207151314,4.26652601647727
2023-03-17 04:00:00,3.36666666666667,275.0,130.376172598027,3.18988598417983
2023-03-17 05:00:00,8.06666666666667,274.6,130.497879055387,3.14321364698527
2023-03-17 06:00:00,7.5,274.6,130.357629612055,5.82979600917254
2023-03-17 07:00:00,7.51666666666667,274.733333333333,131.079069883417,4.36300876334829
2023-03-17 08:00:00,10.3666666666667,275.733333333333,131.958605961911,4.54953894211941
2023-03-17 09:00:00,11.1333333333333,276.85,133.374433103745,4.43317517166576
2023-03-17 10:00:00,8.71666666666667,278.35,133.42556978102,3.57153368209157
2023-03-17 11:00:00,8.16666666666667,278.916666666667,133.354045574879,2.65490751980615
2023-03-17 12:00:00,10.8333333333333,279.35,133.657073331489,2.60491059821865
2023-03-17 13:00:00,10.4666666666667,279.333333333333,133.209419198711,3.5015783659564
2023-03-17 14:00:00,10.6166666666667,279.166666666667,133.673617321261,4.95816729830786
2023-03-17 15:00:00,15.0833333333333,279.283333333333,133.571430347676,3.98985117363436
2023-03-17 16:00:00,18.6166666666667,279.033333333333,133.151355996961,2.93994248234205
2023-03-17 17:00:00,20.2166666666667,278.083333333333,133.369680667942,4.58483727674349
2023-03-17 18:00:00,22.8166666666667,277.466666666667,134.410371336788,5.19778486900377
2023-03-17 19:00:00,26.7333333333333,276.566666666667,134.547345301935,4.32983660512506
2023-03-17 20:00:00,29.5166666666667,276.133333333333,135.432811985219,4.48983212157079
2023-03-17 21:00:00,30.2833333333333,276.016666666667,137.498637242241,6.32521919096839
2023-03-17 22:00:00,28.4666666666667,276.266666666667,141.9783527813,5.77412085163974
2023-03-17 23:00:00,27.6333333333333,276.233333333333,142.774459696556,5.349857667886
2023-03-18 00:00:00,29.3833333333333,275.766666666667,142.677153614045,4.1865272626691
2023-03-18 01:00:00,32.1,275.166666666667,142.680911164208,3.15989542859708
2023-03-18 02:00:00,33.5,274.683333333333,142.625232618298,2.72156953492104
2023-03-18 03:00:00,45.0,273.6,142.658882130643,0.713308914321056
2023-03-18 04:00:00,58.3833333333333,272.116666666667,142.468192580063,0.654975160533818
2023-03-18 05:00:00,63.45,271.633333333333,142.172493718465,2.71494097414137
2023-03-18 06:00:00,66.4333333333333,270.9,145.559216509021,4.10448884757312
2023-03-18 07:00:00,68.4,270.716666666667,149.694219062392,5.6464840992978
2023-03-18 08:00:00,66.75,270.383333333333,154.14362947833,5.77855361558111
2023-03-18 09:00:00,67.7,270.416666666667,167.679534860091,4.96364237702824
2023-03-18 10:00:00,49.95,272.75,169.0,4.09833333333333
2023-03-18 11:00:00,40.7,274.166666666667,168.798332471777,3.388250246389
2023-03-18 12:00:00,47.7166666666667,274.55,169.0,2.805
2023-03-18 13:00:00,60.5833333333333,273.766666666667,168.854820335299,4.70657770088492
2023-03-18 14:00:00,53.8833333333333,274.833333333333,168.825014152305,4.43823574182136
2023-03-18 15:00:00,52.2833333333333,275.45,169.0,3.43333333333333
2023-03-18 16:00:00,51.4333333333333,275.3,169.0,3.30833333333333
2023-03-18 17:00:00,52.5666666666667,275.033333333333,169.223316371013,2.78302272315047
2023-03-18 18:00:00,56.2666666666667,275.133333333333,171.210167859461,1.73662275861305
2023-03-18 19:00:00,67.7,273.283333333333,172.0,1.62333333333333
2023-03-18 20:00:00,69.9333333333333,272.716666666667,171.891970594219,3.00828918148057
2023-03-18 21:00:00,79.5,272.166666666667,173.856002854211,4.1405354887348
2023-03-18 22:00:00,75.2,272.066666666667,177.35141634792,5.88375098636914
2023-03-18 23:00:00,71.0833333333333,272.05,185.526493046859,4.63001311606763
2023-03-19 00:00:00,66.9333333333333,271.983333333333,193.893921244106,4.60326684726725
2023-03-19 01:00:00,58.7,272.266666666667,191.344069981556,3.35121284433294
2023-03-19 02:00:00,58.8833333333333,272.166666666667,191.0,2.92833333333333
2023-03-19 03:00:00,56.6166666666667,272.05,191.0,2.175
2023-03-19 04:00:00,54.3833333333333,271.95,191.0,2.645
2023-03-19 05:00:00,55.7833333333333,271.716666666667,191.0,0.388333333333333
2023-03-19 06:00:00,86.3166666666667,270.55,191.0,0.478333333333333
2023-03-19 07:00:00,93.3,269.7,191.0,0.425
2023-03-19 08:00:00,94.1833333333333,269.35,191.0,1.775
2023-03-19 09:00:00,94.0666666666667,270.016666666667,191.0,0.631666666666667
2023-03-19 10:00:00,93.7,269.883333333333,191.0,0.895
2023-03-19 11:00:00,93.3333333333333,270.566666666667,191.0,2.21166666666667
2023-03-19 12:00:00,92.8166666666667,270.883333333333,191.0,3.26
2023-03-19 13:00:00,91.6,271.366666666667,191.147909527003,2.63661605322109
2023-03-19 14:00:00,87.95,271.7,191.363350827526,1.07329551660426
2023-03-19 15:00:00,89.1833333333334,271.616666666667,191.0,1.79166666666667
2023-03-19 16:00:00,93.55,270.083333333333,190.813156611261,4.40632659492198
2023-03-19 17:00:00,93.7,269.55,190.0,3.59833333333333
2023-03-19 18:00:00,93.9,269.6,190.0,2.38666666666667
2023-03-19 19:00:00,93.9,269.4,190.0,1.93333333333333
2023-03-19 20:00:00,93.75,268.933333333333,190.0,2.25333333333333
2023-03-19 21:00:00,93.55,268.583333333333,190.0,2.94333333333333
2023-03-19 22:00:00,93.5666666666667,268.683333333333,190.0,2.93833333333333
2023-03-19 23:00:00,93.5,268.566666666667,190.0,2.73
2023-03-20 00:00:00,93.4333333333333,268.516666666667,190.175473297558,2.96326803169797
2023-03-20 01:00:00,93.3166666666667,268.216666666667,194.666015537519,3.39321836965521
2023-03-20 02:00:00,93.3,268.133333333333,195.0,2.39666666666667
2023-03-20 03:00:00,93.2,268.033333333333,195.31635497406,2.61824708432653
2023-03-20 04:00:00,93.1166666666667,267.733333333333,195.0,2.9
2023-03-20 05:00:00,92.8333333333333,267.083333333333,195.181390544969,2.50827660445055
2023-03-20 06:00:00,92.8,266.866666666667,195.86643275619,3.35644402965287
2023-03-20 07:00:00,92.8166666666667,267.0,196.0,1.45333333333333
2023-03-20 08:00:00,92.9166666666667,267.333333333333,196.303101366898,1.34162350221204
2023-03-20 09:00:00,93.35,269.516666666667,196.0,0.926666666666667
2023-03-20 10:00:00,93.0666666666667,268.316666666667,194.189993224931,1.91103955903125
2023-03-20 11:00:00,93.2666666666667,268.883333333333,193.781358143344,2.1647751200673
2023-03-20 12:00:00,93.6833333333333,270.4,193.153476441191,1.05331248961482
2023-03-20 13:00:00,93.9333333333333,271.166666666667,194.0,0.596666666666667
2023-03-20 14:00:00,93.9166666666667,271.333333333333,193.538618860667,0.819968963173244
2023-03-20 15:00:00,93.5166666666667,271.35,193.157067173636,2.34495271213475
2023-03-20 16:00:00,93.6666666666667,271.783333333333,193.2230014779,2.36160434016561
2023-03-20 17:00:00,93.9,270.966666666667,193.0,1.55333333333333
2023-03-20 18:00:00,93.7333333333333,270.55,193.152014447499,2.10495867107805
2023-03-20 19:00:00,93.6333333333333,269.45,193.60840286952,2.6982354183884
2023-03-20 20:00:00,93.55,268.766666666667,193.0,2.70833333333333
2023-03-20 21:00:00,93.1833333333333,268.116666666667,193.289433188483,2.42992388259936
2023-03-20 22:00:00,92.85,267.7,193.0,3.53833333333333
2023-03-20 23:00:00,91.35,267.85,193.282974252132,4.69985475402389
2023-03-21 00:00:00,84.35,268.316666666667,193.0,3.545
2023-03-21 01:00:00,44.8,269.2,193.364884944498,5.80979492747712
2023-03-21 02:00:00,26.6333333333333,269.966666666667,194.0,5.12666666666667
2023-03-21 03:00:00,27.5,270.033333333333,194.128779480294,3.02828158361142
2023-03-21 04:00:00,41.6,270.45,194.656293275043,5.68288525635806
2023-03-21 05:00:00,39.45,270.35,195.0,5.285
2023-03-21 06:00:00,25.7666666666667,270.65,197.645906175983,5.8501061679858
2023-03-21 07:00:00,28.8666666666667,270.9,200.205245714551,3.49157991725747
2023-03-21 08:00:00,41.1,271.05,200.592893271958,3.51653738454646
2023-03-21 09:00:00,51.4333333333333,271.55,199.330796709645,2.3651384492999
2023-03-21 10:00:00,66.8166666666667,271.883333333333,194.501547238241,4.38034927059827
2023-03-21 11:00:00,75.9166666666667,272.683333333333,197.202983912825,4.01490106701719
2023-03-21 12:00:00,77.7166666666667,273.1,195.302028869664,3.49534613781019
2023-03-21 13:00:00,72.9166666666667,273.116666666667,192.0,4.67666666666667
2023-03-21 14:00:00,60.6333333333334,273.6,192.0,3.77833333333333
2023-03-21 15:00:00,63.0833333333333,274.033333333333,192.0,3.5
2023-03-21 16:00:00,63.35,273.433333333333,192.190471344252,3.849909583047
2023-03-21 17:00:00,63.4333333333333,273.166666666667,192.0,4.26833333333333
2023-03-21 18:00:00,62.2833333333333,272.55,192.517540985431,4.43246575167042
2023-03-21 19:00:00,61.7,271.883333333333,195.23965827633,4.3532125105333
2023-03-21 20:00:00,40.9333333333333,272.0,195.985871983695,5.48202667146636
2023-03-21 21:00:00,28.85,271.783333333333,193.0,4.195
2023-03-21 22:00:00,36.0166666666667,271.3,196.892786123722,4.3022804495541
2023-03-21 23:00:00,35.8666666666667,271.1,200.121995231011,5.068250646805
2023-03-22 00:00:00,30.2,271.333333333333,197.161517149883,2.42075524420052
2023-03-22 01:00:00,31.2,271.55,198.111399330257,3.23407557466236
2023-03-22 02:00:00,35.7,271.483333333333,198.392220871719,4.41483970136872
2023-03-22 03:00:00,38.1833333333333,271.433333333333,199.130605535352,3.12427379427562
2023-03-22 04:00:00,34.6833333333333,271.45,201.0,2.54666666666667
2023-03-22 05:00:00,35.2666666666667,271.3,201.042733143344,2.53498420537442
2023-03-22 06:00:00,39.7333333333333,271.45,201.182961963523,3.5615855735703
2023-03-22 07:00:00,45.4833333333333,272.083333333333,201.146203100398,3.33993649813127
2023-03-22 08:00:00,45.3333333333333,272.75,201.324800276156,3.19156005865361
2023-03-22 09:00:00,42.45,273.533333333333,201.094520596091,2.55663333859522
2023-03-22 10:00:00,37.5166666666667,274.633333333333,201.238465368601,1.48162568484686
2023-03-22 11:00:00,44.3666666666667,274.633333333333,201.73273736071,1.66495033781816
2023-03-22 12:00:00,49.45,274.833333333333,201.0,3.29666666666667
2023-03-22 13:00:00,54.7166666666667,275.183333333333,201.201628609451,3.26491994891972
2023-03-22 14:00:00,51.8,275.95,201.0,2.74
2023-03-22 15:00:00,48.3333333333333,276.583333333333,201.266339189544,2.75325138989543
2023-03-22 16:00:00,44.7333333333333,277.283333333333,201.258723480936,2.67325524351813
2023-03-22 17:00:00,41.85,276.783333333333,201.144421214296,3.94659239034294
2023-03-22 18:00:00,40.95,276.216666666667,201.163685801344,4.47990659143264
2023-03-22 19:00:00,44.1833333333333,275.5,199.607615196869,1.98455288538166
2023-03-22 20:00:00,48.3833333333333,274.583333333333,194.207810391022,2.8149294167763
2023-03-22 21:00:00,58.1666666666667,273.933333333333,194.0,3.73
2023-03-22 22:00:00,68.2,273.233333333333,194.0,4.61666666666667
2023-03-22 23:00:00,64.8166666666667,273.116666666667,194.0,3.98833333333333
2023-03-23 00:00:00,62.5,272.866666666667,200.855636939605,4.1685926886149
2023-03-23 01:00:00,59.9166666666667,272.816666666667,202.38552264647,4.7898271720433
2023-03-23 02:00:00,59.0166666666667,272.716666666667,203.210053379099,5.43486264211851
2023-03-23 03:00:00,57.9333333333333,272.716666666667,203.393558208517,3.46820725468773
2023-03-23 04:00:00,53.5,272.883333333333,203.522535782174,2.36657673431067
2023-03-23 05:00:00,50.3333333333333,272.8,203.253571336747,1.28162971884077
2023-03-23 06:00:00,54.75,272.35,203.220904750485,2.82159270143932
2023-03-23 07:00:00,55.3666666666667,272.083333333333,203.174211268799,2.39161426155139
2023-03-23 08:00:00,60.1666666666667,271.966666666667,203.065582151419,2.46497699214696
2023-03-23 09:00:00,55.85,272.466666666667,205.335371670833,4.07492023640254
2023-03-23 10:00:00,56.3166666666667,273.1,208.113233696097,3.13495205397143
2023-03-23 11:00:00,63.1833333333333,273.6,208.338231617479,2.49324833234304
2023-03-23 12:00:00,64.1166666666667,274.016666666667,208.13354356245,2.07163015606799
2023-03-23 13:00:00,64.8166666666667,274.25,208.407892478043,1.64660609431709
2023-03-23 14:00:00,65.8,274.566666666667,208.305382224972,3.55821836973524
2023-03-23 15:00:00,64.0,275.116666666667,208.140873184725,2.88661345445164
2023-03-23 16:00:00,61.1833333333333,276.3,208.546250253598,2.28824694612592
2023-03-23 17:00:00,63.1833333333333,275.933333333333,208.69076044012,2.9749032093373
2023-03-23 18:00:00,70.3833333333333,275.15,208.135543836543,2.50828856846577
2023-03-23 19:00:00,72.7333333333333,274.666666666667,208.313651263522,2.79490835736041
2023-03-23 20:00:00,78.6166666666667,274.183333333333,208.212775771111,4.82487690384891
2023-03-23 21:00:00,76.3333333333333,274.4,208.127121649042,3.91993374953134
2023-03-23 22:00:00,88.6333333333333,274.016666666667,208.086568438782,4.33161449652294
2023-03-23 23:00:00,89.8,274.1,208.727955439518,3.7982187654829
2023-03-24 00:00:00,86.6833333333334,273.966666666667,208.491341036626,4.90814649508977
2023-03-24 01:00:00,87.3833333333334,273.733333333333,208.5568481581,5.30646721699927
2023-03-24 02:00:00,90.85,273.416666666667,209.911329515498,3.9094091696576
2023-03-24 03:00:00,84.3,273.566666666667,211.291008074242,6.15647319545122
2023-03-24 04:00:00,77.6,273.85,211.555113601507,3.34154097216679
2023-03-24 05:00:00,77.75,273.7,211.566125759106,3.27654408337744
2023-03-24 06:00:00,82.4333333333333,273.266666666667,212.0,4.555
2023-03-24 07:00:00,80.1166666666667,273.416666666667,212.120539209066,4.90825408159649
2023-03-24 08:00:00,82.95,273.383333333333,212.107365500996,5.09138622648909
2023-03-24 09:00:00,72.2166666666667,274.25,211.334641930783,4.23318977059207
2023-03-24 10:00:00,68.65,274.966666666667,211.0,2.65
2023-03-24 11:00:00,74.9166666666667,274.45,211.29683948166,4.17153404636852
2023-03-24 12:00:00,92.2333333333333,273.216666666667,211.0,3.25
2023-03-24 13:00:00,92.5666666666667,273.216666666667,212.296994813584,3.77654656741412
2023-03-24 14:00:00,94.3,273.483333333333,212.0,4.27833333333333
2023-03-24 15:00:00,94.75,273.416666666667,212.233539769297,3.4182401387267
2023-03-24 16:00:00,93.6666666666667,273.583333333333,212.093119720155,3.48995511014977
2023-03-24 17:00:00,93.9166666666666,272.933333333333,212.305566102436,3.1415651306181
2023-03-24 18:00:00,94.6,270.733333333333,236.674696282402,9.29360333313506
2023-03-24 19:00:00,94.6833333333333,270.666666666667,247.659737907848,4.10758526673381
2023-03-24 20:00:00,94.6666666666667,270.683333333333,241.515121851042,3.36153878177804
2023-03-24 21:00:00,94.7833333333334,270.783333333333,241.902532573441,3.16329094969283
2023-03-24 22:00:00,94.35,269.766666666667,277.196785928688,4.02896360684794
2023-03-24 23:00:00,93.9,269.133333333333,76.0662350860464,4.01008859020519
2023-03-25 00:00:00,93.6333333333334,268.516666666667,241.388324680601,0.443493035599708
2023-03-25 01:00:00,93.3666666666667,267.933333333333,221.413420201077,5.854705493406
2023-03-25 02:00:00,92.5,266.333333333333,201.061064912434,0.800684770239
2023-03-25 03:00:00,91.7333333333333,266.166666666667,97.3201962619934,5.19493797679312
2023-03-25 04:00:00,91.5333333333333,266.133333333333,39.6013474267755,3.86129971028226
2023-03-25 05:00:00,91.1833333333333,266.05,184.747695611523,3.50942753927095
2023-03-25 06:00:00,90.3166666666667,266.0,4.45585274618043,4.27174268745003
2023-03-25 07:00:00,91.8333333333333,265.35,236.682615186403,2.80667341323174
2023-03-25 08:00:00,92.25,265.216666666667,96.6453654824599,7.36159652575786
2023-03-25 09:00:00,92.2333333333333,265.25,122.897003119147,6.54405121535851
2023-03-25 10:00:00,91.8666666666667,265.533333333333,144.341247654869,6.77028389671568
2023-03-25 11:00:00,91.6166666666667,266.016666666667,155.78810511248,6.06876053409768
2023-03-25 12:00:00,91.5166666666667,266.583333333333,166.029927667655,4.25688990567829
2023-03-25 13:00:00,91.4666666666667,266.55,166.812894152164,6.76672062974298
2023-03-25 14:00:00,91.45,266.65,228.947657400405,6.12798237596394
2023-03-25 15:00:00,90.3333333333333,266.483333333333,86.3198231032733,5.0237535384436
2023-03-25 16:00:00,89.9166666666667,266.133333333333,201.287936096838,4.93002016230484
2023-03-25 17:00:00,91.4166666666667,265.783333333333,240.011031372505,2.75330896946666
2023-03-25 18:00:00,86.2833333333334,265.733333333333,301.467005691147,1.92092479740089
2023-03-25 19:00:00,79.7833333333333,265.583333333333,116.305500570486,9.11125838738149
2023-03-25 20:00:00,82.4666666666667,265.666666666667,249.599735187976,10.721751174929
2023-03-25 21:00:00,91.0333333333334,265.433333333333,16.2217533558788,4.31798034851944
2023-03-25 22:00:00,91.4833333333333,265.583333333333,142.455709351843,4.14119923973819
2023-03-25 23:00:00,90.9666666666667,265.683333333333,9.72233820681373,5.68067444117419
2023-03-26 00:00:00,89.2833333333334,265.75,65.7947319491926,5.47922076525871
2023-03-26 01:00:00,87.5333333333334,266.0,121.985979641133,5.7228330690285
2023-03-26 02:00:00,84.3666666666667,266.066666666667,145.055554572291,1.64994569200806
2023-03-26 03:00:00,79.3833333333333,266.25,144.867749549068,2.98780596516644
2023-03-26 04:00:00,77.25,266.083333333333,148.398527627746,3.82400029889669
2023-03-26 05:00:00,75.0833333333333,266.05,148.208421829842,3.71823989781417
2023-03-26 06:00:00,78.35,266.066666666667,148.744638735617,3.02824562727298
2023-03-26 07:00:00,66.4333333333333,266.4,149.931848863977,5.09769343348209
2023-03-26 08:00:00,59.9,267.166666666667,159.304766701498,5.63330287151486
2023-03-26 09:00:00,72.55,267.9,167.4106075174,4.83815499294916
2023-03-26 10:00:00,83.7333333333333,268.483333333333,171.107210597575,4.93191976213621
2023-03-26 11:00:00,92.05,267.8,173.494680312211,4.95736214989464
2023-03-26 12:00:00,92.5333333333334,267.9,186.584182411059,4.90868834411915
2023-03-26 13:00:00,92.3666666666667,268.15,198.038700006544,3.77730753466894
2023-03-26 14:00:00,91.85,267.216666666667,280.471044586611,2.2676940520098
2023-03-26 15:00:00,92.1333333333333,266.25,199.691442385742,6.26370387016773
2023-03-26 16:00:00,92.25,266.183333333333,326.992818008048,7.65626689425787
2023-03-26 17:00:00,71.1666666666667,267.05,90.0688067635313,7.19680239642776
2023-03-26 18:00:00,77.4166666666667,266.6,101.427634921503,4.08741515830891
2023-03-26 19:00:00,89.15,265.383333333333,0.0800274592059509,1.19337321680785
2023-03-26 20:00:00,92.0,264.183333333333,40.0769042810621,2.30174710317597
2023-03-26 21:00:00,91.8833333333333,263.883333333333,104.236028185839,1.1319124917698
2023-03-26 22:00:00,91.8,263.366666666667,324.800038799002,0.482728114890718
2023-03-26 23:00:00,91.8,263.416666666667,65.3607183244906,6.69413997623776
2023-03-27 00:00:00,91.8333333333333,263.6,79.3960876551735,7.71979709580008
2023-03-27 01:00:00,91.8666666666667,263.616666666667,181.364261611303,3.03677781385512
2023-03-27 02:00:00,91.8,263.533333333333,49.8556235575081,4.94108123971723
2023-03-27 03:00:00,91.8666666666667,263.683333333333,266.358886021742,2.292354856909
2023-03-27 04:00:00,91.9,263.733333333333,96.742389860427,3.74287371417174
2023-03-27 05:00:00,91.9,263.983333333333,227.428814952414,3.05473528433665
2023-03-27 06:00:00,91.9,263.95,301.537615937452,2.09057588964782
2023-03-27 07:00:00,91.85,263.8,215.529382191867,6.80033423292706
2023-03-27 08:00:00,91.7666666666667,263.5,232.850573939601,6.0102116356425
2023-03-27 09:00:00,91.6166666666667,263.016666666667,179.932666988153,0.969523533796506
2023-03-27 10:00:00,91.5166666666667,262.8,195.939376490367,4.82847058848412
2023-03-27 11:00:00,91.5,262.783333333333,236.437917748592,4.30137331913123
2023-03-27 12:00:00,91.4,262.533333333333,48.9123660743272,4.55670539162402
2023-03-27 13:00:00,91.1666666666667,261.616666666667,75.2727894475898,6.05088849607445
2023-03-27 14:00:00,91.2166666666667,261.45,248.903822198444,4.68503665471165
2023-03-27 15:00:00,91.2666666666667,261.45,316.79456023924,4.3614666867956
2023-03-27 16:00:00,91.1166666666667,260.733333333333,335.937181351678,1.21168318956887
2023-03-27 17:00:00,91.0666666666667,260.383333333333,202.001969215678,1.80285913562094
2023-03-27 18:00:00,90.9666666666667,259.8,7.51079310679779,0.545023108967474
2023-03-27 19:00:00,90.8,259.183333333333,348.826229176032,2.30677913830119
2023-03-27 20:00:00,90.65,258.466666666667,292.075751583226,0.870081603798233
2023-03-27 21:00:00,90.6166666666667,258.383333333333,43.671486532089,1.14644112178451
2023-03-27 22:00:00,90.7,258.583333333333,183.810385273657,1.65293914399525
2023-03-27 23:00:00,90.75,258.933333333333,286.121273265405,1.54307800270825
2023-03-28 00:00:00,90.7666666666667,258.916666666667,255.977193428283,2.70769521874462
2023-03-28 01:00:00,90.65,258.533333333333,313.380041785953,4.26104973548996
2023-03-28 02:00:00,89.9333333333333,258.1,340.385159396411,1.96522604040705
2023-03-28 03:00:00,90.2166666666667,258.266666666667,186.521658591544,2.71902122919403
2023-03-28 04:00:00,90.6833333333333,258.516666666667,246.640597536091,4.98246946225011
2023-03-28 05:00:00,90.5833333333333,258.466666666667,195.847151823151,3.89172588660518
2023-03-28 06:00:00,90.45,258.366666666667,264.673092621621,4.2939569579659
2023-03-28 07:00:00,90.6,258.45,105.59079242922,3.20294772029564
2023-03-28 08:00:00,90.7,258.716666666667,261.778502586881,4.2814685013725
2023-03-28 09:00:00,90.9333333333333,259.683333333333,285.016943618709,3.56211939311678
2023-03-28 10:00:00,90.3,260.1,42.3233162952115,5.05851367306432
2023-03-28 11:00:00,90.65,260.633333333333,53.1225883050708,5.30575843520588
2023-03-28 12:00:00,91.5,262.9,40.6249278147264,3.44868963389969
2023-03-28 13:00:00,91.7833333333333,264.25,35.8786890443872,2.1431452175686
2023-03-28 14:00:00,91.75,264.616666666667,36.6773996935393,2.27825750164003
2023-03-28 15:00:00,91.5833333333333,264.616666666667,36.4632674383966,3.33487369875975
2023-03-28 16:00:00,91.2333333333333,262.85,34.2933750637001,2.96434966272249
2023-03-28 17:00:00,91.65,264.133333333333,25.7024337358018,1.90985035230435
2023-03-28 18:00:00,91.4,263.0,26.917321846261,2.21698429277949
2023-03-28 19:00:00,91.05,261.033333333333,33.10112025603,4.83945786227629
2023-03-28 20:00:00,91.1,261.083333333333,39.5642330536973,3.47299697838879
2023-03-28 21:00:00,91.0833333333333,261.583333333333,47.2520361665057,5.22176929556576
2023-03-28 22:00:00,79.9833333333334,262.5,50.5091801898695,4.63155378116937
2023-03-28 23:00:00,63.1333333333333,263.866666666667,93.7122974308456,2.31586232635311
2023-03-29 00:00:00,57.4833333333333,264.8,325.398111009317,4.62972956441771
2023-03-29 01:00:00,84.0666666666667,263.8,29.0303248674767,5.0560997854539
2023-03-29 02:00:00,91.9166666666667,264.016666666667,26.3643557356209,4.12764333404332
2023-03-29 03:00:00,92.2833333333334,265.166666666667,61.773252468189,10.4778589740949
2023-03-29 04:00:00,92.3166666666667,265.316666666667,162.427384505276,3.71605635763687
2023-03-29 05:00:00,92.4,265.566666666667,351.8908968013,3.42804010767003
2023-03-29 06:00:00,92.5166666666667,265.866666666667,180.57361835165,6.38684535833612
2023-03-29 07:00:00,92.6,266.15,45.7186887246921,1.79919052395757
2023-03-29 08:00:00,92.6833333333333,266.45,226.023073179634,8.90709553676015
2023-03-29 09:00:00,92.9166666666667,267.283333333333,264.437659108174,10.0690274705736
2023-03-29 10:00:00,93.1833333333333,268.316666666667,187.366850195112,4.32974646045833
2023-03-29 11:00:00,93.3166666666667,268.633333333333,255.85490088672,8.77039091584847
2023-03-29 12:00:00,93.4333333333333,269.266666666667,132.754024932444,5.2478104885198
2023-03-29 13:00:00,93.5666666666667,269.966666666667,217.684693337687,0.864212173727512
2023-03-29 14:00:00,93.7,270.416666666667,215.410401348601,6.35227639122789
2023-03-29 15:00:00,93.9833333333333,270.616666666667,266.191978119119,7.55288943603271
2023-03-29 16:00:00,94.1333333333333,270.733333333333,328.887853324933,8.22501836991623
2023-03-29 17:00:00,94.3333333333333,270.883333333333,131.992050780997,7.59780180469311
2023-03-29 18:00:00,94.25,270.666666666667,279.269535703719,6.14412720211362
2023-03-29 19:00:00,94.4666666666667,270.833333333333,167.755298209791,4.55468390546876
2023-03-29 20:00:00,94.7166666666667,270.85,290.360419453975,6.70145552552078
2023-03-29 21:00:00,94.9333333333333,270.866666666667,89.1839288571708,7.91701842000814
2023-03-29 22:00:00,95.1833333333333,271.366666666667,185.988866821089,7.09785432761613
2023-03-29 23:00:00,95.3333333333333,271.533333333333,239.139794487409,8.02335878066969
2023-03-30 00:00:00,95.5,271.766666666667,243.91548966913,7.94734565084198
2023-03-30 01:00:00,95.7333333333333,272.25,245.414465485996,8.14613100337937
2023-03-30 02:00:00,95.8,272.516666666667,247.0,5.75
2023-03-30 03:00:00,95.8666666666667,272.433333333333,246.9486013362,7.91160791277762
2023-03-30 04:00:00,95.7166666666667,272.383333333333,244.631451911996,3.31301397472662
2023-03-30 05:00:00,95.1333333333333,272.316666666667,243.794313825656,4.09989797471014
2023-03-30 06:00:00,94.6333333333333,272.466666666667,244.0,4.58166666666667
2023-03-30 07:00:00,94.95,272.3,245.216965083309,5.50971962815635
2023-03-30 08:00:00,95.35,272.183333333333,246.425352866632,5.40313217656065
2023-03-30 09:00:00,95.4,272.7,245.490197633899,5.01024228882158
2023-03-30 10:00:00,94.1,273.466666666667,244.46514287684,4.23150632084055
2023-03-30 11:00:00,92.8166666666667,273.916666666667,246.513975044943,2.68809753430263
2023-03-30 12:00:00,91.75,274.8,246.482065542452,3.48486747259985
2023-03-30 13:00:00,92.4666666666667,275.166666666667,246.826323664637,2.81160520808652
2023-03-30 14:00:00,94.25,272.616666666667,249.562053483669,6.30880298090995
2023-03-30 15:00:00,94.6333333333333,270.766666666667,283.292707243559,10.5091635595388
2023-03-30 16:00:00,94.7333333333333,271.183333333333,327.877540017294,8.04289780072167
2023-03-30 17:00:00,94.5666666666667,271.166666666667,17.3265465710522,5.26497870995998
2023-03-30 18:00:00,94.4833333333333,270.333333333333,102.855930488303,3.4985760214472
2023-03-30 19:00:00,94.0833333333333,269.45,178.177988494162,3.90210874505957
2023-03-30 20:00:00,93.3833333333333,269.266666666667,259.178918334153,10.3645341625821
2023-03-30 21:00:00,92.4666666666667,269.4,350.78940354261,7.35142526899782
2023-03-30 22:00:00,92.15,269.35,65.2647557251991,7.44833653812196
2023-03-30 23:00:00,91.2666666666667,269.4,95.1980898410463,4.84504067957372
2023-03-31 00:00:00,91.4333333333333,269.416666666667,110.55144725493,4.82579490173342
2023-03-31 01:00:00,89.65,269.633333333333,124.350242798943,2.83895683187917
2023-03-31 02:00:00,79.4833333333333,269.983333333333,128.700423721508,3.8773707811454
2023-03-31 03:00:00,70.2333333333333,270.15,129.670430503458,3.3982189690707
2023-03-31 04:00:00,69.9333333333333,270.166666666667,133.282834720538,3.5024922706221
2023-03-31 05:00:00,68.65,270.283333333333,138.472148304754,5.47490595980134
2023-03-31 06:00:00,67.3833333333333,270.433333333333,140.772337071808,5.91422172682657
2023-03-31 07:00:00,68.7166666666667,270.666666666667,146.655082202668,6.83609332848118
2023-03-31 08:00:00,85.95,270.6,161.469914108577,6.23274857652903
2023-03-31 09:00:00,86.8166666666667,271.25,179.875744307783,5.40584306854881
2023-03-31 10:00:00,74.9,271.933333333333,182.397587870786,4.42650518388707
2023-03-31 11:00:00,85.8333333333333,271.416666666667,182.092974912996,4.33786943800208
2023-03-31 12:00:00,93.6,270.266666666667,182.0,5.295
2023-03-31 13:00:00,93.4833333333333,269.766666666667,182.0,7.59666666666667
2023-03-31 14:00:00,93.4166666666667,268.933333333333,220.016299129315,10.0243271431109
2023-03-31 15:00:00,92.9333333333333,268.15,281.836129530466,2.96467815796678
2023-03-31 16:00:00,91.8333333333333,268.45,194.463048983292,6.77409982577874
2023-03-31 17:00:00,92.6666666666667,268.283333333333,347.581365551239,2.55116501449996
2023-03-31 18:00:00,75.1,267.266666666667,293.762649891536,5.79394829508379
2023-03-31 19:00:00,77.8833333333333,267.066666666667,88.9945721337306,6.91788806306664
2023-03-31 20:00:00,84.1,266.383333333333,274.061138516013,5.78393740304013
2023-03-31 21:00:00,76.5,266.166666666667,353.160701217931,7.57759262244326
2023-03-31 22:00:00,87.4833333333333,266.016666666667,14.0952916482506,8.15543287585996
2023-03-31 23:00:00,91.9166666666667,265.866666666667,27.6979188069047,4.71093905390578
2023-04-01 00:00:00,92.4833333333333,265.65,51.5298543257221,6.04080914802045
2023-04-01 01:00:00,92.1833333333333,265.616666666667,211.748528925812,5.6664253639911
2023-04-01 02:00:00,91.9833333333333,265.566666666667,336.110989429259,7.52898033723015
2023-04-01 03:00:00,92.4833333333333,265.7,68.3079675291909,6.69293031412396
2023-04-01 04:00:00,92.6,265.85,211.938823337975,3.63872693346364
2023-04-01 05:00:00,92.5333333333334,265.766666666667,297.078867071846,7.85149839034909
2023-04-01 06:00:00,92.5166666666667,265.633333333333,359.832148325632,7.15575304264534
2023-04-01 07:00:00,92.45,265.516666666667,81.8327519807082,5.94658814264824
2023-04-01 08:00:00,92.35,265.45,153.261852492674,5.31723929864474
2023-04-01 09:00:00,92.3666666666667,265.866666666667,156.940657261463,6.25721755259541
2023-04-01 10:00:00,92.3166666666667,266.3,183.78438437186,4.88508026675784
2023-04-01 11:00:00,92.3,266.516666666667,215.688030452464,4.74774052441731
2023-04-01 12:00:00,92.1166666666667,267.316666666667,219.691335144047,3.80654294531112
2023-04-01 13:00:00,91.8166666666667,268.033333333333,219.83558492644,4.55126377480214
2023-04-01 14:00:00,91.6666666666667,267.933333333333,214.752740006283,3.80822537421958
2023-04-01 15:00:00,91.8833333333333,267.533333333333,214.407387813893,3.56320230732265
2023-04-01 16:00:00,91.6666666666667,267.15,215.395642857344,5.11803321556756
2023-04-01 17:00:00,91.95,267.066666666667,215.596021900686,4.77315828245488
2023-04-01 18:00:00,91.7666666666667,266.3,224.308560601248,8.29747084520086
2023-04-01 19:00:00,91.8,266.033333333333,228.33056415705,5.22315728333282
2023-04-01 20:00:00,92.2833333333334,265.833333333333,239.0,5.04
2023-04-01 21:00:00,92.5833333333333,265.866666666667,238.792911062284,5.82652094361293
2023-04-01 22:00:00,92.45,265.633333333333,238.935582447608,5.04495368945442
2023-04-01 23:00:00,92.5166666666667,265.816666666667,238.781369517553,4.5432151195474
2023-04-02 00:00:00,92.5,265.75,235.870876864473,4.62222264775499
2023-04-02 01:00:00,92.45,265.483333333333,229.650932687499,4.83080090805314
2023-04-02 02:00:00,92.4,265.366666666667,228.645279668905,2.80490221098416
2023-04-02 03:00:00,92.4166666666667,265.516666666667,228.635545356624,2.21325524972783
2023-04-02 04:00:00,92.3333333333333,265.2,229.669286004593,4.13179189135738
2023-04-02 05:00:00,92.2833333333334,264.983333333333,231.422492672406,4.62316152105336
2023-04-02 06:00:00,92.0333333333333,264.3,231.5938450283,4.49316826794993
2023-04-02 07:00:00,92.0666666666667,264.3,231.678763466336,2.84823874056251
2023-04-02 08:00:00,92.0666666666667,265.15,231.304641647088,2.1882627283242
2023-04-02 09:00:00,92.0666666666667,265.85,231.455492062763,4.15650964762599
2023-04-02 10:00:00,91.95,266.466666666667,231.0,3.595
2023-04-02 11:00:00,91.7166666666667,267.183333333333,231.161069175091,3.47659511331925
2023-04-02 12:00:00,91.6333333333333,268.366666666667,231.328519487503,3.46488358166249
2023-04-02 13:00:00,91.9,267.55,231.131506143145,3.83993320045805
2023-04-02 14:00:00,91.9,267.833333333333,231.299069797162,3.59988505924652
2023-04-02 15:00:00,91.9333333333333,267.466666666667,231.0,4.92
2023-04-02 16:00:00,92.0666666666667,267.933333333333,231.599001302268,2.99655703609229
2023-04-02 17:00:00,92.2833333333334,267.616666666667,231.318207698074,2.53491623462367
2023-04-02 18:00:00,92.25,267.516666666667,231.263121828101,2.79325084350306
2023-04-02 19:00:00,92.5666666666667,266.916666666667,231.186026918567,2.62493945998
2023-04-02 20:00:00,92.6666666666667,266.55,231.642285198608,2.48324643269995
2023-04-02 21:00:00,92.8,266.75,231.582961689254,2.60157033036203
2023-04-02 22:00:00,92.8166666666667,266.816666666667,231.340421893652,3.05489552357187
2023-04-02 23:00:00,92.7833333333333,266.716666666667,231.0,2.80666666666667
2023-04-03 00:00:00,92.7,266.6,231.15537389373,2.09162485826587
2023-04-03 01:00:00,92.7,266.533333333333,231.39291206006,2.06992479617576
2023-04-03 02:00:00,92.7,266.45,231.198530523854,2.04828369217565
2023-04-03 03:00:00,92.5666666666667,266.216666666667,231.370148696705,1.97659647741561
2023-04-03 04:00:00,92.4666666666667,265.866666666667,231.164830479741,1.51663486642088
2023-04-03 05:00:00,92.2333333333333,265.116666666667,231.50674390912,1.72993413888435
2023-04-03 06:00:00,91.55,262.833333333333,231.134230855469,1.60163831647775
2023-04-03 07:00:00,91.6166666666667,262.8,231.317024962715,1.83993932078656
2023-04-03 08:00:00,91.35,264.15,231.0,1.71833333333333
2023-04-03 09:00:00,82.2833333333334,263.8,231.217208232401,2.84659294663066
2023-04-03 10:00:00,80.4833333333333,264.533333333333,231.152861677492,3.92492258569185
2023-04-03 11:00:00,81.1833333333333,267.483333333333,231.197763893719,1.64329362315003
2023-04-03 12:00:00,79.6166666666667,268.333333333333,231.319603859879,1.69994369505281
2023-04-03 13:00:00,86.2666666666667,267.266666666667,231.0,0.551666666666667
2023-04-03 14:00:00,78.7666666666667,269.216666666667,231.035351926364,0.329998285925044
2023-04-03 15:00:00,87.9333333333333,266.716666666667,231.0,1.40666666666667
2023-04-03 16:00:00,89.2333333333333,265.05,231.482374321219,2.69489751017218
2023-04-03 17:00:00,91.1166666666667,263.45,231.51555249395,2.14325180072588
2023-04-03 18:00:00,91.1666666666667,262.566666666667,231.652092910825,1.71494074020565
2023-04-03 19:00:00,91.2333333333333,261.483333333333,231.4067080252,2.03659181635129
2023-04-03 20:00:00,91.2333333333333,261.083333333333,231.391612007665,1.8682655358416
2023-04-03 21:00:00,91.1333333333334,260.6,231.758162196016,0.86830908407578
2023-04-03 22:00:00,91.0166666666667,259.883333333333,231.0,0.0466666666666667
2023-04-03 23:00:00,90.9333333333333,259.366666666667,231.308540156225,1.05329910636045
2023-04-04 00:00:00,90.85,258.983333333333,234.160737102552,1.26583355894986
2023-04-04 01:00:00,90.7,258.6,235.0,0.6
2023-04-04 02:00:00,90.7,258.416666666667,235.654153738857,0.84330427401164
2023-04-04 03:00:00,90.0166666666667,258.1,236.0,1.25666666666667
2023-04-04 04:00:00,88.3,257.283333333333,235.707633416218,3.64821837116743
2023-04-04 05:00:00,87.4666666666667,256.983333333333,273.824934109044,3.37567384606534
2023-04-04 06:00:00,84.1833333333333,256.716666666667,321.605558544497,3.69494727770042
2023-04-04 07:00:00,50.0666666666667,257.616666666667,317.610028045695,3.63949507960438
2023-04-04 08:00:00,35.75,258.916666666667,319.750189096758,2.73334564097318
2023-04-04 09:00:00,32.85,259.683333333333,318.95363122481,3.09261033897919
2023-04-04 10:00:00,32.1833333333333,260.35,316.619773533119,3.58601147740683
2023-04-04 11:00:00,41.8666666666667,260.883333333333,325.914741706897,3.9906025247145
2023-04-04 12:00:00,68.8166666666667,261.866666666667,328.0,3.67333333333333
2023-04-04 13:00:00,63.0333333333333,262.733333333333,328.0,3.63
2023-04-04 14:00:00,62.0666666666667,263.433333333333,328.0,4.415
2023-04-04 15:00:00,58.8833333333333,263.883333333333,327.862921758033,3.79326499093795
2023-04-04 16:00:00,50.2833333333333,265.15,327.657898345358,0.443318135988677
2023-04-04 17:00:00,60.1833333333333,265.683333333333,328.0,0.206666666666667
2023-04-04 18:00:00,61.45,264.2,328.0,1.92
2023-04-04 19:00:00,56.15,263.0,328.0,2.355
2023-04-04 20:00:00,50.95,261.4,328.0,0.676666666666667
2023-04-04 21:00:00,32.55,261.85,328.0,1.86666666666667
2023-04-04 22:00:00,23.1,262.033333333333,328.0,1.15333333333333
2023-04-04 23:00:00,19.6,261.916666666667,321.0,0.421666666666667
2023-04-05 00:00:00,32.0,261.166666666667,321.048675125621,2.70487227848765
2023-04-05 01:00:00,26.8333333333333,260.616666666667,321.622583569901,2.58324088018236
2023-04-05 02:00:00,10.4833333333333,260.933333333333,326.358265851516,3.80004676325267
2023-04-05 03:00:00,7.51666666666667,261.45,326.51858061522,3.00488573681358
2023-04-05 04:00:00,8.93333333333334,261.716666666667,327.0,3.22333333333333
2023-04-05 05:00:00,10.8333333333333,261.85,326.827656260907,2.63994264419972
2023-04-05 06:00:00,10.9333333333333,262.083333333333,326.836662353617,3.09160231535316
2023-04-05 07:00:00,12.0666666666667,262.416666666667,332.265379143212,3.17697412245599
2023-04-05 08:00:00,6.56666666666667,262.35,334.0,3.385
2023-04-05 09:00:00,6.68333333333333,262.816666666667,333.691382510009,3.03490136714108
2023-04-05 10:00:00,6.71666666666667,263.166666666667,333.529315810114,3.04155124744906
2023-04-05 11:00:00,6.96666666666667,263.95,333.844749813919,2.09329151880926
2023-04-05 12:00:00,36.0666666666667,264.166666666667,330.22936981732,2.0384427983407
2023-04-05 13:00:00,44.0833333333333,264.666666666667,324.604632169398,1.79993446283184
2023-04-05 14:00:00,46.15,265.383333333333,324.660996570971,2.34991979626893
2023-04-05 15:00:00,58.7333333333333,265.583333333333,324.888956062705,2.92662266402677
2023-04-05 16:00:00,77.7166666666667,264.716666666667,325.0,2.55833333333333
2023-04-05 17:00:00,91.3333333333333,263.283333333333,324.707886322365,4.46152614706828
2023-04-05 18:00:00,91.5333333333333,262.333333333333,325.0,4.82166666666667
2023-04-05 19:00:00,91.45,262.183333333333,325.756637918304,3.64323115341891
2023-04-05 20:00:00,91.45,261.866666666667,328.746427929137,4.91704103757583
2023-04-05 21:00:00,91.4,261.716666666667,353.042991354198,4.71531244092791
2023-04-05 22:00:00,91.2666666666667,261.2,4.40335150717817,4.23421983447667
2023-04-05 23:00:00,90.4333333333333,260.483333333333,3.17041021967123,5.26155337177395
2023-04-06 00:00:00,81.4166666666667,260.433333333333,5.16979771943352,3.54325725591292
2023-04-06 01:00:00,81.8666666666667,260.333333333333,5.0,3.49
2023-04-06 02:00:00,90.8,260.316666666667,5.0,3.05666666666667
2023-04-06 03:00:00,91.0,260.266666666667,7.88264132901145,3.69113019750635
2023-04-06 04:00:00,91.0166666666667,260.266666666667,16.0361584663569,4.33748791696585
2023-04-06 05:00:00,90.9333333333333,260.116666666667,20.1469824763841,4.09325516524732
2023-04-06 06:00:00,91.0166666666667,260.15,20.3848552762336,2.64157141436501
2023-04-06 07:00:00,90.95,260.433333333333,20.9001015963179,1.70164336133008
2023-04-06 08:00:00,90.8833333333333,260.883333333333,17.1473488707695,2.87085578973561
2023-04-06 09:00:00,84.7666666666667,262.016666666667,13.1777082549872,2.28828240252973
2023-04-06 10:00:00,72.1333333333333,262.916666666667,12.1221004290895,1.6343884979802
2023-04-06 11:00:00,75.0833333333333,263.35,16.6158157768183,2.8490291966354
2023-04-06 12:00:00,69.5833333333333,264.666666666667,9.0,1.64
2023-04-06 13:00:00,67.7333333333333,265.1,10.7020200595564,3.18728296696996
2023-04-06 14:00:00,59.4,265.766666666667,15.5750423321071,3.61457430653123
2023-04-06 15:00:00,51.65,266.216666666667,17.9915554818786,3.74977691413088
2023-04-06 16:00:00,50.5333333333333,266.516666666667,24.2533258440159,5.24673300991128
2023-04-06 17:00:00,50.8833333333333,266.0,38.1022613505183,5.45904489590484
2023-04-06 18:00:00,52.9,265.833333333333,48.2952211924965,5.04118401932271
2023-04-06 19:00:00,60.2833333333333,265.116666666667,48.3140986072617,5.60240066119068
2023-04-06 20:00:00,69.1166666666667,264.1,70.7420870998694,4.77973211346617
2023-04-06 21:00:00,65.9833333333333,263.7,113.806973659746,3.97703101791684
2023-04-06 22:00:00,64.8833333333333,263.433333333333,306.596146623291,4.16215788669958
2023-04-06 23:00:00,70.9,263.233333333333,61.4130957921959,4.80232190333551
2023-04-07 00:00:00,72.8833333333333,263.233333333333,66.0,2.18
2023-04-07 01:00:00,82.0333333333333,263.566666666667,67.4080826757054,4.43110409327408
2023-04-07 02:00:00,91.6833333333333,263.75,70.4752071918068,5.91331547112721
2023-04-07 03:00:00,91.9166666666667,263.833333333333,77.5965682214941,6.15050300375805
2023-04-07 04:00:00,92.0666666666667,264.25,82.2265361404925,5.1330479965491
2023-04-07 05:00:00,92.1,264.566666666667,91.4346406814441,4.78246058599648
2023-04-07 06:00:00,92.1,264.833333333333,96.4343515337192,4.17043600421539
2023-04-07 07:00:00,92.1,264.783333333333,100.154450863271,3.36659970012446
2023-04-07 08:00:00,91.9833333333333,264.716666666667,101.397459096329,2.49490899356791
2023-04-07 09:00:00,91.85,265.35,102.738583357679,1.96994206725633
2023-04-07 10:00:00,91.65,265.966666666667,102.0,2.61
2023-04-07 11:00:00,91.65,267.583333333333,102.0,0.268333333333333
2023-04-07 12:00:00,91.65,268.166666666667,102.287822660008,1.46495426220502
2023-04-07 13:00:00,91.6,268.65,102.0,0.943333333333334
2023-04-07 14:00:00,91.6,268.716666666667,102.0,1.42
2023-04-07 15:00:00,91.6333333333333,268.533333333333,102.0,2.12166666666667
2023-04-07 16:00:00,92.0,267.483333333333,102.0,3.44166666666667
2023-04-07 17:00:00,92.05,267.016666666667,102.0,4.095
2023-04-07 18:00:00,92.1166666666667,266.633333333333,102.239371190168,3.09824741249276
2023-04-07 19:00:00,92.4,266.35,102.118970929357,2.73162305639598
2023-04-07 20:00:00,92.4166666666667,265.833333333333,102.0,2.90666666666667
2023-04-07 21:00:00,92.4,265.766666666667,102.174012884649,2.07828783476582
2023-04-07 22:00:00,92.3333333333333,265.516666666667,102.295315384776,2.52825319515135
2023-04-07 23:00:00,92.3166666666667,265.5,102.0,2.68333333333333
2023-04-08 00:00:00,92.2833333333334,265.416666666667,102.0,2.31
2023-04-08 01:00:00,92.3,265.466666666667,104.158320198028,1.63163355026893
2023-04-08 02:00:00,92.2833333333334,265.45,104.0,1.615
2023-04-08 03:00:00,92.2,265.233333333333,104.0,1.34666666666667
2023-04-08 04:00:00,92.2,265.2,104.19064705963,1.35496815548681
2023-04-08 05:00:00,92.1833333333333,265.133333333333,104.203566548531,0.466655143031131
2023-04-08 06:00:00,92.2,265.216666666667,,0.0
2023-04-08 07:00:00,92.2,265.283333333333,104.140736329218,0.674987567297528
2023-04-08 08:00:00,92.25,265.583333333333,,0.0
2023-04-08 09:00:00,92.1666666666667,265.883333333333,105.0,0.223333333333333
2023-04-08 10:00:00,92.05,265.883333333333,,0.0
2023-04-08 11:00:00,92.0333333333333,266.983333333333,,0.0
2023-04-08 12:00:00,91.6666666666667,267.55,104.166256848452,3.4282609525985
2023-04-08 13:00:00,91.7833333333333,266.9,104.325066924419,4.70650938771488
2023-04-08 14:00:00,91.7833333333333,268.333333333333,104.486151252219,4.57315932839983
2023-04-08 15:00:00,91.9333333333333,267.866666666667,104.771020936492,4.63629982932115
2023-04-08 16:00:00,92.0666666666667,267.183333333333,111.672205285889,5.09528119774444
2023-04-08 17:00:00,92.1666666666667,266.633333333333,123.166435055927,4.89656319703433
2023-04-08 18:00:00,92.2,265.983333333333,123.458997514776,4.59315960940826
2023-04-08 19:00:00,92.15,265.266666666667,125.02144341261,4.44076267426023
2023-04-08 20:00:00,92.1,265.05,135.50381340189,3.67791102092172
2023-04-08 21:00:00,92.1,264.983333333333,138.0,2.8
2023-04-08 22:00:00,92.1,264.9,137.730836584733,2.04327211232898
2023-04-08 23:00:00,92.1,264.816666666667,137.447744589629,1.62660540468695
2023-04-09 00:00:00,92.0,264.7,137.584177160442,0.98996337222972
2023-04-09 01:00:00,91.9333333333333,264.483333333333,138.0,0.21
2023-04-09 02:00:00,91.8833333333333,264.383333333333,,0.0
2023-04-09 03:00:00,91.8,264.016666666667,,0.0
2023-04-09 04:00:00,91.8,263.933333333333,,0.0
2023-04-09 05:00:00,91.7333333333333,263.7,,0.0
2023-04-09 06:00:00,91.7,263.416666666667,,0.0
2023-04-09 07:00:00,91.6166666666667,263.283333333333,,0.0
2023-04-09 08:00:00,91.75,263.966666666667,,0.0
2023-04-09 09:00:00,91.9,265.55,,0.0
2023-04-09 10:00:00,91.6666666666667,265.566666666667,,0.0
2023-04-09 11:00:00,91.9166666666667,266.85,,0.0
2023-04-09 12:00:00,91.7166666666667,267.35,,0.0
2023-04-09 13:00:00,91.9,266.25,,0.0
2023-04-09 14:00:00,92.15,267.583333333333,,0.0
2023-04-09 15:00:00,91.9833333333333,266.366666666667,,0.0
2023-04-09 16:00:00,92.2,267.7,,0.0
2023-04-09 17:00:00,92.5166666666667,269.816666666667,,0.0
2023-04-09 18:00:00,93.0,272.333333333333,,0.0
2023-04-09 19:00:00,92.1666666666667,268.666666666667,138.878942734326,1.00498371276355
2023-04-09 20:00:00,91.95,265.5,137.222609966668,0.943308469105386
2023-04-09 21:00:00,91.85,264.283333333333,137.853022866936,1.90496362238031
2023-04-09 22:00:00,89.9333333333333,263.95,137.0,0.478333333333333
2023-04-09 23:00:00,91.0,263.75,137.263884231707,0.239992899386743
2023-04-10 00:00:00,83.6333333333333,263.816666666667,137.917694783479,1.76164640006357
2023-04-10 01:00:00,76.9833333333333,264.133333333333,138.0,2.725
2023-04-10 02:00:00,70.5,264.266666666667,137.568882678391,3.73819369056464
2023-04-10 03:00:00,69.3833333333333,264.283333333333,137.501563237538,3.73152457762333
2023-04-10 04:00:00,63.2166666666667,264.416666666667,137.694692607815,3.98487126922145
2023-04-10 05:00:00,59.45,264.466666666667,137.674275115923,3.94486803500803
2023-04-10 06:00:00,49.0333333333333,265.033333333333,138.0,3.76166666666667
2023-04-10 07:00:00,47.1,265.883333333333,137.672370065818,2.5281444317649
2023-04-10 08:00:00,32.7833333333333,268.883333333333,,0.0
2023-04-10 09:00:00,18.3,271.65,,0.0
2023-04-10 10:00:00,18.4,272.133333333333,138.617532699182,0.41831828461596
2023-04-10 11:00:00,19.2,272.95,,0.0
2023-04-10 12:00:00,18.0333333333333,274.883333333333,,0.0
2023-04-10 13:00:00,55.7,273.166666666667,138.760874384804,0.536651794665184
2023-04-10 14:00:00,36.4333333333333,273.616666666667,138.0,0.336666666666667
2023-04-10 15:00:00,24.7,273.116666666667,138.0,1.73166666666667
2023-04-10 16:00:00,30.0333333333333,273.233333333333,138.49824063092,2.3682431555735
2023-04-10 17:00:00,31.8,272.3,138.50044485115,3.74652400519335
2023-04-10 18:00:00,34.7333333333333,271.1,138.693114040579,4.47485502310491
2023-04-10 19:00:00,39.0666666666667,270.366666666667,138.3816646941,3.21821765292558
2023-04-10 20:00:00,31.6833333333333,270.433333333333,138.82900775683,2.75827377950266
2023-04-10 21:00:00,24.2833333333333,270.766666666667,141.522886946736,4.47462849218488
2023-04-10 22:00:00,30.3333333333333,270.85,142.633054297767,4.52817311798649
2023-04-10 23:00:00,41.6,270.75,142.784128540891,6.36150265307783
2023-04-11 00:00:00,46.45,270.616666666667,143.308811893456,6.82061536891405
2023-04-11 01:00:00,55.05,270.2,144.929634143817,2.01318533895711
2023-04-11 02:00:00,56.0,270.25,145.589188883328,3.60653370539528
2023-04-11 03:00:00,54.15,270.483333333333,146.154206333951,5.11245504010976
2023-04-11 04:00:00,78.1333333333333,269.866666666667,148.527970644352,4.55824223435165
2023-04-11 05:00:00,76.4,270.016666666667,149.703810884631,4.14636747828849
2023-04-11 06:00:00,88.6666666666667,269.55,149.161811920992,3.7799219141969
2023-04-11 07:00:00,92.5,269.6,149.77238543253,4.15155549792797
2023-04-11 08:00:00,93.25,269.633333333333,148.732552653568,2.97787030812709
2023-04-11 09:00:00,93.1333333333333,269.883333333333,156.770394870994,5.50618695855523
2023-04-11 10:00:00,93.4833333333333,269.55,163.772632999685,4.61212410318079
2023-04-11 11:00:00,93.2666666666667,269.383333333333,166.34977667265,4.39498131989741
2023-04-11 12:00:00,92.8,270.0,171.311460634183,4.48074650078795
2023-04-11 13:00:00,92.8666666666667,269.8,167.0,4.17333333333333
2023-04-11 14:00:00,92.7833333333333,269.3,167.0,4.06
2023-04-11 15:00:00,92.7333333333333,268.183333333333,168.509114648807,6.46298587078371
2023-04-11 16:00:00,92.7666666666667,268.133333333333,172.428817039861,4.18123754553162
2023-04-11 17:00:00,92.6,267.05,182.116647047263,4.79687673000464
2023-04-11 18:00:00,92.5333333333333,266.5,226.737569520592,6.88667770634106
2023-04-11 19:00:00,92.4166666666667,265.933333333333,251.291150651422,3.05864955174205
2023-04-11 20:00:00,92.4,266.25,263.260785515178,9.40861782470873
2023-04-11 21:00:00,92.5333333333334,266.733333333333,255.203874515339,5.40941827349639
2023-04-11 22:00:00,92.6666666666667,267.016666666667,255.0,3.37
2023-04-11 23:00:00,92.7333333333333,267.3,251.282696078522,3.80486080350222
2023-04-12 00:00:00,92.4333333333333,267.383333333333,246.762620009566,3.79822860331874
2023-04-12 01:00:00,92.4166666666667,267.25,246.815996616753,3.25159230524689
2023-04-12 02:00:00,92.6166666666667,267.0,244.256671490101,4.86053953827087
2023-04-12 03:00:00,93.0,267.333333333333,245.561801434407,4.2362250431641
2023-04-12 04:00:00,93.1833333333333,267.883333333333,246.094990011945,4.49147433530582
2023-04-12 05:00:00,93.3833333333333,268.3,248.470606972453,6.09383566941282
2023-04-12 06:00:00,93.4333333333333,268.45,243.426482875813,3.95466431801956
2023-04-12 07:00:00,93.5833333333333,268.916666666667,243.817336705761,4.63489460268154
2023-04-12 08:00:00,93.8,269.616666666667,243.780101187161,6.22983722482222
2023-04-12 09:00:00,94.0333333333333,270.533333333333,243.863261420018,6.19155534742918
2023-04-12 10:00:00,94.0,270.966666666667,244.491316295039,8.19534358503626
2023-04-12 11:00:00,93.26,271.63,245.159563636991,5.31558841310276
2023-04-12 12:00:00,92.3333333333334,271.816666666667,239.652969924255,4.66317238739314
2023-04-12 13:00:00,89.6833333333333,272.65,239.714886227606,4.79318452841466
2023-04-12 14:00:00,82.4,273.416666666667,239.574665688927,4.70982465681794
2023-04-12 15:00:00,90.6333333333333,273.133333333333,239.848552266166,1.60663521846321
2023-04-12 16:00:00,91.9166666666667,273.2,239.791888339203,3.20325292720039
2023-04-12 17:00:00,90.8166666666667,272.833333333333,239.689841676357,4.41152289956083
2023-04-12 18:00:00,92.25,272.333333333333,239.592382223306,3.19321589176522
2023-04-12 19:00:00,93.8666666666667,271.516666666667,239.520374251092,6.42142255527079
2023-04-12 20:00:00,94.8166666666667,271.016666666667,239.504792453913,6.78140846530269
2023-04-12 21:00:00,94.9,270.7,247.939916040798,5.73416007614359
2023-04-12 22:00:00,94.7,270.283333333333,254.0,3.30166666666667
2023-04-12 23:00:00,93.6333333333333,268.35,259.662369511792,8.85741431421236
2023-04-13 00:00:00,93.25,267.633333333333,292.053498377772,10.710213695105
2023-04-13 01:00:00,93.1,267.366666666667,345.005870185037,5.07329955781986
2023-04-13 02:00:00,92.8,266.75,46.107884193435,5.31018555032897
2023-04-13 03:00:00,92.2666666666667,265.0,184.080568424504,6.96892319682896
2023-04-13 04:00:00,92.0833333333333,264.4,221.271637489368,7.5277069770491
2023-04-13 05:00:00,91.9166666666667,263.783333333333,240.907772763077,6.18247889693555
2023-04-13 06:00:00,91.8666666666667,263.533333333333,295.153816488669,4.86018772767841
2023-04-13 07:00:00,91.8,263.35,338.936828132844,4.21786102892291
2023-04-13 08:00:00,91.45,262.183333333333,6.11875265285437,7.48293557595807
2023-04-13 09:00:00,91.4,261.85,12.767146012205,5.4926378704295
2023-04-13 10:00:00,91.5,262.483333333333,28.4039578677906,3.5062832963807
2023-04-13 11:00:00,91.6,263.45,30.0,2.49166666666667
2023-04-13 12:00:00,91.55,263.216666666667,30.5411860884269,3.63967399714947
2023-04-13 13:00:00,91.45,262.55,32.4672667248119,3.51320012969793
2023-04-13 14:00:00,91.6333333333333,263.483333333333,32.4036277222677,1.92826263599911
2023-04-13 15:00:00,91.7833333333333,264.233333333333,32.2928305348083,1.60494937800616
2023-04-13 16:00:00,91.8166666666667,264.15,32.3831013204742,2.54490839102733
2023-04-13 17:00:00,91.9,263.983333333333,32.3207641713252,2.34325557189889
2023-04-13 18:00:00,91.7833333333333,263.416666666667,32.3519181983953,2.21158983957081
2023-04-13 19:00:00,91.6333333333333,262.833333333333,32.3045170727704,2.50658580944854
2023-04-13 20:00:00,91.6,262.85,32.48047370313,2.38990913490945
2023-04-13 21:00:00,91.6,262.8,32.0,2.265
2023-04-13 22:00:00,91.6,262.75,32.3122391268506,2.02826699141224
2023-04-13 23:00:00,91.6,262.833333333333,32.3076120608442,1.68494533909947
2023-04-14 00:00:00,91.6666666666667,262.916666666667,35.7665541907104,1.83735841650401
2023-04-14 01:00:00,91.7,263.016666666667,36.8109565899867,2.0981807724222
2023-04-14 02:00:00,91.7666666666667,263.316666666667,36.8471227273207,2.37651622157161
2023-04-14 03:00:00,91.8,263.383333333333,54.1282839500711,2.74089446585464
2023-04-14 04:00:00,91.8,263.45,74.4119894096987,4.28706509878841
2023-04-14 05:00:00,91.8,263.45,99.0642730774329,4.77106704908387
2023-04-14 06:00:00,91.8,263.45,100.072049335182,3.8397674710899
2023-04-14 07:00:00,91.8,263.466666666667,188.002649944186,3.86362921389608
2023-04-14 08:00:00,91.8,263.633333333333,225.18687857061,4.25771991295193
2023-04-14 09:00:00,91.8666666666667,263.966666666667,207.685352925422,3.20933412542016
2023-04-14 10:00:00,91.9,264.266666666667,204.67625735567,3.85543835271164
2023-04-14 11:00:00,91.9833333333333,264.733333333333,183.273502888504,3.69211339840151
2023-04-14 12:00:00,92.1166666666667,265.7,167.071308274514,3.81628924489115
2023-04-14 13:00:00,92.2,266.1,174.442174096992,4.10541692583536
2023-04-14 14:00:00,92.2666666666667,266.233333333333,142.514092657684,3.24335870706295
2023-04-14 15:00:00,92.4833333333333,267.283333333333,143.617879560014,2.62789035042729
2023-04-14 16:00:00,92.7166666666667,267.833333333333,154.533334175758,1.42494598152494
2023-04-14 17:00:00,92.55,266.683333333333,154.668165220965,1.85827057766961
2023-04-14 18:00:00,92.2333333333333,265.633333333333,158.810945831827,2.54507624314067
2023-04-14 19:00:00,92.0,264.3,168.046560856586,2.39817344358118
2023-04-14 20:00:00,91.9,264.016666666667,167.906322782664,2.08151130556203
2023-04-14 21:00:00,91.9,263.933333333333,168.644102164801,1.8216030644657
2023-04-14 22:00:00,91.8833333333333,263.866666666667,170.0,0.616666666666667
2023-04-14 23:00:00,91.8,263.833333333333,170.0,0.435
2023-04-15 00:00:00,91.8,263.766666666667,170.0,0.841666666666667
2023-04-15 01:00:00,91.9,263.933333333333,170.0,0.878333333333333
2023-04-15 02:00:00,91.8333333333333,263.766666666667,170.926639729989,1.56954058687644
2023-04-15 03:00:00,91.8,263.683333333333,181.79640269915,1.69777927525462
2023-04-15 04:00:00,91.8,263.633333333333,184.0,1.33833333333333
2023-04-15 05:00:00,91.7333333333333,263.366666666667,183.808144386187,1.43329948495316
2023-04-15 06:00:00,91.6333333333333,263.0,184.686415224199,1.9132706060594
2023-04-15 07:00:00,91.7,263.183333333333,183.67065061398,2.37286715695603
2023-04-15 08:00:00,91.8333333333333,263.683333333333,193.109742361879,1.7786286526626
2023-04-15 09:00:00,92.1333333333333,264.85,208.165991280643,1.65663173501396
2023-04-15 10:00:00,92.3,265.583333333333,208.659124802033,1.25162383399907
2023-04-15 11:00:00,92.5666666666667,266.65,208.693654972153,1.04996601653256
2023-04-15 12:00:00,92.9333333333333,268.083333333333,208.314075355284,0.46165151840933
2023-04-15 13:00:00,93.4,269.266666666667,208.588154495456,1.18162307101767
2023-04-15 14:00:00,93.25,268.5,206.833200445161,2.20526660677427
2023-04-15 15:00:00,93.05,267.933333333333,197.659255842492,4.07001424381224
2023-04-15 16:00:00,92.7333333333333,266.7,209.772909146626,4.1534282533531
2023-04-15 17:00:00,92.45,265.666666666667,248.597512274333,4.91319397285432
2023-04-15 18:00:00,92.3166666666667,265.383333333333,288.873140160366,3.97498202402922
2023-04-15 19:00:00,92.2666666666667,265.233333333333,44.9279211866543,4.98717833317515
2023-04-15 20:00:00,92.2,265.05,97.2257703285902,6.23816881201919
2023-04-15 21:00:00,92.2833333333334,265.15,95.5531250839078,6.19466519106198
2023-04-15 22:00:00,92.3,265.216666666667,77.6508806076275,5.1019198126736
2023-04-15 23:00:00,92.3,265.25,75.1842252415577,5.04918541296144
2023-04-16 00:00:00,92.3,265.25,82.1553171593976,5.25522000483089
2023-04-16 01:00:00,92.3,265.366666666667,85.9109937757601,5.48623134849736
2023-04-16 02:00:00,92.3,265.416666666667,89.8715831880267,4.91148201060327
2023-04-16 03:00:00,92.3,265.35,94.4002788050974,4.29411156360197
2023-04-16 04:00:00,92.2833333333334,265.233333333333,103.784750982025,3.92012780756003
2023-04-16 05:00:00,92.2,265.15,97.939427949517,3.600317789489
2023-04-16 06:00:00,92.2,265.066666666667,86.1713496251343,3.34345158453
2023-04-16 07:00:00,92.2166666666667,265.183333333333,86.111301928143,3.05611502294256
2023-04-16 08:00:00,92.3666666666667,265.7,76.7353372804275,2.99855990059272
2023-04-16 09:00:00,92.5666666666667,266.366666666667,47.0767928539777,2.81034452844625
2023-04-16 10:00:00,92.8333333333333,267.333333333333,44.3391267737714,2.49158161289277
2023-04-16 11:00:00,93.2,268.516666666667,45.0,2.30666666666667
2023-04-16 12:00:00,93.5833333333333,269.733333333333,45.0,2.345
2023-04-16 13:00:00,93.8666666666667,270.266666666667,45.0,2.14833333333333
2023-04-16 14:00:00,94.0,270.433333333333,45.0,2.14166666666667
2023-04-16 15:00:00,93.9666666666667,270.033333333333,45.0,2.08833333333333
2023-04-16 16:00:00,93.7,269.1,45.6732167523379,2.12159557552486
2023-04-16 17:00:00,93.4166666666667,268.533333333333,49.2269771617337,4.38004582048978
2023-04-16 18:00:00,93.15,267.733333333333,55.0,5.28166666666667
2023-04-16 19:00:00,92.95,267.233333333333,55.0,4.42833333333333
2023-04-16 20:00:00,92.8333333333333,266.866666666667,55.711314981212,3.65953879347109
2023-04-16 21:00:00,92.7333333333333,266.65,55.1899668102752,3.08810763448151
2023-04-16 22:00:00,92.7,266.65,58.0671414732224,3.30085084920508
2023-04-16 23:00:00,92.7666666666667,266.733333333333,59.5287227909058,3.1226061569272
2023-04-17 00:00:00,92.7,266.666666666667,59.051984413219,2.76720352393985
2023-04-17 01:00:00,92.7166666666667,266.7,53.4707258290571,2.47447355327883
2023-04-17 02:00:00,92.7,266.633333333333,52.5363834550832,1.60327260656396
2023-04-17 03:00:00,92.5833333333333,266.166666666667,52.694614970294,0.278324340818258
2023-04-17 04:00:00,92.3666666666667,265.566666666667,,0.0
2023-04-17 05:00:00,92.0333333333333,264.65,,0.0
2023-04-17 06:00:00,92.0,264.55,53.0,0.325
2023-04-17 07:00:00,92.2166666666667,265.2,52.2453483722799,0.448320690154475
2023-04-17 08:00:00,92.4,265.933333333333,52.4084484581122,0.354986935865285
2023-04-17 09:00:00,92.5333333333334,266.366666666667,52.4793383193759,0.403318001860166
2023-04-17 10:00:00,93.7333333333333,270.433333333333,,0.0
2023-04-17 11:00:00,94.5166666666667,271.483333333333,,0.0
2023-04-17 12:00:00,94.3166666666667,270.383333333333,41.0,1.16
2023-04-17 13:00:00,93.8666666666667,269.9,40.7738695559543,1.79828540160275
2023-04-17 14:00:00,93.4333333333333,268.8,40.5609771346345,0.751638471168022
2023-04-17 15:00:00,93.8833333333333,269.95,40.7166257202523,0.611647747926849
2023-04-17 16:00:00,94.1333333333333,270.35,40.1897184768482,0.421656793826046
2023-04-17 17:00:00,94.55,270.983333333333,,0.0
2023-04-17 18:00:00,94.2833333333333,269.75,41.0,0.243333333333333
2023-04-17 19:00:00,93.55,268.3,,0.0
2023-04-17 20:00:00,93.1333333333333,267.65,40.0,0.243333333333333
2023-04-17 21:00:00,92.9166666666667,267.083333333333,39.5414375087515,1.20662103605812
2023-04-17 22:00:00,92.9,267.133333333333,40.5168386805397,2.37976428790915
2023-04-17 23:00:00,92.9,266.983333333333,39.8692195536175,2.48495697427532
2023-04-18 00:00:00,92.8666666666667,266.966666666667,39.5621014240804,2.60323573549616
2023-04-18 01:00:00,92.7666666666667,266.683333333333,39.6535519173872,2.58324424476371
2023-04-18 02:00:00,92.8,266.733333333333,39.6439644276924,2.91156499029272
2023-04-18 03:00:00,92.8,266.75,39.2365689283824,2.45159922710089
2023-04-18 04:00:00,92.7666666666667,266.716666666667,39.4196871330348,1.92992840750422
2023-04-18 05:00:00,92.6666666666667,266.483333333333,39.7471859811461,2.2347382138443
2023-04-18 06:00:00,92.6,266.233333333333,40.8825128611005,1.88663687213274
2023-04-18 07:00:00,92.65,266.566666666667,40.4041478538487,1.68660480372937
2023-04-18 08:00:00,92.7833333333333,267.033333333333,37.9458364489868,1.57763887056942
2023-04-18 09:00:00,93.0166666666667,268.0,36.4511028715676,3.16988045045492
2023-04-18 10:00:00,93.1166666666667,268.8,36.729793704902,3.79321940244672
2023-04-18 11:00:00,93.2,268.9,37.3808504249855,3.20321828643287
2023-04-18 12:00:00,93.45,269.433333333333,36.7117717098394,3.78154850270886
2023-04-18 13:00:00,93.5833333333333,269.666666666667,36.5215316460439,3.83152103909267
2023-04-18 14:00:00,93.95,270.5,36.5125046348895,2.45804788927752
2023-04-18 15:00:00,94.4833333333334,271.366666666667,37.4908833591146,1.18828810028362
2023-04-18 16:00:00,94.8333333333333,272.383333333333,37.3798990879315,0.679975601545779
2023-04-18 17:00:00,95.0833333333333,273.0,38.0,0.138333333333333
2023-04-18 18:00:00,95.3666666666667,273.3,37.0,0.0366666666666667
2023-04-18 19:00:00,95.4166666666667,273.216666666667,,0.0
2023-04-18 20:00:00,95.3833333333333,270.533333333333,36.1879796599546,0.859980005821328
2023-04-18 21:00:00,94.8,269.283333333333,37.0,0.501666666666667
2023-04-18 22:00:00,94.0666666666667,268.933333333333,36.6123920894393,1.88326524509829
2023-04-18 23:00:00,93.7,268.733333333333,36.3057748918305,2.27825967134032
2023-04-19 00:00:00,93.7666666666667,268.933333333333,36.4498734270468,2.65989973329966
2023-04-19 01:00:00,93.6,268.533333333333,36.544146384302,2.66156610860158
2023-04-19 02:00:00,93.6166666666667,268.65,36.6080503047767,1.11829273915659
2023-04-19 03:00:00,93.5166666666667,268.333333333333,36.6636400726943,0.366654200534067
2023-04-19 04:00:00,93.4,268.066666666667,36.0,0.193333333333333
2023-04-19 05:00:00,93.35,268.116666666667,,0.0
2023-04-19 06:00:00,93.25,267.816666666667,,0.0
2023-04-19 07:00:00,93.2833333333333,268.116666666667,,0.0
2023-04-19 08:00:00,93.85,269.75,38.0,0.751666666666667
2023-04-19 09:00:00,94.6833333333333,271.316666666667,38.0,1.76166666666667
2023-04-19 10:00:00,95.1,272.166666666667,38.0,0.873333333333333
2023-04-19 11:00:00,95.3833333333333,273.233333333333,38.0,0.481666666666667
2023-04-19 12:00:00,95.25,273.466666666667,37.1762288627609,1.6549634060433
2023-04-19 13:00:00,95.5333333333333,273.016666666667,37.8295167835277,2.83493893563575
2023-04-19 14:00:00,95.7833333333333,272.133333333333,36.6684503927072,3.43321744032987
2023-04-19 15:00:00,95.5333333333333,270.283333333333,36.4807876903572,3.38320469656784
2023-04-19 16:00:00,94.9833333333333,270.35,36.3926303009054,3.98152204796682
2023-04-19 17:00:00,94.5166666666667,269.916666666667,36.6545099854551,3.10655967012678
2023-04-19 18:00:00,94.1,269.55,36.8829104492233,3.18828313045917
2023-04-19 19:00:00,93.8,268.966666666667,36.8073836613204,3.88490797807909
2023-04-19 20:00:00,93.5666666666667,268.45,36.6573197468032,2.19825791400659
2023-04-19 21:00:00,93.4333333333333,268.166666666667,,0.0
2023-04-19 22:00:00,93.3,267.9,,0.0
2023-04-19 23:00:00,93.3,267.883333333333,36.3484451935991,0.698309185873451
2023-04-20 00:00:00,93.2,267.566666666667,36.2340246427827,2.71325925257456
2023-04-20 01:00:00,93.2,267.566666666667,36.085577011798,2.84329944396453
2023-04-20 02:00:00,93.2,267.616666666667,36.6050211357007,3.5865361223374
2023-04-20 03:00:00,93.1,267.25,36.5044903411304,3.15487987695618
2023-04-20 04:00:00,93.0,267.083333333333,37.0752467510056,3.05645607572135
2023-04-20 05:00:00,93.05,267.233333333333,37.8005005358668,2.68993456914408
2023-04-20 06:00:00,93.1833333333333,267.45,37.4016059244473,3.52320437077333
2023-04-20 07:00:00,93.1333333333333,267.45,37.2015468257905,6.73921391831718
2023-04-20 08:00:00,93.1,267.583333333333,38.0,4.89833333333333
2023-04-20 09:00:00,93.0333333333333,267.9,38.0,6.69833333333333
2023-04-20 10:00:00,93.0,268.216666666667,37.8204273286925,6.6265179693505
2023-04-20 11:00:00,92.9666666666667,268.35,37.0925699960188,5.47306023566309
2023-04-20 12:00:00,93.0,269.033333333333,36.3734989916639,2.50324411527738
2023-04-20 13:00:00,93.0666666666667,269.066666666667,36.2774936729696,2.31826253951582
2023-04-20 14:00:00,93.25,269.25,36.8876119954687,4.04827182277732
2023-04-20 15:00:00,93.6,269.316666666667,37.0,3.88166666666667
2023-04-20 16:00:00,93.7166666666667,269.566666666667,36.8098126648855,5.02988200559434
2023-04-20 17:00:00,93.8333333333333,269.5,36.834282313249,3.52992566647169
2023-04-20 18:00:00,93.95,269.566666666667,36.7542381948409,3.641563853521
2023-04-20 19:00:00,94.0666666666667,269.633333333333,36.1591031755681,2.24162098720433
2023-04-20 20:00:00,94.0333333333333,269.516666666667,32.7631290294191,1.30163082935716
2023-04-20 21:00:00,93.9666666666667,269.3,31.3439376727797,1.36161986956238
2023-04-20 22:00:00,93.9,269.2,31.7231610694679,2.57658809876239
2023-04-20 23:00:00,93.8,268.983333333333,31.4818856822337,2.89822311852499
2023-04-21 00:00:00,93.8,268.966666666667,32.5462066353144,3.22821145806512
2023-04-21 01:00:00,93.8,268.933333333333,32.3287866233381,3.91320179716567
2023-04-21 02:00:00,93.7166666666667,268.783333333333,32.3742417225728,4.4131759175075
2023-04-21 03:00:00,93.7,268.716666666667,32.6717475428819,3.17322675881581
2023-04-21 04:00:00,93.7,268.716666666667,29.8287794745452,2.50711708954613
2023-04-21 05:00:00,93.55,268.35,16.2963117579363,3.12156752870693
2023-04-21 06:00:00,93.45,268.183333333333,16.421346367397,2.07658955021218
2023-04-21 07:00:00,93.4833333333333,268.383333333333,16.2424463512709,1.87661416877929
2023-04-21 08:00:00,93.8333333333333,269.2,16.3661761215085,2.62157399242098
2023-04-21 09:00:00,93.7666666666667,269.433333333333,16.0,1.75666666666667
2023-04-21 10:00:00,93.5333333333334,269.1,17.6469154473833,2.67157372045692
2023-04-21 11:00:00,93.8833333333333,270.166666666667,16.7680171124084,6.52315631332342
2023-04-21 12:00:00,94.0666666666667,270.583333333333,16.4004687160431,5.65979302427819
2023-04-21 13:00:00,94.4,271.483333333333,16.1998565742059,4.81154947175318
2023-04-21 14:00:00,94.4666666666667,271.833333333333,16.8809658224459,4.22826579817286
2023-04-21 15:00:00,94.2833333333333,271.35,16.5925353877783,4.15151399827795
2023-04-21 16:00:00,94.3333333333333,271.6,16.0,3.25333333333333
2023-04-21 17:00:00,94.4,271.783333333333,16.2373838965842,2.80825589933838
2023-04-21 18:00:00,94.5333333333333,272.05,17.0,2.11833333333333
2023-04-21 19:00:00,94.0166666666667,270.866666666667,16.6611105643283,2.19825831816519
2023-04-21 20:00:00,93.7333333333333,270.5,16.6651697454236,2.9615662011909
2023-04-21 21:00:00,93.3333333333333,270.4,16.1957718005503,4.65655499791302
2023-04-21 22:00:00,92.7,270.333333333333,16.0,5.32833333333333
2023-04-21 23:00:00,91.9333333333333,270.316666666667,16.3018946984247,5.17816711054156
2023-04-22 00:00:00,91.75,270.35,16.0,4.64166666666667
2023-04-22 01:00:00,90.7666666666667,270.583333333333,16.6314455696667,5.1414844179787
2023-04-22 02:00:00,88.9,270.683333333333,16.3736883955732,3.661536139251
2023-04-22 03:00:00,83.2333333333334,270.916666666667,16.3225044607356,2.97656760717609
2023-04-22 04:00:00,74.2,271.2,16.1477227691756,3.07994093803839
2023-04-22 05:00:00,67.6666666666667,271.333333333333,16.3998206461693,3.7681956066412
2023-04-22 06:00:00,59.0,271.666666666667,16.3224674961128,3.93820227873242
2023-04-22 07:00:00,53.0166666666667,271.983333333333,16.380821519301,3.71986640105096
2023-04-22 08:00:00,40.6333333333333,273.7,16.2767116688741,2.35492821155018
2023-04-22 09:00:00,42.8166666666667,274.583333333333,17.0045661881563,3.28484897479495
2023-04-22 10:00:00,43.4333333333333,275.333333333333,17.543468039393,3.20154567836021
2023-04-22 11:00:00,48.5666666666667,275.5,17.2075996785834,2.19161175400201
2023-04-22 12:00:00,48.15,276.166666666667,17.2345312431914,1.93994695361744
2023-04-22 13:00:00,47.2666666666667,277.383333333333,17.8161338492415,0.516654857993281
2023-04-22 14:00:00,49.25,278.166666666667,17.7164601612109,0.65831296401263
2023-04-22 15:00:00,88.7833333333334,278.05,17.0,0.631666666666667
2023-04-22 16:00:00,94.9833333333333,278.1,17.0,0.291666666666667
2023-04-22 17:00:00,95.3166666666667,277.716666666667,17.0,0.745
2023-04-22 18:00:00,95.2333333333333,276.433333333333,17.2011372558317,2.62660238360426
2023-04-22 19:00:00,94.8,275.366666666667,17.4213817014194,2.11992127257963
2023-04-22 20:00:00,92.7166666666667,274.733333333333,17.0,0.681666666666667
2023-04-22 21:00:00,91.8666666666667,274.633333333333,17.2870678183579,1.7532786793651
2023-04-22 22:00:00,92.1666666666667,274.133333333333,17.4799661032761,1.99659076177006
2023-04-22 23:00:00,92.4166666666667,273.583333333333,17.0,2.99166666666667
2023-04-23 00:00:00,92.65,273.083333333333,17.1442361119001,3.26993852413112
2023-04-23 01:00:00,93.3166666666667,272.7,17.0,3.45666666666667
2023-04-23 02:00:00,94.3833333333333,272.366666666667,17.2573750590277,5.02485371584598
2023-04-23 03:00:00,95.1166666666667,272.266666666667,17.0,5.75333333333333
2023-04-23 04:00:00,95.8166666666667,272.066666666667,17.5328452179303,5.22646850998638
2023-04-23 05:00:00,96.0833333333333,271.883333333333,17.0,4.11666666666667
2023-04-23 06:00:00,96.1,271.833333333333,17.2580269126121,3.26823803074122
2023-04-23 07:00:00,96.0666666666667,271.933333333333,17.2079159077254,4.54488599613281
2023-04-23 08:00:00,95.8666666666667,272.066666666667,17.0,3.335
2023-04-23 09:00:00,95.3166666666667,272.516666666667,17.2524440541201,3.74322573817988
2023-04-23 10:00:00,94.4,272.866666666667,17.0,3.60333333333333
2023-04-23 11:00:00,94.7166666666667,272.883333333333,17.4612681693038,3.80818919378966
2023-04-23 12:00:00,94.4,273.816666666667,17.3615725783548,6.17644950447155
2023-04-23 13:00:00,93.2833333333333,274.366666666667,17.5292366200302,5.01647630046913
2023-04-23 14:00:00,90.55,274.816666666667,17.32097665382,2.92323629122122
2023-04-23 15:00:00,85.6833333333333,275.233333333333,17.2984651029514,3.26656248965809
2023-04-23 16:00:00,90.1166666666667,274.983333333333,17.6090467120374,2.91156107253909
2023-04-23 17:00:00,79.7333333333333,274.616666666667,17.2952897921463,4.24986529856576
2023-04-23 18:00:00,75.65,275.333333333333,17.0,2.71666666666667
2023-04-23 19:00:00,83.3333333333333,274.35,17.1487693255316,3.05827434389501
2023-04-23 20:00:00,90.6333333333333,273.633333333333,17.2028158060716,2.48160555406451
2023-04-23 21:00:00,92.2166666666667,273.05,17.2153142649521,1.95828293900883
2023-04-23 22:00:00,92.95,272.583333333333,17.5671974421878,1.57494111199076
2023-04-23 23:00:00,93.2833333333333,272.266666666667,17.0,2.38
2023-04-24 00:00:00,94.3,270.283333333333,18.0443818849125,6.67366128222425
2023-04-24 01:00:00,94.2,269.183333333333,36.6704267711125,11.3879500790391
2023-04-24 02:00:00,94.05,268.866666666667,47.8160602505967,7.166530279653
2023-04-24 03:00:00,93.8166666666667,268.35,55.914742748165,6.62145841875075
2023-04-24 04:00:00,93.65,267.9,84.1301795584535,2.70126216206053
2023-04-24 05:00:00,93.7333333333333,268.25,85.0,4.13333333333333
2023-04-24 06:00:00,93.7666666666667,268.35,85.0,3.965
2023-04-24 07:00:00,93.7166666666667,268.35,95.525694990646,6.53535160704871
2023-04-24 08:00:00,93.7,268.566666666667,102.400073946582,5.67720485233668
2023-04-24 09:00:00,93.6666666666667,268.733333333333,99.5568719391042,4.96754603568753
2023-04-24 10:00:00,93.6166666666667,268.816666666667,100.282951787907,5.52482926692499
2023-04-24 11:00:00,93.5166666666667,268.683333333333,101.709202009721,4.17796399073905
2023-04-24 12:00:00,93.2666666666667,268.65,103.063710437508,3.94996411191035
2023-04-24 13:00:00,93.0333333333333,268.45,104.226794469897,4.5413382353869
2023-04-24 14:00:00,93.1,268.35,105.115295350245,4.50992993247356
2023-04-24 15:00:00,93.15,268.333333333333,105.22072745857,6.46316400541338
2023-04-24 16:00:00,93.05,268.166666666667,103.82694375421,6.27177932650066
2023-04-24 17:00:00,93.0166666666667,267.616666666667,104.416328077306,6.02772794970726
2023-04-24 18:00:00,93.0166666666667,267.033333333333,105.154993971283,5.78488459981067
2023-04-24 19:00:00,92.9,266.516666666667,104.634775282556,5.52147169417609
2023-04-24 20:00:00,92.9,266.433333333333,104.0,3.77666666666667
2023-04-24 21:00:00,92.8333333333333,266.133333333333,104.173574889861,4.78156219523231
2023-04-24 22:00:00,92.8666666666667,266.316666666667,104.24959266123,1.03497047467588
2023-04-24 23:00:00,92.9166666666667,266.416666666667,104.536239896505,3.40320442557685
2023-04-25 00:00:00,92.9333333333333,266.483333333333,104.0,2.53666666666667
2023-04-25 01:00:00,92.8833333333333,266.4,104.306640481013,4.03820256151038
2023-04-25 02:00:00,92.8,266.05,104.0,1.98
2023-04-25 03:00:00,92.8166666666667,266.216666666667,104.086347661241,2.99163071854795
2023-04-25 04:00:00,92.8,266.183333333333,104.0,2.44
2023-04-25 05:00:00,92.7166666666667,265.75,104.21600032148,2.56160059438134
2023-04-25 06:00:00,92.6,265.383333333333,104.0,2.535
2023-04-25 07:00:00,92.55,265.366666666667,104.124053822846,2.87495241663
2023-04-25 08:00:00,92.7333333333333,266.233333333333,104.369507261385,3.30154951210223
2023-04-25 09:00:00,92.8333333333333,267.0,104.348371956165,3.69320563515258
2023-04-25 10:00:00,92.7,267.3,105.166129488904,3.12993395836598
2023-04-25 11:00:00,92.8666666666667,268.016666666667,100.786592174337,4.2235877893238
2023-04-25 12:00:00,93.0166666666667,268.8,100.28254993005,4.67152242746048
2023-04-25 13:00:00,92.8333333333333,267.916666666667,102.111592361271,7.68290771937661
2023-04-25 14:00:00,92.8333333333333,267.883333333333,109.0,5.84166666666667
2023-04-25 15:00:00,92.9666666666667,268.216666666667,109.178885715494,8.0214872050613
2023-04-25 16:00:00,92.75,266.983333333333,109.791942576499,7.04098329464159
2023-04-25 17:00:00,92.55,266.183333333333,112.192744768091,8.12127164999052
2023-04-25 18:00:00,92.4333333333333,265.516666666667,108.449612047884,7.53975989008356
2023-04-25 19:00:00,92.4166666666667,265.216666666667,110.474612237361,6.54175951534813
2023-04-25 20:00:00,92.4,265.1,113.734213314659,3.85629414296911
2023-04-25 21:00:00,92.4833333333333,265.233333333333,113.092471595267,3.67661967141575
2023-04-25 22:00:00,92.5,265.25,113.210143756466,3.25158446186604
2023-04-25 23:00:00,92.5,265.283333333333,115.436142732097,4.52152507421654
2023-04-26 00:00:00,92.45,265.15,125.349270696667,4.2309115303524
2023-04-26 01:00:00,92.5,265.25,180.024486471643,5.1150835829189
2023-04-26 02:00:00,92.4333333333333,265.1,222.693500765557,5.40156784961532
2023-04-26 03:00:00,92.4,265.033333333333,227.793817357702,4.59047601268707
2023-04-26 04:00:00,92.4,265.033333333333,236.784454339768,4.35902556806082
2023-04-26 05:00:00,92.35,264.8,227.537458275923,2.75937362525521
2023-04-26 06:00:00,92.1833333333333,264.166666666667,232.736237989768,4.50885549940867
2023-04-26 07:00:00,92.1166666666667,264.016666666667,221.186510841156,2.77904840499389
2023-04-26 08:00:00,92.4,265.383333333333,221.541000091279,1.7682664533514
2023-04-26 09:00:00,92.5333333333334,266.4,221.308506490247,0.469984728760935
2023-04-26 10:00:00,92.3666666666667,266.333333333333,221.784135572022,1.42829650956391
2023-04-26 11:00:00,92.25,266.233333333333,221.199037535743,2.43660750093375
2023-04-26 12:00:00,92.1,266.533333333333,221.728511376501,2.20993342592987
2023-04-26 13:00:00,92.25,267.383333333333,221.373330324202,1.87493318775157
2023-04-26 14:00:00,91.4333333333333,267.166666666667,220.708759587009,2.79824535526626
2023-04-26 15:00:00,91.5833333333334,267.55,221.342634852132,3.70153967978226
2023-04-26 16:00:00,91.9166666666667,268.666666666667,221.200298615581,3.29491961256917
2023-04-26 17:00:00,92.2666666666667,269.866666666667,221.431624353437,3.35154143202907
2023-04-26 18:00:00,92.0833333333333,268.416666666667,221.700900210359,4.83651223275786
2023-04-26 19:00:00,91.8833333333333,267.183333333333,222.414907923169,5.61948456080646
2023-04-26 20:00:00,92.05,266.883333333333,222.436142236786,5.3764652789251
2023-04-26 21:00:00,92.5,267.2,223.159246453204,7.07463742510454
2023-04-26 22:00:00,92.6666666666666,267.333333333333,223.481773722048,7.64438184565951
2023-04-26 23:00:00,93.05,267.516666666667,223.763659250996,5.03486159126005
2023-04-27 00:00:00,93.3166666666667,267.783333333333,224.74143406476,5.83962641022768
2023-04-27 01:00:00,93.5,268.166666666667,224.191203004226,3.90490802230558
2023-04-27 02:00:00,93.65,268.483333333333,225.823862523328,5.85604332367209
2023-04-27 03:00:00,93.7166666666667,268.65,230.323372059513,4.03598239656493
2023-04-27 04:00:00,93.8,268.733333333333,245.469158225237,5.4952382671408
2023-04-27 05:00:00,93.8,268.85,260.456066090607,6.51283955944858
2023-04-27 06:00:00,93.8833333333333,268.95,270.0,6.85333333333333
2023-04-27 07:00:00,93.9,269.033333333333,269.237997609557,7.78040807908775
2023-04-27 08:00:00,93.8833333333333,269.3,269.519834228934,5.4956536424254
2023-04-27 09:00:00,93.9333333333333,270.033333333333,270.0,3.81833333333333
2023-04-27 10:00:00,93.6166666666667,270.216666666667,270.0,5.59833333333333
2023-04-27 11:00:00,93.5666666666667,270.866666666667,270.0,4.24333333333333
2023-04-27 12:00:00,93.5166666666667,271.216666666667,268.215951454472,2.5617900160971
2023-04-27 13:00:00,93.4333333333333,271.183333333333,261.831432021184,4.42587832429546
2023-04-27 14:00:00,93.4,271.716666666667,257.737832386749,2.22493444710571
2023-04-27 15:00:00,93.35,271.45,257.924701797906,3.87329225591811
2023-04-27 16:00:00,92.1666666666667,272.116666666667,257.8711646396,3.9065998828477
2023-04-27 17:00:00,92.0833333333333,272.55,257.27762011795,3.34974435845137
2023-04-27 18:00:00,92.1833333333333,272.866666666667,256.658833586839,3.04822897483294
2023-04-27 19:00:00,89.7666666666667,272.416666666667,257.0,3.09833333333333
2023-04-27 20:00:00,91.2333333333333,271.616666666667,256.564034296393,3.05821879130601
2023-04-27 21:00:00,91.2,271.483333333333,257.0,3.22333333333333
2023-04-27 22:00:00,79.5,271.716666666667,258.18352944373,4.08366246564676
2023-04-27 23:00:00,76.4333333333333,271.866666666667,259.791930350283,3.75657238547441
2023-04-28 00:00:00,75.5333333333334,272.1,260.077321161321,3.55641479447843
2023-04-28 01:00:00,72.0833333333333,272.283333333333,260.759889096505,3.45657060606487
2023-04-28 02:00:00,76.55,272.416666666667,260.577975499544,3.78319277907144
2023-04-28 03:00:00,77.3666666666667,272.283333333333,261.785636736848,5.77651849132703
2023-04-28 04:00:00,71.5666666666667,272.416666666667,261.572840577385,5.57145901703423
2023-04-28 05:00:00,68.6833333333333,272.633333333333,262.0,4.69
2023-04-28 06:00:00,84.5833333333333,271.433333333333,261.78655771316,3.12325346844192
2023-04-28 07:00:00,94.4,270.416666666667,262.0,5.165
2023-04-28 08:00:00,94.7,270.883333333333,261.872899021411,5.24491136851173
2023-04-28 09:00:00,94.9333333333333,271.583333333333,262.327906677509,4.3292591659765
2023-04-28 10:00:00,95.2333333333333,272.216666666667,269.177296973708,7.32449666199735
2023-04-28 11:00:00,95.3166666666667,272.266666666667,270.0,7.45
2023-04-28 12:00:00,95.3333333333333,272.566666666667,270.0,7.92666666666667
2023-04-28 13:00:00,95.3166666666667,273.083333333333,279.897070189181,5.75492925417652
2023-04-28 14:00:00,95.4666666666667,273.216666666667,294.889456923147,7.22155851723257
2023-04-28 15:00:00,95.6166666666667,273.333333333333,296.711817096705,7.02024311381494
2023-04-28 16:00:00,99.3666666666667,273.783333333333,323.057393826471,8.21765436375291
2023-04-28 17:00:00,100.9,273.333333333333,332.0,6.98833333333333
2023-04-28 18:00:00,100.9,273.083333333333,332.0,6.97666666666667
2023-04-28 19:00:00,100.9,272.95,332.746423353816,8.87263535078264
2023-04-28 20:00:00,100.9,272.95,335.0,8.51333333333333
2023-04-28 21:00:00,100.9,273.033333333333,335.382889247265,5.72812718145078
2023-04-28 22:00:00,100.9,273.0,346.08125587483,8.73516614337147
2023-04-28 23:00:00,100.9,273.366666666667,355.41002208899,10.1430758125889
2023-04-29 00:00:00,100.9,273.416666666667,356.355801588137,8.23081491437344
2023-04-29 01:00:00,100.9,273.383333333333,356.670316321824,7.46641534635642
2023-04-29 02:00:00,100.9,273.433333333333,5.82061691155451,7.98487564185299
2023-04-29 03:00:00,100.9,273.2,19.3035746746127,6.14674226034108
2023-04-29 04:00:00,100.9,273.05,16.8218228359473,4.85447999868978
2023-04-29 05:00:00,99.4833333333334,272.466666666667,17.2613277393914,4.85319064037381
2023-04-29 06:00:00,97.75,272.066666666667,16.6949342661964,5.71981530409687
2023-04-29 07:00:00,99.25,272.4,15.9769102198023,6.8321978863091
2023-04-29 08:00:00,100.083333333333,272.75,17.2294004891858,6.10983549075902
2023-04-29 09:00:00,99.9,272.983333333333,17.1807574501297,4.59156310318057
2023-04-29 10:00:00,98.6166666666667,273.033333333333,17.5537711435647,7.05140126607262
2023-04-29 11:00:00,98.3666666666667,273.183333333333,17.2469207878181,5.14985414173055
2023-04-29 12:00:00,98.55,273.35,17.0,5.19666666666667
2023-04-29 13:00:00,98.7166666666667,273.55,17.4439159103861,4.91814841443553
2023-04-29 14:00:00,98.6333333333333,273.9,17.147638545227,5.62155891661743
2023-04-29 15:00:00,98.75,274.033333333333,17.3446759837515,5.43481302223264
2023-04-29 16:00:00,98.05,273.933333333333,17.6766006906236,6.47776511028311
2023-04-29 17:00:00,95.8833333333333,273.816666666667,18.6288081413829,7.33640584823204
2023-04-29 18:00:00,96.7,273.516666666667,18.3459394429192,6.07979047062737
2023-04-29 19:00:00,97.0833333333333,273.15,18.1453473498707,3.24493860395735
2023-04-29 20:00:00,97.4166666666667,272.5,18.216379492937,4.82154214483731
2023-04-29 21:00:00,97.0333333333333,272.216666666667,18.5411775087865,3.39987141644413
2023-04-29 22:00:00,97.1333333333333,272.066666666667,18.5262142558506,3.43320296185512
2023-04-29 23:00:00,96.7,271.666666666667,18.3577948472631,3.08822525089478
2023-04-30 00:00:00,96.5666666666667,271.466666666667,18.1678274571733,3.09826742617275
2023-04-30 01:00:00,96.3,271.333333333333,18.3799801653209,1.9649294898169
2023-04-30 02:00:00,96.2666666666667,271.366666666667,18.6374654614413,1.65494174582309
2023-04-30 03:00:00,96.05,271.166666666667,18.0,0.565
2023-04-30 04:00:00,95.8666666666667,271.15,18.0,0.906666666666667
2023-04-30 05:00:00,95.1833333333333,270.85,18.5290705028996,1.71993472905211
2023-04-30 06:00:00,95.3666666666667,270.666666666667,18.0132224955676,1.00833132945274
2023-04-30 07:00:00,95.6,271.0,18.2241104629957,2.54326597497554
2023-04-30 08:00:00,96.0166666666667,271.516666666667,18.0,2.32
2023-04-30 09:00:00,96.1166666666667,271.883333333333,18.2368372754434,2.46993200296742
2023-04-30 10:00:00,95.8666666666667,272.166666666667,18.6525897196291,3.86653314772077
2023-04-30 11:00:00,95.7,272.65,18.3331757474381,3.61154445407725
2023-04-30 12:00:00,95.1833333333333,273.183333333333,18.7011685749834,3.8648766547522
2023-04-30 13:00:00,95.0833333333333,273.833333333333,18.4851829491631,3.31820709232419
2023-04-30 14:00:00,95.65,274.533333333333,18.3305678581341,2.01159886400078
2023-04-30 15:00:00,97.7333333333333,275.633333333333,19.0,0.193333333333333
2023-04-30 16:00:00,99.5333333333333,274.666666666667,18.4930311820165,0.956630246807379
2023-04-30 17:00:00,99.7833333333334,275.033333333333,19.0,0.291666666666667
2023-04-30 18:00:00,99.7666666666667,274.833333333333,18.0,0.243333333333333
2023-04-30 19:00:00,99.65,273.783333333333,18.2198443671753,1.32663201016526
2023-04-30 20:00:00,99.65,273.25,18.489588630644,3.12154785470129
2023-04-30 21:00:00,99.6166666666667,273.066666666667,18.0,2.30333333333333
2023-04-30 22:00:00,99.6,272.933333333333,18.0,3.465
2023-04-30 23:00:00,99.5666666666667,272.833333333333,18.8010683687116,5.32820400556216
2023-05-01 00:00:00,99.4333333333334,272.733333333333,18.0,3.335
2023-05-01 01:00:00,97.6,272.583333333333,18.5138214888006,3.07488300288935
2023-05-01 02:00:00,97.3,272.266666666667,18.2197822216667,2.66159715008976
2023-05-01 03:00:00,97.0,272.066666666667,18.2337030226965,2.22493930997034
2023-05-01 04:00:00,96.85,272.0,18.1837614173137,2.56660803011558
2023-05-01 05:00:00,96.7333333333333,271.916666666667,18.2119516363953,2.75992978574623
2023-05-01 06:00:00,96.6,271.85,18.2106635819115,2.46827081865355
2023-05-01 07:00:00,96.6,271.933333333333,18.1517734184136,1.92162898636955
2023-05-01 08:00:00,96.6666666666666,272.1,18.0,3.155
2023-05-01 09:00:00,96.9833333333333,272.316666666667,18.4226954529588,3.039887013007
2023-05-01 10:00:00,97.2166666666667,272.466666666667,18.1685999342099,1.14664218546787
2023-05-01 11:00:00,97.85,272.85,18.147334436861,2.97494307555565
2023-05-01 12:00:00,98.8333333333333,273.466666666667,18.4037066334216,1.16829049672024
2023-05-01 13:00:00,99.15,273.466666666667,18.5222488072255,1.4232792444684
2023-05-01 14:00:00,98.25,272.916666666667,18.1948987200599,2.41994216350252
2023-05-01 15:00:00,96.9666666666667,272.516666666667,18.0,0.63
2023-05-01 16:00:00,96.5166666666667,272.25,18.5077952980576,2.24491453805641
2023-05-01 17:00:00,96.25,271.783333333333,18.5347208537579,2.30641579171709
2023-05-01 18:00:00,95.65,271.066666666667,17.4888721212205,4.49316232571091
2023-05-01 19:00:00,95.45,270.816666666667,18.6435646669007,5.57261267208367
2023-05-01 20:00:00,95.25,270.516666666667,18.6678141356762,5.34315279369893
2023-05-01 21:00:00,95.05,270.25,18.4148775516907,3.80819252640208
2023-05-01 22:00:00,94.9,270.016666666667,18.1659341699076,3.43492759125288
2023-05-01 23:00:00,94.7666666666667,269.866666666667,18.6652230154047,3.83820313991331
2023-05-02 00:00:00,94.6333333333333,269.55,18.3446608090991,3.87320008363618
2023-05-02 01:00:00,94.5,269.45,18.3756584144576,3.4648762225707
2023-05-02 02:00:00,94.5,269.416666666667,18.3673332938783,3.23488549287461
2023-05-02 03:00:00,94.5,269.45,18.1283890275623,2.2716279476072
2023-05-02 04:00:00,94.5,269.433333333333,18.0,1.83166666666667
2023-05-02 05:00:00,94.4333333333333,269.316666666667,18.3431336647976,1.69994164036131
2023-05-02 06:00:00,94.3333333333333,269.15,18.0,2.205
2023-05-02 07:00:00,94.4,269.266666666667,18.0,1.88166666666667
2023-05-02 08:00:00,94.5833333333334,269.666666666667,18.4365618521139,1.66827083088016
2023-05-02 09:00:00,94.85,270.233333333333,18.1635291611631,0.8866481937862
2023-05-02 10:00:00,95.2,270.833333333333,18.3749970251384,0.386652863793854
2023-05-02 11:00:00,95.6666666666667,271.466666666667,18.0,0.501666666666667
2023-05-02 12:00:00,95.7,271.466666666667,,0.0
2023-05-02 13:00:00,97.6333333333334,272.616666666667,18.2728170003064,1.60661811929095
2023-05-02 14:00:00,98.1166666666667,272.633333333333,18.1652514359265,3.74158805370146
2023-05-02 15:00:00,96.75,272.283333333333,18.2625572567775,2.35493055062606
2023-05-02 16:00:00,96.4,271.933333333333,18.5126226798299,3.23487689961548
2023-05-02 17:00:00,95.8333333333333,271.316666666667,18.1867378635083,2.33827924585277
2023-05-02 18:00:00,95.4666666666667,271.016666666667,18.2046598415876,2.85826246940714
2023-05-02 19:00:00,94.9,270.116666666667,18.5274268544711,2.36991002918632
2023-05-02 20:00:00,94.4833333333333,269.566666666667,18.1873689038486,3.29992346990297
2023-05-02 21:00:00,94.3166666666667,269.316666666667,18.3860696814425,2.99155866743149
2023-05-02 22:00:00,94.4,269.55,18.0,2.29
2023-05-02 23:00:00,94.5,269.716666666667,,0.0
2023-05-03 00:00:00,94.5,269.783333333333,,0.0
2023-05-03 01:00:00,94.5,269.733333333333,18.0,0.406666666666667
2023-05-03 02:00:00,94.35,269.316666666667,18.2506595492058,1.88161283577998
2023-05-03 03:00:00,94.05,268.716666666667,13.0,0.568333333333333
2023-05-03 04:00:00,93.9333333333333,268.533333333333,13.2753062828381,0.938304819702029
2023-05-03 05:00:00,94.0,268.75,13.2681614700311,1.92660907718388
2023-05-03 06:00:00,93.9666666666667,268.65,13.4813683489866,2.19158333058948
2023-05-03 07:00:00,94.1333333333333,269.1,13.3556514030226,2.23992181623799
2023-05-03 08:00:00,94.25,269.55,13.0,2.38666666666667
2023-05-03 09:00:00,94.4333333333333,270.233333333333,13.0,3.77666666666667
2023-05-03 10:00:00,94.7166666666667,270.883333333333,13.2924387032106,3.21989852030612
2023-05-03 11:00:00,95.0333333333333,271.233333333333,13.3290427307829,3.75820695691187
2023-05-03 12:00:00,95.25,271.466666666667,13.3751113916331,3.64320326109576
2023-05-03 13:00:00,95.9,272.166666666667,13.4443330922928,3.36820666723014
2023-05-03 14:00:00,96.25,272.283333333333,13.0,2.09166666666667
2023-05-03 15:00:00,96.95,272.966666666667,13.0,0.843333333333333
2023-05-03 16:00:00,99.75,273.7,13.0,0.615
2023-05-03 17:00:00,100.0,273.8,13.2753904827276,1.47662178590724
2023-05-03 18:00:00,99.9333333333333,273.866666666667,13.0,0.275
2023-05-03 19:00:00,99.6666666666667,274.15,,0.0
2023-05-03 20:00:00,99.5666666666667,273.216666666667,13.0978362939525,1.31164903311781
2023-05-03 21:00:00,99.2333333333334,272.616666666667,13.2773555356495,1.99493909833945
2023-05-03 22:00:00,96.45,271.766666666667,13.4710320127103,3.96984934194716
2023-05-03 23:00:00,96.2333333333333,271.566666666667,13.1386549384285,3.62993396893283
2023-05-04 00:00:00,96.0666666666667,271.433333333333,13.3424052570657,3.61154280703907
2023-05-04 01:00:00,95.8333333333334,271.233333333333,13.3539678412115,2.66490718069405
2023-05-04 02:00:00,94.9333333333333,269.916666666667,,0.0
2023-05-04 03:00:00,93.5666666666667,268.116666666667,13.0,0.566666666666667
2023-05-04 04:00:00,93.3666666666667,268.283333333333,13.151807396579,1.70163329402607
2023-05-04 05:00:00,93.2333333333333,268.9,13.5600991240706,2.73156415587065
2023-05-04 06:00:00,93.3,270.0,13.082526265146,1.55498206721197
2023-05-04 07:00:00,95.4666666666667,272.266666666667,13.0,1.78333333333333
2023-05-04 08:00:00,94.75,273.75,13.0,2.385
2023-05-04 09:00:00,92.75,275.116666666667,14.1884121504179,2.15828306548501
2023-05-04 10:00:00,88.1166666666667,276.5,14.0,1.02166666666667
2023-05-04 11:00:00,47.0166666666667,277.083333333333,14.4822252062365,3.23487697677783
2023-05-04 12:00:00,40.2666666666667,278.183333333333,13.8286041510696,1.70162985802159
2023-05-04 13:00:00,38.05,279.5,,0.0
2023-05-04 14:00:00,35.1,280.366666666667,14.0,0.34
2023-05-04 15:00:00,36.5833333333333,280.35,14.0,0.275
2023-05-04 16:00:00,45.5666666666667,279.716666666667,14.3656094831799,0.843303541558311
2023-05-04 17:00:00,50.2333333333333,279.4,14.451255055781,1.6582707892031
2023-05-04 18:00:00,53.25,278.783333333333,14.5,4.32983512686786
2023-05-04 19:00:00,64.7,277.7,14.3843430155364,4.27984575031216
2023-05-04 20:00:00,78.2833333333334,276.433333333333,14.2729536825782,4.59152788048905
2023-05-04 21:00:00,83.9333333333333,276.1,13.8377926796464,5.42488771156556
2023-05-04 22:00:00,61.7333333333333,276.5,13.5850344303751,6.04442416332376
2023-05-04 23:00:00,71.75,276.283333333333,15.6690619323989,5.3576952987372
2023-05-05 00:00:00,86.8833333333333,275.883333333333,19.4341709861277,5.62018981340306
2023-05-05 01:00:00,91.6,275.4,19.8716622178251,5.19436573506655
2023-05-05 02:00:00,92.3666666666667,275.1,18.7493789735091,5.32651429650112
2023-05-05 03:00:00,92.8833333333333,275.0,18.519493671481,3.41986997481402
2023-05-05 04:00:00,94.0,274.9,18.8499619059832,5.86488608058367
2023-05-05 05:00:00,94.7833333333334,274.666666666667,18.53485712316,4.23150632084055
2023-05-05 06:00:00,93.8333333333333,274.8,18.1829592824122,4.36323398877932
2023-05-05 07:00:00,93.05,275.183333333333,18.541683873587,4.29817080345282
2023-05-05 08:00:00,92.05,276.033333333333,18.2571381465814,2.2749338117037
2023-05-05 09:00:00,90.3666666666667,276.966666666667,18.1729201512451,1.68662992573296
2023-05-05 10:00:00,79.25,277.966666666667,,0.0
2023-05-05 11:00:00,77.35,278.533333333333,18.6159278431736,0.711641025250346
2023-05-05 12:00:00,87.3666666666667,277.95,18.1922505820959,2.45327530660554
2023-05-05 13:00:00,81.7333333333333,278.533333333333,18.0681790324931,2.12664608810585
2023-05-05 14:00:00,68.15,279.783333333333,18.1283143626958,1.50664099926303
2023-05-05 15:00:00,60.1833333333333,280.683333333333,18.4427595087589,0.989962797860071
2023-05-05 16:00:00,58.6166666666667,280.466666666667,18.0,1.45833333333333
2023-05-05 17:00:00,62.8833333333334,280.183333333333,18.230764377882,2.53493146189385
2023-05-05 18:00:00,68.2333333333333,279.35,18.0851239207858,1.70331312897752
2023-05-05 19:00:00,65.6666666666667,278.5,18.4978937965773,3.95651601159715
2023-05-05 20:00:00,88.9333333333333,277.0,21.1136485336052,3.50257419802399
2023-05-05 21:00:00,97.0,273.483333333333,30.0,6.01166666666667
2023-05-05 22:00:00,99.1333333333333,273.416666666667,33.8082827451443,7.39457999187971
2023-05-05 23:00:00,99.6666666666667,274.0,20.8530324919754,4.17330353248365
2023-05-06 00:00:00,99.7666666666667,273.4,19.5193953713608,4.29650330893627
2023-05-06 01:00:00,99.8833333333333,273.733333333333,21.0164147431457,5.17800888267346
2023-05-06 02:00:00,99.6166666666667,273.816666666667,23.9296461224417,6.27231792849001
2023-05-06 03:00:00,96.7666666666667,274.25,23.9932234173901,5.16458297469272
2023-05-06 04:00:00,95.45,274.266666666667,23.2657054028911,3.36823323870055
2023-05-06 05:00:00,96.7666666666667,273.7,19.5038992088293,4.34407739864114
2023-05-06 06:00:00,98.7833333333333,273.266666666667,19.1038315756571,7.2815066817757
2023-05-06 07:00:00,98.6833333333333,273.5,18.4492332128904,4.13651077882196
2023-05-06 08:00:00,97.1166666666667,274.233333333333,18.4293623058227,3.90485427714633
2023-05-06 09:00:00,96.4333333333333,274.45,21.7507974611654,2.66584292716903
2023-05-06 10:00:00,98.0,273.55,23.8371373460147,4.75530226420868
2023-05-06 11:00:00,98.05,274.866666666667,24.4590868288726,4.96981202467081
2023-05-06 12:00:00,98.2333333333333,274.466666666667,24.3040562242252,3.52988623023571
2023-05-06 13:00:00,96.9166666666667,275.9,24.8193668174233,4.49323204203242
2023-05-06 14:00:00,94.8,277.05,24.6347484146324,2.71490412915556
2023-05-06 15:00:00,94.45,277.233333333333,24.502526476627,3.62819518104516
2023-05-06 16:00:00,92.45,277.85,24.4293315752558,2.49990670917347
2023-05-06 17:00:00,92.75,277.333333333333,24.3547452272543,3.57987518868474
2023-05-06 18:00:00,93.0666666666667,276.95,24.6452547727457,3.57987518868474
2023-05-06 19:00:00,95.2333333333333,275.95,24.823925037458,3.51158907298521
2023-05-06 20:00:00,96.6833333333333,275.566666666667,24.1940756847263,3.43491816873408
2023-05-06 21:00:00,96.3,275.466666666667,24.3956360954329,4.27984413063064
2023-05-06 22:00:00,92.5833333333333,275.816666666667,24.6996042594528,4.16653329635897
2023-05-06 23:00:00,92.35,275.733333333333,24.0,1.02333333333333
2023-05-07 00:00:00,92.8833333333333,275.433333333333,24.4625128354384,3.02321886114628
2023-05-07 01:00:00,94.6833333333333,275.05,24.5488340053354,3.49820139813519
2023-05-07 02:00:00,94.7166666666667,274.8,24.1150903590992,3.53327852423816
2023-05-07 03:00:00,92.8166666666667,274.816666666667,24.8244770119571,4.26323936324578
2023-05-07 04:00:00,88.95,275.566666666667,16.4617469448502,2.54391049515029
2023-05-07 05:00:00,88.4,275.683333333333,13.0,1.605
2023-05-07 06:00:00,80.5333333333333,275.766666666667,13.4524202134934,3.92318529754364
2023-05-07 07:00:00,82.4833333333333,275.983333333333,13.8155066419136,5.03155136181763
2023-05-07 08:00:00,89.5,276.05,14.505527778496,3.316540393598
2023-05-07 09:00:00,91.4833333333333,276.4,14.5271992378179,3.67652708472877
2023-05-07 10:00:00,91.25,276.75,14.321273637844,3.54821548648728
2023-05-07 11:00:00,88.85,277.2,14.4059730929728,2.84489550196858
2023-05-07 12:00:00,87.6166666666667,277.383333333333,14.1842632072432,2.28828094489621
2023-05-07 13:00:00,79.0833333333333,278.466666666667,14.0,2.02666666666667
2023-05-07 14:00:00,76.45,278.683333333333,14.0,0.971666666666667
2023-05-07 15:00:00,67.8333333333334,279.75,14.0,0.193333333333333
2023-05-07 16:00:00,64.0666666666667,279.9,14.0,0.275
2023-05-07 17:00:00,77.3666666666667,279.65,14.0,0.923333333333333
2023-05-07 18:00:00,92.0833333333333,277.533333333333,14.0,0.86
2023-05-07 19:00:00,93.3666666666667,276.633333333333,14.4329880201831,0.484981864393467
2023-05-07 20:00:00,94.9166666666667,275.783333333333,14.4290522893133,1.47994478074592
2023-05-07 21:00:00,96.25,274.416666666667,17.9474602116053,4.36806321846485
2023-05-07 22:00:00,98.1166666666667,272.683333333333,24.8129350190069,6.77984296176637
2023-05-07 23:00:00,98.65,272.9,,0.0
2023-05-08 00:00:00,99.3333333333333,272.95,,0.0
2023-05-08 01:00:00,99.6166666666667,272.95,,0.0
2023-05-08 02:00:00,99.7666666666667,273.016666666667,,0.0
2023-05-08 03:00:00,99.9,273.05,,0.0
2023-05-08 04:00:00,99.9,273.05,,0.0
2023-05-08 05:00:00,99.9,272.966666666667,,0.0
2023-05-08 06:00:00,99.8,272.916666666667,,0.0
2023-05-08 07:00:00,99.6666666666667,272.866666666667,,0.0
2023-05-08 08:00:00,99.45,273.0,,0.0
2023-05-08 09:00:00,99.45,273.266666666667,24.3492979191676,1.66994218801246
2023-05-08 10:00:00,99.5,273.966666666667,,0.0
2023-05-08 11:00:00,99.5666666666667,275.55,,0.0
2023-05-08 12:00:00,99.25,276.15,,0.0
2023-05-08 13:00:00,98.9833333333333,275.133333333333,24.0,0.598333333333333
2023-05-08 14:00:00,99.1,275.733333333333,,0.0
2023-05-08 15:00:00,98.9666666666667,275.716666666667,24.1871872855015,0.338325492919258
2023-05-08 16:00:00,98.9166666666667,275.333333333333,24.4581890949671,2.90988997090035
2023-05-08 17:00:00,98.8666666666667,274.616666666667,24.2602431682826,3.49656413743387
2023-05-08 18:00:00,98.9333333333333,274.15,24.1434080790314,3.85826114345164
2023-05-08 19:00:00,98.9833333333334,273.983333333333,24.3781840600934,3.52987356637859
2023-05-08 20:00:00,99.1,274.1,24.5426463157361,2.69656473282522
2023-05-08 21:00:00,99.0833333333333,273.683333333333,24.4503065786133,3.78985711384141
2023-05-08 22:00:00,99.1333333333333,273.716666666667,24.8141794159585,3.85657779701706
2023-05-08 23:00:00,99.2333333333333,273.85,24.2738498810369,3.09157302773814
2023-05-09 00:00:00,99.4166666666667,273.65,24.1219332117526,2.92495230143682
2023-05-09 01:00:00,99.5166666666667,273.55,24.3798000807343,3.38321195132317
2023-05-09 02:00:00,99.5,273.416666666667,24.3317518064255,3.87320254786049
2023-05-09 03:00:00,99.5833333333333,273.45,24.2866967797074,3.85987977112163
2023-05-09 04:00:00,99.6,273.383333333333,24.4861008591334,2.33824436556539
2023-05-09 05:00:00,99.5666666666667,273.15,24.3465210778371,3.28488670261232
2023-05-09 06:00:00,99.5333333333333,272.95,24.0,2.24
2023-05-09 07:00:00,99.65,273.566666666667,24.1974061351627,2.05995028920227
2023-05-09 08:00:00,99.65,273.966666666667,24.375175345508,1.16829161931202
2023-05-09 09:00:00,99.6333333333333,274.85,25.0000000000001,0.291666666666667
2023-05-09 10:00:00,99.3,275.2,25.0000000000001,0.973333333333333
2023-05-09 11:00:00,98.8166666666667,275.65,24.4136524919189,2.07492334663509
2023-05-09 12:00:00,98.4833333333333,276.183333333333,24.1782029540789,1.63663016040152
2023-05-09 13:00:00,97.1666666666667,275.616666666667,24.2206696090243,2.27327378720319
2023-05-09 14:00:00,93.8666666666667,277.1,24.5385744813877,2.28991332278899
2023-05-09 15:00:00,92.9,277.95,24.2209582954993,2.35327163396181
2023-05-09 16:00:00,89.15,278.016666666667,24.7877692357594,2.20661047516512
2023-05-09 17:00:00,76.0333333333334,278.683333333333,24.382485660948,1.44661462473304
2023-05-09 18:00:00,89.3,277.616666666667,24.2141365294567,0.824978854483484
2023-05-09 19:00:00,95.65,276.116666666667,24.2882271807134,2.64825058229812
2023-05-09 20:00:00,95.6333333333333,275.466666666667,24.1372631173449,2.59828646750215
2023-05-09 21:00:00,96.32,274.97,24.4759232424144,3.57186430455181
2023-05-09 22:00:00,95.05,274.433333333333,24.1177950036832,3.32481893013584
2023-05-09 23:00:00,96.55,274.016666666667,24.3457411377158,0.939967614409543
2023-05-10 00:00:00,96.85,273.466666666667,24.2527994001549,1.93161109277778
2023-05-10 01:00:00,96.9166666666667,273.066666666667,24.0,1.62
2023-05-10 02:00:00,96.9666666666667,272.65,24.1906529223932,3.49658448787307
2023-05-10 03:00:00,96.9833333333333,272.566666666667,24.572395621624,5.17980689635188
2023-05-10 04:00:00,96.9833333333333,272.55,23.993416211438,5.27209847354143
2023-05-10 05:00:00,96.8,271.866666666667,22.7104713848441,5.17483786646069
2023-05-10 06:00:00,96.6333333333333,271.516666666667,22.3244764629383,5.7731405923815
2023-05-10 07:00:00,96.4333333333333,271.45,22.8668137075732,5.14291544392368
2023-05-10 08:00:00,96.2333333333333,271.683333333333,23.2983360366393,4.96620574514852
2023-05-10 09:00:00,96.0,271.65,22.7986710993254,4.53630274072862
2023-05-10 10:00:00,95.65,271.583333333333,23.6398337805173,3.93319527775604
2023-05-10 11:00:00,95.6166666666667,272.2,23.1599529875595,3.1466022682715
2023-05-10 12:00:00,95.4666666666667,272.116666666667,23.1323885502306,3.07161292894885
2023-05-10 13:00:00,95.5333333333333,272.3,23.1687539986821,3.58492340492721
2023-05-10 14:00:00,95.4166666666667,271.916666666667,34.0314264983628,3.55614973638195
2023-05-10 15:00:00,95.4666666666667,272.15,89.0498837309518,2.80637030958341
2023-05-10 16:00:00,95.55,272.15,92.5312705316931,2.63823326660821
2023-05-10 17:00:00,95.2666666666667,271.283333333333,104.894761431197,4.0072998856766
2023-05-10 18:00:00,94.6333333333333,270.25,177.295161449277,1.57105899457802
2023-05-10 19:00:00,94.1666666666667,269.416666666667,325.569896590478,3.25183067462152
2023-05-10 20:00:00,93.95,268.9,43.0915602308956,2.06513614440757
2023-05-10 21:00:00,93.8333333333333,268.583333333333,210.684193724364,4.75730497464946
2023-05-10 22:00:00,93.8,268.483333333333,213.16056916284,3.60159272675742
2023-05-10 23:00:00,93.8833333333333,268.8,213.655973371166,3.53154527711699
2023-05-11 00:00:00,93.9833333333333,268.916666666667,214.331719239451,3.10489516295575
2023-05-11 01:00:00,94.05,269.05,214.0,2.48333333333333
2023-05-11 02:00:00,94.0,269.05,214.175615066079,2.4199466376475
2023-05-11 03:00:00,94.0,268.983333333333,214.135023471502,2.09829600682223
2023-05-11 04:00:00,94.0,269.05,214.0,1.75
2023-05-11 05:00:00,93.95,268.916666666667,214.0,1.86333333333333
2023-05-11 06:00:00,93.8666666666667,268.766666666667,214.173057702043,2.21495171994621
2023-05-11 07:00:00,93.9,268.933333333333,214.0,1.95666666666667
2023-05-11 08:00:00,94.0,269.383333333333,214.0,1.89666666666667
2023-05-11 09:00:00,94.1833333333333,269.933333333333,214.365236122251,1.32328660522885
2023-05-11 10:00:00,94.5333333333333,270.8,214.351895304413,1.31662093071996
2023-05-11 11:00:00,94.9833333333333,271.516666666667,214.292084884191,0.821640789882523
2023-05-11 12:00:00,95.4166666666667,272.183333333333,214.181813375626,1.08164215915511
2023-05-11 13:00:00,95.6,272.516666666667,214.352937766252,0.651643999728082
2023-05-11 14:00:00,95.7,272.533333333333,214.0,0.483333333333333
2023-05-11 15:00:00,95.75,272.366666666667,214.0,0.521666666666667
2023-05-11 16:00:00,95.5333333333333,271.866666666667,,0.0
2023-05-11 17:00:00,95.5333333333333,272.066666666667,,0.0
2023-05-11 18:00:00,95.5833333333333,272.033333333333,,0.0
2023-05-11 19:00:00,95.3833333333333,271.466666666667,,0.0
2023-05-11 20:00:00,94.6666666666667,270.283333333333,,0.0
2023-05-11 21:00:00,94.3833333333333,269.783333333333,,0.0
2023-05-11 22:00:00,94.15,269.4,,0.0
2023-05-11 23:00:00,94.0,269.1,,0.0
2023-05-12 00:00:00,94.0,269.15,,0.0
2023-05-12 01:00:00,94.0,269.066666666667,,0.0
2023-05-12 02:00:00,94.0,269.05,,0.0
2023-05-12 03:00:00,93.9166666666667,269.05,,0.0
2023-05-12 04:00:00,93.95,269.116666666667,,0.0
2023-05-12 05:00:00,93.9,268.983333333333,,0.0
2023-05-12 06:00:00,93.9,269.0,,0.0
2023-05-12 07:00:00,94.0166666666667,269.533333333333,,0.0
2023-05-12 08:00:00,94.7,271.083333333333,,0.0
2023-05-12 09:00:00,95.05,272.35,,0.0
2023-05-12 10:00:00,94.45,271.766666666667,214.0,1.43166666666667
2023-05-12 11:00:00,94.8666666666667,272.566666666667,214.090905657956,0.494993769308093
2023-05-12 12:00:00,95.2166666666667,273.533333333333,215.0,0.0433333333333333
2023-05-12 13:00:00,95.3666666666667,273.366666666667,214.418004405392,0.518314127548953
2023-05-12 14:00:00,95.6,272.85,214.0,0.431666666666667
2023-05-12 15:00:00,95.9,273.816666666667,214.078121914835,0.213330993220037
2023-05-12 16:00:00,95.9166666666667,273.933333333333,214.0,0.065
2023-05-12 17:00:00,96.1,273.8,214.0,0.418333333333333
2023-05-12 18:00:00,96.1166666666667,273.35,214.523810126857,0.13999468131713
2023-05-12 19:00:00,96.2166666666667,272.15,214.0,1.63833333333333
2023-05-12 20:00:00,96.15,271.766666666667,214.142852702338,2.11162728461844
2023-05-12 21:00:00,96.0666666666667,271.533333333333,214.122752515362,2.32162858795677
2023-05-12 22:00:00,95.9833333333333,271.5,214.0,2.02166666666667
2023-05-12 23:00:00,95.9,271.383333333333,214.170556015311,2.13995388992354
2023-05-13 00:00:00,95.75,271.066666666667,214.331654502449,1.6582773469646
2023-05-13 01:00:00,95.6166666666667,270.933333333333,214.307913732107,1.70494466018659
2023-05-13 02:00:00,95.55,270.866666666667,214.0,1.74166666666667
2023-05-13 03:00:00,95.5666666666667,271.05,214.154562161236,0.711652502531944
2023-05-13 04:00:00,95.6,270.983333333333,214.0,0.806666666666667
2023-05-13 05:00:00,95.6,270.983333333333,214.223804651934,0.349990739501245
2023-05-13 06:00:00,95.6,271.116666666667,,0.0
2023-05-13 07:00:00,95.7333333333333,271.516666666667,,0.0
2023-05-13 08:00:00,95.8166666666667,271.35,,0.0
2023-05-13 09:00:00,95.8833333333333,271.65,214.0,0.12
2023-05-13 10:00:00,95.7166666666667,271.166666666667,214.123879783481,1.49330864733586
2023-05-13 11:00:00,95.7333333333333,271.5,214.0,0.653333333333333
2023-05-13 12:00:00,96.15,272.95,214.0,2.02666666666667
2023-05-13 13:00:00,96.2833333333334,273.766666666667,214.0,2.435
2023-05-13 14:00:00,97.5,274.683333333333,214.0,1.72333333333333
2023-05-13 15:00:00,99.0166666666667,275.216666666667,214.492247865276,0.429983630853269
2023-05-13 16:00:00,98.85,274.366666666667,214.248432730533,2.1332726651679
2023-05-13 17:00:00,98.8166666666667,273.416666666667,214.367188927177,2.85489896014499
2023-05-13 18:00:00,98.9333333333333,273.5,214.200296330269,2.21327933556135
2023-05-13 19:00:00,98.8166666666667,273.283333333333,214.0,0.375
2023-05-13 20:00:00,97.0333333333333,272.066666666667,214.49532698419,3.03155124017242
2023-05-13 21:00:00,95.8,271.166666666667,214.0,2.625
2023-05-13 22:00:00,95.65,271.016666666667,214.0,3.7
2023-05-13 23:00:00,95.4,270.75,214.363429209077,2.97156195630964
2023-05-14 00:00:00,95.2666666666667,270.8,214.126223023019,2.37662674238285
2023-05-14 01:00:00,95.1333333333333,270.583333333333,214.202561574235,1.81828859759775
2023-05-14 02:00:00,94.9833333333333,270.383333333333,214.418496154504,1.81993254132599
2023-05-14 03:00:00,94.7666666666667,270.066666666667,214.0,1.36
2023-05-14 04:00:00,94.7,270.033333333333,214.833338034267,0.24999471158144
2023-05-14 05:00:00,94.6333333333333,270.033333333333,,0.0
2023-05-14 06:00:00,94.6,269.9,,0.0
2023-05-14 07:00:00,94.75,270.483333333333,,0.0
2023-05-14 08:00:00,94.9,270.783333333333,,0.0
2023-05-14 09:00:00,96.7,272.416666666667,215.0,0.0416666666666667
2023-05-14 10:00:00,98.4,273.416666666667,214.0,0.686666666666667
2023-05-14 11:00:00,98.1666666666667,272.866666666667,214.0,1.79833333333333
2023-05-14 12:00:00,97.8833333333333,273.233333333333,214.15403268942,1.3416400385966
2023-05-14 13:00:00,97.9666666666667,274.1,214.0,2.17
2023-05-14 14:00:00,97.7833333333333,274.3,214.173789103524,3.03993351634393
2023-05-14 15:00:00,97.6,273.05,214.317456301229,3.46488564860353
2023-05-14 16:00:00,97.45,273.083333333333,214.36823820794,2.92822957436217
2023-05-14 17:00:00,95.3333333333333,271.566666666667,213.626571272797,4.51650570624144
2023-05-14 18:00:00,95.1166666666667,271.433333333333,210.326782367913,3.95497720653465
2023-05-14 19:00:00,95.0666666666667,271.166666666667,195.717531951291,4.21752660798007
2023-05-14 20:00:00,94.9,270.65,189.0,4.39833333333333
2023-05-14 21:00:00,94.8333333333333,270.333333333333,189.0,3.25666666666667
2023-05-14 22:00:00,94.7666666666667,270.2,189.0,3.825
2023-05-14 23:00:00,94.7,270.083333333333,189.0,4.58333333333333
2023-05-15 00:00:00,94.7,270.116666666667,188.468328040206,4.9464790684946
2023-05-15 01:00:00,94.7,270.033333333333,60.4032948372526,4.08120612561676
2023-05-15 02:00:00,94.6666666666667,270.033333333333,48.0,4.50833333333333
2023-05-15 03:00:00,94.6,269.916666666667,47.7825685655564,4.4675352231524
2023-05-15 04:00:00,94.5166666666667,269.8,38.1095117629702,4.47244820669407
2023-05-15 05:00:00,94.4,269.633333333333,37.0,4.47
2023-05-15 06:00:00,94.3666666666667,269.533333333333,36.6723734022673,3.8965359272464
2023-05-15 07:00:00,94.3166666666667,269.583333333333,36.845303334389,3.59826166563073
2023-05-15 08:00:00,94.4666666666667,270.216666666667,36.9602035382567,3.60147766204407
2023-05-15 09:00:00,94.8,270.95,36.1545578001654,2.684946562307
2023-05-15 10:00:00,95.0666666666667,271.333333333333,36.7066159195712,2.01660299027893
2023-05-15 11:00:00,95.85,272.183333333333,36.6800039771827,1.70827671560792
2023-05-15 12:00:00,96.5,272.683333333333,36.3049775765143,1.37162238342651
2023-05-15 13:00:00,97.1333333333333,273.266666666667,36.5052357349883,1.27328485401796
2023-05-15 14:00:00,97.3,273.183333333333,36.732814058914,1.69661606918591
2023-05-15 15:00:00,97.4833333333333,273.8,36.3975757129046,1.65160641524698
2023-05-15 16:00:00,97.45,273.566666666667,36.0,1.905
2023-05-15 17:00:00,97.4,273.35,36.4019206829858,1.73326987279644
2023-05-15 18:00:00,97.1333333333333,272.883333333333,36.6318146010352,1.13162657097728
2023-05-15 19:00:00,96.05,271.733333333333,36.0,1.225
2023-05-15 20:00:00,95.7833333333333,271.466666666667,36.1767908037752,0.301659979764798
2023-05-15 21:00:00,95.4666666666667,270.866666666667,36.3527238584903,2.29158697754084
2023-05-15 22:00:00,95.05,270.2,36.163884212247,1.79996243319524
2023-05-15 23:00:00,94.7166666666667,270.1,36.6386030588523,1.7616047422041
2023-05-16 00:00:00,94.5666666666667,269.966666666667,36.5884883166406,0.781637835380124
2023-05-16 01:00:00,94.4833333333333,269.816666666667,,0.0
2023-05-16 02:00:00,94.4166666666667,269.783333333333,36.0,0.243333333333333
2023-05-16 03:00:00,94.3333333333333,269.6,36.1354918477757,0.873317752466977
2023-05-16 04:00:00,94.1166666666667,269.183333333333,36.005217130555,0.958332575781986
2023-05-16 05:00:00,94.2,269.25,36.3845149913072,1.31328599331285
2023-05-16 06:00:00,94.2333333333333,269.45,36.8026954507776,0.743315402579726
2023-05-16 07:00:00,94.4,269.8,36.3716044712663,1.59660987937351
2023-05-16 08:00:00,94.5333333333333,270.066666666667,343.868967579305,2.34571875371808
2023-05-16 09:00:00,94.45,270.05,339.363629341182,2.73909948236799
2023-05-16 10:00:00,94.65,270.6,351.811818023843,2.42661020233635
2023-05-16 11:00:00,94.7833333333334,270.883333333333,302.942415656004,2.6758378119666
2023-05-16 12:00:00,94.8333333333333,271.083333333333,244.666841148273,1.82628289261866
2023-05-16 13:00:00,95.0,271.366666666667,157.387742411182,2.46311227442278
2023-05-16 14:00:00,94.9666666666667,271.3,137.538296395748,2.33449150671991
2023-05-16 15:00:00,95.1,271.483333333333,122.808772800667,2.20494805879336
2023-05-16 16:00:00,95.1,271.216666666667,122.655193745955,2.34759157997343
2023-05-16 17:00:00,95.05,271.016666666667,94.3534613873367,4.15911083777466
2023-05-16 18:00:00,94.8,270.733333333333,89.0,7.16666666666667
2023-05-16 19:00:00,94.6333333333333,270.366666666667,89.0,5.66166666666667
2023-05-16 20:00:00,94.3166666666667,269.733333333333,89.0,5.87333333333333
2023-05-16 21:00:00,94.1833333333333,269.433333333333,89.0,6.34333333333333
2023-05-16 22:00:00,94.0833333333333,269.233333333333,89.0,6.635
2023-05-16 23:00:00,93.95,269.0,89.0,6.19833333333333
2023-05-17 00:00:00,93.8333333333333,268.7,89.0,6.10666666666667
2023-05-17 01:00:00,93.7,268.5,85.8360111180073,4.86157814771448
2023-05-17 02:00:00,93.4666666666667,268.0,49.5567755718974,4.19171919610836
2023-05-17 03:00:00,93.2166666666667,267.4,355.517610366716,3.07187127198713
2023-05-17 04:00:00,93.05,266.9,329.286203670216,2.48645831519387
2023-05-17 05:00:00,93.0,266.7,314.642742008816,2.43779912499662
2023-05-17 06:00:00,93.0,266.783333333333,322.097266738427,1.73489379843977
2023-05-17 07:00:00,93.1666666666666,267.416666666667,328.154281179308,1.2846617365576
2023-05-17 08:00:00,93.5,268.35,338.233841360601,1.00490657896073
2023-05-17 09:00:00,94.1833333333333,270.016666666667,339.0,0.698333333333333
2023-05-17 10:00:00,94.55,270.616666666667,339.0,1.06
2023-05-17 11:00:00,95.0333333333333,271.5,339.0,0.338333333333333
2023-05-17 12:00:00,96.0833333333333,272.533333333333,339.0,0.288333333333333
2023-05-17 13:00:00,96.6833333333333,273.05,338.083330101478,0.0199997673106909
2023-05-17 14:00:00,96.5166666666667,272.783333333333,,0.0
2023-05-17 15:00:00,95.3333333333333,271.75,,0.0
2023-05-17 16:00:00,94.8333333333333,271.0,,0.0
2023-05-17 17:00:00,95.2,271.533333333333,,0.0
2023-05-17 18:00:00,95.8333333333333,272.133333333333,,0.0
2023-05-17 19:00:00,95.2833333333333,270.816666666667,,0.0
2023-05-17 20:00:00,94.4166666666667,269.316666666667,,0.0
2023-05-17 21:00:00,93.6833333333333,268.316666666667,,0.0
2023-05-17 22:00:00,93.4166666666667,267.8,,0.0
2023-05-17 23:00:00,93.3,267.55,,0.0
2023-05-18 00:00:00,93.3,267.483333333333,,0.0
2023-05-18 01:00:00,93.2666666666667,267.35,,0.0
2023-05-18 02:00:00,93.2,267.266666666667,,0.0
2023-05-18 03:00:00,93.2,267.316666666667,,0.0
2023-05-18 04:00:00,93.2,267.3,,0.0
2023-05-18 05:00:00,93.1,267.166666666667,,0.0
2023-05-18 06:00:00,93.1,267.083333333333,,0.0
2023-05-18 07:00:00,93.2333333333333,267.616666666667,,0.0
2023-05-18 08:00:00,94.2666666666667,270.433333333333,339.0,0.698333333333333
2023-05-18 09:00:00,95.05,271.783333333333,339.0,2.915
2023-05-18 10:00:00,95.8333333333333,272.466666666667,339.0,2.72666666666667
2023-05-18 11:00:00,95.4166666666667,271.833333333333,339.0,3.63333333333333
2023-05-18 12:00:00,95.8333333333333,272.366666666667,339.0,2.21666666666667
2023-05-18 13:00:00,97.0166666666667,273.183333333333,338.357441371884,1.33815553859938
2023-05-18 14:00:00,97.5166666666667,273.1,337.356324263159,2.31988138826684
2023-05-18 15:00:00,97.65,273.083333333333,338.0,2.56833333333333
2023-05-18 16:00:00,99.4333333333333,273.316666666667,338.0,1.80833333333333
2023-05-18 17:00:00,101.15,273.55,338.0,1.24
2023-05-18 18:00:00,101.116666666667,273.266666666667,338.0,0.113333333333333
2023-05-18 19:00:00,100.95,272.8,338.0,0.738333333333333
2023-05-18 20:00:00,96.3666666666667,271.25,337.30986642155,2.05993290365366
2023-05-18 21:00:00,95.7666666666667,271.066666666667,337.0,3.20833333333333
2023-05-18 22:00:00,95.6333333333333,270.933333333333,337.0,3.37666666666667
2023-05-18 23:00:00,95.5166666666667,271.0,337.0,3.50333333333333
2023-05-19 00:00:00,95.6166666666667,271.266666666667,337.0,4.40333333333333
2023-05-19 01:00:00,96.1666666666667,272.05,337.0,3.59333333333333
2023-05-19 02:00:00,96.3166666666667,272.016666666667,337.0,3.595
2023-05-19 03:00:00,96.4333333333333,272.05,337.0,3.57166666666667
2023-05-19 04:00:00,96.5833333333334,272.15,337.0,3.31166666666667
2023-05-19 05:00:00,96.7666666666667,272.2,337.0,2.28333333333333
2023-05-19 06:00:00,96.8666666666667,272.266666666667,337.0,1.92166666666667
2023-05-19 07:00:00,96.9,272.25,337.0,3.10333333333333
2023-05-19 08:00:00,97.0666666666667,272.45,337.0,3.43666666666667
2023-05-19 09:00:00,97.1333333333333,272.7,337.0,3.745
2023-05-19 10:00:00,99.1833333333333,272.966666666667,337.0,3.45833333333333
2023-05-19 11:00:00,98.7333333333333,273.533333333333,337.0,2.04
2023-05-19 12:00:00,98.4,274.05,337.0,2.08333333333333
2023-05-19 13:00:00,97.8666666666667,274.25,337.0,2.275
2023-05-19 14:00:00,98.05,274.9,337.48155690951,2.43990721868192
2023-05-19 15:00:00,98.1,275.333333333333,338.0,2.55666666666667
2023-05-19 16:00:00,98.1,275.133333333333,338.0,2.17166666666667
2023-05-19 17:00:00,98.15,274.8,337.0,3.075
2023-05-19 18:00:00,98.2,274.883333333333,336.883812098007,2.22329855926248
2023-05-19 19:00:00,98.1666666666667,274.1,337.0,2.62833333333333
2023-05-19 20:00:00,98.2,273.983333333333,337.0,2.855
2023-05-19 21:00:00,98.2833333333333,273.966666666667,337.0,2.97166666666667
2023-05-19 22:00:00,98.3,273.616666666667,337.0,3.3
2023-05-19 23:00:00,98.3,273.333333333333,337.0,3.36
2023-05-20 00:00:00,98.3166666666667,273.066666666667,337.0,5.25
2023-05-20 01:00:00,98.4,273.066666666667,337.0,6.30833333333333
2023-05-20 02:00:00,98.3666666666667,272.866666666667,337.0,5.915
2023-05-20 03:00:00,98.5,272.866666666667,337.0,5.42333333333333
2023-05-20 04:00:00,97.9166666666667,272.566666666667,337.0,6.63166666666667
2023-05-20 05:00:00,97.35,272.466666666667,337.0,6.95333333333333
2023-05-20 06:00:00,97.8833333333333,272.583333333333,337.0,5.04666666666667
2023-05-20 07:00:00,98.5833333333333,272.766666666667,337.0,4.515
2023-05-20 08:00:00,98.6333333333333,273.083333333333,337.0,5.06333333333333
2023-05-20 09:00:00,98.65,273.416666666667,337.0,4.17
2023-05-20 10:00:00,98.7833333333334,273.8,337.0,3.51833333333333
2023-05-20 11:00:00,98.8333333333333,274.65,337.0,4.04833333333333
2023-05-20 12:00:00,98.6666666666667,275.383333333333,337.0,4.105
2023-05-20 13:00:00,98.4833333333333,275.9,337.0,4.06666666666667
2023-05-20 14:00:00,97.4333333333333,276.35,337.0,4.42
2023-05-20 15:00:00,93.2333333333333,276.65,337.0,4.745
2023-05-20 16:00:00,92.8333333333333,276.683333333333,337.0,4.25666666666667
2023-05-20 17:00:00,93.6666666666667,276.0,337.0,4.02
2023-05-20 18:00:00,93.4833333333333,275.666666666667,337.0,2.86166666666667
2023-05-20 19:00:00,93.6166666666667,275.266666666667,337.0,3.50166666666667
2023-05-20 20:00:00,93.4,274.816666666667,337.0,2.96333333333333
2023-05-20 21:00:00,93.1,274.666666666667,337.0,4.32333333333333
2023-05-20 22:00:00,93.1666666666667,274.333333333333,337.0,3.47666666666667
2023-05-20 23:00:00,93.8333333333333,274.0,337.0,4.67333333333333
2023-05-21 00:00:00,94.45,274.183333333333,337.0,7.76833333333333
2023-05-21 01:00:00,94.1833333333333,274.2,337.0,9.40333333333334
2023-05-21 02:00:00,94.4833333333334,273.816666666667,338.928512913755,8.06631756718802
2023-05-21 03:00:00,92.6666666666667,274.433333333333,340.16768584796,7.32484428896543
2023-05-21 04:00:00,92.5833333333333,274.4,340.865648489859,5.43323708796675
2023-05-21 05:00:00,92.2666666666667,274.433333333333,341.0,4.76833333333333
2023-05-21 06:00:00,92.1,274.5,340.834223609407,4.70490089560265
2023-05-21 07:00:00,92.0333333333333,274.666666666667,341.0,3.91166666666667
2023-05-21 08:00:00,91.65,275.1,341.0,3.76333333333333
2023-05-21 09:00:00,90.8833333333333,276.033333333333,341.0,4.01333333333333
2023-05-21 10:00:00,91.55,276.233333333333,341.0,4.02166666666667
2023-05-21 11:00:00,91.1333333333333,277.116666666667,341.0,5.24833333333333
2023-05-21 12:00:00,90.1,278.016666666667,341.0,5.085
2023-05-21 13:00:00,91.3666666666667,278.05,341.0,3.57333333333333
2023-05-21 14:00:00,88.15,278.65,341.0,2.435
2023-05-21 15:00:00,82.8833333333333,278.983333333333,341.0,1.77
2023-05-21 16:00:00,79.5,279.1,341.0,2.76833333333333
2023-05-21 17:00:00,73.2,279.5,341.0,1.025
2023-05-21 18:00:00,69.9166666666667,279.9,341.0,1.37166666666667
2023-05-21 19:00:00,67.3166666666667,279.816666666667,341.0,0.906666666666667
2023-05-21 20:00:00,70.5,278.85,341.0,0.513333333333333
2023-05-21 21:00:00,73.25,278.15,341.0,1.18
2023-05-21 22:00:00,73.7,277.983333333333,341.0,2.29
2023-05-21 23:00:00,79.35,277.516666666667,341.0,3.55666666666667
2023-05-22 00:00:00,83.7166666666667,277.1,341.0,2.80833333333333
2023-05-22 01:00:00,85.3,276.783333333333,341.0,3.08833333333333
2023-05-22 02:00:00,82.6333333333333,276.833333333333,341.0,4.25666666666667
2023-05-22 03:00:00,82.15,276.7,341.0,4.02833333333333
2023-05-22 04:00:00,80.25,276.783333333333,341.0,2.72166666666667
2023-05-22 05:00:00,81.8166666666667,276.683333333333,341.0,2.355
2023-05-22 06:00:00,73.6,277.15,341.0,2.61166666666667
2023-05-22 07:00:00,73.1,277.566666666667,341.0,2.59333333333333
2023-05-22 08:00:00,68.9166666666667,278.566666666667,341.0,1.86833333333333
2023-05-22 09:00:00,67.3833333333333,278.916666666667,341.0,0.875
2023-05-22 10:00:00,70.4666666666667,279.483333333333,,0.0
2023-05-22 11:00:00,77.9666666666667,279.583333333333,,0.0
2023-05-22 12:00:00,79.95,279.2,341.0,0.408333333333333
2023-05-22 13:00:00,72.4,279.9,341.0,0.258333333333333
2023-05-22 14:00:00,70.4,279.983333333333,341.0,1.17833333333333
2023-05-22 15:00:00,68.2166666666667,281.233333333333,341.727803810229,0.863307283813656
2023-05-22 16:00:00,73.6,280.65,342.0,1.93333333333333
2023-05-22 17:00:00,85.3666666666667,279.683333333333,341.276101650717,2.82491400171544
2023-05-22 18:00:00,88.65,280.016666666667,341.793582864902,2.54326987801229
2023-05-22 19:00:00,92.05,278.533333333333,341.14167597087,4.04659171626557
2023-05-22 20:00:00,92.5,277.716666666667,341.0,4.75833333333333
2023-05-22 21:00:00,93.7666666666667,277.4,341.0,4.22666666666667
2023-05-22 22:00:00,93.9833333333333,277.433333333333,341.0,2.73833333333333
2023-05-22 23:00:00,91.9166666666667,277.7,341.0,0.965
2023-05-23 00:00:00,92.2166666666667,277.516666666667,341.0,1.33833333333333
2023-05-23 01:00:00,91.8166666666667,277.666666666667,341.0,1.04333333333333
2023-05-23 02:00:00,94.5333333333333,277.083333333333,341.0,2.66666666666667
2023-05-23 03:00:00,92.7833333333333,277.4,341.0,0.641666666666667
2023-05-23 04:00:00,94.1833333333333,276.966666666667,341.0,2.94333333333333
2023-05-23 05:00:00,95.6333333333333,276.5,341.0,2.24833333333333
2023-05-23 06:00:00,96.15,276.516666666667,341.0,0.818333333333333
2023-05-23 07:00:00,96.2,275.616666666667,341.0,4.11
2023-05-23 08:00:00,97.1166666666667,275.333333333333,341.0,5.13333333333333
2023-05-23 09:00:00,95.2,275.516666666667,341.0,4.15666666666667
2023-05-23 10:00:00,94.8166666666667,276.716666666667,341.0,1.81333333333333
2023-05-23 11:00:00,94.1666666666667,278.3,341.0,0.388333333333333
2023-05-23 12:00:00,93.0666666666667,278.1,341.0,1.28666666666667
2023-05-23 13:00:00,94.35,276.516666666667,341.0,6.40333333333333
2023-05-23 14:00:00,92.2166666666667,276.716666666667,341.0,6.48
2023-05-23 15:00:00,94.25,277.016666666667,341.0,6.09333333333334
2023-05-23 16:00:00,95.8833333333333,276.866666666667,341.0,3.57166666666667
2023-05-23 17:00:00,97.0,276.533333333333,341.0,4.26
2023-05-23 18:00:00,98.5666666666667,275.983333333333,341.0,6.25
2023-05-23 19:00:00,98.8666666666667,275.866666666667,341.0,3.89666666666667
2023-05-23 20:00:00,98.9833333333333,275.783333333333,341.0,1.88333333333333
2023-05-23 21:00:00,98.9333333333333,275.383333333333,341.0,2.53666666666667
2023-05-23 22:00:00,98.9,274.983333333333,341.0,4.13833333333333
2023-05-23 23:00:00,98.8666666666667,274.9,341.0,1.96
2023-05-24 00:00:00,98.8833333333333,274.9,341.0,1.94166666666667
2023-05-24 01:00:00,98.9,275.016666666667,341.0,2.14333333333333
2023-05-24 02:00:00,98.8166666666667,274.75,341.0,1.74833333333333
2023-05-24 03:00:00,99.0333333333334,274.366666666667,341.0,1.215
2023-05-24 04:00:00,99.0,274.15,341.0,2.64333333333333
2023-05-24 05:00:00,99.0833333333333,274.383333333333,341.0,2.685
2023-05-24 06:00:00,99.1,274.433333333333,341.0,1.89
2023-05-24 07:00:00,99.15,274.583333333333,341.0,0.975
2023-05-24 08:00:00,99.2,274.816666666667,341.0,1.31666666666667
2023-05-24 09:00:00,99.2833333333333,275.2,341.0,2.01666666666667
2023-05-24 10:00:00,99.2166666666667,275.416666666667,341.0,1.32
2023-05-24 11:00:00,99.1666666666667,275.966666666667,341.0,1.21833333333333
2023-05-24 12:00:00,98.6666666666667,273.933333333333,341.0,4.79666666666667
2023-05-24 13:00:00,98.5833333333333,274.25,341.0,3.115
2023-05-24 14:00:00,98.4666666666667,274.5,341.0,2.61333333333333
2023-05-24 15:00:00,98.3833333333333,274.933333333333,341.0,1.49166666666667
2023-05-24 16:00:00,98.25,274.416666666667,341.0,1.10666666666667
2023-05-24 17:00:00,98.1,273.733333333333,341.0,0.59
2023-05-24 18:00:00,98.15,273.533333333333,341.0,0.211666666666667
2023-05-24 19:00:00,98.1,273.116666666667,341.0,0.773333333333333
2023-05-24 20:00:00,98.1166666666667,272.9,341.0,2.60666666666667
2023-05-24 21:00:00,97.9666666666667,272.716666666667,341.0,2.32666666666667
2023-05-24 22:00:00,96.8166666666667,272.35,341.0,2.21833333333333
2023-05-24 23:00:00,96.7833333333333,272.283333333333,341.0,0.546666666666667
2023-05-25 00:00:00,96.7333333333333,272.266666666667,341.0,0.111666666666667
2023-05-25 01:00:00,96.6,272.15,341.0,2.31333333333333
2023-05-25 02:00:00,96.6,272.183333333333,341.0,1.705
2023-05-25 03:00:00,96.8166666666667,272.433333333333,341.0,0.505
2023-05-25 04:00:00,96.7166666666667,272.266666666667,340.403223441818,0.723306822797457
2023-05-25 05:00:00,96.6,272.15,337.849484477396,2.14806608892008
2023-05-25 06:00:00,96.8166666666667,272.366666666667,334.132604361338,1.97319012067399
2023-05-25 07:00:00,98.0166666666667,273.083333333333,46.5782938047263,3.44860063387489
2023-05-25 08:00:00,98.1833333333334,273.45,52.0,4.19666666666667
2023-05-25 09:00:00,98.2666666666667,274.15,52.0,4.16666666666667
2023-05-25 10:00:00,98.0666666666667,274.933333333333,52.0,3.19666666666667
2023-05-25 11:00:00,97.95,275.6,52.0,3.88
2023-05-25 12:00:00,97.95,276.033333333333,52.0,4.38666666666667
2023-05-25 13:00:00,97.9166666666667,277.016666666667,52.0,2.42833333333333
2023-05-25 14:00:00,97.7166666666667,278.033333333333,52.0,2.90666666666667
2023-05-25 15:00:00,95.15,278.8,51.8959367627417,1.39331354722689
2023-05-25 16:00:00,93.0333333333333,280.566666666667,52.0,0.335
2023-05-25 17:00:00,88.4,280.6,51.9090943420441,0.25666343593753
2023-05-25 18:00:00,83.6,281.216666666667,52.0,0.788333333333333
2023-05-25 19:00:00,91.35,279.733333333333,52.0,0.245
2023-05-25 20:00:00,94.3166666666667,277.833333333333,52.0,1.92833333333333
2023-05-25 21:00:00,95.35,276.983333333333,52.0,2.06833333333333
2023-05-25 22:00:00,96.5166666666667,276.433333333333,52.0,2.12333333333333
2023-05-25 23:00:00,97.2666666666667,276.483333333333,52.0,0.81
2023-05-26 00:00:00,97.4,276.483333333333,51.9139273569591,1.31665089113207
2023-05-26 01:00:00,97.4,276.25,52.0,2.99
2023-05-26 02:00:00,97.35,276.35,52.0,3.19333333333333
2023-05-26 03:00:00,93.5333333333334,276.916666666667,52.0,2.34333333333333
2023-05-26 04:00:00,91.4333333333333,277.316666666667,52.0,1.59666666666667
2023-05-26 05:00:00,90.5333333333333,277.433333333333,52.0,0.165
2023-05-26 06:00:00,84.5333333333333,278.216666666667,52.0,0.145
2023-05-26 07:00:00,77.4166666666667,279.733333333333,,0.0
2023-05-26 08:00:00,78.3833333333333,279.433333333333,52.0,0.481666666666667
2023-05-26 09:00:00,86.2,278.866666666667,52.0,0.906666666666666
2023-05-26 10:00:00,90.7333333333333,278.816666666667,52.0,0.906666666666666
2023-05-26 11:00:00,90.35,279.65,51.9903850895557,0.173333081932528
2023-05-26 12:00:00,91.95,279.983333333333,52.0,0.245
2023-05-26 13:00:00,91.8166666666667,280.616666666667,52.0,0.466666666666667
2023-05-26 14:00:00,89.95,280.783333333333,52.0,1.17
2023-05-26 15:00:00,91.55,280.2,52.0,1.525
2023-05-26 16:00:00,91.6333333333333,279.483333333333,52.0,3.34166666666667
2023-05-26 17:00:00,92.0666666666667,279.3,52.0,3.68833333333333
2023-05-26 18:00:00,93.3,277.766666666667,52.0,4.62833333333333
2023-05-26 19:00:00,95.0,277.1,52.0,4.42333333333333
2023-05-26 20:00:00,96.1666666666667,276.75,52.0,3.85
2023-05-26 21:00:00,97.55,276.15,52.0,3.54666666666667
2023-05-26 22:00:00,98.5,275.883333333333,52.0,2.54333333333333
2023-05-26 23:00:00,98.7333333333333,275.583333333333,51.8499445079269,1.38830636432657
2023-05-27 00:00:00,98.8,275.333333333333,,0.0
2023-05-27 01:00:00,98.8,275.35,51.7815894634384,0.778313096420259
2023-05-27 02:00:00,98.8,275.25,52.0,2.27666666666667
2023-05-27 03:00:00,98.8,274.9,52.0,1.925
2023-05-27 04:00:00,98.6833333333333,275.25,52.0,1.15833333333333
2023-05-27 05:00:00,98.5,274.516666666667,52.0,0.316666666666667
2023-05-27 06:00:00,98.5833333333333,274.433333333333,52.0,0.713333333333333
2023-05-27 07:00:00,98.5,274.466666666667,51.94724997568,2.17998340883928
2023-05-27 08:00:00,98.5333333333334,274.866666666667,52.0,2.00666666666667
2023-05-27 09:00:00,98.0166666666667,275.7,52.0,1.32166666666667
2023-05-27 10:00:00,94.55,276.666666666667,52.0,0.711666666666667
2023-05-27 11:00:00,92.3833333333333,277.933333333333,52.0,0.14
2023-05-27 12:00:00,92.2,277.783333333333,51.9348685890983,0.434995965750825
2023-05-27 13:00:00,89.6666666666667,279.05,52.0,0.315
2023-05-27 14:00:00,89.45,278.7,52.0,0.765
2023-05-27 15:00:00,80.45,280.166666666667,52.0,0.435
2023-05-27 16:00:00,83.2833333333334,279.7,51.9326950658184,0.173331676033923
2023-05-27 17:00:00,91.2666666666667,279.183333333333,52.0,0.376666666666667
2023-05-27 18:00:00,94.4333333333333,277.65,51.9515880890959,0.998326328303012
2023-05-27 19:00:00,94.9333333333333,277.283333333333,52.0,0.37
2023-05-27 20:00:00,95.8,276.8,52.0,1.33166666666667
2023-05-27 21:00:00,95.4666666666667,276.583333333333,51.9496145875351,0.859993732652526
2023-05-27 22:00:00,94.6333333333333,276.466666666667,51.9821891517005,0.65499825475727
2023-05-27 23:00:00,93.8833333333333,276.45,52.0,0.07
2023-05-28 00:00:00,92.9,276.5,52.0,0.106666666666667
2023-05-28 01:00:00,94.0333333333333,276.1,51.8703746134427,1.43997525495107
2023-05-28 02:00:00,94.35,275.916666666667,52.0,1.76833333333333
2023-05-28 03:00:00,91.95,275.883333333333,51.9175770792746,1.07165432192874
2023-05-28 04:00:00,92.0666666666667,275.7,52.0,2.54333333333333
2023-05-28 05:00:00,93.2166666666667,275.316666666667,52.0,2.28666666666667
2023-05-28 06:00:00,94.0,275.466666666667,52.0,2.02333333333333
2023-05-28 07:00:00,93.1166666666667,276.15,52.0,1.635
2023-05-28 08:00:00,91.8333333333333,276.85,51.8000048739471,0.283326428762961
2023-05-28 09:00:00,91.0333333333334,277.766666666667,51.9485316352364,0.226664981228124
2023-05-28 10:00:00,90.9,278.233333333333,51.0,0.0016666666666666
2023-05-28 11:00:00,91.3833333333333,276.933333333333,51.2666620333783,0.0499985107749068
2023-05-28 12:00:00,92.0666666666667,277.45,52.0,1.305
2023-05-28 13:00:00,91.3833333333333,277.866666666667,52.0,1.02833333333333
2023-05-28 14:00:00,89.0666666666667,277.883333333333,51.9777169342706,1.79499404355556
2023-05-28 15:00:00,83.55,279.416666666667,52.0,0.826666666666667
2023-05-28 16:00:00,92.5333333333334,276.483333333333,52.0,3.18666666666667
2023-05-28 17:00:00,94.0,275.066666666667,52.0,4.40833333333333
2023-05-28 18:00:00,93.1333333333333,275.916666666667,52.0,2.69833333333333
2023-05-28 19:00:00,94.3833333333333,275.566666666667,51.8594514135112,0.723320025253512
2023-05-28 20:00:00,93.8833333333333,275.15,52.0,0.455
2023-05-28 21:00:00,94.6833333333333,274.85,52.0,1.57833333333333
2023-05-28 22:00:00,95.8666666666667,274.65,52.0,3.39833333333333
2023-05-28 23:00:00,95.65,274.516666666667,52.0,3.79
2023-05-29 00:00:00,94.2,274.433333333333,52.0,3.79833333333333
2023-05-29 01:00:00,95.2,274.25,52.0,4.065
2023-05-29 02:00:00,88.0666666666667,274.966666666667,52.0,4.49333333333333
2023-05-29 03:00:00,90.3166666666667,274.983333333333,52.0,3.8
2023-05-29 04:00:00,90.6,275.316666666667,52.0,3.93833333333333
2023-05-29 05:00:00,92.4666666666667,274.616666666667,52.0,4.06833333333333
2023-05-29 06:00:00,94.5833333333333,274.366666666667,52.0,4.255
2023-05-29 07:00:00,92.5666666666667,275.3,52.0,2.21166666666667
2023-05-29 08:00:00,87.7333333333333,276.933333333333,52.0,0.0366666666666667
2023-05-29 09:00:00,79.8333333333333,278.516666666667,,0.0
2023-05-29 10:00:00,89.25,278.783333333333,,0.0
2023-05-29 11:00:00,90.9333333333333,279.35,,0.0
2023-05-29 12:00:00,92.2,277.616666666667,52.0,0.215
2023-05-29 13:00:00,92.2166666666667,277.616666666667,52.0,0.278333333333333
2023-05-29 14:00:00,92.25,277.416666666667,52.0,1.21666666666667
2023-05-29 15:00:00,91.6,277.716666666667,52.0,2.13666666666667
2023-05-29 16:00:00,90.1,278.833333333333,52.0,2.31
2023-05-29 17:00:00,91.7333333333333,277.983333333333,52.0,3.93166666666667
2023-05-29 18:00:00,91.3833333333333,278.15,52.0,4.46333333333333
2023-05-29 19:00:00,91.5,277.55,52.0,3.54166666666667
2023-05-29 20:00:00,91.68,276.97,52.0,2.312
2023-05-29 21:00:00,92.1166666666667,275.933333333333,51.9781522980954,0.991663438822627
2023-05-29 22:00:00,91.85,275.683333333333,51.0,0.075
2023-05-29 23:00:00,92.2833333333333,275.333333333333,51.9939396960577,0.274999747696911
2023-05-30 00:00:00,92.35,274.95,52.0,1.48666666666667
2023-05-30 01:00:00,92.3333333333333,274.8,52.0,2.15666666666667
2023-05-30 02:00:00,92.95,274.25,52.0,2.9
2023-05-30 03:00:00,91.8166666666667,274.85,52.0,2.62833333333333
2023-05-30 04:00:00,91.7166666666667,274.883333333333,52.0,1.14166666666667
2023-05-30 05:00:00,90.4,275.116666666667,51.4202878830148,0.229991464884215
2023-05-30 06:00:00,90.5666666666667,274.933333333333,51.0,0.0333333333333333
2023-05-30 07:00:00,86.5,275.983333333333,51.8834991537731,0.343327950867543
2023-05-30 08:00:00,91.4166666666667,275.666666666667,51.9866077957229,0.746665164014689
2023-05-30 09:00:00,89.15,276.4,52.0,0.488333333333333
2023-05-30 10:00:00,88.7833333333333,277.616666666667,51.6031771107914,0.104996172162993
2023-05-30 11:00:00,81.7166666666667,278.2,52.0,0.035
2023-05-30 12:00:00,69.4833333333333,278.016666666667,51.6852340810267,0.688310720794047
2023-05-30 13:00:00,64.3166666666667,279.383333333333,51.7547217690982,0.0883308427787676
2023-05-30 14:00:00,61.05,279.933333333333,52.0,0.128333333333333
2023-05-30 15:00:00,67.1333333333334,278.55,52.0,0.305
2023-05-30 16:00:00,80.8,277.583333333333,52.0,0.781666666666667
2023-05-30 17:00:00,92.7,276.1,52.0,2.59666666666667
2023-05-30 18:00:00,92.5833333333333,276.133333333333,52.0,2.43
2023-05-30 19:00:00,92.0166666666667,276.8,52.0,0.2
2023-05-30 20:00:00,93.6,275.35,52.0,0.0666666666666667
2023-05-30 21:00:00,94.1,274.966666666667,51.8153894360804,0.324992548693002
2023-05-30 22:00:00,94.9333333333333,274.533333333333,52.0,0.0716666666666667
2023-05-30 23:00:00,95.0,274.25,52.0,1.27
2023-05-31 00:00:00,95.7333333333333,273.95,52.0,2.95666666666667
2023-05-31 01:00:00,96.3166666666667,273.866666666667,52.0,3.53
2023-05-31 02:00:00,98.2833333333333,273.85,52.0,3.35
2023-05-31 03:00:00,98.85,273.766666666667,52.0,3.54166666666667
2023-05-31 04:00:00,99.0166666666667,273.533333333333,52.0,4.52166666666667
2023-05-31 05:00:00,99.1,273.766666666667,52.0,4.52
2023-05-31 06:00:00,99.0166666666667,274.083333333333,52.0,4.54
2023-05-31 07:00:00,98.75,274.683333333333,52.0,4.06833333333333
2023-05-31 08:00:00,96.3333333333334,274.933333333333,52.0,4.27166666666667
2023-05-31 09:00:00,95.0166666666667,275.416666666667,52.0,3.88833333333333
2023-05-31 10:00:00,95.5166666666667,275.983333333333,52.0,3.255
2023-05-31 11:00:00,95.25,276.266666666667,52.0,2.65166666666667
2023-05-31 12:00:00,93.5333333333334,277.05,52.0,1.80833333333333
2023-05-31 13:00:00,92.05,277.683333333333,52.0,2.335
2023-05-31 14:00:00,89.5,278.716666666667,52.0,2.02
2023-05-31 15:00:00,87.55,278.816666666667,52.0,2.36333333333333
2023-05-31 16:00:00,81.8333333333333,279.233333333333,52.0,2.66166666666667
2023-05-31 17:00:00,80.9666666666667,279.566666666667,52.0,1.71833333333333
2023-05-31 18:00:00,91.55,278.55,52.0,2.02166666666667
2023-05-31 19:00:00,91.5833333333333,279.116666666667,52.0,0.0816666666666666
2023-05-31 20:00:00,91.8,278.316666666667,,0.0
2023-05-31 21:00:00,92.7833333333333,277.133333333333,52.0,0.105
2023-05-31 22:00:00,93.9,276.7,51.6003674086617,0.913299957673981
2023-05-31 23:00:00,94.9,276.383333333333,52.0,2.225
2023-06-01 00:00:00,94.9166666666667,276.316666666667,52.0,3.22166666666667
2023-06-01 01:00:00,93.0833333333334,276.283333333333,52.0,3.97666666666667
2023-06-01 02:00:00,92.05,276.516666666667,52.0,3.74833333333333
2023-06-01 03:00:00,91.9333333333333,276.966666666667,52.0,1.56833333333333
2023-06-01 04:00:00,91.5666666666667,277.083333333333,51.9527410602611,1.55165602546756
2023-06-01 05:00:00,92.0,276.733333333333,51.8714775790763,0.531657596732419
2023-06-01 06:00:00,92.2666666666667,276.816666666667,52.0,1.49833333333333
2023-06-01 07:00:00,92.0166666666667,277.2,52.0,1.89833333333333
2023-06-01 08:00:00,92.5333333333334,277.233333333333,52.0,2.185
2023-06-01 09:00:00,92.8666666666667,277.533333333333,52.0,2.05166666666667
2023-06-01 10:00:00,92.7833333333333,277.316666666667,51.9805979433969,1.11666343075235
2023-06-01 11:00:00,91.9,278.25,52.0,1.37333333333333
2023-06-01 12:00:00,91.9333333333333,278.133333333333,52.0,0.935
2023-06-01 13:00:00,89.5833333333333,278.983333333333,52.0,1.34166666666667
2023-06-01 14:00:00,74.4333333333333,281.816666666667,52.0,0.103333333333333
2023-06-01 15:00:00,92.1666666666667,277.366666666667,52.0,3.43833333333333
2023-06-01 16:00:00,94.25,277.116666666667,52.0,4.18666666666667
2023-06-01 17:00:00,95.35,276.766666666667,52.0,5.28166666666667
2023-06-01 18:00:00,98.3333333333333,276.383333333333,52.1723381785366,5.67654334036281
2023-06-01 19:00:00,98.95,275.85,53.0,5.755
2023-06-01 20:00:00,98.6166666666667,276.15,53.0,2.81333333333333
2023-06-01 21:00:00,98.6833333333333,276.15,52.9457225737606,1.59665418334405
2023-06-01 22:00:00,97.4666666666667,275.983333333333,53.0,0.148333333333333
2023-06-01 23:00:00,96.25,276.216666666667,53.0,0.466666666666667
2023-06-02 00:00:00,98.0,276.033333333333,52.8374315651694,1.42497045196021
2023-06-02 01:00:00,98.3833333333333,275.866666666667,53.0,2.09666666666667
2023-06-02 02:00:00,97.6666666666667,275.766666666667,53.0,2.39166666666667
2023-06-02 03:00:00,96.6666666666667,275.9,53.0,2.74
2023-06-02 04:00:00,95.3166666666667,275.916666666667,52.9774869956792,0.888330355811513
2023-06-02 05:00:00,93.75,275.966666666667,52.1582232258709,0.52665598272697
2023-06-02 06:00:00,94.0833333333333,276.1,53.0,2.16333333333333
2023-06-02 07:00:00,93.4666666666667,276.566666666667,52.535780720153,0.908298923896795
2023-06-02 08:00:00,93.3,276.883333333333,52.8821792601517,0.551657933226142
2023-06-02 09:00:00,92.2333333333333,277.25,53.0,1.29333333333333
2023-06-02 10:00:00,91.1333333333334,277.883333333333,52.9640900292709,0.603330151892738
2023-06-02 11:00:00,84.0333333333333,278.816666666667,52.6629871232021,0.603312801281296
2023-06-02 12:00:00,85.4833333333333,279.266666666667,53.0,0.856666666666667
2023-06-02 13:00:00,79.9833333333333,279.5,52.8121435639654,0.57665326647259
2023-06-02 14:00:00,69.5666666666667,281.7,52.4588224912136,0.141661309018505
2023-06-02 15:00:00,73.5,281.633333333333,53.0,0.863333333333333
2023-06-02 16:00:00,80.65,280.883333333333,53.0,3.12833333333333
2023-06-02 17:00:00,81.5333333333333,280.983333333333,53.0,3.72166666666667
2023-06-02 18:00:00,89.9666666666667,279.4,53.0,4.02
2023-06-02 19:00:00,92.5666666666667,278.133333333333,52.8404152752127,3.57159370671321
2023-06-02 20:00:00,94.0166666666667,277.433333333333,53.0,2.965
2023-06-02 21:00:00,94.0333333333333,277.183333333333,53.0,0.313333333333333
2023-06-02 22:00:00,93.8833333333333,276.966666666667,52.7177078280523,0.348322584380677
2023-06-02 23:00:00,95.05,276.433333333333,53.0,1.88
2023-06-03 00:00:00,95.9166666666667,276.116666666667,52.7908044468635,3.04325665057629
2023-06-03 01:00:00,96.2333333333333,276.0,53.0,3.52666666666667
2023-06-03 02:00:00,97.2666666666667,275.733333333333,53.0,3.555
2023-06-03 03:00:00,99.2833333333333,275.633333333333,53.0,4.515
2023-06-03 04:00:00,99.55,275.916666666667,52.9915062118203,2.15833056479409
2023-06-03 05:00:00,99.2166666666667,276.083333333333,52.4835585772845,0.861633892515613
2023-06-03 06:00:00,99.0833333333333,276.616666666667,52.796541676427,0.384990496763755
2023-06-03 07:00:00,95.7166666666667,277.866666666667,53.0,0.0933333333333333
2023-06-03 08:00:00,93.2,279.033333333333,,0.0
2023-06-03 09:00:00,92.2333333333333,278.316666666667,52.3278650007098,0.10166325431509
2023-06-03 10:00:00,90.1666666666667,279.783333333333,53.0,0.193333333333333
2023-06-03 11:00:00,91.4166666666667,278.566666666667,52.2499952402623,0.0266659051315748
2023-06-03 12:00:00,85.05,279.95,53.0,0.423333333333333
2023-06-03 13:00:00,81.0833333333333,281.0,53.0,0.248333333333333
2023-06-03 14:00:00,90.8,280.25,53.0,1.66333333333333
2023-06-03 15:00:00,92.7666666666667,278.85,53.0,3.44833333333333
2023-06-03 16:00:00,91.9,280.266666666667,53.0,3.96833333333333
2023-06-03 17:00:00,93.3833333333333,278.35,53.0,4.90333333333333
2023-06-03 18:00:00,95.4166666666667,277.2,53.0,4.49833333333333
2023-06-03 19:00:00,95.55,277.216666666667,52.9922981997571,1.29833182201481
2023-06-03 20:00:00,95.8,276.783333333333,52.9381213943784,0.673327379972059
2023-06-03 21:00:00,96.1166666666667,275.083333333333,53.0,3.01666666666667
2023-06-03 22:00:00,97.8833333333333,274.9,53.0,2.58333333333333
2023-06-03 23:00:00,96.3666666666667,275.25,52.9320485582169,2.32997752366953
2023-06-04 00:00:00,92.4,276.1,53.0,3.13166666666667
2023-06-04 01:00:00,86.9333333333333,276.533333333333,53.0,2.27333333333333
2023-06-04 02:00:00,75.5,276.7,53.0,2.92166666666667
2023-06-04 03:00:00,85.1333333333333,276.0,53.0,2.75
2023-06-04 04:00:00,91.15,275.416666666667,53.0,2.64833333333333
2023-06-04 05:00:00,73.9666666666667,275.533333333333,53.0,3.695
2023-06-04 06:00:00,74.4666666666667,275.733333333333,53.0,2.71333333333333
2023-06-04 07:00:00,64.7166666666667,276.3,53.0,1.84833333333333
2023-06-04 08:00:00,67.6166666666667,276.416666666667,53.0,2.43833333333333
2023-06-04 09:00:00,80.6166666666667,276.616666666667,53.0,2.37333333333333
2023-06-04 10:00:00,91.5,277.016666666667,52.8731244978659,1.77330341247947
2023-06-04 11:00:00,91.5833333333333,277.883333333333,52.9336897291692,0.628327408094857
2023-06-04 12:00:00,89.0166666666667,278.766666666667,53.0,0.655
2023-06-04 13:00:00,89.45,279.15,52.0,0.0316666666666667
2023-06-04 14:00:00,93.0166666666667,277.016666666667,53.0,1.62166666666667
2023-06-04 15:00:00,94.2166666666667,274.616666666667,53.0,3.45666666666667
2023-06-04 16:00:00,94.3666666666667,274.633333333333,53.0,0.391666666666667
2023-06-04 17:00:00,93.1333333333333,275.083333333333,53.0,1.25333333333333
2023-06-04 18:00:00,93.1333333333333,275.3,53.0,2.0
2023-06-04 19:00:00,93.5,275.133333333333,52.8183568651862,0.889979849803055
2023-06-04 20:00:00,93.15,275.116666666667,53.0,0.246666666666667
2023-06-04 21:00:00,93.5166666666667,274.85,52.8023136710775,1.15497209835335
2023-06-04 22:00:00,95.0333333333334,274.8,53.0,2.275
2023-06-04 23:00:00,94.9333333333333,274.9,53.0,3.39166666666667
2023-06-05 00:00:00,95.7833333333333,274.816666666667,53.0,3.35666666666667
2023-06-05 01:00:00,98.55,274.9,53.0,3.585
2023-06-05 02:00:00,99.3666666666667,275.166666666667,53.0,3.225
2023-06-05 03:00:00,99.3666666666667,275.05,53.0,1.565
2023-06-05 04:00:00,99.3166666666667,274.95,52.9920322674241,0.836665659390999
2023-06-05 05:00:00,99.15,274.933333333333,53.0,0.948333333333333
2023-06-05 06:00:00,98.7666666666667,274.95,53.0,1.025
2023-06-05 07:00:00,98.8166666666667,274.983333333333,53.0,0.261666666666667
2023-06-05 08:00:00,98.9833333333333,275.033333333333,53.0,0.0166666666666667
2023-06-05 09:00:00,98.8833333333333,275.6,,0.0
2023-06-05 10:00:00,98.05,275.666666666667,52.7981700149819,0.363324418500092
2023-06-05 11:00:00,98.05,275.6,53.0,1.645
2023-06-05 12:00:00,95.6333333333333,275.966666666667,53.0,1.98
2023-06-05 13:00:00,96.4,276.083333333333,53.0,1.13166666666667
2023-06-05 14:00:00,95.6333333333333,277.133333333333,53.0,1.205
2023-06-05 15:00:00,95.8833333333333,276.416666666667,52.9592610816975,0.899994642990237
2023-06-05 16:00:00,94.5166666666667,275.4,53.0,3.045
2023-06-05 17:00:00,97.2333333333333,275.083333333333,53.0,4.025
2023-06-05 18:00:00,99.25,275.216666666667,53.0,3.83333333333333
2023-06-05 19:00:00,99.2666666666667,275.2,53.0,3.95666666666667
2023-06-05 20:00:00,99.15,274.966666666667,53.0,2.93666666666667
2023-06-05 21:00:00,98.7666666666667,274.866666666667,53.0,2.24
2023-06-05 22:00:00,98.5,274.783333333333,52.9149830349705,0.411661789183064
2023-06-05 23:00:00,97.9333333333333,274.7,52.7300426263356,0.87664035170102
2023-06-06 00:00:00,97.1,274.733333333333,52.587788419347,0.218325276142175
2023-06-06 01:00:00,96.4,274.783333333333,52.9463542323223,0.776660661060826
2023-06-06 02:00:00,94.8666666666667,274.75,53.0,0.721666666666667
2023-06-06 03:00:00,93.8333333333333,274.716666666667,53.0,3.46166666666667
2023-06-06 04:00:00,93.9,274.416666666667,53.0,3.44333333333333
2023-06-06 05:00:00,93.7666666666667,274.183333333333,53.0,3.71166666666667
2023-06-06 06:00:00,92.8166666666667,274.6,53.0,3.84166666666667
2023-06-06 07:00:00,93.4,274.566666666667,53.0,3.115
2023-06-06 08:00:00,94.7666666666666,274.633333333333,53.0,2.335
2023-06-06 09:00:00,94.4,275.133333333333,53.0,2.49333333333333
2023-06-06 10:00:00,92.7666666666667,275.75,53.0,2.18333333333333
2023-06-06 11:00:00,91.7,276.833333333333,53.0,2.24833333333333
2023-06-06 12:00:00,85.0833333333333,278.866666666667,52.8386069829634,1.00164601787038
2023-06-06 13:00:00,81.15,279.383333333333,52.8302705746099,0.814982507076686
2023-06-06 14:00:00,81.35,279.75,53.0,1.245
2023-06-06 15:00:00,89.3666666666667,278.316666666667,53.0,2.61
2023-06-06 16:00:00,89.1666666666667,278.3,53.0,3.77833333333333
2023-06-06 17:00:00,90.2,278.233333333333,53.0,4.18666666666667
2023-06-06 18:00:00,91.7666666666667,277.4,53.0,4.25
2023-06-06 19:00:00,92.6166666666667,276.733333333333,53.0,3.80333333333333
2023-06-06 20:00:00,94.25,275.75,53.0,3.86666666666667
2023-06-06 21:00:00,95.0333333333334,275.25,52.743474239524,2.48826105124067
2023-06-06 22:00:00,92.0,275.683333333333,53.0,1.72166666666667
2023-06-06 23:00:00,91.0,275.85,53.0,2.085
2023-06-07 00:00:00,91.7333333333333,275.55,53.0,2.02666666666667
2023-06-07 01:00:00,91.8,275.416666666667,53.0,1.70833333333333
2023-06-07 02:00:00,90.5166666666667,275.65,53.0,2.495
2023-06-07 03:00:00,91.3833333333333,275.466666666667,53.0,2.51
2023-06-07 04:00:00,89.9333333333333,275.316666666667,53.0,3.25333333333333
2023-06-07 05:00:00,79.0166666666667,275.483333333333,53.0,1.89833333333333
2023-06-07 06:00:00,82.4833333333333,275.616666666667,52.7500047597379,1.15996687322351
2023-06-07 07:00:00,77.1333333333334,275.916666666667,52.9660553001136,1.17832744793203
2023-06-07 08:00:00,74.6333333333333,276.35,52.7301973244396,1.55661995697294
2023-06-07 09:00:00,76.0833333333333,276.783333333333,53.0,1.19833333333333
2023-06-07 10:00:00,78.8166666666667,278.0,53.0,0.16
2023-06-07 11:00:00,65.8,278.516666666667,53.0,0.858333333333333
2023-06-07 12:00:00,60.6333333333333,278.9,53.0,1.555
2023-06-07 13:00:00,57.2833333333333,279.95,53.0,1.17333333333333
2023-06-07 14:00:00,56.0166666666667,281.666666666667,53.0,0.328333333333333
2023-06-07 15:00:00,63.8333333333333,280.983333333333,53.0,1.285
2023-06-07 16:00:00,68.5,280.933333333333,52.7891137962529,3.36658133415766
2023-06-07 17:00:00,70.6,280.75,53.0,3.55666666666667
2023-06-07 18:00:00,75.5833333333333,280.083333333333,53.0,3.60333333333333
2023-06-07 19:00:00,80.4333333333334,279.25,53.0,3.05166666666667
2023-06-07 20:00:00,89.2333333333333,277.866666666667,53.0,2.49166666666667
2023-06-07 21:00:00,89.05,277.666666666667,53.0,0.0416666666666667
2023-06-07 22:00:00,91.5666666666667,277.383333333333,,0.0
2023-06-07 23:00:00,92.6166666666667,276.833333333333,52.9882358704837,1.6999969897369
2023-06-08 00:00:00,93.05,276.433333333333,53.0,2.89666666666667
2023-06-08 01:00:00,92.9833333333333,276.366666666667,53.0,2.29666666666667
2023-06-08 02:00:00,93.5,276.216666666667,53.0,3.57166666666667
2023-06-08 03:00:00,92.6666666666667,276.583333333333,53.0,2.64333333333333
2023-06-08 04:00:00,88.5333333333334,277.15,53.0,1.425
2023-06-08 05:00:00,88.4666666666667,277.133333333333,53.0,1.01166666666667
2023-06-08 06:00:00,91.5833333333333,276.816666666667,53.0,2.30166666666667
2023-06-08 07:00:00,91.7833333333333,276.683333333333,52.9252964749624,1.56165022513409
2023-06-08 08:00:00,91.1333333333334,276.983333333333,53.0,1.25833333333333
2023-06-08 09:00:00,92.25,276.75,52.0,0.02
2023-06-08 10:00:00,92.1,277.483333333333,,0.0
2023-06-08 11:00:00,92.3833333333334,277.783333333333,53.0,0.91
2023-06-08 12:00:00,91.9333333333333,278.133333333333,52.8571472976618,0.396659268933851
2023-06-08 13:00:00,84.5666666666667,276.883333333333,53.0,2.1
2023-06-08 14:00:00,86.7166666666667,278.55,53.0,0.71
2023-06-08 15:00:00,91.8833333333333,278.383333333333,52.0,0.116666666666667
2023-06-08 16:00:00,91.3166666666667,278.25,53.0,1.04833333333333
2023-06-08 17:00:00,92.4166666666667,277.916666666667,53.0,1.79666666666667
2023-06-08 18:00:00,91.8833333333333,277.616666666667,52.7928670251849,2.38160709259433
2023-06-08 19:00:00,84.95,277.633333333333,53.0,0.881666666666667
2023-06-08 20:00:00,78.3833333333334,277.816666666667,52.9910318332832,0.371666163536723
2023-06-08 21:00:00,76.3666666666667,277.183333333333,52.8405925369311,2.94827316068304
2023-06-08 22:00:00,89.9166666666667,276.133333333333,53.0,4.26333333333333
2023-06-08 23:00:00,92.8166666666667,275.65,53.0,1.81166666666667
2023-06-09 00:00:00,92.0666666666667,275.883333333333,53.0,3.145
2023-06-09 01:00:00,92.0,275.816666666667,53.0,3.55833333333333
2023-06-09 02:00:00,87.0,276.1,52.8628135067387,3.57160227518032
2023-06-09 03:00:00,73.4833333333333,276.966666666667,53.0,2.475
2023-06-09 04:00:00,77.7166666666667,276.766666666667,53.0,3.14833333333333
2023-06-09 05:00:00,81.4,276.583333333333,53.0,3.13166666666667
2023-06-09 06:00:00,84.5166666666667,276.566666666667,52.8147033164854,2.65327232538977
2023-06-09 07:00:00,82.6166666666667,276.95,52.9969420498594,2.17999898773923
2023-06-09 08:00:00,75.2666666666667,278.133333333333,,0.0
2023-06-09 09:00:00,74.7833333333333,279.266666666667,,0.0
2023-06-09 10:00:00,89.6666666666667,278.833333333333,,0.0
2023-06-09 11:00:00,90.1166666666667,278.116666666667,53.0,1.54166666666667
2023-06-09 12:00:00,71.1666666666667,280.083333333333,53.0,0.738333333333333
2023-06-09 13:00:00,65.6,281.95,53.0,0.43
2023-06-09 14:00:00,59.7666666666667,282.283333333333,52.8617929934678,0.204996281086482
2023-06-09 15:00:00,59.3333333333333,283.0,53.0,0.0333333333333333
2023-06-09 16:00:00,63.7666666666667,282.666666666667,53.0,1.62166666666667
2023-06-09 17:00:00,89.3166666666667,280.433333333333,53.0,3.56666666666667
2023-06-09 18:00:00,84.4166666666667,281.133333333333,53.0,3.31833333333333
2023-06-09 19:00:00,87.5666666666667,280.816666666667,52.7184132228086,2.13660083301243
2023-06-09 20:00:00,89.4833333333333,280.15,,0.0
2023-06-09 21:00:00,91.9166666666667,278.733333333333,53.0,1.295
2023-06-09 22:00:00,92.4833333333333,277.983333333333,53.0,2.70166666666667
2023-06-09 23:00:00,92.3166666666667,278.016666666667,53.0,2.27333333333333
2023-06-10 00:00:00,83.9333333333333,278.5,53.0,2.78666666666667
2023-06-10 01:00:00,85.8833333333334,278.583333333333,53.0,3.29333333333333
2023-06-10 02:00:00,88.3833333333333,278.55,53.0,3.545
2023-06-10 03:00:00,82.9333333333333,278.833333333333,53.0,1.15166666666667
2023-06-10 04:00:00,82.4833333333333,278.75,53.0,1.94833333333333
2023-06-10 05:00:00,91.45,278.016666666667,53.0,2.705
2023-06-10 06:00:00,92.1166666666667,277.983333333333,52.8342060824005,3.83991910879398
2023-06-10 07:00:00,92.5,277.983333333333,53.0,3.245
2023-06-10 08:00:00,93.4166666666667,277.933333333333,53.0,2.78666666666667
2023-06-10 09:00:00,93.9333333333333,278.133333333333,53.0,2.685
2023-06-10 10:00:00,88.8,279.633333333333,53.0,1.525
2023-06-10 11:00:00,88.5666666666667,279.95,53.0,2.00833333333333
2023-06-10 12:00:00,79.0833333333333,280.783333333333,53.0,1.65666666666667
2023-06-10 13:00:00,66.65,282.666666666667,53.0,0.168333333333333
2023-06-10 14:00:00,71.5666666666667,281.516666666667,53.0,1.36666666666667
2023-06-10 15:00:00,81.8166666666667,281.216666666667,52.8832355135921,2.45496143717228
2023-06-10 16:00:00,82.6,281.15,53.0,3.58833333333333
2023-06-10 17:00:00,88.0666666666667,280.1,53.0,3.99
2023-06-10 18:00:00,92.9833333333334,279.183333333333,53.0,3.49833333333333
2023-06-10 19:00:00,93.55,278.85,53.0,3.56
2023-06-10 20:00:00,94.2,278.416666666667,53.0,3.16333333333333
2023-06-10 21:00:00,95.6666666666667,277.916666666667,52.9600760710781,1.79498952058539
2023-06-10 22:00:00,95.75,277.633333333333,53.0,0.891666666666667
2023-06-10 23:00:00,94.9,277.45,53.0,1.17333333333333
2023-06-11 00:00:00,91.85,277.633333333333,52.9649523086294,1.52165882842422
2023-06-11 01:00:00,94.5,277.2,53.0,1.62666666666667
2023-06-11 02:00:00,92.7833333333333,277.283333333333,52.9450125314162,0.818326856474434
2023-06-11 03:00:00,91.3,277.3,52.0,0.0683333333333333
2023-06-11 04:00:00,92.2666666666667,277.083333333333,53.0,1.355
2023-06-11 05:00:00,93.4666666666667,276.883333333333,53.0,3.175
2023-06-11 06:00:00,93.75,277.1,53.0,2.965
2023-06-11 07:00:00,93.6833333333333,277.383333333333,53.0,2.325
2023-06-11 08:00:00,92.8166666666667,277.866666666667,53.0,2.02666666666667
2023-06-11 09:00:00,92.1,279.033333333333,52.502040868133,0.408317785510235
2023-06-11 10:00:00,91.55,281.05,,0.0
2023-06-11 11:00:00,92.3833333333333,280.083333333333,52.2307643778821,0.0216660808708876
2023-06-11 12:00:00,92.5,279.683333333333,53.0,0.366666666666667
2023-06-11 13:00:00,92.1,279.866666666667,53.0,0.0383333333333333
2023-06-11 14:00:00,91.4,280.35,53.0,0.328333333333333
2023-06-11 15:00:00,84.8666666666667,281.633333333333,52.7786934013047,0.203327996351764
2023-06-11 16:00:00,81.7166666666667,281.616666666667,52.9682941427923,0.683330138019774
2023-06-11 17:00:00,89.2666666666667,281.35,53.0,0.61
2023-06-11 18:00:00,93.2,279.816666666667,53.0,1.21166666666667
2023-06-11 19:00:00,93.75,279.6,53.0,1.305
2023-06-11 20:00:00,94.3,278.733333333333,52.9879845668638,1.24833107621011
2023-06-11 21:00:00,94.2833333333333,278.166666666667,52.8392903612299,0.279994247713337
2023-06-11 22:00:00,95.45,277.316666666667,52.9828809861542,1.65499575856797
2023-06-11 23:00:00,95.7166666666667,277.05,53.0,2.04333333333333
2023-06-12 00:00:00,95.8,276.866666666667,53.0,2.47833333333333
2023-06-12 01:00:00,95.9,276.683333333333,53.0,4.035
2023-06-12 02:00:00,95.85,276.616666666667,53.0,4.48666666666667
2023-06-12 03:00:00,95.2333333333333,276.916666666667,53.0,3.28333333333333
2023-06-12 04:00:00,89.5166666666667,277.166666666667,53.0,2.61333333333333
2023-06-12 05:00:00,80.5166666666667,277.733333333333,53.0,2.61333333333333
2023-06-12 06:00:00,85.8666666666667,277.966666666667,53.0,2.435
2023-06-12 07:00:00,91.4166666666667,277.983333333333,53.0,2.28166666666667
2023-06-12 08:00:00,92.45,277.933333333333,53.0,2.63333333333333
2023-06-12 09:00:00,93.3166666666667,277.883333333333,52.9109398620425,2.54496855206384
2023-06-12 10:00:00,84.4333333333334,279.25,52.9537386876281,0.936660372101328
2023-06-12 11:00:00,78.0166666666667,279.95,53.0,1.42333333333333
2023-06-12 12:00:00,79.25,281.55,53.0,0.223333333333333
2023-06-12 13:00:00,84.05,281.15,53.0,0.065
2023-06-12 14:00:00,76.8333333333333,281.6,52.7417629440786,0.303324483623353
2023-06-12 15:00:00,82.2666666666667,281.216666666667,53.0,2.36166666666667
2023-06-12 16:00:00,87.7833333333333,280.716666666667,53.0,3.68
2023-06-12 17:00:00,91.7333333333334,279.983333333333,53.0,4.89
2023-06-12 18:00:00,91.6833333333333,279.983333333333,53.0,4.6
2023-06-12 19:00:00,91.6666666666667,279.833333333333,53.0,3.48666666666667
2023-06-12 20:00:00,92.9333333333333,278.433333333333,53.0,1.97
2023-06-12 21:00:00,92.85,278.016666666667,53.0,0.433333333333333
2023-06-12 22:00:00,94.4,277.166666666667,52.9429848745496,1.89998444101678
2023-06-12 23:00:00,92.6333333333333,277.45,53.0,2.50666666666667
2023-06-13 00:00:00,93.8333333333333,276.8,53.0,3.35833333333333
2023-06-13 01:00:00,93.8333333333333,276.75,52.8337056241438,3.77825354880457
2023-06-13 02:00:00,94.15,277.016666666667,53.0,3.48
2023-06-13 03:00:00,93.6333333333333,277.1,53.0,3.63
2023-06-13 04:00:00,95.3666666666667,276.566666666667,53.0,3.81166666666667
2023-06-13 05:00:00,79.0333333333334,277.433333333333,53.0,2.11833333333333
2023-06-13 06:00:00,70.1166666666667,278.266666666667,53.0,1.29166666666667
2023-06-13 07:00:00,77.2666666666667,278.483333333333,52.8263520605196,1.94829075135215
2023-06-13 08:00:00,88.75,278.483333333333,52.7440523383355,1.39995939234092
2023-06-13 09:00:00,91.5666666666667,278.833333333333,53.0,0.48
2023-06-13 10:00:00,87.3666666666667,279.65,53.0,0.0833333333333333
2023-06-13 11:00:00,85.35,280.15,52.7862644268529,0.436655489750877
2023-06-13 12:00:00,73.8166666666667,280.616666666667,52.9220810013876,0.256663857912624
2023-06-13 13:00:00,80.6666666666667,280.633333333333,52.6923118519524,0.129995782258987
2023-06-13 14:00:00,82.1,280.566666666667,52.5588250020109,0.509980849546144
2023-06-13 15:00:00,88.5666666666667,280.083333333333,53.0,3.67
2023-06-13 16:00:00,82.5166666666667,280.65,53.0,3.59333333333333
2023-06-13 17:00:00,80.1,280.633333333333,53.0,4.23833333333333
2023-06-13 18:00:00,87.25,279.833333333333,53.0,4.095
2023-06-13 19:00:00,88.4833333333333,278.933333333333,53.0,3.85
2023-06-13 20:00:00,84.8833333333333,278.133333333333,53.0,3.365
2023-06-13 21:00:00,88.8833333333333,277.466666666667,52.927713755889,0.691659601887841
2023-06-13 22:00:00,90.4833333333333,276.883333333333,53.0,0.273333333333333
2023-06-13 23:00:00,91.2,276.6,53.0,0.793333333333333
2023-06-14 00:00:00,91.6333333333333,276.683333333333,52.8896590564994,0.241663053338537
2023-06-14 01:00:00,91.4333333333333,276.183333333333,53.0,1.90333333333333
2023-06-14 02:00:00,91.5166666666667,276.033333333333,53.0,1.815
2023-06-14 03:00:00,91.7833333333333,276.533333333333,53.0,0.958333333333333
2023-06-14 04:00:00,91.8333333333333,276.233333333333,52.4708325954408,0.399984821053592
2023-06-14 05:00:00,92.45,275.983333333333,53.0,0.693333333333333
2023-06-14 06:00:00,93.7833333333333,275.65,53.0,0.765
2023-06-14 07:00:00,93.1833333333333,275.633333333333,52.8609315402983,0.754986231920058
2023-06-14 08:00:00,92.0333333333333,276.033333333333,53.0,0.276666666666667
2023-06-14 09:00:00,89.55,277.1,52.6780861390072,0.72997572992404
2023-06-14 10:00:00,85.6,277.05,53.0,1.495
2023-06-14 11:00:00,70.4833333333333,278.616666666667,52.8290010182613,0.448323653284062
2023-06-14 12:00:00,64.4833333333333,279.233333333333,53.0,0.365
2023-06-14 13:00:00,55.7666666666667,280.833333333333,53.0,0.15
2023-06-14 14:00:00,51.4666666666667,280.9,53.0,0.918333333333333
2023-06-14 15:00:00,55.8333333333333,280.133333333333,52.8054041853833,2.96326259496984
2023-06-14 16:00:00,61.0166666666667,279.666666666667,53.0,3.92833333333333
2023-06-14 17:00:00,66.9666666666667,278.666666666667,53.0,5.34
2023-06-14 18:00:00,68.4833333333333,278.516666666667,53.0,5.19833333333333
2023-06-14 19:00:00,70.4833333333333,277.966666666667,53.0,4.93333333333333
2023-06-14 20:00:00,76.2833333333333,276.983333333333,53.0,4.96833333333333
2023-06-14 21:00:00,86.8,276.066666666667,53.0,4.32
2023-06-14 22:00:00,91.5166666666667,275.15,52.8184557173964,3.3782568779914
2023-06-14 23:00:00,91.5666666666667,274.983333333333,52.9863164559459,1.58333007854876
2023-06-15 00:00:00,91.25,275.266666666667,53.0,0.961666666666667
2023-06-15 01:00:00,91.3833333333333,275.266666666667,52.796325510938,1.26830200137831
2023-06-15 02:00:00,90.5666666666667,275.233333333333,53.0,1.75333333333333
2023-06-15 03:00:00,90.8833333333333,274.9,53.0,3.18333333333333
2023-06-15 04:00:00,83.9333333333333,274.583333333333,52.8394638763554,3.94491902515458
2023-06-15 05:00:00,74.6166666666667,274.383333333333,53.0,4.93
2023-06-15 06:00:00,74.35,274.7,53.0,4.85666666666667
2023-06-15 07:00:00,72.3,275.183333333333,53.0,3.98333333333333
2023-06-15 08:00:00,72.7333333333333,275.633333333333,53.0,3.735
2023-06-15 09:00:00,72.2833333333334,275.816666666667,53.0,4.24166666666667
2023-06-15 10:00:00,71.55,276.483333333333,53.0,2.41333333333333
2023-06-15 11:00:00,70.1166666666667,276.833333333333,53.0,1.53833333333333
2023-06-15 12:00:00,67.2,276.883333333333,53.0,2.83666666666667
2023-06-15 13:00:00,62.8833333333333,277.7,53.0,1.91166666666667
2023-06-15 14:00:00,67.55,277.7,53.0,2.92
2023-06-15 15:00:00,70.2,277.733333333333,52.7901217821129,3.13658744273448
2023-06-15 16:00:00,65.3,278.233333333333,53.0,3.615
2023-06-15 17:00:00,67.6833333333333,277.983333333333,53.0,5.37666666666667
2023-06-15 18:00:00,75.3666666666667,277.966666666667,53.0,5.245
2023-06-15 19:00:00,88.6666666666667,276.9,53.0,5.29833333333333
2023-06-15 20:00:00,91.5333333333333,276.216666666667,53.0,4.68833333333333
2023-06-15 21:00:00,92.4166666666667,275.716666666667,53.0,3.71833333333333
2023-06-15 22:00:00,93.1,275.3,53.0,3.11833333333333
2023-06-15 23:00:00,93.0833333333333,275.016666666667,52.9220420609439,1.11165449591314
2023-06-16 00:00:00,93.8166666666667,274.833333333333,53.0,0.0983333333333333
2023-06-16 01:00:00,91.9,275.116666666667,52.6785753834778,0.139995349185561
2023-06-16 02:00:00,93.1,274.15,53.0,2.72166666666667
2023-06-16 03:00:00,95.0833333333333,273.416666666667,53.0,6.59333333333333
2023-06-16 04:00:00,91.7333333333333,273.75,53.0,3.99
2023-06-16 05:00:00,91.4166666666667,274.133333333333,53.0,3.39666666666667
2023-06-16 06:00:00,91.55,274.116666666667,53.0,4.04333333333333
2023-06-16 07:00:00,91.4,274.133333333333,53.0,3.58166666666667
2023-06-16 08:00:00,91.9,274.35,53.0,4.045
2023-06-16 09:00:00,91.6666666666667,274.916666666667,53.0,4.10166666666667
2023-06-16 10:00:00,90.0666666666667,274.966666666667,53.0,3.535
2023-06-16 11:00:00,84.0166666666667,275.266666666667,53.0,3.375
2023-06-16 12:00:00,84.9166666666667,275.5,53.0,3.29166666666667
2023-06-16 13:00:00,73.0666666666667,276.25,53.0335354604256,4.67143494811118
2023-06-16 14:00:00,68.3333333333333,277.15,48.0047357872662,3.71339653633954
2023-06-16 15:00:00,93.2166666666667,273.966666666667,50.9765399044671,7.20302449298636
2023-06-16 16:00:00,98.55,274.333333333333,64.1734115572763,6.47752684784002
2023-06-16 17:00:00,98.45,275.233333333333,65.0,5.46333333333333
2023-06-16 18:00:00,97.2166666666667,274.9,62.9010256507814,5.25848487054532
2023-06-16 19:00:00,95.5833333333333,275.733333333333,62.0,4.22833333333333
2023-06-16 20:00:00,96.75,274.216666666667,62.2758732288586,6.65552799041516
2023-06-16 21:00:00,97.0833333333333,274.083333333333,65.4844085966216,6.89473771480517
2023-06-16 22:00:00,96.7,274.55,66.0,6.07666666666667
2023-06-16 23:00:00,95.6166666666667,274.75,66.0,4.75333333333333
2023-06-17 00:00:00,95.3166666666667,274.683333333333,66.0,4.40833333333333
2023-06-17 01:00:00,94.4333333333333,274.666666666667,66.0,4.11
2023-06-17 02:00:00,92.9,274.683333333333,66.0,4.43833333333333
2023-06-17 03:00:00,92.2666666666667,274.55,66.0,4.235
2023-06-17 04:00:00,92.0166666666667,274.516666666667,66.0,4.64
2023-06-17 05:00:00,92.0,274.366666666667,66.0,4.775
2023-06-17 06:00:00,92.0166666666667,274.4,66.0,4.00833333333333
2023-06-17 07:00:00,91.7833333333333,275.016666666667,66.357026683181,3.164889340055
2023-06-17 08:00:00,91.6166666666667,275.35,67.0,2.98
2023-06-17 09:00:00,89.5333333333333,275.416666666667,66.1624371369486,3.22159990739235
2023-06-17 10:00:00,76.5,276.433333333333,66.7914549135829,2.88492747318185
2023-06-17 11:00:00,70.45,277.466666666667,67.0,2.78666666666667
2023-06-17 12:00:00,68.25,278.166666666667,67.0,2.01
2023-06-17 13:00:00,58.2666666666667,279.783333333333,67.0,1.74166666666667
2023-06-17 14:00:00,54.1833333333333,280.583333333333,67.0,1.49
2023-06-17 15:00:00,54.0833333333333,280.783333333333,67.0,2.30166666666667
2023-06-17 16:00:00,52.7666666666667,281.233333333333,67.0,2.745
2023-06-17 17:00:00,51.0166666666667,281.916666666667,67.0,3.22166666666667
2023-06-17 18:00:00,54.4833333333333,281.2,67.0,3.005
2023-06-17 19:00:00,59.0166666666667,280.583333333333,67.0,3.325
2023-06-17 20:00:00,65.3,279.483333333333,67.0,3.81833333333333
2023-06-17 21:00:00,70.6333333333333,278.25,67.0,4.30833333333333
2023-06-17 22:00:00,71.2833333333334,277.883333333333,67.0,5.45833333333333
2023-06-17 23:00:00,64.9666666666667,277.866666666667,67.0,5.28
2023-06-18 00:00:00,62.2333333333333,277.716666666667,67.0,2.495
2023-06-18 01:00:00,63.5,277.616666666667,67.0,1.09333333333333
2023-06-18 02:00:00,64.2333333333333,277.466666666667,67.0,0.315
2023-06-18 03:00:00,63.8333333333333,277.583333333333,67.0,2.74166666666667
2023-06-18 04:00:00,61.05,277.833333333333,66.882308557842,2.02496797269144
2023-06-18 05:00:00,64.1,277.9,67.0,1.90333333333333
2023-06-18 06:00:00,65.2166666666667,278.266666666667,67.0,1.41
2023-06-18 07:00:00,65.0833333333333,278.6,67.0,1.825
2023-06-18 08:00:00,66.0,279.35,66.7945994768677,0.92497700579916
2023-06-18 09:00:00,63.0833333333333,280.433333333333,67.0,0.201666666666667
2023-06-18 10:00:00,61.4166666666667,281.15,67.0,0.136666666666667
2023-06-18 11:00:00,57.65,282.616666666667,67.0,0.258333333333333
2023-06-18 12:00:00,55.15,283.1,67.0,0.428333333333333
2023-06-18 13:00:00,51.75,284.55,67.0,0.171666666666667
2023-06-18 14:00:00,49.2,285.3,67.0,0.0916666666666667
2023-06-18 15:00:00,47.5666666666667,285.9,67.0,0.1
2023-06-18 16:00:00,49.75,285.683333333333,66.9927888197773,0.693332577300464
2023-06-18 17:00:00,53.8666666666667,285.433333333333,67.0,1.31
2023-06-18 18:00:00,56.6333333333333,285.716666666667,67.0,1.92833333333333
2023-06-18 19:00:00,63.4333333333333,284.066666666667,67.0,2.365
2023-06-18 20:00:00,69.5833333333333,282.733333333333,67.0,2.18833333333333
2023-06-18 21:00:00,71.0666666666667,282.2,67.0,0.095
2023-06-18 22:00:00,76.0166666666667,281.8,67.0,0.748333333333333
2023-06-18 23:00:00,72.25,281.933333333333,67.0,0.395
2023-06-19 00:00:00,73.15,281.733333333333,,0.0
2023-06-19 01:00:00,78.5333333333334,281.366666666667,67.0,0.115
2023-06-19 02:00:00,86.2666666666667,280.566666666667,67.0,3.55666666666667
2023-06-19 03:00:00,89.15,280.566666666667,67.0,3.96833333333333
2023-06-19 04:00:00,82.85,280.766666666667,67.0,3.15
2023-06-19 05:00:00,73.5166666666667,281.1,67.0,2.68166666666667
2023-06-19 06:00:00,80.75,280.633333333333,67.0,3.02833333333333
2023-06-19 07:00:00,91.4666666666667,279.833333333333,67.0,2.99666666666667
2023-06-19 08:00:00,78.5,281.516666666667,67.0,0.563333333333333
2023-06-19 09:00:00,81.7666666666667,282.066666666667,67.0,0.04
2023-06-19 10:00:00,91.9833333333333,281.433333333333,67.0,1.01
2023-06-19 11:00:00,91.35,281.7,67.0,2.38666666666667
2023-06-19 12:00:00,82.15,282.566666666667,67.0,2.56833333333333
2023-06-19 13:00:00,65.05,284.633333333333,67.0,1.10333333333333
2023-06-19 14:00:00,61.9333333333333,284.916666666667,,0.0
2023-06-19 15:00:00,57.9166666666667,286.066666666667,,0.0
2023-06-19 16:00:00,59.5666666666667,287.083333333333,67.0,0.123333333333333
2023-06-19 17:00:00,71.2166666666667,285.516666666667,,0.0
2023-06-19 18:00:00,87.45,283.866666666667,67.0,1.085
2023-06-19 19:00:00,86.4166666666667,283.416666666667,,0.0
2023-06-19 20:00:00,83.65,282.85,67.0,1.155
2023-06-19 21:00:00,91.8166666666667,281.75,67.0,1.81333333333333
2023-06-19 22:00:00,93.4833333333333,280.866666666667,67.0,4.44666666666667
2023-06-19 23:00:00,94.3333333333333,280.983333333333,62.7203792276079,4.55433443675633
2023-06-20 00:00:00,91.9666666666667,281.233333333333,61.0,7.04333333333333
2023-06-20 01:00:00,92.1833333333333,281.333333333333,60.845164510229,7.868176505528
2023-06-20 02:00:00,92.1166666666667,281.283333333333,61.0,7.75
2023-06-20 03:00:00,91.65,281.383333333333,61.2704721738824,5.45316944373708
2023-06-20 04:00:00,89.8166666666667,281.666666666667,62.0,4.41
2023-06-20 05:00:00,91.4166666666667,281.4,62.0,3.32833333333333
2023-06-20 06:00:00,91.45,281.4,62.0,3.18666666666667
2023-06-20 07:00:00,91.6333333333333,281.366666666667,62.0,2.61833333333333
2023-06-20 08:00:00,91.4666666666667,281.833333333333,62.0,4.16
2023-06-20 09:00:00,91.5166666666667,282.083333333333,62.0,5.875
2023-06-20 10:00:00,91.5333333333333,282.883333333333,62.0,4.61
2023-06-20 11:00:00,90.8166666666667,283.733333333333,62.0,3.68666666666667
2023-06-20 12:00:00,84.9833333333333,284.85,62.0,2.83833333333333
2023-06-20 13:00:00,75.1,286.05,62.0,3.01
2023-06-20 14:00:00,68.15,287.033333333333,62.0,3.27
2023-06-20 15:00:00,65.6166666666667,287.733333333333,62.0,2.99166666666667
2023-06-20 16:00:00,62.85,288.1,62.0,2.96833333333333
2023-06-20 17:00:00,62.0,288.316666666667,62.0,2.93833333333333
2023-06-20 18:00:00,61.9,288.166666666667,62.0,2.21166666666667
2023-06-20 19:00:00,60.95,287.45,62.0,2.89
2023-06-20 20:00:00,60.3166666666667,286.9,62.0,2.19333333333333
2023-06-20 21:00:00,65.7,286.2,61.2769348875587,3.6228238002446
2023-06-20 22:00:00,69.3833333333333,284.733333333333,63.220853425915,6.98770596565239
2023-06-20 23:00:00,70.9333333333333,284.433333333333,64.0,5.365
2023-06-21 00:00:00,57.7333333333333,285.4,64.0,4.78166666666667
2023-06-21 01:00:00,59.25,285.05,64.0,3.555
2023-06-21 02:00:00,56.9333333333333,285.133333333333,64.0,4.45833333333333
2023-06-21 03:00:00,57.6333333333333,284.916666666667,64.0,3.285
2023-06-21 04:00:00,58.1333333333333,284.8,64.0,3.28166666666667
2023-06-21 05:00:00,59.8,284.466666666667,63.8780306069584,3.64827382402676
2023-06-21 06:00:00,57.7666666666667,284.7,64.0,3.92833333333333
2023-06-21 07:00:00,51.3166666666667,285.6,64.0,4.31666666666667
2023-06-21 08:00:00,49.35,286.05,64.0,2.13
2023-06-21 09:00:00,52.0333333333333,286.266666666667,64.0,2.12
2023-06-21 10:00:00,56.7833333333333,286.133333333333,64.0,3.68
2023-06-21 11:00:00,53.8666666666667,286.7,64.0,3.76333333333333
2023-06-21 12:00:00,55.45,288.466666666667,64.0,0.235
2023-06-21 13:00:00,58.7666666666667,289.483333333333,64.0,0.24
2023-06-21 14:00:00,66.6666666666667,289.066666666667,63.8733073614179,0.368327126226924
2023-06-21 15:00:00,70.7833333333333,288.95,64.0,0.98
2023-06-21 16:00:00,84.4,287.716666666667,64.0,1.34666666666667
2023-06-21 17:00:00,91.15,286.316666666667,64.0,2.24666666666667
2023-06-21 18:00:00,92.5,285.533333333333,64.0,1.81833333333333
2023-06-21 19:00:00,94.2333333333334,284.616666666667,64.0,3.98333333333333
2023-06-21 20:00:00,92.7333333333333,284.433333333333,64.0,2.36666666666667
2023-06-21 21:00:00,95.55,283.4,64.0,2.33666666666667
2023-06-21 22:00:00,99.1333333333333,283.316666666667,64.0,7.085
2023-06-21 23:00:00,98.2166666666667,283.866666666667,64.0,6.66
2023-06-22 00:00:00,90.3166666666667,285.2,66.889544694271,6.06791809523417
2023-06-22 01:00:00,83.3,285.133333333333,72.0,5.50833333333333
2023-06-22 02:00:00,82.6333333333333,285.25,72.6694834141933,7.10976037824333
2023-06-22 03:00:00,72.4333333333333,285.616666666667,72.3598520563966,7.37307463640176
2023-06-22 04:00:00,68.9333333333333,285.566666666667,72.0,5.28833333333333
2023-06-22 05:00:00,66.1,285.45,73.0,5.33666666666667
2023-06-22 06:00:00,65.8333333333334,285.233333333333,73.0,5.605
2023-06-22 07:00:00,64.7166666666667,285.316666666667,72.1782757573099,5.52487672404912
2023-06-22 08:00:00,61.2166666666667,285.766666666667,72.0,5.21166666666667
2023-06-22 09:00:00,57.45,286.25,72.0,5.57166666666667
2023-06-22 10:00:00,52.5666666666667,286.933333333333,72.63573405015,6.4647719733651
2023-06-22 11:00:00,46.8166666666667,287.7,73.0,4.43833333333333
2023-06-22 12:00:00,45.5333333333333,288.583333333333,73.0,4.78
2023-06-22 13:00:00,47.45,288.966666666667,73.0,3.88666666666667
2023-06-22 14:00:00,45.7333333333333,289.083333333333,73.0,2.975
2023-06-22 15:00:00,43.8833333333333,289.166666666667,73.0,3.40833333333333
2023-06-22 16:00:00,42.2833333333333,289.433333333333,73.0,3.615
2023-06-22 17:00:00,44.1166666666667,288.75,72.8230534083124,4.07824286831519
2023-06-22 18:00:00,43.4,288.4,72.4918456047689,4.49649549291744
2023-06-22 19:00:00,48.9666666666667,287.716666666667,73.1738010989527,5.40821504867202
2023-06-22 20:00:00,50.35,287.066666666667,72.9560597214991,5.49218179662865
2023-06-22 21:00:00,64.35,285.6,72.0,3.55166666666667
2023-06-22 22:00:00,79.6,283.616666666667,67.7216641307579,5.9372059437561
2023-06-22 23:00:00,64.1166666666667,283.983333333333,64.5499478364657,6.2397647708917
2023-06-23 00:00:00,66.9833333333333,283.333333333333,65.0,3.18
2023-06-23 01:00:00,64.8333333333333,283.25,65.0,3.33666666666667
2023-06-23 02:00:00,95.3333333333333,280.233333333333,65.0,2.86
2023-06-23 03:00:00,101.216666666667,278.366666666667,65.1975747158265,6.33484702882068
2023-06-23 04:00:00,101.15,277.116666666667,71.1030930790188,11.4614392321467
2023-06-23 05:00:00,99.6666666666667,278.083333333333,42.0270743848473,7.8566066740692
2023-06-23 06:00:00,99.0666666666667,277.516666666667,59.4175102765988,8.27170419864314
2023-06-23 07:00:00,98.3166666666667,277.2,68.4369046139034,6.32402090414502
2023-06-23 08:00:00,99.5666666666667,276.933333333333,80.0370444569719,6.52859726613645
2023-06-23 09:00:00,101.2,276.816666666667,89.0716198862361,6.23215331592954
2023-06-23 10:00:00,101.116666666667,276.483333333333,91.0,6.10666666666667
2023-06-23 11:00:00,101.1,276.0,91.0,5.98833333333333
2023-06-23 12:00:00,101.1,275.616666666667,92.002376879053,5.60931209461638
2023-06-23 13:00:00,101.1,275.816666666667,91.333329572529,5.04982907722742
2023-06-23 14:00:00,101.183333333333,276.266666666667,91.0,5.02
2023-06-23 15:00:00,101.166666666667,276.583333333333,91.0,4.95166666666667
2023-06-23 16:00:00,101.1,276.416666666667,91.0,4.87833333333333
2023-06-23 17:00:00,101.133333333333,276.4,92.0,5.99166666666667
2023-06-23 18:00:00,101.116666666667,276.433333333333,92.0,5.72
2023-06-23 19:00:00,101.1,276.2,93.2944031606643,6.07415493334319
2023-06-23 20:00:00,101.066666666667,275.633333333333,95.5540482609401,5.34724822219954
2023-06-23 21:00:00,101.1,275.583333333333,97.0,5.895
2023-06-23 22:00:00,101.05,275.416666666667,97.0,5.42
2023-06-23 23:00:00,101.0,274.933333333333,97.0,5.94
2023-06-24 00:00:00,101.0,274.633333333333,97.0,5.89833333333333
2023-06-24 01:00:00,101.0,274.566666666667,97.0,6.48666666666667
2023-06-24 02:00:00,101.0,274.616666666667,97.0,5.15333333333333
2023-06-24 03:00:00,100.95,274.266666666667,97.0,5.40833333333333
2023-06-24 04:00:00,100.95,274.5,97.0,5.29166666666667
2023-06-24 05:00:00,101.0,274.65,97.0,4.615
2023-06-24 06:00:00,101.0,274.716666666667,97.0,3.73833333333333
2023-06-24 07:00:00,101.016666666667,275.033333333333,97.0,1.58166666666667
2023-06-24 08:00:00,101.1,275.266666666667,97.0,0.393333333333333
2023-06-24 09:00:00,101.0,274.733333333333,97.0,0.983333333333333
2023-06-24 10:00:00,101.05,274.65,97.0,3.23666666666667
2023-06-24 11:00:00,100.983333333333,276.633333333333,97.0,1.08166666666667
2023-06-24 12:00:00,100.783333333333,277.716666666667,97.0,1.00333333333333
2023-06-24 13:00:00,100.883333333333,278.75,97.0,0.735
2023-06-24 14:00:00,98.9166666666667,279.716666666667,97.0,0.303333333333333
2023-06-24 15:00:00,96.8666666666667,280.166666666667,97.0,0.0733333333333333
2023-06-24 16:00:00,95.3166666666667,279.583333333333,97.0,0.0283333333333333
2023-06-24 17:00:00,92.9,281.866666666667,97.0,0.228333333333333
2023-06-24 18:00:00,91.6833333333333,282.766666666667,97.0,1.06
2023-06-24 19:00:00,91.7166666666667,281.816666666667,97.0,2.005
2023-06-24 20:00:00,92.1666666666667,280.583333333333,97.0,0.73
2023-06-24 21:00:00,92.7666666666667,279.583333333333,97.0,0.0266666666666667
2023-06-24 22:00:00,93.1333333333333,278.45,97.0,0.095
2023-06-24 23:00:00,93.55,278.05,97.0,1.54333333333333
2023-06-25 00:00:00,93.5166666666667,278.016666666667,97.0,1.51166666666667
2023-06-25 01:00:00,91.6833333333333,278.416666666667,97.0,0.801666666666667
2023-06-25 02:00:00,93.0333333333333,277.933333333333,97.0,2.37333333333333
2023-06-25 03:00:00,57.95,280.3,97.0,0.0716666666666667
2023-06-25 04:00:00,33.8166666666667,280.866666666667,97.0,0.293333333333333
2023-06-25 05:00:00,41.1166666666667,281.25,97.0,0.84
2023-06-25 06:00:00,37.2166666666667,281.633333333333,97.0,1.995
2023-06-25 07:00:00,29.5666666666667,282.016666666667,97.0,1.885
2023-06-25 08:00:00,18.8,282.55,97.0,1.28166666666667
2023-06-25 09:00:00,18.9833333333333,283.6,,0.0
2023-06-25 10:00:00,19.6666666666667,283.783333333333,,0.0
2023-06-25 11:00:00,51.85,282.833333333333,97.0,0.705
2023-06-25 12:00:00,51.3833333333333,283.483333333333,97.0,1.00166666666667
2023-06-25 13:00:00,54.1166666666667,285.6,97.0,0.161666666666667
2023-06-25 14:00:00,52.5333333333333,286.983333333333,97.0,0.331666666666667
2023-06-25 15:00:00,53.0333333333334,288.066666666667,97.0,0.353333333333333
2023-06-25 16:00:00,50.7666666666667,288.316666666667,97.0,1.06833333333333
2023-06-25 17:00:00,54.3833333333333,286.95,97.0,3.07833333333333
2023-06-25 18:00:00,58.3666666666667,286.266666666667,97.0,4.0
2023-06-25 19:00:00,64.75,285.5,97.0,4.66
2023-06-25 20:00:00,71.4166666666667,284.016666666667,97.0,4.94
2023-06-25 21:00:00,76.25,282.6,97.0,4.28166666666667
2023-06-25 22:00:00,78.9666666666667,281.75,97.0,3.95166666666667
2023-06-25 23:00:00,75.05,281.616666666667,97.0,2.6
2023-06-26 00:00:00,70.4833333333333,281.4,97.0,3.14666666666667
2023-06-26 01:00:00,77.0,280.883333333333,97.0,5.34666666666667
2023-06-26 02:00:00,79.1666666666667,280.483333333333,97.0,5.63666666666667
2023-06-26 03:00:00,85.9166666666667,280.2,98.0,5.33333333333333
2023-06-26 04:00:00,90.0666666666667,280.05,100.76937793408,6.99970212743365
2023-06-26 05:00:00,91.5166666666667,279.983333333333,102.355902157705,6.34977829304435
2023-06-26 06:00:00,91.45,280.233333333333,103.17370953015,7.29150725832331
2023-06-26 07:00:00,91.6,280.516666666667,103.0,5.095
2023-06-26 08:00:00,90.7833333333333,280.8,103.0,4.55666666666667
2023-06-26 09:00:00,83.8333333333333,281.316666666667,103.820550898014,4.02136984979695
2023-06-26 10:00:00,74.05,281.783333333333,105.0,5.81666666666667
2023-06-26 11:00:00,69.5333333333334,282.716666666667,105.0,4.58833333333333
2023-06-26 12:00:00,65.4833333333333,283.9,105.0,3.25
2023-06-26 13:00:00,61.2166666666667,284.85,105.0,3.10833333333333
2023-06-26 14:00:00,59.3166666666667,285.833333333333,105.0,3.33833333333333
2023-06-26 15:00:00,57.0,286.4,105.0,3.69833333333333
2023-06-26 16:00:00,58.95,285.966666666667,105.0,4.65166666666667
2023-06-26 17:00:00,61.3833333333333,285.516666666667,105.0,5.18333333333333
2023-06-26 18:00:00,59.3666666666667,285.816666666667,105.0,5.285
2023-06-26 19:00:00,63.6333333333333,285.133333333333,105.0,4.50333333333333
2023-06-26 20:00:00,70.55,284.183333333333,105.0,3.92
2023-06-26 21:00:00,90.25,282.4,105.0,4.03333333333333
2023-06-26 22:00:00,93.2833333333333,281.5,105.0,5.34833333333333
2023-06-26 23:00:00,93.8333333333334,280.666666666667,105.0,5.745
2023-06-27 00:00:00,94.2166666666667,280.066666666667,105.0,6.02166666666667
2023-06-27 01:00:00,95.4333333333333,279.633333333333,105.0,7.69333333333333
2023-06-27 02:00:00,99.3166666666667,279.483333333333,105.0,5.01
2023-06-27 03:00:00,101.3,279.233333333333,105.0,4.58333333333333
2023-06-27 04:00:00,101.3,278.9,105.129056091128,5.74656828497902
2023-06-27 05:00:00,100.566666666667,278.916666666667,105.850630929102,5.18823292760752
2023-06-27 06:00:00,98.5833333333333,279.0,105.162662942159,4.72323534693671
2023-06-27 07:00:00,98.6833333333333,278.516666666667,106.0,4.08333333333333
2023-06-27 08:00:00,98.3,278.016666666667,106.0,3.8
2023-06-27 09:00:00,94.1333333333333,278.416666666667,106.0,2.975
2023-06-27 10:00:00,93.1,278.383333333333,106.0,3.07333333333333
2023-06-27 11:00:00,93.2666666666667,278.383333333333,106.0,3.415
2023-06-27 12:00:00,92.9666666666667,278.7,106.0,3.55833333333333
2023-06-27 13:00:00,92.4166666666667,278.7,105.758016881813,3.5882330837955
2023-06-27 14:00:00,90.45,279.5,105.0,3.355
2023-06-27 15:00:00,80.4666666666667,280.133333333333,105.0,4.55666666666667
2023-06-27 16:00:00,78.1833333333334,280.516666666667,105.0,4.60333333333333
2023-06-27 17:00:00,80.1166666666667,280.2,105.0,4.92
2023-06-27 18:00:00,74.0666666666667,280.45,105.0,5.745
2023-06-27 19:00:00,76.3666666666667,280.033333333333,105.0,4.93833333333333
2023-06-27 20:00:00,79.2333333333333,278.983333333333,105.0,5.34
2023-06-27 21:00:00,87.3166666666667,277.566666666667,105.0,4.34166666666667
2023-06-27 22:00:00,91.5,276.516666666667,105.849947262991,5.09795456959009
2023-06-27 23:00:00,92.95,275.866666666667,105.0,5.08833333333333
2023-06-28 00:00:00,92.6333333333333,275.6,104.692904368928,4.97650537589295
2023-06-28 01:00:00,90.7666666666667,275.533333333333,104.0,4.61166666666667
2023-06-28 02:00:00,90.6666666666667,275.483333333333,104.877918223309,5.43324463793043
2023-06-28 03:00:00,91.8166666666667,275.383333333333,107.454426582228,5.30236559021305
2023-06-28 04:00:00,93.5333333333333,275.05,111.603385924761,5.14259200210815
2023-06-28 05:00:00,95.1333333333333,274.866666666667,112.157286680855,4.6515727573134
2023-06-28 06:00:00,98.1666666666667,274.75,113.140688150536,5.03452551735326
2023-06-28 07:00:00,101.0,274.65,112.171892891558,3.45159183228131
2023-06-28 08:00:00,101.0,274.566666666667,112.0,3.72333333333333
2023-06-28 09:00:00,101.0,274.633333333333,112.0,3.545
2023-06-28 10:00:00,101.066666666667,274.9,112.0,3.065
2023-06-28 11:00:00,101.1,275.35,112.0,3.16166666666667
2023-06-28 12:00:00,101.1,275.65,112.0,3.065
2023-06-28 13:00:00,101.1,275.8,112.0,2.45666666666667
2023-06-28 14:00:00,101.1,275.616666666667,112.0,2.78333333333333
2023-06-28 15:00:00,101.1,275.3,112.0,3.53666666666667
2023-06-28 16:00:00,101.116666666667,275.533333333333,112.0,3.66833333333333
2023-06-28 17:00:00,101.1,276.016666666667,112.0,4.83
2023-06-28 18:00:00,101.1,275.933333333333,112.0,4.055
2023-06-28 19:00:00,101.1,276.15,112.0,4.15166666666667
2023-06-28 20:00:00,101.1,276.216666666667,112.0,3.31666666666667
2023-06-28 21:00:00,101.1,275.983333333333,112.0,1.73
2023-06-28 22:00:00,101.1,275.9,112.0,1.62
2023-06-28 23:00:00,100.983333333333,275.916666666667,112.0,2.4
2023-06-29 00:00:00,100.766666666667,276.0,112.0,2.47333333333333
2023-06-29 01:00:00,100.483333333333,276.216666666667,112.0,3.16333333333333
2023-06-29 02:00:00,96.4166666666667,276.85,111.824585167942,3.07826551528825
2023-06-29 03:00:00,95.7333333333333,277.316666666667,109.0,3.47
2023-06-29 04:00:00,92.9333333333333,277.633333333333,109.0,3.59166666666667
2023-06-29 05:00:00,92.2166666666667,277.75,111.20107092877,3.36593706223267
2023-06-29 06:00:00,91.95,278.65,112.0,2.50666666666667
2023-06-29 07:00:00,91.7833333333333,279.283333333333,112.0,2.76666666666667
2023-06-29 08:00:00,91.4,280.0,112.0,3.225
2023-06-29 09:00:00,89.3333333333333,280.55,112.0,3.21833333333333
2023-06-29 10:00:00,88.6333333333333,281.316666666667,112.0,2.06666666666667
2023-06-29 11:00:00,85.5666666666667,282.316666666667,112.0,1.67
2023-06-29 12:00:00,78.8833333333334,283.666666666667,112.0,1.85
2023-06-29 13:00:00,73.8666666666667,284.566666666667,112.0,2.47333333333333
2023-06-29 14:00:00,68.6666666666667,285.833333333333,112.0,2.66333333333333
2023-06-29 15:00:00,63.85,287.083333333333,112.0,2.37
2023-06-29 16:00:00,66.7,286.416666666667,112.0,2.30166666666667
2023-06-29 17:00:00,79.9166666666667,284.0,112.0,4.14666666666667
2023-06-29 18:00:00,85.35,283.016666666667,112.0,6.09833333333333
2023-06-29 19:00:00,87.25,282.65,112.0,6.315
2023-06-29 20:00:00,91.6833333333333,281.766666666667,112.0,6.505
2023-06-29 21:00:00,92.4833333333333,281.1,112.0,5.765
2023-06-29 22:00:00,93.6833333333333,280.383333333333,112.0,4.57333333333333
2023-06-29 23:00:00,97.9166666666667,279.216666666667,112.0,6.90666666666667
2023-06-30 00:00:00,101.183333333333,278.716666666667,112.0,3.72833333333333
2023-06-30 01:00:00,100.383333333333,279.183333333333,112.0,1.15333333333333
2023-06-30 02:00:00,97.6833333333333,279.716666666667,112.002709890632,0.614999746846459
2023-06-30 03:00:00,97.3666666666667,279.283333333333,112.0,2.64333333333333
2023-06-30 04:00:00,96.35,278.966666666667,112.0,1.39333333333333
2023-06-30 05:00:00,96.8833333333333,278.483333333333,112.0,2.90166666666667
2023-06-30 06:00:00,96.7333333333333,278.383333333333,112.0,1.52
2023-06-30 07:00:00,97.0166666666667,278.2,112.0,1.61
2023-06-30 08:00:00,97.05,278.566666666667,112.0,1.77
2023-06-30 09:00:00,95.1833333333333,279.466666666667,112.148931651806,0.391659105360309
2023-06-30 10:00:00,94.0166666666667,279.966666666667,112.347324729978,0.436651589970823
2023-06-30 11:00:00,95.5833333333333,279.766666666667,112.0,0.346666666666667
2023-06-30 12:00:00,95.25,280.683333333333,,0.0
2023-06-30 13:00:00,94.65,280.983333333333,112.0,0.01
2023-06-30 14:00:00,95.2666666666667,280.133333333333,112.0,0.961666666666667
2023-06-30 15:00:00,98.3833333333333,279.35,112.0,2.82666666666667
2023-06-30 16:00:00,101.033333333333,280.916666666667,112.486725326978,0.564978501694927
2023-06-30 17:00:00,100.75,279.633333333333,112.0,1.535
2023-06-30 18:00:00,100.85,278.7,112.0,2.135
2023-06-30 19:00:00,101.0,278.733333333333,112.0,1.41
2023-06-30 20:00:00,101.016666666667,278.816666666667,112.0,2.60333333333333
2023-06-30 21:00:00,101.2,278.45,112.0,3.79166666666667
