date,hs,rel_hum,temp
2022-10-01 00:00:00,185.833333333333,86.2666666666667,274.55
2022-10-01 01:00:00,186.0,81.9833333333333,274.766666666667
2022-10-01 02:00:00,186.666666666667,80.7166666666667,274.983333333333
2022-10-01 03:00:00,184.333333333333,81.75,274.733333333333
2022-10-01 04:00:00,181.166666666667,76.05,274.75
2022-10-01 05:00:00,181.166666666667,76.85,274.616666666667
2022-10-01 06:00:00,182.666666666667,72.45,274.85
2022-10-01 07:00:00,183.166666666667,69.5333333333333,275.5
2022-10-01 08:00:00,182.166666666667,65.9,275.9
2022-10-01 09:00:00,182.166666666667,63.15,276.25
2022-10-01 10:00:00,180.333333333333,59.15,276.566666666667
2022-10-01 11:00:00,179.166666666667,62.45,276.233333333333
2022-10-01 12:00:00,178.166666666667,97.8166666666667,274.383333333333
2022-10-01 13:00:00,174.5,101.616666666667,274.633333333333
2022-10-01 14:00:00,202.0,102.1,275.416666666667
2022-10-01 15:00:00,199.0,102.2,275.816666666667
2022-10-01 16:00:00,176.0,102.2,275.433333333333
2022-10-01 17:00:00,171.666666666667,102.266666666667,274.916666666667
2022-10-01 18:00:00,178.166666666667,102.333333333333,274.916666666667
2022-10-01 19:00:00,199.5,102.416666666667,274.866666666667
2022-10-01 20:00:00,223.333333333333,102.583333333333,275.3
2022-10-01 21:00:00,192.166666666667,102.666666666667,275.5
2022-10-01 22:00:00,208.0,102.7,275.833333333333
2022-10-01 23:00:00,217.5,102.7,275.683333333333
2022-10-02 00:00:00,199.166666666667,102.716666666667,275.833333333333
2022-10-02 01:00:00,188.5,102.766666666667,275.666666666667
2022-10-02 02:00:00,204.166666666667,102.8,275.95
2022-10-02 03:00:00,193.5,102.883333333333,276.616666666667
2022-10-02 04:00:00,196.0,102.816666666667,276.466666666667
2022-10-02 05:00:00,204.333333333333,102.816666666667,276.65
2022-10-02 06:00:00,205.333333333333,100.25,277.35
2022-10-02 07:00:00,204.333333333333,95.9,277.716666666667
2022-10-02 08:00:00,201.333333333333,92.45,278.166666666667
2022-10-02 09:00:00,205.666666666667,93.8666666666667,278.35
2022-10-02 10:00:00,208.0,99.7833333333333,278.466666666667
2022-10-02 11:00:00,203.5,98.8166666666667,279.666666666667
2022-10-02 12:00:00,184.333333333333,91.3166666666667,279.733333333333
2022-10-02 13:00:00,181.166666666667,93.6333333333333,279.316666666667
2022-10-02 14:00:00,169.166666666667,83.2833333333334,280.583333333333
2022-10-02 15:00:00,162.833333333333,83.2833333333333,280.516666666667
2022-10-02 16:00:00,156.666666666667,76.85,280.85
2022-10-02 17:00:00,149.166666666667,74.9666666666667,280.966666666667
2022-10-02 18:00:00,158.333333333333,82.6833333333333,279.216666666667
2022-10-02 19:00:00,161.0,87.5166666666667,278.5
2022-10-02 20:00:00,149.833333333333,99.6666666666667,277.633333333333
2022-10-02 21:00:00,146.166666666667,99.7166666666667,277.083333333333
2022-10-02 22:00:00,135.333333333333,92.4833333333333,276.833333333333
2022-10-02 23:00:00,142.5,98.2166666666667,276.3
2022-10-03 00:00:00,141.833333333333,101.016666666667,275.683333333333
2022-10-03 01:00:00,138.0,101.3,275.316666666667
2022-10-03 02:00:00,146.666666666667,101.383333333333,275.266666666667
2022-10-03 03:00:00,156.0,101.25,276.15
2022-10-03 04:00:00,136.666666666667,101.183333333333,276.216666666667
2022-10-03 05:00:00,135.333333333333,101.366666666667,276.483333333333
2022-10-03 06:00:00,132.5,101.333333333333,276.433333333333
2022-10-03 07:00:00,132.166666666667,100.916666666667,276.233333333333
2022-10-03 08:00:00,136.166666666667,97.9166666666667,276.583333333333
2022-10-03 09:00:00,138.333333333333,93.45,277.15
2022-10-03 10:00:00,135.0,96.05,277.116666666667
2022-10-03 11:00:00,133.333333333333,97.0333333333333,277.583333333333
2022-10-03 12:00:00,134.333333333333,83.1166666666667,279.683333333333
2022-10-03 13:00:00,129.666666666667,77.2166666666667,280.45
2022-10-03 14:00:00,110.333333333333,66.4833333333333,280.8
2022-10-03 15:00:00,92.1666666666667,68.2333333333333,280.4
2022-10-03 16:00:00,86.8333333333333,72.1,279.866666666667
2022-10-03 17:00:00,82.3333333333333,68.4,278.25
2022-10-03 18:00:00,91.6666666666667,45.4833333333333,277.65
2022-10-03 19:00:00,109.0,37.5,277.583333333333
2022-10-03 20:00:00,105.0,42.0166666666667,277.333333333333
2022-10-03 21:00:00,109.666666666667,31.4833333333333,277.4
2022-10-03 22:00:00,108.333333333333,27.1333333333333,277.416666666667
2022-10-03 23:00:00,99.6666666666667,19.3,277.866666666667
2022-10-04 00:00:00,95.8333333333333,21.0,277.783333333333
2022-10-04 01:00:00,103.0,25.0333333333333,277.983333333333
2022-10-04 02:00:00,100.0,29.9833333333333,278.416666666667
2022-10-04 03:00:00,99.3333333333333,30.05,279.083333333333
2022-10-04 04:00:00,100.666666666667,30.0833333333333,279.166666666667
2022-10-04 05:00:00,103.0,30.2,279.066666666667
2022-10-04 06:00:00,100.0,30.0166666666667,279.033333333333
2022-10-04 07:00:00,96.8333333333334,29.3166666666667,279.35
2022-10-04 08:00:00,82.6666666666667,29.5,280.05
2022-10-04 09:00:00,55.3333333333333,27.9666666666667,281.183333333333
2022-10-04 10:00:00,48.5,28.8,282.383333333333
2022-10-04 11:00:00,72.8333333333333,32.05,282.7
2022-10-04 12:00:00,91.5,31.9333333333333,283.7
2022-10-04 13:00:00,91.3333333333333,30.0,284.316666666667
2022-10-04 14:00:00,82.5,28.8833333333333,285.6
2022-10-04 15:00:00,85.6666666666667,28.2833333333333,285.933333333333
2022-10-04 16:00:00,70.6666666666667,28.4666666666667,285.433333333333
2022-10-04 17:00:00,78.1666666666667,28.3166666666667,284.383333333333
2022-10-04 18:00:00,99.3333333333334,30.8166666666667,282.1
2022-10-04 19:00:00,98.6666666666667,31.2,281.483333333333
2022-10-04 20:00:00,85.3333333333333,32.9666666666667,281.133333333333
2022-10-04 21:00:00,85.8333333333333,29.0666666666667,281.166666666667
2022-10-04 22:00:00,84.0,21.1666666666667,281.566666666667
2022-10-04 23:00:00,76.3333333333333,15.7166666666667,282.233333333333
2022-10-05 00:00:00,81.3333333333333,16.7833333333333,282.0
2022-10-05 01:00:00,79.0,15.8333333333333,282.233333333333
2022-10-05 02:00:00,78.3333333333333,16.6333333333333,281.966666666667
2022-10-05 03:00:00,76.1666666666667,16.0666666666667,282.25
2022-10-05 04:00:00,69.0,14.35,282.816666666667
2022-10-05 05:00:00,68.5,15.1,282.65
2022-10-05 06:00:00,71.0,13.5666666666667,282.85
2022-10-05 07:00:00,72.3333333333333,11.0166666666667,283.75
2022-10-05 08:00:00,54.1666666666667,12.9333333333333,286.166666666667
2022-10-05 09:00:00,57.6666666666667,19.2333333333333,287.183333333333
2022-10-05 10:00:00,59.6666666666667,24.6333333333333,288.116666666667
2022-10-05 11:00:00,71.1666666666667,23.3333333333333,288.966666666667
2022-10-05 12:00:00,66.3333333333333,25.7166666666667,289.466666666667
2022-10-05 13:00:00,62.8333333333333,23.8,290.216666666667
2022-10-05 14:00:00,48.3333333333333,23.5833333333333,290.366666666667
2022-10-05 15:00:00,42.3333333333333,24.7333333333333,290.5
2022-10-05 16:00:00,35.1666666666667,25.2833333333333,290.366666666667
2022-10-05 17:00:00,20.0,27.1333333333333,289.1
2022-10-05 18:00:00,25.1666666666667,31.5666666666667,286.15
2022-10-05 19:00:00,27.8333333333333,32.0333333333333,285.333333333333
2022-10-05 20:00:00,29.1666666666667,31.7833333333333,284.85
2022-10-05 21:00:00,41.8333333333333,31.2666666666667,284.683333333333
2022-10-05 22:00:00,42.3333333333333,28.1166666666667,284.466666666667
2022-10-05 23:00:00,46.1666666666667,29.15,284.0
2022-10-06 00:00:00,46.6666666666667,34.4166666666667,283.05
2022-10-06 01:00:00,45.1666666666667,38.7833333333333,282.3
2022-10-06 02:00:00,44.6666666666667,45.3666666666667,281.716666666667
2022-10-06 03:00:00,37.0,44.85,281.216666666667
2022-10-06 04:00:00,29.8333333333333,48.4666666666667,280.35
2022-10-06 05:00:00,31.5,35.95,279.95
2022-10-06 06:00:00,31.0,29.2333333333333,280.033333333333
2022-10-06 07:00:00,33.0,30.1166666666667,279.95
2022-10-06 08:00:00,29.6666666666667,33.35,281.55
2022-10-06 09:00:00,25.3333333333333,38.5833333333333,282.55
2022-10-06 10:00:00,32.1666666666667,37.4333333333333,283.183333333333
2022-10-06 11:00:00,28.6666666666667,38.7333333333333,283.766666666667
2022-10-06 12:00:00,26.0,35.2666666666667,284.3
2022-10-06 13:00:00,24.1666666666667,36.5833333333333,285.0
2022-10-06 14:00:00,20.3333333333333,39.3333333333333,285.3
2022-10-06 15:00:00,19.8333333333333,42.9,284.916666666667
2022-10-06 16:00:00,17.1666666666667,54.3833333333333,284.083333333333
2022-10-06 17:00:00,17.6666666666667,61.1333333333333,283.216666666667
2022-10-06 18:00:00,35.8333333333333,65.45,280.6
2022-10-06 19:00:00,39.8333333333333,68.75,279.816666666667
2022-10-06 20:00:00,33.5,64.5333333333334,279.916666666667
2022-10-06 21:00:00,28.8333333333333,58.3,280.883333333333
2022-10-06 22:00:00,23.3333333333333,56.5,281.333333333333
2022-10-06 23:00:00,27.8333333333333,52.2166666666667,281.5
2022-10-07 00:00:00,31.3333333333333,45.7166666666667,281.466666666667
2022-10-07 01:00:00,27.0,45.9833333333333,281.466666666667
2022-10-07 02:00:00,29.0,47.2,281.266666666667
2022-10-07 03:00:00,26.1666666666667,46.1833333333333,281.0
2022-10-07 04:00:00,23.8333333333333,43.7166666666667,280.466666666667
2022-10-07 05:00:00,39.0,41.1333333333333,280.266666666667
2022-10-07 06:00:00,26.3333333333333,34.9333333333333,281.05
2022-10-07 07:00:00,57.6666666666667,32.9833333333333,281.7
2022-10-07 08:00:00,37.5,32.2666666666667,283.683333333333
2022-10-07 09:00:00,14.5,37.3666666666667,284.5
2022-10-07 10:00:00,18.0,29.2833333333333,285.816666666667
2022-10-07 11:00:00,24.1666666666667,23.2833333333333,286.516666666667
2022-10-07 12:00:00,27.8333333333333,25.45,286.966666666667
2022-10-07 13:00:00,19.0,31.9833333333333,287.2
2022-10-07 14:00:00,22.5,36.45,287.533333333333
2022-10-07 15:00:00,18.3333333333333,34.9,287.866666666667
2022-10-07 16:00:00,22.3333333333333,32.0666666666667,288.133333333333
2022-10-07 17:00:00,6.5,37.3,286.866666666667
2022-10-07 18:00:00,31.5,48.4,283.416666666667
2022-10-07 19:00:00,28.1666666666667,53.0166666666667,282.383333333333
2022-10-07 20:00:00,29.6666666666667,54.2833333333333,281.783333333333
2022-10-07 21:00:00,27.3333333333333,50.9333333333333,281.433333333333
2022-10-07 22:00:00,22.1666666666667,50.3,281.45
2022-10-07 23:00:00,27.0,49.5833333333333,281.1
2022-10-08 00:00:00,40.0,41.0166666666667,281.45
2022-10-08 01:00:00,30.5,42.95,280.983333333333
2022-10-08 02:00:00,27.0,47.4833333333333,280.5
2022-10-08 03:00:00,33.3333333333333,49.0166666666667,280.183333333333
2022-10-08 04:00:00,30.6666666666667,50.4833333333334,279.766666666667
2022-10-08 05:00:00,32.1666666666667,52.1333333333333,279.3
2022-10-08 06:00:00,63.8333333333333,52.85,279.233333333333
2022-10-08 07:00:00,68.6666666666667,42.8833333333333,279.166666666667
2022-10-08 08:00:00,44.5,54.7833333333333,279.0
2022-10-08 09:00:00,20.6666666666667,77.0833333333333,278.75
2022-10-08 10:00:00,24.8333333333333,75.3166666666667,280.383333333333
2022-10-08 11:00:00,18.5,70.0666666666667,279.516666666667
2022-10-08 12:00:00,26.3333333333333,61.45,280.683333333333
2022-10-08 13:00:00,17.1666666666667,65.6666666666667,279.883333333333
2022-10-08 14:00:00,15.6666666666667,69.7333333333333,279.766666666667
2022-10-08 15:00:00,22.3333333333333,79.55,279.15
2022-10-08 16:00:00,42.3333333333333,86.8666666666667,278.166666666667
2022-10-08 17:00:00,32.6666666666667,94.7,277.8
2022-10-08 18:00:00,59.3333333333333,97.7,276.95
2022-10-08 19:00:00,84.3333333333333,97.25,276.916666666667
2022-10-08 20:00:00,72.5,100.85,276.916666666667
2022-10-08 21:00:00,63.3333333333333,101.15,276.983333333333
2022-10-08 22:00:00,70.3333333333333,101.216666666667,276.95
2022-10-08 23:00:00,51.8333333333333,101.216666666667,276.833333333333
2022-10-09 00:00:00,39.6666666666667,101.366666666667,276.85
2022-10-09 01:00:00,41.0,101.433333333333,276.683333333333
2022-10-09 02:00:00,44.1666666666667,99.35,276.883333333333
2022-10-09 03:00:00,49.3333333333333,98.7666666666667,276.883333333333
2022-10-09 04:00:00,48.3333333333333,99.7666666666667,276.633333333333
2022-10-09 05:00:00,46.0,89.1333333333333,277.316666666667
2022-10-09 06:00:00,46.0,92.5833333333333,277.583333333333
2022-10-09 07:00:00,55.5,96.7666666666667,277.316666666667
2022-10-09 08:00:00,58.0,96.05,277.016666666667
2022-10-09 09:00:00,55.6666666666667,95.5166666666667,277.366666666667
2022-10-09 10:00:00,51.3333333333333,99.3,277.3
2022-10-09 11:00:00,56.8333333333333,98.5166666666667,277.683333333333
2022-10-09 12:00:00,49.3333333333333,92.6666666666667,278.1
2022-10-09 13:00:00,57.5,92.3333333333333,278.25
2022-10-09 14:00:00,46.5,89.2,279.083333333333
2022-10-09 15:00:00,42.3333333333333,85.3,279.3
2022-10-09 16:00:00,43.6666666666667,85.9833333333333,279.183333333333
2022-10-09 17:00:00,56.6666666666667,83.0833333333333,279.25
2022-10-09 18:00:00,42.5,76.1333333333333,278.95
2022-10-09 19:00:00,38.8333333333333,74.7666666666667,278.7
2022-10-09 20:00:00,38.5,75.9,278.383333333333
2022-10-09 21:00:00,39.8333333333333,73.75,278.316666666667
2022-10-09 22:00:00,41.5,72.4666666666667,278.25
2022-10-09 23:00:00,35.0,72.7833333333334,277.983333333333
2022-10-10 00:00:00,32.8333333333333,73.05,277.8
2022-10-10 01:00:00,29.3333333333333,72.2833333333334,277.616666666667
2022-10-10 02:00:00,23.5,70.3,277.866666666667
2022-10-10 03:00:00,24.6666666666667,70.6,277.916666666667
2022-10-10 04:00:00,22.0,71.9833333333333,277.783333333333
2022-10-10 05:00:00,26.0,73.4,277.583333333333
2022-10-10 06:00:00,37.8333333333333,73.4666666666667,277.65
2022-10-10 07:00:00,28.0,74.6166666666667,277.55
2022-10-10 08:00:00,-1.66666666666667,73.05,277.9
2022-10-10 09:00:00,-4.16666666666667,70.05,278.6
2022-10-10 10:00:00,30.5,70.9666666666667,279.35
2022-10-10 11:00:00,26.0,70.9333333333333,280.1
2022-10-10 12:00:00,27.5,71.1666666666667,281.416666666667
2022-10-10 13:00:00,28.5,71.5833333333334,282.266666666667
2022-10-10 14:00:00,23.1666666666667,65.95,282.166666666667
2022-10-10 15:00:00,8.16666666666667,72.2166666666667,280.216666666667
2022-10-10 16:00:00,9.16666666666667,77.0666666666667,279.8
2022-10-10 17:00:00,6.66666666666667,79.5833333333333,279.433333333333
2022-10-10 18:00:00,51.3333333333333,79.75,278.883333333333
2022-10-10 19:00:00,57.0,84.1666666666667,278.316666666667
2022-10-10 20:00:00,-3.33333333333333,93.4166666666667,277.783333333333
2022-10-10 21:00:00,60.1666666666667,98.7333333333333,277.166666666667
2022-10-10 22:00:00,76.6666666666667,92.4,277.15
2022-10-10 23:00:00,75.5,84.2833333333334,277.116666666667
2022-10-11 00:00:00,54.0,82.0166666666667,276.916666666667
2022-10-11 01:00:00,37.1666666666667,81.5166666666667,276.666666666667
2022-10-11 02:00:00,62.8333333333333,79.2333333333333,276.366666666667
2022-10-11 03:00:00,77.0,67.1666666666667,276.283333333333
2022-10-11 04:00:00,101.666666666667,72.5,275.933333333333
2022-10-11 05:00:00,91.6666666666667,68.4666666666667,276.133333333333
2022-10-11 06:00:00,36.0,61.6666666666667,276.366666666667
2022-10-11 07:00:00,34.8333333333333,60.6666666666667,276.6
2022-10-11 08:00:00,39.6666666666667,60.7666666666667,276.8
2022-10-11 09:00:00,58.6666666666667,61.55,277.583333333333
2022-10-11 10:00:00,34.1666666666667,67.3,279.6
2022-10-11 11:00:00,27.0,65.8666666666667,280.766666666667
2022-10-11 12:00:00,26.5,60.5666666666667,281.516666666667
2022-10-11 13:00:00,28.3333333333333,57.5833333333333,281.816666666667
2022-10-11 14:00:00,25.1666666666667,58.8833333333333,281.9
2022-10-11 15:00:00,29.6666666666667,57.3666666666667,282.1
2022-10-11 16:00:00,16.5,67.25,280.5
2022-10-11 17:00:00,24.5,76.2666666666667,279.2
2022-10-11 18:00:00,72.0,82.6166666666667,278.45
2022-10-11 19:00:00,57.0,84.4,277.55
2022-10-11 20:00:00,40.0,84.6166666666667,277.3
2022-10-11 21:00:00,36.5,82.4833333333333,277.583333333333
2022-10-11 22:00:00,34.0,85.3833333333333,277.433333333333
2022-10-11 23:00:00,34.5,81.0,277.716666666667
2022-10-12 00:00:00,33.1666666666667,78.6333333333333,277.95
2022-10-12 01:00:00,36.0,79.3833333333333,277.733333333333
2022-10-12 02:00:00,35.6666666666667,76.45,278.2
2022-10-12 03:00:00,36.1666666666667,78.1,278.166666666667
2022-10-12 04:00:00,31.1666666666667,79.2,278.133333333333
2022-10-12 05:00:00,34.1666666666667,79.2,277.916666666667
2022-10-12 06:00:00,36.1666666666667,79.2333333333333,277.833333333333
2022-10-12 07:00:00,48.1666666666667,82.2666666666667,277.583333333333
2022-10-12 08:00:00,36.5,91.65,276.75
2022-10-12 09:00:00,31.0,87.25,278.066666666667
2022-10-12 10:00:00,30.6666666666667,89.2333333333333,279.883333333333
2022-10-12 11:00:00,21.5,73.2166666666667,279.75
2022-10-12 12:00:00,34.8333333333333,63.4666666666667,282.55
2022-10-12 13:00:00,30.5,56.1833333333333,283.866666666667
2022-10-12 14:00:00,19.6666666666667,54.2,283.883333333333
2022-10-12 15:00:00,9.33333333333333,57.4333333333333,282.833333333333
2022-10-12 16:00:00,9.0,66.0833333333333,281.683333333333
2022-10-12 17:00:00,7.33333333333333,72.5666666666667,280.566666666667
2022-10-12 18:00:00,35.8333333333333,78.7666666666667,279.216666666667
2022-10-12 19:00:00,24.3333333333333,81.8833333333333,278.6
2022-10-12 20:00:00,26.1666666666667,92.2,277.833333333333
2022-10-12 21:00:00,34.0,95.4666666666667,277.5
2022-10-12 22:00:00,32.3333333333333,95.4,277.383333333333
2022-10-12 23:00:00,31.1666666666667,93.9,277.266666666667
2022-10-13 00:00:00,31.5,99.6666666666667,276.966666666667
2022-10-13 01:00:00,30.8333333333333,92.7833333333333,277.1
2022-10-13 02:00:00,29.8333333333333,88.9666666666667,276.916666666667
2022-10-13 03:00:00,34.0,77.4166666666667,277.166666666667
2022-10-13 04:00:00,25.0,73.1,277.133333333333
2022-10-13 05:00:00,23.1666666666667,77.05,276.633333333333
2022-10-13 06:00:00,24.6666666666667,73.9166666666667,277.1
2022-10-13 07:00:00,15.3333333333333,78.35,277.116666666667
2022-10-13 08:00:00,3.16666666666667,79.6333333333334,278.016666666667
2022-10-13 09:00:00,46.8333333333333,78.9,278.366666666667
2022-10-13 10:00:00,27.5,72.7333333333333,280.05
2022-10-13 11:00:00,26.3333333333333,67.1833333333333,281.616666666667
2022-10-13 12:00:00,29.1666666666667,62.85,281.2
2022-10-13 13:00:00,19.8333333333333,67.5833333333334,280.016666666667
2022-10-13 14:00:00,24.8333333333333,65.3833333333333,280.416666666667
2022-10-13 15:00:00,21.1666666666667,64.7,280.933333333333
2022-10-13 16:00:00,29.1666666666667,69.7666666666667,279.666666666667
2022-10-13 17:00:00,11.8333333333333,67.5833333333333,279.516666666667
2022-10-13 18:00:00,32.0,78.5833333333333,278.083333333333
2022-10-13 19:00:00,30.0,80.9666666666667,277.466666666667
2022-10-13 20:00:00,29.3333333333333,79.5166666666667,277.266666666667
2022-10-13 21:00:00,33.0,75.9666666666667,277.483333333333
2022-10-13 22:00:00,35.5,84.9,276.683333333333
2022-10-13 23:00:00,85.8333333333333,100.016666666667,274.916666666667
2022-10-14 00:00:00,71.5,101.316666666667,274.55
2022-10-14 01:00:00,43.5,101.85,274.35
2022-10-14 02:00:00,41.5,102.116666666667,274.55
2022-10-14 03:00:00,50.5,102.266666666667,274.766666666667
2022-10-14 04:00:00,44.8333333333333,102.3,274.933333333333
2022-10-14 05:00:00,73.6666666666667,101.85,275.05
2022-10-14 06:00:00,78.5,101.1,275.133333333333
2022-10-14 07:00:00,74.5,101.466666666667,275.15
2022-10-14 08:00:00,111.0,98.3833333333333,275.766666666667
2022-10-14 09:00:00,122.5,88.55,277.816666666667
2022-10-14 10:00:00,64.8333333333333,93.1833333333333,277.833333333333
2022-10-14 11:00:00,33.1666666666667,79.2,278.566666666667
2022-10-14 12:00:00,36.0,75.5166666666667,278.866666666667
2022-10-14 13:00:00,48.5,90.35,277.766666666667
2022-10-14 14:00:00,45.0,93.25,278.566666666667
2022-10-14 15:00:00,47.6666666666667,78.4166666666667,279.216666666667
2022-10-14 16:00:00,60.8333333333333,71.15,279.066666666667
2022-10-14 17:00:00,62.6666666666667,72.0,278.716666666667
2022-10-14 18:00:00,47.1666666666667,85.6833333333333,277.633333333333
2022-10-14 19:00:00,37.1666666666667,85.3833333333333,277.35
2022-10-14 20:00:00,24.6666666666667,75.2166666666667,277.733333333333
2022-10-14 21:00:00,46.5,75.6833333333333,277.966666666667
2022-10-14 22:00:00,22.8333333333333,92.95,277.0
2022-10-14 23:00:00,58.3333333333333,95.2666666666667,276.95
2022-10-15 00:00:00,38.5,94.9666666666667,277.333333333333
2022-10-15 01:00:00,60.8333333333333,95.8833333333333,277.583333333333
2022-10-15 02:00:00,52.5,89.9833333333333,278.183333333333
2022-10-15 03:00:00,53.0,86.8666666666667,278.5
2022-10-15 04:00:00,50.0,83.3166666666667,278.716666666667
2022-10-15 05:00:00,53.5,86.4666666666667,278.466666666667
2022-10-15 06:00:00,46.0,88.55,278.383333333333
2022-10-15 07:00:00,59.3333333333333,88.0,278.533333333333
2022-10-15 08:00:00,46.8333333333333,82.75,279.016666666667
2022-10-15 09:00:00,48.8333333333333,75.7166666666667,279.816666666667
2022-10-15 10:00:00,33.6666666666667,72.4166666666667,281.85
2022-10-15 11:00:00,32.1666666666667,62.25,283.25
2022-10-15 12:00:00,32.0,56.75,283.0
2022-10-15 13:00:00,29.5,57.8333333333333,282.383333333333
2022-10-15 14:00:00,23.3333333333333,64.2833333333333,281.6
2022-10-15 15:00:00,14.3333333333333,67.3333333333333,282.866666666667
2022-10-15 16:00:00,17.5,70.15,282.0
2022-10-15 17:00:00,34.0,67.95,281.65
2022-10-15 18:00:00,38.8333333333333,65.3666666666667,281.5
2022-10-15 19:00:00,42.5,64.9333333333333,281.316666666667
2022-10-15 20:00:00,39.8333333333333,64.7166666666667,281.1
2022-10-15 21:00:00,39.1666666666667,64.3666666666667,281.016666666667
2022-10-15 22:00:00,42.3333333333333,65.0333333333333,280.816666666667
2022-10-15 23:00:00,40.6666666666667,60.9166666666667,280.766666666667
2022-10-16 00:00:00,37.8333333333333,55.2333333333333,281.083333333333
2022-10-16 01:00:00,37.5,53.65,281.3
2022-10-16 02:00:00,33.6666666666667,55.55,280.983333333333
2022-10-16 03:00:00,32.5,52.6833333333333,281.183333333333
2022-10-16 04:00:00,24.0,44.35,281.833333333333
2022-10-16 05:00:00,20.1666666666667,45.05,281.566666666667
2022-10-16 06:00:00,22.6666666666667,45.35,281.233333333333
2022-10-16 07:00:00,20.8333333333333,44.3,281.116666666667
2022-10-16 08:00:00,12.0,41.8666666666667,282.2
2022-10-16 09:00:00,16.6666666666667,40.6666666666667,282.35
2022-10-16 10:00:00,21.5,40.3,283.983333333333
2022-10-16 11:00:00,25.3333333333333,39.2333333333333,285.283333333333
2022-10-16 12:00:00,22.6666666666667,40.6333333333333,285.65
2022-10-16 13:00:00,20.0,43.9166666666667,286.083333333333
2022-10-16 14:00:00,20.0,44.4,286.166666666667
2022-10-16 15:00:00,17.5,44.7166666666667,286.566666666667
2022-10-16 16:00:00,17.0,44.3333333333333,286.266666666667
2022-10-16 17:00:00,9.83333333333333,45.1,285.466666666667
2022-10-16 18:00:00,18.3333333333333,49.9333333333333,283.35
2022-10-16 19:00:00,22.1666666666667,53.8,282.433333333333
2022-10-16 20:00:00,23.6666666666667,54.7166666666667,282.2
2022-10-16 21:00:00,23.8333333333333,54.6833333333333,281.666666666667
2022-10-16 22:00:00,25.8333333333333,49.9333333333333,281.5
2022-10-16 23:00:00,27.0,41.8833333333333,281.6
2022-10-17 00:00:00,22.1666666666667,46.45,281.483333333333
2022-10-17 01:00:00,25.5,42.05,281.716666666667
2022-10-17 02:00:00,24.3333333333333,34.3333333333333,281.633333333333
2022-10-17 03:00:00,31.3333333333333,31.5333333333333,281.816666666667
2022-10-17 04:00:00,28.8333333333333,30.5166666666667,281.616666666667
2022-10-17 05:00:00,28.5,28.0833333333333,281.716666666667
2022-10-17 06:00:00,26.6666666666667,26.9,281.8
2022-10-17 07:00:00,34.0,25.3,281.933333333333
2022-10-17 08:00:00,20.1666666666667,21.65,283.7
2022-10-17 09:00:00,14.0,22.1,285.016666666667
2022-10-17 10:00:00,18.8333333333333,23.6666666666667,286.3
2022-10-17 11:00:00,22.8333333333333,24.7333333333333,287.05
2022-10-17 12:00:00,28.3333333333333,26.2,287.333333333333
2022-10-17 13:00:00,23.8333333333333,30.55,288.083333333333
2022-10-17 14:00:00,23.3333333333333,30.5666666666667,288.383333333333
2022-10-17 15:00:00,20.6666666666667,30.0666666666667,288.383333333333
2022-10-17 16:00:00,13.5,31.0166666666667,288.0
2022-10-17 17:00:00,-0.5,35.1833333333333,286.133333333333
2022-10-17 18:00:00,16.5,42.0,283.9
2022-10-17 19:00:00,26.0,44.6,283.133333333333
2022-10-17 20:00:00,29.5,45.7833333333333,282.533333333333
2022-10-17 21:00:00,27.0,46.1666666666667,282.4
2022-10-17 22:00:00,29.5,48.5333333333333,281.8
2022-10-17 23:00:00,33.3333333333333,49.2166666666667,281.466666666667
2022-10-18 00:00:00,25.5,49.9166666666667,281.483333333333
2022-10-18 01:00:00,30.1666666666667,49.8,281.283333333333
2022-10-18 02:00:00,24.5,49.3833333333333,281.016666666667
2022-10-18 03:00:00,24.8333333333333,44.6166666666667,281.2
2022-10-18 04:00:00,25.8333333333333,39.05,281.983333333333
2022-10-18 05:00:00,20.8333333333333,38.0166666666667,282.15
2022-10-18 06:00:00,15.5,42.15,282.05
2022-10-18 07:00:00,20.3333333333333,49.2333333333334,281.166666666667
2022-10-18 08:00:00,13.5,51.8166666666667,281.65
2022-10-18 09:00:00,28.1666666666667,50.0166666666667,282.65
2022-10-18 10:00:00,21.5,49.4333333333333,284.766666666667
2022-10-18 11:00:00,27.8333333333333,52.9166666666667,284.983333333333
2022-10-18 12:00:00,22.0,54.1333333333333,284.633333333333
2022-10-18 13:00:00,19.8333333333333,50.8833333333333,285.816666666667
2022-10-18 14:00:00,19.8333333333333,50.2833333333333,286.15
2022-10-18 15:00:00,16.6666666666667,54.7166666666667,285.55
2022-10-18 16:00:00,16.6666666666667,59.8166666666667,284.066666666667
2022-10-18 17:00:00,17.5,67.5833333333333,282.383333333333
2022-10-18 18:00:00,19.8333333333333,73.2333333333333,281.566666666667
2022-10-18 19:00:00,18.6666666666667,75.7,281.216666666667
2022-10-18 20:00:00,18.3333333333333,79.0666666666667,280.75
2022-10-18 21:00:00,22.3333333333333,80.55,280.433333333333
2022-10-18 22:00:00,30.3333333333333,81.4166666666667,280.233333333333
2022-10-18 23:00:00,35.6666666666667,81.8666666666667,280.1
2022-10-19 00:00:00,30.1666666666667,77.3833333333333,280.233333333333
2022-10-19 01:00:00,31.0,76.2666666666667,280.083333333333
2022-10-19 02:00:00,32.3333333333333,77.15,279.95
2022-10-19 03:00:00,32.8333333333333,78.65,279.583333333333
2022-10-19 04:00:00,33.8333333333333,79.7166666666667,279.383333333333
2022-10-19 05:00:00,34.3333333333333,79.0333333333334,279.466666666667
2022-10-19 06:00:00,35.1666666666667,78.1,279.366666666667
2022-10-19 07:00:00,37.1666666666667,78.4,279.183333333333
2022-10-19 08:00:00,27.0,73.7166666666667,280.8
2022-10-19 09:00:00,15.6666666666667,66.7666666666667,282.0
2022-10-19 10:00:00,25.8333333333333,61.0666666666667,283.483333333333
2022-10-19 11:00:00,28.8333333333333,54.8666666666667,284.283333333333
2022-10-19 12:00:00,25.8333333333333,49.1333333333333,285.016666666667
2022-10-19 13:00:00,28.3333333333333,39.6666666666667,285.683333333333
2022-10-19 14:00:00,26.3333333333333,37.6333333333333,286.05
2022-10-19 15:00:00,25.3333333333333,39.5833333333333,286.166666666667
2022-10-19 16:00:00,17.3333333333333,45.4166666666667,285.866666666667
2022-10-19 17:00:00,3.33333333333333,44.65,285.3
2022-10-19 18:00:00,6.5,48.0166666666667,282.883333333333
2022-10-19 19:00:00,14.6666666666667,52.25,281.883333333333
2022-10-19 20:00:00,17.3333333333333,50.3666666666667,281.933333333333
2022-10-19 21:00:00,19.8333333333333,48.7833333333333,281.9
2022-10-19 22:00:00,18.0,49.5,281.733333333333
2022-10-19 23:00:00,21.3333333333333,49.1333333333333,281.866666666667
2022-10-20 00:00:00,21.8333333333333,43.2666666666667,281.75
2022-10-20 01:00:00,21.6666666666667,45.1666666666667,281.816666666667
2022-10-20 02:00:00,21.0,42.2,282.3
2022-10-20 03:00:00,21.1666666666667,42.6166666666667,282.25
2022-10-20 04:00:00,21.0,45.5833333333333,281.966666666667
2022-10-20 05:00:00,22.5,46.8166666666667,282.016666666667
2022-10-20 06:00:00,21.3333333333333,48.3666666666667,281.85
2022-10-20 07:00:00,21.8333333333333,49.45,281.833333333333
2022-10-20 08:00:00,11.3333333333333,48.1666666666667,282.6
2022-10-20 09:00:00,3.33333333333333,42.75,283.983333333333
2022-10-20 10:00:00,14.0,39.25,285.066666666667
2022-10-20 11:00:00,21.0,35.7666666666667,285.783333333333
2022-10-20 12:00:00,17.1666666666667,35.5333333333333,285.35
2022-10-20 13:00:00,22.1666666666667,36.5333333333333,285.9
2022-10-20 14:00:00,22.1666666666667,40.8166666666667,285.133333333333
2022-10-20 15:00:00,23.5,44.4833333333333,284.616666666667
2022-10-20 16:00:00,25.6666666666667,46.3666666666667,284.316666666667
2022-10-20 17:00:00,25.1666666666667,51.0,283.7
2022-10-20 18:00:00,22.5,56.1666666666667,282.883333333333
2022-10-20 19:00:00,22.6666666666667,56.3833333333333,282.7
2022-10-20 20:00:00,22.5,55.0833333333333,282.85
2022-10-20 21:00:00,23.8333333333333,55.9,282.616666666667
2022-10-20 22:00:00,25.3333333333333,56.8333333333333,282.216666666667
2022-10-20 23:00:00,26.8333333333333,57.75,282.0
2022-10-21 00:00:00,26.3333333333333,58.6666666666667,282.033333333333
2022-10-21 01:00:00,26.1666666666667,59.9166666666667,281.816666666667
2022-10-21 02:00:00,27.6666666666667,61.1666666666667,281.566666666667
2022-10-21 03:00:00,27.5,63.4833333333333,281.283333333333
2022-10-21 04:00:00,29.0,64.2,281.216666666667
2022-10-21 05:00:00,27.0,65.65,281.216666666667
2022-10-21 06:00:00,25.8333333333333,65.6166666666667,281.233333333333
2022-10-21 07:00:00,25.5,66.0,281.2
2022-10-21 08:00:00,25.5,66.7166666666667,281.233333333333
2022-10-21 09:00:00,25.3333333333333,66.25,281.566666666667
2022-10-21 10:00:00,26.8333333333333,65.2333333333333,281.9
2022-10-21 11:00:00,25.8333333333333,68.3166666666667,281.55
2022-10-21 12:00:00,26.8333333333333,70.6333333333333,281.15
2022-10-21 13:00:00,25.5,73.4666666666667,281.0
2022-10-21 14:00:00,25.1666666666667,70.95,281.4
2022-10-21 15:00:00,28.0,68.3666666666667,281.616666666667
2022-10-21 16:00:00,30.5,71.1833333333333,281.25
2022-10-21 17:00:00,20.1666666666667,80.5,280.6
2022-10-21 18:00:00,15.5,86.8666666666667,279.85
2022-10-21 19:00:00,18.6666666666667,90.2333333333333,279.733333333333
2022-10-21 20:00:00,15.0,92.3333333333333,279.433333333333
2022-10-21 21:00:00,24.3333333333333,95.2,279.35
2022-10-21 22:00:00,45.1666666666667,91.1666666666667,279.333333333333
2022-10-21 23:00:00,42.5,87.7833333333333,279.216666666667
2022-10-22 00:00:00,18.0,82.5,279.383333333333
2022-10-22 01:00:00,20.1666666666667,83.3333333333333,279.3
2022-10-22 02:00:00,18.3333333333333,82.7166666666667,279.3
2022-10-22 03:00:00,23.3333333333333,93.95,278.4
2022-10-22 04:00:00,59.6666666666667,97.9,275.866666666667
2022-10-22 05:00:00,66.3333333333333,101.1,274.716666666667
2022-10-22 06:00:00,45.5,101.716666666667,274.45
2022-10-22 07:00:00,37.8333333333333,101.95,274.416666666667
2022-10-22 08:00:00,63.1666666666667,102.083333333333,274.483333333333
2022-10-22 09:00:00,96.1666666666667,102.166666666667,274.666666666667
2022-10-22 10:00:00,97.3333333333333,102.183333333333,274.816666666667
2022-10-22 11:00:00,125.833333333333,101.266666666667,276.983333333333
2022-10-22 12:00:00,81.3333333333333,91.9666666666667,278.6
2022-10-22 13:00:00,72.3333333333333,86.05,278.133333333333
2022-10-22 14:00:00,73.8333333333333,83.9833333333333,278.683333333333
2022-10-22 15:00:00,61.8333333333333,79.6666666666667,278.8
2022-10-22 16:00:00,57.8333333333333,72.0666666666667,280.533333333333
2022-10-22 17:00:00,39.1666666666667,69.2833333333333,279.866666666667
2022-10-22 18:00:00,65.8333333333333,70.2166666666667,278.316666666667
2022-10-22 19:00:00,43.1666666666667,67.3833333333333,278.283333333333
2022-10-22 20:00:00,44.6666666666667,63.0,278.35
2022-10-22 21:00:00,50.5,61.7333333333334,278.283333333333
2022-10-22 22:00:00,66.0,59.45,278.283333333333
2022-10-22 23:00:00,58.1666666666667,62.0333333333333,278.5
2022-10-23 00:00:00,53.8333333333333,62.1,278.366666666667
2022-10-23 01:00:00,59.6666666666667,59.5,278.816666666667
2022-10-23 02:00:00,63.3333333333333,61.9333333333333,278.816666666667
2022-10-23 03:00:00,59.5,65.4833333333333,278.383333333333
2022-10-23 04:00:00,64.8333333333333,63.4333333333333,279.383333333333
2022-10-23 05:00:00,66.6666666666667,63.3333333333333,279.833333333333
2022-10-23 06:00:00,63.0,66.55,279.516666666667
2022-10-23 07:00:00,73.8333333333333,66.6333333333333,279.616666666667
2022-10-23 08:00:00,71.1666666666667,65.6166666666667,280.216666666667
2022-10-23 09:00:00,56.0,69.45,280.766666666667
2022-10-23 10:00:00,52.5,61.5,283.233333333333
2022-10-23 11:00:00,38.0,58.4666666666667,283.166666666667
2022-10-23 12:00:00,35.0,62.1166666666667,283.416666666667
2022-10-23 13:00:00,28.8333333333333,60.25,284.0
2022-10-23 14:00:00,31.5,57.9166666666667,284.483333333333
2022-10-23 15:00:00,32.3333333333333,57.5833333333334,284.133333333333
2022-10-23 16:00:00,24.8333333333333,60.4166666666667,283.433333333333
2022-10-23 17:00:00,34.6666666666667,61.4833333333333,282.916666666667
2022-10-23 18:00:00,36.0,63.7,282.083333333333
2022-10-23 19:00:00,39.5,65.9833333333333,281.8
2022-10-23 20:00:00,28.6666666666667,60.7666666666667,282.316666666667
2022-10-23 21:00:00,27.1666666666667,63.8666666666667,281.883333333333
2022-10-23 22:00:00,27.5,73.4833333333333,281.033333333333
2022-10-23 23:00:00,43.0,77.85,280.4
2022-10-24 00:00:00,33.1666666666667,73.5333333333333,280.616666666667
2022-10-24 01:00:00,35.1666666666667,73.4166666666667,280.833333333333
2022-10-24 02:00:00,36.8333333333333,75.2333333333334,280.683333333333
2022-10-24 03:00:00,39.6666666666667,82.2166666666667,279.916666666667
2022-10-24 04:00:00,34.5,84.05,279.8
2022-10-24 05:00:00,28.6666666666667,96.7666666666667,279.016666666667
2022-10-24 06:00:00,18.8333333333333,88.7666666666667,279.066666666667
2022-10-24 07:00:00,16.8333333333333,93.85,278.883333333333
2022-10-24 08:00:00,13.1666666666667,91.6166666666667,278.7
2022-10-24 09:00:00,19.3333333333333,85.1,279.2
2022-10-24 10:00:00,29.0,80.9833333333333,279.833333333333
2022-10-24 11:00:00,21.1666666666667,90.5833333333333,279.25
2022-10-24 12:00:00,19.1666666666667,95.0,279.05
2022-10-24 13:00:00,17.8333333333333,93.9666666666667,278.3
2022-10-24 14:00:00,47.3333333333333,97.7666666666667,276.5
2022-10-24 15:00:00,33.6666666666667,101.083333333333,275.416666666667
2022-10-24 16:00:00,55.3333333333333,101.433333333333,274.616666666667
2022-10-24 17:00:00,19.5,101.75,274.333333333333
2022-10-24 18:00:00,-9.33333333333333,102.016666666667,274.65
2022-10-24 19:00:00,40.6666666666667,101.083333333333,275.6
2022-10-24 20:00:00,51.8333333333333,100.783333333333,275.633333333333
2022-10-24 21:00:00,87.3333333333333,101.183333333333,275.1
2022-10-24 22:00:00,113.0,101.416666666667,275.466666666667
2022-10-24 23:00:00,134.0,100.8,276.0
2022-10-25 00:00:00,97.5,95.3166666666667,276.6
2022-10-25 01:00:00,34.6666666666667,92.4666666666667,276.633333333333
2022-10-25 02:00:00,32.0,87.7,276.633333333333
2022-10-25 03:00:00,40.1666666666667,86.7666666666667,276.466666666667
2022-10-25 04:00:00,37.3333333333333,82.0833333333333,276.383333333333
2022-10-25 05:00:00,33.0,79.3333333333333,276.483333333333
2022-10-25 06:00:00,31.5,78.5833333333333,276.183333333333
2022-10-25 07:00:00,33.3333333333333,74.9666666666667,276.233333333333
2022-10-25 08:00:00,29.5,70.9333333333333,277.15
2022-10-25 09:00:00,21.3333333333333,64.65,278.35
2022-10-25 10:00:00,15.3333333333333,65.0666666666667,280.216666666667
2022-10-25 11:00:00,36.0,64.5,280.283333333333
2022-10-25 12:00:00,41.5,63.45,280.95
2022-10-25 13:00:00,39.5,52.7333333333333,282.166666666667
2022-10-25 14:00:00,27.6666666666667,38.8333333333333,282.95
2022-10-25 15:00:00,18.8333333333333,37.9833333333333,283.216666666667
2022-10-25 16:00:00,19.5,39.0,282.95
2022-10-25 17:00:00,15.8333333333333,42.8833333333333,280.75
2022-10-25 18:00:00,27.1666666666667,48.7833333333333,279.833333333333
2022-10-25 19:00:00,29.5,57.65,279.383333333333
2022-10-25 20:00:00,35.8333333333333,53.8,279.2
2022-10-25 21:00:00,44.3333333333333,46.1833333333333,279.4
2022-10-25 22:00:00,37.5,47.4833333333333,279.033333333333
2022-10-25 23:00:00,36.8333333333333,51.2666666666667,279.35
2022-10-26 00:00:00,32.6666666666667,54.25,279.433333333333
2022-10-26 01:00:00,35.1666666666667,53.35,279.3
2022-10-26 02:00:00,35.3333333333333,50.8,279.9
2022-10-26 03:00:00,28.5,52.0166666666667,280.25
2022-10-26 04:00:00,29.0,56.4666666666667,279.966666666667
2022-10-26 05:00:00,32.1666666666667,58.1166666666667,280.383333333333
2022-10-26 06:00:00,46.3333333333333,62.75,279.816666666667
2022-10-26 07:00:00,35.0,77.1833333333333,278.433333333333
2022-10-26 08:00:00,17.1666666666667,93.7666666666667,277.066666666667
2022-10-26 09:00:00,30.1666666666667,99.2333333333333,276.733333333333
2022-10-26 10:00:00,3.33333333333333,86.6666666666667,278.1
2022-10-26 11:00:00,20.1666666666667,87.2666666666667,279.4
2022-10-26 12:00:00,31.1666666666667,89.6666666666667,278.8
2022-10-26 13:00:00,58.1666666666667,86.7,278.45
2022-10-26 14:00:00,31.1666666666667,84.0333333333333,281.116666666667
2022-10-26 15:00:00,9.5,76.3333333333333,281.7
2022-10-26 16:00:00,12.6666666666667,66.7,282.433333333333
2022-10-26 17:00:00,-5.16666666666667,61.1,281.95
2022-10-26 18:00:00,13.6666666666667,62.3666666666667,280.166666666667
2022-10-26 19:00:00,7.33333333333333,60.4166666666667,279.95
2022-10-26 20:00:00,18.3333333333333,58.5333333333333,279.95
2022-10-26 21:00:00,23.8333333333333,58.8166666666667,279.583333333333
2022-10-26 22:00:00,41.6666666666667,56.6333333333333,279.566666666667
2022-10-26 23:00:00,55.6666666666667,48.8833333333333,279.883333333333
2022-10-27 00:00:00,63.6666666666667,48.0,279.95
2022-10-27 01:00:00,68.1666666666667,48.3,279.766666666667
2022-10-27 02:00:00,68.3333333333333,47.7,279.816666666667
2022-10-27 03:00:00,63.5,45.1333333333333,279.75
2022-10-27 04:00:00,49.6666666666667,42.6833333333333,279.916666666667
2022-10-27 05:00:00,27.8333333333333,35.6,280.566666666667
2022-10-27 06:00:00,26.5,32.9,280.7
2022-10-27 07:00:00,23.8333333333333,32.65,280.116666666667
2022-10-27 08:00:00,24.1666666666667,30.5833333333333,281.55
2022-10-27 09:00:00,19.0,31.9333333333333,283.033333333333
2022-10-27 10:00:00,22.5,39.4833333333333,284.116666666667
2022-10-27 11:00:00,28.3333333333333,44.3,285.366666666667
2022-10-27 12:00:00,31.8333333333333,45.8333333333333,285.666666666667
2022-10-27 13:00:00,23.8333333333333,42.8166666666667,286.25
2022-10-27 14:00:00,23.5,39.75,286.25
2022-10-27 15:00:00,21.5,39.9333333333333,286.583333333333
2022-10-27 16:00:00,20.8333333333333,39.8833333333333,286.216666666667
2022-10-27 17:00:00,6.66666666666667,42.1333333333333,285.033333333333
2022-10-27 18:00:00,26.6666666666667,45.3,283.433333333333
2022-10-27 19:00:00,24.8333333333333,46.2,282.833333333333
2022-10-27 20:00:00,27.0,46.9833333333333,282.733333333333
2022-10-27 21:00:00,26.3333333333333,47.2666666666667,282.633333333333
2022-10-27 22:00:00,33.0,49.8333333333333,281.816666666667
2022-10-27 23:00:00,21.5,49.9833333333333,281.883333333333
2022-10-28 00:00:00,18.0,48.9166666666667,282.083333333333
2022-10-28 01:00:00,17.1666666666667,48.2666666666667,282.183333333333
2022-10-28 02:00:00,17.5,48.1833333333333,282.133333333333
2022-10-28 03:00:00,14.5,47.6666666666667,282.366666666667
2022-10-28 04:00:00,12.5,47.5333333333333,282.3
2022-10-28 05:00:00,13.3333333333333,47.1166666666667,282.283333333333
2022-10-28 06:00:00,14.8333333333333,46.9166666666667,282.45
2022-10-28 07:00:00,14.6666666666667,47.2,282.283333333333
2022-10-28 08:00:00,13.0,45.2333333333333,283.016666666667
2022-10-28 09:00:00,-0.333333333333333,44.5833333333333,284.433333333333
2022-10-28 10:00:00,13.1666666666667,41.75,285.416666666667
2022-10-28 11:00:00,22.8333333333333,42.6,286.133333333333
2022-10-28 12:00:00,22.0,42.8166666666667,286.8
2022-10-28 13:00:00,21.8333333333333,42.4,287.183333333333
2022-10-28 14:00:00,19.1666666666667,40.6333333333333,287.75
2022-10-28 15:00:00,16.0,39.1,287.833333333333
2022-10-28 16:00:00,13.8333333333333,40.5,286.616666666667
2022-10-28 17:00:00,11.6666666666667,41.7333333333333,285.516666666667
2022-10-28 18:00:00,25.3333333333333,43.3833333333333,284.566666666667
2022-10-28 19:00:00,29.1666666666667,45.5166666666667,283.983333333333
2022-10-28 20:00:00,34.0,46.35,283.716666666667
2022-10-28 21:00:00,29.6666666666667,46.45,283.766666666667
2022-10-28 22:00:00,28.5,46.6166666666667,283.666666666667
2022-10-28 23:00:00,24.5,47.0333333333333,283.483333333333
2022-10-29 00:00:00,23.5,47.4166666666667,283.35
2022-10-29 01:00:00,22.5,47.2333333333333,283.266666666667
2022-10-29 02:00:00,19.8333333333333,45.7,283.466666666667
2022-10-29 03:00:00,20.5,44.4166666666667,283.55
2022-10-29 04:00:00,19.3333333333333,43.9666666666667,283.633333333333
2022-10-29 05:00:00,18.6666666666667,45.1666666666667,283.5
2022-10-29 06:00:00,19.6666666666667,44.6333333333333,283.5
2022-10-29 07:00:00,22.3333333333333,44.8333333333333,283.283333333333
2022-10-29 08:00:00,22.6666666666667,44.4833333333333,283.716666666667
2022-10-29 09:00:00,4.5,43.4166666666667,284.933333333333
2022-10-29 10:00:00,22.8333333333333,41.1666666666667,286.333333333333
2022-10-29 11:00:00,16.6666666666667,41.6333333333333,286.866666666667
2022-10-29 12:00:00,21.5,41.2833333333333,287.366666666667
2022-10-29 13:00:00,20.3333333333333,41.1833333333333,287.716666666667
2022-10-29 14:00:00,19.6666666666667,38.05,287.966666666667
2022-10-29 15:00:00,16.6666666666667,36.3833333333333,288.0
2022-10-29 16:00:00,8.0,35.6666666666667,287.65
2022-10-29 17:00:00,10.6666666666667,37.5833333333333,286.266666666667
2022-10-29 18:00:00,23.8333333333333,41.3166666666667,285.016666666667
2022-10-29 19:00:00,22.5,42.85,284.716666666667
2022-10-29 20:00:00,26.8333333333333,42.7666666666667,284.366666666667
2022-10-29 21:00:00,29.8333333333333,44.2333333333333,283.683333333333
2022-10-29 22:00:00,26.5,47.9833333333334,283.366666666667
2022-10-29 23:00:00,24.8333333333333,46.2,283.733333333333
2022-10-30 00:00:00,20.1666666666667,48.3666666666667,283.35
2022-10-30 01:00:00,26.1666666666667,50.35,282.65
2022-10-30 02:00:00,20.0,47.9833333333333,283.083333333333
2022-10-30 03:00:00,33.0,49.1,282.616666666667
2022-10-30 04:00:00,34.0,48.7666666666667,282.466666666667
2022-10-30 05:00:00,36.0,47.35,282.7
2022-10-30 06:00:00,29.0,47.2666666666667,282.55
2022-10-30 07:00:00,29.3333333333333,46.5333333333333,282.8
2022-10-30 08:00:00,26.1666666666667,43.8833333333333,283.5
2022-10-30 09:00:00,35.6666666666667,40.9,284.9
2022-10-30 10:00:00,39.1666666666667,37.7333333333333,285.6
2022-10-30 11:00:00,30.1666666666667,36.1833333333333,286.483333333333
2022-10-30 12:00:00,29.5,35.7666666666667,286.966666666667
2022-10-30 13:00:00,26.8333333333333,34.2333333333333,287.65
2022-10-30 14:00:00,25.3333333333333,33.35,287.933333333333
2022-10-30 15:00:00,21.0,33.1166666666667,287.883333333333
2022-10-30 16:00:00,14.6666666666667,34.45,286.833333333333
2022-10-30 17:00:00,17.6666666666667,37.5,285.233333333333
2022-10-30 18:00:00,26.3333333333333,41.0666666666667,283.7
2022-10-30 19:00:00,22.3333333333333,43.5166666666667,283.35
2022-10-30 20:00:00,21.3333333333333,46.3333333333333,282.85
2022-10-30 21:00:00,21.5,47.45,282.483333333333
2022-10-30 22:00:00,21.0,47.9666666666667,282.183333333333
2022-10-30 23:00:00,21.0,47.25,281.966666666667
2022-10-31 00:00:00,22.3333333333333,46.1833333333333,281.983333333333
2022-10-31 01:00:00,29.0,47.0333333333333,281.233333333333
2022-10-31 02:00:00,23.0,45.2333333333333,281.166666666667
2022-10-31 03:00:00,24.6666666666667,44.3,281.1
2022-10-31 04:00:00,24.8333333333333,42.7333333333333,281.366666666667
2022-10-31 05:00:00,29.8333333333333,42.55,281.083333333333
2022-10-31 06:00:00,27.1666666666667,42.8666666666667,280.916666666667
2022-10-31 07:00:00,25.5,43.25,280.816666666667
2022-10-31 08:00:00,27.3333333333333,40.6833333333333,281.466666666667
2022-10-31 09:00:00,17.8333333333333,37.7333333333333,283.483333333333
2022-10-31 10:00:00,27.5,35.7166666666667,284.533333333333
2022-10-31 11:00:00,32.6666666666667,34.45,284.866666666667
2022-10-31 12:00:00,29.1666666666667,33.3333333333333,285.233333333333
2022-10-31 13:00:00,22.1666666666667,34.6666666666667,283.966666666667
2022-10-31 14:00:00,18.8333333333333,36.2,283.433333333333
2022-10-31 15:00:00,26.3333333333333,35.4833333333333,283.4
2022-10-31 16:00:00,20.1666666666667,33.2833333333333,284.6
2022-10-31 17:00:00,18.0,34.8833333333333,283.466666666667
2022-10-31 18:00:00,30.8333333333333,35.7833333333333,282.216666666667
2022-10-31 19:00:00,29.3333333333333,35.85,281.466666666667
2022-10-31 20:00:00,27.3333333333333,38.5166666666667,280.6
2022-10-31 21:00:00,32.0,40.7333333333333,280.0
2022-10-31 22:00:00,29.1666666666667,39.3833333333333,280.266666666667
2022-10-31 23:00:00,27.1666666666667,40.65,279.783333333333
2022-11-01 00:00:00,29.5,43.8833333333333,279.366666666667
2022-11-01 01:00:00,30.5,42.4833333333333,279.133333333333
2022-11-01 02:00:00,31.6666666666667,40.5833333333333,279.2
2022-11-01 03:00:00,29.3333333333333,39.8166666666667,279.133333333333
2022-11-01 04:00:00,29.5,40.4333333333333,279.45
2022-11-01 05:00:00,27.6666666666667,40.05,279.716666666667
2022-11-01 06:00:00,28.0,39.6833333333333,280.183333333333
2022-11-01 07:00:00,33.5,40.6333333333333,279.866666666667
2022-11-01 08:00:00,34.3333333333333,40.3833333333333,280.116666666667
2022-11-01 09:00:00,33.6666666666667,43.8166666666667,280.2
2022-11-01 10:00:00,32.5,52.0666666666667,280.05
2022-11-01 11:00:00,26.0,57.1833333333333,280.083333333333
2022-11-01 12:00:00,28.3333333333333,63.6,279.466666666667
2022-11-01 13:00:00,23.3333333333333,64.9166666666667,280.066666666667
2022-11-01 14:00:00,26.6666666666667,68.3833333333333,279.783333333333
2022-11-01 15:00:00,16.8333333333333,77.0833333333333,278.983333333333
2022-11-01 16:00:00,17.5,78.15,278.966666666667
2022-11-01 17:00:00,17.0,80.3833333333333,278.783333333333
2022-11-01 18:00:00,20.0,80.8666666666667,278.316666666667
2022-11-01 19:00:00,21.6666666666667,78.5333333333334,278.2
2022-11-01 20:00:00,26.5,77.5833333333333,277.7
2022-11-01 21:00:00,31.6666666666667,77.1,277.416666666667
2022-11-01 22:00:00,33.6666666666667,76.7833333333333,277.083333333333
2022-11-01 23:00:00,39.8333333333333,78.1333333333333,276.933333333333
2022-11-02 00:00:00,44.3333333333333,81.5833333333333,276.533333333333
2022-11-02 01:00:00,80.3333333333333,63.4166666666667,276.766666666667
2022-11-02 02:00:00,49.1666666666667,34.6,277.383333333333
2022-11-02 03:00:00,26.6666666666667,31.4,277.583333333333
2022-11-02 04:00:00,28.0,33.1166666666667,277.083333333333
2022-11-02 05:00:00,21.8333333333333,51.95,275.95
2022-11-02 06:00:00,29.1666666666667,61.6333333333333,275.5
2022-11-02 07:00:00,69.5,67.8166666666667,274.666666666667
2022-11-02 08:00:00,89.5,67.4166666666667,274.666666666667
2022-11-02 09:00:00,46.6666666666667,86.2166666666667,275.966666666667
2022-11-02 10:00:00,21.0,82.2166666666667,276.9
2022-11-02 11:00:00,26.1666666666667,72.6666666666667,277.466666666667
2022-11-02 12:00:00,20.3333333333333,67.95,278.683333333333
2022-11-02 13:00:00,28.3333333333333,65.1166666666667,279.616666666667
2022-11-02 14:00:00,29.8333333333333,69.95,278.333333333333
2022-11-02 15:00:00,28.1666666666667,71.5833333333333,277.75
2022-11-02 16:00:00,24.6666666666667,87.3333333333333,276.8
2022-11-02 17:00:00,30.1666666666667,93.55,275.9
2022-11-02 18:00:00,39.5,85.1166666666667,275.4
2022-11-02 19:00:00,31.8333333333333,91.0333333333333,274.866666666667
2022-11-02 20:00:00,56.1666666666667,83.0833333333333,275.366666666667
2022-11-02 21:00:00,26.5,78.2666666666667,275.583333333333
2022-11-02 22:00:00,29.6666666666667,72.0166666666667,275.9
2022-11-02 23:00:00,31.1666666666667,67.2,276.1
2022-11-03 00:00:00,26.6666666666667,66.2833333333334,276.2
2022-11-03 01:00:00,25.5,66.6833333333333,275.85
2022-11-03 02:00:00,25.5,67.5666666666667,275.8
2022-11-03 03:00:00,22.8333333333333,67.4833333333333,275.483333333333
2022-11-03 04:00:00,24.0,68.6,275.383333333333
2022-11-03 05:00:00,27.5,63.6166666666667,275.35
2022-11-03 06:00:00,28.3333333333333,62.9,275.25
2022-11-03 07:00:00,25.6666666666667,61.6333333333333,275.166666666667
2022-11-03 08:00:00,24.8333333333333,58.05,275.516666666667
2022-11-03 09:00:00,27.0,52.8166666666667,276.8
2022-11-03 10:00:00,29.5,48.75,278.666666666667
2022-11-03 11:00:00,37.1666666666667,51.3,279.2
2022-11-03 12:00:00,37.8333333333333,50.2666666666667,279.633333333333
2022-11-03 13:00:00,39.1666666666667,49.3666666666667,279.766666666667
2022-11-03 14:00:00,34.1666666666667,51.55,279.25
2022-11-03 15:00:00,32.1666666666667,56.2333333333334,278.066666666667
2022-11-03 16:00:00,26.6666666666667,59.1333333333333,277.15
2022-11-03 17:00:00,28.5,59.1166666666667,276.7
2022-11-03 18:00:00,27.3333333333333,61.4166666666667,276.2
2022-11-03 19:00:00,33.6666666666667,59.1833333333333,276.05
2022-11-03 20:00:00,36.5,61.1666666666667,276.1
2022-11-03 21:00:00,42.1666666666667,63.8833333333334,276.3
2022-11-03 22:00:00,34.5,67.7666666666667,276.116666666667
2022-11-03 23:00:00,31.3333333333333,71.0166666666667,275.833333333333
2022-11-04 00:00:00,28.3333333333333,79.4833333333333,275.616666666667
2022-11-04 01:00:00,10.1666666666667,101.066666666667,274.216666666667
2022-11-04 02:00:00,33.0,98.75,273.483333333333
2022-11-04 03:00:00,52.0,90.3166666666667,271.666666666667
2022-11-04 04:00:00,73.5,94.5166666666667,270.733333333333
2022-11-04 05:00:00,79.3333333333333,100.366666666667,269.9
2022-11-04 06:00:00,79.1666666666667,100.666666666667,269.4
2022-11-04 07:00:00,113.833333333333,100.7,269.433333333333
2022-11-04 08:00:00,159.5,100.6,268.983333333333
2022-11-04 09:00:00,171.333333333333,100.5,268.516666666667
2022-11-04 10:00:00,180.166666666667,100.583333333333,269.1
2022-11-04 11:00:00,167.333333333333,100.7,270.183333333333
2022-11-04 12:00:00,165.0,100.766666666667,270.966666666667
2022-11-04 13:00:00,161.833333333333,100.666666666667,270.933333333333
2022-11-04 14:00:00,137.5,100.4,271.65
2022-11-04 15:00:00,149.166666666667,100.333333333333,270.15
2022-11-04 16:00:00,180.333333333333,100.566666666667,269.8
2022-11-04 17:00:00,201.5,100.5,268.633333333333
2022-11-04 18:00:00,207.833333333333,100.516666666667,268.266666666667
2022-11-04 19:00:00,203.666666666667,100.483333333333,267.733333333333
2022-11-04 20:00:00,180.5,100.433333333333,267.5
2022-11-04 21:00:00,181.5,100.416666666667,267.7
2022-11-04 22:00:00,182.666666666667,100.5,268.1
2022-11-04 23:00:00,191.5,100.5,268.233333333333
2022-11-05 00:00:00,208.166666666667,100.483333333333,267.85
2022-11-05 01:00:00,195.333333333333,100.5,268.133333333333
2022-11-05 02:00:00,156.5,100.5,268.333333333333
2022-11-05 03:00:00,155.166666666667,100.5,268.533333333333
2022-11-05 04:00:00,166.666666666667,100.6,268.733333333333
2022-11-05 05:00:00,185.0,100.6,269.066666666667
2022-11-05 06:00:00,197.666666666667,100.6,269.15
2022-11-05 07:00:00,197.833333333333,100.6,269.05
2022-11-05 08:00:00,179.833333333333,100.583333333333,269.15
2022-11-05 09:00:00,173.166666666667,100.633333333333,269.933333333333
2022-11-05 10:00:00,198.833333333333,100.733333333333,271.133333333333
2022-11-05 11:00:00,231.666666666667,100.116666666667,271.25
2022-11-05 12:00:00,254.5,98.3166666666667,271.516666666667
2022-11-05 13:00:00,226.0,100.666666666667,272.466666666667
2022-11-05 14:00:00,261.666666666667,99.1166666666667,270.883333333333
2022-11-05 15:00:00,270.666666666667,98.5666666666667,270.2
2022-11-05 16:00:00,253.833333333333,89.2333333333333,269.333333333333
2022-11-05 17:00:00,243.333333333333,92.0166666666667,269.1
2022-11-05 18:00:00,242.5,95.2666666666667,268.866666666667
2022-11-05 19:00:00,244.0,97.4166666666667,268.583333333333
2022-11-05 20:00:00,238.5,94.8166666666667,268.05
2022-11-05 21:00:00,238.333333333333,91.5,267.816666666667
2022-11-05 22:00:00,227.666666666667,95.8666666666667,267.933333333333
2022-11-05 23:00:00,235.5,93.8333333333333,267.533333333333
2022-11-06 00:00:00,234.0,86.6333333333333,267.666666666667
2022-11-06 01:00:00,223.666666666667,83.4,267.75
2022-11-06 02:00:00,210.333333333333,81.5833333333333,267.95
2022-11-06 03:00:00,206.0,62.85,268.633333333333
2022-11-06 04:00:00,215.0,63.4833333333333,268.433333333333
2022-11-06 05:00:00,221.0,44.0833333333333,269.833333333333
2022-11-06 06:00:00,222.333333333333,31.1,270.533333333333
2022-11-06 07:00:00,219.833333333333,18.5833333333333,271.366666666667
2022-11-06 08:00:00,212.166666666667,16.1,272.033333333333
2022-11-06 09:00:00,187.833333333333,12.5333333333333,275.316666666667
2022-11-06 10:00:00,169.666666666667,9.68333333333333,278.866666666667
2022-11-06 11:00:00,170.166666666667,7.03333333333333,280.266666666667
2022-11-06 12:00:00,105.0,6.95,285.1
2022-11-06 13:00:00,144.166666666667,12.4333333333333,281.816666666667
2022-11-06 14:00:00,157.833333333333,17.0,281.35
2022-11-06 15:00:00,174.166666666667,25.5166666666667,280.133333333333
2022-11-06 16:00:00,191.166666666667,30.6666666666667,279.166666666667
2022-11-06 17:00:00,206.333333333333,37.5166666666667,278.316666666667
2022-11-06 18:00:00,206.0,39.0333333333333,278.1
2022-11-06 19:00:00,205.166666666667,44.3,277.85
2022-11-06 20:00:00,204.166666666667,48.4,277.533333333333
2022-11-06 21:00:00,196.666666666667,52.8666666666667,277.15
2022-11-06 22:00:00,194.333333333333,50.35,275.983333333333
2022-11-06 23:00:00,189.0,52.65,274.966666666667
2022-11-07 00:00:00,181.166666666667,53.1166666666667,274.283333333333
2022-11-07 01:00:00,182.333333333333,52.8166666666667,274.916666666667
2022-11-07 02:00:00,184.5,54.95,275.116666666667
2022-11-07 03:00:00,185.166666666667,59.8,274.35
2022-11-07 04:00:00,180.333333333333,62.0666666666667,273.766666666667
2022-11-07 05:00:00,174.666666666667,64.8833333333333,273.6
2022-11-07 06:00:00,166.666666666667,64.8,273.25
2022-11-07 07:00:00,165.666666666667,61.6166666666667,273.883333333333
2022-11-07 08:00:00,161.5,52.5833333333333,274.8
2022-11-07 09:00:00,158.333333333333,37.0166666666667,276.8
2022-11-07 10:00:00,143.166666666667,38.8833333333333,279.1
2022-11-07 11:00:00,130.5,43.95,280.866666666667
2022-11-07 12:00:00,118.666666666667,44.1666666666667,281.383333333333
2022-11-07 13:00:00,125.5,42.3166666666667,280.866666666667
2022-11-07 14:00:00,122.666666666667,39.2333333333333,281.033333333333
2022-11-07 15:00:00,123.5,44.1166666666667,280.333333333333
2022-11-07 16:00:00,139.166666666667,34.8333333333333,280.066666666667
2022-11-07 17:00:00,149.666666666667,29.4,278.316666666667
2022-11-07 18:00:00,152.666666666667,25.3,277.65
2022-11-07 19:00:00,141.833333333333,26.7333333333333,277.666666666667
2022-11-07 20:00:00,132.666666666667,27.4666666666667,277.3
2022-11-07 21:00:00,132.333333333333,23.3333333333333,277.866666666667
2022-11-07 22:00:00,130.333333333333,22.3666666666667,277.95
2022-11-07 23:00:00,129.666666666667,20.5,278.283333333333
2022-11-08 00:00:00,130.5,21.6,277.433333333333
2022-11-08 01:00:00,132.333333333333,20.95,277.433333333333
2022-11-08 02:00:00,143.333333333333,20.7166666666667,277.15
2022-11-08 03:00:00,130.833333333333,17.8666666666667,278.283333333333
2022-11-08 04:00:00,130.666666666667,17.7833333333333,278.316666666667
2022-11-08 05:00:00,132.333333333333,16.85,278.633333333333
2022-11-08 06:00:00,137.333333333333,15.1666666666667,278.916666666667
2022-11-08 07:00:00,141.333333333333,13.7333333333333,278.6
2022-11-08 08:00:00,143.0,13.0,279.1
2022-11-08 09:00:00,130.833333333333,14.6166666666667,280.15
2022-11-08 10:00:00,123.166666666667,14.0833333333333,280.733333333333
2022-11-08 11:00:00,116.333333333333,15.8666666666667,282.9
2022-11-08 12:00:00,122.333333333333,18.8333333333333,282.05
2022-11-08 13:00:00,128.666666666667,20.7833333333333,282.65
2022-11-08 14:00:00,128.5,21.9333333333333,282.566666666667
2022-11-08 15:00:00,115.166666666667,25.1666666666667,282.3
2022-11-08 16:00:00,122.166666666667,25.7166666666667,280.866666666667
2022-11-08 17:00:00,132.0,30.7166666666667,278.616666666667
2022-11-08 18:00:00,141.166666666667,28.3833333333333,277.95
2022-11-08 19:00:00,143.166666666667,31.05,277.383333333333
2022-11-08 20:00:00,133.333333333333,29.9833333333333,277.866666666667
2022-11-08 21:00:00,131.333333333333,30.65,277.633333333333
2022-11-08 22:00:00,127.5,32.5333333333333,277.416666666667
2022-11-08 23:00:00,127.833333333333,35.2833333333333,277.233333333333
2022-11-09 00:00:00,131.0,37.3166666666667,277.0
2022-11-09 01:00:00,124.666666666667,38.8,277.15
2022-11-09 02:00:00,125.833333333333,44.55,277.133333333333
2022-11-09 03:00:00,127.5,51.2166666666667,276.316666666667
2022-11-09 04:00:00,127.333333333333,53.85,275.966666666667
2022-11-09 05:00:00,126.5,59.8833333333333,275.983333333333
2022-11-09 06:00:00,126.833333333333,63.5,275.733333333333
2022-11-09 07:00:00,126.0,62.8666666666667,276.05
2022-11-09 08:00:00,129.166666666667,61.8166666666667,276.45
2022-11-09 09:00:00,124.666666666667,66.3166666666667,277.1
2022-11-09 10:00:00,125.333333333333,68.4833333333333,277.066666666667
2022-11-09 11:00:00,97.0,65.1333333333334,277.866666666667
2022-11-09 12:00:00,106.333333333333,64.5666666666667,278.35
2022-11-09 13:00:00,105.833333333333,64.0166666666667,278.933333333333
2022-11-09 14:00:00,102.0,65.5833333333333,278.5
2022-11-09 15:00:00,117.833333333333,65.8,277.983333333333
2022-11-09 16:00:00,111.5,66.25,277.8
2022-11-09 17:00:00,106.5,67.0,277.5
2022-11-09 18:00:00,112.5,69.8,277.2
2022-11-09 19:00:00,,,
2022-11-09 20:00:00,120.5,73.7166666666667,276.933333333333
2022-11-09 21:00:00,126.333333333333,90.7666666666667,275.75
2022-11-09 22:00:00,125.333333333333,99.5,275.1
2022-11-09 23:00:00,123.166666666667,100.983333333333,274.7
2022-11-10 00:00:00,114.833333333333,99.9,274.65
2022-11-10 01:00:00,103.666666666667,100.683333333333,274.366666666667
2022-11-10 02:00:00,106.333333333333,101.4,273.866666666667
2022-11-10 03:00:00,123.833333333333,101.55,273.583333333333
2022-11-10 04:00:00,129.333333333333,101.766666666667,273.316666666667
2022-11-10 05:00:00,128.0,101.9,273.45
2022-11-10 06:00:00,133.0,102.0,273.4
2022-11-10 07:00:00,145.5,101.983333333333,273.35
2022-11-10 08:00:00,116.166666666667,101.7,273.25
2022-11-10 09:00:00,89.8333333333333,100.916666666667,273.783333333333
2022-11-10 10:00:00,124.666666666667,96.75,274.533333333333
2022-11-10 11:00:00,142.333333333333,98.85,273.75
2022-11-10 12:00:00,139.666666666667,99.5666666666667,275.183333333333
2022-11-10 13:00:00,141.333333333333,80.05,274.983333333333
2022-11-10 14:00:00,135.333333333333,71.15,276.133333333333
2022-11-10 15:00:00,134.5,72.0833333333333,277.183333333333
2022-11-10 16:00:00,130.333333333333,67.9666666666667,277.116666666667
2022-11-10 17:00:00,132.333333333333,67.9833333333333,275.683333333333
2022-11-10 18:00:00,150.5,69.3,274.266666666667
2022-11-10 19:00:00,148.833333333333,57.7833333333333,274.883333333333
2022-11-10 20:00:00,147.5,30.6,275.666666666667
2022-11-10 21:00:00,142.0,18.05,276.716666666667
2022-11-10 22:00:00,138.333333333333,16.0166666666667,277.833333333333
2022-11-10 23:00:00,138.833333333333,24.7,278.466666666667
2022-11-11 00:00:00,141.5,31.5833333333333,278.766666666667
2022-11-11 01:00:00,142.333333333333,31.5333333333333,279.283333333333
2022-11-11 02:00:00,139.833333333333,30.9166666666667,279.833333333333
2022-11-11 03:00:00,139.333333333333,31.6166666666667,279.5
2022-11-11 04:00:00,138.0,29.5666666666667,280.066666666667
2022-11-11 05:00:00,142.833333333333,29.0666666666667,280.266666666667
2022-11-11 06:00:00,142.5,31.0833333333333,279.916666666667
2022-11-11 07:00:00,149.0,31.6333333333333,279.283333333333
2022-11-11 08:00:00,137.666666666667,30.8,280.116666666667
2022-11-11 09:00:00,123.333333333333,28.7333333333333,282.283333333333
2022-11-11 10:00:00,97.6666666666667,32.3666666666667,285.316666666667
2022-11-11 11:00:00,94.3333333333333,34.6,284.983333333333
2022-11-11 12:00:00,109.666666666667,34.6666666666667,284.116666666667
2022-11-11 13:00:00,98.6666666666667,32.8166666666667,284.633333333333
2022-11-11 14:00:00,104.166666666667,34.4666666666667,284.033333333333
2022-11-11 15:00:00,112.166666666667,36.2333333333333,283.366666666667
2022-11-11 16:00:00,108.333333333333,35.6166666666667,282.633333333333
2022-11-11 17:00:00,118.333333333333,37.4333333333333,281.033333333333
2022-11-11 18:00:00,125.166666666667,35.2333333333333,280.616666666667
2022-11-11 19:00:00,126.666666666667,34.0166666666667,280.333333333333
2022-11-11 20:00:00,126.333333333333,34.4166666666667,280.183333333333
2022-11-11 21:00:00,127.666666666667,33.75,280.466666666667
2022-11-11 22:00:00,125.166666666667,32.1333333333333,280.816666666667
2022-11-11 23:00:00,124.333333333333,25.45,281.3
2022-11-12 00:00:00,123.333333333333,18.4333333333333,281.85
2022-11-12 01:00:00,123.833333333333,19.4166666666667,281.566666666667
2022-11-12 02:00:00,119.5,19.8833333333333,281.266666666667
2022-11-12 03:00:00,119.833333333333,18.5333333333333,281.466666666667
2022-11-12 04:00:00,118.666666666667,20.0333333333333,280.85
2022-11-12 05:00:00,122.5,19.0,281.183333333333
2022-11-12 06:00:00,116.833333333333,16.0666666666667,281.8
2022-11-12 07:00:00,117.0,15.25,281.85
2022-11-12 08:00:00,116.333333333333,16.2,281.4
2022-11-12 09:00:00,116.333333333333,15.3166666666667,282.233333333333
2022-11-12 10:00:00,103.0,16.4,283.8
2022-11-12 11:00:00,100.5,18.2166666666667,283.866666666667
2022-11-12 12:00:00,95.3333333333333,22.3333333333333,284.716666666667
2022-11-12 13:00:00,100.5,27.3833333333333,284.833333333333
2022-11-12 14:00:00,110.166666666667,28.1,284.55
2022-11-12 15:00:00,115.833333333333,29.8333333333333,283.183333333333
2022-11-12 16:00:00,112.666666666667,26.5666666666667,282.066666666667
2022-11-12 17:00:00,119.5,22.95,281.366666666667
2022-11-12 18:00:00,123.833333333333,21.4333333333333,280.8
2022-11-12 19:00:00,127.166666666667,21.05,280.283333333333
2022-11-12 20:00:00,125.333333333333,22.15,280.05
2022-11-12 21:00:00,125.166666666667,22.85,279.416666666667
2022-11-12 22:00:00,125.833333333333,20.1,280.083333333333
2022-11-12 23:00:00,121.833333333333,23.5833333333333,279.3
2022-11-13 00:00:00,118.166666666667,23.6833333333333,279.3
2022-11-13 01:00:00,116.833333333333,17.5833333333333,280.366666666667
2022-11-13 02:00:00,115.0,14.5666666666667,281.0
2022-11-13 03:00:00,118.5,16.0666666666667,280.883333333333
2022-11-13 04:00:00,123.666666666667,18.0666666666667,280.166666666667
2022-11-13 05:00:00,122.333333333333,17.8333333333333,280.3
2022-11-13 06:00:00,120.5,18.5666666666667,280.166666666667
2022-11-13 07:00:00,122.5,22.5333333333333,280.266666666667
2022-11-13 08:00:00,122.5,25.3666666666667,279.716666666667
2022-11-13 09:00:00,116.333333333333,32.9166666666667,280.733333333333
2022-11-13 10:00:00,113.0,34.5666666666667,282.116666666667
2022-11-13 11:00:00,111.833333333333,35.4833333333333,282.116666666667
2022-11-13 12:00:00,123.0,30.8166666666667,281.616666666667
2022-11-13 13:00:00,128.0,27.5333333333333,281.1
2022-11-13 14:00:00,126.333333333333,25.85,280.85
2022-11-13 15:00:00,111.5,25.2333333333333,279.766666666667
2022-11-13 16:00:00,109.5,26.7166666666667,279.266666666667
2022-11-13 17:00:00,108.166666666667,34.0666666666667,277.516666666667
2022-11-13 18:00:00,116.5,40.45,275.95
2022-11-13 19:00:00,117.0,42.45,275.683333333333
2022-11-13 20:00:00,116.666666666667,43.7666666666667,275.55
2022-11-13 21:00:00,118.0,46.0333333333333,275.15
2022-11-13 22:00:00,119.333333333333,49.7333333333333,274.75
2022-11-13 23:00:00,120.333333333333,53.1666666666667,274.766666666667
2022-11-14 00:00:00,119.333333333333,62.3166666666667,274.05
2022-11-14 01:00:00,120.5,68.9666666666667,273.35
2022-11-14 02:00:00,121.333333333333,72.6,272.983333333333
2022-11-14 03:00:00,123.166666666667,79.4166666666667,272.6
2022-11-14 04:00:00,120.833333333333,84.05,272.25
2022-11-14 05:00:00,116.5,94.35,271.816666666667
2022-11-14 06:00:00,93.0,99.0,271.633333333333
2022-11-14 07:00:00,95.1666666666667,90.0166666666667,271.766666666667
2022-11-14 08:00:00,96.6666666666667,74.4,272.3
2022-11-14 09:00:00,99.0,73.7166666666667,272.383333333333
2022-11-14 10:00:00,104.5,68.5666666666667,272.933333333333
2022-11-14 11:00:00,107.166666666667,64.75,274.283333333333
2022-11-14 12:00:00,109.166666666667,60.3666666666667,275.05
2022-11-14 13:00:00,116.833333333333,54.55,276.35
2022-11-14 14:00:00,116.666666666667,56.4666666666667,276.116666666667
2022-11-14 15:00:00,118.333333333333,59.0166666666667,275.1
2022-11-14 16:00:00,117.166666666667,63.85,273.85
2022-11-14 17:00:00,120.333333333333,66.2333333333333,273.033333333333
2022-11-14 18:00:00,123.333333333333,66.6833333333333,272.983333333333
2022-11-14 19:00:00,118.5,65.4333333333333,273.283333333333
2022-11-14 20:00:00,118.5,64.7666666666667,273.533333333333
2022-11-14 21:00:00,119.166666666667,64.9666666666667,273.6
2022-11-14 22:00:00,124.0,64.1,273.616666666667
2022-11-14 23:00:00,128.5,64.5833333333333,273.466666666667
2022-11-15 00:00:00,127.833333333333,64.95,273.433333333333
2022-11-15 01:00:00,125.666666666667,64.2666666666667,273.766666666667
2022-11-15 02:00:00,124.0,60.3666666666667,273.95
2022-11-15 03:00:00,123.0,57.6833333333333,274.216666666667
2022-11-15 04:00:00,121.666666666667,54.5666666666667,274.533333333333
2022-11-15 05:00:00,119.833333333333,52.9166666666667,274.383333333333
2022-11-15 06:00:00,122.333333333333,52.7,274.233333333333
2022-11-15 07:00:00,123.0,53.6333333333333,273.983333333333
2022-11-15 08:00:00,121.833333333333,51.6833333333333,274.233333333333
2022-11-15 09:00:00,117.0,48.5,276.466666666667
2022-11-15 10:00:00,118.5,48.6333333333333,278.1
2022-11-15 11:00:00,123.5,51.3,278.05
2022-11-15 12:00:00,120.666666666667,51.4,278.883333333333
2022-11-15 13:00:00,119.666666666667,55.15,278.05
2022-11-15 14:00:00,119.5,58.1666666666667,277.466666666667
2022-11-15 15:00:00,114.833333333333,62.4,276.983333333333
2022-11-15 16:00:00,108.5,67.4166666666667,276.116666666667
2022-11-15 17:00:00,101.333333333333,73.1,275.366666666667
2022-11-15 18:00:00,99.3333333333333,74.4,274.85
2022-11-15 19:00:00,103.5,74.25,274.733333333333
2022-11-15 20:00:00,99.1666666666667,73.4,274.9
2022-11-15 21:00:00,100.166666666667,72.5333333333334,274.966666666667
2022-11-15 22:00:00,99.5,74.8,274.666666666667
2022-11-15 23:00:00,102.333333333333,72.3166666666667,275.0
2022-11-16 00:00:00,103.0,72.0,275.366666666667
2022-11-16 01:00:00,102.5,73.6,275.333333333333
2022-11-16 02:00:00,99.8333333333333,76.1666666666667,275.083333333333
2022-11-16 03:00:00,99.3333333333333,79.55,275.116666666667
2022-11-16 04:00:00,74.1666666666667,98.0333333333333,274.016666666667
2022-11-16 05:00:00,81.6666666666667,100.983333333333,274.083333333333
2022-11-16 06:00:00,79.8333333333333,101.35,273.75
2022-11-16 07:00:00,127.166666666667,101.183333333333,273.816666666667
2022-11-16 08:00:00,123.833333333333,100.85,273.566666666667
2022-11-16 09:00:00,88.5,89.95,274.433333333333
2022-11-16 10:00:00,113.166666666667,94.5833333333333,274.383333333333
2022-11-16 11:00:00,144.333333333333,96.6166666666667,273.1
2022-11-16 12:00:00,151.0,96.9833333333334,272.8
2022-11-16 13:00:00,148.833333333333,96.7,272.45
2022-11-16 14:00:00,148.833333333333,94.85,272.133333333333
2022-11-16 15:00:00,127.833333333333,77.8833333333333,271.85
2022-11-16 16:00:00,116.166666666667,85.7833333333334,272.916666666667
2022-11-16 17:00:00,119.166666666667,93.1,271.416666666667
2022-11-16 18:00:00,126.666666666667,88.1,270.466666666667
2022-11-16 19:00:00,124.833333333333,79.5833333333333,270.583333333333
2022-11-16 20:00:00,123.166666666667,68.9333333333333,270.75
2022-11-16 21:00:00,123.5,61.9333333333333,271.016666666667
2022-11-16 22:00:00,120.0,56.9666666666667,271.183333333333
2022-11-16 23:00:00,117.5,49.2666666666667,272.5
2022-11-17 00:00:00,116.333333333333,45.9,273.383333333333
2022-11-17 01:00:00,118.833333333333,39.6166666666667,274.466666666667
2022-11-17 02:00:00,121.5,41.3833333333333,274.783333333333
2022-11-17 03:00:00,130.166666666667,40.5,274.9
2022-11-17 04:00:00,136.833333333333,41.6833333333333,274.916666666667
2022-11-17 05:00:00,141.166666666667,47.8666666666667,274.833333333333
2022-11-17 06:00:00,136.0,54.8833333333333,275.25
2022-11-17 07:00:00,129.833333333333,59.6833333333333,274.85
2022-11-17 08:00:00,124.666666666667,55.65,274.8
2022-11-17 09:00:00,117.0,53.4666666666667,276.65
2022-11-17 10:00:00,116.333333333333,53.1,277.883333333333
2022-11-17 11:00:00,116.833333333333,52.3833333333333,278.6
2022-11-17 12:00:00,121.166666666667,50.4333333333333,278.5
2022-11-17 13:00:00,128.666666666667,51.7666666666667,278.083333333333
2022-11-17 14:00:00,128.166666666667,53.2166666666667,278.416666666667
2022-11-17 15:00:00,110.5,59.3166666666667,276.9
2022-11-17 16:00:00,104.333333333333,60.9833333333333,276.016666666667
2022-11-17 17:00:00,100.833333333333,55.8833333333333,275.916666666667
2022-11-17 18:00:00,111.666666666667,59.75,274.166666666667
2022-11-17 19:00:00,117.833333333333,59.6166666666667,273.966666666667
2022-11-17 20:00:00,117.333333333333,56.4166666666667,273.916666666667
2022-11-17 21:00:00,120.5,57.4333333333333,273.566666666667
2022-11-17 22:00:00,119.5,58.1666666666667,272.983333333333
2022-11-17 23:00:00,118.5,60.2333333333333,273.1
2022-11-18 00:00:00,116.0,64.85,272.983333333333
2022-11-18 01:00:00,117.833333333333,65.3666666666667,272.833333333333
2022-11-18 02:00:00,114.833333333333,65.1833333333333,273.1
2022-11-18 03:00:00,115.166666666667,65.0833333333333,273.25
2022-11-18 04:00:00,113.0,65.7666666666667,273.483333333333
2022-11-18 05:00:00,126.0,91.0833333333333,271.283333333333
2022-11-18 06:00:00,147.666666666667,100.6,269.666666666667
2022-11-18 07:00:00,189.166666666667,100.6,269.566666666667
2022-11-18 08:00:00,235.5,100.566666666667,269.216666666667
2022-11-18 09:00:00,233.0,100.55,269.15
2022-11-18 10:00:00,224.333333333333,100.6,269.483333333333
2022-11-18 11:00:00,239.166666666667,100.65,270.05
2022-11-18 12:00:00,231.5,100.716666666667,270.9
2022-11-18 13:00:00,241.166666666667,100.7,270.483333333333
2022-11-18 14:00:00,248.0,100.666666666667,270.15
2022-11-18 15:00:00,263.833333333333,100.6,269.483333333333
2022-11-18 16:00:00,270.0,100.616666666667,269.533333333333
2022-11-18 17:00:00,290.166666666667,100.55,268.866666666667
2022-11-18 18:00:00,276.5,100.5,268.333333333333
2022-11-18 19:00:00,287.333333333333,100.5,268.516666666667
2022-11-18 20:00:00,302.166666666667,100.5,268.333333333333
2022-11-18 21:00:00,308.833333333333,100.466666666667,268.083333333333
2022-11-18 22:00:00,318.166666666667,100.383333333333,267.683333333333
2022-11-18 23:00:00,304.5,99.8333333333333,267.016666666667
2022-11-19 00:00:00,307.333333333333,99.1333333333333,266.283333333333
2022-11-19 01:00:00,306.666666666667,99.15,266.3
2022-11-19 02:00:00,304.5,99.5,266.9
2022-11-19 03:00:00,303.5,99.35,266.966666666667
2022-11-19 04:00:00,301.666666666667,99.0,266.9
2022-11-19 05:00:00,301.0,99.0666666666667,267.0
2022-11-19 06:00:00,299.166666666667,98.75,266.783333333333
2022-11-19 07:00:00,297.5,98.9,266.883333333333
2022-11-19 08:00:00,298.166666666667,98.7833333333334,266.833333333333
2022-11-19 09:00:00,294.333333333333,97.9833333333333,267.066666666667
2022-11-19 10:00:00,286.0,97.7833333333334,268.016666666667
2022-11-19 11:00:00,275.333333333333,96.35,269.616666666667
2022-11-19 12:00:00,255.833333333333,95.9666666666667,272.066666666667
2022-11-19 13:00:00,263.5,92.8833333333333,271.65
2022-11-19 14:00:00,270.833333333333,85.15,270.316666666667
2022-11-19 15:00:00,273.833333333333,76.25,269.233333333333
2022-11-19 16:00:00,267.0,86.3333333333333,267.816666666667
2022-11-19 17:00:00,275.666666666667,91.4833333333334,267.3
2022-11-19 18:00:00,276.166666666667,98.35,267.25
2022-11-19 19:00:00,276.166666666667,98.6833333333333,267.316666666667
2022-11-19 20:00:00,276.166666666667,98.3333333333333,267.283333333333
2022-11-19 21:00:00,277.166666666667,93.8333333333333,267.083333333333
2022-11-19 22:00:00,275.166666666667,95.7333333333333,266.8
2022-11-19 23:00:00,261.333333333333,80.5333333333334,266.683333333333
2022-11-20 00:00:00,260.666666666667,81.0333333333334,266.5
2022-11-20 01:00:00,258.833333333333,87.9166666666667,266.483333333333
2022-11-20 02:00:00,258.666666666667,87.35,266.433333333333
2022-11-20 03:00:00,259.166666666667,97.4666666666667,266.316666666667
2022-11-20 04:00:00,259.333333333333,97.1166666666667,266.3
2022-11-20 05:00:00,261.0,97.1333333333333,266.133333333333
2022-11-20 06:00:00,259.666666666667,97.1166666666667,266.116666666667
2022-11-20 07:00:00,256.0,95.9833333333333,265.916666666667
2022-11-20 08:00:00,250.0,97.4833333333333,266.1
2022-11-20 09:00:00,237.333333333333,97.15,266.183333333333
2022-11-20 10:00:00,277.333333333333,95.6,266.266666666667
2022-11-20 11:00:00,256.5,93.9333333333333,266.983333333333
2022-11-20 12:00:00,212.166666666667,83.2666666666667,269.183333333333
2022-11-20 13:00:00,237.333333333333,83.2666666666667,268.083333333333
2022-11-20 14:00:00,255.333333333333,85.3666666666667,266.85
2022-11-20 15:00:00,228.333333333333,79.5666666666667,266.966666666667
2022-11-20 16:00:00,197.833333333333,75.4,266.833333333333
2022-11-20 17:00:00,231.0,73.1166666666667,266.2
2022-11-20 18:00:00,228.0,75.2666666666667,265.35
2022-11-20 19:00:00,232.333333333333,62.6833333333333,266.383333333333
2022-11-20 20:00:00,248.0,52.5833333333333,267.2
2022-11-20 21:00:00,248.0,42.4,267.6
2022-11-20 22:00:00,264.0,39.4666666666667,267.983333333333
2022-11-20 23:00:00,274.333333333333,64.0666666666667,266.9
2022-11-21 00:00:00,278.833333333333,87.2666666666667,266.016666666667
2022-11-21 01:00:00,264.833333333333,93.35,266.466666666667
2022-11-21 02:00:00,271.333333333333,95.4333333333333,266.466666666667
2022-11-21 03:00:00,321.0,96.3666666666667,266.45
2022-11-21 04:00:00,338.5,96.6333333333333,266.283333333333
2022-11-21 05:00:00,365.333333333333,96.5166666666667,266.133333333333
2022-11-21 06:00:00,372.833333333333,96.7,266.183333333333
2022-11-21 07:00:00,361.0,96.8666666666667,266.266666666667
2022-11-21 08:00:00,402.833333333333,97.15,266.433333333333
2022-11-21 09:00:00,409.666666666667,97.1,266.716666666667
2022-11-21 10:00:00,397.0,97.35,267.733333333333
2022-11-21 11:00:00,400.333333333333,96.0833333333333,268.416666666667
2022-11-21 12:00:00,399.333333333333,94.0333333333333,269.7
2022-11-21 13:00:00,394.333333333333,91.6333333333333,270.0
2022-11-21 14:00:00,386.666666666667,61.3833333333333,271.15
2022-11-21 15:00:00,384.333333333333,43.15,271.883333333333
2022-11-21 16:00:00,383.0,36.4166666666667,271.733333333333
2022-11-21 17:00:00,385.0,36.7666666666667,270.7
2022-11-21 18:00:00,385.833333333333,41.05,270.416666666667
2022-11-21 19:00:00,384.333333333333,41.2833333333333,270.716666666667
2022-11-21 20:00:00,381.166666666667,44.2166666666667,270.7
2022-11-21 21:00:00,379.166666666667,48.0333333333333,270.266666666667
2022-11-21 22:00:00,376.666666666667,55.4333333333333,269.966666666667
2022-11-21 23:00:00,376.833333333333,67.2333333333333,269.183333333333
2022-11-22 00:00:00,375.166666666667,63.6166666666667,269.7
2022-11-22 01:00:00,372.166666666667,65.6,269.816666666667
2022-11-22 02:00:00,370.5,68.2166666666667,269.6
2022-11-22 03:00:00,367.166666666667,67.5,270.133333333333
2022-11-22 04:00:00,364.666666666667,74.4666666666667,269.783333333333
2022-11-22 05:00:00,362.333333333333,91.9,268.766666666667
2022-11-22 06:00:00,369.0,99.7666666666667,268.033333333333
2022-11-22 07:00:00,379.666666666667,99.2333333333334,267.95
2022-11-22 08:00:00,392.333333333333,99.8666666666667,267.916666666667
2022-11-22 09:00:00,398.5,90.5,267.966666666667
2022-11-22 10:00:00,395.5,88.8666666666667,267.833333333333
2022-11-22 11:00:00,403.0,91.45,267.883333333333
2022-11-22 12:00:00,403.666666666667,95.3666666666667,267.666666666667
2022-11-22 13:00:00,435.0,96.4833333333333,267.383333333333
2022-11-22 14:00:00,436.666666666667,96.2333333333333,266.966666666667
2022-11-22 15:00:00,444.5,95.95,266.366666666667
2022-11-22 16:00:00,451.666666666667,95.8166666666667,265.9
2022-11-22 17:00:00,464.0,95.85,265.75
2022-11-22 18:00:00,457.833333333333,95.8833333333333,265.633333333333
2022-11-22 19:00:00,474.833333333333,96.1333333333333,265.833333333333
2022-11-22 20:00:00,465.666666666667,96.7,266.083333333333
2022-11-22 21:00:00,480.5,97.1,266.266666666667
2022-11-22 22:00:00,472.666666666667,97.35,266.466666666667
2022-11-22 23:00:00,454.833333333333,97.3,266.433333333333
2022-11-23 00:00:00,490.666666666667,97.1833333333333,266.366666666667
2022-11-23 01:00:00,510.333333333333,96.7833333333333,266.05
2022-11-23 02:00:00,508.833333333333,96.7,266.016666666667
2022-11-23 03:00:00,504.166666666667,96.45,265.85
2022-11-23 04:00:00,513.166666666667,96.0833333333333,265.683333333333
2022-11-23 05:00:00,521.166666666667,95.5166666666667,265.283333333333
2022-11-23 06:00:00,539.666666666667,95.0166666666667,264.716666666667
2022-11-23 07:00:00,545.0,94.65,264.116666666667
2022-11-23 08:00:00,546.333333333333,95.0333333333333,264.45
2022-11-23 09:00:00,539.0,97.1333333333333,267.233333333333
2022-11-23 10:00:00,501.166666666667,99.8166666666667,271.633333333333
2022-11-23 11:00:00,451.166666666667,101.033333333333,274.7
2022-11-23 12:00:00,443.166666666667,100.483333333333,275.116666666667
2022-11-23 13:00:00,458.5,92.5166666666667,274.45
2022-11-23 14:00:00,501.0,66.15,270.9
2022-11-23 15:00:00,495.166666666667,41.95,271.033333333333
2022-11-23 16:00:00,497.166666666667,23.0333333333333,271.083333333333
2022-11-23 17:00:00,507.833333333333,23.0833333333333,270.0
2022-11-23 18:00:00,509.166666666667,45.85,270.416666666667
2022-11-23 19:00:00,507.166666666667,59.2833333333334,270.95
2022-11-23 20:00:00,505.666666666667,86.9833333333334,269.533333333333
2022-11-23 21:00:00,516.166666666667,96.7166666666667,269.066666666667
2022-11-23 22:00:00,538.5,100.3,269.316666666667
2022-11-23 23:00:00,545.5,98.0166666666667,268.466666666667
2022-11-24 00:00:00,532.833333333333,98.1,267.966666666667
2022-11-24 01:00:00,506.833333333333,99.7166666666667,268.116666666667
2022-11-24 02:00:00,538.5,100.4,268.3
2022-11-24 03:00:00,557.0,100.4,268.316666666667
2022-11-24 04:00:00,554.5,100.4,268.266666666667
2022-11-24 05:00:00,559.666666666667,100.266666666667,267.783333333333
2022-11-24 06:00:00,565.166666666667,100.05,267.65
2022-11-24 07:00:00,574.0,99.95,267.6
2022-11-24 08:00:00,567.166666666667,99.8166666666667,267.666666666667
2022-11-24 09:00:00,564.333333333333,99.65,268.1
2022-11-24 10:00:00,546.666666666667,100.033333333333,268.833333333333
2022-11-24 11:00:00,518.333333333333,100.033333333333,268.55
2022-11-24 12:00:00,543.5,100.1,268.966666666667
2022-11-24 13:00:00,548.166666666667,100.5,269.566666666667
2022-11-24 14:00:00,599.0,100.416666666667,269.233333333333
2022-11-24 15:00:00,593.5,100.15,269.933333333333
2022-11-24 16:00:00,595.166666666667,100.266666666667,269.15
2022-11-24 17:00:00,600.0,99.55,267.9
2022-11-24 18:00:00,597.666666666667,98.7333333333333,267.35
2022-11-24 19:00:00,588.666666666667,86.95,266.966666666667
2022-11-24 20:00:00,579.333333333333,76.7,266.783333333333
2022-11-24 21:00:00,570.666666666667,71.4666666666667,267.016666666667
2022-11-24 22:00:00,570.0,42.6166666666667,268.433333333333
2022-11-24 23:00:00,571.666666666667,24.7833333333333,269.8
2022-11-25 00:00:00,569.166666666667,16.9166666666667,270.483333333333
2022-11-25 01:00:00,570.666666666667,13.95,271.6
2022-11-25 02:00:00,569.333333333333,13.9666666666667,272.233333333333
2022-11-25 03:00:00,565.833333333333,14.8166666666667,272.933333333333
2022-11-25 04:00:00,563.833333333333,16.25,273.133333333333
2022-11-25 05:00:00,555.0,17.5166666666667,272.8
2022-11-25 06:00:00,551.833333333333,18.95,272.216666666667
2022-11-25 07:00:00,552.166666666667,16.8666666666667,272.066666666667
2022-11-25 08:00:00,550.666666666667,20.85,271.85
2022-11-25 09:00:00,549.833333333333,21.5833333333333,272.016666666667
2022-11-25 10:00:00,532.833333333333,18.5833333333333,274.733333333333
2022-11-25 11:00:00,528.0,22.6833333333333,275.25
2022-11-25 12:00:00,519.5,28.0666666666667,275.8
2022-11-25 13:00:00,519.666666666667,25.1666666666667,274.533333333333
2022-11-25 14:00:00,509.0,35.1666666666667,274.533333333333
2022-11-25 15:00:00,497.333333333333,31.2666666666667,274.866666666667
2022-11-25 16:00:00,514.166666666667,41.3666666666667,272.3
2022-11-25 17:00:00,526.666666666667,52.75,270.45
2022-11-25 18:00:00,511.0,77.8166666666667,269.2
2022-11-25 19:00:00,507.5,88.1833333333333,268.916666666667
2022-11-25 20:00:00,509.0,97.4833333333333,268.916666666667
2022-11-25 21:00:00,509.833333333333,96.2666666666667,269.1
2022-11-25 22:00:00,510.833333333333,96.5666666666667,268.6
2022-11-25 23:00:00,507.666666666667,100.4,268.383333333333
2022-11-26 00:00:00,510.166666666667,100.4,268.35
2022-11-26 01:00:00,509.5,100.183333333333,268.0
2022-11-26 02:00:00,491.5,100.333333333333,267.85
2022-11-26 03:00:00,491.333333333333,100.133333333333,267.783333333333
2022-11-26 04:00:00,496.666666666667,95.0333333333334,267.516666666667
2022-11-26 05:00:00,503.666666666667,90.05,267.0
2022-11-26 06:00:00,507.333333333333,92.8,267.116666666667
2022-11-26 07:00:00,510.0,93.75,267.033333333333
2022-11-26 08:00:00,507.5,89.2166666666667,266.933333333333
2022-11-26 09:00:00,505.0,94.1666666666667,267.083333333333
2022-11-26 10:00:00,495.0,94.1166666666667,267.983333333333
2022-11-26 11:00:00,473.833333333333,80.6166666666667,270.933333333333
2022-11-26 12:00:00,463.0,73.85,272.316666666667
2022-11-26 13:00:00,480.666666666667,80.0,270.25
2022-11-26 14:00:00,486.833333333333,75.05,268.433333333333
2022-11-26 15:00:00,484.833333333333,69.9,268.983333333333
2022-11-26 16:00:00,477.833333333333,66.8333333333333,269.366666666667
2022-11-26 17:00:00,478.5,79.5333333333333,267.4
2022-11-26 18:00:00,494.5,79.7666666666667,266.1
2022-11-26 19:00:00,493.833333333333,74.85,266.1
2022-11-26 20:00:00,492.333333333333,42.6166666666667,266.8
2022-11-26 21:00:00,490.0,28.4833333333333,267.7
2022-11-26 22:00:00,486.666666666667,21.9666666666667,268.233333333333
2022-11-26 23:00:00,487.0,16.5833333333333,268.716666666667
2022-11-27 00:00:00,486.5,12.6666666666667,269.466666666667
2022-11-27 01:00:00,482.333333333333,12.9833333333333,269.983333333333
2022-11-27 02:00:00,472.5,14.3,270.033333333333
2022-11-27 03:00:00,474.833333333333,13.5,270.033333333333
2022-11-27 04:00:00,475.833333333333,13.8333333333333,270.5
2022-11-27 05:00:00,476.333333333333,13.9333333333333,270.633333333333
2022-11-27 06:00:00,475.5,13.4,270.866666666667
2022-11-27 07:00:00,475.0,13.05,270.85
2022-11-27 08:00:00,472.666666666667,11.7666666666667,270.783333333333
2022-11-27 09:00:00,466.666666666667,11.0833333333333,272.083333333333
2022-11-27 10:00:00,465.0,8.58333333333333,274.433333333333
2022-11-27 11:00:00,457.5,13.1666666666667,275.8
2022-11-27 12:00:00,448.666666666667,16.6333333333333,276.483333333333
2022-11-27 13:00:00,452.5,10.2833333333333,275.9
2022-11-27 14:00:00,447.333333333333,12.1833333333333,276.0
2022-11-27 15:00:00,443.166666666667,18.0166666666667,275.8
2022-11-27 16:00:00,450.5,13.8,274.4
2022-11-27 17:00:00,458.166666666667,15.9,273.166666666667
2022-11-27 18:00:00,460.0,18.5166666666667,273.1
2022-11-27 19:00:00,462.833333333333,28.7666666666667,273.5
2022-11-27 20:00:00,462.666666666667,30.4666666666667,273.7
2022-11-27 21:00:00,464.666666666667,31.05,273.7
2022-11-27 22:00:00,462.833333333333,27.65,274.083333333333
2022-11-27 23:00:00,461.333333333333,30.1333333333333,274.7
2022-11-28 00:00:00,457.666666666667,28.3,275.183333333333
2022-11-28 01:00:00,458.666666666667,30.3,275.266666666667
2022-11-28 02:00:00,455.166666666667,34.1833333333333,275.183333333333
2022-11-28 03:00:00,452.666666666667,49.0333333333333,273.483333333333
2022-11-28 04:00:00,454.0,82.9833333333333,271.0
2022-11-28 05:00:00,455.333333333333,96.3,270.666666666667
2022-11-28 06:00:00,456.666666666667,83.0,271.916666666667
2022-11-28 07:00:00,456.666666666667,73.3666666666667,272.45
2022-11-28 08:00:00,453.833333333333,71.2333333333333,272.383333333333
2022-11-28 09:00:00,455.0,74.0,272.016666666667
2022-11-28 10:00:00,454.333333333333,73.6,272.2
2022-11-28 11:00:00,447.166666666667,72.5333333333334,272.666666666667
2022-11-28 12:00:00,438.333333333333,71.1166666666667,273.183333333333
2022-11-28 13:00:00,434.5,77.7166666666667,271.933333333333
2022-11-28 14:00:00,442.333333333333,83.4333333333333,271.433333333333
2022-11-28 15:00:00,446.166666666667,82.0833333333333,271.683333333333
2022-11-28 16:00:00,445.333333333333,79.3833333333333,271.7
2022-11-28 17:00:00,446.666666666667,96.2166666666667,269.833333333333
2022-11-28 18:00:00,451.833333333333,100.616666666667,269.3
2022-11-28 19:00:00,453.0,100.6,269.833333333333
2022-11-28 20:00:00,447.5,100.6,269.583333333333
2022-11-28 21:00:00,454.166666666667,100.7,269.65
2022-11-28 22:00:00,454.0,100.65,269.733333333333
2022-11-28 23:00:00,455.5,100.616666666667,269.616666666667
2022-11-29 00:00:00,457.333333333333,100.55,269.583333333333
2022-11-29 01:00:00,437.833333333333,98.7166666666667,269.483333333333
2022-11-29 02:00:00,444.0,95.0333333333334,269.666666666667
2022-11-29 03:00:00,452.333333333333,96.5,269.366666666667
2022-11-29 04:00:00,468.5,92.25,269.216666666667
2022-11-29 05:00:00,467.833333333333,94.9833333333333,268.9
2022-11-29 06:00:00,463.666666666667,95.6833333333333,268.833333333333
2022-11-29 07:00:00,467.0,98.3,268.6
2022-11-29 08:00:00,467.666666666667,100.433333333333,268.4
2022-11-29 09:00:00,466.5,99.9,268.45
2022-11-29 10:00:00,464.0,93.15,268.766666666667
2022-11-29 11:00:00,451.833333333333,92.35,269.95
2022-11-29 12:00:00,438.5,87.0,270.933333333333
2022-11-29 13:00:00,441.5,89.2166666666667,270.716666666667
2022-11-29 14:00:00,439.166666666667,90.7333333333333,270.633333333333
2022-11-29 15:00:00,432.5,93.75,270.05
2022-11-29 16:00:00,439.5,93.6,269.2
2022-11-29 17:00:00,462.666666666667,95.9333333333333,268.533333333333
2022-11-29 18:00:00,472.5,99.1666666666667,268.266666666667
2022-11-29 19:00:00,478.5,98.3833333333333,268.05
2022-11-29 20:00:00,484.333333333333,98.6,267.983333333333
2022-11-29 21:00:00,477.666666666667,99.7833333333334,267.883333333333
2022-11-29 22:00:00,483.0,99.1833333333333,267.666666666667
2022-11-29 23:00:00,477.833333333333,94.1666666666667,267.45
2022-11-30 00:00:00,472.0,93.6166666666667,267.616666666667
2022-11-30 01:00:00,475.333333333333,96.6166666666667,267.566666666667
2022-11-30 02:00:00,474.833333333333,97.7,267.633333333333
2022-11-30 03:00:00,472.333333333333,100.416666666667,267.583333333333
2022-11-30 04:00:00,470.0,100.316666666667,267.666666666667
2022-11-30 05:00:00,469.333333333333,100.416666666667,267.65
2022-11-30 06:00:00,468.0,100.4,267.616666666667
2022-11-30 07:00:00,464.166666666667,100.4,267.666666666667
2022-11-30 08:00:00,459.166666666667,100.4,267.766666666667
2022-11-30 09:00:00,454.166666666667,100.4,267.9
2022-11-30 10:00:00,451.5,100.333333333333,268.216666666667
2022-11-30 11:00:00,449.333333333333,95.3833333333333,268.9
2022-11-30 12:00:00,442.166666666667,84.35,270.116666666667
2022-11-30 13:00:00,431.333333333333,85.1666666666667,270.483333333333
2022-11-30 14:00:00,435.333333333333,89.0,268.95
2022-11-30 15:00:00,440.666666666667,94.05,268.283333333333
2022-11-30 16:00:00,436.166666666667,94.45,268.083333333333
2022-11-30 17:00:00,436.0,98.1833333333333,267.133333333333
2022-11-30 18:00:00,435.333333333333,100.383333333333,266.816666666667
2022-11-30 19:00:00,436.333333333333,100.316666666667,266.666666666667
2022-11-30 20:00:00,435.666666666667,100.4,266.733333333333
2022-11-30 21:00:00,435.333333333333,100.333333333333,266.516666666667
2022-11-30 22:00:00,432.666666666667,99.45,266.133333333333
2022-11-30 23:00:00,433.0,99.6166666666667,265.916666666667
2022-12-01 00:00:00,432.333333333333,99.45,265.65
2022-12-01 01:00:00,431.166666666667,97.7,265.1
2022-12-01 02:00:00,426.333333333333,96.05,264.733333333333
2022-12-01 03:00:00,434.833333333333,96.8166666666667,265.216666666667
2022-12-01 04:00:00,433.833333333333,95.6833333333333,265.466666666667
2022-12-01 05:00:00,433.166666666667,90.5833333333333,265.9
2022-12-01 06:00:00,431.166666666667,88.7666666666667,266.25
2022-12-01 07:00:00,428.166666666667,85.6666666666667,266.133333333333
2022-12-01 08:00:00,419.833333333333,81.8666666666667,266.25
2022-12-01 09:00:00,425.5,75.2,267.583333333333
2022-12-01 10:00:00,420.5,67.4333333333333,269.266666666667
2022-12-01 11:00:00,404.333333333333,59.3666666666667,271.4
2022-12-01 12:00:00,396.0,54.4666666666667,271.983333333333
2022-12-01 13:00:00,399.166666666667,50.5333333333333,272.716666666667
2022-12-01 14:00:00,408.666666666667,53.2,272.716666666667
2022-12-01 15:00:00,416.166666666667,55.3166666666667,272.166666666667
2022-12-01 16:00:00,429.5,57.5666666666667,270.1
2022-12-01 17:00:00,438.666666666667,54.0833333333333,269.5
2022-12-01 18:00:00,441.666666666667,52.4166666666667,269.716666666667
2022-12-01 19:00:00,440.666666666667,51.3166666666667,269.933333333333
2022-12-01 20:00:00,444.0,50.2166666666667,269.9
2022-12-01 21:00:00,443.833333333333,46.6666666666667,270.216666666667
2022-12-01 22:00:00,444.666666666667,46.4333333333333,270.016666666667
2022-12-01 23:00:00,441.666666666667,44.15,269.95
2022-12-02 00:00:00,443.166666666667,44.5,270.233333333333
2022-12-02 01:00:00,450.166666666667,48.3666666666667,269.983333333333
2022-12-02 02:00:00,442.0,52.85,269.816666666667
2022-12-02 03:00:00,441.0,56.7166666666667,269.7
2022-12-02 04:00:00,438.166666666667,57.5,269.616666666667
2022-12-02 05:00:00,439.333333333333,57.0666666666667,269.833333333333
2022-12-02 06:00:00,439.0,57.4166666666667,270.116666666667
2022-12-02 07:00:00,438.0,61.8833333333334,269.8
2022-12-02 08:00:00,444.5,61.2333333333333,269.4
2022-12-02 09:00:00,443.166666666667,62.4833333333333,269.416666666667
2022-12-02 10:00:00,439.333333333333,73.0166666666667,269.366666666667
2022-12-02 11:00:00,426.833333333333,78.9333333333333,270.5
2022-12-02 12:00:00,406.833333333333,82.3,270.45
2022-12-02 13:00:00,409.833333333333,82.0833333333333,270.5
2022-12-02 14:00:00,408.833333333333,76.65,271.4
2022-12-02 15:00:00,408.166666666667,80.2666666666667,270.583333333333
2022-12-02 16:00:00,425.166666666667,80.0833333333333,269.016666666667
2022-12-02 17:00:00,431.833333333333,78.6833333333333,268.55
2022-12-02 18:00:00,432.5,82.9333333333334,268.1
2022-12-02 19:00:00,434.833333333333,80.2,267.933333333333
2022-12-02 20:00:00,425.833333333333,84.3666666666667,267.683333333333
2022-12-02 21:00:00,422.0,68.9,267.666666666667
2022-12-02 22:00:00,420.666666666667,68.7666666666667,267.416666666667
2022-12-02 23:00:00,421.333333333333,72.0833333333333,266.95
2022-12-03 00:00:00,426.0,77.1666666666667,266.566666666667
2022-12-03 01:00:00,425.333333333333,73.3333333333333,266.516666666667
2022-12-03 02:00:00,428.666666666667,69.1333333333333,266.766666666667
2022-12-03 03:00:00,431.666666666667,67.1833333333333,266.7
2022-12-03 04:00:00,434.166666666667,67.5833333333333,266.55
2022-12-03 05:00:00,435.5,69.4,266.35
2022-12-03 06:00:00,436.833333333333,68.5833333333333,266.133333333333
2022-12-03 07:00:00,437.5,64.3833333333333,266.45
2022-12-03 08:00:00,437.5,64.6333333333333,267.1
2022-12-03 09:00:00,437.166666666667,62.8166666666667,268.066666666667
2022-12-03 10:00:00,434.666666666667,63.3333333333333,269.35
2022-12-03 11:00:00,429.166666666667,60.2333333333333,270.683333333333
2022-12-03 12:00:00,430.333333333333,56.5666666666667,272.916666666667
2022-12-03 13:00:00,432.666666666667,60.0166666666667,272.966666666667
2022-12-03 14:00:00,438.166666666667,64.8333333333333,271.833333333333
2022-12-03 15:00:00,440.333333333333,66.3666666666667,271.666666666667
2022-12-03 16:00:00,444.0,65.4666666666667,271.55
2022-12-03 17:00:00,449.166666666667,67.7666666666667,271.2
2022-12-03 18:00:00,450.0,72.2666666666667,270.95
2022-12-03 19:00:00,452.0,76.7666666666667,270.35
2022-12-03 20:00:00,450.666666666667,78.6666666666667,270.55
2022-12-03 21:00:00,449.166666666667,74.5833333333333,271.266666666667
2022-12-03 22:00:00,449.333333333333,72.3333333333333,271.483333333333
2022-12-03 23:00:00,450.166666666667,70.05,271.883333333333
2022-12-04 00:00:00,449.0,66.4166666666667,272.416666666667
2022-12-04 01:00:00,454.5,64.7833333333333,272.783333333333
2022-12-04 02:00:00,455.166666666667,66.5333333333334,272.783333333333
2022-12-04 03:00:00,457.166666666667,66.9,272.766666666667
2022-12-04 04:00:00,459.333333333333,66.1,272.9
2022-12-04 05:00:00,461.166666666667,66.9333333333333,272.866666666667
2022-12-04 06:00:00,457.166666666667,67.25,272.7
2022-12-04 07:00:00,458.166666666667,68.8833333333334,272.5
2022-12-04 08:00:00,457.666666666667,67.95,272.533333333333
2022-12-04 09:00:00,457.0,68.7333333333333,272.983333333333
2022-12-04 10:00:00,455.0,68.3833333333334,273.7
2022-12-04 11:00:00,449.833333333333,72.5166666666667,273.85
2022-12-04 12:00:00,450.666666666667,84.8833333333334,272.8
2022-12-04 13:00:00,447.333333333333,92.45,273.266666666667
2022-12-04 14:00:00,447.833333333333,80.8,273.65
2022-12-04 15:00:00,446.0,87.0666666666667,273.033333333333
2022-12-04 16:00:00,449.333333333333,97.2166666666667,272.083333333333
2022-12-04 17:00:00,460.0,95.65,271.716666666667
2022-12-04 18:00:00,462.0,80.6166666666667,272.016666666667
2022-12-04 19:00:00,460.0,71.2166666666667,271.833333333333
2022-12-04 20:00:00,460.0,70.1666666666667,271.733333333333
2022-12-04 21:00:00,458.666666666667,67.6833333333333,271.416666666667
2022-12-04 22:00:00,459.333333333333,67.7166666666667,271.15
2022-12-04 23:00:00,457.666666666667,66.3666666666667,271.016666666667
2022-12-05 00:00:00,460.666666666667,65.8333333333333,271.216666666667
2022-12-05 01:00:00,469.333333333333,67.5666666666667,271.25
2022-12-05 02:00:00,469.333333333333,67.9666666666667,271.183333333333
2022-12-05 03:00:00,469.5,70.7,270.933333333333
2022-12-05 04:00:00,471.666666666667,81.1,269.75
2022-12-05 05:00:00,473.0,83.3666666666667,269.316666666667
2022-12-05 06:00:00,472.833333333333,84.0333333333333,269.416666666667
2022-12-05 07:00:00,471.833333333333,80.7,269.933333333333
2022-12-05 08:00:00,467.833333333333,82.75,270.066666666667
2022-12-05 09:00:00,466.333333333333,83.8166666666667,270.016666666667
2022-12-05 10:00:00,458.5,81.9166666666667,270.6
2022-12-05 11:00:00,456.0,89.0833333333333,269.733333333333
2022-12-05 12:00:00,446.5,94.05,269.266666666667
2022-12-05 13:00:00,459.166666666667,85.6,266.616666666667
2022-12-05 14:00:00,449.166666666667,85.7,266.0
2022-12-05 15:00:00,462.166666666667,93.95,265.816666666667
2022-12-05 16:00:00,478.333333333333,93.75,265.433333333333
2022-12-05 17:00:00,461.666666666667,93.5666666666667,264.866666666667
2022-12-05 18:00:00,468.0,93.0833333333333,264.45
2022-12-05 19:00:00,506.666666666667,92.6166666666667,263.933333333333
2022-12-05 20:00:00,504.0,92.9,264.133333333333
2022-12-05 21:00:00,480.5,92.9666666666667,264.283333333333
2022-12-05 22:00:00,483.833333333333,92.8166666666667,264.066666666667
2022-12-05 23:00:00,497.833333333333,93.0166666666667,263.916666666667
2022-12-06 00:00:00,499.0,92.85,263.783333333333
2022-12-06 01:00:00,498.5,92.75,263.95
2022-12-06 02:00:00,499.666666666667,92.4833333333333,263.816666666667
2022-12-06 03:00:00,498.833333333333,92.3166666666667,264.05
2022-12-06 04:00:00,498.666666666667,90.85,264.35
2022-12-06 05:00:00,497.166666666667,73.2166666666667,264.783333333333
2022-12-06 06:00:00,496.333333333333,60.5,265.366666666667
2022-12-06 07:00:00,495.5,57.55,265.766666666667
2022-12-06 08:00:00,495.0,59.9333333333333,266.633333333333
2022-12-06 09:00:00,497.333333333333,69.85,267.216666666667
2022-12-06 10:00:00,493.833333333333,70.8666666666667,269.466666666667
2022-12-06 11:00:00,490.666666666667,65.3166666666667,270.7
2022-12-06 12:00:00,488.5,60.7666666666667,271.166666666667
2022-12-06 13:00:00,481.333333333333,55.1833333333333,272.283333333333
2022-12-06 14:00:00,476.0,52.95,272.35
2022-12-06 15:00:00,482.0,53.45,272.066666666667
2022-12-06 16:00:00,483.166666666667,55.6833333333333,270.933333333333
2022-12-06 17:00:00,488.333333333333,60.45,269.066666666667
2022-12-06 18:00:00,494.166666666667,62.1666666666667,268.366666666667
2022-12-06 19:00:00,494.0,61.1166666666667,268.483333333333
2022-12-06 20:00:00,493.166666666667,57.95,268.55
2022-12-06 21:00:00,492.333333333333,57.7333333333333,268.65
2022-12-06 22:00:00,494.166666666667,57.25,268.883333333333
2022-12-06 23:00:00,492.5,56.4166666666667,268.983333333333
2022-12-07 00:00:00,491.666666666667,56.8166666666667,268.666666666667
2022-12-07 01:00:00,491.166666666667,56.75,268.833333333333
2022-12-07 02:00:00,490.166666666667,55.9833333333333,268.75
2022-12-07 03:00:00,489.833333333333,55.5666666666667,268.616666666667
2022-12-07 04:00:00,489.666666666667,54.9833333333333,268.35
2022-12-07 05:00:00,488.166666666667,58.6333333333333,267.883333333333
2022-12-07 06:00:00,488.0,60.5,267.95
2022-12-07 07:00:00,488.0,63.8833333333333,267.75
2022-12-07 08:00:00,488.0,68.1,267.55
2022-12-07 09:00:00,487.0,68.4,267.4
2022-12-07 10:00:00,483.0,69.4166666666667,267.416666666667
2022-12-07 11:00:00,480.0,69.6,267.633333333333
2022-12-07 12:00:00,475.0,66.8833333333333,268.9
2022-12-07 13:00:00,467.5,65.2333333333333,270.65
2022-12-07 14:00:00,467.0,67.1,270.316666666667
2022-12-07 15:00:00,469.5,67.5333333333333,269.716666666667
2022-12-07 16:00:00,468.0,68.85,269.166666666667
2022-12-07 17:00:00,476.166666666667,62.9,267.216666666667
2022-12-07 18:00:00,480.0,55.25,266.516666666667
2022-12-07 19:00:00,481.0,57.4333333333333,265.75
2022-12-07 20:00:00,478.5,43.85,266.183333333333
2022-12-07 21:00:00,477.666666666667,34.9,266.2
2022-12-07 22:00:00,476.833333333333,25.3,266.516666666667
2022-12-07 23:00:00,472.166666666667,16.4666666666667,267.366666666667
2022-12-08 00:00:00,474.333333333333,14.5166666666667,267.85
2022-12-08 01:00:00,475.0,17.8833333333333,267.5
2022-12-08 02:00:00,474.0,20.0666666666667,267.65
2022-12-08 03:00:00,474.666666666667,21.0666666666667,267.75
2022-12-08 04:00:00,475.166666666667,26.35,267.783333333333
2022-12-08 05:00:00,477.166666666667,30.3333333333333,267.516666666667
2022-12-08 06:00:00,473.166666666667,32.8666666666667,267.383333333333
2022-12-08 07:00:00,474.0,36.7166666666667,267.366666666667
2022-12-08 08:00:00,473.833333333333,37.9166666666667,267.383333333333
2022-12-08 09:00:00,472.0,32.2166666666667,268.55
2022-12-08 10:00:00,471.5,28.1333333333333,270.8
2022-12-08 11:00:00,460.333333333333,31.7666666666667,272.166666666667
2022-12-08 12:00:00,455.333333333333,34.05,272.316666666667
2022-12-08 13:00:00,448.166666666667,32.3666666666667,272.733333333333
2022-12-08 14:00:00,444.166666666667,29.6,273.133333333333
2022-12-08 15:00:00,454.833333333333,30.45,272.25
2022-12-08 16:00:00,451.833333333333,35.1166666666667,271.033333333333
2022-12-08 17:00:00,464.666666666667,36.65,268.916666666667
2022-12-08 18:00:00,470.5,35.75,268.366666666667
2022-12-08 19:00:00,472.166666666667,34.0333333333333,268.966666666667
2022-12-08 20:00:00,472.666666666667,34.35,268.766666666667
2022-12-08 21:00:00,470.666666666667,32.7833333333333,268.45
2022-12-08 22:00:00,475.0,35.55,267.983333333333
2022-12-08 23:00:00,476.166666666667,37.2666666666667,268.133333333333
2022-12-09 00:00:00,470.666666666667,39.6166666666667,268.333333333333
2022-12-09 01:00:00,473.833333333333,44.9166666666667,268.533333333333
2022-12-09 02:00:00,473.666666666667,47.1166666666667,268.983333333333
2022-12-09 03:00:00,473.166666666667,50.5166666666667,269.333333333333
2022-12-09 04:00:00,474.333333333333,61.3833333333333,269.0
2022-12-09 05:00:00,474.666666666667,67.7333333333333,269.266666666667
2022-12-09 06:00:00,474.0,65.7333333333333,269.85
2022-12-09 07:00:00,475.333333333333,64.7833333333333,270.45
2022-12-09 08:00:00,473.5,71.5,270.533333333333
2022-12-09 09:00:00,472.833333333333,81.2833333333333,270.266666666667
2022-12-09 10:00:00,471.0,78.3166666666667,271.05
2022-12-09 11:00:00,472.166666666667,91.45,270.9
2022-12-09 12:00:00,472.666666666667,92.0,271.35
2022-12-09 13:00:00,465.166666666667,79.8,272.666666666667
2022-12-09 14:00:00,462.5,75.8833333333333,272.7
2022-12-09 15:00:00,465.333333333333,89.9833333333333,272.2
2022-12-09 16:00:00,473.0,99.4833333333334,271.783333333333
2022-12-09 17:00:00,482.833333333333,97.3666666666667,271.65
2022-12-09 18:00:00,493.333333333333,96.6,271.383333333333
2022-12-09 19:00:00,504.5,96.2,271.183333333333
2022-12-09 20:00:00,508.166666666667,96.5666666666667,270.816666666667
2022-12-09 21:00:00,507.0,96.1833333333333,270.483333333333
2022-12-09 22:00:00,505.5,97.6166666666667,269.95
2022-12-09 23:00:00,506.333333333333,98.4666666666667,269.516666666667
2022-12-10 00:00:00,505.666666666667,100.566666666667,269.316666666667
2022-12-10 01:00:00,503.166666666667,100.616666666667,269.2
2022-12-10 02:00:00,503.666666666667,100.716666666667,269.166666666667
2022-12-10 03:00:00,503.5,100.666666666667,269.383333333333
2022-12-10 04:00:00,501.666666666667,100.666666666667,269.166666666667
2022-12-10 05:00:00,500.166666666667,100.616666666667,269.016666666667
2022-12-10 06:00:00,500.333333333333,100.6,268.966666666667
2022-12-10 07:00:00,493.166666666667,100.516666666667,268.716666666667
2022-12-10 08:00:00,491.833333333333,100.5,268.566666666667
2022-12-10 09:00:00,497.833333333333,100.5,268.516666666667
2022-12-10 10:00:00,490.333333333333,100.516666666667,268.966666666667
2022-12-10 11:00:00,472.5,100.3,269.533333333333
2022-12-10 12:00:00,471.5,99.2833333333333,269.316666666667
2022-12-10 13:00:00,489.0,95.9,269.55
2022-12-10 14:00:00,472.166666666667,97.6,269.166666666667
2022-12-10 15:00:00,515.666666666667,99.3166666666667,267.9
2022-12-10 16:00:00,527.0,94.4666666666667,265.883333333333
2022-12-10 17:00:00,521.333333333333,93.9166666666667,264.6
2022-12-10 18:00:00,491.333333333333,94.2166666666667,264.133333333333
2022-12-10 19:00:00,478.0,93.25,263.733333333333
2022-12-10 20:00:00,466.833333333333,92.55,263.366666666667
2022-12-10 21:00:00,469.5,91.7166666666667,262.85
2022-12-10 22:00:00,451.0,90.9,262.316666666667
2022-12-10 23:00:00,434.5,90.2833333333333,261.95
2022-12-11 00:00:00,440.5,89.8166666666667,261.65
2022-12-11 01:00:00,439.166666666667,89.2166666666667,261.3
2022-12-11 02:00:00,428.0,88.7,260.916666666667
2022-12-11 03:00:00,429.333333333333,88.15,260.616666666667
2022-12-11 04:00:00,429.333333333333,87.4666666666667,260.233333333333
2022-12-11 05:00:00,428.333333333333,87.0,259.916666666667
2022-12-11 06:00:00,417.166666666667,86.45,259.7
2022-12-11 07:00:00,420.333333333333,84.9833333333333,259.266666666667
2022-12-11 08:00:00,461.333333333333,84.3,258.683333333333
2022-12-11 09:00:00,448.833333333333,83.8333333333333,258.333333333333
2022-12-11 10:00:00,429.5,84.6166666666667,259.966666666667
2022-12-11 11:00:00,410.666666666667,83.75,261.3
2022-12-11 12:00:00,425.833333333333,85.4666666666667,262.05
2022-12-11 13:00:00,411.333333333333,85.1,262.983333333333
2022-12-11 14:00:00,433.166666666667,83.7,260.75
2022-12-11 15:00:00,428.333333333333,84.4,261.75
2022-12-11 16:00:00,406.5,87.4166666666667,262.366666666667
2022-12-11 17:00:00,444.0,82.0333333333334,258.366666666667
2022-12-11 18:00:00,439.833333333333,81.5166666666667,256.783333333333
2022-12-11 19:00:00,429.0,80.7833333333334,256.516666666667
2022-12-11 20:00:00,429.166666666667,78.8333333333333,256.5
2022-12-11 21:00:00,432.833333333333,78.1833333333333,256.583333333333
2022-12-11 22:00:00,430.0,73.5166666666667,257.0
2022-12-11 23:00:00,428.833333333333,69.85,256.9
2022-12-12 00:00:00,426.0,65.6666666666667,256.883333333333
2022-12-12 01:00:00,423.666666666667,58.9833333333333,257.133333333333
2022-12-12 02:00:00,424.5,58.5666666666667,257.216666666667
2022-12-12 03:00:00,423.333333333333,53.8833333333333,257.166666666667
2022-12-12 04:00:00,423.833333333333,50.4,257.233333333333
2022-12-12 05:00:00,421.5,43.9,257.283333333333
2022-12-12 06:00:00,418.5,35.7166666666667,258.2
2022-12-12 07:00:00,421.0,38.05,258.6
2022-12-12 08:00:00,421.0,41.7333333333333,259.083333333333
2022-12-12 09:00:00,419.333333333333,44.5666666666667,259.5
2022-12-12 10:00:00,416.833333333333,49.0833333333333,260.166666666667
2022-12-12 11:00:00,412.166666666667,50.6,260.833333333333
2022-12-12 12:00:00,409.666666666667,53.9833333333333,261.916666666667
2022-12-12 13:00:00,409.0,56.65,261.966666666667
2022-12-12 14:00:00,411.0,57.1666666666667,261.483333333333
2022-12-12 15:00:00,416.666666666667,57.8833333333333,261.083333333333
2022-12-12 16:00:00,411.0,55.5,261.466666666667
2022-12-12 17:00:00,414.5,58.8666666666667,260.05
2022-12-12 18:00:00,419.166666666667,59.8833333333333,259.7
2022-12-12 19:00:00,419.166666666667,61.1333333333333,259.85
2022-12-12 20:00:00,418.0,59.4,259.466666666667
2022-12-12 21:00:00,421.833333333333,58.4833333333333,259.416666666667
2022-12-12 22:00:00,426.333333333333,57.75,259.433333333333
2022-12-12 23:00:00,422.666666666667,52.2,259.583333333333
2022-12-13 00:00:00,422.0,46.0333333333333,259.816666666667
2022-12-13 01:00:00,422.0,43.9666666666667,259.783333333333
2022-12-13 02:00:00,423.666666666667,41.5,259.866666666667
2022-12-13 03:00:00,418.833333333333,41.5,260.466666666667
2022-12-13 04:00:00,419.833333333333,42.3333333333333,261.383333333333
2022-12-13 05:00:00,420.166666666667,45.0166666666667,261.483333333333
2022-12-13 06:00:00,419.166666666667,46.7,261.9
2022-12-13 07:00:00,422.166666666667,47.2166666666667,262.466666666667
2022-12-13 08:00:00,417.833333333333,66.95,262.85
2022-12-13 09:00:00,415.166666666667,76.7333333333333,263.133333333333
2022-12-13 10:00:00,397.5,81.15,264.45
2022-12-13 11:00:00,417.666666666667,84.7166666666667,265.25
2022-12-13 12:00:00,400.0,82.9833333333334,266.216666666667
2022-12-13 13:00:00,420.333333333333,78.05,267.183333333333
2022-12-13 14:00:00,419.5,78.1,268.0
2022-12-13 15:00:00,435.5,83.05,268.3
2022-12-13 16:00:00,454.5,86.55,268.45
2022-12-13 17:00:00,461.833333333333,86.6666666666667,268.666666666667
2022-12-13 18:00:00,465.833333333333,91.1333333333333,268.916666666667
2022-12-13 19:00:00,462.166666666667,89.3333333333333,269.633333333333
2022-12-13 20:00:00,460.833333333333,87.65,270.216666666667
2022-12-13 21:00:00,457.0,85.9333333333333,270.616666666667
2022-12-13 22:00:00,465.5,88.8833333333333,270.766666666667
2022-12-13 23:00:00,474.5,78.6833333333333,271.166666666667
2022-12-14 00:00:00,467.833333333333,73.2333333333334,271.383333333333
2022-12-14 01:00:00,466.166666666667,63.3,271.916666666667
2022-12-14 02:00:00,464.166666666667,58.7666666666667,272.383333333333
2022-12-14 03:00:00,462.333333333333,63.2833333333333,272.25
2022-12-14 04:00:00,461.166666666667,63.6333333333333,272.25
2022-12-14 05:00:00,461.333333333333,59.5333333333333,272.783333333333
2022-12-14 06:00:00,457.333333333333,60.65,272.3
2022-12-14 07:00:00,457.0,60.6333333333333,272.083333333333
2022-12-14 08:00:00,459.833333333333,63.4166666666667,272.05
2022-12-14 09:00:00,455.0,68.5166666666667,271.816666666667
2022-12-14 10:00:00,448.666666666667,57.3666666666667,273.15
2022-12-14 11:00:00,445.333333333333,57.9,273.9
2022-12-14 12:00:00,443.5,53.5666666666667,274.316666666667
2022-12-14 13:00:00,442.333333333333,51.1,274.783333333333
2022-12-14 14:00:00,436.333333333333,53.1333333333333,274.883333333333
2022-12-14 15:00:00,440.833333333333,55.8666666666667,274.016666666667
2022-12-14 16:00:00,443.333333333333,59.85,273.533333333333
2022-12-14 17:00:00,442.333333333333,66.7166666666667,272.85
2022-12-14 18:00:00,439.666666666667,72.1,272.133333333333
2022-12-14 19:00:00,440.166666666667,72.2166666666667,272.266666666667
2022-12-14 20:00:00,441.333333333333,75.75,271.816666666667
2022-12-14 21:00:00,440.5,75.4,271.633333333333
2022-12-14 22:00:00,441.5,73.4833333333333,271.766666666667
2022-12-14 23:00:00,441.833333333333,68.1166666666667,272.283333333333
2022-12-15 00:00:00,442.666666666667,65.25,272.483333333333
2022-12-15 01:00:00,442.666666666667,64.3,272.733333333333
2022-12-15 02:00:00,443.5,66.0333333333333,272.7
2022-12-15 03:00:00,442.833333333333,60.3,272.983333333333
2022-12-15 04:00:00,443.5,57.6166666666667,273.266666666667
2022-12-15 05:00:00,442.5,57.4833333333333,273.016666666667
2022-12-15 06:00:00,443.833333333333,56.1166666666667,272.633333333333
2022-12-15 07:00:00,443.0,56.0166666666667,272.35
2022-12-15 08:00:00,441.833333333333,54.05,272.366666666667
2022-12-15 09:00:00,443.0,53.45,272.233333333333
2022-12-15 10:00:00,437.333333333333,46.5333333333333,273.05
2022-12-15 11:00:00,429.333333333333,41.9166666666667,274.133333333333
2022-12-15 12:00:00,435.333333333333,39.3333333333333,274.35
2022-12-15 13:00:00,432.833333333333,37.6166666666667,274.75
2022-12-15 14:00:00,435.0,38.6,274.3
2022-12-15 15:00:00,437.166666666667,43.75,273.633333333333
2022-12-15 16:00:00,438.0,55.4166666666667,272.5
2022-12-15 17:00:00,435.166666666667,67.8333333333333,271.416666666667
2022-12-15 18:00:00,436.333333333333,76.7333333333333,270.75
2022-12-15 19:00:00,435.666666666667,87.7833333333333,270.633333333333
2022-12-15 20:00:00,441.0,89.1333333333333,270.366666666667
2022-12-15 21:00:00,442.333333333333,82.9666666666667,270.866666666667
2022-12-15 22:00:00,444.5,74.5333333333334,272.2
2022-12-15 23:00:00,443.666666666667,71.8833333333333,272.883333333333
2022-12-16 00:00:00,443.166666666667,82.4333333333333,272.25
2022-12-16 01:00:00,441.833333333333,81.2833333333333,272.25
2022-12-16 02:00:00,433.833333333333,81.8333333333333,272.2
2022-12-16 03:00:00,433.5,79.7166666666667,272.466666666667
2022-12-16 04:00:00,433.5,80.05,272.6
2022-12-16 05:00:00,434.0,79.8666666666667,272.433333333333
2022-12-16 06:00:00,432.5,78.0666666666667,272.55
2022-12-16 07:00:00,435.5,88.0166666666667,271.833333333333
2022-12-16 08:00:00,438.833333333333,94.0333333333333,271.166666666667
2022-12-16 09:00:00,439.833333333333,88.1166666666667,270.95
2022-12-16 10:00:00,442.0,86.8,270.3
2022-12-16 11:00:00,442.5,82.5333333333334,270.3
2022-12-16 12:00:00,440.5,82.25,270.166666666667
2022-12-16 13:00:00,440.666666666667,82.1833333333333,269.583333333333
2022-12-16 14:00:00,437.833333333333,86.6,269.733333333333
2022-12-16 15:00:00,434.333333333333,93.9833333333333,269.45
2022-12-16 16:00:00,451.166666666667,88.3166666666667,269.15
2022-12-16 17:00:00,467.833333333333,90.5833333333333,268.5
2022-12-16 18:00:00,445.5,93.5666666666667,268.2
2022-12-16 19:00:00,446.833333333333,93.4,268.1
2022-12-16 20:00:00,445.833333333333,88.6666666666667,268.266666666667
2022-12-16 21:00:00,447.166666666667,92.95,267.983333333333
2022-12-16 22:00:00,458.833333333333,91.1,267.816666666667
2022-12-16 23:00:00,457.0,90.7833333333333,267.383333333333
2022-12-17 00:00:00,458.833333333333,93.25,266.966666666667
2022-12-17 01:00:00,444.166666666667,93.3166666666667,266.716666666667
2022-12-17 02:00:00,442.5,84.6333333333333,266.4
2022-12-17 03:00:00,442.666666666667,84.6666666666667,265.9
2022-12-17 04:00:00,442.5,81.0333333333333,265.083333333333
2022-12-17 05:00:00,439.166666666667,76.6833333333333,264.216666666667
2022-12-17 06:00:00,438.166666666667,76.55,263.616666666667
2022-12-17 07:00:00,440.0,67.7833333333334,263.316666666667
2022-12-17 08:00:00,439.166666666667,53.6666666666667,263.016666666667
2022-12-17 09:00:00,438.166666666667,51.45,263.583333333333
2022-12-17 10:00:00,420.333333333333,32.45,268.016666666667
2022-12-17 11:00:00,402.833333333333,28.9,270.083333333333
2022-12-17 12:00:00,418.833333333333,20.45,269.466666666667
2022-12-17 13:00:00,380.5,33.85,272.083333333333
2022-12-17 14:00:00,390.0,31.3666666666667,271.383333333333
2022-12-17 15:00:00,426.833333333333,11.1666666666667,269.633333333333
2022-12-17 16:00:00,423.166666666667,11.55,269.066666666667
2022-12-17 17:00:00,434.0,8.28333333333333,266.916666666667
2022-12-17 18:00:00,443.333333333333,7.81666666666667,266.65
2022-12-17 19:00:00,445.0,8.63333333333334,266.65
2022-12-17 20:00:00,439.333333333333,9.33333333333333,266.766666666667
2022-12-17 21:00:00,436.666666666667,9.31666666666667,267.0
2022-12-17 22:00:00,437.333333333333,9.18333333333334,267.183333333333
2022-12-17 23:00:00,437.5,9.85,267.416666666667
2022-12-18 00:00:00,438.833333333333,10.0833333333333,267.466666666667
2022-12-18 01:00:00,438.166666666667,12.9,267.916666666667
2022-12-18 02:00:00,439.0,15.9333333333333,268.6
2022-12-18 03:00:00,435.666666666667,16.15,268.85
2022-12-18 04:00:00,437.666666666667,16.5666666666667,268.983333333333
2022-12-18 05:00:00,438.5,15.95,269.25
2022-12-18 06:00:00,438.833333333333,16.8166666666667,269.066666666667
2022-12-18 07:00:00,437.333333333333,17.3166666666667,269.083333333333
2022-12-18 08:00:00,436.666666666667,16.9666666666667,269.533333333333
2022-12-18 09:00:00,437.833333333333,15.65,270.333333333333
2022-12-18 10:00:00,427.666666666667,14.05,273.933333333333
2022-12-18 11:00:00,393.0,12.1833333333333,277.0
2022-12-18 12:00:00,382.0,18.1666666666667,277.25
2022-12-18 13:00:00,399.0,20.0166666666667,276.316666666667
2022-12-18 14:00:00,384.333333333333,18.0,277.966666666667
2022-12-18 15:00:00,405.666666666667,10.55,275.616666666667
2022-12-18 16:00:00,428.333333333333,7.43333333333333,274.333333333333
2022-12-18 17:00:00,435.5,6.36666666666667,273.5
2022-12-18 18:00:00,437.333333333333,7.0,272.783333333333
2022-12-18 19:00:00,433.0,6.66666666666667,273.516666666667
2022-12-18 20:00:00,431.0,6.8,273.683333333333
2022-12-18 21:00:00,433.0,6.85,274.05
2022-12-18 22:00:00,434.666666666667,8.13333333333333,274.6
2022-12-18 23:00:00,431.166666666667,8.38333333333334,274.85
2022-12-19 00:00:00,428.5,11.0333333333333,275.1
2022-12-19 01:00:00,429.5,12.5166666666667,275.25
2022-12-19 02:00:00,427.833333333333,11.2333333333333,275.8
2022-12-19 03:00:00,427.5,12.1666666666667,276.266666666667
2022-12-19 04:00:00,428.0,15.0333333333333,276.566666666667
2022-12-19 05:00:00,434.166666666667,17.8333333333333,276.633333333333
2022-12-19 06:00:00,433.166666666667,17.5833333333333,276.6
2022-12-19 07:00:00,429.5,21.5666666666667,276.516666666667
2022-12-19 08:00:00,426.5,37.15,276.716666666667
2022-12-19 09:00:00,428.0,63.9166666666667,276.65
2022-12-19 10:00:00,425.5,65.6333333333333,277.166666666667
2022-12-19 11:00:00,428.5,72.4,278.2
2022-12-19 12:00:00,424.333333333333,66.7833333333333,279.6
2022-12-19 13:00:00,423.333333333333,65.9666666666667,280.25
2022-12-19 14:00:00,401.166666666667,57.45,282.383333333333
2022-12-19 15:00:00,415.166666666667,60.5166666666667,280.566666666667
2022-12-19 16:00:00,426.833333333333,61.35,279.633333333333
2022-12-19 17:00:00,435.333333333333,55.9666666666667,279.766666666667
2022-12-19 18:00:00,435.0,53.2833333333333,280.433333333333
2022-12-19 19:00:00,439.0,58.0166666666667,279.15
2022-12-19 20:00:00,437.333333333333,55.05,279.483333333333
2022-12-19 21:00:00,438.666666666667,53.65,279.566666666667
2022-12-19 22:00:00,437.0,53.4,279.45
2022-12-19 23:00:00,437.166666666667,53.15,279.316666666667
2022-12-20 00:00:00,436.0,49.6,279.783333333333
2022-12-20 01:00:00,434.5,48.6166666666667,279.85
2022-12-20 02:00:00,435.333333333333,46.3,279.916666666667
2022-12-20 03:00:00,436.5,46.8833333333333,279.283333333333
2022-12-20 04:00:00,434.333333333333,43.7666666666667,279.3
2022-12-20 05:00:00,438.333333333333,43.9333333333333,278.683333333333
2022-12-20 06:00:00,439.833333333333,41.3166666666667,278.816666666667
2022-12-20 07:00:00,435.5,38.2,279.116666666667
2022-12-20 08:00:00,433.5,36.5333333333333,279.066666666667
2022-12-20 09:00:00,433.0,36.0,279.166666666667
2022-12-20 10:00:00,431.0,33.3666666666667,280.466666666667
2022-12-20 11:00:00,426.833333333333,30.8833333333333,280.866666666667
2022-12-20 12:00:00,419.666666666667,28.0333333333333,281.533333333333
2022-12-20 13:00:00,414.5,27.6833333333333,281.783333333333
2022-12-20 14:00:00,390.333333333333,23.3166666666667,284.733333333333
2022-12-20 15:00:00,396.166666666667,26.4666666666667,283.216666666667
2022-12-20 16:00:00,425.666666666667,29.5833333333333,280.55
2022-12-20 17:00:00,434.833333333333,28.7333333333333,280.083333333333
2022-12-20 18:00:00,441.166666666667,30.8333333333333,279.283333333333
2022-12-20 19:00:00,434.833333333333,34.2666666666667,279.5
2022-12-20 20:00:00,434.0,37.4166666666667,279.583333333333
2022-12-20 21:00:00,435.833333333333,38.7166666666667,279.433333333333
2022-12-20 22:00:00,433.833333333333,39.9,279.616666666667
2022-12-20 23:00:00,430.833333333333,42.2833333333333,279.666666666667
2022-12-21 00:00:00,434.833333333333,43.6833333333333,278.9
2022-12-21 01:00:00,439.833333333333,46.1,278.083333333333
2022-12-21 02:00:00,436.333333333333,47.1333333333333,277.866666666667
2022-12-21 03:00:00,435.5,50.1666666666667,276.95
2022-12-21 04:00:00,437.166666666667,54.9666666666667,275.633333333333
2022-12-21 05:00:00,437.333333333333,60.35,274.65
2022-12-21 06:00:00,438.333333333333,62.65,274.15
2022-12-21 07:00:00,437.666666666667,65.0666666666667,273.85
2022-12-21 08:00:00,438.166666666667,67.15,273.566666666667
2022-12-21 09:00:00,438.166666666667,70.6333333333333,273.816666666667
2022-12-21 10:00:00,436.833333333333,80.7166666666667,273.35
2022-12-21 11:00:00,433.666666666667,76.0166666666667,274.266666666667
2022-12-21 12:00:00,431.666666666667,69.4333333333333,274.833333333333
2022-12-21 13:00:00,426.166666666667,69.1333333333333,275.25
2022-12-21 14:00:00,426.0,74.4666666666667,275.133333333333
2022-12-21 15:00:00,424.0,75.5,275.05
2022-12-21 16:00:00,425.5,77.0166666666667,274.666666666667
2022-12-21 17:00:00,428.333333333333,82.0166666666667,274.033333333333
2022-12-21 18:00:00,431.166666666667,85.0833333333333,273.75
2022-12-21 19:00:00,432.0,92.5333333333333,273.583333333333
2022-12-21 20:00:00,431.833333333333,91.65,273.066666666667
2022-12-21 21:00:00,434.666666666667,83.8666666666667,273.4
2022-12-21 22:00:00,435.0,85.8833333333333,273.233333333333
2022-12-21 23:00:00,434.0,85.6,273.233333333333
2022-12-22 00:00:00,436.166666666667,78.85,273.433333333333
2022-12-22 01:00:00,437.333333333333,75.6166666666667,273.633333333333
2022-12-22 02:00:00,436.666666666667,71.1833333333333,273.7
2022-12-22 03:00:00,438.666666666667,62.5166666666667,274.233333333333
2022-12-22 04:00:00,436.5,59.5666666666667,274.35
2022-12-22 05:00:00,435.5,59.4166666666667,274.133333333333
2022-12-22 06:00:00,435.5,63.7333333333334,273.616666666667
2022-12-22 07:00:00,434.166666666667,63.3,273.2
2022-12-22 08:00:00,436.5,60.4833333333334,273.616666666667
2022-12-22 09:00:00,434.833333333333,60.3,273.65
2022-12-22 10:00:00,427.833333333333,65.3166666666667,274.283333333333
2022-12-22 11:00:00,421.5,64.9666666666667,274.533333333333
2022-12-22 12:00:00,430.333333333333,60.7666666666667,273.766666666667
2022-12-22 13:00:00,429.166666666667,53.7333333333334,274.3
2022-12-22 14:00:00,427.5,56.8,273.766666666667
2022-12-22 15:00:00,430.5,58.5666666666667,273.216666666667
2022-12-22 16:00:00,429.0,53.75,273.616666666667
2022-12-22 17:00:00,433.0,55.95,272.483333333333
2022-12-22 18:00:00,435.833333333333,56.75,272.0
2022-12-22 19:00:00,436.0,58.0833333333333,272.016666666667
2022-12-22 20:00:00,435.833333333333,64.8833333333333,271.866666666667
2022-12-22 21:00:00,436.666666666667,74.05,271.75
2022-12-22 22:00:00,436.0,66.4333333333333,272.633333333333
2022-12-22 23:00:00,434.166666666667,67.3,272.933333333333
2022-12-23 00:00:00,432.5,78.2166666666667,272.366666666667
2022-12-23 01:00:00,438.166666666667,91.4333333333333,272.233333333333
2022-12-23 02:00:00,454.5,100.683333333333,272.083333333333
2022-12-23 03:00:00,462.166666666667,101.033333333333,272.616666666667
2022-12-23 04:00:00,489.5,101.35,273.083333333333
2022-12-23 05:00:00,514.166666666667,101.733333333333,273.35
2022-12-23 06:00:00,527.666666666667,101.916666666667,273.716666666667
2022-12-23 07:00:00,525.5,102.0,273.633333333333
2022-12-23 08:00:00,538.0,102.016666666667,273.75
2022-12-23 09:00:00,544.333333333333,102.1,273.766666666667
2022-12-23 10:00:00,533.166666666667,102.15,273.9
2022-12-23 11:00:00,524.333333333333,102.183333333333,274.283333333333
2022-12-23 12:00:00,564.5,102.183333333333,274.433333333333
2022-12-23 13:00:00,565.166666666667,102.2,274.55
2022-12-23 14:00:00,584.666666666667,102.2,274.633333333333
2022-12-23 15:00:00,580.166666666667,102.3,274.616666666667
2022-12-23 16:00:00,602.0,102.3,274.55
2022-12-23 17:00:00,619.5,102.333333333333,274.533333333333
2022-12-23 18:00:00,629.5,102.433333333333,274.433333333333
2022-12-23 19:00:00,624.666666666667,102.5,274.366666666667
2022-12-23 20:00:00,643.0,102.45,274.35
2022-12-23 21:00:00,676.333333333333,102.383333333333,274.25
2022-12-23 22:00:00,683.333333333333,102.3,273.85
2022-12-23 23:00:00,716.0,102.3,272.966666666667
2022-12-24 00:00:00,736.5,102.35,271.95
2022-12-24 01:00:00,729.166666666667,102.166666666667,271.833333333333
2022-12-24 02:00:00,726.333333333334,102.0,271.8
2022-12-24 03:00:00,760.5,101.983333333333,272.066666666667
2022-12-24 04:00:00,782.666666666667,101.883333333333,271.833333333333
2022-12-24 05:00:00,792.166666666667,101.733333333333,271.483333333333
2022-12-24 06:00:00,796.833333333333,101.616666666667,271.333333333333
2022-12-24 07:00:00,810.5,101.6,271.35
2022-12-24 08:00:00,820.166666666667,101.6,271.216666666667
2022-12-24 09:00:00,828.166666666667,101.55,271.183333333333
2022-12-24 10:00:00,830.5,101.5,271.433333333333
2022-12-24 11:00:00,822.166666666667,101.616666666667,272.233333333333
2022-12-24 12:00:00,822.166666666667,101.883333333333,272.966666666667
2022-12-24 13:00:00,818.166666666667,101.816666666667,272.5
2022-12-24 14:00:00,779.5,101.85,272.733333333333
2022-12-24 15:00:00,812.166666666667,101.933333333333,272.7
2022-12-24 16:00:00,817.333333333333,101.966666666667,272.666666666667
2022-12-24 17:00:00,817.833333333334,101.9,272.583333333333
2022-12-24 18:00:00,835.5,101.983333333333,273.016666666667
2022-12-24 19:00:00,836.833333333333,102.15,273.683333333333
2022-12-24 20:00:00,830.5,102.3,273.816666666667
2022-12-24 21:00:00,829.666666666667,102.4,273.666666666667
2022-12-24 22:00:00,828.166666666667,102.4,273.566666666667
2022-12-24 23:00:00,832.833333333333,102.45,274.066666666667
2022-12-25 00:00:00,834.333333333333,102.466666666667,274.083333333333
2022-12-25 01:00:00,838.5,102.466666666667,274.05
2022-12-25 02:00:00,841.0,102.5,274.066666666667
2022-12-25 03:00:00,844.666666666667,102.466666666667,274.183333333333
2022-12-25 04:00:00,842.5,102.366666666667,274.05
2022-12-25 05:00:00,842.666666666667,102.183333333333,273.75
2022-12-25 06:00:00,843.5,102.016666666667,273.583333333333
2022-12-25 07:00:00,843.0,102.0,273.5
2022-12-25 08:00:00,843.5,101.983333333333,273.916666666667
2022-12-25 09:00:00,844.666666666667,101.95,274.266666666667
2022-12-25 10:00:00,846.5,101.733333333333,276.2
2022-12-25 11:00:00,831.5,101.716666666667,277.333333333333
2022-12-25 12:00:00,822.333333333333,101.7,278.05
2022-12-25 13:00:00,817.5,101.666666666667,278.216666666667
2022-12-25 14:00:00,773.5,101.75,279.733333333333
2022-12-25 15:00:00,753.0,101.85,279.516666666667
2022-12-25 16:00:00,790.666666666667,101.683333333333,277.4
2022-12-25 17:00:00,800.833333333333,97.8333333333333,276.616666666667
2022-12-25 18:00:00,801.0,32.2166666666667,278.783333333333
2022-12-25 19:00:00,798.0,29.8,278.75
2022-12-25 20:00:00,796.166666666667,26.7,279.083333333333
2022-12-25 21:00:00,794.666666666667,25.5666666666667,279.15
2022-12-25 22:00:00,793.666666666667,25.1333333333333,279.25
2022-12-25 23:00:00,792.833333333334,24.9833333333333,279.1
2022-12-26 00:00:00,790.166666666667,24.1333333333333,279.216666666667
2022-12-26 01:00:00,788.0,24.25,279.133333333333
2022-12-26 02:00:00,786.333333333333,25.1333333333333,278.85
2022-12-26 03:00:00,786.0,27.45,278.433333333333
2022-12-26 04:00:00,786.166666666667,29.8166666666667,277.666666666667
2022-12-26 05:00:00,784.5,28.9166666666667,277.75
2022-12-26 06:00:00,785.333333333333,30.4166666666667,277.416666666667
2022-12-26 07:00:00,782.333333333333,31.0833333333333,277.216666666667
2022-12-26 08:00:00,783.666666666667,32.15,277.3
2022-12-26 09:00:00,780.833333333333,33.9333333333333,277.25
2022-12-26 10:00:00,778.0,36.85,277.3
2022-12-26 11:00:00,772.0,35.35,279.283333333333
2022-12-26 12:00:00,770.5,36.85,278.5
2022-12-26 13:00:00,758.166666666667,43.3333333333333,277.116666666667
2022-12-26 14:00:00,755.0,46.7833333333333,277.45
2022-12-26 15:00:00,764.5,49.2,276.35
2022-12-26 16:00:00,763.0,50.2833333333333,276.1
2022-12-26 17:00:00,763.0,60.6666666666667,274.716666666667
2022-12-26 18:00:00,765.333333333334,61.9166666666667,274.866666666667
2022-12-26 19:00:00,765.833333333333,76.7166666666667,273.95
2022-12-26 20:00:00,762.333333333333,98.6666666666667,271.633333333333
2022-12-26 21:00:00,766.166666666667,100.566666666667,270.466666666667
2022-12-26 22:00:00,782.666666666667,100.783333333333,270.3
2022-12-26 23:00:00,823.333333333333,100.816666666667,270.216666666667
2022-12-27 00:00:00,830.5,100.9,270.616666666667
2022-12-27 01:00:00,821.166666666667,100.9,270.783333333333
2022-12-27 02:00:00,822.833333333334,100.9,270.616666666667
2022-12-27 03:00:00,823.666666666667,100.8,270.266666666667
2022-12-27 04:00:00,826.666666666667,100.733333333333,269.816666666667
2022-12-27 05:00:00,825.666666666667,100.7,269.5
2022-12-27 06:00:00,835.666666666667,100.616666666667,269.066666666667
2022-12-27 07:00:00,835.166666666667,100.533333333333,268.633333333333
2022-12-27 08:00:00,821.333333333333,100.5,268.35
2022-12-27 09:00:00,830.666666666667,100.5,268.383333333333
2022-12-27 10:00:00,845.833333333333,100.5,268.8
2022-12-27 11:00:00,843.5,100.433333333333,269.133333333333
2022-12-27 12:00:00,837.166666666667,100.233333333333,269.816666666667
2022-12-27 13:00:00,831.833333333333,99.65,270.1
2022-12-27 14:00:00,821.5,97.7333333333333,271.416666666667
2022-12-27 15:00:00,825.166666666667,95.2333333333333,269.633333333333
2022-12-27 16:00:00,833.5,75.8666666666667,267.966666666667
2022-12-27 17:00:00,834.333333333333,60.2833333333333,267.8
2022-12-27 18:00:00,832.166666666667,52.1166666666667,268.233333333333
2022-12-27 19:00:00,829.833333333333,43.2666666666667,268.516666666667
2022-12-27 20:00:00,826.166666666667,35.1666666666667,268.716666666667
2022-12-27 21:00:00,825.5,24.3833333333333,269.15
2022-12-27 22:00:00,824.666666666667,22.05,269.183333333333
2022-12-27 23:00:00,824.5,19.85,269.183333333333
2022-12-28 00:00:00,820.0,20.25,268.95
2022-12-28 01:00:00,819.5,14.7333333333333,270.033333333333
2022-12-28 02:00:00,816.833333333334,16.2333333333333,270.483333333333
2022-12-28 03:00:00,817.666666666667,17.75,270.433333333333
2022-12-28 04:00:00,817.333333333333,20.3833333333333,270.483333333333
2022-12-28 05:00:00,818.833333333333,20.7333333333333,270.8
2022-12-28 06:00:00,814.333333333333,22.1333333333333,271.033333333333
2022-12-28 07:00:00,811.166666666667,25.3,271.0
2022-12-28 08:00:00,805.833333333333,29.7333333333333,271.3
2022-12-28 09:00:00,809.166666666667,34.6666666666667,272.483333333333
2022-12-28 10:00:00,806.833333333333,32.95,274.233333333333
2022-12-28 11:00:00,801.5,32.7333333333333,275.45
2022-12-28 12:00:00,794.333333333333,33.5,275.716666666667
2022-12-28 13:00:00,787.166666666667,32.5166666666667,276.833333333333
2022-12-28 14:00:00,789.666666666667,36.0833333333333,277.066666666667
2022-12-28 15:00:00,767.166666666667,41.5,277.4
2022-12-28 16:00:00,777.166666666667,42.2166666666667,275.316666666667
2022-12-28 17:00:00,800.833333333333,43.45,272.95
2022-12-28 18:00:00,802.166666666667,43.5666666666667,272.75
2022-12-28 19:00:00,802.333333333333,43.35,273.133333333333
2022-12-28 20:00:00,800.666666666667,41.9166666666667,273.45
2022-12-28 21:00:00,798.666666666667,44.1,272.833333333333
2022-12-28 22:00:00,800.833333333333,40.8833333333333,272.583333333333
2022-12-28 23:00:00,794.5,32.2666666666667,273.033333333333
2022-12-29 00:00:00,795.5,29.9166666666667,272.516666666667
2022-12-29 01:00:00,796.833333333333,28.2666666666667,272.45
2022-12-29 02:00:00,797.0,29.6166666666667,271.9
2022-12-29 03:00:00,796.333333333334,24.05,272.466666666667
2022-12-29 04:00:00,791.5,18.0166666666667,273.716666666667
2022-12-29 05:00:00,793.666666666667,19.4,273.116666666667
2022-12-29 06:00:00,791.333333333333,25.0833333333333,272.1
2022-12-29 07:00:00,792.666666666667,28.3333333333333,272.066666666667
2022-12-29 08:00:00,792.333333333333,28.7833333333333,271.85
2022-12-29 09:00:00,790.833333333334,27.5666666666667,272.65
2022-12-29 10:00:00,781.5,25.3666666666667,274.166666666667
2022-12-29 11:00:00,761.166666666667,23.7666666666667,276.866666666667
2022-12-29 12:00:00,776.0,27.5333333333333,275.466666666667
2022-12-29 13:00:00,766.333333333333,31.15,275.3
2022-12-29 14:00:00,763.166666666667,35.2333333333333,275.95
2022-12-29 15:00:00,774.5,46.8,273.783333333333
2022-12-29 16:00:00,777.0,48.8,272.8
2022-12-29 17:00:00,784.833333333333,51.4,271.833333333333
2022-12-29 18:00:00,789.0,52.3833333333333,271.35
2022-12-29 19:00:00,788.5,53.7166666666667,271.266666666667
2022-12-29 20:00:00,787.5,55.1,271.616666666667
2022-12-29 21:00:00,785.833333333333,57.8166666666667,271.466666666667
2022-12-29 22:00:00,785.5,58.9166666666667,271.233333333333
2022-12-29 23:00:00,785.833333333333,62.6666666666667,270.933333333333
2022-12-30 00:00:00,784.5,59.0333333333333,271.583333333333
2022-12-30 01:00:00,781.5,60.3333333333333,271.65
2022-12-30 02:00:00,781.166666666667,62.4666666666667,271.583333333333
2022-12-30 03:00:00,780.833333333333,64.2166666666667,271.383333333333
2022-12-30 04:00:00,782.0,76.7333333333333,270.65
2022-12-30 05:00:00,780.666666666667,85.5,270.35
2022-12-30 06:00:00,775.166666666667,97.9666666666667,270.0
2022-12-30 07:00:00,773.666666666667,97.6,269.716666666667
2022-12-30 08:00:00,777.666666666667,91.4666666666667,269.933333333333
2022-12-30 09:00:00,773.5,85.4333333333334,270.616666666667
2022-12-30 10:00:00,764.833333333333,73.1666666666667,272.05
2022-12-30 11:00:00,759.0,64.6333333333333,274.533333333333
2022-12-30 12:00:00,762.666666666667,64.8166666666667,274.616666666667
2022-12-30 13:00:00,763.833333333334,59.6833333333333,275.05
2022-12-30 14:00:00,782.666666666667,61.4833333333333,273.583333333333
2022-12-30 15:00:00,786.833333333333,58.7833333333333,273.466666666667
2022-12-30 16:00:00,789.166666666667,56.3833333333333,273.55
2022-12-30 17:00:00,788.666666666667,72.0166666666667,272.866666666667
2022-12-30 18:00:00,779.833333333333,97.2333333333333,271.75
2022-12-30 19:00:00,778.0,98.6166666666667,272.516666666667
2022-12-30 20:00:00,803.166666666667,81.5833333333333,273.733333333333
2022-12-30 21:00:00,801.666666666667,73.4833333333333,274.316666666667
2022-12-30 22:00:00,792.666666666667,72.1,274.666666666667
2022-12-30 23:00:00,788.0,76.4,274.866666666667
2022-12-31 00:00:00,783.0,85.6666666666667,274.433333333333
2022-12-31 01:00:00,783.0,91.8833333333333,274.366666666667
2022-12-31 02:00:00,791.5,91.2,274.816666666667
2022-12-31 03:00:00,793.0,88.75,275.116666666667
2022-12-31 04:00:00,781.833333333333,101.016666666667,274.766666666667
2022-12-31 05:00:00,790.5,89.5333333333334,275.366666666667
2022-12-31 06:00:00,789.666666666667,71.3666666666667,276.083333333333
2022-12-31 07:00:00,787.333333333333,80.9666666666667,275.816666666667
2022-12-31 08:00:00,784.833333333333,71.1333333333333,276.516666666667
2022-12-31 09:00:00,784.833333333333,69.3,276.6
2022-12-31 10:00:00,784.166666666667,70.5,276.566666666667
2022-12-31 11:00:00,777.0,56.6333333333333,278.85
2022-12-31 12:00:00,758.833333333334,50.3,282.0
2022-12-31 13:00:00,754.833333333333,49.5333333333333,281.4
2022-12-31 14:00:00,754.5,45.7333333333333,281.833333333333
2022-12-31 15:00:00,757.666666666667,45.5166666666667,280.733333333333
2022-12-31 16:00:00,771.0,46.5333333333333,279.483333333333
2022-12-31 17:00:00,775.833333333333,46.35,279.066666666667
2022-12-31 18:00:00,775.0,45.4,279.15
2022-12-31 19:00:00,776.5,47.9833333333333,278.95
2022-12-31 20:00:00,774.666666666667,50.65,278.666666666667
2022-12-31 21:00:00,775.166666666667,52.5166666666667,278.25
2022-12-31 22:00:00,773.666666666667,55.7,277.966666666667
2022-12-31 23:00:00,773.833333333333,57.9166666666667,277.75
2023-01-01 00:00:00,773.666666666667,59.35,277.6
2023-01-01 01:00:00,773.0,59.45,277.633333333333
2023-01-01 02:00:00,769.166666666667,58.5166666666667,277.416666666667
2023-01-01 03:00:00,769.166666666667,60.8666666666667,277.05
2023-01-01 04:00:00,770.0,64.7,276.916666666667
2023-01-01 05:00:00,767.166666666667,65.3666666666667,276.633333333333
2023-01-01 06:00:00,769.0,66.0166666666667,276.533333333333
2023-01-01 07:00:00,770.833333333333,68.0333333333334,276.516666666667
2023-01-01 08:00:00,768.5,71.3166666666667,276.0
2023-01-01 09:00:00,769.333333333333,69.7333333333333,276.566666666667
2023-01-01 10:00:00,765.833333333333,65.1833333333333,278.416666666667
2023-01-01 11:00:00,761.0,61.35,279.233333333333
2023-01-01 12:00:00,753.833333333333,56.9333333333333,279.866666666667
2023-01-01 13:00:00,746.166666666667,54.6666666666667,280.25
2023-01-01 14:00:00,749.333333333333,56.2166666666667,280.033333333333
2023-01-01 15:00:00,751.5,54.8833333333333,280.066666666667
2023-01-01 16:00:00,748.0,55.4166666666667,279.066666666667
2023-01-01 17:00:00,758.166666666667,58.6333333333333,277.1
2023-01-01 18:00:00,760.833333333333,57.8166666666667,276.733333333333
2023-01-01 19:00:00,760.833333333333,52.1166666666667,277.15
2023-01-01 20:00:00,758.333333333333,48.75,277.4
2023-01-01 21:00:00,758.0,48.9666666666667,277.4
2023-01-01 22:00:00,754.666666666667,48.3166666666667,277.083333333333
2023-01-01 23:00:00,758.166666666667,53.5333333333333,276.216666666667
2023-01-02 00:00:00,759.666666666667,55.3333333333333,276.083333333333
2023-01-02 01:00:00,760.666666666667,58.3833333333333,275.1
2023-01-02 02:00:00,760.0,59.3666666666667,275.1
2023-01-02 03:00:00,756.333333333333,58.5,274.966666666667
2023-01-02 04:00:00,760.5,57.15,275.0
2023-01-02 05:00:00,759.0,49.35,275.333333333333
2023-01-02 06:00:00,759.333333333333,45.7833333333333,275.383333333333
2023-01-02 07:00:00,761.0,43.6833333333333,275.433333333333
2023-01-02 08:00:00,754.166666666667,44.5333333333333,275.55
2023-01-02 09:00:00,752.166666666667,42.1833333333333,276.0
2023-01-02 10:00:00,746.166666666667,38.6,278.233333333333
2023-01-02 11:00:00,745.333333333333,38.75,278.783333333333
2023-01-02 12:00:00,745.833333333333,41.8833333333333,277.9
2023-01-02 13:00:00,745.166666666667,45.8,277.516666666667
2023-01-02 14:00:00,738.5,45.25,278.0
2023-01-02 15:00:00,736.833333333333,48.2666666666667,277.45
2023-01-02 16:00:00,741.0,50.7833333333333,276.383333333333
2023-01-02 17:00:00,752.0,54.8,274.916666666667
2023-01-02 18:00:00,753.166666666667,56.3833333333333,274.65
2023-01-02 19:00:00,753.333333333333,62.3166666666667,274.466666666667
2023-01-02 20:00:00,752.833333333334,68.2666666666667,273.866666666667
2023-01-02 21:00:00,753.0,69.4333333333333,273.566666666667
2023-01-02 22:00:00,750.5,68.0333333333333,273.683333333333
2023-01-02 23:00:00,751.666666666667,68.0333333333333,273.866666666667
2023-01-03 00:00:00,750.166666666667,70.7333333333333,273.333333333333
2023-01-03 01:00:00,752.333333333333,79.2666666666667,272.616666666667
2023-01-03 02:00:00,750.666666666667,87.9166666666667,272.083333333333
2023-01-03 03:00:00,751.333333333333,91.4833333333334,271.916666666667
2023-01-03 04:00:00,751.5,89.7333333333333,271.816666666667
2023-01-03 05:00:00,749.5,97.25,271.616666666667
2023-01-03 06:00:00,750.5,97.2,271.683333333333
2023-01-03 07:00:00,750.166666666667,87.9333333333333,272.166666666667
2023-01-03 08:00:00,747.166666666667,93.4666666666667,271.966666666667
2023-01-03 09:00:00,745.333333333333,92.6666666666667,271.933333333333
2023-01-03 10:00:00,737.0,87.95,272.75
2023-01-03 11:00:00,731.0,85.7666666666667,273.5
2023-01-03 12:00:00,738.333333333333,84.2166666666667,273.733333333333
2023-01-03 13:00:00,739.666666666667,94.4666666666667,273.283333333333
2023-01-03 14:00:00,726.833333333334,98.0166666666667,273.366666666667
2023-01-03 15:00:00,735.333333333334,100.4,272.85
2023-01-03 16:00:00,760.666666666667,99.8833333333334,272.266666666667
2023-01-03 17:00:00,782.166666666667,100.8,271.933333333333
2023-01-03 18:00:00,804.333333333334,100.633333333333,271.666666666667
2023-01-03 19:00:00,803.0,100.766666666667,271.466666666667
2023-01-03 20:00:00,790.833333333333,99.2666666666667,271.283333333333
2023-01-03 21:00:00,787.833333333333,94.9166666666667,271.183333333333
2023-01-03 22:00:00,786.5,84.5666666666667,270.583333333333
2023-01-03 23:00:00,777.5,85.3666666666667,270.7
2023-01-04 00:00:00,779.833333333333,84.5666666666667,270.616666666667
2023-01-04 01:00:00,785.833333333333,81.8833333333333,270.233333333333
2023-01-04 02:00:00,791.666666666667,85.95,269.75
2023-01-04 03:00:00,790.333333333333,72.9333333333333,269.9
2023-01-04 04:00:00,788.0,57.4166666666667,271.416666666667
2023-01-04 05:00:00,788.833333333334,52.3166666666667,271.716666666667
2023-01-04 06:00:00,787.166666666667,50.3333333333333,271.866666666667
2023-01-04 07:00:00,789.0,44.4833333333333,271.866666666667
2023-01-04 08:00:00,790.333333333334,36.9333333333333,272.116666666667
2023-01-04 09:00:00,787.166666666667,31.6166666666667,272.5
2023-01-04 10:00:00,784.666666666667,23.75,274.366666666667
2023-01-04 11:00:00,782.5,23.9833333333333,275.233333333333
2023-01-04 12:00:00,775.833333333333,24.3166666666667,275.5
2023-01-04 13:00:00,776.166666666667,27.3166666666667,274.566666666667
2023-01-04 14:00:00,777.333333333333,27.75,274.383333333333
2023-01-04 15:00:00,780.5,30.9166666666667,274.183333333333
2023-01-04 16:00:00,780.333333333334,34.8833333333333,273.966666666667
2023-01-04 17:00:00,782.166666666667,42.4333333333333,273.683333333333
2023-01-04 18:00:00,783.333333333334,51.5333333333333,273.483333333333
2023-01-04 19:00:00,782.333333333333,65.3333333333333,273.2
2023-01-04 20:00:00,780.333333333333,66.75,273.15
2023-01-04 21:00:00,777.833333333333,65.7333333333333,272.833333333333
2023-01-04 22:00:00,775.166666666667,64.4666666666667,272.833333333333
2023-01-04 23:00:00,772.833333333333,62.3,272.883333333333
2023-01-05 00:00:00,769.666666666667,63.5666666666667,273.05
2023-01-05 01:00:00,762.833333333334,73.1833333333333,273.016666666667
2023-01-05 02:00:00,764.833333333333,89.1666666666667,272.616666666667
2023-01-05 03:00:00,768.833333333333,99.2,272.416666666667
2023-01-05 04:00:00,772.166666666667,100.633333333333,272.866666666667
2023-01-05 05:00:00,772.0,100.433333333333,273.6
2023-01-05 06:00:00,772.333333333333,100.85,273.55
2023-01-05 07:00:00,775.666666666667,100.833333333333,273.6
2023-01-05 08:00:00,779.5,101.016666666667,273.5
2023-01-05 09:00:00,782.166666666667,101.333333333333,273.333333333333
2023-01-05 10:00:00,785.333333333333,100.283333333333,273.183333333333
2023-01-05 11:00:00,776.833333333333,99.1333333333333,273.283333333333
2023-01-05 12:00:00,762.666666666667,95.8833333333333,273.933333333333
2023-01-05 13:00:00,768.0,93.1333333333333,273.183333333333
2023-01-05 14:00:00,770.666666666667,96.6333333333333,272.916666666667
2023-01-05 15:00:00,765.0,88.1333333333333,272.683333333333
2023-01-05 16:00:00,759.5,86.4833333333333,271.866666666667
2023-01-05 17:00:00,760.666666666667,92.1333333333333,271.433333333333
2023-01-05 18:00:00,765.5,100.0,271.4
2023-01-05 19:00:00,776.333333333334,99.75,271.433333333333
2023-01-05 20:00:00,776.0,98.7666666666667,271.216666666667
2023-01-05 21:00:00,774.5,96.3166666666667,270.933333333333
2023-01-05 22:00:00,772.5,91.45,270.566666666667
2023-01-05 23:00:00,768.666666666667,89.45,270.166666666667
2023-01-06 00:00:00,769.0,74.8166666666667,270.333333333333
2023-01-06 01:00:00,767.166666666667,40.2333333333333,271.7
2023-01-06 02:00:00,766.833333333333,29.6833333333333,272.633333333333
2023-01-06 03:00:00,760.5,22.35,274.45
2023-01-06 04:00:00,763.833333333333,22.35,275.183333333333
2023-01-06 05:00:00,763.5,23.75,275.233333333333
2023-01-06 06:00:00,761.5,24.3666666666667,275.033333333333
2023-01-06 07:00:00,759.833333333333,25.5166666666667,275.0
2023-01-06 08:00:00,760.5,24.5333333333333,275.116666666667
2023-01-06 09:00:00,762.5,23.0166666666667,275.866666666667
2023-01-06 10:00:00,755.0,22.2666666666667,278.516666666667
2023-01-06 11:00:00,738.166666666667,23.7166666666667,280.783333333333
2023-01-06 12:00:00,715.333333333333,22.6333333333333,282.466666666667
2023-01-06 13:00:00,725.5,23.3166666666667,281.666666666667
2023-01-06 14:00:00,721.666666666667,23.7666666666667,281.633333333333
2023-01-06 15:00:00,721.833333333334,24.3666666666667,281.133333333333
2023-01-06 16:00:00,733.333333333333,21.6,279.716666666667
2023-01-06 17:00:00,753.166666666667,20.1333333333333,277.633333333333
2023-01-06 18:00:00,759.833333333333,23.0,276.166666666667
2023-01-06 19:00:00,760.666666666667,23.7,275.8
2023-01-06 20:00:00,760.0,25.4333333333333,275.183333333333
2023-01-06 21:00:00,752.166666666667,23.3833333333333,275.883333333333
2023-01-06 22:00:00,755.666666666667,23.15,275.866666666667
2023-01-06 23:00:00,761.5,25.1333333333333,274.933333333333
2023-01-07 00:00:00,762.333333333333,24.9333333333333,274.916666666667
2023-01-07 01:00:00,759.333333333333,24.95,274.766666666667
2023-01-07 02:00:00,757.5,23.2666666666667,275.116666666667
2023-01-07 03:00:00,754.0,24.1,275.066666666667
2023-01-07 04:00:00,755.666666666667,24.4166666666667,274.833333333333
2023-01-07 05:00:00,756.166666666667,23.6166666666667,275.033333333333
2023-01-07 06:00:00,755.333333333334,25.95,274.533333333333
2023-01-07 07:00:00,753.5,29.2,274.483333333333
2023-01-07 08:00:00,751.0,32.5833333333333,274.833333333333
2023-01-07 09:00:00,754.333333333333,34.15,274.85
2023-01-07 10:00:00,743.333333333333,32.65,276.783333333333
2023-01-07 11:00:00,718.666666666667,29.2166666666667,280.216666666667
2023-01-07 12:00:00,732.833333333333,32.2166666666667,279.416666666667
2023-01-07 13:00:00,733.166666666667,31.6166666666667,279.433333333333
2023-01-07 14:00:00,734.166666666667,32.0666666666667,279.266666666667
2023-01-07 15:00:00,727.0,32.7333333333333,279.416666666667
2023-01-07 16:00:00,721.666666666667,33.0333333333333,279.0
2023-01-07 17:00:00,737.666666666667,34.5,276.2
2023-01-07 18:00:00,748.333333333333,35.2666666666667,274.75
2023-01-07 19:00:00,749.333333333333,35.0833333333333,274.366666666667
2023-01-07 20:00:00,751.166666666667,33.7666666666667,274.516666666667
2023-01-07 21:00:00,749.333333333333,32.15,274.566666666667
2023-01-07 22:00:00,751.166666666667,35.3833333333333,273.55
2023-01-07 23:00:00,750.166666666667,30.9666666666667,274.066666666667
2023-01-08 00:00:00,749.666666666667,29.7166666666667,274.233333333333
2023-01-08 01:00:00,747.833333333333,30.7166666666667,273.65
2023-01-08 02:00:00,749.333333333333,29.3666666666667,274.0
2023-01-08 03:00:00,747.166666666667,29.8166666666667,273.75
2023-01-08 04:00:00,746.5,31.2,273.216666666667
2023-01-08 05:00:00,746.5,34.9166666666667,272.416666666667
2023-01-08 06:00:00,747.0,43.55,271.233333333333
2023-01-08 07:00:00,749.333333333333,48.6333333333333,271.35
2023-01-08 08:00:00,748.0,48.15,271.8
2023-01-08 09:00:00,749.0,53.7333333333334,271.266666666667
2023-01-08 10:00:00,745.0,55.1166666666667,272.016666666667
2023-01-08 11:00:00,743.0,58.3166666666667,272.433333333333
2023-01-08 12:00:00,742.166666666667,59.8333333333333,272.8
2023-01-08 13:00:00,743.333333333333,80.3333333333334,271.566666666667
2023-01-08 14:00:00,741.666666666667,87.8166666666667,271.133333333333
2023-01-08 15:00:00,742.166666666667,77.05,271.983333333333
2023-01-08 16:00:00,745.833333333333,73.2,272.033333333333
2023-01-08 17:00:00,751.333333333334,72.85,271.866666666667
2023-01-08 18:00:00,755.333333333333,72.0666666666667,271.633333333333
2023-01-08 19:00:00,754.166666666667,70.4,272.15
2023-01-08 20:00:00,753.5,71.9166666666667,272.316666666667
2023-01-08 21:00:00,754.166666666667,75.6833333333333,271.983333333333
2023-01-08 22:00:00,753.333333333333,82.1166666666667,271.716666666667
2023-01-08 23:00:00,755.0,89.1833333333334,271.316666666667
2023-01-09 00:00:00,754.0,75.1166666666667,271.966666666667
2023-01-09 01:00:00,754.166666666667,73.65,272.05
2023-01-09 02:00:00,752.666666666667,71.55,272.2
2023-01-09 03:00:00,751.833333333333,76.85,271.95
2023-01-09 04:00:00,750.166666666667,85.6166666666667,270.833333333333
2023-01-09 05:00:00,753.833333333333,88.7333333333333,270.7
2023-01-09 06:00:00,746.166666666667,93.9333333333333,270.05
2023-01-09 07:00:00,774.666666666667,97.3,267.983333333333
2023-01-09 08:00:00,818.333333333333,96.95,266.733333333333
2023-01-09 09:00:00,843.333333333333,96.8833333333333,266.5
2023-01-09 10:00:00,848.0,96.6333333333333,266.616666666667
2023-01-09 11:00:00,854.166666666667,96.05,266.766666666667
2023-01-09 12:00:00,840.5,95.15,266.966666666667
2023-01-09 13:00:00,830.0,95.2166666666667,266.983333333333
2023-01-09 14:00:00,840.0,95.2333333333333,266.95
2023-01-09 15:00:00,836.0,95.55,266.966666666667
2023-01-09 16:00:00,835.5,95.3666666666667,266.816666666667
2023-01-09 17:00:00,860.666666666667,94.3333333333333,265.516666666667
2023-01-09 18:00:00,859.333333333333,93.95,264.866666666667
2023-01-09 19:00:00,856.5,94.05,264.666666666667
2023-01-09 20:00:00,852.333333333334,94.25,264.966666666667
2023-01-09 21:00:00,872.5,94.2666666666667,265.0
2023-01-09 22:00:00,900.833333333333,94.2666666666667,264.983333333333
2023-01-09 23:00:00,911.0,94.2,264.933333333333
2023-01-10 00:00:00,938.666666666667,94.0333333333333,264.816666666667
2023-01-10 01:00:00,1022.33333333333,94.0166666666667,264.85
2023-01-10 02:00:00,1032.66666666667,94.1,264.833333333333
2023-01-10 03:00:00,1063.33333333333,94.3166666666667,264.966666666667
2023-01-10 04:00:00,1097.5,94.6,265.116666666667
2023-01-10 05:00:00,1133.5,94.6,265.15
2023-01-10 06:00:00,1190.33333333333,94.35,265.033333333333
2023-01-10 07:00:00,1237.33333333333,94.05,264.816666666667
2023-01-10 08:00:00,1282.66666666667,93.3166666666667,264.383333333333
2023-01-10 09:00:00,1292.5,92.7666666666667,263.95
2023-01-10 10:00:00,1305.5,93.0,264.3
2023-01-10 11:00:00,1312.16666666667,92.7333333333333,264.783333333333
2023-01-10 12:00:00,1296.5,93.0833333333333,265.083333333333
2023-01-10 13:00:00,1261.83333333333,95.1833333333333,266.6
2023-01-10 14:00:00,1261.16666666667,93.1166666666667,265.383333333333
2023-01-10 15:00:00,1243.83333333333,91.8166666666667,264.533333333333
2023-01-10 16:00:00,1247.16666666667,91.6333333333333,264.75
2023-01-10 17:00:00,1244.0,90.6,264.316666666667
2023-01-10 18:00:00,1257.33333333333,90.6333333333333,263.216666666667
2023-01-10 19:00:00,1194.83333333333,91.15,263.616666666667
2023-01-10 20:00:00,1172.66666666667,91.2666666666667,264.216666666667
2023-01-10 21:00:00,1224.33333333333,64.8666666666667,265.15
2023-01-10 22:00:00,1232.33333333333,33.3,266.883333333333
2023-01-10 23:00:00,1227.0,36.2,268.483333333333
2023-01-11 00:00:00,1224.5,72.3833333333333,268.8
2023-01-11 01:00:00,1230.0,94.3166666666667,269.516666666667
2023-01-11 02:00:00,1226.66666666667,100.583333333333,270.15
2023-01-11 03:00:00,1226.83333333333,100.6,270.916666666667
2023-01-11 04:00:00,1218.0,100.516666666667,270.95
2023-01-11 05:00:00,1214.5,96.0833333333333,270.816666666667
2023-01-11 06:00:00,1208.16666666667,88.9666666666667,270.966666666667
2023-01-11 07:00:00,1201.83333333333,78.2833333333334,271.5
2023-01-11 08:00:00,1198.33333333333,69.0333333333333,271.8
2023-01-11 09:00:00,1192.16666666667,60.2166666666667,272.55
2023-01-11 10:00:00,1187.66666666667,58.7,273.133333333333
2023-01-11 11:00:00,1180.33333333333,49.0333333333333,274.583333333333
2023-01-11 12:00:00,1172.33333333333,44.5666666666667,275.283333333333
2023-01-11 13:00:00,1168.16666666667,45.8166666666667,275.316666666667
2023-01-11 14:00:00,1164.33333333333,44.4333333333333,275.216666666667
2023-01-11 15:00:00,1162.33333333333,50.55,274.6
2023-01-11 16:00:00,1159.5,67.1833333333333,273.05
2023-01-11 17:00:00,1156.33333333333,94.6166666666667,271.25
2023-01-11 18:00:00,1154.83333333333,95.8166666666667,271.166666666667
2023-01-11 19:00:00,1161.16666666667,98.0666666666667,270.816666666667
2023-01-11 20:00:00,1168.5,99.9333333333333,270.15
2023-01-11 21:00:00,1176.33333333333,100.483333333333,269.933333333333
2023-01-11 22:00:00,1175.33333333333,100.5,269.266666666667
2023-01-11 23:00:00,1167.66666666667,100.466666666667,268.816666666667
2023-01-12 00:00:00,1170.16666666667,100.4,268.533333333333
2023-01-12 01:00:00,1171.0,100.166666666667,268.0
2023-01-12 02:00:00,1165.66666666667,99.35,267.5
2023-01-12 03:00:00,1162.16666666667,98.7333333333333,267.15
2023-01-12 04:00:00,1162.0,97.4666666666667,266.316666666667
2023-01-12 05:00:00,1156.5,95.25,265.633333333333
2023-01-12 06:00:00,1154.0,91.25,265.383333333333
2023-01-12 07:00:00,1149.0,82.6833333333333,265.75
2023-01-12 08:00:00,1144.83333333333,67.2166666666667,266.616666666667
2023-01-12 09:00:00,1140.66666666667,49.9333333333333,267.666666666667
2023-01-12 10:00:00,1134.5,40.3,269.9
2023-01-12 11:00:00,1125.83333333333,40.4166666666667,270.45
2023-01-12 12:00:00,1124.33333333333,44.0833333333333,271.6
2023-01-12 13:00:00,1122.0,46.55,271.95
2023-01-12 14:00:00,1117.33333333333,47.1833333333333,271.733333333333
2023-01-12 15:00:00,1112.16666666667,45.5166666666667,272.083333333333
2023-01-12 16:00:00,1114.33333333333,40.4166666666667,272.166666666667
2023-01-12 17:00:00,1105.5,36.4166666666667,272.133333333333
2023-01-12 18:00:00,1100.5,34.7166666666667,272.25
2023-01-12 19:00:00,1099.83333333333,31.1166666666667,272.75
2023-01-12 20:00:00,1092.0,30.1833333333333,273.016666666667
2023-01-12 21:00:00,1084.16666666667,27.3666666666667,273.183333333333
2023-01-12 22:00:00,1088.0,24.9666666666667,273.333333333333
2023-01-12 23:00:00,1084.5,25.6833333333333,273.75
2023-01-13 00:00:00,1078.66666666667,27.2666666666667,273.9
2023-01-13 01:00:00,1073.33333333333,28.5,273.75
2023-01-13 02:00:00,1073.0,30.25,273.35
2023-01-13 03:00:00,1070.0,32.4666666666667,273.45
2023-01-13 04:00:00,1066.33333333333,35.3166666666667,273.266666666667
2023-01-13 05:00:00,1068.66666666667,42.8166666666667,271.95
2023-01-13 06:00:00,1062.66666666667,46.2166666666667,271.483333333333
2023-01-13 07:00:00,1059.66666666667,44.7666666666667,272.0
2023-01-13 08:00:00,1055.0,46.9,272.183333333333
2023-01-13 09:00:00,1049.5,56.3333333333334,271.633333333333
2023-01-13 10:00:00,1052.66666666667,55.5166666666667,272.033333333333
2023-01-13 11:00:00,1048.66666666667,58.3666666666667,272.533333333333
2023-01-13 12:00:00,1042.16666666667,57.1833333333333,273.233333333333
2023-01-13 13:00:00,1034.5,58.95,273.5
2023-01-13 14:00:00,1030.83333333333,73.6666666666667,271.866666666667
2023-01-13 15:00:00,1010.5,75.7333333333333,272.4
2023-01-13 16:00:00,1045.33333333333,79.1833333333333,271.05
2023-01-13 17:00:00,1059.16666666667,91.9166666666667,269.666666666667
2023-01-13 18:00:00,1064.83333333333,95.4,268.616666666667
2023-01-13 19:00:00,1071.83333333333,91.75,267.866666666667
2023-01-13 20:00:00,1072.16666666667,88.95,267.533333333333
2023-01-13 21:00:00,1075.0,96.0833333333333,267.366666666667
2023-01-13 22:00:00,1086.66666666667,96.8166666666667,267.116666666667
2023-01-13 23:00:00,1106.5,96.7,266.666666666667
2023-01-14 00:00:00,1105.83333333333,96.2833333333333,266.383333333333
2023-01-14 01:00:00,1130.33333333333,95.4333333333333,265.85
2023-01-14 02:00:00,1129.0,95.15,265.75
2023-01-14 03:00:00,1117.0,94.9833333333333,265.783333333333
2023-01-14 04:00:00,1106.16666666667,94.8666666666667,265.533333333333
2023-01-14 05:00:00,1109.16666666667,93.8833333333333,265.716666666667
2023-01-14 06:00:00,1095.33333333333,87.5666666666667,265.583333333333
2023-01-14 07:00:00,1092.66666666667,72.5833333333333,265.55
2023-01-14 08:00:00,1092.33333333333,55.3166666666667,266.333333333333
2023-01-14 09:00:00,1088.66666666667,44.6833333333333,268.2
2023-01-14 10:00:00,1083.33333333333,40.2166666666667,270.783333333333
2023-01-14 11:00:00,1077.66666666667,34.65,272.133333333333
2023-01-14 12:00:00,1071.83333333333,44.4666666666667,273.4
2023-01-14 13:00:00,1063.5,45.7,273.933333333333
2023-01-14 14:00:00,1058.16666666667,42.0833333333333,274.55
2023-01-14 15:00:00,1059.66666666667,42.15,273.85
2023-01-14 16:00:00,1060.83333333333,40.2333333333333,273.45
2023-01-14 17:00:00,1060.5,35.25,273.583333333333
2023-01-14 18:00:00,1061.0,37.3166666666667,272.816666666667
2023-01-14 19:00:00,1058.16666666667,38.3,272.833333333333
2023-01-14 20:00:00,1058.0,36.8,273.083333333333
2023-01-14 21:00:00,1054.83333333333,39.9,272.966666666667
2023-01-14 22:00:00,1052.16666666667,40.6333333333333,272.5
2023-01-14 23:00:00,1049.66666666667,43.3,272.9
2023-01-15 00:00:00,1046.0,53.2666666666667,272.766666666667
2023-01-15 01:00:00,1046.33333333333,84.7166666666667,271.533333333333
2023-01-15 02:00:00,1023.83333333333,87.65,271.783333333333
2023-01-15 03:00:00,1006.5,77.4,273.55
2023-01-15 04:00:00,1041.66666666667,64.65,275.233333333333
2023-01-15 05:00:00,1051.83333333333,61.9833333333333,275.316666666667
2023-01-15 06:00:00,1050.33333333333,59.8166666666667,275.633333333333
2023-01-15 07:00:00,1048.5,57.1333333333333,275.916666666667
2023-01-15 08:00:00,1035.66666666667,55.4833333333333,275.766666666667
2023-01-15 09:00:00,1026.66666666667,58.7333333333334,275.05
2023-01-15 10:00:00,1023.83333333333,61.0666666666667,274.383333333333
2023-01-15 11:00:00,1021.83333333333,61.5833333333333,274.616666666667
2023-01-15 12:00:00,1015.0,60.9833333333333,275.266666666667
2023-01-15 13:00:00,1017.5,60.2166666666667,274.883333333333
2023-01-15 14:00:00,1012.5,83.7,272.083333333333
2023-01-15 15:00:00,964.333333333333,90.45,268.7
2023-01-15 16:00:00,891.666666666667,94.1666666666667,267.1
2023-01-15 17:00:00,938.333333333333,94.9,265.916666666667
2023-01-15 18:00:00,960.333333333334,94.0333333333333,265.1
2023-01-15 19:00:00,974.166666666667,93.5833333333333,264.85
2023-01-15 20:00:00,983.333333333333,91.9666666666667,264.183333333333
2023-01-15 21:00:00,981.666666666667,83.4666666666667,263.4
2023-01-15 22:00:00,975.0,45.9833333333333,263.766666666667
2023-01-15 23:00:00,971.333333333333,33.15,264.516666666667
2023-01-16 00:00:00,969.0,30.9333333333333,264.783333333333
2023-01-16 01:00:00,970.166666666667,30.55,264.866666666667
2023-01-16 02:00:00,967.166666666667,32.8333333333333,265.0
2023-01-16 03:00:00,966.666666666667,34.8833333333333,264.75
2023-01-16 04:00:00,963.666666666667,33.75,264.7
2023-01-16 05:00:00,961.666666666667,35.7833333333333,264.816666666667
2023-01-16 06:00:00,961.166666666667,37.0166666666667,264.766666666667
2023-01-16 07:00:00,964.5,37.2166666666667,264.4
2023-01-16 08:00:00,960.166666666667,35.85,264.716666666667
2023-01-16 09:00:00,957.166666666667,32.8666666666667,265.7
2023-01-16 10:00:00,952.833333333333,30.05,267.383333333333
2023-01-16 11:00:00,948.833333333333,32.6333333333333,268.25
2023-01-16 12:00:00,947.0,41.5833333333333,267.666666666667
2023-01-16 13:00:00,949.5,46.0166666666667,267.333333333333
2023-01-16 14:00:00,957.666666666667,50.7833333333333,266.85
2023-01-16 15:00:00,960.166666666667,57.4833333333334,266.416666666667
2023-01-16 16:00:00,958.5,65.7666666666667,265.833333333333
2023-01-16 17:00:00,958.833333333333,61.5666666666667,266.1
2023-01-16 18:00:00,959.166666666667,61.4666666666667,265.716666666667
2023-01-16 19:00:00,958.333333333333,63.6166666666667,265.466666666667
2023-01-16 20:00:00,956.666666666667,59.45,265.433333333333
2023-01-16 21:00:00,955.0,60.95,265.183333333333
2023-01-16 22:00:00,954.333333333333,60.6833333333333,265.016666666667
2023-01-16 23:00:00,953.666666666667,68.0833333333333,264.383333333333
2023-01-17 00:00:00,951.0,66.95,263.933333333333
2023-01-17 01:00:00,951.833333333333,71.5333333333333,264.05
2023-01-17 02:00:00,950.666666666667,74.2,263.55
2023-01-17 03:00:00,949.666666666667,68.6833333333333,263.466666666667
2023-01-17 04:00:00,948.666666666667,66.15,263.416666666667
2023-01-17 05:00:00,944.833333333333,64.35,263.0
2023-01-17 06:00:00,945.0,61.6,262.633333333333
2023-01-17 07:00:00,945.5,67.15,261.983333333333
2023-01-17 08:00:00,945.0,63.15,262.4
2023-01-17 09:00:00,946.166666666667,61.4333333333333,262.85
2023-01-17 10:00:00,939.166666666667,57.5833333333333,264.25
2023-01-17 11:00:00,935.166666666667,58.6833333333333,264.233333333333
2023-01-17 12:00:00,933.0,60.9833333333333,264.783333333333
2023-01-17 13:00:00,923.0,73.3333333333333,265.183333333333
2023-01-17 14:00:00,921.5,63.85,266.5
2023-01-17 15:00:00,919.0,59.5833333333333,267.266666666667
2023-01-17 16:00:00,928.0,60.7333333333333,267.2
2023-01-17 17:00:00,932.166666666667,66.4333333333333,266.0
2023-01-17 18:00:00,934.833333333333,79.2833333333333,265.1
2023-01-17 19:00:00,933.166666666667,84.7166666666667,264.65
2023-01-17 20:00:00,933.666666666667,71.8,265.116666666667
2023-01-17 21:00:00,946.0,70.0166666666667,264.616666666667
2023-01-17 22:00:00,942.333333333333,67.4833333333333,264.433333333333
2023-01-17 23:00:00,939.0,75.2333333333333,263.716666666667
2023-01-18 00:00:00,942.5,67.65,263.85
2023-01-18 01:00:00,937.0,59.1666666666667,264.0
2023-01-18 02:00:00,935.5,53.8333333333333,264.2
2023-01-18 03:00:00,936.833333333333,69.5,263.266666666667
2023-01-18 04:00:00,932.666666666667,87.6166666666667,262.266666666667
2023-01-18 05:00:00,931.333333333333,84.7,262.166666666667
2023-01-18 06:00:00,930.666666666667,79.5833333333333,262.05
2023-01-18 07:00:00,926.666666666667,72.7833333333333,262.583333333333
2023-01-18 08:00:00,924.5,71.0,262.783333333333
2023-01-18 09:00:00,924.333333333333,71.9,263.183333333333
2023-01-18 10:00:00,921.5,74.85,263.616666666667
2023-01-18 11:00:00,919.833333333333,77.4,264.383333333333
2023-01-18 12:00:00,914.666666666667,73.25,264.65
2023-01-18 13:00:00,907.0,73.2333333333333,267.383333333333
2023-01-18 14:00:00,907.166666666667,67.9666666666667,266.966666666667
2023-01-18 15:00:00,901.0,61.35,266.483333333333
2023-01-18 16:00:00,907.166666666667,66.45,264.933333333333
2023-01-18 17:00:00,918.333333333333,69.6166666666667,263.083333333333
2023-01-18 18:00:00,917.666666666667,87.55,261.866666666667
2023-01-18 19:00:00,912.166666666667,87.2166666666667,261.916666666667
2023-01-18 20:00:00,919.5,80.1666666666667,261.766666666667
2023-01-18 21:00:00,915.833333333333,76.85,261.483333333333
2023-01-18 22:00:00,912.0,84.7166666666667,261.116666666667
2023-01-18 23:00:00,902.333333333334,86.15,260.683333333333
2023-01-19 00:00:00,879.833333333333,85.3,260.2
2023-01-19 01:00:00,875.0,84.1,259.866666666667
2023-01-19 02:00:00,875.333333333334,82.25,259.366666666667
2023-01-19 03:00:00,875.0,82.2666666666667,259.016666666667
2023-01-19 04:00:00,871.0,81.45,258.483333333333
2023-01-19 05:00:00,877.333333333334,81.5833333333333,257.633333333333
2023-01-19 06:00:00,877.833333333333,81.5833333333333,257.55
2023-01-19 07:00:00,867.333333333333,81.0333333333333,257.316666666667
2023-01-19 08:00:00,873.0,79.9166666666667,257.416666666667
2023-01-19 09:00:00,870.5,79.0666666666667,257.433333333333
2023-01-19 10:00:00,867.666666666667,77.5,258.333333333333
2023-01-19 11:00:00,866.166666666667,79.8833333333333,258.85
2023-01-19 12:00:00,861.833333333333,81.7166666666667,259.583333333333
2023-01-19 13:00:00,853.666666666667,82.4166666666667,260.2
2023-01-19 14:00:00,851.666666666667,80.95,260.25
2023-01-19 15:00:00,873.5,77.8166666666667,259.116666666667
2023-01-19 16:00:00,875.833333333334,79.2,258.966666666667
2023-01-19 17:00:00,880.5,79.4333333333333,258.216666666667
2023-01-19 18:00:00,885.333333333334,79.6666666666667,257.316666666667
2023-01-19 19:00:00,885.666666666667,80.8,256.966666666667
2023-01-19 20:00:00,885.666666666667,80.55,257.066666666667
2023-01-19 21:00:00,886.333333333334,78.6666666666667,257.15
2023-01-19 22:00:00,886.5,79.6666666666667,257.183333333333
2023-01-19 23:00:00,885.333333333334,80.25,257.033333333333
2023-01-20 00:00:00,883.833333333334,80.8,256.966666666667
2023-01-20 01:00:00,881.0,81.1666666666667,256.766666666667
2023-01-20 02:00:00,880.333333333334,81.1,256.35
2023-01-20 03:00:00,878.5,80.4333333333334,255.816666666667
2023-01-20 04:00:00,877.5,79.6666666666667,255.533333333333
2023-01-20 05:00:00,879.166666666667,79.9333333333333,255.416666666667
2023-01-20 06:00:00,878.666666666667,80.3166666666667,256.416666666667
2023-01-20 07:00:00,881.833333333333,80.35,256.783333333333
2023-01-20 08:00:00,872.0,79.8833333333333,256.016666666667
2023-01-20 09:00:00,873.666666666667,79.6833333333333,255.7
2023-01-20 10:00:00,867.0,80.6166666666667,258.7
2023-01-20 11:00:00,862.666666666667,80.15,258.933333333333
2023-01-20 12:00:00,852.333333333333,81.0333333333333,259.816666666667
2023-01-20 13:00:00,852.0,81.3333333333333,260.766666666667
2023-01-20 14:00:00,858.833333333334,80.9,261.05
2023-01-20 15:00:00,868.0,81.2,260.483333333333
2023-01-20 16:00:00,876.0,80.65,259.216666666667
2023-01-20 17:00:00,890.0,80.8,258.083333333333
2023-01-20 18:00:00,895.166666666667,81.0166666666667,257.683333333333
2023-01-20 19:00:00,892.333333333334,81.15,257.733333333333
2023-01-20 20:00:00,894.5,81.3166666666667,257.566666666667
2023-01-20 21:00:00,897.333333333333,81.2833333333334,257.783333333333
2023-01-20 22:00:00,898.166666666667,81.4166666666667,257.933333333333
2023-01-20 23:00:00,898.166666666667,81.7,257.95
2023-01-21 00:00:00,896.666666666667,81.7833333333333,258.016666666667
2023-01-21 01:00:00,899.166666666667,81.7833333333334,257.966666666667
2023-01-21 02:00:00,898.0,81.7666666666667,257.95
2023-01-21 03:00:00,894.333333333333,81.7833333333334,257.95
2023-01-21 04:00:00,897.666666666667,81.75,257.9
2023-01-21 05:00:00,902.833333333333,81.7,257.85
2023-01-21 06:00:00,892.5,81.6333333333333,257.8
2023-01-21 07:00:00,891.0,81.6833333333333,257.816666666667
2023-01-21 08:00:00,891.333333333333,81.65,257.866666666667
2023-01-21 09:00:00,911.333333333334,81.9,258.166666666667
2023-01-21 10:00:00,916.166666666667,82.65,259.133333333333
2023-01-21 11:00:00,900.833333333333,84.85,261.583333333333
2023-01-21 12:00:00,888.833333333333,85.8666666666667,262.883333333333
2023-01-21 13:00:00,892.166666666667,85.9,262.233333333333
2023-01-21 14:00:00,870.0,86.1833333333333,262.116666666667
2023-01-21 15:00:00,856.5,86.6833333333333,261.683333333333
2023-01-21 16:00:00,952.333333333333,85.4166666666667,260.466666666667
2023-01-21 17:00:00,970.666666666667,84.4,259.8
2023-01-21 18:00:00,979.333333333333,83.1166666666667,259.1
2023-01-21 19:00:00,977.666666666667,83.15,259.0
2023-01-21 20:00:00,977.833333333334,83.0333333333333,258.916666666667
2023-01-21 21:00:00,973.5,82.9166666666667,258.8
2023-01-21 22:00:00,973.166666666667,83.2333333333333,259.066666666667
2023-01-21 23:00:00,970.0,82.7666666666667,258.783333333333
2023-01-22 00:00:00,965.166666666667,82.5333333333334,258.416666666667
2023-01-22 01:00:00,970.0,82.4166666666667,258.383333333333
2023-01-22 02:00:00,973.166666666667,82.6,258.483333333333
2023-01-22 03:00:00,972.0,82.3166666666667,258.3
2023-01-22 04:00:00,975.5,81.5833333333333,257.366666666667
2023-01-22 05:00:00,976.0,81.3666666666667,257.166666666667
2023-01-22 06:00:00,972.5,81.6166666666667,257.366666666667
2023-01-22 07:00:00,971.333333333333,81.55,257.483333333333
2023-01-22 08:00:00,970.333333333333,81.9333333333333,257.933333333333
2023-01-22 09:00:00,964.0,82.2166666666667,258.233333333333
2023-01-22 10:00:00,949.666666666667,85.8333333333333,260.616666666667
2023-01-22 11:00:00,915.0,91.0666666666667,264.983333333333
2023-01-22 12:00:00,883.166666666667,90.2166666666667,266.783333333333
2023-01-22 13:00:00,909.166666666667,85.3166666666667,263.5
2023-01-22 14:00:00,927.833333333333,86.2166666666667,262.783333333333
2023-01-22 15:00:00,911.0,87.4333333333333,263.883333333333
2023-01-22 16:00:00,935.5,87.1333333333333,261.516666666667
2023-01-22 17:00:00,943.166666666667,85.4166666666667,260.316666666667
2023-01-22 18:00:00,950.166666666667,83.75,259.1
2023-01-22 19:00:00,948.666666666667,83.25,258.666666666667
2023-01-22 20:00:00,948.166666666667,83.55,258.9
2023-01-22 21:00:00,945.833333333333,83.4,258.983333333333
2023-01-22 22:00:00,944.333333333333,83.1166666666667,258.716666666667
2023-01-22 23:00:00,940.333333333333,82.9833333333333,258.566666666667
2023-01-23 00:00:00,936.166666666667,82.9,258.483333333333
2023-01-23 01:00:00,940.166666666667,82.9333333333333,258.45
2023-01-23 02:00:00,941.166666666667,83.7,259.083333333333
2023-01-23 03:00:00,936.333333333333,83.4,259.016666666667
2023-01-23 04:00:00,934.833333333333,83.1166666666667,258.566666666667
2023-01-23 05:00:00,942.833333333333,85.4666666666667,259.816666666667
2023-01-23 06:00:00,944.166666666667,86.2166666666667,260.383333333333
2023-01-23 07:00:00,937.666666666667,86.5833333333333,260.6
2023-01-23 08:00:00,934.0,87.0666666666667,261.0
2023-01-23 09:00:00,936.333333333333,89.9333333333333,262.85
2023-01-23 10:00:00,926.0,90.5666666666667,263.616666666667
2023-01-23 11:00:00,914.333333333333,91.0166666666667,264.4
2023-01-23 12:00:00,907.833333333333,91.65,265.1
2023-01-23 13:00:00,903.333333333333,92.2,266.183333333333
2023-01-23 14:00:00,900.5,92.6666666666667,266.883333333333
2023-01-23 15:00:00,896.333333333333,93.2,267.6
2023-01-23 16:00:00,894.333333333333,93.2333333333333,267.866666666667
2023-01-23 17:00:00,898.5,92.75,266.583333333333
2023-01-23 18:00:00,901.833333333333,93.8166666666667,265.35
2023-01-23 19:00:00,901.833333333333,94.25,265.383333333333
2023-01-23 20:00:00,900.333333333334,94.3,265.35
2023-01-23 21:00:00,902.0,94.1333333333333,265.166666666667
2023-01-23 22:00:00,902.166666666667,94.6333333333333,265.333333333333
2023-01-23 23:00:00,903.5,95.4,265.683333333333
2023-01-24 00:00:00,902.833333333333,95.4333333333333,265.883333333333
2023-01-24 01:00:00,904.0,95.4833333333333,265.816666666667
2023-01-24 02:00:00,902.333333333333,95.5,266.05
2023-01-24 03:00:00,903.666666666667,95.5166666666667,266.183333333333
2023-01-24 04:00:00,901.166666666667,95.3333333333333,266.1
2023-01-24 05:00:00,902.833333333333,95.2833333333333,266.333333333333
2023-01-24 06:00:00,899.833333333333,94.95,266.066666666667
2023-01-24 07:00:00,902.333333333333,94.6,265.866666666667
2023-01-24 08:00:00,896.666666666667,92.0833333333333,265.633333333333
2023-01-24 09:00:00,894.5,88.1,265.916666666667
2023-01-24 10:00:00,891.333333333333,82.5166666666667,266.733333333333
2023-01-24 11:00:00,866.833333333334,78.3,270.6
2023-01-24 12:00:00,872.5,77.5,268.583333333333
2023-01-24 13:00:00,860.0,70.5,270.266666666667
2023-01-24 14:00:00,860.666666666667,63.15,270.716666666667
2023-01-24 15:00:00,853.833333333333,61.6166666666667,271.516666666667
2023-01-24 16:00:00,859.5,63.8666666666667,270.816666666667
2023-01-24 17:00:00,874.333333333333,67.65,268.966666666667
2023-01-24 18:00:00,885.333333333334,70.9666666666667,267.733333333333
2023-01-24 19:00:00,886.0,71.5,267.483333333333
2023-01-24 20:00:00,888.166666666667,74.9,267.233333333333
2023-01-24 21:00:00,888.666666666667,75.3166666666667,267.15
2023-01-24 22:00:00,888.333333333333,73.35,267.366666666667
2023-01-24 23:00:00,887.0,69.9333333333333,268.0
2023-01-25 00:00:00,887.333333333333,66.7,268.366666666667
2023-01-25 01:00:00,885.0,63.0333333333333,268.566666666667
2023-01-25 02:00:00,886.5,67.4833333333333,268.05
2023-01-25 03:00:00,886.666666666667,69.3666666666667,267.766666666667
2023-01-25 04:00:00,887.5,63.6166666666667,268.316666666667
2023-01-25 05:00:00,885.333333333333,61.4,268.4
2023-01-25 06:00:00,881.166666666667,61.75,268.433333333333
2023-01-25 07:00:00,881.5,65.1,268.0
2023-01-25 08:00:00,883.0,60.9833333333333,268.4
2023-01-25 09:00:00,879.666666666667,61.3833333333333,268.1
2023-01-25 10:00:00,872.5,46.1666666666667,271.55
2023-01-25 11:00:00,865.333333333333,43.95,272.65
2023-01-25 12:00:00,855.333333333333,42.0666666666667,273.233333333333
2023-01-25 13:00:00,844.5,38.8666666666667,273.8
2023-01-25 14:00:00,840.0,36.6333333333333,274.05
2023-01-25 15:00:00,835.0,38.6666666666667,274.066666666667
2023-01-25 16:00:00,841.666666666667,39.9,273.066666666667
2023-01-25 17:00:00,854.666666666667,41.8333333333333,271.1
2023-01-25 18:00:00,864.333333333333,43.7166666666667,268.416666666667
2023-01-25 19:00:00,866.0,41.7833333333333,267.683333333333
2023-01-25 20:00:00,867.833333333334,38.85,267.7
2023-01-25 21:00:00,868.833333333333,38.1666666666667,267.683333333333
2023-01-25 22:00:00,869.666666666667,36.9166666666667,267.566666666667
2023-01-25 23:00:00,867.666666666667,30.7,268.05
2023-01-26 00:00:00,868.666666666667,28.2666666666667,268.066666666667
2023-01-26 01:00:00,866.666666666667,26.9166666666667,268.0
2023-01-26 02:00:00,873.166666666667,27.1333333333333,267.666666666667
2023-01-26 03:00:00,864.666666666667,26.6833333333333,267.933333333333
2023-01-26 04:00:00,867.666666666667,26.6666666666667,267.566666666667
2023-01-26 05:00:00,866.166666666667,26.1333333333333,267.05
2023-01-26 06:00:00,868.0,26.8833333333333,267.016666666667
2023-01-26 07:00:00,868.833333333333,28.7166666666667,266.516666666667
2023-01-26 08:00:00,869.5,31.7166666666667,265.933333333333
2023-01-26 09:00:00,865.666666666667,31.5666666666667,266.633333333333
2023-01-26 10:00:00,842.5,29.7166666666667,270.233333333333
2023-01-26 11:00:00,839.666666666667,31.55,270.8
2023-01-26 12:00:00,832.5,34.3166666666667,271.233333333333
2023-01-26 13:00:00,837.833333333333,40.35,270.25
2023-01-26 14:00:00,842.5,43.6333333333333,270.1
2023-01-26 15:00:00,847.333333333333,49.75,269.216666666667
2023-01-26 16:00:00,842.166666666667,45.6166666666667,269.333333333333
2023-01-26 17:00:00,832.333333333333,50.85,268.366666666667
2023-01-26 18:00:00,864.666666666667,52.95,264.666666666667
2023-01-26 19:00:00,873.666666666667,57.2666666666667,263.983333333333
2023-01-26 20:00:00,870.333333333334,58.95,263.583333333333
2023-01-26 21:00:00,869.5,61.0333333333333,263.633333333333
2023-01-26 22:00:00,870.166666666667,52.8833333333333,263.966666666667
2023-01-26 23:00:00,870.833333333333,48.3166666666667,263.966666666667
2023-01-27 00:00:00,870.333333333333,49.1166666666667,264.016666666667
2023-01-27 01:00:00,868.833333333333,52.6166666666667,263.85
2023-01-27 02:00:00,870.166666666667,56.9333333333333,264.033333333333
2023-01-27 03:00:00,870.5,57.65,263.966666666667
2023-01-27 04:00:00,873.833333333333,52.9666666666667,263.233333333333
2023-01-27 05:00:00,868.166666666667,46.45,262.666666666667
2023-01-27 06:00:00,868.833333333333,49.8833333333333,262.116666666667
2023-01-27 07:00:00,869.166666666667,49.75,262.25
2023-01-27 08:00:00,869.5,44.1,262.566666666667
2023-01-27 09:00:00,867.166666666667,36.7833333333333,263.416666666667
2023-01-27 10:00:00,853.333333333333,33.6333333333333,265.65
2023-01-27 11:00:00,848.833333333333,34.5166666666667,266.366666666667
2023-01-27 12:00:00,848.166666666667,43.6333333333333,265.233333333333
2023-01-27 13:00:00,854.666666666667,55.0,264.45
2023-01-27 14:00:00,858.166666666667,58.2166666666667,263.766666666667
2023-01-27 15:00:00,856.5,66.35,263.35
2023-01-27 16:00:00,848.5,64.35,264.866666666667
2023-01-27 17:00:00,838.5,81.2,261.733333333333
2023-01-27 18:00:00,863.166666666667,85.6166666666667,258.983333333333
2023-01-27 19:00:00,862.5,83.7833333333334,259.0
2023-01-27 20:00:00,864.333333333333,83.3666666666667,258.816666666667
2023-01-27 21:00:00,864.5,83.1166666666667,258.9
2023-01-27 22:00:00,863.333333333333,83.0166666666667,258.866666666667
2023-01-27 23:00:00,862.166666666667,83.1833333333333,258.766666666667
2023-01-28 00:00:00,862.333333333333,83.4333333333334,258.95
2023-01-28 01:00:00,868.666666666667,83.8666666666667,259.366666666667
2023-01-28 02:00:00,869.333333333333,84.1666666666667,259.483333333333
2023-01-28 03:00:00,870.833333333333,85.1166666666667,259.816666666667
2023-01-28 04:00:00,864.333333333333,83.9,259.466666666667
2023-01-28 05:00:00,867.833333333333,83.3666666666667,259.116666666667
2023-01-28 06:00:00,867.833333333333,83.0666666666667,258.85
2023-01-28 07:00:00,867.0,82.7833333333333,258.516666666667
2023-01-28 08:00:00,866.166666666667,82.7333333333333,258.533333333333
2023-01-28 09:00:00,866.166666666667,83.6,259.05
2023-01-28 10:00:00,849.666666666667,85.4833333333333,261.966666666667
2023-01-28 11:00:00,840.166666666667,86.1166666666667,265.4
2023-01-28 12:00:00,848.666666666667,79.15,265.716666666667
2023-01-28 13:00:00,849.666666666667,76.2666666666667,265.033333333333
2023-01-28 14:00:00,853.5,82.95,264.333333333333
2023-01-28 15:00:00,854.833333333333,85.8666666666667,263.666666666667
2023-01-28 16:00:00,856.833333333333,86.3833333333333,263.783333333333
2023-01-28 17:00:00,858.666666666667,88.5666666666667,262.75
2023-01-28 18:00:00,866.166666666667,88.3666666666667,261.816666666667
2023-01-28 19:00:00,868.666666666667,87.2833333333333,260.983333333333
2023-01-28 20:00:00,865.666666666667,86.8166666666667,260.65
2023-01-28 21:00:00,867.0,86.15,260.25
2023-01-28 22:00:00,874.166666666667,87.35,260.866666666667
2023-01-28 23:00:00,878.666666666667,88.6,261.883333333333
2023-01-29 00:00:00,877.5,88.9666666666667,262.2
2023-01-29 01:00:00,876.166666666667,89.8833333333334,262.85
2023-01-29 02:00:00,874.5,84.5166666666667,262.6
2023-01-29 03:00:00,874.166666666667,71.6,263.366666666667
2023-01-29 04:00:00,869.666666666667,49.9333333333333,263.533333333333
2023-01-29 05:00:00,870.0,49.2666666666667,264.283333333333
2023-01-29 06:00:00,870.166666666667,46.4833333333333,264.783333333333
2023-01-29 07:00:00,870.166666666667,42.65,265.233333333333
2023-01-29 08:00:00,870.5,41.0333333333333,265.6
2023-01-29 09:00:00,864.666666666667,44.1,266.766666666667
2023-01-29 10:00:00,849.333333333333,41.1833333333333,269.816666666667
2023-01-29 11:00:00,839.333333333333,39.0166666666667,271.866666666667
2023-01-29 12:00:00,807.666666666667,32.0,275.333333333333
2023-01-29 13:00:00,822.666666666667,40.5166666666667,273.816666666667
2023-01-29 14:00:00,816.5,41.5166666666667,273.6
2023-01-29 15:00:00,820.166666666667,44.95,271.733333333333
2023-01-29 16:00:00,831.333333333333,45.0,270.6
2023-01-29 17:00:00,854.833333333333,39.5166666666667,269.033333333333
2023-01-29 18:00:00,867.166666666667,32.4666666666667,268.616666666667
2023-01-29 19:00:00,864.833333333333,23.8,268.95
2023-01-29 20:00:00,868.166666666667,28.5833333333333,268.05
2023-01-29 21:00:00,864.166666666667,22.4,268.35
2023-01-29 22:00:00,862.333333333334,23.5166666666667,268.283333333333
2023-01-29 23:00:00,864.5,13.1,269.3
2023-01-30 00:00:00,866.666666666667,14.1666666666667,268.45
2023-01-30 01:00:00,860.166666666667,9.2,268.7
2023-01-30 02:00:00,860.333333333334,6.18333333333333,269.15
2023-01-30 03:00:00,859.833333333333,11.3333333333333,269.183333333333
2023-01-30 04:00:00,859.833333333333,20.95,269.55
2023-01-30 05:00:00,861.333333333333,24.3333333333333,269.6
2023-01-30 06:00:00,862.5,14.2,268.616666666667
2023-01-30 07:00:00,862.333333333333,19.4333333333333,268.033333333333
2023-01-30 08:00:00,862.0,26.8333333333333,268.25
2023-01-30 09:00:00,860.0,32.4666666666667,268.3
2023-01-30 10:00:00,859.833333333333,33.5833333333333,269.433333333333
2023-01-30 11:00:00,858.333333333333,34.7166666666667,269.483333333333
2023-01-30 12:00:00,850.0,35.4666666666667,270.883333333333
2023-01-30 13:00:00,840.666666666667,46.6,270.85
2023-01-30 14:00:00,843.666666666667,47.2166666666667,270.8
2023-01-30 15:00:00,844.666666666667,48.05,270.1
2023-01-30 16:00:00,851.0,57.55,267.916666666667
2023-01-30 17:00:00,849.333333333333,74.8666666666667,266.416666666667
2023-01-30 18:00:00,860.333333333334,88.7833333333334,265.65
2023-01-30 19:00:00,884.166666666667,90.15,265.8
2023-01-30 20:00:00,924.333333333333,92.7333333333333,265.3
2023-01-30 21:00:00,952.5,92.1333333333333,264.683333333333
2023-01-30 22:00:00,958.166666666667,91.5166666666667,264.2
2023-01-30 23:00:00,960.666666666667,90.5166666666667,263.483333333333
2023-01-31 00:00:00,961.5,90.3,263.15
2023-01-31 01:00:00,977.5,90.2,263.033333333333
2023-01-31 02:00:00,992.5,89.7166666666667,262.783333333333
2023-01-31 03:00:00,992.333333333333,89.3833333333333,262.5
2023-01-31 04:00:00,939.666666666667,89.5666666666667,262.5
2023-01-31 05:00:00,962.666666666667,89.4833333333333,262.433333333333
2023-01-31 06:00:00,961.166666666667,88.95,262.066666666667
2023-01-31 07:00:00,965.666666666667,88.4,261.366666666667
2023-01-31 08:00:00,974.0,88.2,261.3
2023-01-31 09:00:00,988.166666666667,86.7,262.366666666667
2023-01-31 10:00:00,969.0,50.0666666666667,264.5
2023-01-31 11:00:00,956.666666666667,30.8333333333333,266.5
2023-01-31 12:00:00,951.5,26.0833333333333,267.55
2023-01-31 13:00:00,941.333333333333,25.6666666666667,268.766666666667
2023-01-31 14:00:00,943.666666666667,22.2,268.116666666667
2023-01-31 15:00:00,948.666666666667,21.3833333333333,266.95
2023-01-31 16:00:00,947.5,18.4666666666667,266.9
2023-01-31 17:00:00,946.0,21.3166666666667,266.366666666667
2023-01-31 18:00:00,947.166666666667,30.4166666666667,265.933333333333
2023-01-31 19:00:00,945.833333333333,50.2,265.466666666667
2023-01-31 20:00:00,944.0,69.5666666666667,264.783333333333
2023-01-31 21:00:00,943.5,73.1833333333333,264.7
2023-01-31 22:00:00,942.333333333333,80.0666666666667,264.333333333333
2023-01-31 23:00:00,942.0,78.05,264.916666666667
2023-02-01 00:00:00,941.333333333333,79.95,265.633333333333
2023-02-01 01:00:00,940.333333333333,80.3,265.933333333333
2023-02-01 02:00:00,941.166666666667,77.45,266.133333333333
2023-02-01 03:00:00,939.166666666666,73.2666666666667,266.283333333333
2023-02-01 04:00:00,935.666666666667,69.7,266.4
2023-02-01 05:00:00,933.333333333333,66.5666666666667,266.183333333333
2023-02-01 06:00:00,935.166666666667,64.4666666666667,266.133333333333
2023-02-01 07:00:00,938.333333333333,63.2666666666667,266.083333333333
2023-02-01 08:00:00,937.166666666667,67.8833333333333,265.183333333333
2023-02-01 09:00:00,931.333333333333,66.5166666666667,265.283333333333
2023-02-01 10:00:00,923.166666666667,76.5,265.85
2023-02-01 11:00:00,924.5,83.8333333333334,265.866666666667
2023-02-01 12:00:00,922.833333333334,84.2166666666667,266.383333333333
2023-02-01 13:00:00,935.333333333334,90.4333333333333,266.35
2023-02-01 14:00:00,932.166666666667,88.05,266.733333333333
2023-02-01 15:00:00,933.0,85.7833333333334,266.266666666667
2023-02-01 16:00:00,939.666666666667,85.6,265.683333333333
2023-02-01 17:00:00,939.5,86.1333333333333,265.666666666667
2023-02-01 18:00:00,940.5,91.7666666666667,265.216666666667
2023-02-01 19:00:00,942.666666666667,91.3166666666667,265.0
2023-02-01 20:00:00,936.5,92.3166666666667,264.85
2023-02-01 21:00:00,936.5,92.5333333333334,264.85
2023-02-01 22:00:00,943.0,92.8666666666667,264.85
2023-02-01 23:00:00,971.5,92.7333333333333,264.633333333333
2023-02-02 00:00:00,1013.66666666667,92.3666666666667,264.483333333333
2023-02-02 01:00:00,1075.5,92.1333333333333,264.283333333333
2023-02-02 02:00:00,1082.33333333333,92.0,264.233333333333
2023-02-02 03:00:00,1097.0,91.8833333333333,264.15
2023-02-02 04:00:00,1089.0,91.9,264.15
2023-02-02 05:00:00,1113.5,91.95,264.05
2023-02-02 06:00:00,1150.0,92.05,264.183333333333
2023-02-02 07:00:00,1197.83333333333,92.3333333333333,264.4
2023-02-02 08:00:00,1264.83333333333,92.6,264.55
2023-02-02 09:00:00,1281.83333333333,92.7333333333333,264.716666666667
2023-02-02 10:00:00,1294.0,93.0333333333333,265.15
2023-02-02 11:00:00,1300.66666666667,93.1,265.966666666667
2023-02-02 12:00:00,1302.5,94.3833333333333,266.8
2023-02-02 13:00:00,1308.5,94.3833333333333,267.5
2023-02-02 14:00:00,1316.83333333333,94.1833333333333,267.116666666667
2023-02-02 15:00:00,1332.5,94.2833333333333,266.95
2023-02-02 16:00:00,1346.66666666667,94.2166666666667,266.333333333333
2023-02-02 17:00:00,1361.66666666667,94.1666666666667,265.833333333333
2023-02-02 18:00:00,1380.66666666667,94.0833333333334,265.466666666667
2023-02-02 19:00:00,1387.83333333333,94.3333333333333,265.6
2023-02-02 20:00:00,1394.5,94.6,265.783333333333
2023-02-02 21:00:00,1415.83333333333,95.0,265.866666666667
2023-02-02 22:00:00,1414.66666666667,95.5166666666667,266.166666666667
2023-02-02 23:00:00,1406.33333333333,95.7666666666667,266.416666666667
2023-02-03 00:00:00,1384.5,95.6333333333333,266.316666666667
2023-02-03 01:00:00,1380.66666666667,95.5333333333333,266.3
2023-02-03 02:00:00,1380.0,95.5833333333333,266.366666666667
2023-02-03 03:00:00,1378.83333333333,95.6833333333333,266.7
2023-02-03 04:00:00,1370.83333333333,95.1166666666667,266.166666666667
2023-02-03 05:00:00,1354.16666666667,94.6,265.466666666667
2023-02-03 06:00:00,1348.5,94.4666666666667,265.316666666667
2023-02-03 07:00:00,1351.0,94.4,265.05
2023-02-03 08:00:00,1346.66666666667,94.5333333333333,265.6
2023-02-03 09:00:00,1331.16666666667,94.7666666666667,266.666666666667
2023-02-03 10:00:00,1312.5,95.2333333333334,268.533333333333
2023-02-03 11:00:00,1298.5,93.1,269.7
2023-02-03 12:00:00,1304.83333333333,68.3833333333334,271.333333333333
2023-02-03 13:00:00,1296.33333333333,44.1833333333333,272.25
2023-02-03 14:00:00,1292.33333333333,39.7666666666667,271.166666666667
2023-02-03 15:00:00,1288.5,38.3666666666667,270.7
2023-02-03 16:00:00,1281.33333333333,39.2166666666667,270.783333333333
2023-02-03 17:00:00,1280.0,39.0166666666667,270.4
2023-02-03 18:00:00,1279.0,41.0166666666667,269.833333333333
2023-02-03 19:00:00,1272.66666666667,42.5833333333333,269.716666666667
2023-02-03 20:00:00,1270.66666666667,70.4333333333333,268.3
2023-02-03 21:00:00,1276.66666666667,93.85,267.2
2023-02-03 22:00:00,1304.33333333333,97.2,267.316666666667
2023-02-03 23:00:00,1322.16666666667,97.9833333333333,267.6
2023-02-04 00:00:00,1337.66666666667,98.6333333333333,267.883333333333
2023-02-04 01:00:00,1356.66666666667,99.1,268.116666666667
2023-02-04 02:00:00,1360.33333333333,99.45,268.183333333333
2023-02-04 03:00:00,1367.33333333333,99.5,268.233333333333
2023-02-04 04:00:00,1372.33333333333,99.3833333333333,268.016666666667
2023-02-04 05:00:00,1390.0,99.65,268.15
2023-02-04 06:00:00,1396.83333333333,100.066666666667,268.333333333333
2023-02-04 07:00:00,1405.16666666667,100.3,268.5
2023-02-04 08:00:00,1431.16666666667,100.383333333333,268.633333333333
2023-02-04 09:00:00,1436.83333333333,100.4,268.7
2023-02-04 10:00:00,1442.5,99.9,269.0
2023-02-04 11:00:00,1420.5,98.4666666666667,269.3
2023-02-04 12:00:00,1381.66666666667,95.2333333333333,269.85
2023-02-04 13:00:00,1329.16666666667,93.9166666666667,268.966666666667
2023-02-04 14:00:00,1265.5,91.95,268.1
2023-02-04 15:00:00,1241.16666666667,86.8,268.116666666667
2023-02-04 16:00:00,1237.5,95.1666666666667,267.416666666667
2023-02-04 17:00:00,1243.5,96.25,266.6
2023-02-04 18:00:00,1245.66666666667,94.15,265.6
2023-02-04 19:00:00,1234.66666666667,80.6333333333333,265.25
2023-02-04 20:00:00,1223.83333333333,69.9,265.216666666667
2023-02-04 21:00:00,1225.83333333333,74.7166666666667,264.383333333333
2023-02-04 22:00:00,1226.83333333333,63.4166666666667,264.4
2023-02-04 23:00:00,1222.33333333333,61.0833333333333,264.516666666667
2023-02-05 00:00:00,1218.5,50.1666666666667,265.066666666667
2023-02-05 01:00:00,1216.0,36.4833333333333,265.5
2023-02-05 02:00:00,1212.66666666667,30.3166666666667,265.666666666667
2023-02-05 03:00:00,1210.66666666667,26.1,265.916666666667
2023-02-05 04:00:00,1209.16666666667,21.9333333333333,265.866666666667
2023-02-05 05:00:00,1208.66666666667,22.8833333333333,265.416666666667
2023-02-05 06:00:00,1213.0,20.2166666666667,264.516666666667
2023-02-05 07:00:00,1209.5,16.3166666666667,265.633333333333
2023-02-05 08:00:00,1204.0,12.1166666666667,265.733333333333
2023-02-05 09:00:00,1199.5,9.98333333333333,266.066666666667
2023-02-05 10:00:00,1196.83333333333,10.2666666666667,265.9
2023-02-05 11:00:00,1192.5,16.05,266.133333333333
2023-02-05 12:00:00,1189.0,25.75,266.3
2023-02-05 13:00:00,1181.16666666667,27.95,267.4
2023-02-05 14:00:00,1181.66666666667,62.6166666666667,265.866666666667
2023-02-05 15:00:00,1188.16666666667,75.2833333333333,264.683333333333
2023-02-05 16:00:00,1184.0,81.65,264.7
2023-02-05 17:00:00,1182.33333333333,82.3166666666667,264.75
2023-02-05 18:00:00,1189.0,89.7666666666667,264.0
2023-02-05 19:00:00,1214.33333333333,89.1333333333333,263.866666666667
2023-02-05 20:00:00,1213.33333333333,90.9166666666667,263.816666666667
2023-02-05 21:00:00,1210.66666666667,91.7,263.7
2023-02-05 22:00:00,1206.16666666667,91.9833333333333,263.7
2023-02-05 23:00:00,1203.66666666667,88.6166666666667,263.466666666667
2023-02-06 00:00:00,1200.16666666667,89.6,263.533333333333
2023-02-06 01:00:00,1204.33333333333,88.65,263.45
2023-02-06 02:00:00,1201.83333333333,89.05,263.433333333333
2023-02-06 03:00:00,1197.0,92.2333333333333,263.366666666667
2023-02-06 04:00:00,1195.0,91.05,263.05
2023-02-06 05:00:00,1194.0,90.6,262.733333333333
2023-02-06 06:00:00,1191.66666666667,90.95,262.683333333333
2023-02-06 07:00:00,1192.5,90.2333333333333,262.05
2023-02-06 08:00:00,1190.83333333333,90.1,261.916666666667
2023-02-06 09:00:00,1195.16666666667,61.55,263.05
2023-02-06 10:00:00,1175.66666666667,22.8,267.05
2023-02-06 11:00:00,1148.33333333333,18.5666666666667,271.15
2023-02-06 12:00:00,1126.33333333333,65.7666666666667,268.433333333333
2023-02-06 13:00:00,1158.66666666667,83.8,265.5
2023-02-06 14:00:00,1160.33333333333,80.6333333333333,266.083333333333
2023-02-06 15:00:00,1158.16666666667,77.1833333333333,265.716666666667
2023-02-06 16:00:00,1141.66666666667,62.5333333333333,266.816666666667
2023-02-06 17:00:00,1157.66666666667,76.1166666666667,263.9
2023-02-06 18:00:00,1169.66666666667,76.55,262.65
2023-02-06 19:00:00,1181.83333333333,88.15,262.166666666667
2023-02-06 20:00:00,1178.16666666667,88.1666666666667,261.783333333333
2023-02-06 21:00:00,1184.66666666667,87.7,261.316666666667
2023-02-06 22:00:00,1196.83333333333,87.1,260.8
2023-02-06 23:00:00,1183.83333333333,86.5166666666667,260.4
2023-02-07 00:00:00,1200.66666666667,85.8,259.9
2023-02-07 01:00:00,1205.33333333333,85.6166666666667,259.95
2023-02-07 02:00:00,1207.5,85.6333333333333,260.233333333333
2023-02-07 03:00:00,1206.16666666667,81.2,260.216666666667
2023-02-07 04:00:00,1199.66666666667,77.35,260.016666666667
2023-02-07 05:00:00,1199.33333333333,73.05,259.816666666667
2023-02-07 06:00:00,1201.66666666667,59.9166666666667,260.666666666667
2023-02-07 07:00:00,1196.66666666667,45.1333333333333,262.2
2023-02-07 08:00:00,1194.33333333333,40.7,262.8
2023-02-07 09:00:00,1195.33333333333,35.5666666666667,264.283333333333
2023-02-07 10:00:00,1188.5,27.9166666666667,267.016666666667
2023-02-07 11:00:00,1178.0,23.7,269.216666666667
2023-02-07 12:00:00,1145.33333333333,21.3833333333333,272.583333333333
2023-02-07 13:00:00,1122.83333333333,43.9833333333333,273.0
2023-02-07 14:00:00,1118.33333333333,43.2333333333333,271.733333333333
2023-02-07 15:00:00,1156.5,54.4833333333333,268.716666666667
2023-02-07 16:00:00,1156.33333333333,53.2833333333333,268.283333333333
2023-02-07 17:00:00,1155.16666666667,35.2166666666667,267.3
2023-02-07 18:00:00,1170.5,38.0333333333333,265.016666666667
2023-02-07 19:00:00,1177.0,47.25,263.416666666667
2023-02-07 20:00:00,1177.0,62.0166666666667,262.566666666667
2023-02-07 21:00:00,1175.83333333333,65.6333333333333,262.266666666667
2023-02-07 22:00:00,1174.83333333333,59.4833333333333,262.383333333333
2023-02-07 23:00:00,1173.0,57.3666666666667,262.316666666667
2023-02-08 00:00:00,1170.0,56.9833333333333,262.1
2023-02-08 01:00:00,1168.66666666667,49.4,262.016666666667
2023-02-08 02:00:00,1165.83333333333,60.9833333333333,260.883333333333
2023-02-08 03:00:00,1167.33333333333,48.7166666666667,261.416666666667
2023-02-08 04:00:00,1166.16666666667,34.0666666666667,262.183333333333
2023-02-08 05:00:00,1164.16666666667,29.0166666666667,262.666666666667
2023-02-08 06:00:00,1161.0,27.6166666666667,262.966666666667
2023-02-08 07:00:00,1160.16666666667,24.6,264.166666666667
2023-02-08 08:00:00,1157.83333333333,23.1833333333333,264.183333333333
2023-02-08 09:00:00,1150.16666666667,20.1666666666667,265.816666666667
2023-02-08 10:00:00,1135.83333333333,19.1166666666667,268.266666666667
2023-02-08 11:00:00,1130.83333333333,18.8666666666667,269.466666666667
2023-02-08 12:00:00,1119.83333333333,18.2333333333333,270.8
2023-02-08 13:00:00,1108.66666666667,20.3833333333333,271.133333333333
2023-02-08 14:00:00,1114.33333333333,19.0333333333333,270.383333333333
2023-02-08 15:00:00,1093.16666666667,25.7666666666667,271.933333333333
2023-02-08 16:00:00,1089.16666666667,38.6,270.083333333333
2023-02-08 17:00:00,1129.5,37.9,266.533333333333
2023-02-08 18:00:00,1139.0,34.7166666666667,264.983333333333
2023-02-08 19:00:00,1143.33333333333,33.8,264.25
2023-02-08 20:00:00,1150.16666666667,32.8833333333333,263.733333333333
2023-02-08 21:00:00,1141.66666666667,28.5833333333333,264.316666666667
2023-02-08 22:00:00,1140.66666666667,29.0333333333333,264.466666666667
2023-02-08 23:00:00,1140.5,27.5,264.366666666667
2023-02-09 00:00:00,1140.0,24.1166666666667,264.65
2023-02-09 01:00:00,1136.33333333333,16.4166666666667,265.55
2023-02-09 02:00:00,1134.16666666667,16.05,265.383333333333
2023-02-09 03:00:00,1133.66666666667,15.35,265.266666666667
2023-02-09 04:00:00,1133.33333333333,14.5333333333333,265.266666666667
2023-02-09 05:00:00,1132.66666666667,13.1833333333333,265.216666666667
2023-02-09 06:00:00,1132.66666666667,12.4833333333333,265.033333333333
2023-02-09 07:00:00,1131.66666666667,13.6833333333333,264.7
2023-02-09 08:00:00,1140.16666666667,14.9666666666667,263.966666666667
2023-02-09 09:00:00,1123.16666666667,13.8666666666667,266.066666666667
2023-02-09 10:00:00,1101.66666666667,12.4166666666667,268.916666666667
2023-02-09 11:00:00,1100.5,14.0,269.633333333333
2023-02-09 12:00:00,1080.83333333333,37.0833333333333,269.983333333333
2023-02-09 13:00:00,1086.66666666667,42.3833333333333,268.583333333333
2023-02-09 14:00:00,1082.66666666667,41.4833333333333,268.966666666667
2023-02-09 15:00:00,1071.66666666667,34.7,269.716666666667
2023-02-09 16:00:00,1069.66666666667,38.7,269.666666666667
2023-02-09 17:00:00,1072.0,47.6666666666667,267.95
2023-02-09 18:00:00,1110.16666666667,45.7666666666667,264.15
2023-02-09 19:00:00,1125.5,40.8333333333333,263.65
2023-02-09 20:00:00,1120.0,29.4166666666667,264.066666666667
2023-02-09 21:00:00,1120.83333333333,30.3,263.783333333333
2023-02-09 22:00:00,1123.0,23.7166666666667,264.55
2023-02-09 23:00:00,1121.0,19.3333333333333,265.683333333333
2023-02-10 00:00:00,1115.33333333333,17.6,266.7
2023-02-10 01:00:00,1122.16666666667,20.6166666666667,265.416666666667
2023-02-10 02:00:00,1121.66666666667,21.1833333333333,265.133333333333
2023-02-10 03:00:00,1116.66666666667,22.3666666666667,265.116666666667
2023-02-10 04:00:00,1119.0,23.3166666666667,264.35
2023-02-10 05:00:00,1111.5,22.15,264.183333333333
2023-02-10 06:00:00,1115.16666666667,20.2,264.65
2023-02-10 07:00:00,1110.5,20.0333333333333,265.016666666667
2023-02-10 08:00:00,1113.5,19.3333333333333,265.366666666667
2023-02-10 09:00:00,1102.83333333333,17.2333333333333,268.05
2023-02-10 10:00:00,1092.16666666667,18.5666666666667,269.916666666667
2023-02-10 11:00:00,1068.5,21.2333333333333,273.4
2023-02-10 12:00:00,1049.33333333333,23.1333333333333,274.366666666667
2023-02-10 13:00:00,1047.83333333333,23.2666666666667,273.516666666667
2023-02-10 14:00:00,1057.0,23.7333333333333,273.733333333333
2023-02-10 15:00:00,1059.16666666667,24.7166666666667,273.783333333333
2023-02-10 16:00:00,1062.0,28.5333333333333,273.133333333333
2023-02-10 17:00:00,1078.0,16.15,271.65
2023-02-10 18:00:00,1097.66666666667,14.9833333333333,269.7
2023-02-10 19:00:00,1106.16666666667,14.95,268.15
2023-02-10 20:00:00,1100.5,14.75,268.416666666667
2023-02-10 21:00:00,1100.33333333333,15.45,268.433333333333
2023-02-10 22:00:00,1101.66666666667,17.0,268.466666666667
2023-02-10 23:00:00,1102.16666666667,20.8333333333333,268.75
2023-02-11 00:00:00,1097.0,19.5833333333333,269.35
2023-02-11 01:00:00,1098.33333333333,16.7166666666667,270.283333333333
2023-02-11 02:00:00,1098.66666666667,21.15,269.566666666667
2023-02-11 03:00:00,1096.33333333333,20.9333333333333,269.283333333333
2023-02-11 04:00:00,1096.0,16.4666666666667,270.033333333333
2023-02-11 05:00:00,1093.33333333333,15.4166666666667,270.033333333333
2023-02-11 06:00:00,1090.16666666667,16.2833333333333,270.016666666667
2023-02-11 07:00:00,1092.5,20.0833333333333,270.05
2023-02-11 08:00:00,1097.5,23.75,270.133333333333
2023-02-11 09:00:00,1091.83333333333,34.15,271.083333333333
2023-02-11 10:00:00,1085.16666666667,36.65,271.966666666667
2023-02-11 11:00:00,1070.0,30.0333333333333,275.083333333333
2023-02-11 12:00:00,1062.33333333333,37.4333333333333,276.266666666667
2023-02-11 13:00:00,1056.5,41.5666666666667,276.7
2023-02-11 14:00:00,1039.83333333333,44.5,277.533333333333
2023-02-11 15:00:00,1062.33333333333,59.4,275.233333333333
2023-02-11 16:00:00,1069.33333333333,67.65,274.316666666667
2023-02-11 17:00:00,1070.66666666667,68.3,274.35
2023-02-11 18:00:00,1082.66666666667,75.2333333333333,272.733333333333
2023-02-11 19:00:00,1084.33333333333,76.5333333333334,272.233333333333
2023-02-11 20:00:00,1083.83333333333,74.2166666666667,271.933333333333
2023-02-11 21:00:00,1084.16666666667,63.25,271.85
2023-02-11 22:00:00,1086.16666666667,65.1666666666667,271.15
2023-02-11 23:00:00,1086.33333333333,67.4666666666667,270.55
2023-02-12 00:00:00,1085.33333333333,69.25,270.816666666667
2023-02-12 01:00:00,1085.0,64.85,271.2
2023-02-12 02:00:00,1084.83333333333,57.2833333333333,271.083333333333
2023-02-12 03:00:00,1085.16666666667,51.1666666666667,271.233333333333
2023-02-12 04:00:00,1078.33333333333,47.8333333333333,271.3
2023-02-12 05:00:00,1078.16666666667,44.55,271.216666666667
2023-02-12 06:00:00,1076.33333333333,46.15,271.733333333333
2023-02-12 07:00:00,1078.66666666667,52.1333333333333,271.65
2023-02-12 08:00:00,1077.33333333333,52.1333333333333,271.5
2023-02-12 09:00:00,1070.66666666667,55.7333333333333,273.116666666667
2023-02-12 10:00:00,1060.33333333333,46.7,275.85
2023-02-12 11:00:00,1049.83333333333,42.4333333333333,277.916666666667
2023-02-12 12:00:00,1035.83333333333,40.9166666666667,279.183333333333
2023-02-12 13:00:00,1034.33333333333,45.0166666666667,278.85
2023-02-12 14:00:00,1042.33333333333,46.35,278.566666666667
2023-02-12 15:00:00,1031.83333333333,45.7333333333333,278.816666666667
2023-02-12 16:00:00,1037.0,49.1833333333333,277.9
2023-02-12 17:00:00,1052.0,55.45,275.683333333333
2023-02-12 18:00:00,1068.33333333333,62.1666666666667,273.383333333333
2023-02-12 19:00:00,1073.5,60.5833333333333,273.266666666667
2023-02-12 20:00:00,1071.83333333333,60.6166666666667,273.2
2023-02-12 21:00:00,1070.0,60.25,273.283333333333
2023-02-12 22:00:00,1070.33333333333,49.4333333333333,273.9
2023-02-12 23:00:00,1068.0,49.0,274.033333333333
2023-02-13 00:00:00,1065.83333333333,45.5,274.316666666667
2023-02-13 01:00:00,1065.83333333333,45.3,274.633333333333
2023-02-13 02:00:00,1065.0,45.6,274.5
2023-02-13 03:00:00,1065.66666666667,44.9166666666667,274.416666666667
2023-02-13 04:00:00,1066.0,40.2333333333333,274.666666666667
2023-02-13 05:00:00,1068.16666666667,36.9333333333333,274.483333333333
2023-02-13 06:00:00,1063.66666666667,32.2166666666667,274.8
2023-02-13 07:00:00,1062.16666666667,34.1333333333333,274.633333333333
2023-02-13 08:00:00,1065.83333333333,36.6166666666667,273.883333333333
2023-02-13 09:00:00,1053.83333333333,38.2333333333333,275.883333333333
2023-02-13 10:00:00,1047.16666666667,40.9166666666667,277.216666666667
2023-02-13 11:00:00,1036.33333333333,40.5833333333333,278.833333333333
2023-02-13 12:00:00,1028.5,41.5666666666667,279.333333333333
2023-02-13 13:00:00,1030.83333333333,38.1333333333333,279.6
2023-02-13 14:00:00,1009.33333333333,35.75,280.866666666667
2023-02-13 15:00:00,1027.0,38.3666666666667,278.916666666667
2023-02-13 16:00:00,1036.16666666667,35.7666666666667,278.166666666667
2023-02-13 17:00:00,1030.83333333333,35.4333333333333,278.05
2023-02-13 18:00:00,1043.16666666667,41.8833333333333,274.9
2023-02-13 19:00:00,1059.5,38.65,274.1
2023-02-13 20:00:00,1056.33333333333,40.4666666666667,274.2
2023-02-13 21:00:00,1060.66666666667,44.6333333333333,273.333333333333
2023-02-13 22:00:00,1056.33333333333,21.7666666666667,274.55
2023-02-13 23:00:00,1056.33333333333,16.2,275.15
2023-02-14 00:00:00,1052.0,10.2333333333333,275.983333333333
2023-02-14 01:00:00,1051.0,12.4333333333333,275.533333333333
2023-02-14 02:00:00,1053.83333333333,13.0333333333333,275.333333333333
2023-02-14 03:00:00,1054.5,12.3333333333333,275.583333333333
2023-02-14 04:00:00,1053.16666666667,11.1666666666667,275.45
2023-02-14 05:00:00,1053.5,13.8,275.25
2023-02-14 06:00:00,1050.83333333333,17.0333333333333,274.983333333333
2023-02-14 07:00:00,1050.0,17.9,274.766666666667
2023-02-14 08:00:00,1055.5,16.4166666666667,275.466666666667
2023-02-14 09:00:00,1045.16666666667,15.9166666666667,277.35
2023-02-14 10:00:00,1040.83333333333,15.1333333333333,278.866666666667
2023-02-14 11:00:00,1033.5,15.3666666666667,280.416666666667
2023-02-14 12:00:00,1023.0,13.9666666666667,281.4
2023-02-14 13:00:00,1016.33333333333,13.7,281.733333333333
2023-02-14 14:00:00,1012.5,16.3833333333333,282.066666666667
2023-02-14 15:00:00,1013.0,15.25,281.566666666667
2023-02-14 16:00:00,998.166666666667,17.8833333333333,282.716666666667
2023-02-14 17:00:00,1004.5,16.2666666666667,281.75
2023-02-14 18:00:00,1034.0,17.2166666666667,278.1
2023-02-14 19:00:00,1053.0,19.0166666666667,277.066666666667
2023-02-14 20:00:00,1048.0,21.6,276.533333333333
2023-02-14 21:00:00,1048.16666666667,23.65,275.833333333333
2023-02-14 22:00:00,1046.5,21.5666666666667,276.35
2023-02-14 23:00:00,1046.33333333333,18.8833333333333,276.616666666667
2023-02-15 00:00:00,1041.83333333333,17.9333333333333,276.266666666667
2023-02-15 01:00:00,1038.83333333333,16.0333333333333,276.566666666667
2023-02-15 02:00:00,1038.5,15.5666666666667,276.366666666667
2023-02-15 03:00:00,1039.5,15.0,276.35
2023-02-15 04:00:00,1041.16666666667,15.0833333333333,277.166666666667
2023-02-15 05:00:00,1038.16666666667,15.8166666666667,277.516666666667
2023-02-15 06:00:00,1038.16666666667,16.35,277.333333333333
2023-02-15 07:00:00,1040.16666666667,17.5,277.1
2023-02-15 08:00:00,1038.66666666667,17.5,277.483333333333
2023-02-15 09:00:00,1028.83333333333,17.7166666666667,279.166666666667
2023-02-15 10:00:00,1016.33333333333,20.6833333333333,281.283333333333
2023-02-15 11:00:00,1001.33333333333,21.8166666666667,282.85
2023-02-15 12:00:00,988.833333333333,21.2666666666667,284.266666666667
2023-02-15 13:00:00,978.666666666667,20.7,284.75
2023-02-15 14:00:00,975.833333333333,22.4166666666667,284.2
2023-02-15 15:00:00,971.166666666667,24.5666666666667,284.083333333333
2023-02-15 16:00:00,966.833333333333,23.4166666666667,283.85
2023-02-15 17:00:00,987.333333333333,24.4833333333333,281.866666666667
2023-02-15 18:00:00,1016.83333333333,26.9,278.4
2023-02-15 19:00:00,1032.66666666667,23.7,277.25
2023-02-15 20:00:00,1033.0,25.75,276.733333333333
2023-02-15 21:00:00,1032.16666666667,25.6,276.7
2023-02-15 22:00:00,1031.16666666667,26.2833333333333,276.266666666667
2023-02-15 23:00:00,1030.83333333333,26.3,276.033333333333
2023-02-16 00:00:00,1032.0,27.4,275.6
2023-02-16 01:00:00,1031.16666666667,26.5833333333333,275.333333333333
2023-02-16 02:00:00,1031.66666666667,25.4333333333333,275.1
2023-02-16 03:00:00,1034.66666666667,24.0166666666667,275.15
2023-02-16 04:00:00,1038.66666666667,23.45,275.033333333333
2023-02-16 05:00:00,1032.0,23.0166666666667,275.133333333333
2023-02-16 06:00:00,1029.83333333333,22.4333333333333,275.15
2023-02-16 07:00:00,1031.33333333333,28.1666666666667,274.316666666667
2023-02-16 08:00:00,1030.16666666667,27.2,273.866666666667
2023-02-16 09:00:00,1021.33333333333,25.1,275.433333333333
2023-02-16 10:00:00,1015.33333333333,27.8833333333333,277.133333333333
2023-02-16 11:00:00,1011.83333333333,24.4,277.766666666667
2023-02-16 12:00:00,996.5,29.8833333333333,279.1
2023-02-16 13:00:00,1005.16666666667,32.1666666666667,278.45
2023-02-16 14:00:00,991.0,26.0,278.733333333333
2023-02-16 15:00:00,1000.66666666667,28.8,277.233333333333
2023-02-16 16:00:00,1011.0,34.65,275.516666666667
2023-02-16 17:00:00,1008.66666666667,35.8,275.516666666667
2023-02-16 18:00:00,1021.83333333333,39.2333333333333,272.95
2023-02-16 19:00:00,1027.5,35.6833333333333,272.266666666667
2023-02-16 20:00:00,1028.83333333333,32.0,271.933333333333
2023-02-16 21:00:00,1028.0,29.1333333333333,272.183333333333
2023-02-16 22:00:00,1026.16666666667,32.8833333333333,272.25
2023-02-16 23:00:00,1029.0,34.5,272.0
2023-02-17 00:00:00,1028.16666666667,37.9333333333333,271.816666666667
2023-02-17 01:00:00,1028.33333333333,38.3166666666667,271.833333333333
2023-02-17 02:00:00,1026.66666666667,41.85,271.733333333333
2023-02-17 03:00:00,1025.16666666667,41.7833333333333,271.916666666667
2023-02-17 04:00:00,1021.33333333333,45.55,271.75
2023-02-17 05:00:00,1016.33333333333,52.2,271.45
2023-02-17 06:00:00,1016.0,55.4666666666667,271.383333333333
2023-02-17 07:00:00,1013.66666666667,58.1166666666667,271.466666666667
2023-02-17 08:00:00,1012.83333333333,61.5833333333333,271.666666666667
2023-02-17 09:00:00,1011.16666666667,69.3666666666667,272.583333333333
2023-02-17 10:00:00,1010.33333333333,76.4666666666667,272.95
2023-02-17 11:00:00,1011.16666666667,78.5833333333333,273.466666666667
2023-02-17 12:00:00,1004.5,79.3666666666667,274.566666666667
2023-02-17 13:00:00,1003.16666666667,81.7833333333334,274.933333333333
2023-02-17 14:00:00,1011.0,85.8333333333334,274.683333333333
2023-02-17 15:00:00,1010.66666666667,90.75,274.083333333333
2023-02-17 16:00:00,1016.0,92.4166666666667,273.866666666667
2023-02-17 17:00:00,1019.0,97.4333333333333,273.583333333333
2023-02-17 18:00:00,1023.0,100.166666666667,273.283333333333
2023-02-17 19:00:00,1032.0,100.983333333333,273.116666666667
2023-02-17 20:00:00,1035.16666666667,101.35,273.15
2023-02-17 21:00:00,1040.0,101.333333333333,273.283333333333
2023-02-17 22:00:00,1039.5,99.8833333333333,273.516666666667
2023-02-17 23:00:00,1030.83333333333,98.5333333333333,273.566666666667
2023-02-18 00:00:00,1030.33333333333,95.85,273.466666666667
2023-02-18 01:00:00,1031.5,93.3166666666667,273.483333333333
2023-02-18 02:00:00,1032.5,91.65,273.266666666667
2023-02-18 03:00:00,1033.0,88.1833333333333,273.0
2023-02-18 04:00:00,1032.5,87.3166666666667,272.766666666667
2023-02-18 05:00:00,1031.33333333333,83.4333333333333,272.95
2023-02-18 06:00:00,1030.33333333333,71.7666666666667,273.3
2023-02-18 07:00:00,1034.0,63.5333333333333,273.8
2023-02-18 08:00:00,1035.33333333333,62.6166666666667,274.233333333333
2023-02-18 09:00:00,1030.66666666667,59.25,275.6
2023-02-18 10:00:00,1026.0,56.5166666666667,277.066666666667
2023-02-18 11:00:00,1024.5,55.9333333333333,277.816666666667
2023-02-18 12:00:00,1022.66666666667,53.6333333333333,278.166666666667
2023-02-18 13:00:00,1021.0,50.0666666666667,278.65
2023-02-18 14:00:00,1020.16666666667,49.4,278.55
2023-02-18 15:00:00,1017.33333333333,48.65,278.783333333333
2023-02-18 16:00:00,1019.5,48.55,277.85
2023-02-18 17:00:00,1021.83333333333,48.0833333333333,277.15
2023-02-18 18:00:00,1026.33333333333,47.4166666666667,275.85
2023-02-18 19:00:00,1031.33333333333,45.5666666666667,275.25
2023-02-18 20:00:00,1029.66666666667,42.4166666666667,274.983333333333
2023-02-18 21:00:00,1028.83333333333,41.6833333333333,275.083333333333
2023-02-18 22:00:00,1029.0,39.7,275.016666666667
2023-02-18 23:00:00,1027.66666666667,40.7666666666667,274.833333333333
2023-02-19 00:00:00,1026.0,42.5,274.6
2023-02-19 01:00:00,1027.0,39.5166666666667,274.5
2023-02-19 02:00:00,1026.66666666667,40.85,274.466666666667
2023-02-19 03:00:00,1026.66666666667,41.15,274.3
2023-02-19 04:00:00,1020.66666666667,40.3,274.366666666667
2023-02-19 05:00:00,1016.83333333333,42.35,274.15
2023-02-19 06:00:00,1016.66666666667,41.9166666666667,273.95
2023-02-19 07:00:00,1021.16666666667,43.0,274.166666666667
2023-02-19 08:00:00,1020.16666666667,64.1,272.683333333333
2023-02-19 09:00:00,1016.5,78.2166666666667,271.833333333333
2023-02-19 10:00:00,1014.66666666667,82.1666666666667,272.716666666667
2023-02-19 11:00:00,1008.66666666667,76.6,274.05
2023-02-19 12:00:00,1005.0,69.1666666666667,274.533333333333
2023-02-19 13:00:00,991.166666666667,65.4333333333333,275.216666666667
2023-02-19 14:00:00,991.333333333333,67.7166666666667,275.333333333333
2023-02-19 15:00:00,986.0,66.5666666666667,275.4
2023-02-19 16:00:00,981.666666666667,71.6666666666667,274.583333333333
2023-02-19 17:00:00,994.0,80.0833333333333,272.533333333333
2023-02-19 18:00:00,995.666666666667,91.7166666666667,271.3
2023-02-19 19:00:00,997.833333333334,100.516666666667,270.5
2023-02-19 20:00:00,997.666666666667,96.9833333333333,270.216666666667
2023-02-19 21:00:00,996.666666666667,80.6,270.383333333333
2023-02-19 22:00:00,996.333333333333,73.95,270.583333333333
2023-02-19 23:00:00,994.5,69.5666666666667,270.833333333333
2023-02-20 00:00:00,995.0,67.3833333333333,270.783333333333
2023-02-20 01:00:00,995.0,68.9833333333333,270.483333333333
2023-02-20 02:00:00,995.5,66.2166666666667,270.783333333333
2023-02-20 03:00:00,995.5,64.6333333333334,270.933333333333
2023-02-20 04:00:00,993.5,65.05,270.966666666667
2023-02-20 05:00:00,993.833333333333,66.4666666666667,270.916666666667
2023-02-20 06:00:00,993.5,65.5833333333333,271.116666666667
2023-02-20 07:00:00,993.0,63.7166666666667,271.35
2023-02-20 08:00:00,992.5,60.2666666666667,271.65
2023-02-20 09:00:00,989.166666666667,55.0166666666667,273.233333333333
2023-02-20 10:00:00,984.333333333333,51.6166666666667,275.0
2023-02-20 11:00:00,976.833333333333,46.6333333333333,276.883333333333
2023-02-20 12:00:00,968.0,46.65,278.016666666667
2023-02-20 13:00:00,967.166666666667,48.3333333333333,278.433333333333
2023-02-20 14:00:00,969.5,49.1333333333333,277.833333333333
2023-02-20 15:00:00,969.833333333333,49.5,277.933333333333
2023-02-20 16:00:00,966.666666666667,43.3666666666667,278.466666666667
2023-02-20 17:00:00,964.5,37.0833333333333,278.783333333333
2023-02-20 18:00:00,976.166666666667,26.1833333333333,277.183333333333
2023-02-20 19:00:00,983.666666666667,24.1666666666667,276.3
2023-02-20 20:00:00,985.666666666667,25.1833333333333,275.916666666667
2023-02-20 21:00:00,985.666666666667,22.95,275.683333333333
2023-02-20 22:00:00,983.166666666667,22.8666666666667,275.716666666667
2023-02-20 23:00:00,982.5,22.1,275.65
2023-02-21 00:00:00,982.666666666667,22.7,275.516666666667
2023-02-21 01:00:00,980.333333333333,22.9333333333333,275.316666666667
2023-02-21 02:00:00,981.833333333334,19.8666666666667,275.583333333333
2023-02-21 03:00:00,980.0,14.5666666666667,276.25
2023-02-21 04:00:00,979.0,11.9333333333333,276.266666666667
2023-02-21 05:00:00,981.5,10.6166666666667,276.45
2023-02-21 06:00:00,980.166666666667,9.1,277.066666666667
2023-02-21 07:00:00,978.333333333333,8.63333333333333,276.966666666667
2023-02-21 08:00:00,978.0,9.35,277.15
2023-02-21 09:00:00,972.666666666667,11.1,278.383333333333
2023-02-21 10:00:00,952.833333333333,21.85,279.4
2023-02-21 11:00:00,961.166666666667,28.2833333333333,278.983333333333
2023-02-21 12:00:00,956.333333333333,27.2833333333333,280.133333333333
2023-02-21 13:00:00,947.666666666666,26.5333333333333,280.966666666667
2023-02-21 14:00:00,943.0,25.0166666666667,281.433333333333
2023-02-21 15:00:00,945.333333333333,23.65,280.983333333333
2023-02-21 16:00:00,956.833333333333,28.3833333333333,279.816666666667
2023-02-21 17:00:00,945.166666666667,24.0166666666667,280.1
2023-02-21 18:00:00,968.666666666667,27.9333333333333,276.516666666667
2023-02-21 19:00:00,980.833333333333,29.7333333333333,275.283333333333
2023-02-21 20:00:00,983.0,26.5166666666667,275.633333333333
2023-02-21 21:00:00,982.0,25.8666666666667,275.9
2023-02-21 22:00:00,983.833333333333,26.15,275.7
2023-02-21 23:00:00,980.833333333333,25.9166666666667,275.383333333333
2023-02-22 00:00:00,986.166666666667,22.5,275.4
2023-02-22 01:00:00,985.833333333333,20.4166666666667,275.65
2023-02-22 02:00:00,979.833333333333,19.9666666666667,275.85
2023-02-22 03:00:00,981.166666666667,18.8333333333333,275.983333333333
2023-02-22 04:00:00,979.833333333333,16.2166666666667,275.566666666667
2023-02-22 05:00:00,976.333333333333,16.5833333333333,275.7
2023-02-22 06:00:00,982.833333333333,18.35,275.35
2023-02-22 07:00:00,977.166666666667,18.8333333333333,275.466666666667
2023-02-22 08:00:00,978.833333333333,17.1166666666667,275.916666666667
2023-02-22 09:00:00,968.666666666667,19.65,276.65
2023-02-22 10:00:00,965.166666666667,21.4833333333333,277.65
2023-02-22 11:00:00,944.333333333333,24.0333333333333,279.433333333333
2023-02-22 12:00:00,925.666666666667,22.9833333333333,281.566666666667
2023-02-22 13:00:00,929.0,23.4666666666667,281.266666666667
2023-02-22 14:00:00,943.666666666667,27.7166666666667,280.316666666667
2023-02-22 15:00:00,938.833333333333,28.0833333333333,280.066666666667
2023-02-22 16:00:00,936.666666666667,30.35,280.066666666667
2023-02-22 17:00:00,937.5,32.5,278.783333333333
2023-02-22 18:00:00,956.833333333333,39.1666666666667,275.566666666667
2023-02-22 19:00:00,974.0,44.05,274.183333333333
2023-02-22 20:00:00,974.166666666667,45.95,273.566666666667
2023-02-22 21:00:00,975.833333333333,49.4166666666667,272.783333333333
2023-02-22 22:00:00,976.166666666667,57.3,272.183333333333
2023-02-22 23:00:00,974.666666666667,63.5333333333333,271.633333333333
2023-02-23 00:00:00,978.333333333333,70.5166666666667,271.05
2023-02-23 01:00:00,978.166666666667,70.6666666666667,270.566666666667
2023-02-23 02:00:00,980.666666666667,81.1,270.116666666667
2023-02-23 03:00:00,983.333333333333,81.9833333333333,270.033333333333
2023-02-23 04:00:00,980.166666666667,86.6833333333334,270.066666666667
2023-02-23 05:00:00,977.333333333333,97.0833333333333,269.65
2023-02-23 06:00:00,977.833333333334,98.8166666666667,269.733333333333
2023-02-23 07:00:00,972.666666666667,96.1666666666667,269.566666666667
2023-02-23 08:00:00,976.0,94.2833333333333,269.95
2023-02-23 09:00:00,972.666666666667,89.5333333333334,270.7
2023-02-23 10:00:00,955.333333333333,94.2,271.633333333333
2023-02-23 11:00:00,974.5,99.1666666666667,271.6
2023-02-23 12:00:00,974.0,91.3833333333333,272.3
2023-02-23 13:00:00,972.833333333334,93.2166666666667,272.6
2023-02-23 14:00:00,971.5,83.0166666666667,273.266666666667
2023-02-23 15:00:00,969.333333333334,76.2666666666667,273.883333333333
2023-02-23 16:00:00,967.833333333333,72.4333333333333,274.0
2023-02-23 17:00:00,972.166666666667,74.9666666666667,273.25
2023-02-23 18:00:00,979.833333333334,72.9833333333333,272.283333333333
2023-02-23 19:00:00,979.333333333333,75.45,271.366666666667
2023-02-23 20:00:00,982.666666666667,73.45,271.233333333333
2023-02-23 21:00:00,980.166666666667,73.0166666666667,271.2
2023-02-23 22:00:00,979.5,73.5666666666667,270.883333333333
2023-02-23 23:00:00,980.0,76.1,270.566666666667
2023-02-24 00:00:00,981.666666666667,73.3,270.716666666667
2023-02-24 01:00:00,978.833333333333,75.8166666666667,270.383333333333
2023-02-24 02:00:00,977.666666666667,75.1,270.516666666667
2023-02-24 03:00:00,977.833333333334,70.1666666666667,270.2
2023-02-24 04:00:00,974.666666666667,70.0333333333334,270.033333333333
2023-02-24 05:00:00,977.5,68.2833333333333,270.1
2023-02-24 06:00:00,977.833333333334,68.05,270.266666666667
2023-02-24 07:00:00,976.0,69.2666666666667,270.133333333333
2023-02-24 08:00:00,978.166666666667,68.5833333333333,270.566666666667
2023-02-24 09:00:00,976.5,69.65,271.016666666667
2023-02-24 10:00:00,973.5,69.65,271.883333333333
2023-02-24 11:00:00,968.5,61.7,273.983333333333
2023-02-24 12:00:00,967.0,60.3666666666667,273.283333333333
2023-02-24 13:00:00,966.166666666667,58.8833333333333,274.266666666667
2023-02-24 14:00:00,964.0,57.6666666666667,275.216666666667
2023-02-24 15:00:00,974.0,59.4666666666667,274.233333333333
2023-02-24 16:00:00,977.833333333334,61.3833333333333,273.183333333333
2023-02-24 17:00:00,980.333333333333,62.2,272.7
2023-02-24 18:00:00,982.5,65.0833333333334,272.1
2023-02-24 19:00:00,982.5,65.2,271.666666666667
2023-02-24 20:00:00,982.166666666667,64.95,271.35
2023-02-24 21:00:00,980.333333333333,66.45,270.95
2023-02-24 22:00:00,980.833333333334,70.45,270.683333333333
2023-02-24 23:00:00,980.333333333333,72.2166666666667,270.45
2023-02-25 00:00:00,983.166666666667,84.5166666666667,269.883333333333
2023-02-25 01:00:00,994.666666666667,89.4833333333333,269.766666666667
2023-02-25 02:00:00,1012.5,91.0,269.75
2023-02-25 03:00:00,1019.33333333333,93.5833333333333,269.95
2023-02-25 04:00:00,1041.83333333333,95.8666666666667,269.816666666667
2023-02-25 05:00:00,1064.66666666667,96.6,269.7
2023-02-25 06:00:00,1075.33333333333,97.7333333333333,268.833333333333
2023-02-25 07:00:00,1078.5,96.65,267.333333333333
2023-02-25 08:00:00,1079.33333333333,97.0166666666667,267.55
2023-02-25 09:00:00,1069.66666666667,96.2333333333333,268.366666666667
2023-02-25 10:00:00,1073.5,96.1166666666667,268.683333333333
2023-02-25 11:00:00,1068.33333333333,95.7166666666667,269.466666666667
2023-02-25 12:00:00,1066.5,94.5166666666667,269.716666666667
2023-02-25 13:00:00,1062.5,94.0,269.85
2023-02-25 14:00:00,1067.5,92.1833333333333,269.55
2023-02-25 15:00:00,1065.0,93.4,269.283333333333
2023-02-25 16:00:00,1059.83333333333,94.4,268.35
2023-02-25 17:00:00,1069.0,94.4833333333333,267.6
2023-02-25 18:00:00,1069.5,95.0333333333334,266.733333333333
2023-02-25 19:00:00,1070.83333333333,94.5166666666667,266.033333333333
2023-02-25 20:00:00,1070.16666666667,94.05,265.316666666667
2023-02-25 21:00:00,1067.83333333333,93.35,264.733333333333
2023-02-25 22:00:00,1070.0,92.7333333333333,264.233333333333
2023-02-25 23:00:00,1077.16666666667,91.6,263.45
2023-02-26 00:00:00,1080.16666666667,90.35,262.55
2023-02-26 01:00:00,1087.0,89.4333333333333,261.9
2023-02-26 02:00:00,1104.0,88.65,261.333333333333
2023-02-26 03:00:00,1109.83333333333,88.3166666666667,261.016666666667
2023-02-26 04:00:00,1120.33333333333,88.2833333333333,261.0
2023-02-26 05:00:00,1138.33333333333,87.2166666666667,260.466666666667
2023-02-26 06:00:00,1138.0,85.6166666666667,259.683333333333
2023-02-26 07:00:00,1134.33333333333,83.95,258.733333333333
2023-02-26 08:00:00,1109.16666666667,83.6333333333333,258.616666666667
2023-02-26 09:00:00,1098.5,83.7666666666667,258.866666666667
2023-02-26 10:00:00,1085.66666666667,84.3666666666667,260.0
2023-02-26 11:00:00,1094.0,82.5166666666667,260.366666666667
2023-02-26 12:00:00,1099.83333333333,81.2833333333333,261.266666666667
2023-02-26 13:00:00,1095.83333333333,79.85,261.016666666667
2023-02-26 14:00:00,1090.33333333333,80.05,260.466666666667
2023-02-26 15:00:00,1079.5,80.5833333333333,259.883333333333
2023-02-26 16:00:00,1072.66666666667,80.3833333333333,259.733333333333
2023-02-26 17:00:00,1063.33333333333,80.3666666666667,259.033333333333
2023-02-26 18:00:00,1052.16666666667,81.2666666666667,258.15
2023-02-26 19:00:00,1050.16666666667,81.8,257.816666666667
2023-02-26 20:00:00,1038.66666666667,82.0166666666667,257.816666666667
2023-02-26 21:00:00,1034.33333333333,82.1166666666667,258.0
2023-02-26 22:00:00,1043.0,82.35,258.133333333333
2023-02-26 23:00:00,1047.0,82.65,258.283333333333
2023-02-27 00:00:00,1047.16666666667,82.8,258.433333333333
2023-02-27 01:00:00,1045.66666666667,82.7333333333333,258.333333333333
2023-02-27 02:00:00,1044.66666666667,82.7166666666667,258.183333333333
2023-02-27 03:00:00,1043.16666666667,82.95,258.216666666667
2023-02-27 04:00:00,1045.5,83.2333333333333,258.666666666667
2023-02-27 05:00:00,1046.66666666667,83.7333333333333,259.183333333333
2023-02-27 06:00:00,1045.16666666667,84.8833333333333,259.666666666667
2023-02-27 07:00:00,1045.0,85.7666666666667,260.2
2023-02-27 08:00:00,1044.5,85.8,260.7
2023-02-27 09:00:00,1036.83333333333,85.45,262.0
2023-02-27 10:00:00,1034.0,84.2166666666667,262.566666666667
2023-02-27 11:00:00,1028.16666666667,80.9333333333333,263.566666666667
2023-02-27 12:00:00,1026.5,82.05,263.416666666667
2023-02-27 13:00:00,1023.16666666667,81.8833333333333,264.916666666667
2023-02-27 14:00:00,1014.66666666667,83.8166666666667,266.316666666667
2023-02-27 15:00:00,1004.33333333333,84.35,266.366666666667
2023-02-27 16:00:00,1015.0,87.6833333333333,264.9
2023-02-27 17:00:00,1028.83333333333,88.2833333333334,263.816666666667
2023-02-27 18:00:00,1034.66666666667,89.9166666666667,263.35
2023-02-27 19:00:00,1033.66666666667,90.6833333333333,262.65
2023-02-27 20:00:00,1032.16666666667,89.9333333333333,261.85
2023-02-27 21:00:00,1037.83333333333,91.2166666666667,263.1
2023-02-27 22:00:00,1034.83333333333,91.3666666666667,263.616666666667
2023-02-27 23:00:00,1033.66666666667,90.3,263.616666666667
2023-02-28 00:00:00,1031.5,89.4,263.7
2023-02-28 01:00:00,1029.16666666667,87.95,263.8
2023-02-28 02:00:00,1029.66666666667,87.15,264.0
2023-02-28 03:00:00,1029.33333333333,86.8833333333333,263.916666666667
2023-02-28 04:00:00,1030.5,87.5333333333333,263.666666666667
2023-02-28 05:00:00,1028.66666666667,85.4333333333334,264.05
2023-02-28 06:00:00,1029.33333333333,82.1,264.366666666667
2023-02-28 07:00:00,1028.66666666667,78.7666666666667,264.516666666667
2023-02-28 08:00:00,1026.0,71.8666666666667,265.383333333333
2023-02-28 09:00:00,1019.5,65.65,267.2
2023-02-28 10:00:00,1013.5,61.1666666666667,268.683333333333
2023-02-28 11:00:00,1000.66666666667,56.85,270.75
2023-02-28 12:00:00,992.333333333333,56.3833333333333,271.2
2023-02-28 13:00:00,983.833333333333,57.9333333333333,271.95
2023-02-28 14:00:00,984.666666666667,61.4166666666667,271.8
2023-02-28 15:00:00,973.5,55.8,272.8
2023-02-28 16:00:00,993.0,60.85,271.433333333333
2023-02-28 17:00:00,991.833333333333,58.4333333333333,271.633333333333
2023-02-28 18:00:00,1009.0,66.5333333333334,268.866666666667
2023-02-28 19:00:00,1026.5,72.15,267.083333333333
2023-02-28 20:00:00,1026.83333333333,73.5666666666667,266.716666666667
2023-02-28 21:00:00,1027.5,71.3833333333333,266.333333333333
2023-02-28 22:00:00,1026.66666666667,73.2833333333333,266.1
2023-02-28 23:00:00,1027.0,73.0833333333333,266.133333333333
2023-03-01 00:00:00,1026.5,73.25,265.866666666667
2023-03-01 01:00:00,1024.5,69.9333333333333,266.633333333333
2023-03-01 02:00:00,1024.16666666667,67.2666666666667,266.783333333333
2023-03-01 03:00:00,1024.66666666667,64.95,266.55
2023-03-01 04:00:00,1023.83333333333,59.4166666666667,266.916666666667
2023-03-01 05:00:00,1023.0,54.3666666666667,267.25
2023-03-01 06:00:00,1020.83333333333,50.7,267.283333333333
2023-03-01 07:00:00,1022.66666666667,47.1333333333333,267.583333333333
2023-03-01 08:00:00,1019.5,42.7,268.616666666667
2023-03-01 09:00:00,1007.16666666667,40.25,270.466666666667
2023-03-01 10:00:00,997.0,38.2166666666667,271.666666666667
2023-03-01 11:00:00,993.5,32.4,273.55
2023-03-01 12:00:00,989.166666666667,37.8,274.416666666667
2023-03-01 13:00:00,992.166666666667,44.4166666666667,274.95
2023-03-01 14:00:00,971.833333333333,44.85,275.983333333333
2023-03-01 15:00:00,991.833333333333,50.6,274.033333333333
2023-03-01 16:00:00,1003.0,52.9333333333333,273.0
2023-03-01 17:00:00,1007.33333333333,53.2666666666667,272.166666666667
2023-03-01 18:00:00,1018.16666666667,57.5666666666667,270.583333333333
2023-03-01 19:00:00,1022.66666666667,61.7166666666667,269.8
2023-03-01 20:00:00,1025.5,68.7666666666667,269.366666666667
2023-03-01 21:00:00,1025.5,75.45,269.15
2023-03-01 22:00:00,1026.16666666667,78.5833333333333,268.666666666667
2023-03-01 23:00:00,1025.16666666667,72.2666666666667,269.233333333333
2023-03-02 00:00:00,1024.16666666667,74.4333333333333,268.916666666667
2023-03-02 01:00:00,1022.16666666667,73.3,269.233333333333
2023-03-02 02:00:00,1021.5,68.7,269.35
2023-03-02 03:00:00,1018.66666666667,67.9666666666667,269.333333333333
2023-03-02 04:00:00,1014.16666666667,66.4,269.383333333333
2023-03-02 05:00:00,1012.83333333333,67.8333333333333,269.016666666667
2023-03-02 06:00:00,1010.83333333333,67.9666666666667,268.65
2023-03-02 07:00:00,1011.66666666667,68.9166666666667,268.4
2023-03-02 08:00:00,1011.33333333333,62.4833333333334,269.1
2023-03-02 09:00:00,1005.16666666667,60.3333333333333,269.683333333333
2023-03-02 10:00:00,1000.33333333333,56.2166666666667,270.833333333333
2023-03-02 11:00:00,989.5,51.5333333333333,272.55
2023-03-02 12:00:00,993.0,49.5833333333333,272.933333333333
2023-03-02 13:00:00,1007.5,52.6833333333333,272.416666666667
2023-03-02 14:00:00,1013.83333333333,52.3666666666667,272.45
2023-03-02 15:00:00,1007.33333333333,51.05,272.783333333333
2023-03-02 16:00:00,1001.5,47.8166666666667,274.166666666667
2023-03-02 17:00:00,1004.66666666667,49.6,273.633333333333
2023-03-02 18:00:00,1011.5,56.0666666666667,270.95
2023-03-02 19:00:00,1023.16666666667,57.5666666666667,269.85
2023-03-02 20:00:00,1023.5,60.6166666666667,269.45
2023-03-02 21:00:00,1024.33333333333,64.4666666666667,268.666666666667
2023-03-02 22:00:00,1023.5,69.9333333333333,268.483333333333
2023-03-02 23:00:00,1023.0,72.9833333333333,268.233333333333
2023-03-03 00:00:00,1021.66666666667,75.5166666666667,267.983333333333
2023-03-03 01:00:00,1017.33333333333,79.2,267.6
2023-03-03 02:00:00,1016.0,80.15,267.866666666667
2023-03-03 03:00:00,1014.66666666667,74.9833333333334,267.966666666667
2023-03-03 04:00:00,1011.66666666667,75.2666666666667,267.866666666667
2023-03-03 05:00:00,1011.0,70.7333333333333,268.083333333333
2023-03-03 06:00:00,1010.33333333333,70.2,267.433333333333
2023-03-03 07:00:00,1013.0,76.3333333333333,266.616666666667
2023-03-03 08:00:00,1012.5,74.95,267.45
2023-03-03 09:00:00,1008.5,70.55,268.466666666667
2023-03-03 10:00:00,1004.0,67.6333333333334,270.0
2023-03-03 11:00:00,990.166666666667,63.15,272.466666666667
2023-03-03 12:00:00,985.166666666667,61.2666666666667,273.5
2023-03-03 13:00:00,992.166666666667,65.5833333333333,272.85
2023-03-03 14:00:00,1000.0,70.6833333333333,272.25
2023-03-03 15:00:00,1007.66666666667,73.0166666666667,271.5
2023-03-03 16:00:00,1007.83333333333,77.65,270.7
2023-03-03 17:00:00,1005.5,79.0833333333333,270.216666666667
2023-03-03 18:00:00,1009.66666666667,89.3166666666667,269.25
2023-03-03 19:00:00,1013.83333333333,100.016666666667,268.35
2023-03-03 20:00:00,1014.16666666667,98.0666666666667,268.433333333333
2023-03-03 21:00:00,1014.66666666667,97.6,268.133333333333
2023-03-03 22:00:00,1014.0,89.35,268.05
2023-03-03 23:00:00,1013.33333333333,96.7833333333333,267.45
2023-03-04 00:00:00,1012.66666666667,88.6833333333333,266.916666666667
2023-03-04 01:00:00,1008.16666666667,100.35,266.15
2023-03-04 02:00:00,1006.5,99.4666666666667,266.566666666667
2023-03-04 03:00:00,1004.66666666667,98.75,266.216666666667
2023-03-04 04:00:00,1006.16666666667,96.95,265.333333333333
2023-03-04 05:00:00,1012.0,95.1166666666667,264.8
2023-03-04 06:00:00,1025.83333333333,91.3666666666667,264.566666666667
2023-03-04 07:00:00,1026.33333333333,82.55,265.316666666667
2023-03-04 08:00:00,1019.16666666667,51.6,267.75
2023-03-04 09:00:00,985.333333333333,45.2166666666667,271.55
2023-03-04 10:00:00,961.5,60.15,272.533333333333
2023-03-04 11:00:00,981.166666666667,59.1666666666667,272.2
2023-03-04 12:00:00,982.666666666667,54.8,273.05
2023-03-04 13:00:00,984.666666666667,59.3666666666667,273.516666666667
2023-03-04 14:00:00,993.0,61.6333333333333,273.3
2023-03-04 15:00:00,991.333333333333,53.6333333333333,272.583333333333
2023-03-04 16:00:00,995.333333333333,61.5166666666667,271.033333333333
2023-03-04 17:00:00,993.666666666667,59.35,271.183333333333
2023-03-04 18:00:00,995.833333333333,62.4833333333334,269.083333333333
2023-03-04 19:00:00,1001.5,62.6166666666667,267.983333333333
2023-03-04 20:00:00,999.0,59.2666666666667,267.566666666667
2023-03-04 21:00:00,1000.33333333333,58.75,266.933333333333
2023-03-04 22:00:00,995.666666666667,54.1,266.65
2023-03-04 23:00:00,998.833333333333,43.9,266.783333333333
2023-03-05 00:00:00,1000.5,28.8666666666667,267.116666666667
2023-03-05 01:00:00,993.666666666667,22.5833333333333,267.2
2023-03-05 02:00:00,994.0,23.9,266.95
2023-03-05 03:00:00,993.333333333333,28.6,267.15
2023-03-05 04:00:00,994.666666666667,32.05,267.233333333333
2023-03-05 05:00:00,996.333333333333,36.8,267.183333333333
2023-03-05 06:00:00,996.833333333333,35.2833333333333,267.2
2023-03-05 07:00:00,1001.5,30.2,267.4
2023-03-05 08:00:00,1001.83333333333,29.9,267.916666666667
2023-03-05 09:00:00,995.833333333333,32.4833333333333,269.4
2023-03-05 10:00:00,994.5,34.4333333333333,270.9
2023-03-05 11:00:00,995.333333333333,34.8666666666667,272.183333333333
2023-03-05 12:00:00,996.166666666667,33.1833333333333,272.333333333333
2023-03-05 13:00:00,997.0,33.4,272.516666666667
2023-03-05 14:00:00,999.0,30.8166666666667,272.05
2023-03-05 15:00:00,993.166666666667,39.0166666666667,272.683333333333
2023-03-05 16:00:00,998.0,39.0,271.75
2023-03-05 17:00:00,998.5,36.3166666666667,270.966666666667
2023-03-05 18:00:00,1006.5,37.9333333333333,268.85
2023-03-05 19:00:00,1010.66666666667,37.2166666666667,267.983333333333
2023-03-05 20:00:00,1011.16666666667,31.3,267.783333333333
2023-03-05 21:00:00,1010.0,30.9166666666667,267.9
2023-03-05 22:00:00,1008.16666666667,28.5,267.883333333333
2023-03-05 23:00:00,1007.0,28.85,268.05
2023-03-06 00:00:00,1005.83333333333,34.5833333333333,267.7
2023-03-06 01:00:00,1007.5,40.4166666666667,267.55
2023-03-06 02:00:00,1009.33333333333,43.2,267.616666666667
2023-03-06 03:00:00,1009.0,44.5666666666667,267.483333333333
2023-03-06 04:00:00,1009.0,44.2833333333333,267.466666666667
2023-03-06 05:00:00,1009.16666666667,44.2833333333333,267.5
2023-03-06 06:00:00,1007.16666666667,43.7833333333333,267.533333333333
2023-03-06 07:00:00,1006.66666666667,44.7166666666667,267.45
2023-03-06 08:00:00,1004.5,47.9166666666667,267.466666666667
2023-03-06 09:00:00,1002.5,51.5666666666667,267.666666666667
2023-03-06 10:00:00,999.666666666667,54.75,268.166666666667
2023-03-06 11:00:00,991.333333333333,57.4833333333333,268.9
2023-03-06 12:00:00,990.166666666667,55.0,271.016666666667
2023-03-06 13:00:00,985.333333333334,54.1,271.783333333333
2023-03-06 14:00:00,979.166666666667,54.45,272.016666666667
2023-03-06 15:00:00,979.0,57.45,271.65
2023-03-06 16:00:00,974.333333333333,60.9,271.783333333333
2023-03-06 17:00:00,977.5,69.0666666666667,269.55
2023-03-06 18:00:00,995.666666666667,75.7833333333334,267.7
2023-03-06 19:00:00,1005.33333333333,81.6833333333334,266.916666666667
2023-03-06 20:00:00,1004.5,77.35,267.0
2023-03-06 21:00:00,1006.33333333333,81.0833333333333,266.616666666667
2023-03-06 22:00:00,1008.33333333333,82.7666666666667,266.283333333333
2023-03-06 23:00:00,1011.66666666667,82.9833333333333,265.933333333333
2023-03-07 00:00:00,1012.16666666667,81.5833333333333,266.183333333333
2023-03-07 01:00:00,1010.33333333333,75.0,266.5
2023-03-07 02:00:00,1010.5,65.2166666666667,266.9
2023-03-07 03:00:00,1009.5,62.7166666666667,266.883333333333
2023-03-07 04:00:00,1009.83333333333,58.1833333333333,266.85
2023-03-07 05:00:00,1009.16666666667,57.7,266.583333333333
2023-03-07 06:00:00,1007.0,54.7166666666667,266.55
2023-03-07 07:00:00,1007.83333333333,49.5333333333333,266.933333333333
2023-03-07 08:00:00,1007.66666666667,43.55,268.233333333333
2023-03-07 09:00:00,1004.33333333333,39.25,270.583333333333
2023-03-07 10:00:00,1000.33333333333,37.7833333333333,271.75
2023-03-07 11:00:00,999.0,38.0333333333333,272.9
2023-03-07 12:00:00,999.666666666667,34.0,273.383333333333
2023-03-07 13:00:00,998.666666666667,29.1,273.816666666667
2023-03-07 14:00:00,995.0,27.2,274.2
2023-03-07 15:00:00,997.166666666667,31.1833333333333,273.316666666667
2023-03-07 16:00:00,1002.66666666667,41.4333333333333,271.983333333333
2023-03-07 17:00:00,1005.33333333333,47.6,271.266666666667
2023-03-07 18:00:00,1009.16666666667,51.1166666666667,270.266666666667
2023-03-07 19:00:00,1011.16666666667,62.0166666666667,269.116666666667
2023-03-07 20:00:00,1011.66666666667,62.6666666666667,268.783333333333
2023-03-07 21:00:00,1011.33333333333,61.75,268.816666666667
2023-03-07 22:00:00,1012.0,65.7666666666667,268.55
2023-03-07 23:00:00,1012.0,72.4333333333333,268.216666666667
2023-03-08 00:00:00,1012.0,80.4,267.766666666667
2023-03-08 01:00:00,1012.0,79.2666666666667,267.75
2023-03-08 02:00:00,1010.83333333333,75.2166666666667,267.65
2023-03-08 03:00:00,1010.16666666667,68.3333333333333,267.6
2023-03-08 04:00:00,1010.66666666667,62.1833333333333,267.633333333333
2023-03-08 05:00:00,1007.66666666667,56.9333333333333,267.783333333333
2023-03-08 06:00:00,1006.0,50.8833333333333,268.616666666667
2023-03-08 07:00:00,1007.83333333333,46.9333333333333,269.683333333333
2023-03-08 08:00:00,1007.5,46.8,270.416666666667
2023-03-08 09:00:00,1006.16666666667,53.25,270.516666666667
2023-03-08 10:00:00,1006.16666666667,60.65,270.8
2023-03-08 11:00:00,1003.0,74.9166666666667,271.1
2023-03-08 12:00:00,1003.5,81.0,272.35
2023-03-08 13:00:00,1002.33333333333,82.9,272.6
2023-03-08 14:00:00,1008.5,89.95,272.166666666667
2023-03-08 15:00:00,1013.5,78.7166666666667,273.55
2023-03-08 16:00:00,1012.5,64.15,274.7
2023-03-08 17:00:00,1015.33333333333,57.9666666666667,274.15
2023-03-08 18:00:00,1012.5,57.5833333333333,273.6
2023-03-08 19:00:00,1012.5,70.7166666666667,272.566666666667
2023-03-08 20:00:00,1014.66666666667,78.0166666666667,272.016666666667
2023-03-08 21:00:00,1008.66666666667,83.4666666666667,272.15
2023-03-08 22:00:00,1009.66666666667,81.65,272.2
2023-03-08 23:00:00,1015.33333333333,80.3333333333333,272.483333333333
2023-03-09 00:00:00,1014.83333333333,76.5833333333333,272.8
2023-03-09 01:00:00,1007.33333333333,95.3833333333333,271.783333333333
2023-03-09 02:00:00,1020.66666666667,100.783333333333,271.633333333333
2023-03-09 03:00:00,1065.83333333333,96.6333333333333,272.016666666667
2023-03-09 04:00:00,1052.16666666667,84.9833333333333,272.266666666667
2023-03-09 05:00:00,1041.66666666667,72.6166666666667,272.483333333333
2023-03-09 06:00:00,1036.83333333333,70.0,272.366666666667
2023-03-09 07:00:00,1027.66666666667,65.0833333333333,272.6
2023-03-09 08:00:00,1014.66666666667,83.65,271.533333333333
2023-03-09 09:00:00,1026.66666666667,99.1666666666667,270.966666666667
2023-03-09 10:00:00,1066.5,100.65,272.016666666667
2023-03-09 11:00:00,1064.5,100.4,272.966666666667
2023-03-09 12:00:00,1056.5,95.3333333333333,274.5
2023-03-09 13:00:00,1063.0,90.0333333333333,274.316666666667
2023-03-09 14:00:00,1056.16666666667,73.2666666666667,274.35
2023-03-09 15:00:00,1055.16666666667,70.7,274.633333333333
2023-03-09 16:00:00,1041.83333333333,63.7166666666667,275.066666666667
2023-03-09 17:00:00,1040.33333333333,61.3,274.733333333333
2023-03-09 18:00:00,1051.66666666667,56.8,273.116666666667
2023-03-09 19:00:00,1054.16666666667,55.8833333333333,272.433333333333
2023-03-09 20:00:00,1053.5,54.3833333333333,272.1
2023-03-09 21:00:00,1050.83333333333,53.0833333333333,272.25
2023-03-09 22:00:00,1050.66666666667,51.3,272.133333333333
2023-03-09 23:00:00,1051.16666666667,48.3833333333333,272.35
2023-03-10 00:00:00,1051.16666666667,49.2333333333334,272.5
2023-03-10 01:00:00,1053.5,50.7666666666667,271.983333333333
2023-03-10 02:00:00,1055.0,52.8166666666667,272.3
2023-03-10 03:00:00,1052.83333333333,52.1166666666667,272.683333333333
2023-03-10 04:00:00,1052.16666666667,53.6,272.2
2023-03-10 05:00:00,1053.0,52.4833333333334,272.216666666667
2023-03-10 06:00:00,1053.0,61.3833333333333,271.683333333333
2023-03-10 07:00:00,1054.66666666667,76.2,270.35
2023-03-10 08:00:00,1053.0,80.0666666666667,270.216666666667
2023-03-10 09:00:00,1038.66666666667,73.45,273.083333333333
2023-03-10 10:00:00,1042.33333333333,68.1666666666667,273.766666666667
2023-03-10 11:00:00,1036.0,60.9833333333333,274.383333333333
2023-03-10 12:00:00,1043.0,71.8333333333333,272.566666666667
2023-03-10 13:00:00,1038.16666666667,71.0333333333334,273.283333333333
2023-03-10 14:00:00,1044.0,74.8666666666667,272.7
2023-03-10 15:00:00,1047.33333333333,93.5833333333333,271.116666666667
2023-03-10 16:00:00,1070.0,98.1333333333333,270.666666666667
2023-03-10 17:00:00,1087.0,100.066666666667,270.433333333333
2023-03-10 18:00:00,1095.66666666667,99.3333333333333,269.366666666667
2023-03-10 19:00:00,1100.66666666667,98.8833333333334,268.233333333333
2023-03-10 20:00:00,1104.33333333333,98.5166666666667,267.716666666667
2023-03-10 21:00:00,1112.33333333333,98.7833333333334,267.583333333333
2023-03-10 22:00:00,1148.5,98.9666666666667,267.6
2023-03-10 23:00:00,1175.5,98.8666666666667,267.683333333333
2023-03-11 00:00:00,1192.66666666667,98.1166666666667,267.15
2023-03-11 01:00:00,1223.5,97.7333333333333,266.866666666667
2023-03-11 02:00:00,1238.0,97.2666666666667,266.65
2023-03-11 03:00:00,1247.5,96.3833333333333,266.233333333333
2023-03-11 04:00:00,1241.33333333333,95.9,265.783333333333
2023-03-11 05:00:00,1262.0,95.7166666666667,265.733333333333
2023-03-11 06:00:00,1268.0,95.3333333333333,265.433333333333
2023-03-11 07:00:00,1314.16666666667,95.1833333333333,265.35
2023-03-11 08:00:00,1296.83333333333,95.25,265.716666666667
2023-03-11 09:00:00,1314.16666666667,95.2166666666667,266.183333333333
2023-03-11 10:00:00,1376.5,95.45,267.166666666667
2023-03-11 11:00:00,1374.16666666667,97.1,268.25
2023-03-11 12:00:00,1365.16666666667,97.5,269.1
2023-03-11 13:00:00,1356.16666666667,98.5833333333333,269.833333333333
2023-03-11 14:00:00,1338.16666666667,99.9166666666667,270.583333333333
2023-03-11 15:00:00,1363.5,97.9166666666667,269.4
2023-03-11 16:00:00,1365.0,99.8333333333333,269.95
2023-03-11 17:00:00,1368.66666666667,99.95,269.15
2023-03-11 18:00:00,1374.16666666667,100.25,268.583333333333
2023-03-11 19:00:00,1371.16666666667,100.216666666667,268.233333333333
2023-03-11 20:00:00,1380.0,100.05,268.016666666667
2023-03-11 21:00:00,1410.66666666667,99.7666666666667,267.883333333333
2023-03-11 22:00:00,1440.83333333333,99.6666666666667,267.866666666667
2023-03-11 23:00:00,1432.5,99.9,267.95
2023-03-12 00:00:00,1473.0,100.133333333333,268.016666666667
2023-03-12 01:00:00,1478.66666666667,100.383333333333,268.4
2023-03-12 02:00:00,1470.5,100.4,268.65
2023-03-12 03:00:00,1478.83333333333,100.4,268.616666666667
2023-03-12 04:00:00,1487.83333333333,100.4,268.55
2023-03-12 05:00:00,1492.33333333333,100.4,268.716666666667
2023-03-12 06:00:00,1484.0,100.5,269.116666666667
2023-03-12 07:00:00,1488.5,100.5,269.333333333333
2023-03-12 08:00:00,1484.5,100.516666666667,269.633333333333
2023-03-12 09:00:00,1473.83333333333,100.533333333333,270.116666666667
2023-03-12 10:00:00,1463.5,100.6,271.083333333333
2023-03-12 11:00:00,1472.83333333333,100.533333333333,270.65
2023-03-12 12:00:00,1468.16666666667,100.483333333333,271.95
2023-03-12 13:00:00,1457.83333333333,99.7833333333334,272.983333333333
2023-03-12 14:00:00,1466.0,100.6,272.2
2023-03-12 15:00:00,1470.16666666667,100.583333333333,272.55
2023-03-12 16:00:00,1458.66666666667,99.7833333333334,272.966666666667
2023-03-12 17:00:00,1468.66666666667,100.266666666667,271.25
2023-03-12 18:00:00,1471.83333333333,94.7,270.1
2023-03-12 19:00:00,1466.33333333333,72.3,270.25
2023-03-12 20:00:00,1460.33333333333,53.05,271.383333333333
2023-03-12 21:00:00,1451.33333333333,35.65,272.266666666667
2023-03-12 22:00:00,1446.33333333333,26.1833333333333,272.85
2023-03-12 23:00:00,1443.33333333333,23.1333333333333,273.266666666667
2023-03-13 00:00:00,1439.16666666667,20.6,273.383333333333
2023-03-13 01:00:00,1435.83333333333,16.8333333333333,273.683333333333
2023-03-13 02:00:00,1431.0,15.7666666666667,274.0
2023-03-13 03:00:00,1427.33333333333,16.8333333333333,274.666666666667
2023-03-13 04:00:00,1424.16666666667,20.3166666666667,275.116666666667
2023-03-13 05:00:00,1420.83333333333,22.7833333333333,275.383333333333
2023-03-13 06:00:00,1417.0,26.4166666666667,275.616666666667
2023-03-13 07:00:00,1413.5,34.75,275.783333333333
2023-03-13 08:00:00,1405.83333333333,57.4666666666667,275.316666666667
2023-03-13 09:00:00,1406.33333333333,69.0,273.966666666667
2023-03-13 10:00:00,1402.66666666667,71.1666666666667,275.483333333333
2023-03-13 11:00:00,1397.66666666667,61.0666666666667,278.166666666667
2023-03-13 12:00:00,1388.66666666667,55.8,280.733333333333
2023-03-13 13:00:00,1366.5,53.55,282.066666666667
2023-03-13 14:00:00,1356.5,54.4333333333333,280.95
2023-03-13 15:00:00,1361.66666666667,43.3166666666667,282.05
2023-03-13 16:00:00,1341.33333333333,40.35,282.366666666667
2023-03-13 17:00:00,1350.66666666667,39.5666666666667,280.85
2023-03-13 18:00:00,1351.83333333333,45.3166666666667,278.483333333333
2023-03-13 19:00:00,1357.16666666667,46.5333333333333,277.4
2023-03-13 20:00:00,1353.5,49.6166666666667,276.766666666667
2023-03-13 21:00:00,1354.0,53.2333333333333,276.133333333333
2023-03-13 22:00:00,1351.83333333333,58.0833333333333,275.983333333333
2023-03-13 23:00:00,1350.16666666667,61.25,275.7
2023-03-14 00:00:00,1348.16666666667,68.65,275.316666666667
2023-03-14 01:00:00,1346.66666666667,73.0333333333333,275.216666666667
2023-03-14 02:00:00,1344.5,83.75,274.55
2023-03-14 03:00:00,1349.83333333333,97.3166666666667,273.35
2023-03-14 04:00:00,1330.0,100.866666666667,272.566666666667
2023-03-14 05:00:00,1403.0,101.116666666667,272.083333333333
2023-03-14 06:00:00,1476.0,101.2,271.883333333333
2023-03-14 07:00:00,1491.16666666667,101.2,271.766666666667
2023-03-14 08:00:00,1498.0,101.2,271.666666666667
2023-03-14 09:00:00,1504.16666666667,101.2,271.9
2023-03-14 10:00:00,1499.66666666667,101.0,273.1
2023-03-14 11:00:00,1486.16666666667,100.85,274.066666666667
2023-03-14 12:00:00,1480.0,100.033333333333,273.466666666667
2023-03-14 13:00:00,1470.66666666667,94.95,273.783333333333
2023-03-14 14:00:00,1466.66666666667,97.8666666666667,272.666666666667
2023-03-14 15:00:00,1480.0,99.1,271.866666666667
2023-03-14 16:00:00,1513.16666666667,99.3833333333333,270.516666666667
2023-03-14 17:00:00,1520.33333333333,97.0,268.75
2023-03-14 18:00:00,1515.0,96.05,267.3
2023-03-14 19:00:00,1503.16666666667,95.8333333333333,266.65
2023-03-14 20:00:00,1503.66666666667,92.5666666666667,266.616666666667
2023-03-14 21:00:00,1502.33333333333,93.8,266.666666666667
2023-03-14 22:00:00,1505.0,94.7166666666667,266.533333333333
2023-03-14 23:00:00,1497.0,93.4833333333333,265.65
2023-03-15 00:00:00,1482.0,94.2166666666667,265.316666666667
2023-03-15 01:00:00,1483.5,94.1,265.0
2023-03-15 02:00:00,1488.83333333333,90.6166666666667,264.95
2023-03-15 03:00:00,1487.83333333333,90.65,264.883333333333
2023-03-15 04:00:00,1510.83333333333,92.7,264.1
2023-03-15 05:00:00,1540.83333333333,91.5333333333333,262.966666666667
2023-03-15 06:00:00,1552.5,90.9,262.566666666667
2023-03-15 07:00:00,1570.0,90.35,262.166666666667
2023-03-15 08:00:00,1582.33333333333,89.4,262.016666666667
2023-03-15 09:00:00,1587.66666666667,86.2,264.116666666667
2023-03-15 10:00:00,1566.16666666667,84.05,263.666666666667
2023-03-15 11:00:00,1546.5,82.0833333333333,264.633333333333
2023-03-15 12:00:00,1536.16666666667,81.6833333333333,265.95
2023-03-15 13:00:00,1531.16666666667,79.6666666666667,266.533333333333
2023-03-15 14:00:00,1536.33333333333,80.0333333333334,266.833333333333
2023-03-15 15:00:00,1527.83333333333,80.8833333333334,265.283333333333
2023-03-15 16:00:00,1528.83333333333,83.3166666666667,264.366666666667
2023-03-15 17:00:00,1532.66666666667,86.8166666666667,263.716666666667
2023-03-15 18:00:00,1529.66666666667,87.7166666666667,263.266666666667
2023-03-15 19:00:00,1525.83333333333,88.2666666666667,262.766666666667
2023-03-15 20:00:00,1529.33333333333,88.9333333333333,262.75
2023-03-15 21:00:00,1525.33333333333,89.75,262.85
2023-03-15 22:00:00,1522.66666666667,89.9666666666667,262.766666666667
2023-03-15 23:00:00,1519.0,89.25,262.833333333333
2023-03-16 00:00:00,1515.66666666667,86.4833333333334,262.45
2023-03-16 01:00:00,1511.16666666667,82.5,262.6
2023-03-16 02:00:00,1509.0,70.85,263.216666666667
2023-03-16 03:00:00,1505.66666666667,56.1333333333333,263.783333333333
2023-03-16 04:00:00,1504.0,33.8833333333333,265.35
2023-03-16 05:00:00,1501.83333333333,24.5833333333333,266.45
2023-03-16 06:00:00,1503.16666666667,18.5,266.916666666667
2023-03-16 07:00:00,1500.66666666667,13.2333333333333,267.583333333333
2023-03-16 08:00:00,1490.5,11.5333333333333,269.483333333333
2023-03-16 09:00:00,1480.33333333333,11.65,271.433333333333
2023-03-16 10:00:00,1479.0,12.1666666666667,272.716666666667
2023-03-16 11:00:00,1475.33333333333,19.9166666666667,274.533333333333
2023-03-16 12:00:00,1471.83333333333,19.1833333333333,274.916666666667
2023-03-16 13:00:00,1461.0,15.8666666666667,275.466666666667
2023-03-16 14:00:00,1452.33333333333,22.3333333333333,276.4
2023-03-16 15:00:00,1447.33333333333,30.7166666666667,276.8
2023-03-16 16:00:00,1450.16666666667,34.5333333333333,276.483333333333
2023-03-16 17:00:00,1445.83333333333,38.25,275.983333333333
2023-03-16 18:00:00,1455.83333333333,44.75,273.7
2023-03-16 19:00:00,1458.16666666667,47.2833333333333,273.366666666667
2023-03-16 20:00:00,1451.66666666667,48.7833333333333,273.25
2023-03-16 21:00:00,1451.33333333333,49.9833333333334,273.4
2023-03-16 22:00:00,1450.16666666667,48.3833333333333,273.7
2023-03-16 23:00:00,1451.33333333333,43.8,274.15
2023-03-17 00:00:00,1449.5,32.85,274.733333333333
2023-03-17 01:00:00,1447.33333333333,18.3833333333333,275.783333333333
2023-03-17 02:00:00,1443.83333333333,10.4166666666667,276.8
2023-03-17 03:00:00,1443.0,10.4666666666667,276.85
2023-03-17 04:00:00,1440.0,10.2666666666667,277.016666666667
2023-03-17 05:00:00,1439.66666666667,13.1833333333333,277.366666666667
2023-03-17 06:00:00,1438.0,15.7166666666667,277.633333333333
2023-03-17 07:00:00,1436.5,16.6,277.783333333333
2023-03-17 08:00:00,1431.66666666667,17.0666666666667,279.083333333333
2023-03-17 09:00:00,1412.33333333333,15.9666666666667,282.2
2023-03-17 10:00:00,1390.83333333333,15.6666666666667,284.65
2023-03-17 11:00:00,1353.33333333333,15.7666666666667,288.066666666667
2023-03-17 12:00:00,1348.83333333333,15.8333333333333,288.533333333333
2023-03-17 13:00:00,1349.66666666667,24.2,286.533333333333
2023-03-17 14:00:00,1362.83333333333,27.5833333333333,284.35
2023-03-17 15:00:00,1365.83333333333,28.6666666666667,283.416666666667
2023-03-17 16:00:00,1353.16666666667,30.25,283.266666666667
2023-03-17 17:00:00,1358.16666666667,33.75,281.05
2023-03-17 18:00:00,1366.0,31.15,280.433333333333
2023-03-17 19:00:00,1379.66666666667,34.85,279.083333333333
2023-03-17 20:00:00,1379.0,34.85,278.55
2023-03-17 21:00:00,1379.16666666667,35.5166666666667,277.866666666667
2023-03-17 22:00:00,1379.5,34.4666666666667,277.85
2023-03-17 23:00:00,1377.0,37.2333333333333,277.233333333333
2023-03-18 00:00:00,1378.66666666667,38.85,276.7
2023-03-18 01:00:00,1378.16666666667,40.3333333333333,276.483333333333
2023-03-18 02:00:00,1379.83333333333,41.5666666666667,276.016666666667
2023-03-18 03:00:00,1377.0,44.0,275.7
2023-03-18 04:00:00,1378.33333333333,47.4166666666667,274.916666666667
2023-03-18 05:00:00,1376.33333333333,49.4333333333333,274.316666666667
2023-03-18 06:00:00,1375.66666666667,54.6166666666667,273.733333333333
2023-03-18 07:00:00,1374.66666666667,55.8666666666667,273.683333333333
2023-03-18 08:00:00,1370.5,56.5166666666667,273.833333333333
2023-03-18 09:00:00,1359.66666666667,52.6,275.766666666667
2023-03-18 10:00:00,1336.16666666667,50.1833333333333,278.133333333333
2023-03-18 11:00:00,1331.0,52.5833333333334,278.783333333333
2023-03-18 12:00:00,1335.5,50.9,278.95
2023-03-18 13:00:00,1335.16666666667,46.3333333333333,280.466666666667
2023-03-18 14:00:00,1326.16666666667,45.4833333333334,280.983333333333
2023-03-18 15:00:00,1328.83333333333,46.7333333333334,281.016666666667
2023-03-18 16:00:00,1321.33333333333,46.4666666666667,280.533333333333
2023-03-18 17:00:00,1324.33333333333,47.9166666666667,279.866666666667
2023-03-18 18:00:00,1343.33333333333,50.1333333333333,277.25
2023-03-18 19:00:00,1346.66666666667,55.0666666666667,276.316666666667
2023-03-18 20:00:00,1347.66666666667,57.8166666666667,275.716666666667
2023-03-18 21:00:00,1346.83333333333,60.9166666666667,275.166666666667
2023-03-18 22:00:00,1348.83333333333,62.3,274.716666666667
2023-03-18 23:00:00,1346.83333333333,61.5166666666667,274.683333333333
2023-03-19 00:00:00,1345.5,61.7,274.333333333333
2023-03-19 01:00:00,1343.16666666667,61.4,274.05
2023-03-19 02:00:00,1343.66666666667,59.7833333333333,273.833333333333
2023-03-19 03:00:00,1342.16666666667,60.2333333333333,273.666666666667
2023-03-19 04:00:00,1340.16666666667,59.3166666666667,273.45
2023-03-19 05:00:00,1340.33333333333,61.4166666666667,273.183333333333
2023-03-19 06:00:00,1340.16666666667,69.3,272.7
2023-03-19 07:00:00,1340.66666666667,69.1666666666667,272.483333333333
2023-03-19 08:00:00,1329.5,68.3166666666667,273.55
2023-03-19 09:00:00,1319.16666666667,82.5166666666667,273.933333333333
2023-03-19 10:00:00,1319.66666666667,79.1666666666667,275.133333333333
2023-03-19 11:00:00,1311.16666666667,73.65,276.183333333333
2023-03-19 12:00:00,1317.83333333333,66.7,275.933333333333
2023-03-19 13:00:00,1312.33333333333,61.7333333333334,277.383333333333
2023-03-19 14:00:00,1312.0,59.2666666666667,277.1
2023-03-19 15:00:00,1310.66666666667,69.6333333333334,275.616666666667
2023-03-19 16:00:00,1304.66666666667,72.7,274.866666666667
2023-03-19 17:00:00,1305.33333333333,94.0833333333333,273.2
2023-03-19 18:00:00,1310.33333333333,100.866666666667,272.6
2023-03-19 19:00:00,1322.66666666667,100.366666666667,272.2
2023-03-19 20:00:00,1327.5,95.25,272.083333333333
2023-03-19 21:00:00,1345.83333333333,100.6,271.816666666667
2023-03-19 22:00:00,1346.33333333333,100.483333333333,271.55
2023-03-19 23:00:00,1343.0,97.8833333333333,270.866666666667
2023-03-20 00:00:00,1321.66666666667,97.9333333333333,270.4
2023-03-20 01:00:00,1311.83333333333,96.1666666666667,269.95
2023-03-20 02:00:00,1316.0,91.6833333333333,269.8
2023-03-20 03:00:00,1323.5,87.8333333333333,269.816666666667
2023-03-20 04:00:00,1324.0,90.5,269.966666666667
2023-03-20 05:00:00,1322.0,85.5,270.033333333333
2023-03-20 06:00:00,1322.0,80.7833333333334,270.05
2023-03-20 07:00:00,1320.0,80.3333333333333,269.966666666667
2023-03-20 08:00:00,1316.83333333333,78.8666666666667,270.55
2023-03-20 09:00:00,1300.66666666667,73.2833333333333,272.9
2023-03-20 10:00:00,1285.66666666667,84.3666666666667,274.483333333333
2023-03-20 11:00:00,1279.0,71.4833333333333,275.783333333333
2023-03-20 12:00:00,1264.66666666667,68.9666666666667,276.066666666667
2023-03-20 13:00:00,1267.16666666667,70.3333333333333,276.966666666667
2023-03-20 14:00:00,1271.5,69.5,276.016666666667
2023-03-20 15:00:00,1264.0,70.5,275.15
2023-03-20 16:00:00,1257.83333333333,68.75,274.55
2023-03-20 17:00:00,1257.66666666667,77.7666666666667,273.983333333333
2023-03-20 18:00:00,1252.16666666667,75.0333333333333,273.116666666667
2023-03-20 19:00:00,1249.5,74.6333333333334,272.266666666667
2023-03-20 20:00:00,1245.0,72.8833333333333,272.2
2023-03-20 21:00:00,1244.83333333333,70.4333333333333,272.1
2023-03-20 22:00:00,1249.0,65.9,271.9
2023-03-20 23:00:00,1257.5,59.5166666666667,271.95
2023-03-21 00:00:00,1253.5,53.3833333333333,272.183333333333
2023-03-21 01:00:00,1254.33333333333,41.4166666666667,272.666666666667
2023-03-21 02:00:00,1250.5,37.6166666666667,272.666666666667
2023-03-21 03:00:00,1255.33333333333,31.3333333333333,272.466666666667
2023-03-21 04:00:00,1253.5,25.8666666666667,272.9
2023-03-21 05:00:00,1246.0,26.9166666666667,272.916666666667
2023-03-21 06:00:00,1247.33333333333,27.0833333333333,272.866666666667
2023-03-21 07:00:00,1245.5,24.8333333333333,273.1
2023-03-21 08:00:00,1246.16666666667,25.85,274.166666666667
2023-03-21 09:00:00,1240.33333333333,29.7166666666667,275.816666666667
2023-03-21 10:00:00,1233.5,31.0666666666667,278.216666666667
2023-03-21 11:00:00,1232.16666666667,39.05,278.2
2023-03-21 12:00:00,1231.83333333333,50.0833333333333,279.55
2023-03-21 13:00:00,1239.16666666667,54.05,279.05
2023-03-21 14:00:00,1217.33333333333,56.6,279.15
2023-03-21 15:00:00,1237.5,57.9666666666667,278.25
2023-03-21 16:00:00,1231.0,55.9833333333333,278.383333333333
2023-03-21 17:00:00,1233.5,56.0166666666667,277.666666666667
2023-03-21 18:00:00,1243.33333333333,58.2333333333333,276.15
2023-03-21 19:00:00,1244.83333333333,59.6833333333333,275.366666666667
2023-03-21 20:00:00,1244.5,59.1,274.916666666667
2023-03-21 21:00:00,1242.66666666667,53.9666666666667,274.55
2023-03-21 22:00:00,1236.33333333333,47.5666666666667,274.033333333333
2023-03-21 23:00:00,1231.66666666667,35.3833333333333,273.783333333333
2023-03-22 00:00:00,1232.33333333333,33.2333333333333,273.95
2023-03-22 01:00:00,1231.0,35.9666666666667,274.166666666667
2023-03-22 02:00:00,1231.33333333333,35.7166666666667,274.366666666667
2023-03-22 03:00:00,1232.0,40.35,273.716666666667
2023-03-22 04:00:00,1229.33333333333,38.6666666666667,274.016666666667
2023-03-22 05:00:00,1228.16666666667,46.6666666666667,274.683333333333
2023-03-22 06:00:00,1230.66666666667,43.75,274.383333333333
2023-03-22 07:00:00,1232.66666666667,47.7833333333333,274.566666666667
2023-03-22 08:00:00,1213.16666666667,41.7333333333333,277.316666666667
2023-03-22 09:00:00,1189.33333333333,40.05,279.45
2023-03-22 10:00:00,1189.33333333333,47.2166666666667,279.366666666667
2023-03-22 11:00:00,1191.0,45.05,279.983333333333
2023-03-22 12:00:00,1199.16666666667,43.6333333333333,280.366666666667
2023-03-22 13:00:00,1209.0,39.4666666666667,280.65
2023-03-22 14:00:00,1206.33333333333,39.5833333333333,281.25
2023-03-22 15:00:00,1204.33333333333,40.6333333333333,281.133333333333
2023-03-22 16:00:00,1202.5,41.0,280.883333333333
2023-03-22 17:00:00,1202.33333333333,43.7333333333333,279.65
2023-03-22 18:00:00,1205.5,48.4166666666667,278.333333333333
2023-03-22 19:00:00,1214.16666666667,49.8666666666667,277.283333333333
2023-03-22 20:00:00,1215.5,52.85,276.866666666667
2023-03-22 21:00:00,1211.66666666667,57.1666666666667,276.116666666667
2023-03-22 22:00:00,1211.66666666667,56.2833333333333,275.683333333333
2023-03-22 23:00:00,1211.0,55.4666666666667,275.433333333333
2023-03-23 00:00:00,1214.16666666667,53.25,275.483333333333
2023-03-23 01:00:00,1215.5,54.2166666666667,275.45
2023-03-23 02:00:00,1212.16666666667,54.8166666666667,275.133333333333
2023-03-23 03:00:00,1210.83333333333,57.1166666666667,274.733333333333
2023-03-23 04:00:00,1209.33333333333,56.4833333333333,274.766666666667
2023-03-23 05:00:00,1209.33333333333,56.05,274.633333333333
2023-03-23 06:00:00,1209.66666666667,55.5166666666667,274.716666666667
2023-03-23 07:00:00,1208.83333333333,53.4,274.866666666667
2023-03-23 08:00:00,1206.33333333333,54.95,275.266666666667
2023-03-23 09:00:00,1204.5,56.5833333333333,276.116666666667
2023-03-23 10:00:00,1201.33333333333,59.0333333333333,277.116666666667
2023-03-23 11:00:00,1190.66666666667,54.1666666666667,278.95
2023-03-23 12:00:00,1181.33333333333,54.8666666666667,279.3
2023-03-23 13:00:00,1179.66666666667,54.8,279.583333333333
2023-03-23 14:00:00,1174.66666666667,53.1666666666667,280.5
2023-03-23 15:00:00,1159.66666666667,50.3666666666667,281.65
2023-03-23 16:00:00,1161.0,52.15,281.35
2023-03-23 17:00:00,1171.5,56.15,279.8
2023-03-23 18:00:00,1171.16666666667,60.8833333333333,278.666666666667
2023-03-23 19:00:00,1176.83333333333,63.9833333333333,277.95
2023-03-23 20:00:00,1173.16666666667,68.4666666666667,277.55
2023-03-23 21:00:00,1165.0,69.3,277.45
2023-03-23 22:00:00,1158.0,68.4166666666667,277.35
2023-03-23 23:00:00,1157.5,67.2666666666667,277.366666666667
2023-03-24 00:00:00,1156.33333333333,67.8666666666667,277.15
2023-03-24 01:00:00,1158.0,69.0833333333333,276.8
2023-03-24 02:00:00,1158.5,68.0833333333333,276.733333333333
2023-03-24 03:00:00,1156.16666666667,67.1,276.75
2023-03-24 04:00:00,1154.16666666667,70.3,276.433333333333
2023-03-24 05:00:00,1155.5,70.85,276.383333333333
2023-03-24 06:00:00,1153.16666666667,70.3833333333333,276.466666666667
2023-03-24 07:00:00,1151.0,69.4166666666667,276.466666666667
2023-03-24 08:00:00,1150.16666666667,66.3333333333333,277.2
2023-03-24 09:00:00,1143.33333333333,66.9833333333333,278.0
2023-03-24 10:00:00,1140.5,69.1166666666667,277.983333333333
2023-03-24 11:00:00,1147.16666666667,81.6833333333333,276.333333333333
2023-03-24 12:00:00,1153.0,87.4833333333333,276.283333333333
2023-03-24 13:00:00,1140.16666666667,86.25,278.583333333333
2023-03-24 14:00:00,1132.16666666667,71.2833333333333,279.466666666667
2023-03-24 15:00:00,1144.16666666667,66.75,278.583333333333
2023-03-24 16:00:00,1134.33333333333,67.4333333333333,278.4
2023-03-24 17:00:00,1143.66666666667,94.3,275.466666666667
2023-03-24 18:00:00,1157.16666666667,101.233333333333,273.783333333333
2023-03-24 19:00:00,1202.66666666667,101.633333333333,273.083333333333
2023-03-24 20:00:00,1227.33333333333,101.65,273.483333333333
2023-03-24 21:00:00,1224.83333333333,99.4,273.7
2023-03-24 22:00:00,1225.16666666667,101.25,272.5
2023-03-24 23:00:00,1230.33333333333,101.35,272.0
2023-03-25 00:00:00,1243.5,101.283333333333,271.766666666667
2023-03-25 01:00:00,1232.66666666667,100.866666666667,270.466666666667
2023-03-25 02:00:00,1202.5,100.666666666667,269.433333333333
2023-03-25 03:00:00,1201.66666666667,100.633333333333,269.383333333333
2023-03-25 04:00:00,1203.66666666667,100.6,269.016666666667
2023-03-25 05:00:00,1203.16666666667,100.583333333333,269.15
2023-03-25 06:00:00,1199.16666666667,100.566666666667,268.983333333333
2023-03-25 07:00:00,1193.66666666667,100.383333333333,268.85
2023-03-25 08:00:00,1193.16666666667,99.45,268.8
2023-03-25 09:00:00,1187.5,99.35,269.316666666667
2023-03-25 10:00:00,1176.0,96.9333333333334,270.433333333333
2023-03-25 11:00:00,1174.5,96.35,269.566666666667
2023-03-25 12:00:00,1205.5,99.45,270.683333333333
2023-03-25 13:00:00,1210.0,100.333333333333,270.466666666667
2023-03-25 14:00:00,1220.66666666667,100.25,270.183333333333
2023-03-25 15:00:00,1214.66666666667,100.45,270.85
2023-03-25 16:00:00,1222.0,100.116666666667,270.933333333333
2023-03-25 17:00:00,1221.5,100.516666666667,270.416666666667
2023-03-25 18:00:00,1247.83333333333,98.8166666666667,268.833333333333
2023-03-25 19:00:00,1252.33333333333,98.8666666666667,268.066666666667
2023-03-25 20:00:00,1248.16666666667,99.15,268.216666666667
2023-03-25 21:00:00,1243.66666666667,97.7833333333334,268.15
2023-03-25 22:00:00,1240.33333333333,94.4833333333333,268.316666666667
2023-03-25 23:00:00,1236.83333333333,86.9333333333333,268.333333333333
2023-03-26 00:00:00,1230.83333333333,81.1,268.533333333333
2023-03-26 01:00:00,1230.0,74.5833333333333,268.633333333333
2023-03-26 02:00:00,1227.33333333333,72.6833333333333,268.55
2023-03-26 03:00:00,1226.0,69.0333333333334,268.766666666667
2023-03-26 04:00:00,1220.83333333333,60.1833333333333,269.45
2023-03-26 05:00:00,1215.5,57.65,269.766666666667
2023-03-26 06:00:00,1215.16666666667,56.5833333333333,269.983333333333
2023-03-26 07:00:00,1213.0,53.6666666666667,270.916666666667
2023-03-26 08:00:00,1211.66666666667,54.6833333333333,271.816666666667
2023-03-26 09:00:00,1207.0,54.1666666666667,273.133333333333
2023-03-26 10:00:00,1204.66666666667,60.6166666666667,273.15
2023-03-26 11:00:00,1199.83333333333,72.5666666666667,272.516666666667
2023-03-26 12:00:00,1195.0,88.8166666666667,271.8
2023-03-26 13:00:00,1203.33333333333,85.95,272.333333333333
2023-03-26 14:00:00,1228.5,91.8166666666667,270.316666666667
2023-03-26 15:00:00,1234.83333333333,100.4,270.733333333333
2023-03-26 16:00:00,1265.0,100.433333333333,270.333333333333
2023-03-26 17:00:00,1277.33333333333,100.533333333333,269.883333333333
2023-03-26 18:00:00,1275.83333333333,100.483333333333,269.466666666667
2023-03-26 19:00:00,1282.16666666667,99.7666666666667,267.733333333333
2023-03-26 20:00:00,1289.33333333333,98.9333333333333,266.7
2023-03-26 21:00:00,1299.0,98.6666666666667,266.666666666667
2023-03-26 22:00:00,1308.83333333333,97.6833333333333,266.133333333333
2023-03-26 23:00:00,1304.33333333333,97.55,266.066666666667
2023-03-27 00:00:00,1306.16666666667,97.7666666666667,266.083333333333
2023-03-27 01:00:00,1343.83333333333,98.2666666666667,266.483333333333
2023-03-27 02:00:00,1373.83333333333,98.15,266.433333333333
2023-03-27 03:00:00,1377.16666666667,98.1833333333334,266.45
2023-03-27 04:00:00,1403.5,98.5166666666667,266.666666666667
2023-03-27 05:00:00,1439.16666666667,98.7333333333333,266.733333333333
2023-03-27 06:00:00,1486.16666666667,98.4333333333333,266.6
2023-03-27 07:00:00,1527.66666666667,98.1666666666667,266.483333333333
2023-03-27 08:00:00,1562.5,97.65,266.533333333333
2023-03-27 09:00:00,1605.5,96.0166666666667,266.7
2023-03-27 10:00:00,1605.33333333333,95.7333333333333,267.316666666667
2023-03-27 11:00:00,1626.0,94.7666666666667,267.366666666667
2023-03-27 12:00:00,1659.66666666667,93.3833333333333,268.216666666667
2023-03-27 13:00:00,1680.16666666667,90.7,267.483333333333
2023-03-27 14:00:00,1677.66666666667,89.95,267.2
2023-03-27 15:00:00,1664.66666666667,88.95,266.566666666667
2023-03-27 16:00:00,1683.0,89.6,264.45
2023-03-27 17:00:00,1702.16666666667,89.4666666666667,263.333333333333
2023-03-27 18:00:00,1696.33333333333,89.5,262.516666666667
2023-03-27 19:00:00,1702.16666666667,89.3666666666667,262.0
2023-03-27 20:00:00,1700.66666666667,88.85,261.383333333333
2023-03-27 21:00:00,1697.5,88.8166666666667,261.25
2023-03-27 22:00:00,1711.33333333333,89.05,261.35
2023-03-27 23:00:00,1723.83333333333,89.2833333333334,261.433333333333
2023-03-28 00:00:00,1745.5,89.7166666666667,261.816666666667
2023-03-28 01:00:00,1790.83333333333,89.3,261.616666666667
2023-03-28 02:00:00,1801.5,88.85,261.25
2023-03-28 03:00:00,1817.5,88.7833333333334,261.216666666667
2023-03-28 04:00:00,1821.83333333333,88.4333333333333,261.05
2023-03-28 05:00:00,1826.83333333333,88.6,261.1
2023-03-28 06:00:00,1795.16666666667,88.7,261.166666666667
2023-03-28 07:00:00,1849.0,88.6666666666667,261.3
2023-03-28 08:00:00,1846.16666666667,89.3166666666667,263.133333333333
2023-03-28 09:00:00,1818.83333333333,90.1,264.883333333333
2023-03-28 10:00:00,1795.33333333333,88.8666666666667,265.683333333333
2023-03-28 11:00:00,1798.66666666667,88.7666666666667,266.9
2023-03-28 12:00:00,1780.0,87.2166666666667,268.05
2023-03-28 13:00:00,1767.33333333333,84.75,267.666666666667
2023-03-28 14:00:00,1758.16666666667,69.7666666666667,266.966666666667
2023-03-28 15:00:00,1743.33333333333,41.1833333333333,267.716666666667
2023-03-28 16:00:00,1726.66666666667,28.6,268.65
2023-03-28 17:00:00,1718.16666666667,22.3166666666667,268.216666666667
2023-03-28 18:00:00,1713.83333333333,17.2666666666667,267.5
2023-03-28 19:00:00,1714.33333333333,11.9666666666667,266.766666666667
2023-03-28 20:00:00,1711.16666666667,12.95,267.233333333333
2023-03-28 21:00:00,1702.16666666667,11.7833333333333,268.483333333333
2023-03-28 22:00:00,1692.5,21.45,269.333333333333
2023-03-28 23:00:00,1687.5,37.15,269.216666666667
2023-03-29 00:00:00,1683.66666666667,52.5333333333333,268.666666666667
2023-03-29 01:00:00,1682.33333333333,89.9166666666667,266.883333333333
2023-03-29 02:00:00,1687.0,93.8833333333333,268.35
2023-03-29 03:00:00,1698.5,99.05,268.6
2023-03-29 04:00:00,1712.0,100.416666666667,268.766666666667
2023-03-29 05:00:00,1729.5,100.516666666667,268.966666666667
2023-03-29 06:00:00,1739.33333333333,100.6,269.233333333333
2023-03-29 07:00:00,1756.0,100.6,269.25
2023-03-29 08:00:00,1762.0,100.7,270.116666666667
2023-03-29 09:00:00,1759.33333333333,100.85,271.366666666667
2023-03-29 10:00:00,1752.33333333333,101.05,272.383333333333
2023-03-29 11:00:00,1746.0,101.166666666667,273.5
2023-03-29 12:00:00,1744.66666666667,101.3,274.366666666667
2023-03-29 13:00:00,1764.5,101.316666666667,274.616666666667
2023-03-29 14:00:00,1762.66666666667,101.383333333333,274.816666666667
2023-03-29 15:00:00,1770.0,101.433333333333,274.4
2023-03-29 16:00:00,1771.33333333333,101.566666666667,274.016666666667
2023-03-29 17:00:00,1765.33333333333,101.433333333333,273.833333333333
2023-03-29 18:00:00,1749.0,101.683333333333,274.016666666667
2023-03-29 19:00:00,1747.16666666667,101.9,273.533333333333
2023-03-29 20:00:00,1742.66666666667,102.0,273.35
2023-03-29 21:00:00,1754.83333333333,102.116666666667,273.45
2023-03-29 22:00:00,1762.33333333333,102.333333333333,274.133333333333
2023-03-29 23:00:00,1757.66666666667,102.4,273.966666666667
2023-03-30 00:00:00,1775.16666666667,102.5,274.266666666667
2023-03-30 01:00:00,1779.33333333333,102.5,274.45
2023-03-30 02:00:00,1776.33333333333,102.5,274.55
2023-03-30 03:00:00,1769.66666666667,102.566666666667,274.75
2023-03-30 04:00:00,1758.33333333333,102.7,274.883333333333
2023-03-30 05:00:00,1759.5,102.7,275.283333333333
2023-03-30 06:00:00,1751.16666666667,102.7,274.833333333333
2023-03-30 07:00:00,1742.5,102.7,274.65
2023-03-30 08:00:00,1739.83333333333,102.666666666667,275.766666666667
2023-03-30 09:00:00,1739.33333333333,100.283333333333,277.116666666667
2023-03-30 10:00:00,1730.0,63.8166666666667,278.5
2023-03-30 11:00:00,1726.0,63.7166666666667,278.866666666667
2023-03-30 12:00:00,1700.5,58.8833333333333,279.933333333333
2023-03-30 13:00:00,1689.66666666667,63.6666666666667,278.966666666667
2023-03-30 14:00:00,1678.66666666667,92.2,276.05
2023-03-30 15:00:00,1703.0,101.716666666667,274.033333333333
2023-03-30 16:00:00,1746.83333333333,102.133333333333,274.616666666667
2023-03-30 17:00:00,1739.5,101.566666666667,274.266666666667
2023-03-30 18:00:00,1744.83333333333,101.766666666667,273.633333333333
2023-03-30 19:00:00,1764.5,101.9,272.85
2023-03-30 20:00:00,1756.5,101.816666666667,272.733333333333
2023-03-30 21:00:00,1749.66666666667,101.616666666667,272.216666666667
2023-03-30 22:00:00,1745.0,101.333333333333,272.116666666667
2023-03-30 23:00:00,1738.83333333333,101.0,271.9
2023-03-31 00:00:00,1733.33333333333,95.5166666666667,271.833333333333
2023-03-31 01:00:00,1725.5,79.3166666666667,272.066666666667
2023-03-31 02:00:00,1716.66666666667,68.6833333333333,272.366666666667
2023-03-31 03:00:00,1712.0,60.6,273.183333333333
2023-03-31 04:00:00,1708.33333333333,57.3333333333333,273.883333333333
2023-03-31 05:00:00,1707.33333333333,59.9666666666667,274.066666666667
2023-03-31 06:00:00,1702.83333333333,61.1166666666667,274.133333333333
2023-03-31 07:00:00,1697.33333333333,64.2833333333334,274.433333333333
2023-03-31 08:00:00,1691.5,69.2833333333334,274.483333333333
2023-03-31 09:00:00,1687.16666666667,64.6333333333333,275.116666666667
2023-03-31 10:00:00,1682.0,62.8333333333333,275.566666666667
2023-03-31 11:00:00,1676.5,70.9833333333333,274.766666666667
2023-03-31 12:00:00,1669.33333333333,89.5166666666667,274.133333333333
2023-03-31 13:00:00,1662.16666666667,92.9166666666667,274.5
2023-03-31 14:00:00,1663.5,91.0333333333334,273.366666666667
2023-03-31 15:00:00,1681.66666666667,100.85,271.85
2023-03-31 16:00:00,1708.83333333333,101.133333333333,272.2
2023-03-31 17:00:00,1703.16666666667,101.066666666667,271.3
2023-03-31 18:00:00,1714.66666666667,100.766666666667,270.016666666667
2023-03-31 19:00:00,1717.66666666667,100.733333333333,269.533333333333
2023-03-31 20:00:00,1721.66666666667,100.65,268.716666666667
2023-03-31 21:00:00,1715.0,100.416666666667,268.316666666667
2023-03-31 22:00:00,1711.5,97.1666666666667,268.4
2023-03-31 23:00:00,1707.33333333333,100.516666666667,268.45
2023-04-01 00:00:00,1709.66666666667,100.45,268.366666666667
2023-04-01 01:00:00,1703.16666666667,99.7166666666667,268.416666666667
2023-04-01 02:00:00,1697.16666666667,100.25,268.2
2023-04-01 03:00:00,1712.66666666667,100.533333333333,268.383333333333
2023-04-01 04:00:00,1718.33333333333,100.533333333333,268.366666666667
2023-04-01 05:00:00,1720.83333333333,100.6,268.333333333333
2023-04-01 06:00:00,1721.16666666667,100.583333333333,268.2
2023-04-01 07:00:00,1726.33333333333,100.516666666667,268.1
2023-04-01 08:00:00,1724.33333333333,100.5,268.583333333333
2023-04-01 09:00:00,1725.0,100.583333333333,269.383333333333
2023-04-01 10:00:00,1719.66666666667,99.7666666666667,271.133333333333
2023-04-01 11:00:00,1716.83333333333,98.2166666666667,271.333333333333
2023-04-01 12:00:00,1715.0,98.3166666666667,272.033333333333
2023-04-01 13:00:00,1722.5,99.1166666666667,271.433333333333
2023-04-01 14:00:00,1725.5,98.5333333333334,270.95
2023-04-01 15:00:00,1727.33333333333,99.0833333333334,270.216666666667
2023-04-01 16:00:00,1720.0,100.233333333333,270.633333333333
2023-04-01 17:00:00,1730.33333333333,100.333333333333,269.85
2023-04-01 18:00:00,1735.33333333333,98.4,269.333333333333
2023-04-01 19:00:00,1737.33333333333,99.5,268.816666666667
2023-04-01 20:00:00,1747.83333333333,100.5,268.716666666667
2023-04-01 21:00:00,1744.83333333333,100.55,268.716666666667
2023-04-01 22:00:00,1738.33333333333,100.583333333333,268.483333333333
2023-04-01 23:00:00,1756.83333333333,100.6,268.516666666667
2023-04-02 00:00:00,1767.66666666667,100.6,268.316666666667
2023-04-02 01:00:00,1765.66666666667,100.516666666667,268.066666666667
2023-04-02 02:00:00,1759.5,100.5,267.9
2023-04-02 03:00:00,1753.33333333333,100.366666666667,267.866666666667
2023-04-02 04:00:00,1761.83333333333,100.4,267.75
2023-04-02 05:00:00,1754.33333333333,100.4,267.766666666667
2023-04-02 06:00:00,1748.0,99.6833333333333,267.566666666667
2023-04-02 07:00:00,1747.66666666667,98.5333333333334,267.733333333333
2023-04-02 08:00:00,1736.33333333333,94.6,268.666666666667
2023-04-02 09:00:00,1724.5,88.3,269.2
2023-04-02 10:00:00,1714.33333333333,73.3166666666667,269.25
2023-04-02 11:00:00,1707.5,67.5166666666667,271.233333333333
2023-04-02 12:00:00,1701.16666666667,66.0833333333333,271.716666666667
2023-04-02 13:00:00,1689.66666666667,64.3,272.4
2023-04-02 14:00:00,1710.16666666667,68.7333333333333,271.65
2023-04-02 15:00:00,1702.66666666667,71.5333333333334,271.916666666667
2023-04-02 16:00:00,1690.0,71.9166666666667,272.433333333333
2023-04-02 17:00:00,1688.66666666667,78.3833333333333,271.583333333333
2023-04-02 18:00:00,1698.66666666667,88.7333333333333,270.533333333333
2023-04-02 19:00:00,1699.83333333333,95.3,269.733333333333
2023-04-02 20:00:00,1702.66666666667,100.65,269.2
2023-04-02 21:00:00,1702.66666666667,96.2333333333333,269.283333333333
2023-04-02 22:00:00,1691.66666666667,98.0166666666667,269.283333333333
2023-04-02 23:00:00,1697.0,100.433333333333,269.283333333333
2023-04-03 00:00:00,1709.66666666667,100.183333333333,269.266666666667
2023-04-03 01:00:00,1710.5,98.75,269.3
2023-04-03 02:00:00,1708.33333333333,100.35,269.266666666667
2023-04-03 03:00:00,1711.66666666667,100.7,269.0
2023-04-03 04:00:00,1720.5,100.583333333333,268.983333333333
2023-04-03 05:00:00,1718.83333333333,98.6666666666667,268.4
2023-04-03 06:00:00,1722.0,98.9166666666667,267.566666666667
2023-04-03 07:00:00,1718.33333333333,85.9666666666667,267.433333333333
2023-04-03 08:00:00,1695.66666666667,78.25,270.016666666667
2023-04-03 09:00:00,1690.0,87.35,269.483333333333
2023-04-03 10:00:00,1690.33333333333,77.1666666666667,269.883333333333
2023-04-03 11:00:00,1686.0,70.9333333333333,271.616666666667
2023-04-03 12:00:00,1685.0,63.2333333333333,270.933333333333
2023-04-03 13:00:00,1685.33333333333,70.4833333333333,270.15
2023-04-03 14:00:00,1678.66666666667,74.9,270.433333333333
2023-04-03 15:00:00,1675.83333333333,79.9833333333333,269.266666666667
2023-04-03 16:00:00,1657.16666666667,86.8666666666667,268.616666666667
2023-04-03 17:00:00,1647.33333333333,93.1833333333333,267.066666666667
2023-04-03 18:00:00,1634.33333333333,95.8333333333333,267.266666666667
2023-04-03 19:00:00,1638.16666666667,97.2666666666667,265.816666666667
2023-04-03 20:00:00,1640.83333333333,96.6333333333333,264.95
2023-04-03 21:00:00,1641.0,94.6,263.9
2023-04-03 22:00:00,1641.66666666667,93.8333333333333,263.266666666667
2023-04-03 23:00:00,1638.16666666667,92.65,262.633333333333
2023-04-04 00:00:00,1637.5,91.5,261.516666666667
2023-04-04 01:00:00,1637.5,90.4166666666667,261.016666666667
2023-04-04 02:00:00,1637.66666666667,89.9333333333333,260.7
2023-04-04 03:00:00,1636.66666666667,89.0666666666667,260.483333333333
2023-04-04 04:00:00,1637.83333333333,88.3666666666667,260.066666666667
2023-04-04 05:00:00,1642.66666666667,86.9,259.5
2023-04-04 06:00:00,1648.16666666667,86.3,259.266666666667
2023-04-04 07:00:00,1646.66666666667,86.95,259.916666666667
2023-04-04 08:00:00,1642.83333333333,79.5833333333334,261.283333333333
2023-04-04 09:00:00,1631.0,63.5,262.916666666667
2023-04-04 10:00:00,1614.16666666667,63.4166666666667,265.766666666667
2023-04-04 11:00:00,1615.16666666667,54.1333333333333,266.85
2023-04-04 12:00:00,1627.0,43.0,267.266666666667
2023-04-04 13:00:00,1623.83333333333,35.4166666666667,268.766666666667
2023-04-04 14:00:00,1620.0,36.0666666666667,268.866666666667
2023-04-04 15:00:00,1616.83333333333,34.2166666666667,268.85
2023-04-04 16:00:00,1610.33333333333,40.15,269.366666666667
2023-04-04 17:00:00,1598.16666666667,55.6333333333333,267.783333333333
2023-04-04 18:00:00,1600.5,67.1833333333333,265.65
2023-04-04 19:00:00,1606.5,80.2666666666667,263.983333333333
2023-04-04 20:00:00,1605.33333333333,78.1833333333333,263.533333333333
2023-04-04 21:00:00,1607.66666666667,90.5166666666667,262.55
2023-04-04 22:00:00,1605.66666666667,88.7666666666667,262.416666666667
2023-04-04 23:00:00,1605.0,94.65,262.05
2023-04-05 00:00:00,1600.33333333333,94.7166666666667,261.566666666667
2023-04-05 01:00:00,1602.5,91.95,260.9
2023-04-05 02:00:00,1602.0,89.15,260.366666666667
2023-04-05 03:00:00,1614.83333333333,62.1666666666667,261.166666666667
2023-04-05 04:00:00,1607.5,31.65,262.933333333333
2023-04-05 05:00:00,1604.16666666667,28.1166666666667,263.516666666667
2023-04-05 06:00:00,1603.5,25.5,263.583333333333
2023-04-05 07:00:00,1597.83333333333,25.2,264.433333333333
2023-04-05 08:00:00,1581.66666666667,22.25,266.333333333333
2023-04-05 09:00:00,1566.66666666667,40.4833333333333,268.9
2023-04-05 10:00:00,1565.16666666667,40.95,268.566666666667
2023-04-05 11:00:00,1573.16666666667,38.45,269.4
2023-04-05 12:00:00,1573.33333333333,40.2,269.85
2023-04-05 13:00:00,1579.0,31.8,268.35
2023-04-05 14:00:00,1576.83333333333,41.1333333333333,268.683333333333
2023-04-05 15:00:00,1570.66666666667,49.0666666666667,269.566666666667
2023-04-05 16:00:00,1572.66666666667,56.9166666666667,269.483333333333
2023-04-05 17:00:00,1580.83333333333,66.0333333333333,267.266666666667
2023-04-05 18:00:00,1589.83333333333,67.8,266.083333333333
2023-04-05 19:00:00,1591.0,71.6333333333333,265.283333333333
2023-04-05 20:00:00,1592.66666666667,72.95,264.633333333333
2023-04-05 21:00:00,1592.5,75.8666666666667,264.05
2023-04-05 22:00:00,1592.0,71.6,263.533333333333
2023-04-05 23:00:00,1589.66666666667,75.95,263.316666666667
2023-04-06 00:00:00,1586.66666666667,72.9,263.216666666667
2023-04-06 01:00:00,1586.16666666667,71.7833333333333,263.45
2023-04-06 02:00:00,1588.5,74.3166666666667,263.833333333333
2023-04-06 03:00:00,1587.0,72.0833333333333,263.633333333333
2023-04-06 04:00:00,1588.83333333333,74.0333333333333,262.933333333333
2023-04-06 05:00:00,1587.0,73.7833333333333,262.833333333333
2023-04-06 06:00:00,1582.83333333333,73.65,262.833333333333
2023-04-06 07:00:00,1580.16666666667,66.5166666666667,263.666666666667
2023-04-06 08:00:00,1569.5,63.7666666666667,265.133333333333
2023-04-06 09:00:00,1559.16666666667,61.1666666666667,267.1
2023-04-06 10:00:00,1555.5,52.9333333333333,268.183333333333
2023-04-06 11:00:00,1553.66666666667,48.1166666666667,269.183333333333
2023-04-06 12:00:00,1559.16666666667,48.4666666666667,270.15
2023-04-06 13:00:00,1557.83333333333,47.0666666666667,270.783333333333
2023-04-06 14:00:00,1555.66666666667,43.0833333333333,271.85
2023-04-06 15:00:00,1557.83333333333,42.2166666666667,271.55
2023-04-06 16:00:00,1556.16666666667,41.0833333333333,271.816666666667
2023-04-06 17:00:00,1559.0,43.8,271.316666666667
2023-04-06 18:00:00,1565.5,50.3666666666667,269.65
2023-04-06 19:00:00,1578.5,55.9333333333333,267.966666666667
2023-04-06 20:00:00,1582.33333333333,53.9166666666667,267.066666666667
2023-04-06 21:00:00,1579.83333333333,60.6333333333333,266.7
2023-04-06 22:00:00,1580.5,66.0,266.316666666667
2023-04-06 23:00:00,1576.0,74.1,265.95
2023-04-07 00:00:00,1569.5,81.9166666666667,265.616666666667
2023-04-07 01:00:00,1571.33333333333,88.7833333333334,265.816666666667
2023-04-07 02:00:00,1584.66666666667,97.2833333333333,266.216666666667
2023-04-07 03:00:00,1583.66666666667,95.0333333333334,266.8
2023-04-07 04:00:00,1574.66666666667,99.75,266.983333333333
2023-04-07 05:00:00,1578.0,99.85,267.083333333333
2023-04-07 06:00:00,1571.5,96.7666666666667,267.366666666667
2023-04-07 07:00:00,1573.0,85.0,267.833333333333
2023-04-07 08:00:00,1576.33333333333,75.8,269.716666666667
2023-04-07 09:00:00,1552.0,76.0166666666667,272.216666666667
2023-04-07 10:00:00,1567.66666666667,82.05,271.483333333333
2023-04-07 11:00:00,1545.66666666667,66.0666666666667,272.183333333333
2023-04-07 12:00:00,1557.5,57.75,273.266666666667
2023-04-07 13:00:00,1563.0,60.8,272.183333333333
2023-04-07 14:00:00,1572.16666666667,59.75,273.216666666667
2023-04-07 15:00:00,1557.5,57.9333333333333,274.183333333333
2023-04-07 16:00:00,1562.0,73.45,271.6
2023-04-07 17:00:00,1562.0,77.3166666666667,270.316666666667
2023-04-07 18:00:00,1567.66666666667,86.5166666666667,269.35
2023-04-07 19:00:00,1570.33333333333,96.3333333333333,268.75
2023-04-07 20:00:00,1568.83333333333,95.9333333333333,268.683333333333
2023-04-07 21:00:00,1565.33333333333,100.516666666667,268.516666666667
2023-04-07 22:00:00,1563.66666666667,100.6,268.416666666667
2023-04-07 23:00:00,1567.83333333333,100.516666666667,268.166666666667
2023-04-08 00:00:00,1576.0,100.466666666667,267.966666666667
2023-04-08 01:00:00,1582.83333333333,100.5,267.9
2023-04-08 02:00:00,1585.16666666667,100.5,267.7
2023-04-08 03:00:00,1584.33333333333,100.466666666667,267.633333333333
2023-04-08 04:00:00,1607.83333333333,100.416666666667,267.583333333333
2023-04-08 05:00:00,1610.16666666667,100.4,267.5
2023-04-08 06:00:00,1604.83333333333,100.4,267.366666666667
2023-04-08 07:00:00,1602.0,100.4,267.55
2023-04-08 08:00:00,1605.83333333333,99.5333333333333,268.05
2023-04-08 09:00:00,1595.83333333333,94.3833333333333,268.9
2023-04-08 10:00:00,1589.0,93.6666666666667,269.216666666667
2023-04-08 11:00:00,1572.33333333333,89.1833333333334,270.55
2023-04-08 12:00:00,1574.16666666667,77.3333333333333,271.433333333333
2023-04-08 13:00:00,1587.66666666667,73.0333333333333,270.716666666667
2023-04-08 14:00:00,1580.16666666667,77.8333333333333,271.883333333333
2023-04-08 15:00:00,1588.0,86.4166666666667,270.9
2023-04-08 16:00:00,1598.5,91.9,270.45
2023-04-08 17:00:00,1608.83333333333,94.0833333333333,269.85
2023-04-08 18:00:00,1626.0,99.3333333333333,269.0
2023-04-08 19:00:00,1633.83333333333,100.5,268.316666666667
2023-04-08 20:00:00,1638.66666666667,100.5,268.033333333333
2023-04-08 21:00:00,1648.33333333333,100.5,267.983333333333
2023-04-08 22:00:00,1644.33333333333,100.5,267.733333333333
2023-04-08 23:00:00,1666.0,100.4,267.566666666667
2023-04-09 00:00:00,1666.83333333333,100.4,267.433333333333
2023-04-09 01:00:00,1674.0,100.4,267.266666666667
2023-04-09 02:00:00,1674.0,100.4,267.083333333333
2023-04-09 03:00:00,1671.5,100.383333333333,267.016666666667
2023-04-09 04:00:00,1669.83333333333,100.316666666667,266.866666666667
2023-04-09 05:00:00,1667.66666666667,100.133333333333,266.65
2023-04-09 06:00:00,1665.0,99.0166666666667,265.816666666667
2023-04-09 07:00:00,1661.16666666667,99.9,266.316666666667
2023-04-09 08:00:00,1650.5,98.85,267.066666666667
2023-04-09 09:00:00,1635.33333333333,99.6,269.85
2023-04-09 10:00:00,1608.66666666667,99.2,273.15
2023-04-09 11:00:00,1602.83333333333,98.15,273.2
2023-04-09 12:00:00,1590.66666666667,97.5333333333334,274.616666666667
2023-04-09 13:00:00,1629.5,97.6666666666667,270.7
2023-04-09 14:00:00,1630.16666666667,93.7,271.083333333333
2023-04-09 15:00:00,1625.66666666667,76.0333333333333,271.716666666667
2023-04-09 16:00:00,1618.83333333333,66.4333333333333,272.05
2023-04-09 17:00:00,1623.16666666667,65.1,270.833333333333
2023-04-09 18:00:00,1625.83333333333,68.9666666666667,269.85
2023-04-09 19:00:00,1629.0,69.9833333333333,269.166666666667
2023-04-09 20:00:00,1629.66666666667,80.9333333333333,268.733333333333
2023-04-09 21:00:00,1628.33333333333,91.3666666666667,268.25
2023-04-09 22:00:00,1628.83333333333,93.3166666666667,267.9
2023-04-09 23:00:00,1630.16666666667,85.5333333333334,267.216666666667
2023-04-10 00:00:00,1629.5,94.0166666666667,267.116666666667
2023-04-10 01:00:00,1628.33333333333,88.3666666666667,267.266666666667
2023-04-10 02:00:00,1628.0,67.45,267.35
2023-04-10 03:00:00,1628.16666666667,50.25,267.883333333333
2023-04-10 04:00:00,1623.33333333333,46.9166666666667,268.0
2023-04-10 05:00:00,1623.16666666667,45.5166666666667,267.833333333333
2023-04-10 06:00:00,1620.16666666667,44.15,267.983333333333
2023-04-10 07:00:00,1617.33333333333,41.9666666666667,269.483333333333
2023-04-10 08:00:00,1608.33333333333,39.25,270.9
2023-04-10 09:00:00,1594.5,44.7,273.3
2023-04-10 10:00:00,1582.5,40.6,274.416666666667
2023-04-10 11:00:00,1588.5,37.9166666666667,275.25
2023-04-10 12:00:00,1591.33333333333,32.9833333333333,276.116666666667
2023-04-10 13:00:00,1589.83333333333,30.2166666666667,276.6
2023-04-10 14:00:00,1588.66666666667,27.6833333333333,276.466666666667
2023-04-10 15:00:00,1586.16666666667,31.4666666666667,276.516666666667
2023-04-10 16:00:00,1582.16666666667,30.75,276.466666666667
2023-04-10 17:00:00,1584.16666666667,31.5,275.466666666667
2023-04-10 18:00:00,1589.16666666667,37.2166666666667,274.566666666667
2023-04-10 19:00:00,1593.5,36.15,273.9
2023-04-10 20:00:00,1593.5,35.8833333333333,273.5
2023-04-10 21:00:00,1590.16666666667,35.7833333333333,273.216666666667
2023-04-10 22:00:00,1591.33333333333,34.0666666666667,273.8
2023-04-10 23:00:00,1593.5,37.4166666666667,273.733333333333
2023-04-11 00:00:00,1592.5,37.5833333333333,273.833333333333
2023-04-11 01:00:00,1589.0,41.4333333333333,273.683333333333
2023-04-11 02:00:00,1588.16666666667,42.7,273.4
2023-04-11 03:00:00,1589.33333333333,40.9333333333333,273.716666666667
2023-04-11 04:00:00,1590.33333333333,59.4333333333333,272.75
2023-04-11 05:00:00,1592.16666666667,63.3833333333334,273.116666666667
2023-04-11 06:00:00,1591.0,67.7666666666667,273.433333333333
2023-04-11 07:00:00,1589.66666666667,78.6,273.016666666667
2023-04-11 08:00:00,1589.0,88.3333333333333,272.233333333333
2023-04-11 09:00:00,1593.16666666667,95.5333333333333,272.566666666667
2023-04-11 10:00:00,1601.33333333333,94.6166666666667,272.883333333333
2023-04-11 11:00:00,1606.33333333333,97.7,273.033333333333
2023-04-11 12:00:00,1608.83333333333,100.55,273.516666666667
2023-04-11 13:00:00,1619.0,100.083333333333,274.0
2023-04-11 14:00:00,1620.33333333333,99.3666666666667,273.45
2023-04-11 15:00:00,1616.33333333333,100.833333333333,273.35
2023-04-11 16:00:00,1628.5,100.866666666667,272.566666666667
2023-04-11 17:00:00,1630.83333333333,100.783333333333,271.383333333333
2023-04-11 18:00:00,1634.5,100.783333333333,270.5
2023-04-11 19:00:00,1632.83333333333,100.816666666667,270.25
2023-04-11 20:00:00,1634.66666666667,100.883333333333,270.133333333333
2023-04-11 21:00:00,1634.83333333333,100.9,270.2
2023-04-11 22:00:00,1634.33333333333,100.9,270.35
2023-04-11 23:00:00,1636.66666666667,100.75,270.35
2023-04-12 00:00:00,1633.83333333333,100.683333333333,270.266666666667
2023-04-12 01:00:00,1639.5,100.816666666667,270.066666666667
2023-04-12 02:00:00,1640.16666666667,100.616666666667,270.866666666667
2023-04-12 03:00:00,1643.83333333333,100.8,271.283333333333
2023-04-12 04:00:00,1660.16666666667,101.033333333333,271.516666666667
2023-04-12 05:00:00,1683.0,101.25,271.983333333333
2023-04-12 06:00:00,1685.5,101.416666666667,272.25
2023-04-12 07:00:00,1685.66666666667,101.55,272.8
2023-04-12 08:00:00,1694.66666666667,101.25,273.15
2023-04-12 09:00:00,1700.0,101.333333333333,273.65
2023-04-12 10:00:00,1712.0,101.15,274.166666666667
2023-04-12 11:00:00,1706.66666666667,90.4166666666667,275.416666666667
2023-04-12 12:00:00,1692.66666666667,70.4333333333333,276.766666666667
2023-04-12 13:00:00,1672.83333333333,62.9333333333333,278.233333333333
2023-04-12 14:00:00,1665.16666666667,69.3833333333333,277.333333333333
2023-04-12 15:00:00,1648.16666666667,72.55,277.133333333333
2023-04-12 16:00:00,1647.0,64.4,276.85
2023-04-12 17:00:00,1643.5,63.3666666666667,276.733333333333
2023-04-12 18:00:00,1638.16666666667,68.15,276.5
2023-04-12 19:00:00,1641.33333333333,78.9333333333333,275.066666666667
2023-04-12 20:00:00,1642.5,77.0166666666667,274.566666666667
2023-04-12 21:00:00,1640.83333333333,82.6333333333333,274.283333333333
2023-04-12 22:00:00,1638.33333333333,98.4,272.733333333333
2023-04-12 23:00:00,1640.0,97.0666666666667,270.716666666667
2023-04-13 00:00:00,1650.33333333333,100.233333333333,270.116666666667
2023-04-13 01:00:00,1662.16666666667,100.85,269.916666666667
2023-04-13 02:00:00,1722.33333333333,100.816666666667,269.383333333333
2023-04-13 03:00:00,1727.66666666667,100.55,268.116666666667
2023-04-13 04:00:00,1744.16666666667,100.433333333333,267.266666666667
2023-04-13 05:00:00,1755.33333333333,100.333333333333,266.65
2023-04-13 06:00:00,1760.5,99.4166666666667,266.083333333333
2023-04-13 07:00:00,1751.5,98.2666666666667,265.7
2023-04-13 08:00:00,1739.16666666667,95.3333333333333,265.166666666667
2023-04-13 09:00:00,1727.5,95.1,266.133333333333
2023-04-13 10:00:00,1722.0,94.7833333333333,267.483333333333
2023-04-13 11:00:00,1700.0,98.6166666666667,269.15
2023-04-13 12:00:00,1710.5,94.5666666666667,268.5
2023-04-13 13:00:00,1723.16666666667,92.8333333333333,268.35
2023-04-13 14:00:00,1720.5,96.0833333333333,268.116666666667
2023-04-13 15:00:00,1728.16666666667,97.1833333333333,268.766666666667
2023-04-13 16:00:00,1740.83333333333,96.7166666666667,268.216666666667
2023-04-13 17:00:00,1737.0,96.4333333333333,267.85
2023-04-13 18:00:00,1758.66666666667,96.6666666666667,266.5
2023-04-13 19:00:00,1778.16666666667,96.5833333333333,265.466666666667
2023-04-13 20:00:00,1786.33333333333,97.0666666666667,265.266666666667
2023-04-13 21:00:00,1788.83333333333,97.3166666666667,265.316666666667
2023-04-13 22:00:00,1792.83333333333,97.6833333333333,265.366666666667
2023-04-13 23:00:00,1795.16666666667,97.6,265.25
2023-04-14 00:00:00,1800.83333333333,97.6833333333333,265.35
2023-04-14 01:00:00,1816.66666666667,97.8666666666667,265.55
2023-04-14 02:00:00,1827.33333333333,98.2833333333333,265.75
2023-04-14 03:00:00,1844.16666666667,98.35,265.95
2023-04-14 04:00:00,1846.0,98.3,265.933333333333
2023-04-14 05:00:00,1854.5,98.4166666666667,265.95
2023-04-14 06:00:00,1868.83333333333,98.5,265.983333333333
2023-04-14 07:00:00,1874.33333333333,98.0666666666667,266.133333333333
2023-04-14 08:00:00,1878.33333333333,96.95,266.683333333333
2023-04-14 09:00:00,1885.33333333333,96.4833333333333,267.383333333333
2023-04-14 10:00:00,1887.83333333333,96.35,268.716666666667
2023-04-14 11:00:00,1926.5,92.4333333333333,269.766666666667
2023-04-14 12:00:00,1952.0,89.7333333333333,269.6
2023-04-14 13:00:00,1941.33333333333,91.0833333333333,269.983333333333
2023-04-14 14:00:00,1928.5,89.4166666666667,270.666666666667
2023-04-14 15:00:00,1920.5,89.3166666666667,270.483333333333
2023-04-14 16:00:00,1922.5,88.3166666666667,269.583333333333
2023-04-14 17:00:00,1931.66666666667,89.55,268.816666666667
2023-04-14 18:00:00,1930.0,90.1,267.5
2023-04-14 19:00:00,1927.33333333333,85.6666666666667,266.55
2023-04-14 20:00:00,1923.5,78.9333333333333,266.0
2023-04-14 21:00:00,1921.66666666667,80.7166666666667,265.666666666667
2023-04-14 22:00:00,1921.16666666667,82.1333333333334,265.516666666667
2023-04-14 23:00:00,1916.0,75.9333333333333,265.416666666667
2023-04-15 00:00:00,1912.5,68.95,266.0
2023-04-15 01:00:00,1908.0,64.9333333333333,266.15
2023-04-15 02:00:00,1903.66666666667,64.9833333333333,266.1
2023-04-15 03:00:00,1900.83333333333,66.55,265.85
2023-04-15 04:00:00,1900.5,69.5666666666667,265.65
2023-04-15 05:00:00,1897.33333333333,71.1666666666667,265.583333333333
2023-04-15 06:00:00,1895.0,69.6,265.666666666667
2023-04-15 07:00:00,1892.16666666667,64.25,266.45
2023-04-15 08:00:00,1882.66666666667,56.9666666666667,267.916666666667
2023-04-15 09:00:00,1864.66666666667,49.95,269.133333333333
2023-04-15 10:00:00,1856.16666666667,54.7833333333333,270.6
2023-04-15 11:00:00,1840.5,53.3,272.116666666667
2023-04-15 12:00:00,1846.0,50.95,272.2
2023-04-15 13:00:00,1842.0,49.8,272.0
2023-04-15 14:00:00,1842.16666666667,60.0666666666667,271.416666666667
2023-04-15 15:00:00,1829.16666666667,69.9666666666667,271.866666666667
2023-04-15 16:00:00,1845.33333333333,79.4833333333333,270.416666666667
2023-04-15 17:00:00,1857.33333333333,88.4166666666667,268.7
2023-04-15 18:00:00,1857.83333333333,97.4666666666667,268.3
2023-04-15 19:00:00,1875.0,100.433333333333,267.7
2023-04-15 20:00:00,1874.5,100.4,267.266666666667
2023-04-15 21:00:00,1889.0,100.4,267.35
2023-04-15 22:00:00,1887.33333333333,100.4,267.45
2023-04-15 23:00:00,1922.16666666667,100.4,267.5
2023-04-16 00:00:00,1963.33333333333,100.4,267.683333333333
2023-04-16 01:00:00,1978.16666666667,100.5,267.866666666667
2023-04-16 02:00:00,1990.16666666667,100.5,267.95
2023-04-16 03:00:00,2003.33333333333,100.5,268.016666666667
2023-04-16 04:00:00,2017.5,100.5,267.683333333333
2023-04-16 05:00:00,2034.5,100.466666666667,267.716666666667
2023-04-16 06:00:00,2043.83333333333,100.416666666667,267.566666666667
2023-04-16 07:00:00,2060.33333333333,100.5,267.9
2023-04-16 08:00:00,2063.33333333333,100.55,268.533333333333
2023-04-16 09:00:00,2063.66666666667,100.683333333333,269.683333333333
2023-04-16 10:00:00,2056.33333333333,100.85,271.216666666667
2023-04-16 11:00:00,2062.0,100.983333333333,272.6
2023-04-16 12:00:00,2064.83333333333,100.7,272.333333333333
2023-04-16 13:00:00,2065.66666666667,98.4833333333333,272.583333333333
2023-04-16 14:00:00,2047.33333333333,95.3166666666667,272.733333333333
2023-04-16 15:00:00,2039.66666666667,96.75,271.85
2023-04-16 16:00:00,2036.33333333333,98.95,271.55
2023-04-16 17:00:00,2043.16666666667,99.6666666666667,270.383333333333
2023-04-16 18:00:00,2040.16666666667,100.516666666667,269.75
2023-04-16 19:00:00,2040.66666666667,100.583333333333,269.35
2023-04-16 20:00:00,2037.16666666667,100.6,269.0
2023-04-16 21:00:00,2031.83333333333,100.6,268.933333333333
2023-04-16 22:00:00,2025.33333333333,100.533333333333,268.9
2023-04-16 23:00:00,2025.83333333333,100.583333333333,268.8
2023-04-17 00:00:00,2025.0,100.6,268.633333333333
2023-04-17 01:00:00,2037.33333333333,100.633333333333,268.55
2023-04-17 02:00:00,2050.5,100.616666666667,268.866666666667
2023-04-17 03:00:00,2048.33333333333,100.6,268.7
2023-04-17 04:00:00,2046.33333333333,100.6,268.233333333333
2023-04-17 05:00:00,2043.33333333333,100.516666666667,267.666666666667
2023-04-17 06:00:00,2039.0,100.466666666667,267.183333333333
2023-04-17 07:00:00,2033.33333333333,100.5,267.7
2023-04-17 08:00:00,2021.66666666667,99.0666666666667,269.25
2023-04-17 09:00:00,2015.33333333333,97.0166666666667,269.9
2023-04-17 10:00:00,2011.5,94.0166666666667,270.7
2023-04-17 11:00:00,1998.66666666667,86.7333333333333,272.666666666667
2023-04-17 12:00:00,1990.66666666667,82.3,273.016666666667
2023-04-17 13:00:00,1982.66666666667,82.5166666666667,272.366666666667
2023-04-17 14:00:00,1973.33333333333,80.85,272.216666666667
2023-04-17 15:00:00,1968.0,81.9166666666667,272.05
2023-04-17 16:00:00,1949.33333333333,81.8166666666667,272.666666666667
2023-04-17 17:00:00,1945.5,91.6,272.25
2023-04-17 18:00:00,1963.66666666667,100.683333333333,270.5
2023-04-17 19:00:00,1966.16666666667,100.916666666667,270.066666666667
2023-04-17 20:00:00,1965.66666666667,100.983333333333,269.883333333333
2023-04-17 21:00:00,1961.0,100.916666666667,269.55
2023-04-17 22:00:00,1956.0,100.75,269.283333333333
2023-04-17 23:00:00,1948.0,100.533333333333,269.383333333333
2023-04-18 00:00:00,1949.83333333333,100.7,269.183333333333
2023-04-18 01:00:00,1953.5,100.766666666667,269.066666666667
2023-04-18 02:00:00,1955.5,99.6166666666667,268.966666666667
2023-04-18 03:00:00,1955.5,98.05,268.833333333333
2023-04-18 04:00:00,1954.33333333333,99.0166666666667,268.433333333333
2023-04-18 05:00:00,1950.33333333333,100.416666666667,268.2
2023-04-18 06:00:00,1950.0,100.583333333333,268.05
2023-04-18 07:00:00,1947.83333333333,100.6,268.15
2023-04-18 08:00:00,1940.66666666667,92.7166666666667,269.616666666667
2023-04-18 09:00:00,1932.5,92.3666666666667,271.016666666667
2023-04-18 10:00:00,1924.5,86.2,272.8
2023-04-18 11:00:00,1918.16666666667,76.9166666666667,274.416666666667
2023-04-18 12:00:00,1904.33333333333,71.9,275.783333333333
2023-04-18 13:00:00,1905.5,70.0833333333333,275.233333333333
2023-04-18 14:00:00,1881.66666666667,62.0,277.116666666667
2023-04-18 15:00:00,1871.66666666667,58.15,278.2
2023-04-18 16:00:00,1851.33333333333,58.3166666666667,277.8
2023-04-18 17:00:00,1854.83333333333,61.35,276.55
2023-04-18 18:00:00,1862.66666666667,65.4833333333333,274.816666666667
2023-04-18 19:00:00,1860.33333333333,72.2,273.233333333333
2023-04-18 20:00:00,1861.33333333333,78.9833333333333,272.5
2023-04-18 21:00:00,1866.0,100.733333333333,271.883333333333
2023-04-18 22:00:00,1866.16666666667,100.95,271.883333333333
2023-04-18 23:00:00,1868.16666666667,100.95,271.633333333333
2023-04-19 00:00:00,1867.83333333333,95.8333333333333,271.45
2023-04-19 01:00:00,1866.66666666667,93.5166666666667,271.216666666667
2023-04-19 02:00:00,1865.33333333333,96.7,270.783333333333
2023-04-19 03:00:00,1863.16666666667,99.1166666666667,270.383333333333
2023-04-19 04:00:00,1862.33333333333,100.2,270.05
2023-04-19 05:00:00,1860.16666666667,93.15,270.383333333333
2023-04-19 06:00:00,1858.16666666667,99.5,270.0
2023-04-19 07:00:00,1847.33333333333,91.65,271.416666666667
2023-04-19 08:00:00,1814.0,70.1166666666667,274.55
2023-04-19 09:00:00,1824.0,81.5333333333333,273.366666666667
2023-04-19 10:00:00,1825.83333333333,81.0666666666667,273.933333333333
2023-04-19 11:00:00,1829.16666666667,74.5166666666667,274.166666666667
2023-04-19 12:00:00,1837.0,71.15,274.15
2023-04-19 13:00:00,1833.16666666667,74.2166666666667,274.016666666667
2023-04-19 14:00:00,1840.5,83.1833333333333,273.4
2023-04-19 15:00:00,1840.16666666667,86.7666666666667,273.266666666667
2023-04-19 16:00:00,1842.83333333333,92.7166666666667,272.766666666667
2023-04-19 17:00:00,1841.16666666667,88.95,272.75
2023-04-19 18:00:00,1848.33333333333,100.266666666667,271.666666666667
2023-04-19 19:00:00,1852.83333333333,100.183333333333,271.416666666667
2023-04-19 20:00:00,1849.83333333333,97.4,271.3
2023-04-19 21:00:00,1859.5,99.5666666666667,271.183333333333
2023-04-19 22:00:00,1850.33333333333,100.5,271.066666666667
2023-04-19 23:00:00,1884.66666666667,99.5,270.866666666667
2023-04-20 00:00:00,1889.83333333333,99.4833333333333,270.633333333333
2023-04-20 01:00:00,1887.0,98.7166666666667,270.566666666667
2023-04-20 02:00:00,1888.0,93.6,270.65
2023-04-20 03:00:00,1886.5,91.0833333333333,270.633333333333
2023-04-20 04:00:00,1884.66666666667,83.75,270.7
2023-04-20 05:00:00,1882.83333333333,82.9166666666667,270.566666666667
2023-04-20 06:00:00,1881.0,71.95,270.766666666667
2023-04-20 07:00:00,1878.83333333333,69.5333333333333,271.1
2023-04-20 08:00:00,1875.83333333333,70.2166666666667,271.866666666667
2023-04-20 09:00:00,1867.16666666667,68.4666666666667,272.8
2023-04-20 10:00:00,1850.33333333333,84.3,272.583333333333
2023-04-20 11:00:00,1845.0,78.5166666666667,273.616666666667
2023-04-20 12:00:00,1824.0,71.45,275.183333333333
2023-04-20 13:00:00,1832.33333333333,71.2333333333333,275.633333333333
2023-04-20 14:00:00,1828.5,77.5166666666667,275.133333333333
2023-04-20 15:00:00,1827.33333333333,79.0166666666667,275.066666666667
2023-04-20 16:00:00,1835.83333333333,80.15,273.983333333333
2023-04-20 17:00:00,1841.5,81.4333333333333,273.45
2023-04-20 18:00:00,1841.33333333333,99.7333333333333,272.616666666667
2023-04-20 19:00:00,1850.66666666667,100.666666666667,272.083333333333
2023-04-20 20:00:00,1863.16666666667,101.116666666667,271.683333333333
2023-04-20 21:00:00,1868.33333333333,101.133333333333,271.6
2023-04-20 22:00:00,1879.33333333333,100.65,271.5
2023-04-20 23:00:00,1877.83333333333,98.9666666666667,271.5
2023-04-21 00:00:00,1879.66666666667,90.95,271.666666666667
2023-04-21 01:00:00,1876.66666666667,82.4,271.666666666667
2023-04-21 02:00:00,1874.16666666667,75.3,272.116666666667
2023-04-21 03:00:00,1870.0,80.2833333333333,271.9
2023-04-21 04:00:00,1864.5,87.6833333333333,271.616666666667
2023-04-21 05:00:00,1864.16666666667,91.4833333333333,271.3
2023-04-21 06:00:00,1864.16666666667,89.25,271.266666666667
2023-04-21 07:00:00,1861.33333333333,80.5333333333333,271.966666666667
2023-04-21 08:00:00,1854.5,79.9166666666667,272.766666666667
2023-04-21 09:00:00,1848.33333333333,78.9333333333333,273.35
2023-04-21 10:00:00,1842.33333333333,72.9333333333333,274.566666666667
2023-04-21 11:00:00,1833.5,68.6833333333333,275.366666666667
2023-04-21 12:00:00,1830.16666666667,64.5833333333333,275.866666666667
2023-04-21 13:00:00,1812.0,57.45,277.433333333333
2023-04-21 14:00:00,1790.16666666667,57.8166666666667,277.183333333333
2023-04-21 15:00:00,1797.66666666667,58.2666666666667,277.45
2023-04-21 16:00:00,1789.33333333333,55.4166666666667,277.283333333333
2023-04-21 17:00:00,1774.66666666667,54.6833333333333,277.4
2023-04-21 18:00:00,1782.83333333333,60.5,275.95
2023-04-21 19:00:00,1785.16666666667,61.5666666666667,274.883333333333
2023-04-21 20:00:00,1783.33333333333,63.65,274.433333333333
2023-04-21 21:00:00,1781.83333333333,63.1666666666667,274.3
2023-04-21 22:00:00,1779.66666666667,62.6166666666667,274.133333333333
2023-04-21 23:00:00,1776.66666666667,63.1166666666667,274.033333333333
2023-04-22 00:00:00,1776.5,62.9833333333333,273.833333333333
2023-04-22 01:00:00,1773.33333333333,61.0666666666667,273.866666666667
2023-04-22 02:00:00,1772.16666666667,60.4,273.816666666667
2023-04-22 03:00:00,1773.83333333333,57.1,273.866666666667
2023-04-22 04:00:00,1772.5,53.9833333333333,274.05
2023-04-22 05:00:00,1775.16666666667,49.0333333333333,274.35
2023-04-22 06:00:00,1775.5,46.8166666666667,274.65
2023-04-22 07:00:00,1772.33333333333,39.1833333333333,276.4
2023-04-22 08:00:00,1769.16666666667,36.1833333333333,278.033333333333
2023-04-22 09:00:00,1770.16666666667,38.9,278.683333333333
2023-04-22 10:00:00,1760.66666666667,42.15,280.166666666667
2023-04-22 11:00:00,1735.5,40.45,282.8
2023-04-22 12:00:00,1732.16666666667,37.4666666666667,282.966666666667
2023-04-22 13:00:00,1716.83333333333,37.8166666666667,283.2
2023-04-22 14:00:00,1722.0,42.45,282.716666666667
2023-04-22 15:00:00,1727.83333333333,42.5,282.583333333333
2023-04-22 16:00:00,1723.33333333333,41.3833333333333,282.0
2023-04-22 17:00:00,1712.0,39.35,282.366666666667
2023-04-22 18:00:00,1717.16666666667,45.3166666666667,280.766666666667
2023-04-22 19:00:00,1714.33333333333,48.5666666666667,279.266666666667
2023-04-22 20:00:00,1731.0,55.8,278.0
2023-04-22 21:00:00,1740.16666666667,62.25,277.2
2023-04-22 22:00:00,1736.33333333333,62.5333333333333,277.116666666667
2023-04-22 23:00:00,1737.66666666667,66.0,276.65
2023-04-23 00:00:00,1734.16666666667,68.8333333333333,276.633333333333
2023-04-23 01:00:00,1733.0,72.4666666666667,276.35
2023-04-23 02:00:00,1731.66666666667,74.5,276.25
2023-04-23 03:00:00,1731.83333333333,82.1833333333333,275.85
2023-04-23 04:00:00,1732.16666666667,91.9666666666667,274.983333333333
2023-04-23 05:00:00,1732.66666666667,88.0833333333333,275.016666666667
2023-04-23 06:00:00,1731.16666666667,77.9166666666667,275.4
2023-04-23 07:00:00,1728.16666666667,72.7333333333333,275.683333333333
2023-04-23 08:00:00,1722.16666666667,67.9,276.883333333333
2023-04-23 09:00:00,1709.0,73.6166666666667,278.316666666667
2023-04-23 10:00:00,1711.66666666667,69.8666666666667,277.816666666667
2023-04-23 11:00:00,1713.5,62.05,278.616666666667
2023-04-23 12:00:00,1706.16666666667,57.4333333333333,279.216666666667
2023-04-23 13:00:00,1701.16666666667,59.45,279.15
2023-04-23 14:00:00,1674.16666666667,59.7,280.25
2023-04-23 15:00:00,1670.16666666667,73.3166666666667,277.766666666667
2023-04-23 16:00:00,1666.0,65.9833333333333,278.516666666667
2023-04-23 17:00:00,1680.16666666667,60.9333333333333,278.366666666667
2023-04-23 18:00:00,1688.16666666667,61.1666666666667,277.666666666667
2023-04-23 19:00:00,1688.16666666667,64.2833333333333,276.733333333333
2023-04-23 20:00:00,1677.5,68.8,276.216666666667
2023-04-23 21:00:00,1667.5,72.6833333333333,275.866666666667
2023-04-23 22:00:00,1652.16666666667,77.2166666666667,275.583333333333
2023-04-23 23:00:00,1659.33333333333,95.7833333333333,274.233333333333
2023-04-24 00:00:00,1685.83333333333,94.8,272.133333333333
2023-04-24 01:00:00,1683.16666666667,95.05,271.383333333333
2023-04-24 02:00:00,1692.5,100.466666666667,271.0
2023-04-24 03:00:00,1707.83333333333,100.716666666667,270.433333333333
2023-04-24 04:00:00,1716.16666666667,100.883333333333,270.416666666667
2023-04-24 05:00:00,1734.0,100.966666666667,270.483333333333
2023-04-24 06:00:00,1749.33333333333,101.033333333333,270.633333333333
2023-04-24 07:00:00,1753.33333333333,101.1,270.8
2023-04-24 08:00:00,1745.66666666667,101.116666666667,271.433333333333
2023-04-24 09:00:00,1745.0,101.066666666667,271.916666666667
2023-04-24 10:00:00,1736.66666666667,101.0,272.216666666667
2023-04-24 11:00:00,1721.83333333333,101.033333333333,273.866666666667
2023-04-24 12:00:00,1703.83333333333,100.683333333333,273.55
2023-04-24 13:00:00,1688.16666666667,100.783333333333,273.25
2023-04-24 14:00:00,1704.0,100.8,272.766666666667
2023-04-24 15:00:00,1727.33333333333,100.583333333333,272.5
2023-04-24 16:00:00,1750.33333333333,100.716666666667,271.566666666667
2023-04-24 17:00:00,1749.83333333333,100.7,271.05
2023-04-24 18:00:00,1754.33333333333,100.7,270.733333333333
2023-04-24 19:00:00,1758.0,100.716666666667,270.1
2023-04-24 20:00:00,1759.0,100.633333333333,269.416666666667
2023-04-24 21:00:00,1757.66666666667,100.7,269.383333333333
2023-04-24 22:00:00,1755.83333333333,100.7,269.383333333333
2023-04-24 23:00:00,1747.66666666667,100.666666666667,269.466666666667
2023-04-25 00:00:00,1746.5,100.583333333333,269.35
2023-04-25 01:00:00,1767.16666666667,99.65,268.866666666667
2023-04-25 02:00:00,1778.0,97.1666666666667,268.816666666667
2023-04-25 03:00:00,1781.16666666667,99.7,268.916666666667
2023-04-25 04:00:00,1803.5,99.8333333333333,268.366666666667
2023-04-25 05:00:00,1801.83333333333,100.1,268.066666666667
2023-04-25 06:00:00,1794.16666666667,98.7333333333333,268.116666666667
2023-04-25 07:00:00,1776.33333333333,96.25,269.0
2023-04-25 08:00:00,1777.5,88.6,271.033333333333
2023-04-25 09:00:00,1779.33333333333,85.4166666666666,271.95
2023-04-25 10:00:00,1768.0,84.5833333333333,272.433333333333
2023-04-25 11:00:00,1762.5,85.1333333333333,272.2
2023-04-25 12:00:00,1782.5,87.1,270.766666666667
2023-04-25 13:00:00,1783.83333333333,85.3,271.3
2023-04-25 14:00:00,1782.5,85.6833333333333,271.516666666667
2023-04-25 15:00:00,1792.83333333333,91.05,270.25
2023-04-25 16:00:00,1791.33333333333,92.35,270.183333333333
2023-04-25 17:00:00,1802.33333333333,97.0333333333333,269.366666666667
2023-04-25 18:00:00,1817.5,95.6,268.416666666667
2023-04-25 19:00:00,1818.0,95.3666666666667,267.933333333333
2023-04-25 20:00:00,1819.66666666667,96.9333333333334,267.883333333333
2023-04-25 21:00:00,1816.66666666667,98.8333333333333,267.75
2023-04-25 22:00:00,1861.66666666667,100.316666666667,267.9
2023-04-25 23:00:00,1863.0,100.066666666667,267.9
2023-04-26 00:00:00,1887.83333333333,99.15,267.816666666667
2023-04-26 01:00:00,1883.66666666667,96.5833333333333,267.55
2023-04-26 02:00:00,1879.33333333333,96.05,267.366666666667
2023-04-26 03:00:00,1875.33333333333,95.4833333333334,267.416666666667
2023-04-26 04:00:00,1872.16666666667,96.0833333333333,267.333333333333
2023-04-26 05:00:00,1864.66666666667,96.3,266.8
2023-04-26 06:00:00,1871.16666666667,95.9333333333333,266.916666666667
2023-04-26 07:00:00,1865.66666666667,86.3333333333333,267.0
2023-04-26 08:00:00,1864.66666666667,76.6,268.683333333333
2023-04-26 09:00:00,1858.66666666667,73.1666666666667,269.7
2023-04-26 10:00:00,1854.83333333333,64.9166666666667,270.566666666667
2023-04-26 11:00:00,1854.0,55.0333333333333,271.583333333333
2023-04-26 12:00:00,1846.5,50.75,273.383333333333
2023-04-26 13:00:00,1835.16666666667,53.1,273.5
2023-04-26 14:00:00,1815.83333333333,52.3333333333333,274.766666666667
2023-04-26 15:00:00,1777.33333333333,49.6666666666667,274.583333333333
2023-04-26 16:00:00,1787.83333333333,52.2,274.883333333333
2023-04-26 17:00:00,1787.16666666667,47.4166666666667,273.866666666667
2023-04-26 18:00:00,1790.16666666667,50.0333333333333,273.25
2023-04-26 19:00:00,1794.5,49.7,272.666666666667
2023-04-26 20:00:00,1796.0,57.6166666666667,272.05
2023-04-26 21:00:00,1796.0,68.9666666666667,271.65
2023-04-26 22:00:00,1790.83333333333,79.3333333333333,271.55
2023-04-26 23:00:00,1792.83333333333,94.7,271.133333333333
2023-04-27 00:00:00,1788.83333333333,99.1166666666667,271.266666666667
2023-04-27 01:00:00,1803.5,98.7,271.5
2023-04-27 02:00:00,1801.33333333333,98.5,271.65
2023-04-27 03:00:00,1801.33333333333,97.1333333333333,271.733333333333
2023-04-27 04:00:00,1802.33333333333,98.8666666666667,271.7
2023-04-27 05:00:00,1818.0,100.9,271.566666666667
2023-04-27 06:00:00,1831.83333333333,100.966666666667,271.7
2023-04-27 07:00:00,1834.0,101.033333333333,272.033333333333
2023-04-27 08:00:00,1826.0,100.966666666667,273.716666666667
2023-04-27 09:00:00,1822.16666666667,100.116666666667,274.166666666667
2023-04-27 10:00:00,1803.83333333333,97.7166666666667,275.066666666667
2023-04-27 11:00:00,1809.5,89.25,274.866666666667
2023-04-27 12:00:00,1803.83333333333,80.05,275.183333333333
2023-04-27 13:00:00,1794.66666666667,67.2166666666667,276.633333333333
2023-04-27 14:00:00,1782.5,60.3166666666667,278.1
2023-04-27 15:00:00,1773.83333333333,59.05,278.516666666667
2023-04-27 16:00:00,1757.5,56.4,279.066666666667
2023-04-27 17:00:00,1749.16666666667,57.8833333333333,278.366666666667
2023-04-27 18:00:00,1734.83333333333,65.9833333333333,277.233333333333
2023-04-27 19:00:00,1759.66666666667,77.65,275.2
2023-04-27 20:00:00,1763.5,79.9166666666667,274.866666666667
2023-04-27 21:00:00,1763.5,81.8833333333333,274.733333333333
2023-04-27 22:00:00,1760.33333333333,78.2833333333334,274.716666666667
2023-04-27 23:00:00,1762.5,70.5333333333334,275.383333333333
2023-04-28 00:00:00,1759.33333333333,68.4333333333333,275.333333333333
2023-04-28 01:00:00,1758.66666666667,65.3,275.266666666667
2023-04-28 02:00:00,1757.83333333333,64.5,275.333333333333
2023-04-28 03:00:00,1755.83333333333,57.2,275.766666666667
2023-04-28 04:00:00,1755.16666666667,55.1666666666667,275.883333333333
2023-04-28 05:00:00,1754.33333333333,81.6833333333333,274.266666666667
2023-04-28 06:00:00,1765.0,101.0,273.083333333333
2023-04-28 07:00:00,1775.16666666667,101.6,273.666666666667
2023-04-28 08:00:00,1746.66666666667,101.816666666667,274.383333333333
2023-04-28 09:00:00,1793.83333333333,101.8,275.25
2023-04-28 10:00:00,1789.5,102.066666666667,275.933333333333
2023-04-28 11:00:00,1785.16666666667,102.133333333333,276.15
2023-04-28 12:00:00,1787.5,102.283333333333,275.9
2023-04-28 13:00:00,1793.0,102.316666666667,276.35
2023-04-28 14:00:00,1783.33333333333,102.333333333333,276.2
2023-04-28 15:00:00,1775.5,102.383333333333,276.033333333333
2023-04-28 16:00:00,1789.5,102.366666666667,276.05
2023-04-28 17:00:00,1793.66666666667,102.516666666667,275.633333333333
2023-04-28 18:00:00,1784.83333333333,102.2,275.416666666667
2023-04-28 19:00:00,1778.33333333333,101.7,275.766666666667
2023-04-28 20:00:00,1787.16666666667,101.55,275.166666666667
2023-04-28 21:00:00,1827.5,102.433333333333,274.416666666667
2023-04-28 22:00:00,1836.5,102.733333333333,274.383333333333
2023-04-28 23:00:00,1852.83333333333,102.8,274.616666666667
2023-04-29 00:00:00,1848.66666666667,102.8,274.633333333333
2023-04-29 01:00:00,1846.33333333333,102.8,275.116666666667
2023-04-29 02:00:00,1827.83333333333,102.8,275.216666666667
2023-04-29 03:00:00,1812.5,102.8,275.416666666667
2023-04-29 04:00:00,1827.5,102.8,275.0
2023-04-29 05:00:00,1838.5,102.8,274.8
2023-04-29 06:00:00,1843.66666666667,102.8,274.9
2023-04-29 07:00:00,1838.83333333333,102.9,275.1
2023-04-29 08:00:00,1824.83333333333,102.8,275.833333333333
2023-04-29 09:00:00,1817.0,93.0166666666667,278.2
2023-04-29 10:00:00,1814.83333333333,77.8166666666667,278.05
2023-04-29 11:00:00,1808.33333333333,70.75,278.766666666667
2023-04-29 12:00:00,1808.16666666667,65.4833333333333,279.15
2023-04-29 13:00:00,1787.33333333333,61.85,280.316666666667
2023-04-29 14:00:00,1773.16666666667,66.05,279.75
2023-04-29 15:00:00,1774.0,73.0666666666667,278.433333333333
2023-04-29 16:00:00,1761.5,84.5666666666667,277.5
2023-04-29 17:00:00,1797.5,99.5,276.1
2023-04-29 18:00:00,1798.0,85.9,276.883333333333
2023-04-29 19:00:00,1813.5,101.033333333333,274.85
2023-04-29 20:00:00,1814.83333333333,94.2333333333334,275.033333333333
2023-04-29 21:00:00,1812.33333333333,95.0333333333333,274.766666666667
2023-04-29 22:00:00,1808.66666666667,89.5666666666667,274.7
2023-04-29 23:00:00,1807.0,85.4666666666667,274.883333333333
2023-04-30 00:00:00,1801.66666666667,86.1166666666667,274.583333333333
2023-04-30 01:00:00,1794.66666666667,87.2833333333334,274.5
2023-04-30 02:00:00,1781.66666666667,86.9833333333333,274.366666666667
2023-04-30 03:00:00,1785.66666666667,87.0833333333333,274.116666666667
2023-04-30 04:00:00,1779.66666666667,89.1833333333333,273.733333333333
2023-04-30 05:00:00,1780.33333333333,93.9333333333333,273.616666666667
2023-04-30 06:00:00,1775.33333333333,99.95,272.733333333333
2023-04-30 07:00:00,1766.33333333333,100.133333333333,273.95
2023-04-30 08:00:00,1764.5,89.55,275.3
2023-04-30 09:00:00,1775.66666666667,95.6333333333333,275.566666666667
2023-04-30 10:00:00,1784.33333333333,95.3333333333333,276.266666666667
2023-04-30 11:00:00,1767.83333333333,79.15,278.616666666667
2023-04-30 12:00:00,1750.66666666667,73.4666666666667,279.516666666667
2023-04-30 13:00:00,1750.16666666667,67.1666666666667,280.066666666667
2023-04-30 14:00:00,1743.16666666667,63.15,280.233333333333
2023-04-30 15:00:00,1755.66666666667,65.55,280.333333333333
2023-04-30 16:00:00,1734.33333333333,67.15,279.916666666667
2023-04-30 17:00:00,1753.16666666667,81.0666666666667,278.3
2023-04-30 18:00:00,1756.16666666667,94.4666666666667,277.133333333333
2023-04-30 19:00:00,1755.0,79.5666666666667,277.233333333333
2023-04-30 20:00:00,1758.5,98.8,276.366666666667
2023-04-30 21:00:00,1756.16666666667,100.95,275.25
2023-04-30 22:00:00,1755.33333333333,101.2,274.95
2023-04-30 23:00:00,1763.5,100.783333333333,275.266666666667
2023-05-01 00:00:00,1764.5,100.75,275.3
2023-05-01 01:00:00,1767.83333333333,100.983333333333,275.133333333333
2023-05-01 02:00:00,1772.0,100.883333333333,275.083333333333
2023-05-01 03:00:00,1773.0,100.666666666667,275.066666666667
2023-05-01 04:00:00,1773.16666666667,100.833333333333,274.95
2023-05-01 05:00:00,1772.33333333333,100.983333333333,274.816666666667
2023-05-01 06:00:00,1770.16666666667,100.8,274.833333333333
2023-05-01 07:00:00,1766.5,100.816666666667,275.066666666667
2023-05-01 08:00:00,1759.0,94.85,275.966666666667
2023-05-01 09:00:00,1748.5,93.0666666666667,277.066666666667
2023-05-01 10:00:00,1748.83333333333,98.4166666666667,277.0
2023-05-01 11:00:00,1751.33333333333,95.9166666666667,277.166666666667
2023-05-01 12:00:00,1729.0,92.8166666666667,277.583333333333
2023-05-01 13:00:00,1721.66666666667,89.6,277.883333333333
2023-05-01 14:00:00,1722.0,99.55,276.633333333333
2023-05-01 15:00:00,1750.83333333333,101.3,275.2
2023-05-01 16:00:00,1815.66666666667,100.333333333333,275.066666666667
2023-05-01 17:00:00,1834.33333333333,101.1,274.5
2023-05-01 18:00:00,1836.83333333333,101.3,274.0
2023-05-01 19:00:00,1848.5,101.366666666667,273.533333333333
2023-05-01 20:00:00,1864.33333333333,101.216666666667,273.066666666667
2023-05-01 21:00:00,1866.0,101.2,272.6
2023-05-01 22:00:00,1871.83333333333,100.75,272.483333333333
2023-05-01 23:00:00,1874.16666666667,101.05,272.116666666667
2023-05-02 00:00:00,1874.5,101.533333333333,271.85
2023-05-02 01:00:00,1880.0,101.65,271.816666666667
2023-05-02 02:00:00,1884.16666666667,101.516666666667,271.7
2023-05-02 03:00:00,1887.16666666667,101.366666666667,271.533333333333
2023-05-02 04:00:00,1887.83333333333,101.633333333333,271.566666666667
2023-05-02 05:00:00,1889.83333333333,101.65,271.466666666667
2023-05-02 06:00:00,1889.83333333333,101.583333333333,271.5
2023-05-02 07:00:00,1885.5,101.316666666667,272.216666666667
2023-05-02 08:00:00,1874.33333333333,100.916666666667,273.25
2023-05-02 09:00:00,1878.0,100.966666666667,273.016666666667
2023-05-02 10:00:00,1865.33333333333,98.8333333333333,274.133333333333
2023-05-02 11:00:00,1841.33333333333,94.2,275.333333333333
2023-05-02 12:00:00,1834.0,90.0666666666667,275.733333333333
2023-05-02 13:00:00,1807.83333333333,90.2833333333333,276.466666666667
2023-05-02 14:00:00,1808.66666666667,93.8666666666667,276.116666666667
2023-05-02 15:00:00,1801.0,91.0833333333333,276.016666666667
2023-05-02 16:00:00,1801.83333333333,91.7166666666667,275.7
2023-05-02 17:00:00,1806.83333333333,98.4,274.516666666667
2023-05-02 18:00:00,1805.5,100.933333333333,273.866666666667
2023-05-02 19:00:00,1818.5,101.45,273.283333333333
2023-05-02 20:00:00,1821.83333333333,101.733333333333,272.7
2023-05-02 21:00:00,1826.5,101.516666666667,272.166666666667
2023-05-02 22:00:00,1824.16666666667,101.5,272.116666666667
2023-05-02 23:00:00,1821.83333333333,101.716666666667,272.15
2023-05-03 00:00:00,1820.16666666667,101.833333333333,272.066666666667
2023-05-03 01:00:00,1819.83333333333,101.833333333333,272.016666666667
2023-05-03 02:00:00,1816.5,101.433333333333,271.716666666667
2023-05-03 03:00:00,1815.5,101.416666666667,271.466666666667
2023-05-03 04:00:00,1813.83333333333,101.733333333333,271.233333333333
2023-05-03 05:00:00,1813.83333333333,101.55,270.9
2023-05-03 06:00:00,1810.33333333333,100.95,270.916666666667
2023-05-03 07:00:00,1805.33333333333,101.15,271.316666666667
2023-05-03 08:00:00,1798.33333333333,96.45,272.6
2023-05-03 09:00:00,1786.16666666667,86.1,274.55
2023-05-03 10:00:00,1784.16666666667,85.4333333333333,275.566666666667
2023-05-03 11:00:00,1780.0,81.0166666666667,276.933333333333
2023-05-03 12:00:00,1779.0,69.4666666666667,278.1
2023-05-03 13:00:00,1766.66666666667,63.6166666666667,279.5
2023-05-03 14:00:00,1749.5,61.6833333333333,279.483333333333
2023-05-03 15:00:00,1755.33333333333,60.1833333333333,278.65
2023-05-03 16:00:00,1749.0,56.35,278.9
2023-05-03 17:00:00,1743.66666666667,55.4666666666667,279.033333333333
2023-05-03 18:00:00,1744.0,57.3333333333333,278.666666666667
2023-05-03 19:00:00,1759.16666666667,59.7833333333333,276.366666666667
2023-05-03 20:00:00,1763.33333333333,68.3666666666667,275.45
2023-05-03 21:00:00,1764.5,93.9,274.766666666667
2023-05-03 22:00:00,1764.0,98.1,274.583333333333
2023-05-03 23:00:00,1764.16666666667,93.8,274.483333333333
2023-05-04 00:00:00,1764.16666666667,90.9833333333333,274.45
2023-05-04 01:00:00,1763.16666666667,70.05,274.55
2023-05-04 02:00:00,1759.83333333333,48.6666666666667,274.95
2023-05-04 03:00:00,1757.66666666667,41.7666666666667,275.216666666667
2023-05-04 04:00:00,1758.33333333333,29.15,275.65
2023-05-04 05:00:00,1754.83333333333,17.05,276.5
2023-05-04 06:00:00,1751.16666666667,15.1333333333333,277.1
2023-05-04 07:00:00,1741.5,16.95,278.733333333333
2023-05-04 08:00:00,1735.66666666667,19.0,280.183333333333
2023-05-04 09:00:00,1714.0,29.4333333333333,282.35
2023-05-04 10:00:00,1726.5,23.8333333333333,282.016666666667
2023-05-04 11:00:00,1720.66666666667,22.8666666666667,282.916666666667
2023-05-04 12:00:00,1723.66666666667,25.35,282.316666666667
2023-05-04 13:00:00,1724.16666666667,28.0833333333333,282.783333333333
2023-05-04 14:00:00,1723.33333333333,30.4666666666667,282.366666666667
2023-05-04 15:00:00,1717.16666666667,32.3333333333333,282.5
2023-05-04 16:00:00,1704.16666666667,30.3666666666667,283.066666666667
2023-05-04 17:00:00,1698.5,33.2833333333333,282.65
2023-05-04 18:00:00,1701.5,38.7833333333333,282.1
2023-05-04 19:00:00,1716.66666666667,47.0166666666667,279.883333333333
2023-05-04 20:00:00,1721.33333333333,54.1666666666667,279.333333333333
2023-05-04 21:00:00,1724.16666666667,66.8666666666667,278.516666666667
2023-05-04 22:00:00,1723.16666666667,63.25,278.35
2023-05-04 23:00:00,1722.33333333333,59.55,278.883333333333
2023-05-05 00:00:00,1721.83333333333,66.9166666666667,278.733333333333
2023-05-05 01:00:00,1721.5,68.6666666666667,278.566666666667
2023-05-05 02:00:00,1720.5,71.7833333333334,278.333333333333
2023-05-05 03:00:00,1720.33333333333,75.1333333333333,278.083333333333
2023-05-05 04:00:00,1719.83333333333,74.75,277.983333333333
2023-05-05 05:00:00,1712.5,78.0833333333333,277.916666666667
2023-05-05 06:00:00,1705.83333333333,77.6333333333334,277.883333333333
2023-05-05 07:00:00,1696.5,75.7333333333333,278.316666666667
2023-05-05 08:00:00,1690.5,72.2333333333333,279.283333333333
2023-05-05 09:00:00,1685.0,68.0333333333333,280.033333333333
2023-05-05 10:00:00,1636.66666666667,55.6833333333333,282.516666666667
2023-05-05 11:00:00,1666.83333333333,54.2,282.666666666667
2023-05-05 12:00:00,1668.66666666667,44.8833333333333,283.666666666667
2023-05-05 13:00:00,1654.0,41.8166666666667,284.7
2023-05-05 14:00:00,1634.16666666667,41.5666666666667,285.216666666667
2023-05-05 15:00:00,1645.5,45.15,283.266666666667
2023-05-05 16:00:00,1653.33333333333,46.0833333333333,283.35
2023-05-05 17:00:00,1657.66666666667,54.6333333333333,281.766666666667
2023-05-05 18:00:00,1660.83333333333,58.0666666666667,281.416666666667
2023-05-05 19:00:00,1663.5,59.05,280.883333333333
2023-05-05 20:00:00,1664.33333333333,85.4166666666667,277.85
2023-05-05 21:00:00,1656.83333333333,101.166666666667,275.4
2023-05-05 22:00:00,1671.0,101.166666666667,275.983333333333
2023-05-05 23:00:00,1668.83333333333,100.383333333333,276.066666666667
2023-05-06 00:00:00,1673.66666666667,96.9833333333333,276.25
2023-05-06 01:00:00,1673.0,93.9,276.683333333333
2023-05-06 02:00:00,1671.66666666667,91.05,277.066666666667
2023-05-06 03:00:00,1668.5,92.4833333333333,276.883333333333
2023-05-06 04:00:00,1665.83333333333,94.6,276.683333333333
2023-05-06 05:00:00,1661.33333333333,98.7333333333333,276.25
2023-05-06 06:00:00,1660.5,96.85,276.133333333333
2023-05-06 07:00:00,1662.33333333333,96.25,276.416666666667
2023-05-06 08:00:00,1651.16666666667,88.6,278.166666666667
2023-05-06 09:00:00,1650.66666666667,78.4833333333333,278.733333333333
2023-05-06 10:00:00,1648.5,88.3,278.616666666667
2023-05-06 11:00:00,1637.83333333333,81.9166666666667,280.05
2023-05-06 12:00:00,1640.0,67.5333333333333,281.15
2023-05-06 13:00:00,1631.5,65.8166666666667,281.683333333333
2023-05-06 14:00:00,1598.83333333333,60.7666666666667,282.783333333333
2023-05-06 15:00:00,1593.83333333333,58.5666666666667,282.9
2023-05-06 16:00:00,1583.66666666667,60.9833333333333,282.766666666667
2023-05-06 17:00:00,1583.0,63.95,282.066666666667
2023-05-06 18:00:00,1590.5,71.3,280.8
2023-05-06 19:00:00,1593.33333333333,83.1666666666667,279.65
2023-05-06 20:00:00,1570.66666666667,84.9166666666667,279.166666666667
2023-05-06 21:00:00,1579.16666666667,86.2,278.633333333333
2023-05-06 22:00:00,1585.16666666667,88.6,277.533333333333
2023-05-06 23:00:00,1600.0,100.216666666667,276.05
2023-05-07 00:00:00,1598.16666666667,92.95,276.533333333333
2023-05-07 01:00:00,1598.66666666667,72.0166666666667,277.55
2023-05-07 02:00:00,1593.16666666667,67.2166666666667,278.25
2023-05-07 03:00:00,1587.0,66.6333333333333,278.1
2023-05-07 04:00:00,1584.5,64.3,278.183333333333
2023-05-07 05:00:00,1580.5,61.9833333333333,278.333333333333
2023-05-07 06:00:00,1579.5,62.55,278.45
2023-05-07 07:00:00,1575.33333333333,61.2,278.816666666667
2023-05-07 08:00:00,1565.5,55.85,280.166666666667
2023-05-07 09:00:00,1547.5,54.1666666666667,282.016666666667
2023-05-07 10:00:00,1548.83333333333,58.6833333333333,281.266666666667
2023-05-07 11:00:00,1561.66666666667,58.6833333333333,281.483333333333
2023-05-07 12:00:00,1567.83333333333,58.65,281.45
2023-05-07 13:00:00,1545.0,58.3,283.65
2023-05-07 14:00:00,1544.83333333333,53.8833333333333,283.75
2023-05-07 15:00:00,1530.33333333333,49.9333333333333,284.333333333333
2023-05-07 16:00:00,1519.33333333333,51.7333333333334,284.233333333333
2023-05-07 17:00:00,1527.16666666667,56.1,283.1
2023-05-07 18:00:00,1528.5,60.0166666666667,281.066666666667
2023-05-07 19:00:00,1536.16666666667,79.15,278.933333333333
2023-05-07 20:00:00,1533.16666666667,100.466666666667,277.933333333333
2023-05-07 21:00:00,1512.16666666667,99.3666666666667,276.866666666667
2023-05-07 22:00:00,1504.66666666667,100.983333333333,276.566666666667
2023-05-07 23:00:00,1517.83333333333,101.383333333333,276.333333333333
2023-05-08 00:00:00,1518.66666666667,102.1,276.033333333333
2023-05-08 01:00:00,1522.66666666667,102.416666666667,275.966666666667
2023-05-08 02:00:00,1521.66666666667,102.6,275.85
2023-05-08 03:00:00,1527.33333333333,102.616666666667,275.833333333333
2023-05-08 04:00:00,1530.16666666667,102.7,275.65
2023-05-08 05:00:00,1533.66666666667,102.716666666667,275.7
2023-05-08 06:00:00,1525.66666666667,102.6,275.783333333333
2023-05-08 07:00:00,1513.33333333333,102.016666666667,276.433333333333
2023-05-08 08:00:00,1508.83333333333,101.216666666667,277.116666666667
2023-05-08 09:00:00,1489.16666666667,92.8333333333334,278.516666666667
2023-05-08 10:00:00,1500.16666666667,93.9166666666667,278.7
2023-05-08 11:00:00,1462.33333333333,83.1166666666667,279.866666666667
2023-05-08 12:00:00,1469.33333333333,81.15,280.266666666667
2023-05-08 13:00:00,1467.5,90.55,279.966666666667
2023-05-08 14:00:00,1459.66666666667,85.2166666666667,280.616666666667
2023-05-08 15:00:00,1464.83333333333,83.4,280.683333333333
2023-05-08 16:00:00,1484.0,84.85,279.366666666667
2023-05-08 17:00:00,1494.33333333333,98.8,277.85
2023-05-08 18:00:00,1497.33333333333,99.6333333333333,277.0
2023-05-08 19:00:00,1492.16666666667,100.866666666667,276.783333333333
2023-05-08 20:00:00,1472.5,100.4,276.633333333333
2023-05-08 21:00:00,1482.33333333333,98.6666666666667,276.866666666667
2023-05-08 22:00:00,1489.0,101.016666666667,276.466666666667
2023-05-08 23:00:00,1490.66666666667,101.733333333333,276.183333333333
2023-05-09 00:00:00,1491.33333333333,98.7333333333333,276.466666666667
2023-05-09 01:00:00,1491.0,95.0833333333333,276.383333333333
2023-05-09 02:00:00,1489.33333333333,92.1333333333333,276.5
2023-05-09 03:00:00,1488.66666666667,99.1833333333333,276.25
2023-05-09 04:00:00,1489.66666666667,93.8333333333333,276.166666666667
2023-05-09 05:00:00,1490.66666666667,87.4,276.616666666667
2023-05-09 06:00:00,1488.66666666667,90.7833333333333,276.55
2023-05-09 07:00:00,1487.5,88.5333333333334,276.85
2023-05-09 08:00:00,1479.66666666667,84.6333333333334,277.816666666667
2023-05-09 09:00:00,1455.5,85.3166666666667,279.35
2023-05-09 10:00:00,1446.66666666667,92.65,278.966666666667
2023-05-09 11:00:00,1449.33333333333,72.4333333333333,280.516666666667
2023-05-09 12:00:00,1452.66666666667,55.2666666666667,281.383333333333
2023-05-09 13:00:00,1449.16666666667,51.1,282.233333333333
2023-05-09 14:00:00,1434.66666666667,48.0833333333333,283.05
2023-05-09 15:00:00,1424.0,47.1666666666667,282.85
2023-05-09 16:00:00,1418.66666666667,47.4,282.916666666667
2023-05-09 17:00:00,1423.0,50.55,282.083333333333
2023-05-09 18:00:00,1424.16666666667,59.45,280.533333333333
2023-05-09 19:00:00,1434.16666666667,72.9333333333333,278.916666666667
2023-05-09 20:00:00,1435.5,79.0666666666667,278.333333333333
2023-05-09 21:00:00,1431.5,97.2333333333333,277.2
2023-05-09 22:00:00,1421.83333333333,101.15,276.783333333333
2023-05-09 23:00:00,1432.0,101.866666666667,276.45
2023-05-10 00:00:00,1439.16666666667,101.4,275.833333333333
2023-05-10 01:00:00,1440.33333333333,100.933333333333,275.483333333333
2023-05-10 02:00:00,1436.66666666667,101.216666666667,274.883333333333
2023-05-10 03:00:00,1438.16666666667,101.866666666667,274.4
2023-05-10 04:00:00,1453.0,102.2,274.216666666667
2023-05-10 05:00:00,1485.16666666667,102.033333333333,273.866666666667
2023-05-10 06:00:00,1495.83333333333,101.9,273.683333333333
2023-05-10 07:00:00,1502.5,101.866666666667,273.933333333333
2023-05-10 08:00:00,1506.66666666667,101.55,274.383333333333
2023-05-10 09:00:00,1518.33333333333,101.083333333333,274.483333333333
2023-05-10 10:00:00,1506.66666666667,101.05,274.533333333333
2023-05-10 11:00:00,1502.0,101.166666666667,275.016666666667
2023-05-10 12:00:00,1513.0,101.083333333333,274.883333333333
2023-05-10 13:00:00,1495.66666666667,101.183333333333,275.416666666667
2023-05-10 14:00:00,1512.16666666667,100.833333333333,274.866666666667
2023-05-10 15:00:00,1517.83333333333,101.083333333333,274.816666666667
2023-05-10 16:00:00,1532.66666666667,100.916666666667,273.866666666667
2023-05-10 17:00:00,1542.5,101.216666666667,273.55
2023-05-10 18:00:00,1549.33333333333,101.433333333333,273.033333333333
2023-05-10 19:00:00,1568.83333333333,101.45,272.3
2023-05-10 20:00:00,1582.5,101.45,271.833333333333
2023-05-10 21:00:00,1590.33333333333,101.5,271.516666666667
2023-05-10 22:00:00,1595.0,101.5,271.266666666667
2023-05-10 23:00:00,1604.16666666667,101.5,271.25
2023-05-11 00:00:00,1618.33333333333,101.5,271.166666666667
2023-05-11 01:00:00,1631.83333333333,101.5,271.183333333333
2023-05-11 02:00:00,1646.83333333333,101.5,271.166666666667
2023-05-11 03:00:00,1660.16666666667,101.483333333333,271.15
2023-05-11 04:00:00,1672.83333333333,101.4,271.116666666667
2023-05-11 05:00:00,1680.83333333333,101.4,270.95
2023-05-11 06:00:00,1686.5,101.35,270.966666666667
2023-05-11 07:00:00,1688.5,101.35,271.55
2023-05-11 08:00:00,1683.66666666667,101.25,272.2
2023-05-11 09:00:00,1668.5,101.483333333333,274.0
2023-05-11 10:00:00,1637.83333333333,101.4,275.483333333333
2023-05-11 11:00:00,1629.16666666667,100.916666666667,276.716666666667
2023-05-11 12:00:00,1623.16666666667,93.3166666666667,276.616666666667
2023-05-11 13:00:00,1621.66666666667,95.3666666666667,276.15
2023-05-11 14:00:00,1584.83333333333,91.6,277.316666666667
2023-05-11 15:00:00,1605.0,96.0666666666667,275.616666666667
2023-05-11 16:00:00,1620.0,98.6333333333333,275.35
2023-05-11 17:00:00,1628.66666666667,99.2333333333333,274.5
2023-05-11 18:00:00,1631.83333333333,100.766666666667,273.983333333333
2023-05-11 19:00:00,1633.5,101.016666666667,273.066666666667
2023-05-11 20:00:00,1641.33333333333,101.416666666667,272.6
2023-05-11 21:00:00,1649.5,101.7,272.216666666667
2023-05-11 22:00:00,1651.16666666667,101.8,272.033333333333
2023-05-11 23:00:00,1637.33333333333,101.75,271.816666666667
2023-05-12 00:00:00,1651.5,101.316666666667,271.4
2023-05-12 01:00:00,1649.33333333333,101.016666666667,271.016666666667
2023-05-12 02:00:00,1648.16666666667,101.083333333333,270.95
2023-05-12 03:00:00,1647.16666666667,101.166666666667,270.783333333333
2023-05-12 04:00:00,1646.33333333333,100.7,270.833333333333
2023-05-12 05:00:00,1644.33333333333,100.816666666667,270.833333333333
2023-05-12 06:00:00,1641.5,100.983333333333,271.25
2023-05-12 07:00:00,1633.5,100.65,272.166666666667
2023-05-12 08:00:00,1616.33333333333,93.9166666666667,274.4
2023-05-12 09:00:00,1587.33333333333,89.1166666666667,274.85
2023-05-12 10:00:00,1580.0,84.6833333333333,276.033333333333
2023-05-12 11:00:00,1582.33333333333,83.2333333333333,276.533333333333
2023-05-12 12:00:00,1573.0,79.6,277.333333333333
2023-05-12 13:00:00,1534.16666666667,73.9833333333333,278.966666666667
2023-05-12 14:00:00,1552.33333333333,83.55,277.85
2023-05-12 15:00:00,1552.66666666667,101.266666666667,277.633333333333
2023-05-12 16:00:00,1547.66666666667,88.6666666666667,277.3
2023-05-12 17:00:00,1556.83333333333,92.6666666666667,276.183333333333
2023-05-12 18:00:00,1554.5,95.0833333333333,276.133333333333
2023-05-12 19:00:00,1567.0,101.116666666667,274.666666666667
2023-05-12 20:00:00,1582.66666666667,101.8,274.216666666667
2023-05-12 21:00:00,1582.5,102.1,274.0
2023-05-12 22:00:00,1579.16666666667,102.083333333333,273.766666666667
2023-05-12 23:00:00,1577.16666666667,102.016666666667,273.583333333333
2023-05-13 00:00:00,1575.5,101.1,273.616666666667
2023-05-13 01:00:00,1568.66666666667,101.4,273.266666666667
2023-05-13 02:00:00,1568.33333333333,102.1,272.95
2023-05-13 03:00:00,1564.33333333333,102.183333333333,272.916666666667
2023-05-13 04:00:00,1557.16666666667,102.116666666667,272.883333333333
2023-05-13 05:00:00,1559.83333333333,96.0833333333333,272.983333333333
2023-05-13 06:00:00,1552.33333333333,92.1166666666667,273.316666666667
2023-05-13 07:00:00,1543.16666666667,97.2,273.966666666667
2023-05-13 08:00:00,1542.5,96.45,274.283333333333
2023-05-13 09:00:00,1548.16666666667,89.05,275.1
2023-05-13 10:00:00,1550.33333333333,90.6333333333333,275.866666666667
2023-05-13 11:00:00,1539.5,81.05,276.95
2023-05-13 12:00:00,1521.66666666667,77.9666666666667,277.783333333333
2023-05-13 13:00:00,1543.0,87.9833333333333,276.9
2023-05-13 14:00:00,1535.5,82.2,278.016666666667
2023-05-13 15:00:00,1537.83333333333,90.0333333333334,276.783333333333
2023-05-13 16:00:00,1556.0,100.566666666667,274.583333333333
2023-05-13 17:00:00,1564.66666666667,97.5166666666667,274.5
2023-05-13 18:00:00,1558.33333333333,91.6,275.266666666667
2023-05-13 19:00:00,1550.33333333333,101.166666666667,274.266666666667
2023-05-13 20:00:00,1568.0,101.2,273.716666666667
2023-05-13 21:00:00,1586.66666666667,101.95,273.116666666667
2023-05-13 22:00:00,1613.0,102.05,273.083333333333
2023-05-13 23:00:00,1616.0,101.533333333333,272.983333333333
2023-05-14 00:00:00,1615.16666666667,98.75,273.066666666667
2023-05-14 01:00:00,1615.16666666667,98.35,273.033333333333
2023-05-14 02:00:00,1612.0,100.316666666667,272.716666666667
2023-05-14 03:00:00,1609.0,98.25,272.85
2023-05-14 04:00:00,1607.5,97.7666666666667,272.683333333333
2023-05-14 05:00:00,1605.0,100.65,272.266666666667
2023-05-14 06:00:00,1599.33333333333,101.35,272.35
2023-05-14 07:00:00,1595.0,101.383333333333,272.95
2023-05-14 08:00:00,1592.66666666667,101.05,273.35
2023-05-14 09:00:00,1585.16666666667,99.7833333333334,274.316666666667
2023-05-14 10:00:00,1552.66666666667,87.2666666666667,276.616666666667
2023-05-14 11:00:00,1546.83333333333,89.0666666666667,276.8
2023-05-14 12:00:00,1546.16666666667,91.0166666666667,276.35
2023-05-14 13:00:00,1542.83333333333,92.55,276.666666666667
2023-05-14 14:00:00,1534.66666666667,87.9833333333334,277.483333333333
2023-05-14 15:00:00,1533.83333333333,93.7666666666667,276.65
2023-05-14 16:00:00,1538.33333333333,98.9,275.55
2023-05-14 17:00:00,1543.16666666667,98.0833333333333,275.3
2023-05-14 18:00:00,1554.16666666667,100.65,274.716666666667
2023-05-14 19:00:00,1576.16666666667,100.4,273.9
2023-05-14 20:00:00,1581.16666666667,100.233333333333,273.266666666667
2023-05-14 21:00:00,1579.33333333333,99.85,272.883333333333
2023-05-14 22:00:00,1577.33333333333,100.05,272.8
2023-05-14 23:00:00,1572.83333333333,101.183333333333,272.616666666667
2023-05-15 00:00:00,1580.5,100.783333333333,272.733333333333
2023-05-15 01:00:00,1577.83333333333,100.933333333333,272.433333333333
2023-05-15 02:00:00,1582.16666666667,101.2,272.333333333333
2023-05-15 03:00:00,1584.66666666667,101.216666666667,272.266666666667
2023-05-15 04:00:00,1589.16666666667,100.566666666667,272.016666666667
2023-05-15 05:00:00,1587.5,100.75,272.033333333333
2023-05-15 06:00:00,1591.83333333333,101.016666666667,272.066666666667
2023-05-15 07:00:00,1601.83333333333,101.15,272.533333333333
2023-05-15 08:00:00,1613.83333333333,101.433333333333,273.533333333333
2023-05-15 09:00:00,1594.5,101.55,275.116666666667
2023-05-15 10:00:00,1576.5,101.366666666667,275.3
2023-05-15 11:00:00,1578.0,99.6333333333333,275.133333333333
2023-05-15 12:00:00,1560.66666666667,92.1333333333333,275.783333333333
2023-05-15 13:00:00,1541.5,88.0,276.866666666667
2023-05-15 14:00:00,1530.33333333333,85.05,277.216666666667
2023-05-15 15:00:00,1537.5,76.5333333333333,277.133333333333
2023-05-15 16:00:00,1540.16666666667,78.5666666666667,276.083333333333
2023-05-15 17:00:00,1540.33333333333,78.6666666666667,275.883333333333
2023-05-15 18:00:00,1539.83333333333,80.25,274.75
2023-05-15 19:00:00,1543.16666666667,80.3,273.966666666667
2023-05-15 20:00:00,1544.5,85.8333333333333,273.633333333333
2023-05-15 21:00:00,1544.83333333333,91.1333333333333,273.433333333333
2023-05-15 22:00:00,1553.16666666667,100.9,272.916666666667
2023-05-15 23:00:00,1555.33333333333,100.033333333333,272.6
2023-05-16 00:00:00,1553.66666666667,100.75,272.683333333333
2023-05-16 01:00:00,1552.33333333333,101.35,272.583333333333
2023-05-16 02:00:00,1551.33333333333,101.883333333333,272.533333333333
2023-05-16 03:00:00,1542.83333333333,101.883333333333,272.333333333333
2023-05-16 04:00:00,1545.16666666667,101.816666666667,272.166666666667
2023-05-16 05:00:00,1546.0,101.75,271.85
2023-05-16 06:00:00,1543.16666666667,101.85,272.166666666667
2023-05-16 07:00:00,1542.83333333333,101.683333333333,272.5
2023-05-16 08:00:00,1540.33333333333,101.433333333333,272.733333333333
2023-05-16 09:00:00,1546.0,101.083333333333,272.95
2023-05-16 10:00:00,1538.33333333333,100.933333333333,273.85
2023-05-16 11:00:00,1535.16666666667,100.766666666667,274.683333333333
2023-05-16 12:00:00,1537.0,100.866666666667,274.633333333333
2023-05-16 13:00:00,1518.33333333333,100.6,275.983333333333
2023-05-16 14:00:00,1523.0,96.85,276.366666666667
2023-05-16 15:00:00,1559.16666666667,99.55,275.7
2023-05-16 16:00:00,1573.33333333333,100.916666666667,274.666666666667
2023-05-16 17:00:00,1574.33333333333,101.083333333333,274.5
2023-05-16 18:00:00,1584.0,101.183333333333,273.916666666667
2023-05-16 19:00:00,1591.0,101.416666666667,273.216666666667
2023-05-16 20:00:00,1599.5,101.633333333333,272.55
2023-05-16 21:00:00,1603.0,101.683333333333,272.166666666667
2023-05-16 22:00:00,1603.66666666667,101.716666666667,271.95
2023-05-16 23:00:00,1608.33333333333,101.65,271.7
2023-05-17 00:00:00,1613.66666666667,101.566666666667,271.4
2023-05-17 01:00:00,1618.16666666667,101.5,271.166666666667
2023-05-17 02:00:00,1619.5,101.416666666667,271.033333333333
2023-05-17 03:00:00,1619.0,101.416666666667,270.966666666667
2023-05-17 04:00:00,1621.16666666667,101.233333333333,270.416666666667
2023-05-17 05:00:00,1622.16666666667,101.016666666667,269.75
2023-05-17 06:00:00,1617.83333333333,101.0,269.9
2023-05-17 07:00:00,1611.5,101.033333333333,270.716666666667
2023-05-17 08:00:00,1601.66666666667,101.1,271.983333333333
2023-05-17 09:00:00,1599.66666666667,100.983333333333,272.383333333333
2023-05-17 10:00:00,1596.83333333333,101.016666666667,272.8
2023-05-17 11:00:00,1599.83333333333,100.983333333333,272.783333333333
2023-05-17 12:00:00,1591.83333333333,101.1,273.516666666667
2023-05-17 13:00:00,1592.5,101.1,273.4
2023-05-17 14:00:00,1585.66666666667,101.116666666667,273.866666666667
2023-05-17 15:00:00,1590.16666666667,101.133333333333,273.05
2023-05-17 16:00:00,1591.16666666667,101.183333333333,272.483333333333
2023-05-17 17:00:00,1592.66666666667,101.166666666667,272.116666666667
2023-05-17 18:00:00,1593.66666666667,101.1,272.016666666667
2023-05-17 19:00:00,1593.66666666667,101.15,271.716666666667
2023-05-17 20:00:00,1599.33333333333,101.1,270.716666666667
2023-05-17 21:00:00,1600.0,101.1,270.383333333333
2023-05-17 22:00:00,1597.33333333333,101.1,270.216666666667
2023-05-17 23:00:00,1593.16666666667,101.1,270.166666666667
2023-05-18 00:00:00,1594.5,101.1,270.15
2023-05-18 01:00:00,1594.66666666667,101.1,270.133333333333
2023-05-18 02:00:00,1594.33333333333,101.1,270.183333333333
2023-05-18 03:00:00,1589.83333333333,101.1,270.266666666667
2023-05-18 04:00:00,1590.66666666667,101.1,270.166666666667
2023-05-18 05:00:00,1589.83333333333,101.1,269.883333333333
2023-05-18 06:00:00,1588.5,100.966666666667,269.616666666667
2023-05-18 07:00:00,1582.83333333333,100.8,269.983333333333
2023-05-18 08:00:00,1574.83333333333,100.866666666667,271.266666666667
2023-05-18 09:00:00,1567.16666666667,101.216666666667,273.916666666667
2023-05-18 10:00:00,1534.66666666667,97.3666666666667,277.966666666667
2023-05-18 11:00:00,1529.16666666667,93.3,276.033333333333
2023-05-18 12:00:00,1537.83333333333,98.8,276.1
2023-05-18 13:00:00,1516.83333333333,97.25,277.016666666667
2023-05-18 14:00:00,1494.66666666667,93.3333333333333,277.516666666667
2023-05-18 15:00:00,1484.66666666667,90.5833333333333,277.8
2023-05-18 16:00:00,1479.16666666667,99.0833333333333,276.766666666667
2023-05-18 17:00:00,1478.83333333333,101.916666666667,277.0
2023-05-18 18:00:00,1497.66666666667,102.083333333333,275.583333333333
2023-05-18 19:00:00,1496.83333333333,102.283333333333,274.9
2023-05-18 20:00:00,1504.66666666667,102.45,274.35
2023-05-18 21:00:00,1506.83333333333,102.566666666667,274.216666666667
2023-05-18 22:00:00,1507.16666666667,102.5,274.016666666667
2023-05-18 23:00:00,1510.0,102.533333333333,273.833333333333
2023-05-19 00:00:00,1511.5,102.6,274.2
2023-05-19 01:00:00,1509.83333333333,102.583333333333,274.033333333333
2023-05-19 02:00:00,1509.0,102.633333333333,274.4
2023-05-19 03:00:00,1508.0,102.516666666667,274.55
2023-05-19 04:00:00,1508.0,102.65,274.816666666667
2023-05-19 05:00:00,1508.0,102.733333333333,274.733333333333
2023-05-19 06:00:00,1506.33333333333,102.766666666667,274.933333333333
2023-05-19 07:00:00,1501.33333333333,102.6,275.366666666667
2023-05-19 08:00:00,1491.83333333333,102.333333333333,276.483333333333
2023-05-19 09:00:00,1485.66666666667,102.166666666667,277.2
2023-05-19 10:00:00,1476.83333333333,102.216666666667,278.666666666667
2023-05-19 11:00:00,1476.66666666667,102.183333333333,278.633333333333
2023-05-19 12:00:00,1480.83333333333,102.216666666667,278.916666666667
2023-05-19 13:00:00,1478.33333333333,102.116666666667,279.383333333333
2023-05-19 14:00:00,1477.33333333333,92.8666666666667,279.05
2023-05-19 15:00:00,1454.5,71.8666666666667,280.15
2023-05-19 16:00:00,1459.33333333333,70.1833333333333,280.05
2023-05-19 17:00:00,1456.0,70.3,279.55
2023-05-19 18:00:00,1464.66666666667,93.6,278.2
2023-05-19 19:00:00,1478.33333333333,88.25,277.3
2023-05-19 20:00:00,1482.66666666667,93.7,276.7
2023-05-19 21:00:00,1489.0,96.6,276.633333333333
2023-05-19 22:00:00,1489.66666666667,93.1166666666667,276.383333333333
2023-05-19 23:00:00,1488.5,83.5666666666667,276.45
2023-05-20 00:00:00,1488.16666666667,79.6333333333334,276.366666666667
2023-05-20 01:00:00,1488.0,81.6166666666667,276.133333333333
2023-05-20 02:00:00,1486.66666666667,81.8333333333333,276.0
2023-05-20 03:00:00,1486.5,80.6833333333333,275.85
2023-05-20 04:00:00,1486.5,81.3,275.983333333333
2023-05-20 05:00:00,1485.0,83.1833333333333,275.866666666667
2023-05-20 06:00:00,1484.5,79.3666666666667,276.3
2023-05-20 07:00:00,1480.66666666667,72.6333333333333,277.4
2023-05-20 08:00:00,1474.33333333333,67.4166666666667,278.45
2023-05-20 09:00:00,1474.0,70.0166666666667,278.366666666667
2023-05-20 10:00:00,1473.33333333333,68.4833333333333,278.95
2023-05-20 11:00:00,1457.66666666667,65.7833333333333,279.766666666667
2023-05-20 12:00:00,1450.83333333333,61.0333333333333,280.6
2023-05-20 13:00:00,1459.33333333333,63.6166666666667,280.516666666667
2023-05-20 14:00:00,1459.5,66.3666666666667,280.25
2023-05-20 15:00:00,1449.66666666667,64.0,280.6
2023-05-20 16:00:00,1451.5,65.9833333333333,279.85
2023-05-20 17:00:00,1454.83333333333,66.6833333333333,279.733333333333
2023-05-20 18:00:00,1445.0,71.2833333333333,279.233333333333
2023-05-20 19:00:00,1452.33333333333,73.6166666666667,278.766666666667
2023-05-20 20:00:00,1458.83333333333,76.7833333333333,278.05
2023-05-20 21:00:00,1458.66666666667,76.8333333333333,277.916666666667
2023-05-20 22:00:00,1455.0,73.85,277.966666666667
2023-05-20 23:00:00,1453.33333333333,69.9333333333333,278.05
2023-05-21 00:00:00,1451.83333333333,71.1666666666667,277.783333333333
2023-05-21 01:00:00,1448.16666666667,71.9333333333333,277.85
2023-05-21 02:00:00,1449.16666666667,72.5666666666667,277.633333333333
2023-05-21 03:00:00,1449.5,69.6666666666667,277.75
2023-05-21 04:00:00,1449.16666666667,69.9,277.8
2023-05-21 05:00:00,1450.16666666667,69.5,277.883333333333
2023-05-21 06:00:00,1451.0,67.2833333333334,278.133333333333
2023-05-21 07:00:00,1448.5,66.6,278.583333333333
2023-05-21 08:00:00,1435.83333333333,60.8333333333333,280.183333333333
2023-05-21 09:00:00,1429.0,58.0666666666667,281.3
2023-05-21 10:00:00,1419.16666666667,57.8833333333333,281.833333333333
2023-05-21 11:00:00,1407.16666666667,57.65,282.316666666667
2023-05-21 12:00:00,1404.33333333333,55.9166666666667,283.133333333333
2023-05-21 13:00:00,1395.16666666667,56.6,282.816666666667
2023-05-21 14:00:00,1391.5,58.1166666666667,282.483333333333
2023-05-21 15:00:00,1384.66666666667,55.6333333333333,283.133333333333
2023-05-21 16:00:00,1382.33333333333,51.5,283.533333333333
2023-05-21 17:00:00,1377.66666666667,51.9333333333333,283.366666666667
2023-05-21 18:00:00,1379.83333333333,50.8166666666667,283.266666666667
2023-05-21 19:00:00,1389.0,53.85,281.35
2023-05-21 20:00:00,1399.66666666667,55.4333333333333,280.483333333333
2023-05-21 21:00:00,1400.66666666667,59.1166666666667,279.883333333333
2023-05-21 22:00:00,1402.83333333333,60.2,279.433333333333
2023-05-21 23:00:00,1400.0,61.1,279.283333333333
2023-05-22 00:00:00,1400.83333333333,60.8166666666667,279.266666666667
2023-05-22 01:00:00,1397.16666666667,64.9833333333333,278.616666666667
2023-05-22 02:00:00,1395.5,65.8166666666667,278.783333333333
2023-05-22 03:00:00,1400.66666666667,65.8333333333334,278.866666666667
2023-05-22 04:00:00,1398.16666666667,67.4833333333333,278.716666666667
2023-05-22 05:00:00,1399.16666666667,65.9166666666667,278.866666666667
2023-05-22 06:00:00,1397.5,64.0666666666667,279.15
2023-05-22 07:00:00,1388.83333333333,59.75,280.233333333333
2023-05-22 08:00:00,1375.16666666667,56.1833333333333,281.8
2023-05-22 09:00:00,1342.16666666667,54.2666666666667,283.466666666667
2023-05-22 10:00:00,1337.83333333333,50.9,284.333333333333
2023-05-22 11:00:00,1343.33333333333,46.5833333333333,284.5
2023-05-22 12:00:00,1354.5,45.9666666666667,284.6
2023-05-22 13:00:00,1338.16666666667,43.65,285.3
2023-05-22 14:00:00,1329.0,45.1833333333333,284.35
2023-05-22 15:00:00,1336.33333333333,45.0666666666667,284.233333333333
2023-05-22 16:00:00,1340.66666666667,48.2333333333333,283.35
2023-05-22 17:00:00,1332.5,45.9333333333333,284.25
2023-05-22 18:00:00,1336.66666666667,51.9833333333333,283.583333333333
2023-05-22 19:00:00,1336.0,66.0666666666667,282.066666666667
2023-05-22 20:00:00,1328.33333333333,76.5833333333333,280.833333333333
2023-05-22 21:00:00,1331.0,82.0333333333333,280.366666666667
2023-05-22 22:00:00,1328.16666666667,85.8333333333333,280.116666666667
2023-05-22 23:00:00,1340.0,94.1833333333333,279.616666666667
2023-05-23 00:00:00,1338.16666666667,93.5166666666667,279.65
2023-05-23 01:00:00,1332.33333333333,83.8,279.933333333333
2023-05-23 02:00:00,1337.33333333333,81.6166666666667,280.0
2023-05-23 03:00:00,1340.5,82.5,280.0
2023-05-23 04:00:00,1334.33333333333,85.3166666666667,279.866666666667
2023-05-23 05:00:00,1335.66666666667,90.1666666666667,279.483333333333
2023-05-23 06:00:00,1325.5,88.6666666666667,279.433333333333
2023-05-23 07:00:00,1314.33333333333,88.6333333333334,279.15
2023-05-23 08:00:00,1313.83333333333,78.0833333333333,279.916666666667
2023-05-23 09:00:00,1288.66666666667,83.2166666666667,281.283333333333
2023-05-23 10:00:00,1289.83333333333,70.85,281.033333333333
2023-05-23 11:00:00,1281.5,73.3833333333334,282.016666666667
2023-05-23 12:00:00,1282.66666666667,74.3,281.333333333333
2023-05-23 13:00:00,1283.33333333333,68.1833333333333,281.516666666667
2023-05-23 14:00:00,1278.66666666667,67.1,281.766666666667
2023-05-23 15:00:00,1276.16666666667,71.15,281.166666666667
2023-05-23 16:00:00,1271.33333333333,73.8,280.766666666667
2023-05-23 17:00:00,1275.66666666667,80.5833333333333,280.5
2023-05-23 18:00:00,1269.5,92.8833333333333,278.916666666667
2023-05-23 19:00:00,1268.33333333333,88.6666666666667,278.783333333333
2023-05-23 20:00:00,1263.0,97.7666666666667,278.183333333333
2023-05-23 21:00:00,1262.0,97.7333333333334,278.116666666667
2023-05-23 22:00:00,1267.83333333333,92.5,278.333333333333
2023-05-23 23:00:00,1271.66666666667,96.9833333333333,278.0
2023-05-24 00:00:00,1271.0,86.15,278.266666666667
2023-05-24 01:00:00,1269.0,88.4666666666667,278.2
2023-05-24 02:00:00,1268.66666666667,98.0333333333333,277.566666666667
2023-05-24 03:00:00,1268.33333333333,98.7,277.55
2023-05-24 04:00:00,1268.83333333333,101.25,277.35
2023-05-24 05:00:00,1269.33333333333,100.65,277.45
2023-05-24 06:00:00,1263.0,99.7666666666667,277.65
2023-05-24 07:00:00,1256.0,101.416666666667,277.566666666667
2023-05-24 08:00:00,1255.33333333333,101.816666666667,277.583333333333
2023-05-24 09:00:00,1242.33333333333,101.166666666667,278.716666666667
2023-05-24 10:00:00,1242.83333333333,94.8,279.416666666667
2023-05-24 11:00:00,1236.16666666667,82.5666666666667,280.033333333333
2023-05-24 12:00:00,1231.16666666667,81.0166666666667,280.133333333333
2023-05-24 13:00:00,1231.83333333333,78.4166666666667,279.85
2023-05-24 14:00:00,1221.83333333333,79.5166666666667,279.483333333333
2023-05-24 15:00:00,1235.16666666667,87.0333333333334,278.816666666667
2023-05-24 16:00:00,1227.0,100.55,278.416666666667
2023-05-24 17:00:00,1232.83333333333,101.416666666667,276.983333333333
2023-05-24 18:00:00,1232.33333333333,101.15,275.866666666667
2023-05-24 19:00:00,1226.16666666667,101.35,275.016666666667
2023-05-24 20:00:00,1226.0,101.4,274.95
2023-05-24 21:00:00,1238.33333333333,101.416666666667,274.766666666667
2023-05-24 22:00:00,1236.66666666667,101.9,274.366666666667
2023-05-24 23:00:00,1245.33333333333,102.233333333333,274.416666666667
2023-05-25 00:00:00,1246.16666666667,102.3,274.483333333333
2023-05-25 01:00:00,1236.33333333333,102.216666666667,274.5
2023-05-25 02:00:00,1261.33333333333,101.516666666667,274.816666666667
2023-05-25 03:00:00,1265.16666666667,100.1,275.416666666667
2023-05-25 04:00:00,1263.5,100.116666666667,275.55
2023-05-25 05:00:00,1263.66666666667,97.8333333333333,275.633333333333
2023-05-25 06:00:00,1260.5,84.7666666666667,276.516666666667
2023-05-25 07:00:00,1257.66666666667,72.1666666666667,278.1
2023-05-25 08:00:00,1248.83333333333,67.5,279.85
2023-05-25 09:00:00,1244.16666666667,65.0,280.966666666667
2023-05-25 10:00:00,1214.33333333333,64.5833333333333,281.9
2023-05-25 11:00:00,1216.33333333333,64.95,281.6
2023-05-25 12:00:00,1209.16666666667,63.5333333333333,282.2
2023-05-25 13:00:00,1201.0,60.1333333333333,282.883333333333
2023-05-25 14:00:00,1184.66666666667,57.3333333333333,283.833333333333
2023-05-25 15:00:00,1170.33333333333,53.8,284.6
2023-05-25 16:00:00,1164.0,52.4166666666667,284.55
2023-05-25 17:00:00,1176.83333333333,54.8166666666667,282.883333333333
2023-05-25 18:00:00,1159.5,53.4666666666667,284.05
2023-05-25 19:00:00,1176.5,66.45,281.533333333333
2023-05-25 20:00:00,1183.0,74.1833333333333,280.816666666667
2023-05-25 21:00:00,1188.33333333333,78.1166666666667,279.883333333333
2023-05-25 22:00:00,1191.33333333333,92.2,279.616666666667
2023-05-25 23:00:00,1187.16666666667,101.466666666667,279.033333333333
2023-05-26 00:00:00,1187.83333333333,102.283333333333,278.65
2023-05-26 01:00:00,1191.5,98.95,278.4
2023-05-26 02:00:00,1190.83333333333,101.416666666667,278.3
2023-05-26 03:00:00,1192.0,97.45,278.366666666667
2023-05-26 04:00:00,1191.83333333333,92.8666666666667,278.433333333333
2023-05-26 05:00:00,1190.5,89.1666666666667,278.533333333333
2023-05-26 06:00:00,1186.0,76.2,279.05
2023-05-26 07:00:00,1164.0,64.7833333333333,280.833333333333
2023-05-26 08:00:00,1135.0,68.5333333333334,283.383333333333
2023-05-26 09:00:00,1141.66666666667,71.9833333333333,284.016666666667
2023-05-26 10:00:00,1165.16666666667,62.6166666666667,282.95
2023-05-26 11:00:00,1176.0,53.5833333333333,282.15
2023-05-26 12:00:00,1175.66666666667,51.75,283.016666666667
2023-05-26 13:00:00,1159.0,55.5333333333333,283.566666666667
2023-05-26 14:00:00,1143.66666666667,60.4333333333333,283.533333333333
2023-05-26 15:00:00,1134.66666666667,63.3333333333333,283.9
2023-05-26 16:00:00,1132.83333333333,66.15,282.933333333333
2023-05-26 17:00:00,1126.16666666667,73.4,281.833333333333
2023-05-26 18:00:00,1118.0,76.55,280.116666666667
2023-05-26 19:00:00,1129.16666666667,78.1833333333333,280.2
2023-05-26 20:00:00,1123.16666666667,86.2166666666667,279.716666666667
2023-05-26 21:00:00,1117.0,92.5833333333333,279.316666666667
2023-05-26 22:00:00,1115.33333333333,90.3833333333333,278.916666666667
2023-05-26 23:00:00,1115.16666666667,87.1666666666667,279.016666666667
2023-05-27 00:00:00,1104.16666666667,96.1833333333333,278.55
2023-05-27 01:00:00,1107.16666666667,100.516666666667,278.35
2023-05-27 02:00:00,1107.33333333333,99.3333333333333,277.916666666667
2023-05-27 03:00:00,1109.66666666667,102.216666666667,277.333333333333
2023-05-27 04:00:00,1115.16666666667,102.533333333333,276.933333333333
2023-05-27 05:00:00,1113.0,102.483333333333,276.533333333333
2023-05-27 06:00:00,1112.83333333333,101.45,276.35
2023-05-27 07:00:00,1108.83333333333,102.316666666667,276.65
2023-05-27 08:00:00,1099.83333333333,99.35,278.366666666667
2023-05-27 09:00:00,1090.16666666667,82.5166666666667,280.4
2023-05-27 10:00:00,1095.0,74.3833333333333,281.6
2023-05-27 11:00:00,1110.66666666667,67.45,281.416666666667
2023-05-27 12:00:00,1099.0,57.3,282.116666666667
2023-05-27 13:00:00,1099.33333333333,47.3166666666667,282.733333333333
2023-05-27 14:00:00,1069.66666666667,43.1833333333333,285.016666666667
2023-05-27 15:00:00,1064.83333333333,50.4166666666667,284.016666666667
2023-05-27 16:00:00,1063.5,61.15,282.5
2023-05-27 17:00:00,1055.5,67.3333333333333,282.633333333333
2023-05-27 18:00:00,1053.33333333333,65.75,281.95
2023-05-27 19:00:00,1060.0,71.3166666666667,281.016666666667
2023-05-27 20:00:00,1056.5,77.45,280.483333333333
2023-05-27 21:00:00,1058.33333333333,80.3166666666667,280.016666666667
2023-05-27 22:00:00,1054.66666666667,97.3,279.033333333333
2023-05-27 23:00:00,1058.33333333333,101.4,278.75
2023-05-28 00:00:00,1059.5,100.9,278.466666666667
2023-05-28 01:00:00,1058.16666666667,90.25,278.483333333333
2023-05-28 02:00:00,1057.83333333333,71.9833333333333,278.8
2023-05-28 03:00:00,1056.5,72.2833333333333,278.65
2023-05-28 04:00:00,1059.5,75.5,278.3
2023-05-28 05:00:00,1056.83333333333,78.1,278.316666666667
2023-05-28 06:00:00,1052.5,82.3833333333333,278.216666666667
2023-05-28 07:00:00,1051.16666666667,78.1,279.666666666667
2023-05-28 08:00:00,1022.5,78.0833333333333,281.5
2023-05-28 09:00:00,1035.66666666667,74.2166666666667,280.783333333333
2023-05-28 10:00:00,1029.33333333333,68.8666666666667,280.833333333333
2023-05-28 11:00:00,1044.5,64.4833333333333,280.683333333333
2023-05-28 12:00:00,1037.0,58.9666666666667,281.116666666667
2023-05-28 13:00:00,1043.16666666667,57.1166666666667,281.3
2023-05-28 14:00:00,1036.0,57.3166666666667,281.566666666667
2023-05-28 15:00:00,1037.5,62.2666666666667,281.383333333333
2023-05-28 16:00:00,1026.33333333333,58.2333333333333,282.666666666667
2023-05-28 17:00:00,1014.66666666667,69.5333333333334,281.316666666667
2023-05-28 18:00:00,1018.5,84.4333333333333,278.833333333333
2023-05-28 19:00:00,1017.83333333333,97.7833333333334,277.533333333333
2023-05-28 20:00:00,1006.0,90.0833333333333,277.533333333333
2023-05-28 21:00:00,1014.5,80.8833333333333,277.75
2023-05-28 22:00:00,1014.16666666667,80.7,277.866666666667
2023-05-28 23:00:00,1015.83333333333,80.2833333333333,277.433333333333
2023-05-29 00:00:00,1017.83333333333,74.7333333333333,277.7
2023-05-29 01:00:00,1015.83333333333,75.8833333333334,277.7
2023-05-29 02:00:00,1016.83333333333,77.0833333333333,277.6
2023-05-29 03:00:00,1016.83333333333,80.2,277.366666666667
2023-05-29 04:00:00,1018.16666666667,76.4,277.416666666667
2023-05-29 05:00:00,1023.5,77.9833333333333,277.033333333333
2023-05-29 06:00:00,1016.33333333333,71.9833333333333,277.733333333333
2023-05-29 07:00:00,1004.16666666667,67.0833333333333,279.116666666667
2023-05-29 08:00:00,990.5,63.0,280.983333333333
2023-05-29 09:00:00,977.0,60.2166666666667,282.4
2023-05-29 10:00:00,988.333333333333,64.6833333333333,282.516666666667
2023-05-29 11:00:00,986.166666666667,57.7,283.1
2023-05-29 12:00:00,971.333333333333,54.5,283.55
2023-05-29 13:00:00,970.0,50.7,283.833333333333
2023-05-29 14:00:00,978.333333333333,49.9333333333333,283.6
2023-05-29 15:00:00,957.5,49.6166666666667,283.366666666667
2023-05-29 16:00:00,963.0,51.0833333333333,283.7
2023-05-29 17:00:00,954.666666666667,64.8333333333333,282.75
2023-05-29 18:00:00,952.833333333333,67.3,281.55
2023-05-29 19:00:00,954.166666666667,72.7833333333333,280.683333333333
2023-05-29 20:00:00,964.833333333334,75.5666666666667,280.066666666667
2023-05-29 21:00:00,972.166666666667,80.0333333333333,279.366666666667
2023-05-29 22:00:00,977.5,81.8833333333333,278.833333333333
2023-05-29 23:00:00,977.833333333333,82.3,278.45
2023-05-30 00:00:00,976.833333333333,83.1833333333333,277.883333333333
2023-05-30 01:00:00,979.333333333333,83.9666666666667,277.683333333333
2023-05-30 02:00:00,974.5,84.05,277.433333333333
2023-05-30 03:00:00,976.833333333333,84.9666666666667,277.233333333333
2023-05-30 04:00:00,973.5,86.9666666666667,276.866666666667
2023-05-30 05:00:00,978.5,87.45,276.7
2023-05-30 06:00:00,970.833333333333,84.6666666666667,277.233333333333
2023-05-30 07:00:00,963.5,78.1833333333333,278.9
2023-05-30 08:00:00,947.333333333333,77.5833333333333,280.283333333333
2023-05-30 09:00:00,958.333333333333,73.7,280.433333333333
2023-05-30 10:00:00,949.166666666667,58.5666666666667,281.816666666667
2023-05-30 11:00:00,931.666666666667,55.8333333333333,282.033333333333
2023-05-30 12:00:00,925.666666666667,49.1333333333333,282.966666666667
2023-05-30 13:00:00,908.666666666667,48.1333333333333,283.266666666667
2023-05-30 14:00:00,903.0,40.0666666666667,284.333333333333
2023-05-30 15:00:00,874.666666666667,39.2333333333333,284.933333333333
2023-05-30 16:00:00,891.0,49.15,282.266666666667
2023-05-30 17:00:00,892.0,57.2833333333333,281.933333333333
2023-05-30 18:00:00,892.666666666667,72.7166666666667,279.983333333333
2023-05-30 19:00:00,906.0,78.8833333333333,278.966666666667
2023-05-30 20:00:00,919.0,82.8833333333333,278.45
2023-05-30 21:00:00,926.0,88.3333333333333,277.683333333333
2023-05-30 22:00:00,911.0,85.2666666666667,277.566666666667
2023-05-30 23:00:00,902.0,88.9,277.216666666667
2023-05-31 00:00:00,917.333333333333,91.05,277.066666666667
2023-05-31 01:00:00,919.666666666667,96.8833333333333,276.55
2023-05-31 02:00:00,916.5,87.05,276.816666666667
2023-05-31 03:00:00,918.333333333333,81.95,277.116666666667
2023-05-31 04:00:00,919.0,82.6333333333333,277.083333333333
2023-05-31 05:00:00,918.833333333333,80.65,277.2
2023-05-31 06:00:00,919.0,75.6333333333333,277.6
2023-05-31 07:00:00,916.833333333333,67.9333333333333,279.033333333333
2023-05-31 08:00:00,902.333333333333,69.0333333333333,280.416666666667
2023-05-31 09:00:00,900.0,65.8166666666667,281.716666666667
2023-05-31 10:00:00,864.5,58.65,282.733333333333
2023-05-31 11:00:00,875.833333333333,52.9666666666667,282.983333333333
2023-05-31 12:00:00,871.833333333333,49.7,283.633333333333
2023-05-31 13:00:00,873.833333333333,50.3333333333333,283.25
2023-05-31 14:00:00,839.333333333333,48.8333333333333,283.433333333333
2023-05-31 15:00:00,846.666666666667,49.1666666666667,283.616666666667
2023-05-31 16:00:00,845.833333333333,49.7,283.3
2023-05-31 17:00:00,854.0,50.8333333333333,283.9
2023-05-31 18:00:00,867.666666666667,57.55,281.85
2023-05-31 19:00:00,844.166666666667,61.2166666666667,281.666666666667
2023-05-31 20:00:00,841.166666666667,72.9833333333333,280.966666666667
2023-05-31 21:00:00,857.166666666667,78.9,279.9
2023-05-31 22:00:00,862.166666666667,86.1,279.65
2023-05-31 23:00:00,855.666666666667,91.4666666666667,279.266666666667
2023-06-01 00:00:00,852.5,95.3666666666667,279.016666666667
2023-06-01 01:00:00,855.666666666667,86.8166666666667,279.1
2023-06-01 02:00:00,867.0,82.6,279.066666666667
2023-06-01 03:00:00,865.833333333333,70.3333333333333,279.016666666667
2023-06-01 04:00:00,869.666666666667,68.6666666666667,278.9
2023-06-01 05:00:00,862.166666666667,67.6,278.7
2023-06-01 06:00:00,854.666666666667,63.1333333333333,279.266666666667
2023-06-01 07:00:00,802.666666666667,63.6,280.983333333333
2023-06-01 08:00:00,828.0,62.0833333333333,282.6
2023-06-01 09:00:00,847.5,64.5166666666667,281.65
2023-06-01 10:00:00,837.5,64.7166666666667,282.15
2023-06-01 11:00:00,836.833333333333,59.9333333333333,282.933333333333
2023-06-01 12:00:00,830.666666666667,61.2333333333333,282.033333333333
2023-06-01 13:00:00,821.333333333334,65.5833333333333,281.783333333333
2023-06-01 14:00:00,819.5,63.7666666666667,282.9
2023-06-01 15:00:00,819.5,59.8,283.6
2023-06-01 16:00:00,810.0,68.7166666666667,282.483333333333
2023-06-01 17:00:00,806.666666666667,78.0166666666667,280.316666666667
2023-06-01 18:00:00,789.666666666667,83.8166666666667,279.35
2023-06-01 19:00:00,799.5,82.8166666666667,279.3
2023-06-01 20:00:00,795.0,90.4833333333333,279.066666666667
2023-06-01 21:00:00,791.833333333333,82.8333333333333,279.066666666667
2023-06-01 22:00:00,795.333333333333,78.4333333333333,278.9
2023-06-01 23:00:00,796.666666666667,77.3,279.033333333333
2023-06-02 00:00:00,793.833333333333,78.8,278.683333333333
2023-06-02 01:00:00,796.166666666667,81.2666666666667,278.8
2023-06-02 02:00:00,796.333333333334,86.0833333333333,278.366666666667
2023-06-02 03:00:00,801.0,88.3833333333333,278.35
2023-06-02 04:00:00,802.0,89.2666666666667,278.233333333333
2023-06-02 05:00:00,796.0,92.15,277.8
2023-06-02 06:00:00,793.0,81.5,278.416666666667
2023-06-02 07:00:00,761.333333333333,71.7,280.55
2023-06-02 08:00:00,747.333333333333,70.25,281.683333333333
2023-06-02 09:00:00,777.0,74.6166666666667,280.45
2023-06-02 10:00:00,780.166666666667,62.4,281.333333333333
2023-06-02 11:00:00,775.0,54.05,282.466666666667
2023-06-02 12:00:00,783.833333333333,54.0,282.483333333333
2023-06-02 13:00:00,772.666666666667,53.8666666666667,282.65
2023-06-02 14:00:00,781.166666666667,49.8166666666667,283.616666666667
2023-06-02 15:00:00,744.0,53.15,284.35
2023-06-02 16:00:00,742.833333333333,55.7666666666667,284.2
2023-06-02 17:00:00,718.166666666667,61.2666666666667,283.75
2023-06-02 18:00:00,723.833333333333,63.1666666666667,282.066666666667
2023-06-02 19:00:00,705.333333333333,65.65,281.616666666667
2023-06-02 20:00:00,694.166666666667,74.4666666666667,280.65
2023-06-02 21:00:00,702.166666666667,75.05,280.016666666667
2023-06-02 22:00:00,707.333333333333,74.9833333333333,279.483333333333
2023-06-02 23:00:00,705.833333333333,70.9833333333333,279.266666666667
2023-06-03 00:00:00,701.833333333333,77.4833333333333,279.083333333333
2023-06-03 01:00:00,707.833333333333,78.3666666666667,278.983333333333
2023-06-03 02:00:00,704.833333333333,81.2833333333334,278.783333333333
2023-06-03 03:00:00,703.166666666667,75.0166666666667,279.1
2023-06-03 04:00:00,703.833333333333,78.25,278.7
2023-06-03 05:00:00,700.166666666667,75.5833333333333,278.75
2023-06-03 06:00:00,692.0,72.8833333333333,279.083333333333
2023-06-03 07:00:00,660.166666666667,70.7166666666667,280.95
2023-06-03 08:00:00,654.333333333333,71.3166666666667,282.75
2023-06-03 09:00:00,673.666666666667,71.0166666666667,283.1
2023-06-03 10:00:00,682.166666666667,60.9,285.05
2023-06-03 11:00:00,671.0,51.35,285.65
2023-06-03 12:00:00,677.333333333333,49.6,284.35
2023-06-03 13:00:00,668.0,46.5166666666667,284.966666666667
2023-06-03 14:00:00,661.166666666667,53.7166666666667,284.866666666667
2023-06-03 15:00:00,654.666666666667,68.05,283.5
2023-06-03 16:00:00,655.0,72.5,282.3
2023-06-03 17:00:00,645.666666666667,69.85,280.633333333333
2023-06-03 18:00:00,638.166666666667,76.2166666666667,279.566666666667
2023-06-03 19:00:00,635.166666666667,77.5333333333334,279.333333333333
2023-06-03 20:00:00,655.666666666667,83.1333333333333,278.5
2023-06-03 21:00:00,659.5,89.75,277.883333333333
2023-06-03 22:00:00,662.333333333333,84.2833333333333,278.133333333333
2023-06-03 23:00:00,657.666666666667,88.6333333333334,277.933333333333
2023-06-04 00:00:00,640.333333333333,86.25,278.233333333333
2023-06-04 01:00:00,638.5,83.05,278.45
2023-06-04 02:00:00,638.0,76.5833333333333,278.583333333333
2023-06-04 03:00:00,638.166666666667,70.8333333333333,278.733333333333
2023-06-04 04:00:00,637.833333333333,72.6,278.433333333333
2023-06-04 05:00:00,638.0,63.5666666666667,278.6
2023-06-04 06:00:00,635.5,66.5666666666667,279.066666666667
2023-06-04 07:00:00,629.166666666667,64.9666666666667,279.7
2023-06-04 08:00:00,621.666666666667,64.9,280.85
2023-06-04 09:00:00,621.0,78.35,280.516666666667
2023-06-04 10:00:00,624.833333333333,69.6166666666667,281.766666666667
2023-06-04 11:00:00,614.166666666667,60.4333333333333,282.266666666667
2023-06-04 12:00:00,592.666666666667,59.2833333333333,280.55
2023-06-04 13:00:00,623.833333333333,68.9666666666667,279.4
2023-06-04 14:00:00,610.833333333333,79.55,279.466666666667
2023-06-04 15:00:00,605.166666666667,87.4333333333333,278.933333333333
2023-06-04 16:00:00,602.5,83.9333333333333,279.25
2023-06-04 17:00:00,601.0,92.95,279.216666666667
2023-06-04 18:00:00,596.833333333333,100.016666666667,278.4
2023-06-04 19:00:00,613.0,101.816666666667,277.983333333333
2023-06-04 20:00:00,604.333333333333,101.883333333333,277.633333333333
2023-06-04 21:00:00,616.333333333333,101.5,277.433333333333
2023-06-04 22:00:00,623.666666666667,101.55,277.3
2023-06-04 23:00:00,618.0,100.85,277.333333333333
2023-06-05 00:00:00,621.666666666667,100.75,277.616666666667
2023-06-05 01:00:00,618.0,100.833333333333,277.5
2023-06-05 02:00:00,620.166666666667,94.5833333333333,277.983333333333
2023-06-05 03:00:00,616.833333333333,86.5166666666667,278.366666666667
2023-06-05 04:00:00,615.5,98.3166666666667,277.683333333333
2023-06-05 05:00:00,618.5,100.816666666667,277.266666666667
2023-06-05 06:00:00,616.333333333333,99.9833333333333,277.65
2023-06-05 07:00:00,609.0,100.75,277.95
2023-06-05 08:00:00,603.333333333333,100.716666666667,278.5
2023-06-05 09:00:00,590.333333333333,90.1166666666667,279.533333333333
2023-06-05 10:00:00,578.833333333333,88.0666666666667,280.066666666667
2023-06-05 11:00:00,567.0,87.3333333333333,280.2
2023-06-05 12:00:00,565.833333333333,95.6333333333333,279.516666666667
2023-06-05 13:00:00,559.666666666667,94.8166666666667,279.983333333333
2023-06-05 14:00:00,547.833333333333,86.3833333333333,280.616666666667
2023-06-05 15:00:00,574.333333333333,90.5166666666667,280.75
2023-06-05 16:00:00,577.666666666667,92.25,280.65
2023-06-05 17:00:00,572.5,92.4666666666667,278.683333333333
2023-06-05 18:00:00,557.333333333333,99.7333333333333,277.383333333333
2023-06-05 19:00:00,546.333333333333,101.266666666667,277.583333333333
2023-06-05 20:00:00,546.666666666667,100.033333333333,277.783333333333
2023-06-05 21:00:00,552.5,96.3833333333334,277.383333333333
2023-06-05 22:00:00,555.5,95.2333333333333,277.216666666667
2023-06-05 23:00:00,553.5,94.8166666666667,277.316666666667
2023-06-06 00:00:00,555.166666666667,91.8833333333333,277.416666666667
2023-06-06 01:00:00,552.333333333333,86.9833333333333,277.25
2023-06-06 02:00:00,555.833333333333,88.8833333333333,276.9
2023-06-06 03:00:00,551.0,86.4833333333333,277.0
2023-06-06 04:00:00,552.833333333333,86.1833333333333,276.916666666667
2023-06-06 05:00:00,550.666666666667,81.05,276.933333333333
2023-06-06 06:00:00,546.0,82.8833333333333,277.4
2023-06-06 07:00:00,534.333333333333,82.2166666666667,278.55
2023-06-06 08:00:00,534.0,80.0666666666667,279.033333333333
2023-06-06 09:00:00,538.0,75.9833333333333,278.716666666667
2023-06-06 10:00:00,540.166666666667,71.8666666666667,279.516666666667
2023-06-06 11:00:00,547.666666666667,69.5166666666667,280.3
2023-06-06 12:00:00,554.0,67.75,280.166666666667
2023-06-06 13:00:00,535.166666666667,59.6666666666667,282.016666666667
2023-06-06 14:00:00,551.833333333333,61.7333333333333,281.65
2023-06-06 15:00:00,551.833333333333,59.7833333333333,282.066666666667
2023-06-06 16:00:00,544.5,70.3666666666667,281.116666666667
2023-06-06 17:00:00,548.666666666667,67.3,280.166666666667
2023-06-06 18:00:00,552.166666666667,73.75,279.933333333333
2023-06-06 19:00:00,522.666666666667,80.4166666666667,279.516666666667
2023-06-06 20:00:00,545.166666666667,83.3833333333333,279.15
2023-06-06 21:00:00,538.0,81.75,279.066666666667
2023-06-06 22:00:00,527.5,81.65,278.75
2023-06-06 23:00:00,530.5,80.3333333333333,278.583333333333
2023-06-07 00:00:00,527.5,82.9,278.316666666667
2023-06-07 01:00:00,526.333333333334,88.95,277.95
2023-06-07 02:00:00,526.333333333333,84.1833333333334,278.166666666667
2023-06-07 03:00:00,522.833333333333,74.9,278.266666666667
2023-06-07 04:00:00,525.666666666667,65.8833333333334,278.683333333333
2023-06-07 05:00:00,523.5,67.7166666666667,278.483333333333
2023-06-07 06:00:00,522.0,66.0,278.833333333333
2023-06-07 07:00:00,507.0,60.4666666666667,280.333333333333
2023-06-07 08:00:00,487.5,58.2666666666667,282.183333333333
2023-06-07 09:00:00,511.166666666667,58.9,282.083333333333
2023-06-07 10:00:00,496.5,46.0166666666667,283.683333333333
2023-06-07 11:00:00,494.0,42.5666666666667,284.566666666667
2023-06-07 12:00:00,497.333333333333,44.6166666666667,284.7
2023-06-07 13:00:00,480.5,44.6666666666667,284.316666666667
2023-06-07 14:00:00,478.166666666667,44.9166666666667,284.166666666667
2023-06-07 15:00:00,463.833333333333,43.7666666666667,284.883333333333
2023-06-07 16:00:00,477.333333333333,48.0,284.033333333333
2023-06-07 17:00:00,492.166666666667,52.35,283.683333333333
2023-06-07 18:00:00,504.0,59.0,282.533333333333
2023-06-07 19:00:00,499.333333333333,61.4333333333333,281.816666666667
2023-06-07 20:00:00,490.333333333333,61.8,281.2
2023-06-07 21:00:00,476.5,64.85,280.516666666667
2023-06-07 22:00:00,479.5,65.4833333333333,280.366666666667
2023-06-07 23:00:00,481.5,64.55,279.966666666667
2023-06-08 00:00:00,479.666666666667,66.6166666666667,279.8
2023-06-08 01:00:00,478.0,68.9333333333333,279.45
2023-06-08 02:00:00,466.666666666667,70.25,279.283333333333
2023-06-08 03:00:00,472.666666666667,71.0,279.016666666667
2023-06-08 04:00:00,468.666666666667,70.95,279.216666666667
2023-06-08 05:00:00,478.833333333333,69.4666666666667,279.266666666667
2023-06-08 06:00:00,481.666666666667,65.7166666666667,279.483333333333
2023-06-08 07:00:00,473.0,65.0666666666667,279.8
2023-06-08 08:00:00,439.166666666667,64.4166666666667,281.966666666667
2023-06-08 09:00:00,420.666666666667,65.9166666666667,283.083333333333
2023-06-08 10:00:00,422.833333333333,59.65,284.2
2023-06-08 11:00:00,405.333333333333,58.4166666666667,284.5
2023-06-08 12:00:00,398.5,61.7333333333333,283.533333333333
2023-06-08 13:00:00,398.333333333333,56.5333333333333,282.866666666667
2023-06-08 14:00:00,383.833333333333,63.1833333333333,282.966666666667
2023-06-08 15:00:00,394.5,70.7166666666667,281.016666666667
2023-06-08 16:00:00,410.333333333333,84.8333333333333,278.966666666667
2023-06-08 17:00:00,411.166666666667,87.65,278.533333333333
2023-06-08 18:00:00,387.166666666667,86.5833333333333,278.833333333333
2023-06-08 19:00:00,410.0,78.6833333333333,279.033333333333
2023-06-08 20:00:00,393.0,77.0166666666667,278.85
2023-06-08 21:00:00,391.833333333333,73.7166666666667,278.966666666667
2023-06-08 22:00:00,384.333333333333,62.7,280.116666666667
2023-06-08 23:00:00,379.666666666667,67.2,279.583333333333
2023-06-09 00:00:00,384.166666666667,67.4833333333333,279.45
2023-06-09 01:00:00,395.166666666667,69.2833333333333,279.316666666667
2023-06-09 02:00:00,398.166666666667,69.1333333333333,279.183333333333
2023-06-09 03:00:00,393.833333333333,69.7333333333333,279.033333333333
2023-06-09 04:00:00,393.833333333333,67.7333333333333,279.483333333333
2023-06-09 05:00:00,388.333333333333,68.8666666666667,279.333333333333
2023-06-09 06:00:00,382.166666666667,66.8166666666667,279.75
2023-06-09 07:00:00,349.333333333333,65.7833333333333,280.933333333333
2023-06-09 08:00:00,338.333333333333,67.5333333333333,282.533333333333
2023-06-09 09:00:00,353.166666666667,64.85,283.8
2023-06-09 10:00:00,332.5,60.7166666666667,284.183333333333
2023-06-09 11:00:00,335.166666666667,52.4,284.25
2023-06-09 12:00:00,337.666666666667,44.4666666666667,285.8
2023-06-09 13:00:00,334.833333333333,44.2,284.733333333333
2023-06-09 14:00:00,309.166666666667,40.9666666666667,286.05
2023-06-09 15:00:00,303.0,44.7833333333333,284.65
2023-06-09 16:00:00,311.5,45.8,284.083333333333
2023-06-09 17:00:00,296.833333333333,48.8166666666667,284.316666666667
2023-06-09 18:00:00,280.5,55.4,284.183333333333
2023-06-09 19:00:00,287.333333333333,62.1,283.1
2023-06-09 20:00:00,286.0,68.0166666666667,282.466666666667
2023-06-09 21:00:00,290.333333333333,77.1833333333333,281.533333333333
2023-06-09 22:00:00,293.166666666667,78.3666666666667,281.183333333333
2023-06-09 23:00:00,293.5,81.0,280.75
2023-06-10 00:00:00,293.333333333333,81.3333333333333,280.583333333333
2023-06-10 01:00:00,295.666666666667,77.8,280.9
2023-06-10 02:00:00,293.166666666667,78.4,280.833333333333
2023-06-10 03:00:00,286.833333333333,75.6833333333333,280.9
2023-06-10 04:00:00,286.666666666667,77.5,280.733333333333
2023-06-10 05:00:00,285.833333333333,82.7666666666667,280.516666666667
2023-06-10 06:00:00,283.166666666667,82.7833333333333,280.816666666667
2023-06-10 07:00:00,267.666666666667,77.5,282.1
2023-06-10 08:00:00,279.5,82.8,281.2
2023-06-10 09:00:00,294.0,81.2833333333333,281.433333333333
2023-06-10 10:00:00,273.166666666667,75.4166666666667,282.216666666667
2023-06-10 11:00:00,252.666666666667,69.8833333333333,283.15
2023-06-10 12:00:00,239.0,68.5333333333333,283.716666666667
2023-06-10 13:00:00,244.833333333333,65.9666666666667,284.2
2023-06-10 14:00:00,235.5,66.85,283.95
2023-06-10 15:00:00,229.166666666667,68.9666666666667,284.0
2023-06-10 16:00:00,213.833333333333,70.7166666666667,283.783333333333
2023-06-10 17:00:00,215.333333333333,75.6666666666667,283.5
2023-06-10 18:00:00,219.166666666667,90.8833333333333,282.25
2023-06-10 19:00:00,200.333333333333,90.8,281.783333333333
2023-06-10 20:00:00,201.5,94.4666666666667,280.95
2023-06-10 21:00:00,223.5,94.15,280.5
2023-06-10 22:00:00,214.0,94.05,280.4
2023-06-10 23:00:00,194.333333333333,99.7,280.15
2023-06-11 00:00:00,206.166666666667,101.283333333333,279.883333333333
2023-06-11 01:00:00,225.5,99.0333333333334,280.083333333333
2023-06-11 02:00:00,230.666666666667,99.2833333333333,279.6
2023-06-11 03:00:00,230.166666666667,96.3833333333334,279.516666666667
2023-06-11 04:00:00,222.5,90.1166666666667,279.816666666667
2023-06-11 05:00:00,212.666666666667,90.2666666666667,279.65
2023-06-11 06:00:00,205.0,84.9166666666667,279.983333333333
2023-06-11 07:00:00,176.0,89.3,280.833333333333
2023-06-11 08:00:00,177.666666666667,91.5333333333333,282.0
2023-06-11 09:00:00,177.0,81.8166666666667,282.8
2023-06-11 10:00:00,175.333333333333,90.0166666666667,282.033333333333
2023-06-11 11:00:00,163.833333333333,83.7666666666667,282.6
2023-06-11 12:00:00,174.333333333333,71.6,283.433333333333
2023-06-11 13:00:00,178.333333333333,61.6166666666667,284.483333333333
2023-06-11 14:00:00,176.166666666667,56.8833333333333,284.933333333333
2023-06-11 15:00:00,169.666666666667,64.4833333333333,283.866666666667
2023-06-11 16:00:00,156.5,75.1666666666667,282.4
2023-06-11 17:00:00,162.0,63.95,282.583333333333
2023-06-11 18:00:00,133.5,69.3833333333333,282.8
2023-06-11 19:00:00,129.333333333333,63.8333333333333,282.4
2023-06-11 20:00:00,138.0,69.5666666666667,281.516666666667
2023-06-11 21:00:00,134.5,84.3166666666667,280.7
2023-06-11 22:00:00,137.666666666667,94.3166666666667,280.183333333333
2023-06-11 23:00:00,132.5,101.25,279.85
2023-06-12 00:00:00,139.333333333333,101.283333333333,279.75
2023-06-12 01:00:00,148.333333333333,101.383333333333,279.416666666667
2023-06-12 02:00:00,149.5,93.8,279.583333333333
2023-06-12 03:00:00,154.5,82.2333333333333,279.833333333333
2023-06-12 04:00:00,152.5,78.8333333333333,279.933333333333
2023-06-12 05:00:00,150.333333333333,74.6833333333333,280.3
2023-06-12 06:00:00,145.666666666667,74.4333333333333,280.65
2023-06-12 07:00:00,142.166666666667,71.3166666666667,281.733333333333
2023-06-12 08:00:00,118.5,68.7666666666667,283.183333333333
2023-06-12 09:00:00,136.0,67.0,282.616666666667
2023-06-12 10:00:00,128.0,63.3666666666667,283.183333333333
2023-06-12 11:00:00,130.333333333333,56.8333333333333,284.233333333333
2023-06-12 12:00:00,123.833333333333,50.2166666666667,284.55
2023-06-12 13:00:00,113.833333333333,47.6,285.383333333333
2023-06-12 14:00:00,93.8333333333333,48.2333333333333,286.183333333333
2023-06-12 15:00:00,61.1666666666667,52.0,286.516666666667
2023-06-12 16:00:00,65.3333333333333,59.1,285.666666666667
2023-06-12 17:00:00,58.6666666666667,64.1666666666667,284.633333333333
2023-06-12 18:00:00,51.5,68.9,283.416666666667
2023-06-12 19:00:00,48.6666666666667,73.05,282.55
2023-06-12 20:00:00,42.5,74.4333333333333,282.116666666667
2023-06-12 21:00:00,47.3333333333333,80.8,281.35
2023-06-12 22:00:00,58.5,91.8333333333333,280.65
2023-06-12 23:00:00,44.0,93.7833333333334,280.316666666667
2023-06-13 00:00:00,42.0,98.3666666666667,279.85
2023-06-13 01:00:00,43.6666666666667,99.6166666666667,279.783333333333
2023-06-13 02:00:00,46.8333333333333,100.183333333333,279.7
2023-06-13 03:00:00,48.3333333333333,100.383333333333,279.716666666667
2023-06-13 04:00:00,47.3333333333333,87.8,279.666666666667
2023-06-13 05:00:00,45.0,77.1,279.633333333333
2023-06-13 06:00:00,40.1666666666667,69.6333333333334,280.1
2023-06-13 07:00:00,10.5,67.75,281.9
2023-06-13 08:00:00,2.0,66.0333333333334,283.883333333333
2023-06-13 09:00:00,13.5,66.1666666666667,283.983333333333
2023-06-13 10:00:00,13.1666666666667,64.9333333333333,284.116666666667
2023-06-13 11:00:00,31.1666666666667,59.9333333333333,283.266666666667
2023-06-13 12:00:00,28.3333333333333,51.0333333333333,284.1
2023-06-13 13:00:00,12.8333333333333,45.8333333333333,286.25
2023-06-13 14:00:00,10.3333333333333,48.0833333333333,285.85
2023-06-13 15:00:00,5.5,53.1333333333333,285.783333333333
2023-06-13 16:00:00,7.33333333333333,64.1,284.95
2023-06-13 17:00:00,31.1666666666667,72.8833333333333,283.333333333333
2023-06-13 18:00:00,32.1666666666667,73.1,282.65
2023-06-13 19:00:00,27.8333333333333,76.25,282.433333333333
2023-06-13 20:00:00,22.0,80.6,281.466666666667
2023-06-13 21:00:00,18.6666666666667,82.7,280.916666666667
2023-06-13 22:00:00,17.3333333333333,82.4166666666667,280.666666666667
2023-06-13 23:00:00,22.6666666666667,85.7166666666667,279.95
2023-06-14 00:00:00,25.5,89.8833333333333,279.116666666667
2023-06-14 01:00:00,30.5,86.7833333333334,278.716666666667
2023-06-14 02:00:00,29.6666666666667,92.3,278.783333333333
2023-06-14 03:00:00,28.8333333333333,91.7166666666667,278.883333333333
2023-06-14 04:00:00,24.1666666666667,90.25,278.65
2023-06-14 05:00:00,24.0,83.1666666666667,278.833333333333
2023-06-14 06:00:00,21.3333333333333,80.05,279.433333333333
2023-06-14 07:00:00,13.6666666666667,74.35,280.283333333333
2023-06-14 08:00:00,13.5,68.6,280.933333333333
2023-06-14 09:00:00,20.3333333333333,69.35,280.683333333333
2023-06-14 10:00:00,26.3333333333333,61.1166666666667,281.216666666667
2023-06-14 11:00:00,13.0,53.7166666666667,282.95
2023-06-14 12:00:00,8.5,50.8833333333333,283.483333333333
2023-06-14 13:00:00,10.5,48.0,284.066666666667
2023-06-14 14:00:00,10.3333333333333,45.5833333333333,284.6
2023-06-14 15:00:00,18.0,49.8166666666667,283.966666666667
2023-06-14 16:00:00,17.0,50.1,284.166666666667
2023-06-14 17:00:00,16.3333333333333,52.5666666666667,283.783333333333
2023-06-14 18:00:00,19.3333333333333,56.6,283.033333333333
2023-06-14 19:00:00,32.5,61.2166666666667,281.616666666667
2023-06-14 20:00:00,36.6666666666667,64.65,280.633333333333
2023-06-14 21:00:00,35.8333333333333,67.5666666666667,279.916666666667
2023-06-14 22:00:00,34.3333333333333,69.2666666666667,279.45
2023-06-14 23:00:00,35.3333333333333,69.5166666666667,279.016666666667
2023-06-15 00:00:00,35.0,71.5666666666667,278.633333333333
2023-06-15 01:00:00,35.3333333333333,71.2166666666667,278.233333333333
2023-06-15 02:00:00,36.0,70.4166666666667,277.9
2023-06-15 03:00:00,35.5,71.2666666666667,277.583333333333
2023-06-15 04:00:00,36.8333333333333,72.7333333333333,277.6
2023-06-15 05:00:00,37.0,69.45,277.366666666667
2023-06-15 06:00:00,28.6666666666667,62.65,277.916666666667
2023-06-15 07:00:00,8.5,59.8166666666667,279.583333333333
2023-06-15 08:00:00,18.8333333333333,61.0833333333333,279.766666666667
2023-06-15 09:00:00,14.1666666666667,57.5333333333333,280.733333333333
2023-06-15 10:00:00,18.0,55.9833333333333,280.85
2023-06-15 11:00:00,17.3333333333333,50.8166666666667,282.033333333333
2023-06-15 12:00:00,18.3333333333333,51.6333333333333,281.666666666667
2023-06-15 13:00:00,18.3333333333333,51.2333333333333,282.8
2023-06-15 14:00:00,14.1666666666667,53.6,282.35
2023-06-15 15:00:00,15.8333333333333,52.4666666666667,282.533333333333
2023-06-15 16:00:00,17.8333333333333,54.6833333333333,281.65
2023-06-15 17:00:00,20.0,54.2333333333334,282.116666666667
2023-06-15 18:00:00,22.6666666666667,56.2666666666667,281.366666666667
2023-06-15 19:00:00,28.3333333333333,57.6833333333333,280.733333333333
2023-06-15 20:00:00,33.0,55.4333333333333,279.866666666667
2023-06-15 21:00:00,31.8333333333333,59.0,278.983333333333
2023-06-15 22:00:00,29.3333333333333,64.15,278.65
2023-06-15 23:00:00,28.0,66.1166666666667,278.616666666667
2023-06-16 00:00:00,27.0,68.2,278.466666666667
2023-06-16 01:00:00,27.8333333333333,70.9666666666667,278.483333333333
2023-06-16 02:00:00,29.3333333333333,71.0833333333333,278.316666666667
2023-06-16 03:00:00,31.0,72.1833333333333,278.1
2023-06-16 04:00:00,32.0,84.25,277.133333333333
2023-06-16 05:00:00,35.8333333333333,96.7333333333333,275.916666666667
2023-06-16 06:00:00,26.1666666666667,90.2666666666667,276.183333333333
2023-06-16 07:00:00,21.0,83.2833333333334,277.183333333333
2023-06-16 08:00:00,29.0,82.9833333333333,277.783333333333
2023-06-16 09:00:00,24.8333333333333,82.7666666666667,278.85
2023-06-16 10:00:00,14.8333333333333,76.4333333333333,278.85
2023-06-16 11:00:00,25.5,77.7833333333334,278.516666666667
2023-06-16 12:00:00,24.5,71.45,278.433333333333
2023-06-16 13:00:00,19.5,70.7166666666667,279.733333333333
2023-06-16 14:00:00,18.8333333333333,74.3833333333333,280.016666666667
2023-06-16 15:00:00,23.0,79.5,278.6
2023-06-16 16:00:00,26.6666666666667,90.0166666666667,278.183333333333
2023-06-16 17:00:00,30.1666666666667,90.0833333333333,278.583333333333
2023-06-16 18:00:00,32.6666666666667,87.7333333333333,278.5
2023-06-16 19:00:00,37.5,86.5,278.166666666667
2023-06-16 20:00:00,38.6666666666667,86.4333333333333,278.433333333333
2023-06-16 21:00:00,38.5,82.4,278.183333333333
2023-06-16 22:00:00,39.1666666666667,82.4833333333333,278.0
2023-06-16 23:00:00,38.6666666666667,79.1166666666667,278.05
2023-06-17 00:00:00,37.6666666666667,75.3333333333333,277.983333333333
2023-06-17 01:00:00,37.8333333333333,73.1333333333333,277.916666666667
2023-06-17 02:00:00,37.3333333333333,73.4666666666667,277.766666666667
2023-06-17 03:00:00,34.0,72.2,277.766666666667
2023-06-17 04:00:00,34.1666666666667,73.45,277.566666666667
2023-06-17 05:00:00,33.8333333333333,72.45,277.633333333333
2023-06-17 06:00:00,30.0,69.8166666666667,277.866666666667
2023-06-17 07:00:00,19.3333333333333,66.1833333333333,278.75
2023-06-17 08:00:00,19.1666666666667,63.4,280.05
2023-06-17 09:00:00,21.6666666666667,56.8833333333333,280.483333333333
2023-06-17 10:00:00,17.3333333333333,48.75,281.45
2023-06-17 11:00:00,15.8333333333333,46.9666666666667,282.466666666667
2023-06-17 12:00:00,16.6666666666667,43.35,282.9
2023-06-17 13:00:00,11.5,42.3833333333333,283.666666666667
2023-06-17 14:00:00,11.6666666666667,40.35,283.8
2023-06-17 15:00:00,14.5,40.5833333333333,284.25
2023-06-17 16:00:00,15.6666666666667,43.4,283.7
2023-06-17 17:00:00,16.8333333333333,45.8,283.65
2023-06-17 18:00:00,15.1666666666667,47.6833333333333,283.35
2023-06-17 19:00:00,16.3333333333333,51.9666666666667,283.116666666667
2023-06-17 20:00:00,28.1666666666667,56.4666666666667,282.033333333333
2023-06-17 21:00:00,35.1666666666667,57.0,281.35
2023-06-17 22:00:00,40.0,58.6,280.933333333333
2023-06-17 23:00:00,36.5,60.9666666666667,281.166666666667
2023-06-18 00:00:00,35.6666666666667,60.4666666666667,280.966666666667
2023-06-18 01:00:00,36.0,58.0666666666667,280.933333333333
2023-06-18 02:00:00,33.3333333333333,58.5,280.683333333333
2023-06-18 03:00:00,35.8333333333333,66.95,280.066666666667
2023-06-18 04:00:00,31.8333333333333,63.2833333333333,280.5
2023-06-18 05:00:00,29.5,62.25,280.933333333333
2023-06-18 06:00:00,32.3333333333333,59.2333333333333,281.483333333333
2023-06-18 07:00:00,32.6666666666667,56.5333333333333,282.5
2023-06-18 08:00:00,29.3333333333333,53.3,283.933333333333
2023-06-18 09:00:00,28.8333333333333,50.3666666666667,284.966666666667
2023-06-18 10:00:00,30.8333333333333,45.55,286.216666666667
2023-06-18 11:00:00,28.0,41.7666666666667,287.566666666667
2023-06-18 12:00:00,27.1666666666667,41.1166666666667,288.033333333333
2023-06-18 13:00:00,22.3333333333333,40.75,288.15
2023-06-18 14:00:00,21.0,38.4833333333333,288.833333333333
2023-06-18 15:00:00,14.8333333333333,37.7666666666667,289.083333333333
2023-06-18 16:00:00,9.16666666666667,37.15,289.566666666667
2023-06-18 17:00:00,12.0,38.9,289.216666666667
2023-06-18 18:00:00,16.1666666666667,43.1,288.183333333333
2023-06-18 19:00:00,23.6666666666667,53.15,285.8
2023-06-18 20:00:00,36.8333333333333,54.4666666666667,285.45
2023-06-18 21:00:00,36.1666666666667,53.8666666666667,285.4
2023-06-18 22:00:00,37.0,57.05,284.916666666667
2023-06-18 23:00:00,35.3333333333333,60.7833333333333,284.283333333333
2023-06-19 00:00:00,35.5,63.6666666666667,283.683333333333
2023-06-19 01:00:00,32.8333333333333,63.8,283.433333333333
2023-06-19 02:00:00,32.1666666666667,61.7166666666667,283.516666666667
2023-06-19 03:00:00,32.3333333333333,61.3666666666667,283.316666666667
2023-06-19 04:00:00,32.0,59.2,283.7
2023-06-19 05:00:00,34.0,60.5666666666667,283.7
2023-06-19 06:00:00,33.1666666666667,61.05,284.083333333333
2023-06-19 07:00:00,28.0,61.2666666666667,284.533333333333
2023-06-19 08:00:00,20.1666666666667,63.6166666666667,285.25
2023-06-19 09:00:00,22.0,61.7166666666667,286.316666666667
2023-06-19 10:00:00,23.8333333333333,58.7833333333333,287.033333333333
2023-06-19 11:00:00,25.1666666666667,55.0333333333333,288.416666666667
2023-06-19 12:00:00,22.6666666666667,46.1833333333333,289.366666666667
2023-06-19 13:00:00,22.1666666666667,38.7333333333333,289.95
2023-06-19 14:00:00,15.5,39.0333333333333,289.683333333333
2023-06-19 15:00:00,26.0,47.2166666666667,288.366666666667
2023-06-19 16:00:00,29.3333333333333,46.4666666666667,288.283333333333
2023-06-19 17:00:00,19.5,47.3333333333333,288.85
2023-06-19 18:00:00,25.6666666666667,48.2,287.7
2023-06-19 19:00:00,8.66666666666667,58.2166666666667,286.25
2023-06-19 20:00:00,26.0,68.6333333333333,284.633333333333
2023-06-19 21:00:00,24.1666666666667,68.0,284.566666666667
2023-06-19 22:00:00,23.1666666666667,67.7666666666667,284.416666666667
2023-06-19 23:00:00,28.1666666666667,66.7666666666667,284.4
2023-06-20 00:00:00,25.8333333333333,67.5166666666667,284.333333333333
2023-06-20 01:00:00,23.8333333333333,66.7833333333334,284.333333333333
2023-06-20 02:00:00,21.6666666666667,71.3,284.033333333333
2023-06-20 03:00:00,20.0,69.9166666666667,284.216666666667
2023-06-20 04:00:00,18.3333333333333,70.65,284.1
2023-06-20 05:00:00,14.1666666666667,70.6833333333333,284.133333333333
2023-06-20 06:00:00,12.5,68.15,284.6
2023-06-20 07:00:00,14.3333333333333,68.4,284.966666666667
2023-06-20 08:00:00,20.3333333333333,64.1166666666667,286.733333333333
2023-06-20 09:00:00,20.0,59.3833333333333,288.1
2023-06-20 10:00:00,23.1666666666667,54.0,289.3
2023-06-20 11:00:00,26.1666666666667,46.5166666666667,290.566666666667
2023-06-20 12:00:00,25.8333333333333,42.0166666666667,291.616666666667
2023-06-20 13:00:00,20.0,42.6666666666667,291.6
2023-06-20 14:00:00,20.1666666666667,43.2833333333333,291.766666666667
2023-06-20 15:00:00,22.3333333333333,43.25,291.666666666667
2023-06-20 16:00:00,19.3333333333333,43.7166666666667,291.366666666667
2023-06-20 17:00:00,17.0,44.6166666666667,290.75
2023-06-20 18:00:00,11.5,46.2833333333333,289.9
2023-06-20 19:00:00,3.66666666666667,45.7166666666667,289.616666666667
2023-06-20 20:00:00,13.5,50.0833333333333,288.783333333333
2023-06-20 21:00:00,-1.16666666666667,57.0166666666667,287.633333333333
2023-06-20 22:00:00,5.33333333333333,52.45,287.716666666667
2023-06-20 23:00:00,19.0,41.3666666666667,288.35
2023-06-21 00:00:00,22.3333333333333,46.5666666666667,287.366666666667
2023-06-21 01:00:00,21.1666666666667,48.1166666666667,287.533333333333
2023-06-21 02:00:00,24.0,48.0333333333334,287.4
2023-06-21 03:00:00,26.0,49.2833333333333,287.066666666667
2023-06-21 04:00:00,23.3333333333333,48.1333333333333,287.066666666667
2023-06-21 05:00:00,21.8333333333333,45.1833333333333,287.55
2023-06-21 06:00:00,22.5,47.3,287.333333333333
2023-06-21 07:00:00,23.0,46.6333333333333,288.166666666667
2023-06-21 08:00:00,19.1666666666667,46.5666666666667,289.55
2023-06-21 09:00:00,15.8333333333333,43.3333333333333,290.383333333333
2023-06-21 10:00:00,18.8333333333333,37.2,291.6
2023-06-21 11:00:00,23.1666666666667,34.0833333333333,292.633333333333
2023-06-21 12:00:00,22.6666666666667,33.8833333333333,292.716666666667
2023-06-21 13:00:00,22.3333333333333,34.4833333333333,293.166666666667
2023-06-21 14:00:00,22.8333333333333,35.6,291.85
2023-06-21 15:00:00,22.6666666666667,30.8166666666667,292.5
2023-06-21 16:00:00,17.5,42.95,291.533333333333
2023-06-21 17:00:00,10.8333333333333,44.0166666666667,291.633333333333
2023-06-21 18:00:00,10.3333333333333,58.25,290.216666666667
2023-06-21 19:00:00,10.0,63.7833333333333,288.583333333333
2023-06-21 20:00:00,14.5,67.6,287.9
2023-06-21 21:00:00,18.5,76.6,286.9
2023-06-21 22:00:00,33.6666666666667,63.25,287.933333333333
2023-06-21 23:00:00,24.3333333333333,53.3166666666667,288.633333333333
2023-06-22 00:00:00,23.6666666666667,52.6166666666667,288.183333333333
2023-06-22 01:00:00,25.5,49.65,288.366666666667
2023-06-22 02:00:00,23.8333333333333,47.2333333333333,288.466666666667
2023-06-22 03:00:00,24.8333333333333,47.5333333333333,288.083333333333
2023-06-22 04:00:00,27.6666666666667,43.2333333333333,288.183333333333
2023-06-22 05:00:00,27.8333333333333,45.3,287.866666666667
2023-06-22 06:00:00,26.5,44.8833333333333,288.15
2023-06-22 07:00:00,27.5,41.2666666666667,289.133333333333
2023-06-22 08:00:00,26.5,38.1,289.666666666667
2023-06-22 09:00:00,24.8333333333333,35.1333333333333,290.766666666667
2023-06-22 10:00:00,26.3333333333333,31.7166666666667,292.4
2023-06-22 11:00:00,21.5,32.5666666666667,292.15
2023-06-22 12:00:00,21.6666666666667,34.15,292.833333333333
2023-06-22 13:00:00,21.0,33.2333333333333,293.266666666667
2023-06-22 14:00:00,21.5,31.8333333333333,293.316666666667
2023-06-22 15:00:00,19.6666666666667,27.85,293.866666666667
2023-06-22 16:00:00,20.5,28.8166666666667,292.983333333333
2023-06-22 17:00:00,12.8333333333333,33.8833333333333,291.983333333333
2023-06-22 18:00:00,20.0,48.8166666666667,289.383333333333
2023-06-22 19:00:00,22.5,41.7666666666667,289.633333333333
2023-06-22 20:00:00,23.1666666666667,53.1166666666667,288.266666666667
2023-06-22 21:00:00,24.5,67.1333333333334,285.3
2023-06-22 22:00:00,19.1666666666667,59.7833333333333,285.666666666667
2023-06-22 23:00:00,16.6666666666667,56.7666666666667,285.85
2023-06-23 00:00:00,11.8333333333333,56.3333333333333,285.883333333333
2023-06-23 01:00:00,18.1666666666667,87.8,283.533333333333
2023-06-23 02:00:00,14.5,92.4,282.65
2023-06-23 03:00:00,14.6666666666667,92.1833333333333,279.916666666667
2023-06-23 04:00:00,9.5,85.5333333333334,279.966666666667
2023-06-23 05:00:00,5.83333333333333,82.2166666666667,280.166666666667
2023-06-23 06:00:00,-5.33333333333333,87.25,280.4
2023-06-23 07:00:00,0.666666666666667,99.9166666666667,279.883333333333
2023-06-23 08:00:00,3.0,101.533333333333,279.466666666667
2023-06-23 09:00:00,6.0,101.75,279.45
2023-06-23 10:00:00,7.83333333333333,102.066666666667,278.983333333333
2023-06-23 11:00:00,17.6666666666667,102.516666666667,278.6
2023-06-23 12:00:00,25.5,102.633333333333,278.5
2023-06-23 13:00:00,35.0,102.316666666667,279.25
2023-06-23 14:00:00,40.5,101.516666666667,279.133333333333
2023-06-23 15:00:00,28.3333333333333,100.616666666667,279.866666666667
2023-06-23 16:00:00,22.1666666666667,97.4333333333333,279.7
2023-06-23 17:00:00,31.6666666666667,99.55,279.45
2023-06-23 18:00:00,25.8333333333333,94.0333333333333,279.716666666667
2023-06-23 19:00:00,18.8333333333333,88.3,279.866666666667
2023-06-23 20:00:00,20.0,82.4833333333333,279.433333333333
2023-06-23 21:00:00,22.3333333333333,84.9,278.933333333333
2023-06-23 22:00:00,7.16666666666667,88.45,278.75
2023-06-23 23:00:00,-1.5,90.6166666666667,278.85
2023-06-24 00:00:00,1.0,85.05,278.633333333333
2023-06-24 01:00:00,-1.0,86.0333333333334,278.5
2023-06-24 02:00:00,-8.5,84.3166666666667,278.05
2023-06-24 03:00:00,-14.6666666666667,92.15,277.666666666667
2023-06-24 04:00:00,-12.8333333333333,99.5833333333333,277.566666666667
2023-06-24 05:00:00,-11.6666666666667,102.033333333333,277.333333333333
2023-06-24 06:00:00,-9.33333333333334,102.366666666667,277.466666666667
2023-06-24 07:00:00,-1.16666666666667,102.533333333333,277.65
2023-06-24 08:00:00,5.16666666666667,102.65,278.0
2023-06-24 09:00:00,13.6666666666667,102.35,278.333333333333
2023-06-24 10:00:00,25.0,101.8,279.533333333333
2023-06-24 11:00:00,23.3333333333333,100.433333333333,280.4
2023-06-24 12:00:00,29.6666666666667,90.0333333333334,281.016666666667
2023-06-24 13:00:00,33.3333333333333,73.1833333333333,282.55
2023-06-24 14:00:00,30.5,69.5166666666667,283.383333333333
2023-06-24 15:00:00,27.5,67.6833333333333,283.8
2023-06-24 16:00:00,31.1666666666667,65.15,283.733333333333
2023-06-24 17:00:00,25.1666666666667,60.8666666666667,284.25
2023-06-24 18:00:00,9.5,57.15,285.783333333333
2023-06-24 19:00:00,-1.16666666666667,65.6166666666667,284.033333333333
2023-06-24 20:00:00,14.5,74.7,282.216666666667
2023-06-24 21:00:00,20.0,86.75,281.383333333333
2023-06-24 22:00:00,22.1666666666667,90.2666666666667,280.666666666667
2023-06-24 23:00:00,32.0,90.9666666666667,280.466666666667
2023-06-25 00:00:00,22.3333333333333,92.25,280.333333333333
2023-06-25 01:00:00,23.1666666666667,96.2166666666667,280.083333333333
2023-06-25 02:00:00,27.5,87.1833333333333,280.7
2023-06-25 03:00:00,33.1666666666667,57.0,281.416666666667
2023-06-25 04:00:00,25.1666666666667,39.05,281.916666666667
2023-06-25 05:00:00,23.1666666666667,32.6333333333333,282.15
2023-06-25 06:00:00,19.8333333333333,25.5666666666667,283.0
2023-06-25 07:00:00,9.33333333333333,32.65,284.366666666667
2023-06-25 08:00:00,-1.0,38.15,286.233333333333
2023-06-25 09:00:00,7.5,41.5833333333333,286.8
2023-06-25 10:00:00,8.16666666666667,42.6,287.983333333333
2023-06-25 11:00:00,10.3333333333333,31.5,289.216666666667
2023-06-25 12:00:00,15.1666666666667,29.2666666666667,289.4
2023-06-25 13:00:00,18.6666666666667,33.1666666666667,289.95
2023-06-25 14:00:00,19.3333333333333,34.7833333333333,290.166666666667
2023-06-25 15:00:00,14.1666666666667,35.1666666666667,290.116666666667
2023-06-25 16:00:00,15.3333333333333,37.1666666666667,289.866666666667
2023-06-25 17:00:00,13.6666666666667,39.5666666666667,289.716666666667
2023-06-25 18:00:00,9.83333333333333,42.6666666666667,288.966666666667
2023-06-25 19:00:00,3.0,50.9833333333333,286.816666666667
2023-06-25 20:00:00,12.1666666666667,61.0833333333333,285.75
2023-06-25 21:00:00,18.5,64.0833333333333,285.2
2023-06-25 22:00:00,28.1666666666667,67.0,284.5
2023-06-25 23:00:00,31.0,70.75,284.183333333333
2023-06-26 00:00:00,31.5,63.9,283.933333333333
2023-06-26 01:00:00,32.6666666666667,63.25,283.55
2023-06-26 02:00:00,32.0,64.5,283.533333333333
2023-06-26 03:00:00,30.3333333333333,67.7666666666667,283.616666666667
2023-06-26 04:00:00,30.1666666666667,73.7666666666667,283.583333333333
2023-06-26 05:00:00,27.6666666666667,79.1333333333333,283.45
2023-06-26 06:00:00,33.6666666666667,79.6833333333334,283.416666666667
2023-06-26 07:00:00,37.5,75.3333333333333,283.683333333333
2023-06-26 08:00:00,32.6666666666667,71.2166666666667,284.183333333333
2023-06-26 09:00:00,22.6666666666667,61.9,285.566666666667
2023-06-26 10:00:00,17.8333333333333,58.2666666666667,286.283333333333
2023-06-26 11:00:00,21.1666666666667,56.4333333333333,286.683333333333
2023-06-26 12:00:00,21.1666666666667,53.9333333333333,287.916666666667
2023-06-26 13:00:00,18.8333333333333,49.3,289.583333333333
2023-06-26 14:00:00,17.3333333333333,49.3,289.633333333333
2023-06-26 15:00:00,18.1666666666667,48.85,289.55
2023-06-26 16:00:00,19.1666666666667,47.9833333333334,289.15
2023-06-26 17:00:00,17.6666666666667,48.2666666666667,288.4
2023-06-26 18:00:00,18.3333333333333,50.3166666666667,287.716666666667
2023-06-26 19:00:00,7.83333333333333,56.3166666666667,287.216666666667
2023-06-26 20:00:00,9.0,61.6666666666667,286.233333333333
2023-06-26 21:00:00,20.5,71.55,285.35
2023-06-26 22:00:00,26.0,79.8833333333333,284.983333333333
2023-06-26 23:00:00,29.1666666666667,89.5666666666667,284.3
2023-06-27 00:00:00,31.5,97.8333333333333,283.066666666667
2023-06-27 01:00:00,30.6666666666667,98.2333333333333,282.883333333333
2023-06-27 02:00:00,27.4,98.5,282.71
2023-06-27 03:00:00,25.5,98.9333333333333,282.416666666667
2023-06-27 04:00:00,27.8333333333333,91.2833333333334,282.116666666667
2023-06-27 05:00:00,26.6666666666667,87.9666666666667,282.066666666667
2023-06-27 06:00:00,28.6666666666667,87.2,282.016666666667
2023-06-27 07:00:00,26.8333333333333,82.2,282.433333333333
2023-06-27 08:00:00,32.3333333333333,81.3833333333333,282.75
2023-06-27 09:00:00,30.5,74.5166666666667,283.15
2023-06-27 10:00:00,25.6666666666667,68.7166666666667,283.85
2023-06-27 11:00:00,28.8333333333333,67.6666666666667,284.65
2023-06-27 12:00:00,24.8333333333333,63.3666666666667,285.7
2023-06-27 13:00:00,24.6666666666667,61.4666666666667,285.35
2023-06-27 14:00:00,19.1666666666667,61.6666666666667,285.166666666667
2023-06-27 15:00:00,21.8333333333333,63.9666666666667,285.0
2023-06-27 16:00:00,30.1666666666667,68.3,283.25
2023-06-27 17:00:00,30.6666666666667,69.6833333333333,283.166666666667
2023-06-27 18:00:00,33.8333333333333,69.4333333333333,282.483333333333
2023-06-27 19:00:00,38.3333333333333,71.5166666666667,281.983333333333
2023-06-27 20:00:00,39.6666666666667,73.9333333333333,281.5
2023-06-27 21:00:00,33.3333333333333,81.15,280.783333333333
2023-06-27 22:00:00,33.8333333333333,83.8833333333333,280.183333333333
2023-06-27 23:00:00,35.3333333333333,83.8166666666667,279.666666666667
2023-06-28 00:00:00,39.6666666666667,80.9833333333333,279.133333333333
2023-06-28 01:00:00,39.1666666666667,77.8833333333333,279.0
2023-06-28 02:00:00,38.3333333333333,80.0,278.95
2023-06-28 03:00:00,38.8333333333333,80.7833333333333,278.866666666667
2023-06-28 04:00:00,40.1666666666667,83.2,278.583333333333
2023-06-28 05:00:00,40.0,85.5833333333333,278.383333333333
2023-06-28 06:00:00,40.0,84.35,278.416666666667
2023-06-28 07:00:00,37.6666666666667,87.25,278.4
2023-06-28 08:00:00,37.3333333333333,90.1666666666667,278.416666666667
2023-06-28 09:00:00,39.1666666666667,87.8166666666667,278.533333333333
2023-06-28 10:00:00,42.1666666666667,99.6333333333333,278.45
2023-06-28 11:00:00,42.1666666666667,93.1333333333333,279.033333333333
2023-06-28 12:00:00,32.5,77.3666666666667,281.4
2023-06-28 13:00:00,26.5,75.2,282.1
2023-06-28 14:00:00,37.8333333333333,84.9333333333333,280.533333333333
2023-06-28 15:00:00,40.5,83.4666666666667,280.866666666667
2023-06-28 16:00:00,37.8333333333333,91.7833333333333,280.633333333333
2023-06-28 17:00:00,34.6666666666667,98.8666666666667,280.566666666667
2023-06-28 18:00:00,34.8333333333333,99.5,280.55
2023-06-28 19:00:00,35.3333333333333,95.2333333333333,280.633333333333
2023-06-28 20:00:00,30.5,88.6833333333333,280.633333333333
2023-06-28 21:00:00,31.8333333333333,88.4666666666667,280.483333333333
2023-06-28 22:00:00,33.6666666666667,88.8166666666667,280.466666666667
2023-06-28 23:00:00,36.8333333333333,86.35,280.583333333333
2023-06-29 00:00:00,39.5,84.2666666666667,280.5
2023-06-29 01:00:00,39.5,81.9,280.616666666667
2023-06-29 02:00:00,40.0,79.6333333333333,280.616666666667
2023-06-29 03:00:00,41.1666666666667,78.4666666666667,280.566666666667
2023-06-29 04:00:00,37.0,76.7833333333333,280.75
2023-06-29 05:00:00,33.3333333333333,74.8166666666667,281.0
2023-06-29 06:00:00,35.6666666666667,71.05,281.833333333333
2023-06-29 07:00:00,33.0,67.8833333333333,283.033333333333
2023-06-29 08:00:00,28.8333333333333,64.9666666666667,284.45
2023-06-29 09:00:00,28.0,62.4333333333333,285.633333333333
2023-06-29 10:00:00,25.0,59.85,287.1
2023-06-29 11:00:00,22.5,53.9833333333333,288.533333333333
2023-06-29 12:00:00,18.6666666666667,51.2,289.1
2023-06-29 13:00:00,20.0,52.45,288.633333333333
2023-06-29 14:00:00,16.6666666666667,51.2333333333334,288.883333333333
2023-06-29 15:00:00,12.0,49.0666666666667,289.166666666667
2023-06-29 16:00:00,9.5,53.6,288.233333333333
2023-06-29 17:00:00,15.1666666666667,59.6333333333333,287.766666666667
2023-06-29 18:00:00,18.8333333333333,62.2,287.016666666667
2023-06-29 19:00:00,20.5,66.65,286.25
2023-06-29 20:00:00,22.6666666666667,80.0,285.05
2023-06-29 21:00:00,13.8333333333333,99.25,283.7
2023-06-29 22:00:00,26.1666666666667,101.016666666667,282.4
2023-06-29 23:00:00,25.5,101.433333333333,281.95
2023-06-30 00:00:00,25.5,101.35,281.983333333333
2023-06-30 01:00:00,26.3333333333333,93.7833333333333,282.333333333333
2023-06-30 02:00:00,35.3333333333333,97.7833333333334,282.133333333333
2023-06-30 03:00:00,25.0,91.8833333333333,282.05
2023-06-30 04:00:00,25.6666666666667,100.3,281.5
2023-06-30 05:00:00,24.3333333333333,102.566666666667,281.166666666667
2023-06-30 06:00:00,27.0,99.7666666666667,281.25
2023-06-30 07:00:00,27.6666666666667,94.4,282.083333333333
2023-06-30 08:00:00,32.5,93.6333333333333,282.616666666667
2023-06-30 09:00:00,32.5,85.3166666666667,283.6
2023-06-30 10:00:00,22.5,93.1333333333333,284.333333333333
2023-06-30 11:00:00,17.8333333333333,99.3833333333333,284.083333333333
2023-06-30 12:00:00,24.0,95.3833333333333,283.3
2023-06-30 13:00:00,27.6666666666667,96.8166666666667,283.45
2023-06-30 14:00:00,17.1666666666667,92.3333333333333,284.733333333333
2023-06-30 15:00:00,19.6666666666667,94.0166666666667,282.7
2023-06-30 16:00:00,27.0,98.5166666666667,282.8
2023-06-30 17:00:00,22.3333333333333,102.116666666667,282.516666666667
2023-06-30 18:00:00,25.6666666666667,102.383333333333,282.45
2023-06-30 19:00:00,31.0,102.916666666667,281.616666666667
2023-06-30 20:00:00,23.1666666666667,103.05,281.25
2023-06-30 21:00:00,29.1666666666667,102.033333333333,280.85
