date,rel_hum,temp,wind_dir,wind_speed
2022-10-01 00:00:00,101.616666666667,270.983333333333,39.9251505551199,4.14821656366546
2022-10-01 01:00:00,101.666666666667,270.966666666667,53.8403706037739,4.68943201275025
2022-10-01 02:00:00,101.7,271.083333333333,66.6466932442194,3.2406086853426
2022-10-01 03:00:00,101.683333333333,270.95,67.6676111995213,3.79354775933628
2022-10-01 04:00:00,100.45,271.033333333333,66.599573167855,5.06004366022325
2022-10-01 05:00:00,100.95,270.866666666667,58.3821154261114,4.99443036689686
2022-10-01 06:00:00,100.233333333333,270.85,53.0193759156044,4.56143443567556
2022-10-01 07:00:00,99.8333333333333,271.066666666667,65.4639011716843,5.42733358265037
2022-10-01 08:00:00,98.1166666666667,271.533333333333,79.2359135641056,4.72133026504046
2022-10-01 09:00:00,79.6666666666667,272.316666666667,52.7139942734932,5.72540566425908
2022-10-01 10:00:00,59.4,273.066666666667,59.0580528003345,6.30975786962188
2022-10-01 11:00:00,66.85,272.966666666667,51.6574334634415,6.12203681041932
2022-10-01 12:00:00,87.5333333333334,272.516666666667,37.5307611578491,5.54740805392833
2022-10-01 13:00:00,100.783333333333,271.966666666667,63.5455073063467,4.92538021809476
2022-10-01 14:00:00,100.333333333333,272.733333333333,60.6825505447362,6.65656174499472
2022-10-01 15:00:00,101.533333333333,272.666666666667,45.0996860736713,6.28453465981122
2022-10-01 16:00:00,101.8,272.533333333333,36.4414589294119,4.74163292438052
2022-10-01 17:00:00,101.733333333333,272.216666666667,44.9406803406947,5.60120911502461
2022-10-01 18:00:00,101.683333333333,272.016666666667,31.6491771681726,5.16222629168137
2022-10-01 19:00:00,101.6,271.816666666667,36.0337447271985,4.15325908276104
2022-10-01 20:00:00,101.6,271.85,9.22934487877041,5.06078905737776
2022-10-01 21:00:00,101.6,271.9,0.076265651713527,5.36386433947064
2022-10-01 22:00:00,101.6,272.066666666667,8.96586841007434,6.01082841045355
2022-10-01 23:00:00,101.6,272.116666666667,351.76104864207,8.36234323929987
2022-10-02 00:00:00,101.6,271.733333333333,333.010081210306,8.06765383022097
2022-10-02 01:00:00,101.6,271.866666666667,356.082986680586,4.04085814093532
2022-10-02 02:00:00,101.6,272.2,30.2338831029335,4.53672840402146
2022-10-02 03:00:00,101.6,272.383333333333,32.1783726588059,4.33933908984807
2022-10-02 04:00:00,101.6,272.45,19.2809141787793,6.65766722320109
2022-10-02 05:00:00,101.6,272.45,17.5659858270541,6.63207099218793
2022-10-02 06:00:00,101.6,272.516666666667,35.4627877701139,7.50822473591465
2022-10-02 07:00:00,101.7,273.416666666667,25.1628930255846,10.098885828113
2022-10-02 08:00:00,101.683333333333,274.05,17.2069725396784,9.28508680053639
2022-10-02 09:00:00,97.95,274.966666666667,13.3539424942246,7.15754434865808
2022-10-02 10:00:00,94.55,275.366666666667,28.2480484261344,6.08092572645747
2022-10-02 11:00:00,99.9166666666667,275.083333333333,34.7239249612575,6.62357294489113
2022-10-02 12:00:00,97.6333333333333,275.733333333333,15.2137127344181,7.18168560349515
2022-10-02 13:00:00,98.6833333333333,275.8,31.9545444731627,7.71800586241015
2022-10-02 14:00:00,99.0,275.883333333333,35.2138784765814,9.98575575238743
2022-10-02 15:00:00,90.3166666666667,276.316666666667,21.7645910296162,7.57874426039629
2022-10-02 16:00:00,97.45,275.933333333333,18.2637702891208,7.04368315835055
2022-10-02 17:00:00,90.3166666666667,276.133333333333,6.62040867623909,5.84994637717111
2022-10-02 18:00:00,75.7,275.933333333333,17.1122724497372,7.79812532201432
2022-10-02 19:00:00,85.0833333333333,275.066666666667,357.695495523887,6.07917440669602
2022-10-02 20:00:00,93.05,274.383333333333,359.623134930095,7.07041420147661
2022-10-02 21:00:00,98.8,273.6,3.35779804497599,8.7135556420867
2022-10-02 22:00:00,94.5666666666667,273.416666666667,5.59046198806902,6.71112689036639
2022-10-02 23:00:00,97.5333333333334,273.166666666667,352.576512969703,4.22135293224618
2022-10-03 00:00:00,101.066666666667,272.533333333333,329.286456646023,7.36295001831145
2022-10-03 01:00:00,101.666666666667,272.133333333333,327.185159457831,5.11941884612853
2022-10-03 02:00:00,101.6,271.966666666667,315.682898967788,2.15219102252837
2022-10-03 03:00:00,101.6,272.233333333333,315.464740014371,4.35503550270939
2022-10-03 04:00:00,101.6,272.45,316.913400553954,6.6157191153924
2022-10-03 05:00:00,101.6,272.483333333333,322.266149726118,6.02888073974745
2022-10-03 06:00:00,101.533333333333,272.466666666667,336.981515220684,7.03596079841254
2022-10-03 07:00:00,101.466666666667,271.716666666667,340.172826948233,6.0521682717606
2022-10-03 08:00:00,101.483333333333,271.366666666667,326.851368780326,5.38214106359848
2022-10-03 09:00:00,101.583333333333,271.433333333333,317.528413315152,2.8334140796796
2022-10-03 10:00:00,100.566666666667,271.783333333333,340.722946151771,2.11815140509334
2022-10-03 11:00:00,98.9833333333334,272.316666666667,335.472860634561,1.02530727327254
2022-10-03 12:00:00,101.383333333333,272.916666666667,125.118283402824,1.73788680271051
2022-10-03 13:00:00,101.7,274.116666666667,160.597162093606,0.857647027301369
2022-10-03 14:00:00,101.75,274.5,26.3659175162666,1.10247836717839
2022-10-03 15:00:00,101.65,274.75,342.017545497002,0.987458778784872
2022-10-03 16:00:00,93.2166666666667,274.616666666667,323.943770467881,2.28978892816496
2022-10-03 17:00:00,85.6666666666667,274.383333333333,337.231376211868,3.2662845213334
2022-10-03 18:00:00,93.6666666666667,273.4,316.865322310438,3.27842999596455
2022-10-03 19:00:00,90.0333333333334,273.0,247.605385147748,1.50267839132657
2022-10-03 20:00:00,88.5,272.95,189.100594080515,1.82912542805095
2022-10-03 21:00:00,90.8333333333333,272.783333333333,156.816663287758,0.686974120867926
2022-10-03 22:00:00,62.8166666666667,273.0,79.3527599926237,0.631781608270361
2022-10-03 23:00:00,41.8833333333333,273.533333333333,71.1917196906398,1.03914085278938
2022-10-04 00:00:00,38.1833333333333,273.7,37.178090794809,2.80038701125297
2022-10-04 01:00:00,32.0666666666667,273.916666666667,47.670669691169,3.31522788166659
2022-10-04 02:00:00,34.1666666666667,273.883333333333,91.6165868309874,3.06060137027768
2022-10-04 03:00:00,36.7,274.566666666667,77.9559104670331,2.24005134512948
2022-10-04 04:00:00,37.85,274.816666666667,45.6763224466761,2.43609266839838
2022-10-04 05:00:00,37.0333333333333,274.883333333333,18.7166852064214,1.27792440521158
2022-10-04 06:00:00,36.3666666666667,275.0,50.1599509527649,1.47891091250388
2022-10-04 07:00:00,35.6666666666667,275.333333333333,12.8510376474139,1.96810312298741
2022-10-04 08:00:00,35.3333333333333,275.966666666667,82.0823910177447,1.29888514071379
2022-10-04 09:00:00,36.1166666666667,276.416666666667,66.7405635853553,1.3731858721875
2022-10-04 10:00:00,35.7666666666667,277.45,62.3555658623466,1.54682435140704
2022-10-04 11:00:00,32.9333333333333,278.3,54.5017738134524,1.3010090034901
2022-10-04 12:00:00,37.4166666666667,278.65,47.0417413477824,1.26172880011291
2022-10-04 13:00:00,33.15,279.5,42.7107525622524,1.58829585732701
2022-10-04 14:00:00,32.9333333333333,279.933333333333,39.3522791991035,2.3076173184148
2022-10-04 15:00:00,34.15,280.266666666667,29.3922621240838,3.38415492827191
2022-10-04 16:00:00,34.2666666666667,280.15,18.2541932727127,3.88765330910492
2022-10-04 17:00:00,37.25,279.433333333333,10.3174776578058,3.92191510613404
2022-10-04 18:00:00,37.35,278.85,5.01874139245456,3.51331976600433
2022-10-04 19:00:00,34.1666666666667,278.3,17.5285271102252,1.54401143660299
2022-10-04 20:00:00,34.45,278.016666666667,62.2431879474551,2.36887520612893
2022-10-04 21:00:00,29.4833333333333,278.066666666667,60.685042538484,2.97114474647959
2022-10-04 22:00:00,28.8166666666667,278.116666666667,91.7674536773705,3.07049591344499
2022-10-04 23:00:00,21.5166666666667,278.566666666667,82.5783396524987,2.09808962886794
2022-10-05 00:00:00,16.0,279.033333333333,66.6814990832984,1.38565077961224
2022-10-05 01:00:00,14.6833333333333,279.166666666667,359.435737609688,0.490270983812573
2022-10-05 02:00:00,14.05,279.2,134.082865759101,1.1220453526651
2022-10-05 03:00:00,14.05,279.166666666667,108.011412076897,3.92674750526908
2022-10-05 04:00:00,11.95,279.533333333333,83.2356702524866,2.30913186657589
2022-10-05 05:00:00,11.5,279.633333333333,85.8783871786159,1.88742599639322
2022-10-05 06:00:00,9.91666666666667,280.166666666667,55.404154530173,2.54012695291914
2022-10-05 07:00:00,17.65,280.633333333333,75.1671407662466,2.08146578434877
2022-10-05 08:00:00,39.9,281.45,83.4806562098846,3.81993187421364
2022-10-05 09:00:00,41.8,281.966666666667,102.3091845131,4.19888079009437
2022-10-05 10:00:00,42.1333333333333,282.666666666667,104.889002090219,3.75118973095405
2022-10-05 11:00:00,41.45,283.566666666667,106.519480313119,3.56835455478358
2022-10-05 12:00:00,38.4666666666667,284.683333333333,107.878577514384,3.25220542951204
2022-10-05 13:00:00,34.5166666666667,285.833333333333,96.3061936465148,1.71268034028252
2022-10-05 14:00:00,33.0166666666667,286.716666666667,83.4782631341295,1.30450113830705
2022-10-05 15:00:00,33.0833333333333,286.366666666667,53.5278351560554,1.39647355668399
2022-10-05 16:00:00,33.8166666666667,286.216666666667,69.8410965759889,1.79825838314921
2022-10-05 17:00:00,33.6666666666667,285.3,90.5209395915085,3.60431876235235
2022-10-05 18:00:00,34.4333333333333,283.75,90.0574732905547,3.83431340806457
2022-10-05 19:00:00,36.9,282.7,95.5711474052038,3.29811712241213
2022-10-05 20:00:00,39.3,282.0,55.2503128765292,2.41216484303913
2022-10-05 21:00:00,39.1833333333333,281.216666666667,53.2498295359056,3.11454822093238
2022-10-05 22:00:00,37.2166666666667,281.316666666667,63.3183410873551,3.17999956723458
2022-10-05 23:00:00,35.4166666666667,281.116666666667,56.3696369701403,1.04444418872518
2022-10-06 00:00:00,44.0,279.8,344.412125744469,2.88623586461094
2022-10-06 01:00:00,50.4,278.25,329.181186974804,5.68265073657619
2022-10-06 02:00:00,53.25,277.9,303.135231198078,3.83157252772854
2022-10-06 03:00:00,48.8166666666667,277.3,306.145209562807,5.33380278204916
2022-10-06 04:00:00,44.9666666666667,276.983333333333,291.233999194746,4.30912920678723
2022-10-06 05:00:00,50.3166666666667,276.433333333333,303.111258295565,4.07465081183366
2022-10-06 06:00:00,49.0666666666667,276.15,298.97225049018,2.9182674793038
2022-10-06 07:00:00,47.4,275.95,291.109938675152,3.02347561768618
2022-10-06 08:00:00,45.5833333333333,277.65,266.386687664563,0.433171419827065
2022-10-06 09:00:00,53.3166666666667,277.75,192.237863851291,2.12927228984009
2022-10-06 10:00:00,53.95,278.616666666667,179.821792068273,2.00641351962068
2022-10-06 11:00:00,51.5666666666667,279.966666666667,161.685016787825,1.0527738083806
2022-10-06 12:00:00,49.4,281.5,114.629149278327,0.999472762402906
2022-10-06 13:00:00,51.9,281.1,59.2755392501347,1.19082510084103
2022-10-06 14:00:00,53.0833333333333,281.1,41.903021829448,0.919099065381643
2022-10-06 15:00:00,50.2333333333333,282.333333333333,63.7122182100618,0.990559696214449
2022-10-06 16:00:00,53.3166666666667,282.033333333333,72.9971495248624,0.957880202585593
2022-10-06 17:00:00,56.7666666666667,281.2,66.4636384774479,1.10775317265261
2022-10-06 18:00:00,57.9666666666667,279.966666666667,123.984711032697,2.1297535767453
2022-10-06 19:00:00,61.5,278.516666666667,107.532634518784,3.03565376583837
2022-10-06 20:00:00,63.0333333333333,278.183333333333,61.7013412033595,2.69208474845895
2022-10-06 21:00:00,64.7333333333333,277.8,72.0289888077778,2.91030728142384
2022-10-06 22:00:00,68.0,277.433333333333,55.4712859111566,4.35733179997912
2022-10-06 23:00:00,60.5166666666667,277.866666666667,77.2829538930487,2.7195055685888
2022-10-07 00:00:00,51.0666666666667,278.416666666667,83.7799317837296,2.84886535010924
2022-10-07 01:00:00,44.1833333333333,278.666666666667,84.4711486724834,3.66754357447816
2022-10-07 02:00:00,47.1166666666667,278.183333333333,58.2217695483647,5.09230253208008
2022-10-07 03:00:00,38.7166666666667,278.55,47.7163589890836,5.29892275269467
2022-10-07 04:00:00,32.25,278.816666666667,58.4113891135612,4.77631427998992
2022-10-07 05:00:00,27.0333333333333,279.066666666667,65.4483634983795,2.69646948691601
2022-10-07 06:00:00,21.8833333333333,279.5,67.205078148788,3.23734239747361
2022-10-07 07:00:00,21.45,279.766666666667,68.398310453617,2.8100491956797
2022-10-07 08:00:00,18.9666666666667,280.616666666667,94.8617219202299,4.72172797805887
2022-10-07 09:00:00,25.3666666666667,280.883333333333,95.8241853753824,4.02532882248494
2022-10-07 10:00:00,31.4,281.233333333333,97.9652437189637,3.8638415451927
2022-10-07 11:00:00,27.1166666666667,281.933333333333,98.5359219170309,4.77657192713792
2022-10-07 12:00:00,31.55,282.6,100.334144439901,4.18316128805
2022-10-07 13:00:00,35.85,283.6,98.7819531503536,3.0848980123805
2022-10-07 14:00:00,39.35,284.516666666667,66.1388758871317,1.56435174253392
2022-10-07 15:00:00,37.4833333333333,284.083333333333,42.1559068326086,2.54041432171481
2022-10-07 16:00:00,37.3666666666667,283.4,35.3568946994943,2.8846566332054
2022-10-07 17:00:00,38.2333333333333,283.666666666667,70.5948113698902,1.33764476003172
2022-10-07 18:00:00,44.0333333333333,281.35,53.7147989079383,2.11413920819008
2022-10-07 19:00:00,46.1333333333334,280.033333333333,85.3849432699877,1.33783210979571
2022-10-07 20:00:00,54.8333333333333,278.8,54.4594461985985,2.26195553618666
2022-10-07 21:00:00,50.6166666666667,278.633333333333,55.1391668696544,2.86393775660708
2022-10-07 22:00:00,43.95,279.1,90.7352892330941,3.07193642876482
2022-10-07 23:00:00,49.5,278.4,55.4005707470179,2.77118212022555
2022-10-08 00:00:00,42.85,278.8,66.828354094324,4.70766416265186
2022-10-08 01:00:00,41.6166666666667,278.766666666667,84.7253883639145,5.13861214966007
2022-10-08 02:00:00,36.2166666666667,278.7,79.9627612129516,4.22553693648684
2022-10-08 03:00:00,32.1833333333333,278.533333333333,72.297971169739,3.32327454439641
2022-10-08 04:00:00,29.5333333333333,278.266666666667,64.9757954888663,2.07007734956133
2022-10-08 05:00:00,34.5666666666667,277.633333333333,52.8546070831268,1.21714013177151
2022-10-08 06:00:00,47.4,276.716666666667,61.5296209120594,1.64569521513993
2022-10-08 07:00:00,71.1833333333333,275.366666666667,352.085322078598,1.02671597542459
2022-10-08 08:00:00,100.416666666667,274.266666666667,315.80783492842,3.29891124480931
2022-10-08 09:00:00,96.2333333333333,274.983333333333,325.845272001137,1.69337844865519
2022-10-08 10:00:00,92.0333333333333,275.35,303.872851047079,1.59224655459652
2022-10-08 11:00:00,80.3,278.25,142.515145647133,0.99309361662053
2022-10-08 12:00:00,99.6166666666667,275.116666666667,328.874693029517,2.89081446855647
2022-10-08 13:00:00,97.1,275.7,333.797720883587,1.78310808607548
2022-10-08 14:00:00,90.2,276.616666666667,7.25193680031055,1.05284091644315
2022-10-08 15:00:00,99.95,275.283333333333,342.014652275209,3.25043358640765
2022-10-08 16:00:00,101.4,274.633333333333,341.297988251489,4.60993321893738
2022-10-08 17:00:00,101.85,274.15,310.96895612565,3.43829409502339
2022-10-08 18:00:00,101.75,273.95,313.816060033736,2.58250287466769
2022-10-08 19:00:00,101.616666666667,273.466666666667,327.479807820345,4.08122324782039
2022-10-08 20:00:00,101.516666666667,272.85,332.603424481714,3.7627609354871
2022-10-08 21:00:00,101.516666666667,273.05,308.750350711045,2.47536900320319
2022-10-08 22:00:00,101.583333333333,273.183333333333,226.352071372405,1.80704932774153
2022-10-08 23:00:00,101.5,273.033333333333,182.132594797524,1.99665323762159
2022-10-09 00:00:00,101.5,273.033333333333,174.430586566709,2.53125125581754
2022-10-09 01:00:00,101.5,272.95,139.594300817314,2.9764389613427
2022-10-09 02:00:00,101.5,273.0,117.704558486656,4.09374231127219
2022-10-09 03:00:00,101.55,272.95,110.788592805805,3.33366687566613
2022-10-09 04:00:00,101.6,272.883333333333,80.4809618863586,2.40333133307249
2022-10-09 05:00:00,101.616666666667,273.233333333333,78.8000108180321,1.96182763301811
2022-10-09 06:00:00,100.533333333333,273.933333333333,106.213054803562,5.864295574459
2022-10-09 07:00:00,100.65,273.65,117.590467664759,7.58886545478392
2022-10-09 08:00:00,100.483333333333,273.583333333333,146.545480254373,5.40989073668397
2022-10-09 09:00:00,100.566666666667,273.533333333333,154.915887882986,4.50318856455656
2022-10-09 10:00:00,101.65,273.083333333333,146.056665000147,5.68263868373145
2022-10-09 11:00:00,101.816666666667,273.333333333333,116.836974442568,7.14809998414412
2022-10-09 12:00:00,101.833333333333,273.916666666667,116.311158026279,5.7170832811183
2022-10-09 13:00:00,101.366666666667,275.15,112.702923188988,3.07681402294634
2022-10-09 14:00:00,102.0,275.616666666667,105.178055510461,0.918264672639668
2022-10-09 15:00:00,102.0,275.583333333333,97.1679132591937,2.4372704916115
2022-10-09 16:00:00,101.8,275.533333333333,102.956718230094,3.21609850487375
2022-10-09 17:00:00,100.85,275.566666666667,96.3479860803595,2.70078438751833
2022-10-09 18:00:00,99.7166666666667,275.166666666667,89.7057561232359,1.99544251280765
2022-10-09 19:00:00,99.6,274.85,102.899695330937,2.83985707270712
2022-10-09 20:00:00,100.15,274.516666666667,70.6334698271296,1.47594401476699
2022-10-09 21:00:00,99.5166666666667,274.3,105.273674957607,2.66529715254431
2022-10-09 22:00:00,99.7666666666667,274.066666666667,100.010420341839,2.6793456986833
2022-10-09 23:00:00,99.8833333333334,273.9,73.822611893006,1.32592808548324
2022-10-10 00:00:00,100.516666666667,273.35,68.199186512563,1.58791592753484
2022-10-10 01:00:00,100.383333333333,273.133333333333,61.6279503330634,2.30013430886814
2022-10-10 02:00:00,95.9666666666667,273.283333333333,73.9315451907893,4.1525360727461
2022-10-10 03:00:00,88.7833333333334,273.616666666667,102.370313815905,4.33573259247365
2022-10-10 04:00:00,79.55,274.116666666667,82.5016251519569,2.78143387364226
2022-10-10 05:00:00,81.25,274.183333333333,78.9082862256539,1.83652326035293
2022-10-10 06:00:00,80.2666666666667,274.233333333333,102.200771469653,2.47704212289664
2022-10-10 07:00:00,81.9166666666667,274.2,93.615853359928,2.43664448687972
2022-10-10 08:00:00,79.8833333333333,274.466666666667,107.88053861377,1.47328938195352
2022-10-10 09:00:00,79.6833333333333,274.716666666667,98.6202899182251,1.06995994862728
2022-10-10 10:00:00,88.1,274.95,151.173352551466,0.574394817852035
2022-10-10 11:00:00,90.7666666666667,275.983333333333,93.1154837826271,0.790017641385858
2022-10-10 12:00:00,81.9,277.083333333333,52.6211438608479,1.02518831891159
2022-10-10 13:00:00,94.5833333333333,277.25,60.3898201685233,1.60158527008107
2022-10-10 14:00:00,96.05,277.666666666667,33.8279174958262,1.60300576507313
2022-10-10 15:00:00,99.8166666666667,275.75,16.3820431616408,2.38129308834554
2022-10-10 16:00:00,100.05,274.483333333333,20.396662841237,4.45377702440589
2022-10-10 17:00:00,100.033333333333,274.716666666667,4.1845357057357,2.26655225479822
2022-10-10 18:00:00,100.1,274.516666666667,4.09063957831222,1.89084596341107
2022-10-10 19:00:00,100.833333333333,274.333333333333,351.661907163091,0.609606336286187
2022-10-10 20:00:00,101.65,273.933333333333,321.624118784328,2.39961597353324
2022-10-10 21:00:00,101.716666666667,272.95,344.698437059557,6.71803468201797
2022-10-10 22:00:00,101.666666666667,273.2,340.778187411074,3.57979084574211
2022-10-10 23:00:00,101.6,273.15,52.3699884310956,0.516021554059781
2022-10-11 00:00:00,101.6,272.983333333333,66.6825748749008,0.118065173640597
2022-10-11 01:00:00,101.516666666667,272.75,308.69936861708,2.13860533905814
2022-10-11 02:00:00,101.5,272.55,317.83269591551,4.06336443888518
2022-10-11 03:00:00,101.5,272.216666666667,317.905540604808,3.27117984443096
2022-10-11 04:00:00,101.5,271.983333333333,258.796329513289,0.818571765936331
2022-10-11 05:00:00,101.533333333333,272.183333333333,146.396462741657,2.43569727933852
2022-10-11 06:00:00,98.4,272.35,141.334700481074,1.1739241152062
2022-10-11 07:00:00,90.4833333333334,272.433333333333,274.897618089044,0.327390794162151
2022-10-11 08:00:00,82.15,273.533333333333,268.696977768802,1.847915728159
2022-10-11 09:00:00,84.5166666666667,274.866666666667,189.241650468804,0.830410627648377
2022-10-11 10:00:00,80.85,275.133333333333,214.761789170567,0.236732900016235
2022-10-11 11:00:00,92.45,275.966666666667,155.399154616072,0.636411656255921
2022-10-11 12:00:00,77.5833333333333,277.416666666667,129.939658716414,0.71523858532267
2022-10-11 13:00:00,86.45,278.1,104.954383068682,0.588562405542051
2022-10-11 14:00:00,92.35,277.15,33.3471985787886,0.465266767685665
2022-10-11 15:00:00,76.6166666666667,277.416666666667,33.280322605916,1.59000584529717
2022-10-11 16:00:00,73.75,277.3,27.1761728715062,1.95861937101216
2022-10-11 17:00:00,76.9166666666667,276.416666666667,33.6967847031092,0.729677004123276
2022-10-11 18:00:00,69.1333333333333,275.4,325.746703148761,1.19351050282781
2022-10-11 19:00:00,74.6,274.916666666667,316.976587818879,0.458743410218683
2022-10-11 20:00:00,94.2666666666667,274.183333333333,26.0577441856995,1.14052177672153
2022-10-11 21:00:00,96.8333333333333,274.066666666667,30.8303518574296,1.2071633772957
2022-10-11 22:00:00,97.8166666666667,274.133333333333,83.1867018466707,1.41589622807665
2022-10-11 23:00:00,95.4166666666667,274.116666666667,58.8787087209767,1.69725506700499
2022-10-12 00:00:00,97.3,273.766666666667,49.6371487376425,3.34421878525521
2022-10-12 01:00:00,89.7166666666667,274.433333333333,63.8779207607503,3.07683082137821
2022-10-12 02:00:00,98.4166666666667,274.116666666667,59.1257168835582,3.19880483135036
2022-10-12 03:00:00,98.85,274.166666666667,59.6696844505666,2.88853720038462
2022-10-12 04:00:00,99.3,274.016666666667,53.9324248025255,3.52345031261231
2022-10-12 05:00:00,99.5,273.966666666667,59.422924812859,2.29956173159393
2022-10-12 06:00:00,99.6833333333333,273.85,45.5643678045212,2.52292747136778
2022-10-12 07:00:00,100.016666666667,273.683333333333,47.5978055036592,3.13765834396367
2022-10-12 08:00:00,99.8833333333333,273.766666666667,45.4673379477524,3.11167992521295
2022-10-12 09:00:00,100.0,273.966666666667,38.5634005322842,1.59885924542507
2022-10-12 10:00:00,100.466666666667,274.166666666667,45.335859781935,2.37306774466346
2022-10-12 11:00:00,99.6666666666667,274.466666666667,66.3918032624424,1.12661217107162
2022-10-12 12:00:00,100.433333333333,274.783333333333,120.307671937995,0.9621660739655
2022-10-12 13:00:00,99.9333333333333,275.3,183.926883984836,1.10685880896877
2022-10-12 14:00:00,86.4166666666667,276.383333333333,350.56151440908,0.632390160797366
2022-10-12 15:00:00,68.9166666666667,277.483333333333,357.161277492544,2.19458260790876
2022-10-12 16:00:00,68.0333333333334,277.566666666667,354.002553154098,3.27262447070576
2022-10-12 17:00:00,78.8666666666667,276.883333333333,354.702023548358,3.90935467418609
2022-10-12 18:00:00,97.7833333333334,275.233333333333,346.370700144596,4.15858749271689
2022-10-12 19:00:00,100.5,274.416666666667,348.354730741216,4.26019667460258
2022-10-12 20:00:00,101.516666666667,274.083333333333,352.312456567812,2.90231112052625
2022-10-12 21:00:00,101.7,273.866666666667,342.252855652244,1.23468985109502
2022-10-12 22:00:00,101.7,273.5,8.12169814562856,0.609331781437987
2022-10-12 23:00:00,101.416666666667,273.616666666667,97.1393507130215,1.06161798130484
2022-10-13 00:00:00,100.85,273.516666666667,92.3850483100637,2.29605690718658
2022-10-13 01:00:00,101.533333333333,273.216666666667,56.6488988917514,2.08964112447062
2022-10-13 02:00:00,99.5,273.366666666667,100.311815768066,2.07714788244125
2022-10-13 03:00:00,91.5333333333333,273.5,88.7248631172426,1.73427013888225
2022-10-13 04:00:00,88.5166666666667,273.65,35.3508352920653,1.56931941763365
2022-10-13 05:00:00,81.0833333333333,273.65,100.5285984031,2.78229909529178
2022-10-13 06:00:00,71.0,273.866666666667,86.8353323885357,1.65926631460927
2022-10-13 07:00:00,70.7,273.883333333333,80.0886368667174,0.601216448170935
2022-10-13 08:00:00,66.25,275.15,344.780109519537,0.469444802778707
2022-10-13 09:00:00,74.7666666666667,275.116666666667,349.9376689499,0.245718197576037
2022-10-13 10:00:00,89.0833333333333,275.816666666667,151.00923596249,1.03675396276417
2022-10-13 11:00:00,75.9833333333333,277.383333333333,126.622467415279,0.986785711268657
2022-10-13 12:00:00,73.35,277.5,109.512575251428,0.748831660275612
2022-10-13 13:00:00,81.35,276.166666666667,13.1260963060968,0.659135164652453
2022-10-13 14:00:00,79.5,275.183333333333,317.363558788907,1.7967652608498
2022-10-13 15:00:00,82.8666666666667,275.25,311.645910716396,1.67557416316643
2022-10-13 16:00:00,81.3166666666667,275.683333333333,353.077192140078,0.549667381271118
2022-10-13 17:00:00,87.7666666666667,275.0,322.908574013656,1.19625485894216
2022-10-13 18:00:00,99.9833333333333,273.633333333333,353.084127340572,3.74808902082716
2022-10-13 19:00:00,101.3,273.216666666667,335.340469570368,3.90679072596473
2022-10-13 20:00:00,99.2166666666667,273.316666666667,356.023496140796,1.0863071796105
2022-10-13 21:00:00,99.9166666666667,273.233333333333,110.053566215694,2.25692865104795
2022-10-13 22:00:00,100.716666666667,273.116666666667,63.4991880044119,1.56935279795729
2022-10-13 23:00:00,101.7,272.716666666667,49.2406119234529,2.96720823649745
2022-10-14 00:00:00,101.583333333333,271.85,37.9975058122179,5.75976899531573
2022-10-14 01:00:00,101.5,271.566666666667,54.5834392346858,5.01823895150505
2022-10-14 02:00:00,101.5,271.5,51.6307920420051,3.92842750515046
2022-10-14 03:00:00,101.5,271.633333333333,38.1573967155217,3.86882413805388
2022-10-14 04:00:00,101.5,271.65,10.2541377159687,2.86110246018299
2022-10-14 05:00:00,101.5,271.65,15.7631316547916,3.34222338531055
2022-10-14 06:00:00,101.5,271.583333333333,18.5163975652086,2.61151181107716
2022-10-14 07:00:00,101.5,271.566666666667,34.032239092857,1.37792577634738
2022-10-14 08:00:00,101.5,271.783333333333,43.319094064361,3.43042542176063
2022-10-14 09:00:00,101.6,272.366666666667,72.5446541625753,1.63219847132743
2022-10-14 10:00:00,101.6,272.466666666667,53.7518328680012,2.46647534898078
2022-10-14 11:00:00,101.683333333333,272.7,71.4233464870139,2.94718496050412
2022-10-14 12:00:00,101.766666666667,273.4,82.405922939019,1.84186608467558
2022-10-14 13:00:00,101.716666666667,274.016666666667,64.3801504394138,1.5621779042934
2022-10-14 14:00:00,101.65,273.566666666667,28.1197686402924,4.0050595334026
2022-10-14 15:00:00,101.616666666667,273.583333333333,50.3196048912068,5.01007642703424
2022-10-14 16:00:00,101.6,273.883333333333,56.9840013103205,3.96417619725968
2022-10-14 17:00:00,101.0,273.916666666667,50.636621497134,2.28068834633508
2022-10-14 18:00:00,98.3833333333333,273.866666666667,67.4815949216021,3.05605503933048
2022-10-14 19:00:00,98.1833333333333,273.65,79.7554902272695,4.38085146112253
2022-10-14 20:00:00,86.7666666666667,274.066666666667,72.992759521325,5.09620605235631
2022-10-14 21:00:00,84.9333333333333,274.2,73.1728791849829,5.48969435580524
2022-10-14 22:00:00,94.3666666666667,273.866666666667,65.85433475163,5.54604381767454
2022-10-14 23:00:00,101.15,272.816666666667,94.7409041851779,4.44014517555468
2022-10-15 00:00:00,101.683333333333,272.916666666667,97.3276421979748,5.31464176998988
2022-10-15 01:00:00,101.55,273.266666666667,86.0574853416077,5.28066656425352
2022-10-15 02:00:00,100.766666666667,273.95,72.4765365164689,5.95555638166196
2022-10-15 03:00:00,100.433333333333,274.283333333333,54.1234852970059,6.68580750069076
2022-10-15 04:00:00,100.683333333333,274.4,59.3132088741987,6.26560408835713
2022-10-15 05:00:00,100.533333333333,274.383333333333,46.3999717452749,7.37987023508201
2022-10-15 06:00:00,99.9833333333333,274.666666666667,46.5729551759058,7.29789845735123
2022-10-15 07:00:00,100.1,274.716666666667,46.6099542076053,6.80799006509068
2022-10-15 08:00:00,99.9166666666667,274.883333333333,43.4299704111805,5.4527890382534
2022-10-15 09:00:00,98.4166666666667,275.45,39.7488876652192,6.68282391901249
2022-10-15 10:00:00,78.1333333333333,276.1,40.7083075113104,6.81502277717335
2022-10-15 11:00:00,64.25,277.5,46.1386901103434,4.81209191559492
2022-10-15 12:00:00,56.5333333333333,278.95,48.9406721688753,3.77853339327398
2022-10-15 13:00:00,57.4,278.683333333333,45.3271852068139,4.31180008249385
2022-10-15 14:00:00,69.9,277.966666666667,30.1236921593015,3.6575785765846
2022-10-15 15:00:00,77.55,277.3,13.5318819795953,2.70843920459775
2022-10-15 16:00:00,84.15,277.983333333333,24.7435692515795,3.04150439808253
2022-10-15 17:00:00,91.2333333333333,277.583333333333,41.6625792730951,3.28364784758366
2022-10-15 18:00:00,89.4833333333334,277.183333333333,31.3132457637263,4.6496160719089
2022-10-15 19:00:00,81.5666666666667,277.4,40.5408821709561,6.04068854909008
2022-10-15 20:00:00,76.6,277.366666666667,43.6212047604441,5.52452592586983
2022-10-15 21:00:00,73.1833333333333,277.266666666667,58.7610578683865,4.42358757314349
2022-10-15 22:00:00,68.4,277.283333333333,80.4397848079468,3.86606652575933
2022-10-15 23:00:00,66.15,277.316666666667,90.3015472703161,4.02406411193363
2022-10-16 00:00:00,63.0166666666667,277.366666666667,93.0570237503993,4.22239778232909
2022-10-16 01:00:00,58.2,277.6,73.5307326058285,3.36086066482861
2022-10-16 02:00:00,56.8833333333333,277.65,76.2468929161245,5.18358433201695
2022-10-16 03:00:00,54.2,277.8,76.3344158710845,5.05743584882243
2022-10-16 04:00:00,52.5,277.883333333333,60.5043039627746,4.51102372139015
2022-10-16 05:00:00,51.4333333333333,277.8,68.8342383236887,4.08919117921203
2022-10-16 06:00:00,49.8,277.783333333333,73.5304539095456,3.99899633156123
2022-10-16 07:00:00,48.9666666666667,277.816666666667,60.6016937329309,3.22741084568978
2022-10-16 08:00:00,47.3666666666667,278.35,85.7455507177866,2.60580639203879
2022-10-16 09:00:00,48.2666666666667,278.4,99.6298087723348,2.06073049143558
2022-10-16 10:00:00,48.7833333333333,280.083333333333,106.54434863948,2.16363828655249
2022-10-16 11:00:00,43.2333333333333,281.2,118.644404086527,2.28922184455826
2022-10-16 12:00:00,44.35,282.566666666667,118.652539753328,1.07012266009366
2022-10-16 13:00:00,41.8666666666667,282.3,53.7844330132548,0.494951894534241
2022-10-16 14:00:00,45.1333333333333,282.85,45.6784821109886,1.10727793742476
2022-10-16 15:00:00,50.9,282.883333333333,43.2751232303123,1.75064454817169
2022-10-16 16:00:00,53.6833333333333,282.25,47.4404859999758,2.01058641748743
2022-10-16 17:00:00,51.9166666666667,282.916666666667,71.8890619580175,1.10207492890901
2022-10-16 18:00:00,52.5666666666667,280.15,111.150588844622,1.79690499198157
2022-10-16 19:00:00,57.15,279.1,103.259271520838,3.33112335350546
2022-10-16 20:00:00,58.4666666666667,278.766666666667,77.8461395303518,2.85082635172156
2022-10-16 21:00:00,53.5666666666667,278.833333333333,79.9694450486668,1.54116388320867
2022-10-16 22:00:00,54.1666666666667,278.55,98.420706291952,0.60022257709189
2022-10-16 23:00:00,47.7333333333333,278.883333333333,64.1989267252125,0.855909826477045
2022-10-17 00:00:00,43.1833333333333,278.766666666667,89.760403427372,0.371954744536957
2022-10-17 01:00:00,39.1833333333333,279.066666666667,60.2794866635949,1.59493046152513
2022-10-17 02:00:00,35.0166666666667,279.166666666667,72.9860122580809,2.92568260183594
2022-10-17 03:00:00,29.25,279.083333333333,91.4942733894496,2.34999790151898
2022-10-17 04:00:00,30.1666666666667,278.933333333333,44.6925897294834,0.78441361968336
2022-10-17 05:00:00,27.7166666666667,279.016666666667,23.483184472148,0.401310643489779
2022-10-17 06:00:00,23.1666666666667,279.35,105.08135529432,1.73380646150225
2022-10-17 07:00:00,22.1833333333333,279.233333333333,115.595554252174,2.63225152656049
2022-10-17 08:00:00,18.7833333333333,280.05,88.597533376675,3.12604596629476
2022-10-17 09:00:00,20.85,281.366666666667,25.5992729188742,1.08219071489617
2022-10-17 10:00:00,26.8,281.45,109.465549539929,2.85107783883421
2022-10-17 11:00:00,23.8166666666667,282.133333333333,108.8863422031,4.44402063197981
2022-10-17 12:00:00,27.2166666666667,283.333333333333,104.309017777601,2.61829452042386
2022-10-17 13:00:00,33.9166666666667,284.266666666667,101.093144214114,1.27167863102881
2022-10-17 14:00:00,39.4833333333333,283.733333333333,46.6520603129725,1.49219778445905
2022-10-17 15:00:00,36.5833333333333,284.416666666667,49.1206374771204,1.11567729928357
2022-10-17 16:00:00,39.75,284.216666666667,31.9087022546427,1.30748675459682
2022-10-17 17:00:00,41.55,282.533333333333,37.9167888576587,2.84264334746274
2022-10-17 18:00:00,43.2666666666667,281.25,76.3249392882403,2.17746448280981
2022-10-17 19:00:00,48.3,280.183333333333,113.076429683059,2.45589769072363
2022-10-17 20:00:00,49.9666666666667,279.833333333333,105.032976359288,0.903700885508693
2022-10-17 21:00:00,53.2833333333333,279.083333333333,197.288037947898,0.845446538305833
2022-10-17 22:00:00,57.2333333333333,278.6,173.720098976484,0.564075099129318
2022-10-17 23:00:00,58.45,278.266666666667,38.4110901718914,0.190981972709123
2022-10-18 00:00:00,59.6833333333333,278.116666666667,123.880253331432,1.18483448787874
2022-10-18 01:00:00,59.25,278.066666666667,52.654818220065,1.71640164599952
2022-10-18 02:00:00,55.4666666666667,278.2,57.8016271093836,1.49920836046152
2022-10-18 03:00:00,49.8833333333333,278.216666666667,68.1689893890923,3.03863831721195
2022-10-18 04:00:00,42.8833333333333,278.466666666667,77.1974321219556,1.68847420892433
2022-10-18 05:00:00,40.15,278.516666666667,108.60029977225,1.57126664782699
2022-10-18 06:00:00,38.4666666666667,278.616666666667,47.2340017661451,1.16859711216938
2022-10-18 07:00:00,40.6,278.533333333333,352.145625069051,2.27156363890198
2022-10-18 08:00:00,53.2833333333333,277.716666666667,335.414925286384,4.09113050846884
2022-10-18 09:00:00,57.5833333333333,278.3,345.521468043934,2.08628355232644
2022-10-18 10:00:00,61.3333333333333,278.933333333333,274.639130980215,1.1028782647874
2022-10-18 11:00:00,60.4,279.816666666667,68.7286322811323,0.207405639543649
2022-10-18 12:00:00,56.9666666666667,280.883333333333,46.5009984747972,1.13405061770672
2022-10-18 13:00:00,57.1666666666667,280.733333333333,33.9570670258799,0.811690266781161
2022-10-18 14:00:00,55.4166666666667,281.65,26.8129523894728,1.74301013960741
2022-10-18 15:00:00,66.1833333333333,279.45,314.648632644577,3.47056129769561
2022-10-18 16:00:00,71.8666666666667,278.683333333333,319.620054575565,4.2928627288116
2022-10-18 17:00:00,83.7833333333333,277.816666666667,322.784881931239,5.46302919666994
2022-10-18 18:00:00,99.2333333333333,276.9,326.735553196818,4.84208315318949
2022-10-18 19:00:00,99.65,276.816666666667,323.227854558088,3.9645849668153
2022-10-18 20:00:00,100.883333333333,276.283333333333,333.360445396905,3.98432682167769
2022-10-18 21:00:00,100.883333333333,276.116666666667,314.235761785898,2.11971169113331
2022-10-18 22:00:00,99.65,276.366666666667,11.1350717577769,1.71307014781815
2022-10-18 23:00:00,99.0333333333334,276.333333333333,37.0286669354492,2.91398854611013
2022-10-19 00:00:00,92.5,276.35,35.1072518653489,3.51406264572369
2022-10-19 01:00:00,87.0333333333334,276.283333333333,38.4287543615932,3.41843316426577
2022-10-19 02:00:00,84.0333333333333,276.233333333333,34.6879415810136,3.6491945260804
2022-10-19 03:00:00,84.6,276.066666666667,25.6332016250463,3.42971896393662
2022-10-19 04:00:00,84.5833333333333,276.0,27.0452852471265,2.25910761823939
2022-10-19 05:00:00,84.5333333333333,275.85,2.49802145237709,2.4620278958065
2022-10-19 06:00:00,83.5166666666667,275.783333333333,81.7226468409243,1.13214015977526
2022-10-19 07:00:00,82.5,275.683333333333,108.116686714392,1.45619303821153
2022-10-19 08:00:00,81.6333333333333,276.383333333333,37.6172610697677,0.822617822137849
2022-10-19 09:00:00,75.0333333333333,277.483333333333,47.4092213221665,0.674133943980271
2022-10-19 10:00:00,67.6833333333333,278.216666666667,70.4242476779147,0.786560540787817
2022-10-19 11:00:00,59.2166666666667,279.883333333333,118.001980837319,1.2054104399838
2022-10-19 12:00:00,51.25,280.933333333333,69.9769178227876,0.92645523502171
2022-10-19 13:00:00,50.1,281.583333333333,78.5576906587932,1.09611986718135
2022-10-19 14:00:00,44.65,282.033333333333,76.3012438895519,0.683280410280829
2022-10-19 15:00:00,46.7833333333333,282.166666666667,38.8853720558549,0.73497895090822
2022-10-19 16:00:00,49.85,281.483333333333,5.52573147929985,1.47623455893313
2022-10-19 17:00:00,49.2166666666667,281.316666666667,38.8097865574383,1.80462399963407
2022-10-19 18:00:00,47.9666666666667,279.916666666667,59.9521313873805,1.22271712752089
2022-10-19 19:00:00,48.1833333333333,279.333333333333,56.4850205315789,1.59721268151392
2022-10-19 20:00:00,49.9,278.966666666667,64.7379051257671,2.34327286181308
2022-10-19 21:00:00,52.1,278.583333333333,76.5530189757494,2.3125184747387
2022-10-19 22:00:00,49.7833333333333,278.683333333333,73.2511225823503,3.17121741599309
2022-10-19 23:00:00,48.75,278.55,84.1433964361905,3.37486021439643
2022-10-20 00:00:00,46.4166666666667,278.633333333333,81.6019848909513,2.60334498127985
2022-10-20 01:00:00,43.2833333333333,278.733333333333,72.8056747387153,2.79326919144097
2022-10-20 02:00:00,41.7,278.65,77.6192053193478,3.4962332317084
2022-10-20 03:00:00,42.4666666666667,278.55,77.1895941411107,4.28078380799082
2022-10-20 04:00:00,43.7833333333333,278.483333333333,66.1187647656694,5.21801626129525
2022-10-20 05:00:00,47.2,278.383333333333,54.0323253177268,5.23370372700778
2022-10-20 06:00:00,52.5666666666667,278.233333333333,65.5875572946547,4.78860517786156
2022-10-20 07:00:00,55.0333333333333,278.166666666667,72.5017137291912,3.17148933221052
2022-10-20 08:00:00,54.9166666666667,278.583333333333,89.6269121690887,3.56903703276098
2022-10-20 09:00:00,53.2333333333333,279.4,101.376018844569,4.21790788395337
2022-10-20 10:00:00,48.55,280.5,98.405642818877,3.74742733047695
2022-10-20 11:00:00,43.1666666666667,281.383333333333,97.5067575474301,3.48258232253635
2022-10-20 12:00:00,40.6166666666667,281.783333333333,98.6399908117891,3.0309008354906
2022-10-20 13:00:00,41.3166666666667,281.85,98.2588860310796,2.04663696805309
2022-10-20 14:00:00,46.6833333333333,282.0,71.8927249796837,1.24402839526161
2022-10-20 15:00:00,48.0833333333333,281.383333333333,98.6681142939285,1.05062834855796
2022-10-20 16:00:00,49.3666666666667,280.633333333333,53.7155674505175,2.58717267168835
2022-10-20 17:00:00,53.45,280.116666666667,85.1711546214983,4.51739585929009
2022-10-20 18:00:00,55.8833333333333,279.8,96.466470398638,4.47553662816215
2022-10-20 19:00:00,58.5666666666667,279.683333333333,84.9847267921997,4.93231741582062
2022-10-20 20:00:00,59.9666666666667,279.166666666667,94.7344423699227,7.12550113382767
2022-10-20 21:00:00,59.5,279.266666666667,101.143570133885,7.45981090216449
2022-10-20 22:00:00,61.45,278.983333333333,99.3038779210812,5.70661697105736
2022-10-20 23:00:00,59.7,279.25,73.8714233563662,7.23119851592693
2022-10-21 00:00:00,61.7166666666667,278.916666666667,64.5614975248594,4.69291806965999
2022-10-21 01:00:00,65.5833333333333,278.266666666667,91.1259881452855,3.36398888282127
2022-10-21 02:00:00,68.25,277.9,93.4794366096856,4.8921192266681
2022-10-21 03:00:00,67.7,278.1,66.2647741170716,6.88660190908548
2022-10-21 04:00:00,68.5166666666667,278.016666666667,67.6921384071576,6.13017468218492
2022-10-21 05:00:00,67.5,278.266666666667,71.2174632278994,8.29820208379395
2022-10-21 06:00:00,68.55,278.133333333333,80.5376639828885,6.83888465181602
2022-10-21 07:00:00,68.3666666666667,278.2,77.1655977079831,7.67804131367391
2022-10-21 08:00:00,66.9166666666667,278.433333333333,76.5748400663664,8.01834147401726
2022-10-21 09:00:00,66.7,278.516666666667,77.2968268114873,7.12113256738718
2022-10-21 10:00:00,66.05,278.766666666667,69.9386111913557,7.43392124364444
2022-10-21 11:00:00,68.0833333333333,278.783333333333,69.0809271436361,6.84931540019935
2022-10-21 12:00:00,72.45,278.366666666667,73.3747948693433,5.36380062987861
2022-10-21 13:00:00,72.5666666666667,278.4,68.3007204313486,5.88166731666511
2022-10-21 14:00:00,76.4666666666667,278.75,76.2902685553979,2.6917752544708
2022-10-21 15:00:00,83.9,277.85,68.0009722807259,3.37775132676426
2022-10-21 16:00:00,80.95,277.766666666667,73.318674116116,3.9329353716171
2022-10-21 17:00:00,85.2166666666667,277.316666666667,70.4129305093043,3.19356612952016
2022-10-21 18:00:00,89.7333333333333,276.916666666667,64.7538829314299,3.61621190585779
2022-10-21 19:00:00,98.0,276.433333333333,68.6557665125738,2.58913523968216
2022-10-21 20:00:00,98.4166666666667,276.4,86.3565489181854,2.08822657911336
2022-10-21 21:00:00,98.7166666666667,276.183333333333,93.0008358221855,2.83843677466848
2022-10-21 22:00:00,98.95,276.233333333333,89.4925137318035,3.94075262387338
2022-10-21 23:00:00,99.5666666666667,275.933333333333,92.9593987580023,4.00851457509465
2022-10-22 00:00:00,98.0166666666667,276.233333333333,97.1167432324624,4.56872255489401
2022-10-22 01:00:00,93.7166666666667,276.616666666667,82.5609569573932,3.86803800856752
2022-10-22 02:00:00,97.0166666666667,276.45,94.8102738150083,3.98402898787015
2022-10-22 03:00:00,99.55,275.566666666667,24.645418237798,4.36089499623232
2022-10-22 04:00:00,101.716666666667,274.333333333333,346.12202868468,5.33752260939244
2022-10-22 05:00:00,101.516666666667,272.6,343.181268037905,6.20017056220974
2022-10-22 06:00:00,101.433333333333,272.4,29.1036981815872,0.32593139283258
2022-10-22 07:00:00,101.4,272.233333333333,,0.0
2022-10-22 08:00:00,101.4,272.433333333333,,0.0
2022-10-22 09:00:00,101.4,272.466666666667,,0.0
2022-10-22 10:00:00,101.4,272.55,,0.0
2022-10-22 11:00:00,101.4,272.583333333333,108.86013296477,1.56736133381439
2022-10-22 12:00:00,101.4,272.866666666667,35.907632202347,3.53987669761947
2022-10-22 13:00:00,101.483333333333,273.183333333333,29.1829997788518,3.66065904071788
2022-10-22 14:00:00,101.5,273.383333333333,26.7178108773206,4.66952214199421
2022-10-22 15:00:00,101.5,273.683333333333,27.0653860867184,4.71843039533922
2022-10-22 16:00:00,101.5,274.95,39.9968350609452,4.79051200865037
2022-10-22 17:00:00,83.25,275.833333333333,39.2059780464045,4.576523905628
2022-10-22 18:00:00,80.5666666666667,274.85,71.3073168613459,3.76078174522576
2022-10-22 19:00:00,69.1166666666667,274.85,79.1015311025589,3.91529263815188
2022-10-22 20:00:00,62.5666666666667,275.1,87.9494500387563,4.02873004663625
2022-10-22 21:00:00,58.1166666666667,275.283333333333,95.8319159051674,4.22805035661753
2022-10-22 22:00:00,58.35,275.316666666667,81.0303353399902,4.26400925208404
2022-10-22 23:00:00,60.4666666666667,275.333333333333,75.4970202497671,6.78232617618711
2022-10-23 00:00:00,58.9166666666667,275.5,82.2292738374634,5.64198637662346
2022-10-23 01:00:00,58.3,275.7,86.112984685104,5.24689220661596
2022-10-23 02:00:00,63.0833333333333,275.65,83.5716479045722,5.39662228745731
2022-10-23 03:00:00,70.5666666666667,275.7,73.7007951007302,8.02221480588146
2022-10-23 04:00:00,75.7833333333334,275.75,71.2367191240605,8.49669613824347
2022-10-23 05:00:00,75.65,275.933333333333,79.7142304094635,6.65479251445779
2022-10-23 06:00:00,75.5833333333333,275.833333333333,87.3505959507849,6.70884619915759
2022-10-23 07:00:00,76.0,276.166666666667,78.3003889473511,9.67894094863475
2022-10-23 08:00:00,73.8,276.616666666667,82.7770134554705,7.12704854488541
2022-10-23 09:00:00,70.8166666666667,277.5,73.0198585967036,7.68191055279372
2022-10-23 10:00:00,71.4,277.8,74.1290643433768,4.37235142528691
2022-10-23 11:00:00,67.5,278.483333333333,71.3643197473184,6.18510133488709
2022-10-23 12:00:00,64.4166666666667,279.416666666667,72.1593382333739,6.84968682709293
2022-10-23 13:00:00,65.5333333333333,279.833333333333,71.0673458207295,5.7895586613072
2022-10-23 14:00:00,66.95,279.566666666667,68.3886508408241,7.66521328415852
2022-10-23 15:00:00,65.3333333333333,279.5,64.7373403663485,10.3954917027451
2022-10-23 16:00:00,66.3333333333333,279.35,64.4319900066826,8.42300894891132
2022-10-23 17:00:00,67.6333333333334,279.066666666667,74.8791871452282,7.46003845720356
2022-10-23 18:00:00,67.55,278.783333333333,74.8728234107181,9.23707337493617
2022-10-23 19:00:00,71.2166666666667,278.383333333333,81.7880172370958,7.33090432826201
2022-10-23 20:00:00,67.6166666666667,278.466666666667,74.0191719336809,9.14138714696828
2022-10-23 21:00:00,66.4833333333333,278.566666666667,69.4262511665053,9.29934026818652
2022-10-23 22:00:00,67.75,278.416666666667,77.6769210477206,7.25679947569252
2022-10-23 23:00:00,74.0333333333334,278.016666666667,73.9919896765753,6.44798383666802
2022-10-24 00:00:00,77.6833333333333,277.65,106.832347624192,3.04436026069446
2022-10-24 01:00:00,73.0166666666667,277.916666666667,83.3592056165736,5.98685173554901
2022-10-24 02:00:00,73.7666666666667,277.883333333333,71.1553044086976,6.247000729674
2022-10-24 03:00:00,80.4,277.416666666667,75.5608058799383,4.25502146512944
2022-10-24 04:00:00,88.3833333333334,276.966666666667,86.6508487789482,3.96073544119072
2022-10-24 05:00:00,99.1166666666667,276.05,82.8848681940334,5.01470662602987
2022-10-24 06:00:00,99.85,275.766666666667,85.1835266036414,4.8664501154891
2022-10-24 07:00:00,101.033333333333,275.166666666667,81.2715004988609,5.77156217297886
2022-10-24 08:00:00,100.083333333333,275.316666666667,89.6352268321417,6.18587281815973
2022-10-24 09:00:00,96.1333333333333,276.2,84.439679726133,6.04594819025104
2022-10-24 10:00:00,93.1666666666667,276.85,91.8355715862513,4.54470343642746
2022-10-24 11:00:00,100.333333333333,275.866666666667,89.1893542433689,4.93532420072278
2022-10-24 12:00:00,99.6166666666667,275.9,82.6716335418013,4.47840925291738
2022-10-24 13:00:00,100.75,275.983333333333,86.3251757577308,1.29787659633977
2022-10-24 14:00:00,101.733333333333,275.033333333333,329.803318852277,1.77224638577749
2022-10-24 15:00:00,101.55,273.05,325.771615743519,6.65077156082043
2022-10-24 16:00:00,101.483333333333,272.55,333.931055863124,3.67183129721776
2022-10-24 17:00:00,101.383333333333,272.233333333333,352.0,0.213333333333333
2022-10-24 18:00:00,101.366666666667,271.816666666667,,0.0
2022-10-24 19:00:00,101.4,272.216666666667,,0.0
2022-10-24 20:00:00,101.4,272.433333333333,,0.0
2022-10-24 21:00:00,101.4,272.45,,0.0
2022-10-24 22:00:00,101.4,272.45,357.564117186423,1.75439970383739
2022-10-24 23:00:00,101.4,272.45,8.94851778123933,3.36779341571721
2022-10-25 00:00:00,101.4,272.45,3.83765159712692,2.53632398587045
2022-10-25 01:00:00,101.4,272.45,7.50571837652899,4.02102890799174
2022-10-25 02:00:00,101.4,272.4,11.2531011216756,3.57604933853548
2022-10-25 03:00:00,101.4,272.15,22.7407000537828,1.78349480141475
2022-10-25 04:00:00,101.333333333333,271.966666666667,29.1343691042241,4.17569232559074
2022-10-25 05:00:00,101.3,271.85,11.723164992606,3.3045932686076
2022-10-25 06:00:00,101.3,271.583333333333,38.6820826860698,3.21202318232791
2022-10-25 07:00:00,101.266666666667,271.566666666667,64.5560627595447,3.28353830095978
2022-10-25 08:00:00,99.4833333333334,272.266666666667,61.4901545283665,3.25197620394385
2022-10-25 09:00:00,99.05,273.066666666667,66.3375541723856,2.9733879913431
2022-10-25 10:00:00,99.0833333333333,274.05,93.0083134516009,2.20949362305152
2022-10-25 11:00:00,70.9166666666667,275.4,83.7219347280683,3.23459828940295
2022-10-25 12:00:00,52.4166666666667,276.2,70.9154807896416,4.19104506001229
2022-10-25 13:00:00,54.6166666666667,277.05,59.1782517915627,3.232545898133
2022-10-25 14:00:00,51.2333333333333,277.7,53.099883804631,3.89439905095856
2022-10-25 15:00:00,46.4666666666667,278.083333333333,40.7576286584774,4.17201893154036
2022-10-25 16:00:00,47.0,278.183333333333,42.7940378935802,4.24458168551391
2022-10-25 17:00:00,50.2,277.066666666667,44.7968270949779,4.10488527141432
2022-10-25 18:00:00,52.25,276.166666666667,53.525876038921,3.82651877805797
2022-10-25 19:00:00,53.1,275.966666666667,71.2997024901341,3.44240083009468
2022-10-25 20:00:00,63.15,275.4,84.9947715192535,4.05579840871878
2022-10-25 21:00:00,68.0333333333333,275.216666666667,91.6406443074279,4.85330608928241
2022-10-25 22:00:00,64.8833333333333,275.333333333333,92.4821896923289,4.94231463193289
2022-10-25 23:00:00,55.95,275.7,76.9625332355578,3.96833610883001
2022-10-26 00:00:00,55.0333333333333,275.766666666667,74.147166957299,4.89728838796218
2022-10-26 01:00:00,56.0333333333333,275.883333333333,74.769523866579,5.48234755414139
2022-10-26 02:00:00,57.7666666666667,276.016666666667,55.5442580359762,4.63874482457264
2022-10-26 03:00:00,61.8,275.766666666667,49.2126591426543,5.22517292307058
2022-10-26 04:00:00,64.7666666666667,275.75,75.6841617281848,4.85106082692703
2022-10-26 05:00:00,65.8166666666667,275.983333333333,52.3758179618463,4.91702198079136
2022-10-26 06:00:00,68.5666666666667,276.25,42.8745495786081,5.55744537941871
2022-10-26 07:00:00,72.1,275.666666666667,37.804062995737,3.85891170175878
2022-10-26 08:00:00,98.5833333333333,273.433333333333,327.580048657252,4.43373513751247
2022-10-26 09:00:00,101.566666666667,273.116666666667,53.2293158079494,1.94170477432805
2022-10-26 10:00:00,100.45,273.666666666667,70.1966914420405,6.75639036434037
2022-10-26 11:00:00,98.1166666666667,274.8,60.954268749354,5.66711953362945
2022-10-26 12:00:00,94.55,275.416666666667,62.2470178819484,4.51710785409676
2022-10-26 13:00:00,88.0833333333333,276.05,44.6235013018339,5.4301157533542
2022-10-26 14:00:00,92.6,275.583333333333,41.2689574093137,6.32916012785981
2022-10-26 15:00:00,80.8333333333333,276.75,35.1939836761117,5.42774996295875
2022-10-26 16:00:00,71.3833333333333,277.533333333333,31.0710288536992,4.36830888871954
2022-10-26 17:00:00,70.35,277.083333333333,23.307037335301,3.48254085172469
2022-10-26 18:00:00,70.0833333333333,276.5,21.167221897078,4.10699607640727
2022-10-26 19:00:00,70.9166666666667,276.316666666667,31.2220240172536,3.58377210280723
2022-10-26 20:00:00,68.65,276.316666666667,30.1293674575429,4.3839525674601
2022-10-26 21:00:00,64.6,276.166666666667,43.4473845252229,4.76681275891501
2022-10-26 22:00:00,57.4166666666667,276.15,49.3195677091175,3.90749606996073
2022-10-26 23:00:00,53.9,276.15,53.362466302122,3.00547189795952
2022-10-27 00:00:00,48.4166666666667,276.316666666667,43.9107720708043,3.36850459569736
2022-10-27 01:00:00,46.9666666666667,276.15,66.4203893299756,3.21418428153582
2022-10-27 02:00:00,43.9,276.2,89.6445570007487,3.19314014165317
2022-10-27 03:00:00,45.1,276.116666666667,86.6127383060405,3.83048647890207
2022-10-27 04:00:00,44.8333333333333,276.2,73.9770191398352,3.47986843249875
2022-10-27 05:00:00,42.85,276.333333333333,65.9160003757496,3.75300840192125
2022-10-27 06:00:00,37.6833333333333,276.65,59.1349645094628,3.33045403870901
2022-10-27 07:00:00,33.95,277.05,57.632161645484,3.32417965361214
2022-10-27 08:00:00,33.3833333333333,277.733333333333,72.3968086853389,3.13686812127983
2022-10-27 09:00:00,37.1833333333333,278.783333333333,95.9002242868829,2.44195574695195
2022-10-27 10:00:00,46.6666666666667,279.85,64.8551567535397,1.91110627742263
2022-10-27 11:00:00,49.2333333333333,280.766666666667,75.3006950716766,0.765373147748235
2022-10-27 12:00:00,50.5333333333333,281.133333333333,62.3535866474704,1.3322689672042
2022-10-27 13:00:00,46.7833333333333,281.85,64.1783586872661,1.50238519817339
2022-10-27 14:00:00,46.1666666666667,282.433333333333,59.608641859172,1.32868168709993
2022-10-27 15:00:00,45.6666666666667,282.466666666667,18.6711788232586,1.24393762986453
2022-10-27 16:00:00,47.3166666666667,281.933333333333,29.3275196805306,2.15061883056154
2022-10-27 17:00:00,48.8333333333333,281.583333333333,6.97378163416994,1.73914987044373
2022-10-27 18:00:00,54.1,279.5,344.782118333399,1.56852873563115
2022-10-27 19:00:00,55.7166666666667,279.016666666667,359.337415841997,1.05294456013716
2022-10-27 20:00:00,53.7666666666667,279.25,31.0953255342449,1.95683493830244
2022-10-27 21:00:00,54.2833333333333,279.033333333333,29.6762525745622,1.1839720377482
2022-10-27 22:00:00,55.05,278.833333333333,107.471399205057,2.36185099874367
2022-10-27 23:00:00,54.75,278.783333333333,106.526748392282,3.32446747286576
2022-10-28 00:00:00,54.5666666666667,278.666666666667,101.398478920965,3.47214744946932
2022-10-28 01:00:00,54.1833333333333,278.516666666667,57.175358415727,2.7998179278531
2022-10-28 02:00:00,52.9833333333333,278.65,82.9593206517552,3.58929355603561
2022-10-28 03:00:00,53.0,278.7,77.0124463322069,3.28620976921878
2022-10-28 04:00:00,53.1333333333333,278.566666666667,83.3330521980436,3.74894364066734
2022-10-28 05:00:00,52.4,278.75,67.2535147085563,3.8843337888592
2022-10-28 06:00:00,52.7,278.733333333333,66.9374264141116,4.13480289808048
2022-10-28 07:00:00,53.9166666666667,278.733333333333,77.1872227325634,3.25162101165481
2022-10-28 08:00:00,53.5,279.05,64.4946282909406,4.00930162007849
2022-10-28 09:00:00,52.6333333333333,279.75,65.8295659857014,3.24997773103402
2022-10-28 10:00:00,49.5833333333333,281.283333333333,80.368978448518,1.13198758200159
2022-10-28 11:00:00,48.2333333333333,282.25,113.2309847142,1.75406078494445
2022-10-28 12:00:00,45.8166666666667,283.55,87.781648968307,0.559838317860302
2022-10-28 13:00:00,43.9166666666667,284.183333333333,84.1165516675836,1.07061853318277
2022-10-28 14:00:00,43.5,284.25,64.5851880089645,0.772113848409083
2022-10-28 15:00:00,44.75,283.866666666667,38.6843642272003,1.39323777250236
2022-10-28 16:00:00,45.6166666666667,283.45,31.1054280115884,2.26524412646776
2022-10-28 17:00:00,47.6666666666667,282.433333333333,21.9106650648201,2.82715783831733
2022-10-28 18:00:00,51.8333333333333,280.583333333333,329.353634010837,1.42334583806696
2022-10-28 19:00:00,52.8,280.116666666667,338.084705687992,1.8175779606605
2022-10-28 20:00:00,52.4833333333333,280.15,78.3676982061973,0.715625354658059
2022-10-28 21:00:00,52.8333333333333,280.116666666667,67.4187602927727,2.0440813355099
2022-10-28 22:00:00,52.85,279.966666666667,54.6450734447633,1.85827912058382
2022-10-28 23:00:00,52.5666666666667,279.916666666667,76.8248178989785,2.66706423112295
2022-10-29 00:00:00,52.9833333333333,279.816666666667,70.7680348863729,3.55041171800007
2022-10-29 01:00:00,53.3,279.733333333333,68.9119543233558,3.85949658113388
2022-10-29 02:00:00,53.5166666666667,279.55,81.4096067317118,3.61096518248663
2022-10-29 03:00:00,52.3666666666667,279.65,72.1487697812535,2.85759871409616
2022-10-29 04:00:00,50.95,279.783333333333,72.0879336945324,3.00527692755358
2022-10-29 05:00:00,50.5833333333333,279.816666666667,65.3523455705369,2.56345292555121
2022-10-29 06:00:00,50.5666666666667,279.833333333333,73.8246540634997,1.87009401967837
2022-10-29 07:00:00,50.8,279.8,88.9967685991002,1.82032858590466
2022-10-29 08:00:00,49.9,280.15,63.403646809643,1.87347436086538
2022-10-29 09:00:00,49.1666666666667,280.8,64.4138403080963,1.44669858506421
2022-10-29 10:00:00,46.75,282.233333333333,82.2499016671307,1.05735361388643
2022-10-29 11:00:00,48.7166666666667,282.016666666667,109.221942473187,2.18467468520912
2022-10-29 12:00:00,46.8666666666667,282.95,111.365910314439,1.25599616179562
2022-10-29 13:00:00,45.0833333333333,284.233333333333,82.7123751879417,0.840627651532633
2022-10-29 14:00:00,46.0,284.133333333333,72.0423160822434,0.811514423927967
2022-10-29 15:00:00,43.55,284.933333333333,67.0616012154266,0.754476546949652
2022-10-29 16:00:00,43.0833333333333,284.5,30.3088113742344,0.632634611172327
2022-10-29 17:00:00,42.2166666666667,283.116666666667,46.8696517613159,0.251917613725368
2022-10-29 18:00:00,43.65,281.983333333333,87.5252875926443,0.351341297777532
2022-10-29 19:00:00,47.3833333333333,281.283333333333,120.139497764792,1.64708288787133
2022-10-29 20:00:00,45.05,281.033333333333,113.733090903831,2.96637391663307
2022-10-29 21:00:00,45.1833333333333,280.9,98.5903580473863,2.6942913679908
2022-10-29 22:00:00,47.2833333333333,280.7,93.6120617634653,2.30656815477548
2022-10-29 23:00:00,48.9666666666667,280.433333333333,96.9150877719015,2.92932073280064
2022-10-30 00:00:00,50.7166666666667,280.233333333333,105.582813017944,2.72638146289444
2022-10-30 01:00:00,51.7833333333334,280.15,110.712911002221,4.12013532744342
2022-10-30 02:00:00,50.4,280.05,99.4314337698212,3.16106392717553
2022-10-30 03:00:00,48.6,280.083333333333,66.9124133938852,1.09234571979057
2022-10-30 04:00:00,48.8166666666667,279.733333333333,90.6554788715747,1.5934186079872
2022-10-30 05:00:00,47.6833333333333,279.633333333333,99.0668071399502,3.5355287551574
2022-10-30 06:00:00,46.6833333333333,279.683333333333,97.2414775399487,3.91838821662657
2022-10-30 07:00:00,48.55,279.2,100.332008544657,4.00071878445665
2022-10-30 08:00:00,47.4333333333333,279.5,101.852389015978,4.45993200399835
2022-10-30 09:00:00,46.8,280.25,106.420187959678,4.22402000516721
2022-10-30 10:00:00,47.05,280.85,120.390940302399,4.57387772363011
2022-10-30 11:00:00,45.0,281.85,117.04383308513,3.59929915759966
2022-10-30 12:00:00,42.1833333333333,282.833333333333,111.941557402533,3.66587666739112
2022-10-30 13:00:00,40.1333333333333,283.616666666667,113.792550240798,3.55101907927893
2022-10-30 14:00:00,38.6666666666667,284.066666666667,100.397942965262,3.17133226932855
2022-10-30 15:00:00,36.9666666666667,284.45,87.4625730896718,2.05989194703396
2022-10-30 16:00:00,36.95,284.366666666667,61.8991808259217,1.81711198296821
2022-10-30 17:00:00,38.3666666666667,282.783333333333,80.8173247666273,2.76346036537951
2022-10-30 18:00:00,40.4833333333333,281.033333333333,70.435716244114,3.19653667464606
2022-10-30 19:00:00,40.65,280.533333333333,73.1829023618625,5.27233985432989
2022-10-30 20:00:00,44.1166666666667,279.983333333333,72.9578759454964,3.7478526182382
2022-10-30 21:00:00,50.2666666666667,279.466666666667,95.0620849596776,2.93684393087535
2022-10-30 22:00:00,53.7166666666667,279.033333333333,107.473622703247,3.99026459637692
2022-10-30 23:00:00,50.2666666666667,279.033333333333,100.326961620186,4.00575307733357
2022-10-31 00:00:00,47.0666666666667,278.883333333333,106.867844950794,3.51547158227105
2022-10-31 01:00:00,44.0,278.75,109.064944571016,4.79579001208546
2022-10-31 02:00:00,42.0833333333333,278.633333333333,109.896505725602,5.06560120987444
2022-10-31 03:00:00,40.3666666666667,278.666666666667,110.781562756323,5.03428286921726
2022-10-31 04:00:00,40.95,278.5,102.568625997814,5.60540636316222
2022-10-31 05:00:00,40.5333333333333,278.466666666667,93.8827931463264,3.99768278746321
2022-10-31 06:00:00,42.3,278.083333333333,110.832483922184,4.2541665366772
2022-10-31 07:00:00,43.15,277.766666666667,108.678735943811,4.7230924589371
2022-10-31 08:00:00,41.3333333333333,278.266666666667,96.5852147842351,5.54463527925159
2022-10-31 09:00:00,41.2166666666667,278.9,110.987468811574,5.62652897064096
2022-10-31 10:00:00,41.95,279.616666666667,113.580863079846,5.0229742611052
2022-10-31 11:00:00,41.8,280.116666666667,112.129005911108,6.84514683194115
2022-10-31 12:00:00,38.0833333333333,281.416666666667,111.983158909511,5.60718700242659
2022-10-31 13:00:00,37.0666666666667,282.033333333333,109.245851236344,4.88938049413069
2022-10-31 14:00:00,39.15,281.266666666667,110.878857858745,5.75294794828681
2022-10-31 15:00:00,42.3,279.75,110.513020529863,6.84807274661222
2022-10-31 16:00:00,44.2166666666667,279.116666666667,110.515855117254,8.75993673437012
2022-10-31 17:00:00,44.0,279.066666666667,108.720897604297,8.63084130606046
2022-10-31 18:00:00,44.0666666666667,278.483333333333,103.526500968697,7.53452526570175
2022-10-31 19:00:00,38.0333333333333,278.45,88.4032210574154,5.87080572559686
2022-10-31 20:00:00,36.8833333333333,278.083333333333,94.0868771854587,5.4483569011039
2022-10-31 21:00:00,31.4666666666667,278.0,94.6216056863581,5.3238514029091
2022-10-31 22:00:00,29.4666666666667,277.75,92.009238172663,5.55062372226885
2022-10-31 23:00:00,32.8833333333333,277.133333333333,98.6243320195754,6.79410806536155
2022-11-01 00:00:00,28.5333333333333,277.1,85.7576882588496,6.0046593909879
2022-11-01 01:00:00,28.1166666666667,277.083333333333,82.0006156031178,5.45981436663439
2022-11-01 02:00:00,33.5666666666667,276.85,85.1304780410413,5.21318463095545
2022-11-01 03:00:00,37.6166666666667,276.766666666667,84.8419705022272,5.86063469442369
2022-11-01 04:00:00,42.7666666666667,276.75,73.1384044779247,7.69346745659494
2022-11-01 05:00:00,43.95,276.95,79.3574763602359,8.27892410573582
2022-11-01 06:00:00,45.7,276.933333333333,81.3623889515044,7.89774309470661
2022-11-01 07:00:00,46.0166666666667,277.05,77.6341443882799,6.24757971129107
2022-11-01 08:00:00,46.5666666666667,276.983333333333,81.5967153193355,4.35910878242127
2022-11-01 09:00:00,46.45,276.9,86.8100873277,4.16981426577928
2022-11-01 10:00:00,47.3666666666667,276.833333333333,75.5075367188267,4.34584368153927
2022-11-01 11:00:00,52.0166666666667,276.616666666667,73.6710345035995,3.96401380281575
2022-11-01 12:00:00,61.6833333333333,276.3,105.104345502455,3.68515925433004
2022-11-01 13:00:00,70.3833333333333,275.8,73.3796825266725,1.8655324051446
2022-11-01 14:00:00,73.8333333333333,275.75,60.4396049641812,3.7754831250008
2022-11-01 15:00:00,80.7333333333333,275.416666666667,79.6588134798419,2.87612131184305
2022-11-01 16:00:00,97.8666666666667,274.25,93.8772978794893,4.07016418014361
2022-11-01 17:00:00,99.3833333333333,274.266666666667,82.557952858514,1.10025392163285
2022-11-01 18:00:00,99.1,274.333333333333,80.3095594398516,2.10118047398573
2022-11-01 19:00:00,99.0833333333333,274.216666666667,33.875462737876,2.07148073019011
2022-11-01 20:00:00,99.3,274.1,64.0996763183314,2.77028196159415
2022-11-01 21:00:00,99.5666666666667,273.733333333333,29.0366629535956,0.820918312029577
2022-11-01 22:00:00,101.066666666667,273.183333333333,40.6098011689647,2.27956742710248
2022-11-01 23:00:00,100.25,273.333333333333,59.8691258966947,2.56669875342057
2022-11-02 00:00:00,100.6,273.083333333333,80.2490471095279,2.47322170619031
2022-11-02 01:00:00,95.6833333333333,273.3,67.1962121681343,3.33333447639132
2022-11-02 02:00:00,69.2666666666667,273.566666666667,90.2011637667479,2.73649153142227
2022-11-02 03:00:00,29.55,274.266666666667,47.7479349436281,3.01525082996992
2022-11-02 04:00:00,26.85,274.383333333333,109.390141184628,2.02157249342208
2022-11-02 05:00:00,21.4166666666667,274.366666666667,116.79183918752,1.57072491837187
2022-11-02 06:00:00,28.0666666666667,273.65,95.0909137451912,0.90741404763307
2022-11-02 07:00:00,74.65,272.333333333333,20.9975664112205,0.931513645714189
2022-11-02 08:00:00,79.3,272.366666666667,11.5318427769199,0.352872069732985
2022-11-02 09:00:00,80.6333333333333,273.133333333333,65.4972496405313,0.371126661135224
2022-11-02 10:00:00,76.0666666666667,273.866666666667,5.10416612317533,1.13188068686596
2022-11-02 11:00:00,100.716666666667,271.616666666667,358.154551990959,2.26438697911377
2022-11-02 12:00:00,100.116666666667,272.466666666667,347.756056538116,0.84240995780278
2022-11-02 13:00:00,99.5833333333333,272.766666666667,355.757154460506,1.14541363983333
2022-11-02 14:00:00,97.1333333333333,273.966666666667,117.841734679715,0.577851699456865
2022-11-02 15:00:00,91.8333333333333,273.75,182.301808406819,0.396801406551919
2022-11-02 16:00:00,92.2,273.3,127.318800466372,1.85261401199495
2022-11-02 17:00:00,99.2666666666667,273.0,145.353050973816,0.779526362682347
2022-11-02 18:00:00,99.25,272.3,113.341289911461,2.04394947907966
2022-11-02 19:00:00,99.5333333333333,272.016666666667,96.4416467753936,2.77050033110047
2022-11-02 20:00:00,89.5,272.666666666667,83.0963074875805,2.74919239146861
2022-11-02 21:00:00,93.8666666666667,272.416666666667,61.8874685058169,2.9296827419116
2022-11-02 22:00:00,87.0,272.333333333333,65.6625405590884,2.75254384032491
2022-11-02 23:00:00,83.8666666666667,272.233333333333,72.1611476959361,2.13789897028792
2022-11-03 00:00:00,70.2166666666667,272.3,85.5207995002716,1.84271277537505
2022-11-03 01:00:00,69.4666666666667,272.233333333333,69.4361445806594,2.67975736692243
2022-11-03 02:00:00,63.8666666666667,272.3,101.49109687522,4.63104791488847
2022-11-03 03:00:00,66.4833333333333,272.183333333333,88.0157412064862,2.08826489958363
2022-11-03 04:00:00,76.4,271.65,88.9012261054693,2.26402223042134
2022-11-03 05:00:00,71.9333333333333,271.55,92.6926827387289,3.35000763364191
2022-11-03 06:00:00,63.9666666666667,272.116666666667,70.8298796259944,2.25811761023852
2022-11-03 07:00:00,57.55,272.15,86.1077438995623,5.01773692407526
2022-11-03 08:00:00,54.9833333333334,272.416666666667,102.549110572344,6.2290075250634
2022-11-03 09:00:00,57.0,272.783333333333,97.8298960724444,5.86136791768716
2022-11-03 10:00:00,57.6666666666667,273.416666666667,101.133223127935,6.53693049614151
2022-11-03 11:00:00,60.0666666666667,274.4,102.24177772011,4.66480486236343
2022-11-03 12:00:00,59.2,275.683333333333,92.4660210375517,2.36185686477424
2022-11-03 13:00:00,67.0,275.933333333333,91.4992419057627,1.70400506449213
2022-11-03 14:00:00,69.85,275.666666666667,99.1576132320733,1.22128361975451
2022-11-03 15:00:00,75.4,275.0,79.8904768335348,0.447838803191768
2022-11-03 16:00:00,74.45,273.783333333333,94.4002970636482,2.33234368414612
2022-11-03 17:00:00,63.9833333333333,273.516666666667,105.018921694087,6.92397654489133
2022-11-03 18:00:00,60.4166666666667,273.45,105.670402823858,4.53924906761186
2022-11-03 19:00:00,71.8666666666667,272.65,113.567960909521,7.41068916643064
2022-11-03 20:00:00,69.4666666666667,272.75,114.845490689956,5.83964943881924
2022-11-03 21:00:00,75.0,272.783333333333,112.531019458063,6.10657527191877
2022-11-03 22:00:00,82.1666666666667,272.733333333333,107.228148060044,8.22994505735562
2022-11-03 23:00:00,93.95,272.5,119.678797140199,6.54724959419932
2022-11-04 00:00:00,93.4833333333333,272.3,108.924748099269,5.11560001535804
2022-11-04 01:00:00,100.633333333333,271.3,122.277491615142,4.20627119933222
2022-11-04 02:00:00,101.383333333333,271.066666666667,223.740467448864,0.131357467443691
2022-11-04 03:00:00,101.35,270.566666666667,323.886992680961,1.31076868877454
2022-11-04 04:00:00,100.8,267.8,324.456324894956,7.93538397611582
2022-11-04 05:00:00,100.433333333333,266.9,329.463893504131,8.13291828572161
2022-11-04 06:00:00,100.4,266.633333333333,332.834279568348,5.60393671783162
2022-11-04 07:00:00,100.333333333333,266.466666666667,355.129371865799,2.65366576153723
2022-11-04 08:00:00,100.3,266.216666666667,317.658803914711,2.7295694975069
2022-11-04 09:00:00,100.216666666667,266.083333333333,340.856251215594,3.2560597363815
2022-11-04 10:00:00,100.15,265.833333333333,341.90365300719,4.48269759675468
2022-11-04 11:00:00,100.116666666667,265.85,339.718986455736,3.32151473689705
2022-11-04 12:00:00,100.1,265.916666666667,328.959728812277,2.37495582300547
2022-11-04 13:00:00,100.133333333333,266.05,313.425779805305,1.21836048415153
2022-11-04 14:00:00,100.283333333333,266.9,328.527766211325,1.63616978544431
2022-11-04 15:00:00,100.666666666667,267.9,309.768570446588,1.51174691474497
2022-11-04 16:00:00,100.083333333333,266.233333333333,247.42089542776,1.4296368437072
2022-11-04 17:00:00,99.8833333333333,265.433333333333,231.465636261677,1.89694105632823
2022-11-04 18:00:00,99.7333333333333,264.45,221.659956893807,2.06308941335634
2022-11-04 19:00:00,99.6666666666667,264.25,235.66437541279,1.61027537722637
2022-11-04 20:00:00,99.6666666666667,264.316666666667,241.137457195505,1.73705513516482
2022-11-04 21:00:00,99.75,264.233333333333,266.424588318061,2.36843056877977
2022-11-04 22:00:00,99.6333333333333,264.35,240.052745479317,2.45709463665115
2022-11-04 23:00:00,99.7,264.333333333333,247.359808294034,2.17799974917012
2022-11-05 00:00:00,99.8,264.4,254.601925359275,1.83243596960874
2022-11-05 01:00:00,99.8333333333333,264.683333333333,246.114742125849,2.1253117787456
2022-11-05 02:00:00,99.8833333333333,265.083333333333,244.516513421789,1.95615756419737
2022-11-05 03:00:00,100.05,265.266666666667,287.838974877725,1.96030695653839
2022-11-05 04:00:00,100.066666666667,265.2,235.402661269479,1.95156314125369
2022-11-05 05:00:00,100.1,265.366666666667,267.28741493466,2.08028514585127
2022-11-05 06:00:00,100.1,265.35,248.687609151212,2.7177368784809
2022-11-05 07:00:00,100.1,265.433333333333,236.506346160873,2.34895868310529
2022-11-05 08:00:00,100.2,265.716666666667,311.952015044256,2.37338207963362
2022-11-05 09:00:00,100.183333333333,265.883333333333,300.024631431705,2.37027461626682
2022-11-05 10:00:00,100.166666666667,266.083333333333,269.577307343748,2.03580831439245
2022-11-05 11:00:00,100.15,266.55,268.167337982532,1.37894788815575
2022-11-05 12:00:00,100.433333333333,267.166666666667,304.841386149122,1.37702355337554
2022-11-05 13:00:00,100.333333333333,267.45,265.552001008813,0.877959177279872
2022-11-05 14:00:00,100.466666666667,267.483333333333,284.49038824611,1.08874378736977
2022-11-05 15:00:00,100.316666666667,266.9,312.440326252821,2.5931178471533
2022-11-05 16:00:00,100.283333333333,266.4,319.345695933775,2.38449308111388
2022-11-05 17:00:00,100.2,266.0,291.46958210982,1.74797234030067
2022-11-05 18:00:00,100.083333333333,265.566666666667,277.225234244838,2.35254301504937
2022-11-05 19:00:00,99.8,265.266666666667,232.453617040986,2.21622440550264
2022-11-05 20:00:00,99.6666666666667,265.216666666667,226.277319674512,0.457818966088625
2022-11-05 21:00:00,99.55,265.183333333333,,0.0
2022-11-05 22:00:00,99.4833333333333,264.8,,0.0
2022-11-05 23:00:00,99.8333333333333,264.683333333333,,0.0
2022-11-06 00:00:00,99.8666666666667,264.55,,0.0
2022-11-06 01:00:00,99.8166666666667,264.4,,0.0
2022-11-06 02:00:00,99.7333333333333,264.483333333333,,0.0
2022-11-06 03:00:00,88.0833333333333,265.166666666667,,0.0
2022-11-06 04:00:00,84.6166666666667,265.5,,0.0
2022-11-06 05:00:00,87.3166666666667,265.216666666667,,0.0
2022-11-06 06:00:00,86.1,265.2,,0.0
2022-11-06 07:00:00,72.2833333333333,265.683333333333,,0.0
2022-11-06 08:00:00,38.6333333333333,267.333333333333,,0.0
2022-11-06 09:00:00,10.7166666666667,270.266666666667,,0.0
2022-11-06 10:00:00,6.73333333333333,271.95,60.9748936657184,1.49371622484207
2022-11-06 11:00:00,4.78333333333333,273.033333333333,101.960291935398,3.13241922501774
2022-11-06 12:00:00,4.08333333333333,274.816666666667,69.2900415550198,1.82346803904122
2022-11-06 13:00:00,5.3,274.783333333333,51.7473761314557,2.83455595460698
2022-11-06 14:00:00,9.38333333333333,274.516666666667,76.5047070078882,4.41116319329355
2022-11-06 15:00:00,13.3333333333333,275.0,71.7458033263395,4.07584876488792
2022-11-06 16:00:00,25.8833333333333,274.716666666667,65.8621211546766,5.19041945283495
2022-11-06 17:00:00,40.4666666666667,274.116666666667,73.7859984053986,4.9311832234606
2022-11-06 18:00:00,50.4,274.483333333333,38.5016194482566,6.29523159746769
2022-11-06 19:00:00,49.9833333333333,274.55,41.4126682360624,5.7276702898605
2022-11-06 20:00:00,50.75,274.25,27.1367730627838,4.44421750247332
2022-11-06 21:00:00,57.8166666666667,273.633333333333,15.6232688406947,3.77795926537592
2022-11-06 22:00:00,62.4833333333333,273.766666666667,41.6485596038735,3.51080320953892
2022-11-06 23:00:00,58.5166666666667,273.85,53.3876528980384,1.62232429385799
2022-11-07 00:00:00,61.5833333333334,273.016666666667,39.479191935615,1.49861250655777
2022-11-07 01:00:00,63.7833333333333,272.866666666667,25.5289255924108,3.32494615275931
2022-11-07 02:00:00,64.25,272.583333333333,352.795617990774,2.49248335674814
2022-11-07 03:00:00,65.9166666666667,272.033333333333,355.383278904381,3.07012221452653
2022-11-07 04:00:00,70.0666666666667,270.95,326.167914564464,0.906251894454268
2022-11-07 05:00:00,71.8833333333333,270.616666666667,151.552238287062,1.32154122041056
2022-11-07 06:00:00,73.9833333333333,270.466666666667,116.053829579514,2.52671986379476
2022-11-07 07:00:00,70.2,271.133333333333,69.7303520601495,3.81462500354398
2022-11-07 08:00:00,57.8333333333333,272.183333333333,36.7541733863823,5.28939639299193
2022-11-07 09:00:00,42.9833333333333,273.066666666667,60.6709686374285,5.74636767243839
2022-11-07 10:00:00,31.45,273.333333333333,58.7292948337894,6.60936647530182
2022-11-07 11:00:00,28.2,274.416666666667,63.6304066225042,5.63158299286712
2022-11-07 12:00:00,30.5333333333333,274.683333333333,61.7902468224428,6.2028874891881
2022-11-07 13:00:00,29.4666666666667,275.283333333333,76.4049042635832,5.13387629383559
2022-11-07 14:00:00,26.4666666666667,275.316666666667,60.9475174739214,4.84308902702735
2022-11-07 15:00:00,26.8166666666667,275.733333333333,62.4928643310327,6.0506157668489
2022-11-07 16:00:00,30.2166666666667,275.5,65.265338776971,5.71114111455702
2022-11-07 17:00:00,31.9166666666667,274.65,67.7823169360783,5.25550854685913
2022-11-07 18:00:00,32.6666666666667,274.033333333333,78.5949984612238,4.76099719765481
2022-11-07 19:00:00,32.2666666666667,273.95,76.4954523504368,4.86881829000871
2022-11-07 20:00:00,31.9833333333333,273.883333333333,85.5737982483349,5.87911547919577
2022-11-07 21:00:00,31.0333333333333,273.85,88.8884174856255,5.71468278802964
2022-11-07 22:00:00,28.4,274.15,76.6418585651355,5.68778591101311
2022-11-07 23:00:00,26.9833333333333,274.166666666667,81.6309990201703,5.75392169323109
2022-11-08 00:00:00,25.45,274.25,80.4551040388498,5.44493760819694
2022-11-08 01:00:00,22.75,274.433333333333,86.3130625373382,5.17430827678817
2022-11-08 02:00:00,20.5333333333333,274.733333333333,84.2990787768185,4.95457639883432
2022-11-08 03:00:00,19.8666666666667,274.816666666667,85.0158683053907,4.6901104287158
2022-11-08 04:00:00,18.9666666666667,274.85,90.0223033674724,5.43841593137191
2022-11-08 05:00:00,16.9,275.266666666667,73.9967511835629,4.51109752059278
2022-11-08 06:00:00,18.95,275.55,69.6266376073136,4.58082811947341
2022-11-08 07:00:00,18.3333333333333,275.6,76.9309576689912,4.08528092620087
2022-11-08 08:00:00,14.5833333333333,276.083333333333,88.6291145508553,3.40328906386826
2022-11-08 09:00:00,11.1833333333333,277.1,94.7015847401272,2.95131354535146
2022-11-08 10:00:00,8.16666666666667,277.266666666667,101.322971296346,3.45503675917233
2022-11-08 11:00:00,8.18333333333333,277.383333333333,69.5501283684557,2.48467306057847
2022-11-08 12:00:00,9.71666666666667,278.1,80.4271926780758,3.70640626781771
2022-11-08 13:00:00,14.2333333333333,277.183333333333,44.4106673531579,3.56588117359327
2022-11-08 14:00:00,15.35,277.55,104.769752754364,3.31693320586748
2022-11-08 15:00:00,20.6833333333333,276.633333333333,101.576228457975,5.58462664784068
2022-11-08 16:00:00,23.95,276.3,94.1448955114471,5.14799565344483
2022-11-08 17:00:00,23.65,275.566666666667,97.0276002560995,4.80574426081398
2022-11-08 18:00:00,24.55,274.866666666667,102.979268330882,3.73663963638476
2022-11-08 19:00:00,23.3333333333333,274.85,97.9389523525921,4.24462973112337
2022-11-08 20:00:00,24.8166666666667,274.65,99.6926830836051,4.85237588764234
2022-11-08 21:00:00,24.8,274.716666666667,86.6224005774736,3.09919180549725
2022-11-08 22:00:00,26.2,274.666666666667,104.21885158134,4.9816901335728
2022-11-08 23:00:00,26.35,275.033333333333,93.5600899170645,4.36733180520647
2022-11-09 00:00:00,30.3833333333333,274.716666666667,77.752826406173,3.10133968884978
2022-11-09 01:00:00,37.05,274.45,100.503686103368,5.3044202599083
2022-11-09 02:00:00,41.45,274.466666666667,102.883887446905,5.33208228981983
2022-11-09 03:00:00,46.65,274.466666666667,80.1245220143437,3.69539618255725
2022-11-09 04:00:00,51.4833333333333,274.033333333333,76.153566954087,3.78099963321365
2022-11-09 05:00:00,56.7666666666667,273.533333333333,76.5100449493386,4.46269641421638
2022-11-09 06:00:00,63.5666666666667,272.9,68.388484262148,4.76523269611883
2022-11-09 07:00:00,64.4666666666667,272.816666666667,86.4271647179334,4.05571756385521
2022-11-09 08:00:00,67.95,273.183333333333,67.4988735810234,4.07497105993789
2022-11-09 09:00:00,74.05,273.65,70.4506895018493,5.47101877029035
2022-11-09 10:00:00,74.6666666666667,273.816666666667,82.2203047183995,4.51458174817058
2022-11-09 11:00:00,75.75,273.916666666667,71.5653487712575,5.54827972609351
2022-11-09 12:00:00,74.8833333333333,274.183333333333,79.9868454751837,6.69746519660695
2022-11-09 13:00:00,70.0666666666667,275.15,77.8561058790879,5.67571227560111
2022-11-09 14:00:00,70.3166666666667,275.15,69.007866289283,5.43969927601674
2022-11-09 15:00:00,70.9666666666667,275.133333333333,73.1753284707721,4.83695418848976
2022-11-09 16:00:00,73.65,274.433333333333,65.6981575533563,2.70967301558951
2022-11-09 17:00:00,75.05,273.783333333333,63.2561633980729,4.74246034501628
2022-11-09 18:00:00,76.8666666666667,273.633333333333,79.0827939003542,4.56153282722271
2022-11-09 19:00:00,81.0666666666667,273.366666666667,88.6132268691801,3.12648285952413
2022-11-09 20:00:00,81.2166666666667,273.433333333333,76.2027579683075,4.29420824130587
2022-11-09 21:00:00,85.85,273.25,72.8766470260787,3.00983330001746
2022-11-09 22:00:00,99.85,272.016666666667,54.9041267011704,1.86903765368871
2022-11-09 23:00:00,101.583333333333,271.566666666667,76.8300146270382,1.73620061331449
2022-11-10 00:00:00,101.583333333333,271.316666666667,19.1130404874301,2.08645418927747
2022-11-10 01:00:00,101.5,270.883333333333,6.33164346911264,1.88480014862273
2022-11-10 02:00:00,101.5,270.75,318.748016185955,3.88478458245581
2022-11-10 03:00:00,101.5,270.566666666667,339.577992934404,5.40951296308252
2022-11-10 04:00:00,101.5,270.333333333333,338.885924497459,4.10321805973146
2022-11-10 05:00:00,101.5,270.25,339.307786687119,2.31111803756761
2022-11-10 06:00:00,101.5,270.25,346.449332635768,1.57715628466968
2022-11-10 07:00:00,101.5,270.25,319.564238122709,0.54196770430819
2022-11-10 08:00:00,101.5,270.25,320.508299044298,0.705454259063142
2022-11-10 09:00:00,101.5,270.783333333333,313.534020508015,2.71662837235383
2022-11-10 10:00:00,101.333333333333,272.2,299.227630706568,0.56832778315813
2022-11-10 11:00:00,101.3,271.65,132.793169020327,0.34341618396462
2022-11-10 12:00:00,101.5,272.783333333333,333.492686965101,0.772608406127649
2022-11-10 13:00:00,101.583333333333,273.916666666667,327.251414578493,0.876416971639204
2022-11-10 14:00:00,101.583333333333,274.35,47.7998226381885,0.393063290122381
2022-11-10 15:00:00,101.35,272.833333333333,114.505266937789,1.76923598820025
2022-11-10 16:00:00,99.3666666666667,271.8,111.284372611396,3.12983744387767
2022-11-10 17:00:00,97.6833333333333,271.45,80.1219315902656,1.41870997881804
2022-11-10 18:00:00,87.8166666666667,270.8,113.240473117804,1.30266883650995
2022-11-10 19:00:00,67.8666666666667,270.466666666667,178.313274835723,0.255046576129549
2022-11-10 20:00:00,28.3666666666667,272.533333333333,209.115044592407,3.08611349361117
2022-11-10 21:00:00,27.3333333333333,274.2,202.68171871252,4.1217173231462
2022-11-10 22:00:00,30.6833333333333,274.983333333333,146.706146122927,3.69677339116776
2022-11-10 23:00:00,30.8166666666667,275.9,117.713026552394,1.64477220238201
2022-11-11 00:00:00,31.6,276.083333333333,129.291028394245,0.704080840554439
2022-11-11 01:00:00,31.4166666666667,276.916666666667,190.151412086192,1.86445027562137
2022-11-11 02:00:00,31.9,276.683333333333,219.059285791927,1.80253810942106
2022-11-11 03:00:00,31.8,276.7,199.731879229371,1.72596990668595
2022-11-11 04:00:00,30.5166666666667,277.366666666667,210.283130903271,0.595722797954994
2022-11-11 05:00:00,30.4166666666667,277.566666666667,268.347543150342,1.96034398982145
2022-11-11 06:00:00,31.0333333333333,277.45,252.415329857492,3.93107653306424
2022-11-11 07:00:00,32.0833333333333,277.35,237.270942940988,3.37304248726498
2022-11-11 08:00:00,32.45,277.516666666667,226.740347501509,2.35280035071155
2022-11-11 09:00:00,31.7,278.083333333333,230.977147418664,2.71115093481862
2022-11-11 10:00:00,30.6166666666667,278.966666666667,217.625682816327,2.46366196933945
2022-11-11 11:00:00,31.1333333333333,279.033333333333,210.146829162484,2.28742798949686
2022-11-11 12:00:00,31.5,279.0,203.181756961966,1.82187778928159
2022-11-11 13:00:00,33.0666666666667,279.883333333333,156.997481359216,0.640539945416978
2022-11-11 14:00:00,29.5833333333333,280.483333333333,252.267361064751,0.102645929931596
2022-11-11 15:00:00,31.6333333333333,280.516666666667,90.8013605368864,0.434161487842195
2022-11-11 16:00:00,27.8666666666667,279.283333333333,206.469916442381,0.362502431774293
2022-11-11 17:00:00,34.9833333333333,277.883333333333,332.90451686635,0.83494360797859
2022-11-11 18:00:00,32.5333333333333,277.733333333333,340.993854955395,0.608125842366035
2022-11-11 19:00:00,32.5166666666667,277.583333333333,219.120419236114,0.704204009768877
2022-11-11 20:00:00,28.7166666666667,277.483333333333,158.078789176038,0.252046414608219
2022-11-11 21:00:00,23.9333333333333,277.966666666667,52.0763088371745,0.421643596212481
2022-11-11 22:00:00,32.5166666666667,277.566666666667,45.3537408371041,2.24460380724784
2022-11-11 23:00:00,29.7166666666667,277.683333333333,51.0006920967992,2.2690179175083
2022-11-12 00:00:00,22.2,277.933333333333,63.9750926146941,0.437875155754778
2022-11-12 01:00:00,16.15,278.2,122.053248472773,0.264146213135448
2022-11-12 02:00:00,15.0333333333333,278.333333333333,120.948059908663,0.539691577768076
2022-11-12 03:00:00,17.1,277.95,299.682729090748,0.0090710748108857
2022-11-12 04:00:00,21.4,277.616666666667,28.2095530889986,1.82727527944769
2022-11-12 05:00:00,19.45,277.666666666667,36.1990033113146,0.96616344300288
2022-11-12 06:00:00,16.05,278.166666666667,267.250084998241,0.275482776007622
2022-11-12 07:00:00,14.7833333333333,278.783333333333,221.310907749423,1.12819405267754
2022-11-12 08:00:00,13.15,279.1,239.224055907037,1.58628929694126
2022-11-12 09:00:00,10.95,279.55,222.023010117341,1.69199128839461
2022-11-12 10:00:00,9.55,280.15,217.382968084469,1.64115279509994
2022-11-12 11:00:00,8.05,280.9,212.572948111779,1.75486515532219
2022-11-12 12:00:00,7.81666666666667,281.416666666667,247.362437276392,1.29560981453546
2022-11-12 13:00:00,12.05,280.683333333333,300.292083138314,0.901852351157438
2022-11-12 14:00:00,15.0666666666667,280.5,233.22400603019,1.32181081530289
2022-11-12 15:00:00,14.4833333333333,279.8,208.574010660911,1.65049421371164
2022-11-12 16:00:00,16.5333333333333,279.1,239.787612812749,3.146461219629
2022-11-12 17:00:00,15.1,278.8,245.760431583183,3.61654513394174
2022-11-12 18:00:00,15.1833333333333,278.5,233.356463992085,3.67939530499062
2022-11-12 19:00:00,14.1,278.333333333333,226.23480188492,4.83314055303826
2022-11-12 20:00:00,15.85,277.8,221.288834475652,4.08675316731895
2022-11-12 21:00:00,14.8666666666667,277.983333333333,199.227861250663,3.05518189131193
2022-11-12 22:00:00,14.3666666666667,278.1,183.571403106557,1.68438544262533
2022-11-12 23:00:00,15.85,277.65,194.859783760459,2.27334780172072
2022-11-13 00:00:00,12.0333333333333,278.5,176.171449654005,2.55447868938517
2022-11-13 01:00:00,11.2,278.666666666667,144.402233744559,1.28742799768105
2022-11-13 02:00:00,13.2333333333333,278.533333333333,117.65067465078,0.699700025111381
2022-11-13 03:00:00,18.8333333333333,278.066666666667,56.7102385551436,0.72114990011083
2022-11-13 04:00:00,16.3,277.433333333333,39.1879245851412,2.60410012532094
2022-11-13 05:00:00,18.2833333333333,277.183333333333,47.1761099174867,2.27320224217257
2022-11-13 06:00:00,18.6,277.016666666667,43.3830059042369,1.78117070937129
2022-11-13 07:00:00,19.35,276.883333333333,136.716740346723,0.770738494006467
2022-11-13 08:00:00,28.1333333333333,276.55,155.904569556341,3.46360424985646
2022-11-13 09:00:00,35.4833333333333,276.75,145.057113601457,6.71331904336082
2022-11-13 10:00:00,28.0166666666667,276.916666666667,153.161926190787,5.48401688526414
2022-11-13 11:00:00,28.1,276.866666666667,160.285913396036,3.47914729198329
2022-11-13 12:00:00,35.9333333333333,276.4,142.751969800759,3.99761642169348
2022-11-13 13:00:00,37.15,275.833333333333,131.470109348801,4.97663524064674
2022-11-13 14:00:00,34.4666666666667,277.133333333333,109.949791623697,2.6024957581257
2022-11-13 15:00:00,40.1166666666667,274.983333333333,148.09512584665,3.41437026418203
2022-11-13 16:00:00,36.55,275.316666666667,119.98177813378,3.99274677983267
2022-11-13 17:00:00,40.15,274.133333333333,119.683319325701,3.3061089621477
2022-11-13 18:00:00,48.4833333333333,272.983333333333,122.722826616814,4.70466274531888
2022-11-13 19:00:00,54.2833333333333,272.3,111.757423886449,4.63098851634953
2022-11-13 20:00:00,53.9,271.8,108.649449381993,4.94554412238154
2022-11-13 21:00:00,56.9666666666667,271.383333333333,123.850069073463,1.28871224168161
2022-11-13 22:00:00,58.4833333333333,271.3,120.64635375151,3.42415217103365
2022-11-13 23:00:00,58.9666666666667,271.433333333333,101.956982573529,2.92949238899655
2022-11-14 00:00:00,60.7666666666667,271.166666666667,57.4085395260655,0.583891582183297
2022-11-14 01:00:00,64.5,270.283333333333,193.861961577442,2.5778982956395
2022-11-14 02:00:00,69.1166666666667,269.8,171.784450464869,2.48158821147509
2022-11-14 03:00:00,76.3333333333333,269.533333333333,123.399985211599,4.09804214057812
2022-11-14 04:00:00,95.4,268.633333333333,113.233212414111,5.39472328595948
2022-11-14 05:00:00,95.0833333333333,268.616666666667,108.47734076152,7.08090829744503
2022-11-14 06:00:00,87.2333333333333,268.733333333333,101.102338382237,6.97304177172148
2022-11-14 07:00:00,79.4666666666667,268.8,102.178533390429,8.15879520561458
2022-11-14 08:00:00,78.5833333333333,268.783333333333,102.721737550857,8.51249581139775
2022-11-14 09:00:00,80.6333333333333,269.016666666667,101.396846367562,7.71348907765185
2022-11-14 10:00:00,80.9166666666667,269.816666666667,105.240069682917,6.75117506304674
2022-11-14 11:00:00,78.05,270.616666666667,108.333921341014,6.29294567585869
2022-11-14 12:00:00,72.3166666666667,271.066666666667,105.215366640898,5.32936805597049
2022-11-14 13:00:00,78.7666666666667,270.283333333333,108.268202924269,5.69640975432273
2022-11-14 14:00:00,81.0333333333333,270.583333333333,108.989800923065,4.05623907056627
2022-11-14 15:00:00,78.1166666666667,270.85,93.7886972709155,3.64173529498709
2022-11-14 16:00:00,76.25,271.5,61.0670324778549,2.21055428648042
2022-11-14 17:00:00,81.0833333333333,269.983333333333,97.4324040317793,2.39053367895355
2022-11-14 18:00:00,86.5333333333333,269.0,46.4519881953936,0.855111719643558
2022-11-14 19:00:00,74.95,269.35,107.800122429821,1.00209345869795
2022-11-14 20:00:00,73.3833333333333,269.35,110.216574385066,3.6861797741026
2022-11-14 21:00:00,70.5666666666667,269.783333333333,104.795215829086,3.99827356755566
2022-11-14 22:00:00,71.3666666666667,269.966666666667,102.626883478904,4.54615198909044
2022-11-14 23:00:00,70.75,270.166666666667,107.815281322789,5.19444736991906
2022-11-15 00:00:00,71.1166666666667,270.25,104.654536693791,4.23410544978709
2022-11-15 01:00:00,70.8666666666667,270.5,95.5746934896531,2.63129139580028
2022-11-15 02:00:00,69.9333333333333,270.566666666667,116.746829188845,3.37175429584042
2022-11-15 03:00:00,68.3666666666667,270.733333333333,112.741551520222,3.17151263162594
2022-11-15 04:00:00,68.4166666666667,270.7,117.854092264595,3.63920689313499
2022-11-15 05:00:00,65.25,270.9,86.9398010901398,2.10306427595022
2022-11-15 06:00:00,59.8166666666667,271.25,102.053650255474,3.54205213704942
2022-11-15 07:00:00,55.1333333333333,271.55,96.4547394205607,4.81666281004949
2022-11-15 08:00:00,54.6166666666667,271.433333333333,95.6102672358886,4.66067028919788
2022-11-15 09:00:00,51.4333333333333,272.3,101.905223288322,5.29940215346473
2022-11-15 10:00:00,50.3666666666667,273.016666666667,103.438677413608,4.68789068060653
2022-11-15 11:00:00,53.8166666666667,273.316666666667,103.581446246028,5.21024204995694
2022-11-15 12:00:00,56.3166666666667,274.083333333333,96.9428596123165,3.05709207786952
2022-11-15 13:00:00,57.95,274.733333333333,94.0485633998982,2.93274624231757
2022-11-15 14:00:00,62.3,274.366666666667,59.9742689199135,3.97902017791652
2022-11-15 15:00:00,69.6,273.083333333333,56.7229428656843,6.20523795632654
2022-11-15 16:00:00,71.6833333333334,272.816666666667,79.671756137014,3.34080523093448
2022-11-15 17:00:00,74.95,272.383333333333,74.3871140029747,4.08416057908618
2022-11-15 18:00:00,78.6666666666667,272.0,90.7631989237755,5.24580068159823
2022-11-15 19:00:00,81.35,271.783333333333,91.7804919778736,4.27487782554686
2022-11-15 20:00:00,79.1,271.9,81.3172326604311,2.68433264852313
2022-11-15 21:00:00,81.0833333333333,271.733333333333,107.004053965848,6.73570358890997
2022-11-15 22:00:00,80.1833333333333,271.8,99.9608223808652,4.93826889015368
2022-11-15 23:00:00,78.3333333333333,271.983333333333,95.2846301028276,4.02756612280514
2022-11-16 00:00:00,78.2333333333333,272.183333333333,93.3067833381662,5.66600991321767
2022-11-16 01:00:00,76.7333333333333,272.516666666667,82.8135418102253,4.68185119186052
2022-11-16 02:00:00,76.65,272.733333333333,79.8105540160053,5.19584375726483
2022-11-16 03:00:00,77.3,272.8,87.7058221890373,3.05532824023244
2022-11-16 04:00:00,95.0166666666667,271.75,106.575245346181,4.21148733607009
2022-11-16 05:00:00,101.55,271.166666666667,98.8650889924784,4.88252112897232
2022-11-16 06:00:00,101.6,271.266666666667,85.1010929335713,3.0604096946065
2022-11-16 07:00:00,101.5,270.933333333333,57.09206136003,4.03014218189544
2022-11-16 08:00:00,101.5,270.783333333333,29.9720400598789,3.29587883993843
2022-11-16 09:00:00,101.466666666667,270.233333333333,18.2832629696504,3.42349711692118
2022-11-16 10:00:00,101.2,270.016666666667,298.391553333474,2.85004139977001
2022-11-16 11:00:00,101.15,270.183333333333,319.201961852523,3.87369182374148
2022-11-16 12:00:00,101.166666666667,269.7,326.026464962795,3.69361945386138
2022-11-16 13:00:00,101.016666666667,269.283333333333,320.558116362969,4.71502555917837
2022-11-16 14:00:00,101.083333333333,269.216666666667,329.752046062589,3.53386674641687
2022-11-16 15:00:00,100.933333333333,268.516666666667,328.827337123177,7.13925667518718
2022-11-16 16:00:00,100.866666666667,268.083333333333,316.271169919156,4.05956364162218
2022-11-16 17:00:00,100.633333333333,267.55,324.010939918798,4.41310884623409
2022-11-16 18:00:00,100.466666666667,266.716666666667,352.670176108039,1.89228228219303
2022-11-16 19:00:00,100.433333333333,266.75,77.6582624238177,3.29181666491377
2022-11-16 20:00:00,100.1,266.65,84.4886049883807,2.57363275886841
2022-11-16 21:00:00,97.9333333333333,266.633333333333,79.5197506707792,3.50974275936878
2022-11-16 22:00:00,73.7666666666667,267.1,76.5422066276956,4.26822352948866
2022-11-16 23:00:00,55.35,268.233333333333,64.5774345120597,6.89339777163381
2022-11-17 00:00:00,49.5,269.433333333333,70.3764468125403,5.94900123582951
2022-11-17 01:00:00,47.7833333333333,269.883333333333,60.1869653884068,5.7170540748005
2022-11-17 02:00:00,41.0333333333333,270.616666666667,54.1461616906086,6.27868544140614
2022-11-17 03:00:00,49.2,270.666666666667,56.2737878355413,5.79606114403359
2022-11-17 04:00:00,49.2333333333333,270.616666666667,65.6414581323434,6.43741288403488
2022-11-17 05:00:00,52.0833333333333,270.866666666667,72.7554318699967,6.01082098670543
2022-11-17 06:00:00,57.8166666666667,271.316666666667,68.1703290842222,7.77795409079338
2022-11-17 07:00:00,62.7166666666667,271.0,67.0112428218205,5.51937416333329
2022-11-17 08:00:00,64.7,271.066666666667,79.1242201628162,5.55345590122398
2022-11-17 09:00:00,59.45,271.733333333333,73.3243188173522,7.26750714419608
2022-11-17 10:00:00,61.1,272.433333333333,74.5356391097055,6.68988995423743
2022-11-17 11:00:00,60.2166666666667,272.6,75.3991007618792,7.51204176772164
2022-11-17 12:00:00,58.25,272.833333333333,73.5761096102403,5.03788441115994
2022-11-17 13:00:00,59.5166666666667,272.683333333333,62.9605666059549,6.18398724248217
2022-11-17 14:00:00,64.85,273.033333333333,56.0779591485902,4.1780442318372
2022-11-17 15:00:00,71.6166666666667,271.783333333333,49.5646441129404,5.08717850756128
2022-11-17 16:00:00,88.35,270.75,32.7239341438265,4.92553789273827
2022-11-17 17:00:00,63.7833333333333,271.266666666667,59.3656413547765,5.65758819677425
2022-11-17 18:00:00,64.75,270.833333333333,94.9506469028495,5.52290646579495
2022-11-17 19:00:00,59.7,270.783333333333,79.5697328937528,4.36407196046304
2022-11-17 20:00:00,56.4,270.75,82.036417882519,5.53254527878184
2022-11-17 21:00:00,58.1333333333333,270.416666666667,89.5539111751605,5.16603043288651
2022-11-17 22:00:00,60.5333333333333,270.116666666667,80.5179952347679,4.32837888402798
2022-11-17 23:00:00,65.8833333333333,269.833333333333,69.4379765009233,4.90034180411208
2022-11-18 00:00:00,73.5166666666667,269.55,72.1216092617427,8.85772382710785
2022-11-18 01:00:00,74.3,269.466666666667,75.5523073077305,7.06020119363237
2022-11-18 02:00:00,71.3333333333333,269.733333333333,76.2444589874604,6.72159855039418
2022-11-18 03:00:00,71.7166666666667,269.933333333333,75.544025506067,6.86817499165297
2022-11-18 04:00:00,76.6,269.616666666667,61.0472606117852,3.98862257831207
2022-11-18 05:00:00,83.65,269.266666666667,37.8552246860158,4.67907844373079
2022-11-18 06:00:00,100.333333333333,266.3,344.346610371194,6.3645024436628
2022-11-18 07:00:00,100.016666666667,266.083333333333,353.689079769888,2.90179061027126
2022-11-18 08:00:00,99.55,266.05,0.0093877101833186,3.82934614798929
2022-11-18 09:00:00,99.2333333333333,265.883333333333,27.9093203894615,3.50464802697084
2022-11-18 10:00:00,99.2,265.8,18.5891952576435,3.88014420524429
2022-11-18 11:00:00,98.4166666666667,266.216666666667,11.510096920189,2.53746421537311
2022-11-18 12:00:00,99.9,265.916666666667,340.20407316863,5.79209508098043
2022-11-18 13:00:00,99.8166666666667,266.183333333333,338.165600859608,6.41083105679691
2022-11-18 14:00:00,99.6333333333333,266.116666666667,350.075910802185,4.56226010391971
2022-11-18 15:00:00,99.9333333333333,266.266666666667,11.692977185235,3.33451052534475
2022-11-18 16:00:00,100.066666666667,265.75,15.4528055999744,3.61014777230657
2022-11-18 17:00:00,100.066666666667,265.433333333333,3.50818325694547,3.46478553046843
2022-11-18 18:00:00,100.083333333333,265.266666666667,345.629021945948,3.37194207905376
2022-11-18 19:00:00,99.9666666666667,264.983333333333,9.7045228493073,2.301165921566
2022-11-18 20:00:00,100.083333333333,265.283333333333,356.537531392897,2.41808411863527
2022-11-18 21:00:00,99.95,264.75,339.66913832067,4.01196967951531
2022-11-18 22:00:00,99.9,264.483333333333,358.416415373223,2.24208138029054
2022-11-18 23:00:00,99.8333333333333,264.433333333333,20.1546206243897,2.69068465526658
2022-11-19 00:00:00,99.7833333333334,264.133333333333,23.2292495292413,1.70163935226884
2022-11-19 01:00:00,99.6666666666667,263.65,72.8203825589458,1.73561960451754
2022-11-19 02:00:00,99.6166666666667,263.466666666667,10.921376127524,1.66833867278941
2022-11-19 03:00:00,99.6,263.383333333333,357.185574452372,1.47513994725807
2022-11-19 04:00:00,99.5333333333333,263.2,44.2155998217942,2.39438877228905
2022-11-19 05:00:00,99.1666666666667,262.833333333333,42.8635067223167,2.61440898441013
2022-11-19 06:00:00,96.8666666666667,263.033333333333,85.5402988978199,1.88084945537443
2022-11-19 07:00:00,93.3833333333333,263.033333333333,75.7816334462919,1.63670105734388
2022-11-19 08:00:00,94.5666666666667,262.983333333333,36.8078830573398,0.510172147887091
2022-11-19 09:00:00,96.8,263.683333333333,32.4032750155769,0.287285206002675
2022-11-19 10:00:00,88.0833333333333,265.25,60.4610845355068,0.486693362017854
2022-11-19 11:00:00,86.4333333333333,266.0,105.345476508336,0.515234182513356
2022-11-19 12:00:00,91.9833333333333,265.95,137.985619358398,3.15064494609569
2022-11-19 13:00:00,86.2666666666667,266.8,128.21318214183,2.12857933352115
2022-11-19 14:00:00,81.35,267.866666666667,89.7371442725446,1.08328451744068
2022-11-19 15:00:00,81.1,266.683333333333,228.700957505316,1.08702730458951
2022-11-19 16:00:00,90.6833333333333,266.066666666667,305.642910239167,1.20019959852085
2022-11-19 17:00:00,99.7666666666667,263.833333333333,328.557403664131,4.36765177803888
2022-11-19 18:00:00,99.8,263.683333333333,319.464565177691,4.69977540229943
2022-11-19 19:00:00,99.7166666666667,263.633333333333,321.862940390438,2.86091664755508
2022-11-19 20:00:00,99.6333333333333,263.583333333333,328.344212946003,1.63469261692773
2022-11-19 21:00:00,99.6166666666667,263.483333333333,318.741573109681,2.48243655820185
2022-11-19 22:00:00,99.6166666666667,263.5,317.007653181218,2.15408987225978
2022-11-19 23:00:00,99.55,263.266666666667,275.236906381985,1.57273304944013
2022-11-20 00:00:00,99.5833333333333,263.333333333333,329.091987595387,2.37197444823238
2022-11-20 01:00:00,99.5333333333333,263.066666666667,309.796122807388,1.72966740898588
2022-11-20 02:00:00,99.5,263.0,297.081928597872,2.61614727540295
2022-11-20 03:00:00,99.5,263.05,332.422259142805,3.05604281355113
2022-11-20 04:00:00,99.5,262.8,329.856036517086,3.10201880230277
2022-11-20 05:00:00,99.4833333333333,262.75,349.715019390449,3.03941097312481
2022-11-20 06:00:00,99.4,262.666666666667,3.81989089244269,2.30394961232342
2022-11-20 07:00:00,99.5,262.75,343.165786279832,1.43197446930609
2022-11-20 08:00:00,99.4333333333333,262.683333333333,347.710301326399,2.24691087452706
2022-11-20 09:00:00,99.4,262.733333333333,10.8468292078098,1.55999817175927
2022-11-20 10:00:00,99.4666666666667,263.283333333333,33.3546004808865,1.04026961522797
2022-11-20 11:00:00,99.4333333333333,263.6,49.4715261686687,2.44993800126536
2022-11-20 12:00:00,99.2833333333333,264.183333333333,64.2685438241471,1.72161468357595
2022-11-20 13:00:00,99.4666666666667,263.866666666667,53.2309927109644,2.02166910396075
2022-11-20 14:00:00,99.4166666666667,263.466666666667,25.4779759477999,4.05462838019762
2022-11-20 15:00:00,99.3666666666667,263.266666666667,41.9373370884799,3.26592370676021
2022-11-20 16:00:00,99.3666666666667,263.55,20.6401830022197,2.77747960973418
2022-11-20 17:00:00,99.05,263.116666666667,46.3181141589107,3.04159914616132
2022-11-20 18:00:00,98.7333333333333,262.516666666667,108.11518177175,2.95611957211844
2022-11-20 19:00:00,71.1,263.05,75.5363510935899,4.0409901752685
2022-11-20 20:00:00,55.6333333333333,263.683333333333,59.7586890920995,4.35567364114916
2022-11-20 21:00:00,49.4333333333333,264.0,66.2432665745623,4.41826852381105
2022-11-20 22:00:00,41.85,264.266666666667,60.2104715742365,4.70909246602001
2022-11-20 23:00:00,44.9,264.15,45.6795675117545,4.08475269892156
2022-11-21 00:00:00,77.8166666666667,263.25,42.8306657912202,6.12793757930237
2022-11-21 01:00:00,99.4,263.1,34.2884763028513,6.92812113445148
2022-11-21 02:00:00,99.0333333333334,263.0,34.0969079045621,7.13839807004628
2022-11-21 03:00:00,99.5,262.85,24.8515184056099,7.07870289268042
2022-11-21 04:00:00,99.4,262.466666666667,31.6214146330158,5.6307865173098
2022-11-21 05:00:00,99.4,262.383333333333,27.4307643926772,6.28803016092652
2022-11-21 06:00:00,99.4,262.5,51.6584582531533,6.66411233953916
2022-11-21 07:00:00,99.4666666666667,262.666666666667,36.6469427074842,7.46241372652772
2022-11-21 08:00:00,99.5,262.816666666667,33.0481318202203,8.8325591786848
2022-11-21 09:00:00,99.4,262.783333333333,26.5642826427862,7.88106431090577
2022-11-21 10:00:00,99.35,262.95,34.4765279609659,6.90639701594641
2022-11-21 11:00:00,97.3666666666667,263.5,39.688499605971,9.357313979011
2022-11-21 12:00:00,83.6833333333333,264.466666666667,51.8561527629497,7.03745277040683
2022-11-21 13:00:00,66.3666666666667,265.716666666667,67.3027152741333,6.12626673961776
2022-11-21 14:00:00,54.7,266.7,69.7726900619291,4.62968339445968
2022-11-21 15:00:00,47.4833333333333,267.55,70.2844785860016,5.62782337828982
2022-11-21 16:00:00,44.7666666666667,267.783333333333,71.1601495455884,4.76653484965993
2022-11-21 17:00:00,45.0166666666667,266.766666666667,81.412765096945,5.68341032735363
2022-11-21 18:00:00,45.9166666666667,266.766666666667,98.6165625517085,6.7593940053576
2022-11-21 19:00:00,40.35,267.233333333333,100.751038673325,6.99699053275141
2022-11-21 20:00:00,42.9833333333333,268.016666666667,88.4522141867069,6.93137003487914
2022-11-21 21:00:00,47.3833333333333,267.85,92.1730081917008,8.14981603426058
2022-11-21 22:00:00,53.7,267.216666666667,94.0381084596225,5.49321465858038
2022-11-21 23:00:00,64.1333333333333,267.066666666667,72.022855846336,5.65428209949833
2022-11-22 00:00:00,73.4833333333333,266.733333333333,99.1382573417646,6.97954876984156
2022-11-22 01:00:00,74.7666666666667,266.516666666667,114.503076432947,1.33911415538523
2022-11-22 02:00:00,78.65,266.633333333333,107.466797322421,5.2783274675789
2022-11-22 03:00:00,76.6333333333333,267.116666666667,97.2445463530339,4.03794074690167
2022-11-22 04:00:00,96.55,266.25,112.64886087887,5.24011488743318
2022-11-22 05:00:00,100.35,266.066666666667,146.256527115695,1.57909224467183
2022-11-22 06:00:00,100.316666666667,265.95,244.744259608169,1.94546648027135
2022-11-22 07:00:00,100.066666666667,265.15,320.547590956858,4.12375797228435
2022-11-22 08:00:00,100.033333333333,264.9,315.015164042969,6.57456548472411
2022-11-22 09:00:00,99.9333333333333,264.65,317.120775765176,5.62085810888127
2022-11-22 10:00:00,99.8,264.216666666667,310.204784317801,4.92946523173159
2022-11-22 11:00:00,99.7666666666667,264.183333333333,321.144975357451,5.53242169701387
2022-11-22 12:00:00,99.7,264.016666666667,317.337646624363,5.31620548064898
2022-11-22 13:00:00,99.6333333333333,263.866666666667,317.275004359353,6.02524416700314
2022-11-22 14:00:00,99.4666666666667,263.183333333333,323.623911950701,8.59282333830038
2022-11-22 15:00:00,99.5833333333333,263.4,328.481621792201,3.56118882938722
2022-11-22 16:00:00,99.3833333333333,262.716666666667,331.013342420234,5.452940667698
2022-11-22 17:00:00,99.2666666666667,261.983333333333,302.41251341234,2.38184212084318
2022-11-22 18:00:00,99.2333333333333,261.833333333333,262.997108298163,3.17730352470884
2022-11-22 19:00:00,99.3,261.983333333333,267.835116747357,3.27726127723648
2022-11-22 20:00:00,99.3166666666667,262.2,282.279135700338,2.77449814607021
2022-11-22 21:00:00,99.4,262.4,283.550734513175,3.04234183953644
2022-11-22 22:00:00,99.4,262.583333333333,304.520765597988,3.29522061613114
2022-11-22 23:00:00,99.4666666666667,262.733333333333,295.992783182667,3.0163996556325
2022-11-23 00:00:00,99.5,262.816666666667,312.254885205818,2.32519328147514
2022-11-23 01:00:00,99.5,262.85,315.340937126872,2.14366498692199
2022-11-23 02:00:00,99.4333333333333,262.75,320.985242189576,2.24397804981552
2022-11-23 03:00:00,99.3833333333333,262.466666666667,321.680227497924,1.77579947608196
2022-11-23 04:00:00,99.3,262.25,323.998112894856,1.53567387760243
2022-11-23 05:00:00,99.3,262.216666666667,319.461480797273,1.0891481604081
2022-11-23 06:00:00,99.2333333333333,261.933333333333,272.798444954649,0.61185422980446
2022-11-23 07:00:00,99.2333333333333,261.683333333333,305.778121624963,0.20961077715711
2022-11-23 08:00:00,99.2333333333333,261.783333333333,,0.0
2022-11-23 09:00:00,99.5166666666667,263.4,,0.0
2022-11-23 10:00:00,99.6666666666667,265.0,,0.0
2022-11-23 11:00:00,99.3166666666667,264.7,,0.0
2022-11-23 12:00:00,99.4166666666666,264.866666666667,,0.0
2022-11-23 13:00:00,96.1166666666667,264.516666666667,,0.0
2022-11-23 14:00:00,87.5333333333334,265.35,38.1566531303297,1.06968699872523
2022-11-23 15:00:00,64.05,265.3,43.7629376168402,3.37273647334265
2022-11-23 16:00:00,38.4666666666667,265.15,41.9353608384972,3.97436975993159
2022-11-23 17:00:00,24.8166666666667,265.316666666667,64.9097950191214,3.13191415209494
2022-11-23 18:00:00,31.2,265.966666666667,55.6287615938034,4.74293451001527
2022-11-23 19:00:00,54.3,266.9,58.2419733269525,4.7529703936624
2022-11-23 20:00:00,79.65,266.716666666667,22.9287359786743,3.36960039955015
2022-11-23 21:00:00,98.7833333333334,266.016666666667,24.4166145900186,7.51556304579272
2022-11-23 22:00:00,100.5,266.433333333333,23.9268937337702,6.32574445788239
2022-11-23 23:00:00,100.35,265.933333333333,4.77781194440252,6.26496556853183
2022-11-24 00:00:00,99.7833333333333,264.6,13.006896805198,7.45766723779526
2022-11-24 01:00:00,97.0666666666667,264.583333333333,352.287254100888,6.92790697024288
2022-11-24 02:00:00,99.6,264.716666666667,337.514958566644,6.88856588529186
2022-11-24 03:00:00,99.9833333333333,264.65,351.547647312364,6.27649155799712
2022-11-24 04:00:00,99.9833333333333,264.7,338.527165921371,6.50154347028372
2022-11-24 05:00:00,99.8666666666667,264.383333333333,327.951971275491,6.79520344490943
2022-11-24 06:00:00,99.8666666666667,264.216666666667,336.417465280215,5.91126013051843
2022-11-24 07:00:00,99.7833333333334,263.95,340.428895038806,3.81151222325407
2022-11-24 08:00:00,99.7,263.733333333333,358.658186357131,2.49456831511146
2022-11-24 09:00:00,99.8,264.216666666667,277.29977780453,0.0560926073473359
2022-11-24 10:00:00,99.5,264.5,43.8389102385569,3.16597463832554
2022-11-24 11:00:00,99.2,264.3,47.8557445246843,2.82661600622931
2022-11-24 12:00:00,99.1,264.866666666667,56.3988548696253,3.68677001260839
2022-11-24 13:00:00,99.65,264.983333333333,34.5878660255488,4.01258424247022
2022-11-24 14:00:00,97.4333333333333,265.483333333333,10.055974590991,6.55434095929428
2022-11-24 15:00:00,89.5166666666667,265.25,7.73119883473964,7.17781756579733
2022-11-24 16:00:00,93.3166666666667,264.95,22.955692033387,6.8903184984613
2022-11-24 17:00:00,87.4666666666667,264.3,26.088122402562,5.83618915123679
2022-11-24 18:00:00,83.0333333333333,264.233333333333,47.0737412747101,3.02453929587181
2022-11-24 19:00:00,69.6,264.45,55.1739508026852,2.85250644803121
2022-11-24 20:00:00,64.75,264.333333333333,64.9340061519312,3.47748557237699
2022-11-24 21:00:00,48.9,264.9,111.532527104044,5.2750556196941
2022-11-24 22:00:00,35.65,265.8,103.637337220893,3.8098157852764
2022-11-24 23:00:00,27.9333333333333,266.516666666667,98.0441190464504,3.27776609103813
2022-11-25 00:00:00,22.1,267.15,102.346728664953,3.62784138938848
2022-11-25 01:00:00,17.4166666666667,267.716666666667,76.9362376110782,3.63557510114019
2022-11-25 02:00:00,13.9833333333333,268.116666666667,74.0878507908939,4.03411001127594
2022-11-25 03:00:00,13.35,268.483333333333,58.6135147066463,4.48640649256314
2022-11-25 04:00:00,12.4,268.866666666667,86.3794804580185,2.36188383842235
2022-11-25 05:00:00,12.45,269.166666666667,106.434550135053,2.17561857787778
2022-11-25 06:00:00,13.4666666666667,269.233333333333,35.4114574972131,1.64654895155562
2022-11-25 07:00:00,18.55,269.0,39.7948808411533,2.79891315333395
2022-11-25 08:00:00,19.3833333333333,268.65,4.05822829741743,1.71242213243992
2022-11-25 09:00:00,16.4,268.666666666667,327.214565021394,2.54616342798498
2022-11-25 10:00:00,16.25,269.783333333333,137.854449391223,2.03714546185974
2022-11-25 11:00:00,20.1,270.4,42.1445699118373,0.65659616991551
2022-11-25 12:00:00,27.9,269.0,332.21306941564,4.5317540289811
2022-11-25 13:00:00,32.5166666666667,269.166666666667,339.230890571565,2.86254402898359
2022-11-25 14:00:00,34.7666666666667,269.966666666667,300.00901189483,0.499231486882145
2022-11-25 15:00:00,41.4,268.416666666667,115.99171117088,2.58721475078008
2022-11-25 16:00:00,38.3333333333333,268.016666666667,40.7256249809568,1.58403800465835
2022-11-25 17:00:00,40.7,267.65,0.858998324793674,2.04642743960859
2022-11-25 18:00:00,63.05,266.033333333333,315.542526001628,4.94398587354618
2022-11-25 19:00:00,69.2333333333333,266.05,303.419275858002,1.58602492053842
2022-11-25 20:00:00,70.0833333333333,266.383333333333,331.792564089876,1.57200128257743
2022-11-25 21:00:00,95.5333333333333,265.733333333333,320.384331884573,3.4642736059578
2022-11-25 22:00:00,100.666666666667,265.516666666667,307.927619694467,3.62395734817697
2022-11-25 23:00:00,100.3,265.416666666667,319.394861890266,6.22053761203753
2022-11-26 00:00:00,100.183333333333,265.316666666667,321.300899892306,4.5892562737613
2022-11-26 01:00:00,100.116666666667,265.133333333333,322.225426959979,3.60841582841183
2022-11-26 02:00:00,99.95,264.7,322.484766805284,2.73253933550148
2022-11-26 03:00:00,99.8166666666667,264.25,271.843248979927,1.49256259883721
2022-11-26 04:00:00,99.7,263.783333333333,282.507782016817,2.08596668101132
2022-11-26 05:00:00,99.6166666666667,263.316666666667,318.660833654099,1.89790604936577
2022-11-26 06:00:00,99.55,263.216666666667,293.920199099227,1.37952039497163
2022-11-26 07:00:00,99.5666666666667,263.233333333333,306.37058977721,2.25645369496534
2022-11-26 08:00:00,99.5,262.95,261.414922966598,1.60737207604762
2022-11-26 09:00:00,99.55,263.083333333333,266.298416884512,1.23611025925973
2022-11-26 10:00:00,99.6666666666667,263.716666666667,257.638136749747,0.663913730605623
2022-11-26 11:00:00,99.7,264.216666666667,324.950847725667,0.972801036675812
2022-11-26 12:00:00,99.6166666666667,264.283333333333,300.575977016678,0.968441692074543
2022-11-26 13:00:00,99.1333333333333,264.216666666667,173.008915125125,0.683541977088652
2022-11-26 14:00:00,99.0333333333334,265.416666666667,214.101676701234,1.04539006715483
2022-11-26 15:00:00,99.3,264.8,347.77406707931,2.15098957418002
2022-11-26 16:00:00,99.3666666666667,264.05,331.921665773355,2.91122616558008
2022-11-26 17:00:00,98.9166666666667,263.466666666667,275.683622677925,0.722478831060912
2022-11-26 18:00:00,98.9666666666667,262.8,151.037548993198,2.02083173135511
2022-11-26 19:00:00,96.95,262.783333333333,152.224239503903,1.16419446642313
2022-11-26 20:00:00,60.7333333333333,263.55,224.933166299125,3.0405441988195
2022-11-26 21:00:00,53.3166666666667,264.016666666667,237.884314812943,3.12865644116357
2022-11-26 22:00:00,19.8666666666667,265.75,222.045843132166,3.81533638117591
2022-11-26 23:00:00,13.7,266.083333333333,212.672762813041,1.74128968177403
2022-11-27 00:00:00,12.1333333333333,266.683333333333,147.264443793719,1.38533326456603
2022-11-27 01:00:00,10.65,266.966666666667,133.48123477396,0.937405385053331
2022-11-27 02:00:00,12.6833333333333,267.033333333333,14.8025062840529,0.81755511042252
2022-11-27 03:00:00,11.2333333333333,267.4,42.9828958155068,1.18168003195355
2022-11-27 04:00:00,11.8333333333333,267.416666666667,52.178114518102,1.98637609092963
2022-11-27 05:00:00,13.2,267.416666666667,97.7105298070225,1.26252450413079
2022-11-27 06:00:00,12.1,267.733333333333,81.0191103746611,1.56582134047824
2022-11-27 07:00:00,11.15,267.833333333333,29.9210955866208,1.71359385458978
2022-11-27 08:00:00,11.6166666666667,267.816666666667,48.0454833329423,1.62893280582384
2022-11-27 09:00:00,10.0666666666667,268.716666666667,98.0974397232247,2.11903823440474
2022-11-27 10:00:00,9.31666666666667,269.916666666667,79.3860164268725,1.18905121051356
2022-11-27 11:00:00,9.53333333333333,270.316666666667,106.467682848222,2.14418363437989
2022-11-27 12:00:00,8.51666666666667,271.65,77.213352242818,1.23833202612141
2022-11-27 13:00:00,8.71666666666667,272.1,50.6636983290617,1.36897617403734
2022-11-27 14:00:00,9.56666666666667,270.966666666667,49.7402197370433,2.88599605627282
2022-11-27 15:00:00,12.0333333333333,271.283333333333,80.0451301309495,2.12420651357137
2022-11-27 16:00:00,13.0333333333333,270.916666666667,37.8810025560758,2.2495475012803
2022-11-27 17:00:00,16.4333333333333,269.266666666667,57.492083081337,4.46520974838306
2022-11-27 18:00:00,15.1,269.416666666667,106.367652367308,4.1113240073278
2022-11-27 19:00:00,24.5,269.733333333333,80.2813557717378,1.92425601555568
2022-11-27 20:00:00,31.2,270.016666666667,93.1990209096448,1.95559958424956
2022-11-27 21:00:00,35.25,270.466666666667,60.2636276475337,1.79339176889223
2022-11-27 22:00:00,34.8666666666667,270.833333333333,69.2787424881381,3.01249295582308
2022-11-27 23:00:00,27.0833333333333,271.383333333333,85.6963274350421,3.43145710241786
2022-11-28 00:00:00,23.3,271.55,95.0287119179352,4.20453557413224
2022-11-28 01:00:00,22.8333333333333,271.65,78.0154372607149,3.73490847755506
2022-11-28 02:00:00,29.5833333333333,271.65,52.940899196475,5.61131157058564
2022-11-28 03:00:00,33.3,271.083333333333,43.2000887866245,5.69185449871487
2022-11-28 04:00:00,49.55,269.916666666667,42.4190024951907,4.09816568473802
2022-11-28 05:00:00,45.55,269.366666666667,44.3945885981374,3.76221816171553
2022-11-28 06:00:00,58.2166666666667,268.95,98.9027705868963,2.43100107990801
2022-11-28 07:00:00,72.1333333333333,267.816666666667,121.018252898793,4.91315184279513
2022-11-28 08:00:00,88.4333333333333,268.066666666667,129.348608225465,2.84310981219393
2022-11-28 09:00:00,93.9,267.633333333333,129.487316812045,3.79988401565315
2022-11-28 10:00:00,81.7666666666667,268.433333333333,105.330759768594,5.22070132582131
2022-11-28 11:00:00,91.0666666666667,268.133333333333,115.896675729592,2.01801759221306
2022-11-28 12:00:00,98.7,268.066666666667,118.919429841914,2.78785652381328
2022-11-28 13:00:00,92.2166666666667,267.916666666667,6.8438151145707,1.67239813199232
2022-11-28 14:00:00,92.9166666666667,268.35,23.974567416062,0.88111301087511
2022-11-28 15:00:00,98.8333333333333,267.733333333333,87.30160493407,1.97067323027779
2022-11-28 16:00:00,98.7833333333334,267.5,99.8826869552546,4.63115503884359
2022-11-28 17:00:00,100.683333333333,266.983333333333,106.56400853244,3.18336713930058
2022-11-28 18:00:00,100.7,266.85,109.930054757182,2.21519038108674
2022-11-28 19:00:00,100.683333333333,266.766666666667,106.336304513955,1.50960889689417
2022-11-28 20:00:00,100.65,266.8,19.5171914798976,1.24542493051621
2022-11-28 21:00:00,100.6,266.716666666667,38.1732692313492,2.44434022161366
2022-11-28 22:00:00,100.6,266.666666666667,38.0613244878033,1.77279539110275
2022-11-28 23:00:00,100.6,266.65,48.4700228714717,1.93299447487028
2022-11-29 00:00:00,100.6,266.65,9.81628021225151,1.5931504718234
2022-11-29 01:00:00,100.6,266.6,343.882125084693,1.54330171374217
2022-11-29 02:00:00,100.583333333333,266.516666666667,338.292002131264,2.20935030417517
2022-11-29 03:00:00,100.5,266.366666666667,324.150818151232,3.36042636227797
2022-11-29 04:00:00,100.4,266.083333333333,311.10986726738,3.40030565267993
2022-11-29 05:00:00,100.366666666667,265.916666666667,314.894785790197,3.36417983021589
2022-11-29 06:00:00,100.283333333333,265.7,305.686839162971,2.85146866721563
2022-11-29 07:00:00,100.2,265.466666666667,268.08534630522,2.69942726440988
2022-11-29 08:00:00,100.2,265.416666666667,249.788597354164,3.28412384727668
2022-11-29 09:00:00,100.2,265.466666666667,257.307059289375,3.30769589086058
2022-11-29 10:00:00,100.283333333333,265.9,290.201502536333,2.55120557292272
2022-11-29 11:00:00,100.333333333333,266.35,298.767958385942,1.64695258894161
2022-11-29 12:00:00,100.4,266.783333333333,288.101385562868,1.66683629853796
2022-11-29 13:00:00,100.433333333333,266.816666666667,305.942558359948,1.87737326666465
2022-11-29 14:00:00,100.35,266.683333333333,293.123763536556,2.45257368051232
2022-11-29 15:00:00,100.233333333333,266.133333333333,284.271487062471,2.65680126491285
2022-11-29 16:00:00,100.183333333333,265.483333333333,271.24384329973,3.27926923770627
2022-11-29 17:00:00,100.1,265.166666666667,286.662521465964,3.16185045794028
2022-11-29 18:00:00,100.1,265.05,303.014571757544,2.3886571910544
2022-11-29 19:00:00,100.1,265.05,291.976560715577,2.0966288455686
2022-11-29 20:00:00,100.1,265.1,282.643593867654,1.46123954406694
2022-11-29 21:00:00,100.1,265.033333333333,265.355495546898,1.34241214262554
2022-11-29 22:00:00,100.1,265.033333333333,247.14836530318,1.3960037387791
2022-11-29 23:00:00,100.1,265.1,263.387278325933,1.38356808591186
2022-11-30 00:00:00,100.1,265.066666666667,261.239295468929,1.1408067055939
2022-11-30 01:00:00,100.083333333333,264.95,250.610242159288,0.99937576705156
2022-11-30 02:00:00,100.0,264.766666666667,263.094188291352,0.867712138332895
2022-11-30 03:00:00,100.0,264.75,235.496902907703,0.886365218193957
2022-11-30 04:00:00,99.95,264.566666666667,232.934438161628,1.27710029743581
2022-11-30 05:00:00,99.9,264.4,239.05166507989,1.19675801807119
2022-11-30 06:00:00,99.9,264.35,251.164000251315,0.669167262096905
2022-11-30 07:00:00,99.8166666666667,264.183333333333,296.220009154254,0.532917207905387
2022-11-30 08:00:00,99.8,263.983333333333,232.266902413543,1.12448881136244
2022-11-30 09:00:00,100.133333333333,265.35,222.549885926692,0.939189758023658
2022-11-30 10:00:00,100.416666666667,267.516666666667,234.865212603925,0.781144415381091
2022-11-30 11:00:00,100.716666666667,269.45,210.0,0.0083333333333333
2022-11-30 12:00:00,100.016666666667,269.283333333333,,0.0
2022-11-30 13:00:00,99.35,266.633333333333,,0.0
2022-11-30 14:00:00,99.6833333333333,266.666666666667,,0.0
2022-11-30 15:00:00,99.7,265.033333333333,,0.0
2022-11-30 16:00:00,99.65,264.333333333333,,0.0
2022-11-30 17:00:00,99.7,263.566666666667,,0.0
2022-11-30 18:00:00,99.7333333333333,263.616666666667,,0.0
2022-11-30 19:00:00,99.6833333333333,263.466666666667,,0.0
2022-11-30 20:00:00,99.7,263.4,,0.0
2022-11-30 21:00:00,99.6833333333333,263.35,,0.0
2022-11-30 22:00:00,99.5833333333333,263.25,,0.0
2022-11-30 23:00:00,99.7333333333334,263.516666666667,,0.0
2022-12-01 00:00:00,99.65,263.433333333333,,0.0
2022-12-01 01:00:00,99.7,263.533333333333,,0.0
2022-12-01 02:00:00,99.6666666666667,263.483333333333,,0.0
2022-12-01 03:00:00,99.6166666666667,263.333333333333,,0.0
2022-12-01 04:00:00,99.5833333333333,263.216666666667,,0.0
2022-12-01 05:00:00,99.5,263.016666666667,,0.0
2022-12-01 06:00:00,99.7,263.533333333333,,0.0
2022-12-01 07:00:00,99.7,263.483333333333,,0.0
2022-12-01 08:00:00,99.6,263.366666666667,,0.0
2022-12-01 09:00:00,99.7833333333334,264.916666666667,,0.0
2022-12-01 10:00:00,100.466666666667,269.483333333333,,0.0
2022-12-01 11:00:00,100.35,270.0,,0.0
2022-12-01 12:00:00,99.0,266.866666666667,140.769392862078,0.534712943278986
2022-12-01 13:00:00,95.25,267.533333333333,60.3726183433452,1.01602617490515
2022-12-01 14:00:00,81.3666666666667,266.35,44.9334463154251,2.1925111786765
2022-12-01 15:00:00,84.3333333333333,266.233333333333,33.8465622076153,1.74163125249561
2022-12-01 16:00:00,74.8666666666667,266.6,46.0595151874907,1.13609564519991
2022-12-01 17:00:00,98.2,265.7,358.56321099716,0.741296941289603
2022-12-01 18:00:00,99.0,263.5,10.8616157957754,0.194806265049746
2022-12-01 19:00:00,87.2833333333334,264.033333333333,189.385389312479,0.429822211622178
2022-12-01 20:00:00,91.6166666666667,264.716666666667,36.3416017905622,0.835905386771847
2022-12-01 21:00:00,86.7,264.85,32.0975697704332,0.784635515818917
2022-12-01 22:00:00,97.3333333333333,264.25,13.0997327086151,0.726897164781412
2022-12-01 23:00:00,88.2166666666667,264.85,26.2476127276093,0.739285009668239
2022-12-02 00:00:00,64.35,266.166666666667,151.424898249086,0.647070796541335
2022-12-02 01:00:00,52.65,266.833333333333,130.942466211168,1.75367434102908
2022-12-02 02:00:00,53.1833333333333,267.083333333333,94.2664886601797,0.757710367266163
2022-12-02 03:00:00,51.4666666666667,267.116666666667,119.982794936173,1.95912642725623
2022-12-02 04:00:00,53.1833333333333,266.983333333333,134.357650056018,1.4241674324621
2022-12-02 05:00:00,57.45,267.233333333333,96.0883754527367,1.52255830628071
2022-12-02 06:00:00,58.6666666666667,266.7,186.685157441221,0.146617265594851
2022-12-02 07:00:00,61.75,266.65,181.106662334612,0.792003431717186
2022-12-02 08:00:00,71.85,265.966666666667,162.753493114602,1.68781553187914
2022-12-02 09:00:00,91.8,265.566666666667,112.762841681061,1.66560149600113
2022-12-02 10:00:00,99.9333333333333,265.866666666667,37.9026009480116,3.20207197212818
2022-12-02 11:00:00,100.266666666667,266.033333333333,45.5330098410785,2.6358241031184
2022-12-02 12:00:00,100.016666666667,266.483333333333,89.1928553629731,0.441790154643292
2022-12-02 13:00:00,99.7833333333334,266.85,63.04631760643,0.302012677191121
2022-12-02 14:00:00,99.8166666666667,266.383333333333,155.110207928109,0.391409431252445
2022-12-02 15:00:00,99.7,265.8,47.9744030773683,2.46290645177319
2022-12-02 16:00:00,99.9666666666667,265.15,45.2254224242523,2.26729953679121
2022-12-02 17:00:00,100.0,264.65,44.3324783513551,2.16785601387193
2022-12-02 18:00:00,99.9166666666667,264.366666666667,76.4051327456737,1.82729119878987
2022-12-02 19:00:00,99.8666666666667,264.083333333333,64.2667314647903,2.07470664173835
2022-12-02 20:00:00,99.7166666666667,263.683333333333,97.0600735012125,2.98648317897195
2022-12-02 21:00:00,99.4666666666667,263.416666666667,89.6328544027564,3.22232940147503
2022-12-02 22:00:00,96.5833333333333,263.233333333333,96.656451923137,5.78476208861377
2022-12-02 23:00:00,79.2333333333333,263.483333333333,89.7374501770651,5.58956903003887
2022-12-03 00:00:00,76.1,263.483333333333,100.860573599937,5.40266607187409
2022-12-03 01:00:00,65.9833333333333,264.016666666667,116.169332388654,5.06607328970969
2022-12-03 02:00:00,59.0333333333333,264.483333333333,107.355483216785,5.86131589680804
2022-12-03 03:00:00,59.2,264.316666666667,98.4943927891604,6.5692664713347
2022-12-03 04:00:00,54.0,264.883333333333,97.4331139805477,6.47467366549539
2022-12-03 05:00:00,57.3166666666667,264.483333333333,88.6093166475949,4.08412340091346
2022-12-03 06:00:00,54.8833333333333,264.466666666667,98.606185607561,4.55731595300326
2022-12-03 07:00:00,55.5666666666667,264.15,95.1462950251745,4.5100555392327
2022-12-03 08:00:00,53.5166666666667,264.55,83.0799737779825,2.80657665099816
2022-12-03 09:00:00,55.95,265.616666666667,95.7554690096026,5.8962231020376
2022-12-03 10:00:00,66.9833333333333,266.4,101.721399409765,8.56492928269555
2022-12-03 11:00:00,74.6833333333333,266.283333333333,105.080640462616,7.68665643352061
2022-12-03 12:00:00,71.5166666666667,267.75,107.567965149229,9.23202879330492
2022-12-03 13:00:00,71.6333333333333,268.1,110.500704240175,9.31610436977139
2022-12-03 14:00:00,72.4333333333333,268.283333333333,107.139129174395,9.94011112724475
2022-12-03 15:00:00,69.5,268.55,102.31500986562,7.90594358917819
2022-12-03 16:00:00,72.7166666666667,268.35,112.027105326156,7.12864450752076
2022-12-03 17:00:00,77.2333333333333,267.883333333333,104.343552330644,7.61203587687011
2022-12-03 18:00:00,79.3166666666667,267.6,105.605346426639,5.81234269945586
2022-12-03 19:00:00,75.75,268.183333333333,101.734186652249,8.09930654677048
2022-12-03 20:00:00,72.1,268.516666666667,97.6742289799659,8.9035931337878
2022-12-03 21:00:00,73.4666666666667,268.75,93.8802019256028,7.60071067418816
2022-12-03 22:00:00,82.2666666666667,268.366666666667,107.40650723744,6.8394993645913
2022-12-03 23:00:00,76.8,268.583333333333,104.085408006208,6.90650557777564
2022-12-04 00:00:00,74.15,268.883333333333,108.923227026222,7.11940950898623
2022-12-04 01:00:00,80.8833333333334,268.366666666667,112.876592874116,4.78343408616599
2022-12-04 02:00:00,86.9166666666667,268.416666666667,111.665904475622,5.76602580537598
2022-12-04 03:00:00,83.9166666666667,268.533333333333,110.803604150296,3.65390186945158
2022-12-04 04:00:00,77.0833333333333,268.75,111.313954484925,5.79148569111221
2022-12-04 05:00:00,77.65,268.866666666667,107.018567026959,7.55207283942195
2022-12-04 06:00:00,75.35,269.0,102.817284820753,5.73369195415958
2022-12-04 07:00:00,75.8333333333333,268.866666666667,156.367474239742,1.28714462147844
2022-12-04 08:00:00,76.8333333333333,268.95,97.5269722968527,1.4997224374305
2022-12-04 09:00:00,78.5,269.133333333333,185.973204621254,2.1222991216439
2022-12-04 10:00:00,76.5333333333334,269.866666666667,190.727525268577,1.95670509978856
2022-12-04 11:00:00,99.0,268.966666666667,334.906699615947,0.729808263953234
2022-12-04 12:00:00,100.183333333333,269.716666666667,141.2297108071,1.07185270948065
2022-12-04 13:00:00,100.666666666667,269.683333333333,158.298557576258,2.72508604749193
2022-12-04 14:00:00,100.983333333333,269.45,125.293457056259,1.54988993708802
2022-12-04 15:00:00,100.8,269.2,55.8888258145126,1.14636970632777
2022-12-04 16:00:00,100.75,268.633333333333,116.211999509877,5.29232602128939
2022-12-04 17:00:00,91.7333333333334,268.8,101.707039415358,7.64921607779726
2022-12-04 18:00:00,82.3166666666667,269.116666666667,83.3136963659273,6.90497041332706
2022-12-04 19:00:00,74.5166666666667,268.783333333333,88.5882022587024,6.73923156742386
2022-12-04 20:00:00,69.5166666666667,268.433333333333,92.171678157671,6.11861749367233
2022-12-04 21:00:00,66.0833333333333,268.016666666667,88.8949770442885,8.22345344895001
2022-12-04 22:00:00,67.9833333333333,267.766666666667,98.151778608375,8.48813208243264
2022-12-04 23:00:00,67.7166666666667,267.75,89.6802804598976,6.38277814668906
2022-12-05 00:00:00,69.7666666666667,267.716666666667,107.219355033489,8.86355161524393
2022-12-05 01:00:00,66.7166666666667,267.85,109.348901909496,8.52637164609836
2022-12-05 02:00:00,67.6333333333334,267.75,111.576080747698,8.41904080894239
2022-12-05 03:00:00,64.6666666666667,268.116666666667,105.781692043932,10.4205973556471
2022-12-05 04:00:00,69.75,267.95,109.140591663698,8.28596393148238
2022-12-05 05:00:00,75.7666666666667,267.8,108.728963242375,7.43176416818363
2022-12-05 06:00:00,84.2,267.316666666667,113.889332091895,6.43933881218727
2022-12-05 07:00:00,95.5166666666667,266.883333333333,103.312406854116,6.78223875536755
2022-12-05 08:00:00,88.4166666666667,267.266666666667,97.0600165362209,5.61612427497016
2022-12-05 09:00:00,84.55,267.15,105.281436766214,5.45810783185436
2022-12-05 10:00:00,82.5,267.4,105.197478714737,6.10276213965881
2022-12-05 11:00:00,80.1666666666667,267.583333333333,107.146455462993,6.30090995335587
2022-12-05 12:00:00,75.9333333333333,267.683333333333,102.118933555656,6.09300600654395
2022-12-05 13:00:00,99.0666666666667,266.633333333333,124.932736370389,2.58479080390093
2022-12-05 14:00:00,100.016666666667,266.683333333333,158.998617540102,0.737751434624319
2022-12-05 15:00:00,99.4333333333334,263.666666666667,298.046332561845,5.0795973652404
2022-12-05 16:00:00,99.2166666666667,261.933333333333,323.052225779307,6.66161879352325
2022-12-05 17:00:00,99.2333333333333,261.9,339.800932355037,2.82858517584409
2022-12-05 18:00:00,99.15,261.583333333333,343.780953175687,3.23578612046182
2022-12-05 19:00:00,99.0333333333334,261.083333333333,339.758620134995,3.40013863402769
2022-12-05 20:00:00,99.0,260.916666666667,353.104074772966,1.99944849158652
2022-12-05 21:00:00,99.0,260.8,336.098842838489,2.91597875516682
2022-12-05 22:00:00,99.0,260.916666666667,53.7661843319146,1.16846840999539
2022-12-05 23:00:00,99.0,260.866666666667,39.6206814211724,1.96684046036683
2022-12-06 00:00:00,99.0,260.8,8.2908368717417,2.12723076953086
2022-12-06 01:00:00,98.9166666666667,260.633333333333,52.7867253390174,3.00783507623389
2022-12-06 02:00:00,98.55,260.4,82.1888359922775,2.94616800223797
2022-12-06 03:00:00,88.85,260.466666666667,61.0158556017266,2.80201124433744
2022-12-06 04:00:00,76.4166666666667,260.8,77.5395066972818,2.70361440694502
2022-12-06 05:00:00,61.0666666666667,261.516666666667,76.3052689157277,3.03955675635593
2022-12-06 06:00:00,53.1833333333333,262.066666666667,65.719915064786,2.98565409618556
2022-12-06 07:00:00,53.8,262.833333333333,63.0486687755898,3.64573512987948
2022-12-06 08:00:00,58.0833333333333,263.333333333333,67.0384768640382,3.91612576363366
2022-12-06 09:00:00,59.5833333333333,264.266666666667,76.2942996653628,3.78892861716463
2022-12-06 10:00:00,62.8333333333333,264.833333333333,58.2539474072893,5.44003485544921
2022-12-06 11:00:00,64.5166666666667,265.55,59.9054539318925,4.76479449590847
2022-12-06 12:00:00,71.1333333333333,265.716666666667,55.6789410924936,5.81323470387666
2022-12-06 13:00:00,76.8333333333333,265.733333333333,51.763495494074,6.82399246577971
2022-12-06 14:00:00,75.05,266.133333333333,58.1947138419108,5.35156322811071
2022-12-06 15:00:00,72.6333333333334,266.6,55.5054776794003,5.1873277657719
2022-12-06 16:00:00,70.15,266.816666666667,46.0552519300849,4.56516833828636
2022-12-06 17:00:00,72.1333333333334,266.083333333333,30.8165572453711,4.19682229268877
2022-12-06 18:00:00,73.85,265.733333333333,30.7387853011949,3.24689701771987
2022-12-06 19:00:00,74.7,265.516666666667,30.1076792529994,5.24389906135235
2022-12-06 20:00:00,74.6833333333333,265.3,33.9420975187764,4.94155294469483
2022-12-06 21:00:00,74.4666666666667,265.183333333333,55.0027325033343,3.24098557831827
2022-12-06 22:00:00,71.35,265.366666666667,32.0145988062459,5.36536806634598
2022-12-06 23:00:00,72.1333333333333,265.283333333333,51.1184193969337,6.12478793322605
2022-12-07 00:00:00,72.15,265.35,42.581422987988,4.38238370989083
2022-12-07 01:00:00,71.7,265.266666666667,39.2950909954967,4.68584767178324
2022-12-07 02:00:00,71.2,265.1,45.4140461826063,6.44416343743844
2022-12-07 03:00:00,70.3,264.983333333333,28.5658971039923,5.54540129428918
2022-12-07 04:00:00,70.9,264.766666666667,14.1823776441279,5.73069634735854
2022-12-07 05:00:00,71.3666666666667,264.5,16.3178919775684,6.1544058258785
2022-12-07 06:00:00,72.5833333333333,264.233333333333,9.26452224997331,5.43550946489025
2022-12-07 07:00:00,71.8666666666667,264.133333333333,20.9735941347533,6.21642549942821
2022-12-07 08:00:00,72.0666666666667,264.05,32.8934166694498,5.10881523385344
2022-12-07 09:00:00,74.7833333333333,263.8,17.8304920176033,3.60041414727599
2022-12-07 10:00:00,86.0833333333333,263.816666666667,337.588326055111,2.43719521982785
2022-12-07 11:00:00,85.6666666666667,264.783333333333,23.4109854438751,0.675307697771655
2022-12-07 12:00:00,98.6,264.316666666667,105.408777675235,1.76266312311195
2022-12-07 13:00:00,92.0666666666667,264.866666666667,73.3535842424731,1.87672050509105
2022-12-07 14:00:00,83.05,264.683333333333,55.7122337017075,3.31843113668994
2022-12-07 15:00:00,75.5333333333334,264.383333333333,59.425711645271,4.08637816500058
2022-12-07 16:00:00,64.9333333333333,264.133333333333,57.7034874816378,4.42954336727991
2022-12-07 17:00:00,58.0,263.383333333333,66.1760985466219,4.17796659149912
2022-12-07 18:00:00,56.6833333333333,262.933333333333,62.3476036626497,5.11713156545091
2022-12-07 19:00:00,49.3333333333333,263.066666666667,69.9779463816055,4.74761939295621
2022-12-07 20:00:00,36.9666666666667,263.516666666667,92.7397340272782,3.35494456927573
2022-12-07 21:00:00,30.4166666666667,263.966666666667,80.6515921614797,3.68364264323179
2022-12-07 22:00:00,26.8,264.283333333333,88.8418087663112,4.65412790569098
2022-12-07 23:00:00,25.6,264.6,85.820347812195,4.40128118578562
2022-12-08 00:00:00,24.2833333333333,264.516666666667,76.8561972502807,3.79240221294273
2022-12-08 01:00:00,21.0833333333333,264.683333333333,72.58477980103,5.32358146088359
2022-12-08 02:00:00,21.2166666666667,264.8,73.5948548840487,6.5013598966729
2022-12-08 03:00:00,21.3666666666667,264.783333333333,85.9071712536606,4.81807288241523
2022-12-08 04:00:00,22.3,264.7,75.7409375012669,4.30037692644693
2022-12-08 05:00:00,26.75,264.4,68.3077338966653,5.26973205233146
2022-12-08 06:00:00,31.7666666666667,264.25,67.2669511278307,4.48337368569847
2022-12-08 07:00:00,36.8833333333333,264.133333333333,68.8393833319003,4.38152476590553
2022-12-08 08:00:00,34.5,264.25,62.5880989925109,5.92542047369946
2022-12-08 09:00:00,34.0833333333333,264.733333333333,58.0530568574484,6.91330297850364
2022-12-08 10:00:00,30.8833333333333,265.516666666667,62.3529611859794,6.22436830735638
2022-12-08 11:00:00,29.4166666666667,266.2,68.9365169589588,5.65511089416899
2022-12-08 12:00:00,32.0833333333333,266.45,65.7342679787177,5.97358260598185
2022-12-08 13:00:00,33.2166666666667,266.616666666667,64.9852626649587,6.36450378350016
2022-12-08 14:00:00,34.7333333333333,266.716666666667,67.6017002509781,5.18466323197309
2022-12-08 15:00:00,37.5833333333333,266.316666666667,60.3234458082442,5.68620564804426
2022-12-08 16:00:00,38.4,266.05,62.3727107899089,5.00362020448156
2022-12-08 17:00:00,43.65,264.833333333333,62.3296255069932,5.79107571739602
2022-12-08 18:00:00,43.3833333333333,264.5,85.1556059524799,5.53819363226547
2022-12-08 19:00:00,42.3666666666667,265.033333333333,60.8172154344823,7.77123695360924
2022-12-08 20:00:00,44.3,265.15,55.8757616394757,7.24735787038028
2022-12-08 21:00:00,41.3,264.816666666667,72.1260149622821,5.68068626864001
2022-12-08 22:00:00,40.05,264.7,81.5856039514736,6.07231408653234
2022-12-08 23:00:00,44.9166666666667,265.083333333333,66.0609099389296,9.02328959467827
2022-12-09 00:00:00,49.75,265.333333333333,65.5983124129514,8.82041763983927
2022-12-09 01:00:00,50.5166666666667,265.516666666667,67.4180384800048,6.40934145259187
2022-12-09 02:00:00,51.1333333333333,265.816666666667,70.040198000959,7.19405879253305
2022-12-09 03:00:00,57.8833333333333,266.183333333333,76.6220436404646,10.5151389730432
2022-12-09 04:00:00,67.6166666666667,265.933333333333,90.3180562846145,6.9494699967944
2022-12-09 05:00:00,74.9666666666667,266.283333333333,85.0371903746187,7.71631628921316
2022-12-09 06:00:00,79.2666666666667,266.333333333333,101.571352486283,5.5694948633615
2022-12-09 07:00:00,73.0833333333333,267.633333333333,87.0529058913498,3.78726867932351
2022-12-09 08:00:00,74.2166666666667,267.983333333333,79.0401521049237,5.15278834338578
2022-12-09 09:00:00,76.0666666666667,268.4,76.3660736263175,2.7488855516579
2022-12-09 10:00:00,78.4166666666667,268.766666666667,79.9011302320472,4.55668611359843
2022-12-09 11:00:00,89.4833333333333,268.633333333333,89.7300834523315,7.48649701312061
2022-12-09 12:00:00,98.1666666666667,268.5,87.4611129040595,7.60216612827491
2022-12-09 13:00:00,95.9833333333333,268.966666666667,87.9983654521176,6.49601880357537
2022-12-09 14:00:00,80.2666666666667,269.816666666667,80.094984220175,6.61797642457151
2022-12-09 15:00:00,99.05,268.666666666667,85.249638705599,6.9375983522462
2022-12-09 16:00:00,99.0833333333333,268.8,71.9053671949431,5.36557570329549
2022-12-09 17:00:00,100.683333333333,268.166666666667,69.8023321860919,3.24637915769869
2022-12-09 18:00:00,101.066666666667,267.95,48.5585564094929,5.24668212527357
2022-12-09 19:00:00,101.133333333333,268.083333333333,45.9365999509845,5.64941242167054
2022-12-09 20:00:00,101.1,267.866666666667,49.3962624023012,5.38607706866694
2022-12-09 21:00:00,101.066666666667,267.833333333333,53.7474340322098,4.76902263909288
2022-12-09 22:00:00,101.0,267.733333333333,63.8650486353987,3.92892906435633
2022-12-09 23:00:00,101.0,267.65,48.8740999673399,2.57281509345184
2022-12-10 00:00:00,100.916666666667,267.533333333333,77.1727952587072,1.77209192345055
2022-12-10 01:00:00,100.866666666667,267.316666666667,58.5129309477185,2.4611613691317
2022-12-10 02:00:00,100.833333333333,267.25,41.3358138639042,2.85713942524545
2022-12-10 03:00:00,100.7,266.9,46.1916196892025,1.09870394172205
2022-12-10 04:00:00,100.683333333333,266.766666666667,33.8134947827967,1.29996803487068
2022-12-10 05:00:00,100.566666666667,266.55,3.30466454891177,0.242932114113035
2022-12-10 06:00:00,100.383333333333,266.05,336.780086474807,1.81507034586969
2022-12-10 07:00:00,100.3,265.566666666667,331.058168774576,2.17110526106271
2022-12-10 08:00:00,100.3,265.7,208.234864714607,0.356569524308842
2022-12-10 09:00:00,100.316666666667,265.833333333333,93.8397318583008,0.340182656093956
2022-12-10 10:00:00,100.283333333333,265.966666666667,24.1573753509795,0.68177844514509
2022-12-10 11:00:00,100.333333333333,266.1,,0.0
2022-12-10 12:00:00,100.616666666667,267.1,,0.0
2022-12-10 13:00:00,100.233333333333,266.233333333333,341.926744314869,1.32425799361514
2022-12-10 14:00:00,100.016666666667,265.333333333333,329.023627389592,3.29711541696328
2022-12-10 15:00:00,100.05,265.166666666667,333.081009530951,2.36182693688803
2022-12-10 16:00:00,99.8666666666667,264.45,346.317618215222,3.07757869979595
2022-12-10 17:00:00,99.4666666666667,262.966666666667,332.190273209441,3.61984287031307
2022-12-10 18:00:00,99.2166666666667,261.766666666667,334.896855440374,3.49041029993682
2022-12-10 19:00:00,99.1,261.1,340.935969478951,2.31384396362961
2022-12-10 20:00:00,99.0,260.6,343.893806747232,1.44704883465411
2022-12-10 21:00:00,98.9333333333333,260.25,338.094284995022,0.902184380760578
2022-12-10 22:00:00,98.8,259.716666666667,327.350740825842,0.696289857225602
2022-12-10 23:00:00,98.6833333333333,259.266666666667,331.292135705381,0.579137711163172
2022-12-11 00:00:00,98.5833333333333,258.866666666667,341.0,0.0316666666666667
2022-12-11 01:00:00,98.5,258.45,,0.0
2022-12-11 02:00:00,97.9666666666667,257.966666666667,,0.0
2022-12-11 03:00:00,97.0166666666667,257.616666666667,,0.0
2022-12-11 04:00:00,96.05,257.283333333333,,0.0
2022-12-11 05:00:00,95.1833333333333,256.933333333333,,0.0
2022-12-11 06:00:00,94.35,256.616666666667,,0.0
2022-12-11 07:00:00,93.0666666666667,256.183333333333,,0.0
2022-12-11 08:00:00,91.8,255.666666666667,,0.0
2022-12-11 09:00:00,90.4,255.083333333333,,0.0
2022-12-11 10:00:00,95.0,256.85,,0.0
2022-12-11 11:00:00,92.4833333333333,257.016666666667,,0.0
2022-12-11 12:00:00,93.5333333333334,259.166666666667,,0.0
2022-12-11 13:00:00,96.3,260.916666666667,,0.0
2022-12-11 14:00:00,97.4666666666667,263.45,,0.0
2022-12-11 15:00:00,91.7666666666667,259.983333333333,,0.0
2022-12-11 16:00:00,89.5666666666667,257.95,,0.0
2022-12-11 17:00:00,86.9,255.4,,0.0
2022-12-11 18:00:00,88.0333333333334,253.883333333333,,0.0
2022-12-11 19:00:00,87.3,253.583333333333,,0.0
2022-12-11 20:00:00,85.8333333333333,253.15,,0.0
2022-12-11 21:00:00,84.4166666666667,252.45,,0.0
2022-12-11 22:00:00,83.9666666666667,252.333333333333,,0.0
2022-12-11 23:00:00,84.5333333333333,252.45,,0.0
2022-12-12 00:00:00,85.8333333333333,252.966666666667,,0.0
2022-12-12 01:00:00,85.6666666666667,252.95,,0.0
2022-12-12 02:00:00,85.7833333333334,253.183333333333,,0.0
2022-12-12 03:00:00,84.9,253.25,,0.0
2022-12-12 04:00:00,83.4166666666667,253.483333333333,,0.0
2022-12-12 05:00:00,81.3166666666667,253.65,,0.0
2022-12-12 06:00:00,77.35,253.816666666667,,0.0
2022-12-12 07:00:00,77.6666666666667,254.0,,0.0
2022-12-12 08:00:00,77.9833333333333,254.35,,0.0
2022-12-12 09:00:00,79.15,254.916666666667,,0.0
2022-12-12 10:00:00,79.0333333333334,255.3,,0.0
2022-12-12 11:00:00,77.7,256.35,,0.0
2022-12-12 12:00:00,74.1,258.033333333333,,0.0
2022-12-12 13:00:00,73.5833333333333,258.25,,0.0
2022-12-12 14:00:00,76.4333333333333,257.433333333333,,0.0
2022-12-12 15:00:00,74.6666666666667,258.166666666667,,0.0
2022-12-12 16:00:00,73.9333333333333,258.366666666667,,0.0
2022-12-12 17:00:00,75.4666666666667,256.166666666667,,0.0
2022-12-12 18:00:00,77.9,255.583333333333,,0.0
2022-12-12 19:00:00,77.6333333333334,255.566666666667,,0.0
2022-12-12 20:00:00,73.3333333333333,255.733333333333,,0.0
2022-12-12 21:00:00,70.4833333333333,255.883333333333,,0.0
2022-12-12 22:00:00,65.4,255.966666666667,,0.0
2022-12-12 23:00:00,60.6666666666667,256.233333333333,,0.0
2022-12-13 00:00:00,51.65,256.75,,0.0
2022-12-13 01:00:00,44.85,257.083333333333,93.5691168447602,3.3654546538363
2022-12-13 02:00:00,42.0333333333333,257.433333333333,91.2660959376109,5.78246870937835
2022-12-13 03:00:00,41.05,257.833333333333,91.5885341318855,5.82104273584156
2022-12-13 04:00:00,44.1166666666667,258.233333333333,80.4111089440131,6.35375970460741
2022-12-13 05:00:00,47.4166666666667,258.383333333333,80.1449077403763,6.04263802879997
2022-12-13 06:00:00,48.3166666666667,258.516666666667,92.4629437545991,6.37740551084932
2022-12-13 07:00:00,50.75,258.883333333333,90.1075507610798,5.50946262589051
2022-12-13 08:00:00,55.5,259.833333333333,91.580559562424,6.05878752967785
2022-12-13 09:00:00,74.4333333333333,260.2,87.5583601123527,5.36773482413719
2022-12-13 10:00:00,88.4166666666667,260.55,94.5943282319266,5.87562271416471
2022-12-13 11:00:00,83.1166666666667,261.366666666667,89.9400579076402,5.41173915737335
2022-12-13 12:00:00,85.75,262.15,83.8541457719643,5.24812701831384
2022-12-13 13:00:00,90.55,262.933333333333,70.7487923412335,5.22017380694529
2022-12-13 14:00:00,96.95,263.566666666667,67.6902582830503,6.42360200249456
2022-12-13 15:00:00,99.0166666666667,264.066666666667,64.1014309066453,7.0337159600545
2022-12-13 16:00:00,99.6833333333333,264.45,62.9438939613091,7.35284980869937
2022-12-13 17:00:00,99.6,264.966666666667,67.2823859161205,6.54554146390273
2022-12-13 18:00:00,99.8,265.266666666667,75.449706254825,6.13522692379558
2022-12-13 19:00:00,99.7166666666667,265.816666666667,71.7922800333884,6.42324803742112
2022-12-13 20:00:00,99.4166666666667,266.416666666667,68.2325592875438,6.65277698838801
2022-12-13 21:00:00,99.6,266.833333333333,67.0799963167779,7.51124609173162
2022-12-13 22:00:00,99.15,267.283333333333,61.1006131932846,8.60401227185108
2022-12-13 23:00:00,96.75,267.616666666667,58.159315503512,8.00208539627579
2022-12-14 00:00:00,84.0666666666667,268.066666666667,63.5407867072767,6.95006462981996
2022-12-14 01:00:00,78.0833333333333,268.366666666667,62.1015758150088,6.02324936814028
2022-12-14 02:00:00,73.6333333333333,268.483333333333,60.5638974416176,5.51806198805627
2022-12-14 03:00:00,69.8333333333333,268.65,57.9720415576919,6.92224766175968
2022-12-14 04:00:00,92.0333333333333,267.616666666667,51.1376703170073,7.33483777288839
2022-12-14 05:00:00,82.9166666666667,268.15,56.0002255618546,8.79876458150989
2022-12-14 06:00:00,70.4333333333333,268.6,46.2901057971666,9.70416415244742
2022-12-14 07:00:00,68.5166666666667,268.45,33.3658651204286,6.99530243579541
2022-12-14 08:00:00,70.0833333333333,268.333333333333,42.2054329079232,8.11379361744887
2022-12-14 09:00:00,69.0833333333333,268.583333333333,56.342350008713,8.67307338261247
2022-12-14 10:00:00,68.7333333333333,268.866666666667,52.6005028750544,9.03412246084884
2022-12-14 11:00:00,66.5666666666667,269.583333333333,69.202786226638,7.25975435322437
2022-12-14 12:00:00,63.8333333333333,270.066666666667,72.6970068700839,7.3885640082361
2022-12-14 13:00:00,60.8333333333333,270.333333333333,67.0219590242718,8.15738685104631
2022-12-14 14:00:00,58.2833333333333,270.366666666667,57.0176281977892,8.41129324576951
2022-12-14 15:00:00,58.9666666666667,270.25,61.6690093350345,7.12491571840653
2022-12-14 16:00:00,62.3,269.816666666667,52.6815405254076,7.57016202292087
2022-12-14 17:00:00,66.0,269.516666666667,59.4848328749245,8.01138230434962
2022-12-14 18:00:00,73.2333333333333,268.933333333333,36.6617690763009,7.25305502032268
2022-12-14 19:00:00,72.0166666666667,269.083333333333,41.265862617303,9.5765675822862
2022-12-14 20:00:00,71.6166666666667,268.85,30.4727106172061,9.52944842898955
2022-12-14 21:00:00,72.2833333333333,268.6,39.3770170123688,9.85414024455148
2022-12-14 22:00:00,72.4,268.683333333333,39.7502781389989,10.4395793284683
2022-12-14 23:00:00,73.3,268.683333333333,36.3493971109601,8.97055256888605
2022-12-15 00:00:00,71.5,268.8,61.289758567355,6.78437666212046
2022-12-15 01:00:00,68.5333333333334,269.25,60.2444126855119,8.13365782155781
2022-12-15 02:00:00,70.6333333333333,269.416666666667,48.0643928737679,7.92941932802846
2022-12-15 03:00:00,68.05,269.45,48.0718391495917,9.28847492356337
2022-12-15 04:00:00,61.7166666666667,269.55,51.0268393588087,9.47520595933095
2022-12-15 05:00:00,60.3333333333333,269.433333333333,45.7708734150949,8.48641666168873
2022-12-15 06:00:00,60.6333333333333,269.216666666667,60.8267134358516,6.30771666751081
2022-12-15 07:00:00,61.0833333333333,269.183333333333,63.9675920703834,5.68572867183696
2022-12-15 08:00:00,58.8166666666667,269.283333333333,81.6645260503772,5.49856194185785
2022-12-15 09:00:00,51.7,269.6,83.3646097626455,5.44014395312624
2022-12-15 10:00:00,47.2166666666667,269.983333333333,78.7001702056757,5.25088486933534
2022-12-15 11:00:00,39.3833333333333,270.633333333333,85.7116810532958,5.36222531059731
2022-12-15 12:00:00,39.1333333333333,270.683333333333,91.9640420080728,4.97333453998153
2022-12-15 13:00:00,40.8333333333333,270.616666666667,94.1244455344883,5.97585728394768
2022-12-15 14:00:00,39.6166666666667,270.45,93.0942060049219,5.6456938236338
2022-12-15 15:00:00,41.7333333333333,270.05,95.1201926423158,6.32976633189085
2022-12-15 16:00:00,45.4833333333333,269.783333333333,96.1405573637772,7.9734152678397
2022-12-15 17:00:00,62.35,269.016666666667,92.3732762552824,4.93467864713985
2022-12-15 18:00:00,89.4333333333333,267.45,133.644560084533,4.41926199312086
2022-12-15 19:00:00,98.4,267.483333333333,101.715403408428,6.00387623177479
2022-12-15 20:00:00,94.1166666666667,267.466666666667,101.550852377109,7.25996800187781
2022-12-15 21:00:00,88.0166666666667,268.333333333333,102.598718442745,9.86058983286012
2022-12-15 22:00:00,87.4,268.4,108.912985754879,9.87553128551066
2022-12-15 23:00:00,81.35,269.133333333333,107.678098422639,9.3898514738661
2022-12-16 00:00:00,94.95,268.416666666667,113.763250304212,9.47248143023095
2022-12-16 01:00:00,93.25,269.283333333333,92.3884818283398,6.66266726430547
2022-12-16 02:00:00,85.95,269.5,83.2696639176445,6.29656081857049
2022-12-16 03:00:00,86.0333333333334,269.516666666667,82.3435183066588,5.77224299538551
2022-12-16 04:00:00,91.2833333333334,269.366666666667,76.375102688685,4.5361414171915
2022-12-16 05:00:00,94.1,269.116666666667,76.1153183588982,4.02106610594839
2022-12-16 06:00:00,88.8166666666667,269.3,82.9223722960194,5.94158472922107
2022-12-16 07:00:00,92.0,269.0,89.9572777827997,4.8841289607308
2022-12-16 08:00:00,98.7833333333334,268.0,35.0189514404439,3.88525590473825
2022-12-16 09:00:00,100.783333333333,267.883333333333,78.7610582796633,2.20218818455566
2022-12-16 10:00:00,100.766666666667,267.5,292.129687863839,0.399955408187106
2022-12-16 11:00:00,100.6,266.8,320.156077993768,4.36111914634899
2022-12-16 12:00:00,100.6,266.816666666667,301.04225415077,2.26851346698791
2022-12-16 13:00:00,100.516666666667,266.75,303.934425280485,2.6147079575448
2022-12-16 14:00:00,100.4,266.533333333333,320.033891629349,2.7872052257525
2022-12-16 15:00:00,100.3,266.133333333333,319.795604826738,3.01641012755238
2022-12-16 16:00:00,100.283333333333,265.883333333333,320.669612541693,1.69398093169147
2022-12-16 17:00:00,100.266666666667,265.683333333333,299.17247049799,0.996694785912323
2022-12-16 18:00:00,100.2,265.366666666667,323.70294779314,2.03146968762547
2022-12-16 19:00:00,100.166666666667,265.283333333333,304.512433125553,0.89045564802384
2022-12-16 20:00:00,100.183333333333,265.216666666667,82.0042707447798,0.591787356668276
2022-12-16 21:00:00,100.166666666667,265.233333333333,19.9785703598847,1.54660735081195
2022-12-16 22:00:00,100.05,264.85,161.948948939968,0.29925478672842
2022-12-16 23:00:00,100.0,264.75,116.325688692256,0.979246208084231
2022-12-17 00:00:00,99.8833333333334,264.4,290.052498610996,0.637819459511825
2022-12-17 01:00:00,99.6833333333333,263.783333333333,322.560745300427,2.8526774167622
2022-12-17 02:00:00,99.6,263.333333333333,8.23613160360299,1.74779676643869
2022-12-17 03:00:00,99.4833333333333,262.833333333333,17.776920221776,1.72732321530431
2022-12-17 04:00:00,99.3,262.183333333333,15.0669996633567,1.55504146460896
2022-12-17 05:00:00,99.1833333333333,261.566666666667,17.671776871468,0.807120637761372
2022-12-17 06:00:00,99.1,261.25,79.8991073397733,1.10788578757746
2022-12-17 07:00:00,99.0166666666667,260.816666666667,109.21981907459,1.75003489551594
2022-12-17 08:00:00,98.85,260.133333333333,105.38737449679,1.51570080039643
2022-12-17 09:00:00,98.7,259.766666666667,101.019208536832,1.23923080626856
2022-12-17 10:00:00,82.4,260.783333333333,74.9249737885248,1.30891693721366
2022-12-17 11:00:00,25.6833333333333,262.6,66.8190159549772,1.99381465881148
2022-12-17 12:00:00,8.28333333333333,264.133333333333,51.4605421415698,3.8200212763617
2022-12-17 13:00:00,6.06666666666667,264.416666666667,54.7061391966428,4.79057887094225
2022-12-17 14:00:00,6.75,265.15,58.4877939450562,4.30093582441524
2022-12-17 15:00:00,6.66666666666667,264.983333333333,56.4074543817342,4.56270047802738
2022-12-17 16:00:00,6.03333333333333,264.85,44.1592677769968,4.46462369591428
2022-12-17 17:00:00,6.65,263.85,44.4493833008869,4.94611180137257
2022-12-17 18:00:00,6.73333333333333,263.6,43.0469788774828,4.1972187005948
2022-12-17 19:00:00,7.15,263.616666666667,63.0370312416748,3.76690971749183
2022-12-17 20:00:00,6.0,263.95,47.4726217814807,5.60077255466505
2022-12-17 21:00:00,6.26666666666667,263.983333333333,51.6437198606204,6.06444522349064
2022-12-17 22:00:00,6.61666666666667,264.2,54.8299896503007,6.0206616041375
2022-12-17 23:00:00,7.35,264.316666666667,55.1337349300579,5.90240048164296
2022-12-18 00:00:00,8.76666666666667,264.45,62.3389914530025,6.09575990250571
2022-12-18 01:00:00,11.8,264.666666666667,70.7112920496668,4.90299004746813
2022-12-18 02:00:00,15.05,264.916666666667,78.58386922963,3.68178012951472
2022-12-18 03:00:00,16.9166666666667,265.5,59.4760266127485,4.58095269500213
2022-12-18 04:00:00,17.2833333333333,265.666666666667,70.3488194580909,2.915620707802
2022-12-18 05:00:00,17.3166666666667,265.85,57.1030463120928,3.79178365042364
2022-12-18 06:00:00,17.4,265.95,66.7844564732283,3.72506152545243
2022-12-18 07:00:00,17.6666666666667,265.933333333333,78.5539654859597,3.36273831205332
2022-12-18 08:00:00,17.1333333333333,266.1,80.8187546862859,3.71611253906266
2022-12-18 09:00:00,14.55,266.9,89.510983890901,3.94903517620748
2022-12-18 10:00:00,11.7333333333333,268.2,76.8281318125547,3.72796287623122
2022-12-18 11:00:00,8.86666666666667,269.0,93.3142885580205,3.76569301649516
2022-12-18 12:00:00,7.06666666666667,270.116666666667,78.8551235486036,3.50437133478407
2022-12-18 13:00:00,5.53333333333333,270.666666666667,66.3119978289774,4.93732523703631
2022-12-18 14:00:00,5.28333333333333,271.0,66.0604263519108,4.35464547286056
2022-12-18 15:00:00,5.83333333333333,270.7,66.6984058466273,5.25273394645369
2022-12-18 16:00:00,5.63333333333333,270.066666666667,79.534419823294,3.5694762765784
2022-12-18 17:00:00,5.36666666666667,269.616666666667,82.4246736623926,3.30557898248108
2022-12-18 18:00:00,4.63333333333333,269.7,94.9357070013442,4.33694328268599
2022-12-18 19:00:00,4.63333333333333,269.983333333333,72.7761646814984,4.16515495584569
2022-12-18 20:00:00,5.71666666666667,270.016666666667,79.3703734657164,4.99279786098145
2022-12-18 21:00:00,5.0,270.45,74.6381847412632,3.96303016147001
2022-12-18 22:00:00,5.33333333333333,270.916666666667,68.4149927747793,4.81285389875049
2022-12-18 23:00:00,7.0,271.0,81.1283618189523,5.31900610321923
2022-12-19 00:00:00,8.33333333333333,271.25,88.4528318615114,4.52274917739507
2022-12-19 01:00:00,9.86666666666667,271.516666666667,79.011964741366,4.29298184356137
2022-12-19 02:00:00,11.85,271.766666666667,73.4842966646131,4.47084162463317
2022-12-19 03:00:00,11.4,272.166666666667,64.5885117079931,5.08639415929351
2022-12-19 04:00:00,16.1333333333333,272.5,56.1839288180304,5.43867674645809
2022-12-19 05:00:00,22.4833333333333,272.45,52.8933057430729,5.75856287129882
2022-12-19 06:00:00,23.2833333333333,272.516666666667,45.5675398193618,6.00211293196756
2022-12-19 07:00:00,26.15,272.483333333333,57.6897743650011,5.40116504991751
2022-12-19 08:00:00,33.6666666666667,272.633333333333,55.0374075106342,6.58875371898343
2022-12-19 09:00:00,46.2333333333333,272.866666666667,64.7812367149411,5.50639343936652
2022-12-19 10:00:00,59.9,273.133333333333,80.1143341317559,3.91220320179164
2022-12-19 11:00:00,76.3833333333333,273.55,85.42158597962,3.18299551358349
2022-12-19 12:00:00,98.7333333333333,273.966666666667,93.4312774186865,3.52159738257758
2022-12-19 13:00:00,98.1,274.533333333333,106.981848737625,6.07444098851412
2022-12-19 14:00:00,87.85,275.483333333333,101.928690056497,4.27254910869556
2022-12-19 15:00:00,81.0166666666667,275.733333333333,100.754126133592,3.51895392330693
2022-12-19 16:00:00,72.1,276.066666666667,94.5117331340089,3.07626517114629
2022-12-19 17:00:00,65.6333333333333,276.383333333333,94.5588959447309,4.04113238503524
2022-12-19 18:00:00,60.6,276.6,79.8831701746042,3.58469080588377
2022-12-19 19:00:00,59.05,276.7,79.5190203067869,4.12227623697515
2022-12-19 20:00:00,58.3833333333333,276.633333333333,75.8082005695503,4.40309030655981
2022-12-19 21:00:00,57.85,276.55,93.6992432535435,3.81414040487193
2022-12-19 22:00:00,58.1666666666667,276.366666666667,93.7450362160144,5.12160724661182
2022-12-19 23:00:00,55.6166666666667,276.666666666667,96.7253485668071,5.35027136574193
2022-12-20 00:00:00,52.4333333333333,276.95,98.7565906761341,4.87297521738557
2022-12-20 01:00:00,48.7,277.0,84.6418235654207,4.38569921396974
2022-12-20 02:00:00,45.0,277.2,84.5485649001647,4.17902122074239
2022-12-20 03:00:00,41.7833333333333,277.233333333333,88.1132702080682,4.44406354628078
2022-12-20 04:00:00,41.75,276.9,101.20242744582,5.20232345809329
2022-12-20 05:00:00,39.5,276.916666666667,92.915453003323,3.38673797871297
2022-12-20 06:00:00,40.0666666666667,276.433333333333,90.1214187295852,5.95215226154701
2022-12-20 07:00:00,38.65,276.366666666667,91.4370056513715,6.12251456725344
2022-12-20 08:00:00,34.1166666666667,276.666666666667,85.5894406840548,5.71442989061597
2022-12-20 09:00:00,31.3833333333333,276.983333333333,99.5808077506098,5.01969071434363
2022-12-20 10:00:00,28.7833333333333,277.683333333333,82.9365207358101,3.21365362930551
2022-12-20 11:00:00,29.0166666666667,277.666666666667,72.1658265099305,4.5178264598952
2022-12-20 12:00:00,28.1833333333333,277.633333333333,89.195709195547,4.14111115789588
2022-12-20 13:00:00,27.0833333333333,277.816666666667,70.7050888373992,3.56642906836936
2022-12-20 14:00:00,27.15,278.0,63.9527184433067,4.39442473113107
2022-12-20 15:00:00,26.6166666666667,278.35,60.2971122147919,3.93586244319415
2022-12-20 16:00:00,28.6333333333333,277.283333333333,70.2017983275176,3.65659365651706
2022-12-20 17:00:00,30.4166666666667,276.666666666667,87.2019109973446,2.98284769600598
2022-12-20 18:00:00,31.8666666666667,276.75,72.0729931587042,3.12440214355278
2022-12-20 19:00:00,35.0,276.416666666667,83.4945648139021,4.53096958504732
2022-12-20 20:00:00,37.7166666666667,276.516666666667,99.860812354602,6.15538857069401
2022-12-20 21:00:00,41.15,276.6,97.1657676739693,4.68119889546273
2022-12-20 22:00:00,44.7333333333333,276.583333333333,88.355096807394,5.97964740691113
2022-12-20 23:00:00,45.3833333333333,276.8,90.0252943874737,6.70985182207388
2022-12-21 00:00:00,47.1666666666667,276.533333333333,88.4804004245416,7.06737395357484
2022-12-21 01:00:00,48.6666666666667,276.233333333333,93.2350083870618,5.97026892280563
2022-12-21 02:00:00,49.25,276.15,99.566877283921,4.55094943338401
2022-12-21 03:00:00,50.45,275.016666666667,42.2095853866255,2.04644247851227
2022-12-21 04:00:00,52.0666666666667,273.933333333333,90.9669726024825,2.00122959059354
2022-12-21 05:00:00,54.4166666666667,272.9,34.8047978115208,1.37468660471549
2022-12-21 06:00:00,55.95,272.233333333333,26.376844511339,2.022582764306
2022-12-21 07:00:00,72.4166666666667,270.3,10.4707942828887,3.93484509981306
2022-12-21 08:00:00,75.1666666666667,270.283333333333,7.03698568985004,3.19252460816741
2022-12-21 09:00:00,79.5666666666667,269.783333333333,12.1254336349116,4.30272626665998
2022-12-21 10:00:00,93.8333333333333,269.45,354.602401018247,1.75382768212642
2022-12-21 11:00:00,99.0,269.9,66.345828883066,4.46834178289036
2022-12-21 12:00:00,97.2333333333333,270.816666666667,45.5263732550781,5.15328851362329
2022-12-21 13:00:00,90.7666666666667,271.183333333333,41.5270829047082,5.70261160503882
2022-12-21 14:00:00,92.2833333333333,271.216666666667,53.5391659455348,5.24721687292723
2022-12-21 15:00:00,92.1333333333333,271.1,36.6242332430325,3.74707271353238
2022-12-21 16:00:00,94.35,270.616666666667,31.704834842262,4.78900461372365
2022-12-21 17:00:00,84.8,270.9,27.4757145187156,3.88253786224839
2022-12-21 18:00:00,90.3666666666667,270.6,25.4876356155589,2.27988703990721
2022-12-21 19:00:00,91.35,270.583333333333,57.2842625038816,3.3363135253696
2022-12-21 20:00:00,94.3,270.4,61.4845367051372,4.94059228362602
2022-12-21 21:00:00,96.2166666666667,270.016666666667,34.1998429064155,5.09587611131436
2022-12-21 22:00:00,98.9,269.766666666667,49.2220266737231,3.85788976967583
2022-12-21 23:00:00,97.2666666666667,269.983333333333,55.4818525457047,4.9105752055995
2022-12-22 00:00:00,79.4333333333333,270.616666666667,75.1240137982896,6.46107674600545
2022-12-22 01:00:00,78.6833333333333,270.65,71.1683766405122,4.76173398745818
2022-12-22 02:00:00,78.5333333333334,270.533333333333,69.9465842498435,6.26342927998598
2022-12-22 03:00:00,76.05,270.433333333333,59.3271974695539,6.25549396363012
2022-12-22 04:00:00,71.4666666666667,270.466666666667,55.2091042987019,7.47924694153792
2022-12-22 05:00:00,69.25,270.533333333333,59.8173055908179,6.2861426464441
2022-12-22 06:00:00,66.5833333333333,270.566666666667,56.5590875237539,4.62593502033906
2022-12-22 07:00:00,65.0166666666667,270.45,65.9020656539526,7.00355834170273
2022-12-22 08:00:00,64.3666666666667,270.316666666667,66.5048381646396,6.78716491649919
2022-12-22 09:00:00,61.15,270.4,57.6129693838211,9.28414627313322
2022-12-22 10:00:00,60.55,270.383333333333,49.0353182479175,7.23861684194091
2022-12-22 11:00:00,64.6666666666667,270.283333333333,34.0884531832903,6.99976887275566
2022-12-22 12:00:00,58.6,269.916666666667,38.2866885716949,12.2511378942186
2022-12-22 13:00:00,57.1666666666667,269.65,36.9817340510074,13.1203543686347
2022-12-22 14:00:00,57.8166666666667,269.216666666667,33.8479182509127,12.8739369153108
2022-12-22 15:00:00,62.4833333333333,268.866666666667,26.7293779317513,10.7955975051929
2022-12-22 16:00:00,62.7666666666667,268.9,24.5701668902839,10.4318550059405
2022-12-22 17:00:00,60.5666666666667,268.716666666667,28.6704273976147,10.0290240915274
2022-12-22 18:00:00,58.5833333333333,268.383333333333,21.046085413402,6.53772250225614
2022-12-22 19:00:00,54.4,268.583333333333,22.4210915239262,3.33649000302569
2022-12-22 20:00:00,53.0333333333333,268.566666666667,78.1955585038577,4.52067921134419
2022-12-22 21:00:00,59.15,268.8,55.6779554798256,5.04865481832089
2022-12-22 22:00:00,75.1666666666667,268.816666666667,52.0616377346979,7.58575049475492
2022-12-22 23:00:00,74.5666666666667,269.25,72.2107759735984,6.37938321079541
2022-12-23 00:00:00,89.4833333333333,268.716666666667,85.9126961548133,6.41205956934986
2022-12-23 01:00:00,100.716666666667,268.3,79.7898648053116,7.28313026281499
2022-12-23 02:00:00,101.233333333333,268.716666666667,64.3713183181212,8.97026870939367
2022-12-23 03:00:00,101.633333333333,269.483333333333,57.6741270367598,9.9133922141233
2022-12-23 04:00:00,101.716666666667,269.783333333333,48.0311206270873,9.23863928060535
2022-12-23 05:00:00,101.766666666667,270.066666666667,42.3787192766771,8.65704711153723
2022-12-23 06:00:00,101.8,270.233333333333,33.0689316973106,8.88239872101799
2022-12-23 07:00:00,101.8,270.183333333333,28.8265401650189,6.3853120901907
2022-12-23 08:00:00,101.8,270.316666666667,24.8044802847176,6.97466537049061
2022-12-23 09:00:00,101.8,270.316666666667,26.3054364663127,6.21961601168948
2022-12-23 10:00:00,101.85,270.533333333333,21.8504624229364,4.86150698942079
2022-12-23 11:00:00,101.9,270.75,42.6797895826618,5.60775610075078
2022-12-23 12:00:00,101.883333333333,270.766666666667,50.9623542036786,6.26880359448289
2022-12-23 13:00:00,101.9,270.85,62.069380507304,6.64241906704449
2022-12-23 14:00:00,101.9,271.116666666667,61.1152589275296,9.00027796949265
2022-12-23 15:00:00,101.9,271.316666666667,57.6920510312327,8.87062948773416
2022-12-23 16:00:00,101.9,271.35,54.272420249934,9.93922194418432
2022-12-23 17:00:00,101.9,271.35,57.8118002916634,9.05035018471785
2022-12-23 18:00:00,101.9,271.333333333333,45.6389658017085,9.55941443354645
2022-12-23 19:00:00,101.816666666667,271.1,42.1486085997751,9.93290722182976
2022-12-23 20:00:00,101.883333333333,271.183333333333,49.8545190888073,9.3570067558061
2022-12-23 21:00:00,101.8,270.9,33.8361692627995,9.38721439013758
2022-12-23 22:00:00,101.8,270.3,39.695244082606,6.23516491503693
2022-12-23 23:00:00,101.8,270.283333333333,31.6631485013306,8.74103733652145
2022-12-24 00:00:00,101.633333333333,269.533333333333,37.8010617569414,10.3540797457463
2022-12-24 01:00:00,101.25,268.333333333333,40.1774437151232,10.0443969985551
2022-12-24 02:00:00,101.233333333333,268.566666666667,37.8838549774108,5.27286964224984
2022-12-24 03:00:00,101.35,268.9,20.8049644456315,6.37945774186187
2022-12-24 04:00:00,101.4,268.933333333333,34.6687130647478,6.01037688686672
2022-12-24 05:00:00,101.283333333333,268.6,39.8202723280005,5.06407815001268
2022-12-24 06:00:00,101.2,268.366666666667,59.6416609818617,5.0503735162194
2022-12-24 07:00:00,101.1,268.033333333333,67.0,4.98666666666667
2022-12-24 08:00:00,101.1,268.033333333333,66.4929054337599,5.40312763237784
2022-12-24 09:00:00,101.1,268.05,66.0,4.52333333333333
2022-12-24 10:00:00,101.15,268.333333333333,66.0,3.07833333333333
2022-12-24 11:00:00,101.25,268.633333333333,66.0,2.93
2022-12-24 12:00:00,101.333333333333,268.916666666667,66.0,2.80333333333333
2022-12-24 13:00:00,101.45,269.233333333333,66.0,2.29666666666667
2022-12-24 14:00:00,101.5,269.283333333333,66.0,2.22166666666667
2022-12-24 15:00:00,101.566666666667,269.433333333333,66.0,3.165
2022-12-24 16:00:00,101.6,269.6,66.0,3.01
2022-12-24 17:00:00,101.6,269.6,66.0,3.56333333333333
2022-12-24 18:00:00,101.65,269.683333333333,66.0,4.37333333333333
2022-12-24 19:00:00,101.7,269.866666666667,58.8985247508409,5.66166293774188
2022-12-24 20:00:00,101.75,270.1,63.9706169587844,5.01534931467947
2022-12-24 21:00:00,101.8,270.383333333333,55.8896885373536,5.99990577856107
2022-12-24 22:00:00,101.9,270.5,61.5530057109368,5.72639629753321
2022-12-24 23:00:00,101.9,270.583333333333,54.91536559105,6.26975208544473
2022-12-25 00:00:00,101.9,270.7,72.3747197264556,5.58645526229796
2022-12-25 01:00:00,101.9,270.75,77.0,4.16166666666667
2022-12-25 02:00:00,101.9,270.75,77.0,3.05833333333333
2022-12-25 03:00:00,101.9,270.65,77.0,5.21833333333333
2022-12-25 04:00:00,101.85,270.566666666667,77.0,5.28333333333333
2022-12-25 05:00:00,101.8,270.333333333333,77.0,4.96
2022-12-25 06:00:00,101.8,270.2,76.3180717949159,5.71647781079551
2022-12-25 07:00:00,101.8,270.2,77.0,5.05333333333333
2022-12-25 08:00:00,101.8,270.283333333333,77.0,5.48
2022-12-25 09:00:00,101.8,270.6,75.8407388056676,6.03376871212873
2022-12-25 10:00:00,101.9,271.266666666667,71.2872962604926,5.77111311841886
2022-12-25 11:00:00,101.333333333333,271.466666666667,73.4287512764441,6.86548848547754
2022-12-25 12:00:00,99.35,272.166666666667,69.6085471106086,5.35373871450558
2022-12-25 13:00:00,89.4333333333333,272.75,71.6230983208509,4.7563076002805
2022-12-25 14:00:00,58.95,274.083333333333,73.3123253240684,6.48093974677368
2022-12-25 15:00:00,41.4833333333333,275.5,72.627993598323,7.62517669837576
2022-12-25 16:00:00,38.4,275.583333333333,71.5017979632278,9.16469899949703
2022-12-25 17:00:00,37.9333333333333,275.15,70.8553953117285,8.68912192681278
2022-12-25 18:00:00,36.9166666666667,275.066666666667,69.5935474086279,6.99254149755843
2022-12-25 19:00:00,33.4166666666667,275.3,79.1909156044882,6.30999838295947
2022-12-25 20:00:00,31.7166666666667,275.316666666667,86.0910938845737,5.69310727114909
2022-12-25 21:00:00,30.7166666666667,275.233333333333,85.7101858873798,5.1360475699139
2022-12-25 22:00:00,28.95,275.45,75.4383218897189,7.57484612697357
2022-12-25 23:00:00,28.6333333333333,275.483333333333,71.0122341089532,11.1648234312931
2022-12-26 00:00:00,28.55,275.3,71.1842593923867,8.65971556993921
2022-12-26 01:00:00,28.0333333333333,275.3,71.2616916654555,7.95143618556512
2022-12-26 02:00:00,28.5166666666667,275.083333333333,68.1926733637199,7.74686224348346
2022-12-26 03:00:00,30.35,274.9,68.0040774290428,8.21376800020033
2022-12-26 04:00:00,30.7,274.733333333333,78.6009646964911,9.02875412269239
2022-12-26 05:00:00,30.65,274.633333333333,77.8136277914297,8.88690581175425
2022-12-26 06:00:00,31.3833333333333,274.466666666667,74.4926552089116,7.09677618036173
2022-12-26 07:00:00,32.0833333333333,274.383333333333,75.3946818082083,8.08794297200489
2022-12-26 08:00:00,33.1,274.15,73.2839137593319,7.60950912762434
2022-12-26 09:00:00,33.5833333333333,274.183333333333,74.3332496964825,7.82574727661758
2022-12-26 10:00:00,35.3166666666667,274.1,75.6478077854972,6.94525221528889
2022-12-26 11:00:00,35.5833333333333,274.633333333333,73.5019835515285,7.83578383290714
2022-12-26 12:00:00,37.75,274.466666666667,71.6953228852118,8.50592628792756
2022-12-26 13:00:00,41.6333333333333,273.683333333333,64.4336947953925,8.22370672391444
2022-12-26 14:00:00,44.6666666666667,273.933333333333,66.6486326468182,6.58155328786801
2022-12-26 15:00:00,51.7,272.75,57.6859295518164,5.91066544846726
2022-12-26 16:00:00,58.0833333333333,272.116666666667,58.6223633824856,6.74726290337078
2022-12-26 17:00:00,64.4,271.15,55.322118925037,7.21399513616974
2022-12-26 18:00:00,64.3166666666667,271.316666666667,60.1041809240869,7.72037353793606
2022-12-26 19:00:00,69.4833333333333,270.95,56.69745639547,7.09879730648906
2022-12-26 20:00:00,100.833333333333,268.05,345.467812731633,7.89354715010429
2022-12-26 21:00:00,100.816666666667,267.6,339.935072925208,5.67796366346811
2022-12-26 22:00:00,100.683333333333,267.2,21.0620741047334,6.65155168628529
2022-12-26 23:00:00,100.616666666667,266.966666666667,57.3449403681204,7.43362180432719
2022-12-27 00:00:00,99.8333333333333,267.166666666667,51.1859335997435,9.09506745685139
2022-12-27 01:00:00,99.3333333333333,267.416666666667,49.2019995124321,7.87011150533022
2022-12-27 02:00:00,93.1333333333333,267.483333333333,46.2811823755457,9.79343374670525
2022-12-27 03:00:00,86.8333333333333,267.333333333333,42.1061300652513,7.53975675738959
2022-12-27 04:00:00,100.2,266.566666666667,30.0572585693289,5.25541145517596
2022-12-27 05:00:00,100.033333333333,266.416666666667,20.7439171051617,5.39689895086072
2022-12-27 06:00:00,99.9333333333333,266.0,6.10696707507111,6.77013331704275
2022-12-27 07:00:00,99.4833333333333,265.2,4.20376797212526,9.2811716486647
2022-12-27 08:00:00,99.8333333333333,264.75,15.9543017235065,7.07464230948168
2022-12-27 09:00:00,97.75,264.65,20.2294087221582,5.71700464739149
2022-12-27 10:00:00,95.1166666666667,265.05,21.2547963423055,4.40424375590147
2022-12-27 11:00:00,90.35,265.55,14.9218304793729,3.84824961843403
2022-12-27 12:00:00,84.1,265.716666666667,26.4255569366503,3.64320369679916
2022-12-27 13:00:00,88.3333333333333,265.4,42.6897541989373,4.92274502048469
2022-12-27 14:00:00,92.2,265.866666666667,39.403692755238,4.92824455863211
2022-12-27 15:00:00,88.7666666666667,265.183333333333,45.4719980279249,6.03058027037774
2022-12-27 16:00:00,65.6166666666667,264.766666666667,51.4893623740896,6.18386697852275
2022-12-27 17:00:00,52.9166666666667,264.766666666667,68.3387227840946,5.27504571455735
2022-12-27 18:00:00,46.0333333333333,264.916666666667,65.6031998117147,4.03152130508988
2022-12-27 19:00:00,44.7166666666667,265.033333333333,70.7465451200195,4.88494992958506
2022-12-27 20:00:00,36.6833333333333,265.266666666667,82.7812184440306,5.44079227787096
2022-12-27 21:00:00,25.8,265.65,69.98150856255,4.2141179321232
2022-12-27 22:00:00,20.05,265.966666666667,55.2433580381404,3.75556672830149
2022-12-27 23:00:00,18.4,266.15,51.2599252988935,5.11237698680332
2022-12-28 00:00:00,18.2,266.133333333333,83.5757013772558,4.86266805406708
2022-12-28 01:00:00,15.3,266.416666666667,85.9009380039266,5.02772149393401
2022-12-28 02:00:00,12.9166666666667,266.8,75.7853305394855,5.91074211812011
2022-12-28 03:00:00,12.7666666666667,267.3,55.0290721725576,5.56138029619024
2022-12-28 04:00:00,12.85,267.35,73.5191710480556,4.91230819037692
2022-12-28 05:00:00,14.9166666666667,267.4,71.5603275033629,5.4369888495827
2022-12-28 06:00:00,21.9833333333333,267.766666666667,67.1134190075964,5.92976646704148
2022-12-28 07:00:00,31.5333333333333,267.933333333333,60.7706671252296,6.26330579846803
2022-12-28 08:00:00,38.7333333333333,268.283333333333,65.6978265357403,7.05296733807212
2022-12-28 09:00:00,44.65,268.733333333333,56.0905990156715,7.83292411043031
2022-12-28 10:00:00,44.9166666666667,269.516666666667,60.3844704186793,7.21669802528671
2022-12-28 11:00:00,41.0333333333333,270.1,62.810704332007,6.48795686518182
2022-12-28 12:00:00,39.3833333333333,270.15,64.4642856427272,6.18448699666192
2022-12-28 13:00:00,39.8666666666667,270.766666666667,67.3026852923156,7.35975172163626
2022-12-28 14:00:00,38.7833333333333,271.35,64.8928013403292,7.43719246709444
2022-12-28 15:00:00,44.0666666666667,271.25,59.0871472336626,6.05316739253768
2022-12-28 16:00:00,46.35,271.083333333333,58.8111224704751,5.03808195461642
2022-12-28 17:00:00,49.9166666666667,270.616666666667,75.4984383211992,4.73972758080003
2022-12-28 18:00:00,51.2,270.316666666667,102.544586507755,6.09249193574347
2022-12-28 19:00:00,46.7666666666667,270.633333333333,105.683939103459,6.2430211921472
2022-12-28 20:00:00,46.2833333333333,271.25,92.9443853003595,5.56802149351579
2022-12-28 21:00:00,44.6333333333333,271.566666666667,102.193242255274,5.6195804023767
2022-12-28 22:00:00,36.9166666666667,271.733333333333,82.8387772133647,3.38077838983466
2022-12-28 23:00:00,30.2166666666667,271.65,84.9140822264821,6.21139256206913
2022-12-29 00:00:00,29.8,270.883333333333,94.6249792134358,8.62458963063533
2022-12-29 01:00:00,22.6666666666667,270.783333333333,79.9448356915673,7.44343288849749
2022-12-29 02:00:00,18.6666666666667,270.616666666667,75.3728530405956,6.710172313988
2022-12-29 03:00:00,18.5833333333333,270.383333333333,71.1261449491536,5.29332165652528
2022-12-29 04:00:00,18.4333333333333,270.383333333333,65.2317636956865,3.89968382113126
2022-12-29 05:00:00,18.3333333333333,270.3,61.1908256728556,4.1774038441479
2022-12-29 06:00:00,18.0166666666667,270.283333333333,61.496976967347,3.5605062094356
2022-12-29 07:00:00,19.8833333333333,269.716666666667,92.7216992740841,4.07505582805063
2022-12-29 08:00:00,21.9333333333333,269.616666666667,66.1113761721624,2.12856163268487
2022-12-29 09:00:00,24.0166666666667,270.366666666667,68.2758893974919,5.16547310472636
2022-12-29 10:00:00,24.2166666666667,271.75,71.1882184303314,5.2908760689195
2022-12-29 11:00:00,25.4,271.333333333333,54.7271961882046,4.39848575696317
2022-12-29 12:00:00,27.3833333333333,271.016666666667,53.5162806244783,6.01955851353282
2022-12-29 13:00:00,33.2833333333333,270.216666666667,57.4160242852721,6.40594562274042
2022-12-29 14:00:00,39.6833333333333,270.083333333333,66.1082993197433,5.40416885161759
2022-12-29 15:00:00,45.55,270.1,81.9106532826752,5.13863482006856
2022-12-29 16:00:00,51.9,269.15,100.384703757399,4.99708852424453
2022-12-29 17:00:00,55.55,268.616666666667,86.8032867607851,3.17290958327496
2022-12-29 18:00:00,58.5666666666667,268.266666666667,96.7277929816893,6.01847466047983
2022-12-29 19:00:00,58.55,268.283333333333,100.351987383301,5.57754320595221
2022-12-29 20:00:00,58.8333333333333,268.316666666667,101.293210440178,6.23829918252532
2022-12-29 21:00:00,58.2833333333333,268.55,85.3359615249744,6.68831145432947
2022-12-29 22:00:00,59.3333333333333,268.416666666667,85.7790656845126,8.04639108582031
2022-12-29 23:00:00,61.25,268.45,79.9678252622011,8.71779552468434
2022-12-30 00:00:00,64.7666666666667,268.35,73.9349468253056,8.11403092174319
2022-12-30 01:00:00,68.4833333333333,268.25,71.9010827627479,7.18074040708088
2022-12-30 02:00:00,69.7166666666667,268.366666666667,73.128996334649,8.84324575497199
2022-12-30 03:00:00,73.9833333333333,268.133333333333,63.1312839752084,5.27045823540831
2022-12-30 04:00:00,80.4166666666667,267.816666666667,48.0571424480411,5.42090327518931
2022-12-30 05:00:00,92.9833333333333,267.183333333333,58.016247692368,4.27309371467967
2022-12-30 06:00:00,98.8333333333333,266.566666666667,53.3933492588275,2.68083629533977
2022-12-30 07:00:00,100.45,266.433333333333,71.6107651517166,4.501927732396
2022-12-30 08:00:00,96.8,267.283333333333,80.9803625315725,5.59283320301827
2022-12-30 09:00:00,84.8166666666667,268.1,68.3779746070629,7.17046155999183
2022-12-30 10:00:00,80.0,268.6,71.325594039752,7.89025318294973
2022-12-30 11:00:00,76.6833333333333,269.15,89.1020327776882,7.26584936308699
2022-12-30 12:00:00,69.5,270.0,82.184122228726,6.47990303682176
2022-12-30 13:00:00,71.35,269.866666666667,89.8459567855151,6.35933109719469
2022-12-30 14:00:00,65.65,269.966666666667,84.846747761881,7.01115758081237
2022-12-30 15:00:00,66.4166666666667,269.533333333333,85.625429082159,6.46210974186452
2022-12-30 16:00:00,64.4833333333333,269.416666666667,78.7705910328006,6.63551648064744
2022-12-30 17:00:00,69.7333333333333,269.333333333333,64.0516538015735,8.29808938259384
2022-12-30 18:00:00,86.4333333333333,268.933333333333,86.6322379389565,6.43515613643729
2022-12-30 19:00:00,100.5,268.466666666667,88.222633460792,7.70786284576986
2022-12-30 20:00:00,99.8,269.733333333333,74.3139083664428,6.84209195616423
2022-12-30 21:00:00,89.9,270.8,55.4836829996581,9.28862979604924
2022-12-30 22:00:00,88.0,271.05,53.9477466299366,7.7075895860856
2022-12-30 23:00:00,96.4166666666667,271.216666666667,65.3882795577841,7.39660571458598
2022-12-31 00:00:00,97.9666666666667,271.566666666667,52.8622796078151,8.28319703982212
2022-12-31 01:00:00,98.3666666666667,271.666666666667,48.4541124188392,8.30764028012769
2022-12-31 02:00:00,97.0666666666667,272.083333333333,58.2976929615211,8.3527442296197
2022-12-31 03:00:00,99.75,271.95,52.8246880076381,9.07596161105263
2022-12-31 04:00:00,100.2,271.666666666667,43.0513965692713,7.82793667425052
2022-12-31 05:00:00,96.0,271.533333333333,41.4074991644795,8.71269587166655
2022-12-31 06:00:00,79.85,272.5,55.9291587096506,7.33461317672787
2022-12-31 07:00:00,78.8166666666667,272.816666666667,59.235709824443,7.51001058166315
2022-12-31 08:00:00,80.4166666666667,272.95,57.2180770180286,7.42354035426463
2022-12-31 09:00:00,75.3166666666667,273.433333333333,51.6597309319984,6.51134458922531
2022-12-31 10:00:00,73.8,273.45,57.4157165071015,6.88681048362081
2022-12-31 11:00:00,62.35,274.55,78.0933360874021,8.44288081889343
2022-12-31 12:00:00,55.25,275.783333333333,74.931829167095,9.00289480496494
2022-12-31 13:00:00,52.9166666666667,275.933333333333,73.1151147607722,8.15431550841482
2022-12-31 14:00:00,51.6,276.133333333333,64.4731110604589,7.34138724882415
2022-12-31 15:00:00,51.4,275.783333333333,81.7315045554554,6.76903158721902
2022-12-31 16:00:00,50.25,275.733333333333,80.6139626236202,5.20714802147658
2022-12-31 17:00:00,49.0,275.616666666667,94.6406820965983,4.71411890985612
2022-12-31 18:00:00,48.6,275.516666666667,95.1976705465424,6.77483394607368
2022-12-31 19:00:00,49.1166666666667,275.5,93.8299209404265,8.50334340400452
2022-12-31 20:00:00,48.75,275.616666666667,97.9991505684989,7.15764555878175
2022-12-31 21:00:00,52.5166666666667,275.15,104.890499900662,8.19672375326895
2022-12-31 22:00:00,51.5166666666667,275.333333333333,96.9324661641043,6.23291453500821
2022-12-31 23:00:00,51.55,275.35,79.0249641863735,4.85747937496857
2023-01-01 00:00:00,54.2166666666667,275.25,88.310883173867,7.1190473459958
2023-01-01 01:00:00,55.1,275.283333333333,100.888611757819,6.26302372733948
2023-01-01 02:00:00,56.6166666666667,275.066666666667,100.257049308905,6.3937921534785
2023-01-01 03:00:00,60.7,274.45,93.6348102397125,5.77267230244399
2023-01-01 04:00:00,65.35,274.033333333333,86.2947409267949,5.88250516722517
2023-01-01 05:00:00,68.4666666666667,274.0,84.6277914762278,5.98240820010046
2023-01-01 06:00:00,68.8833333333334,274.066666666667,64.1701387265507,5.27422695305053
2023-01-01 07:00:00,71.1666666666667,273.8,69.2314505708748,5.6544816431259
2023-01-01 08:00:00,73.55,273.45,83.396394404603,5.40018384916997
2023-01-01 09:00:00,73.25,273.616666666667,82.3237474349796,4.8026125799205
2023-01-01 10:00:00,67.9166666666667,274.633333333333,75.3375461614375,4.59411938701384
2023-01-01 11:00:00,60.2,275.616666666667,85.5933842202176,4.76599584959141
2023-01-01 12:00:00,54.3666666666667,276.05,83.2930117022124,4.25541597191355
2023-01-01 13:00:00,49.75,276.366666666667,67.5781151609224,5.27719930729637
2023-01-01 14:00:00,47.4166666666667,276.633333333333,77.3349480091202,4.00911014181824
2023-01-01 15:00:00,46.55,276.6,77.3522217441977,5.39114976716348
2023-01-01 16:00:00,43.6833333333333,276.216666666667,78.4694902635529,6.5602437399163
2023-01-01 17:00:00,44.4,275.366666666667,66.8104979770363,7.30073421224746
2023-01-01 18:00:00,44.9666666666667,275.0,68.5171551603267,6.94720809387604
2023-01-01 19:00:00,44.8,274.883333333333,74.5753528252088,8.07915307767222
2023-01-01 20:00:00,46.7166666666667,274.533333333333,64.1178480609867,7.50521039603518
2023-01-01 21:00:00,44.9833333333333,274.533333333333,66.2404047366196,6.57526788202929
2023-01-01 22:00:00,45.8166666666667,274.25,75.9035313231848,5.37534936975156
2023-01-01 23:00:00,45.1333333333333,274.183333333333,76.5103137949311,4.17642614886792
2023-01-02 00:00:00,48.1833333333333,273.666666666667,95.2277180724869,4.70685950953646
2023-01-02 01:00:00,47.7,273.533333333333,81.2416916343257,6.73420089287741
2023-01-02 02:00:00,50.1833333333333,273.25,56.2091434590647,5.1667700998464
2023-01-02 03:00:00,47.3166666666667,273.116666666667,98.0026924463894,7.32998341324828
2023-01-02 04:00:00,43.4,273.166666666667,91.4114943971005,6.79513006873636
2023-01-02 05:00:00,39.6833333333333,273.3,92.1365059202886,7.02957118316846
2023-01-02 06:00:00,37.95,273.333333333333,90.4292718337813,7.53155079384634
2023-01-02 07:00:00,39.5,273.216666666667,90.5680367149849,9.10521819621366
2023-01-02 08:00:00,40.7,273.183333333333,90.8233361708944,7.39599344667802
2023-01-02 09:00:00,39.1333333333333,273.516666666667,87.2786056664822,5.25272894627773
2023-01-02 10:00:00,38.2333333333333,274.15,83.3928736646479,7.25946426003447
2023-01-02 11:00:00,38.7833333333333,274.233333333333,91.3405069629415,9.20859771972655
2023-01-02 12:00:00,39.6666666666667,274.35,89.5286573377031,7.37652074661821
2023-01-02 13:00:00,41.3166666666667,274.133333333333,77.823920000142,6.29945022371411
2023-01-02 14:00:00,41.05,274.116666666667,65.8787784007233,6.54635709842739
2023-01-02 15:00:00,43.8666666666667,273.683333333333,46.8527204581517,5.22745489373959
2023-01-02 16:00:00,47.4333333333333,273.116666666667,65.501641867541,5.65489143047388
2023-01-02 17:00:00,51.8666666666667,272.516666666667,72.2089014380546,6.60069268099806
2023-01-02 18:00:00,55.1,272.066666666667,63.4413736459367,4.84665132822295
2023-01-02 19:00:00,59.55,271.666666666667,49.0265307837458,4.42325631576159
2023-01-02 20:00:00,62.45,271.233333333333,69.3200612637931,2.75582548648982
2023-01-02 21:00:00,65.45,270.883333333333,48.3747933409366,1.40288671940383
2023-01-02 22:00:00,67.6666666666667,270.566666666667,73.0957816591042,1.78473592750007
2023-01-02 23:00:00,71.8,270.2,54.1051308613771,2.55059229792047
2023-01-03 00:00:00,80.7833333333333,269.733333333333,58.0028652192542,5.29213538507015
2023-01-03 01:00:00,86.0166666666667,269.416666666667,51.0416887882868,5.06672261994309
2023-01-03 02:00:00,96.7833333333333,269.116666666667,47.3388016941123,4.63585072318754
2023-01-03 03:00:00,99.2666666666667,268.716666666667,41.3460763828174,2.46262679868568
2023-01-03 04:00:00,100.35,268.183333333333,52.3965392324236,2.22787781292614
2023-01-03 05:00:00,99.9666666666667,268.4,103.929309554619,2.84024244714376
2023-01-03 06:00:00,99.2,268.583333333333,104.435356070895,5.40692322540185
2023-01-03 07:00:00,99.2,268.683333333333,102.398539517148,5.14918511281878
2023-01-03 08:00:00,99.5666666666667,268.716666666667,101.273610695883,4.76313891687946
2023-01-03 09:00:00,98.9833333333333,269.033333333333,100.956217995573,4.09372324138355
2023-01-03 10:00:00,97.0333333333333,269.583333333333,89.9543762131286,3.5070857832186
2023-01-03 11:00:00,95.8,269.8,86.2788620156454,2.85366814528552
2023-01-03 12:00:00,95.5,269.65,52.0709826859128,3.45121156799528
2023-01-03 13:00:00,99.5166666666667,269.366666666667,59.9048956989352,3.62611221232808
2023-01-03 14:00:00,99.8333333333333,269.4,53.8963437572177,3.64210927345983
2023-01-03 15:00:00,100.516666666667,269.183333333333,54.6820553461884,3.11008110120257
2023-01-03 16:00:00,101.0,268.9,42.1219855112501,3.45261831129259
2023-01-03 17:00:00,101.116666666667,268.65,357.68924255994,3.28642117309815
2023-01-03 18:00:00,101.016666666667,268.3,325.912577626352,2.28354496153292
2023-01-03 19:00:00,101.0,268.316666666667,26.0504581399462,1.48620021851358
2023-01-03 20:00:00,100.933333333333,268.116666666667,23.9509081912582,2.99985663015033
2023-01-03 21:00:00,100.816666666667,267.716666666667,28.639898186971,3.752672446888
2023-01-03 22:00:00,100.4,267.7,43.7539630152307,3.89546060418844
2023-01-03 23:00:00,95.75,267.55,56.5356113134608,4.59604467830677
2023-01-04 00:00:00,87.9666666666667,267.566666666667,56.4902781328119,3.60649219784397
2023-01-04 01:00:00,90.9833333333333,267.5,59.0503181133109,3.49634113906927
2023-01-04 02:00:00,95.95,267.266666666667,62.9247638769,3.09532097522808
2023-01-04 03:00:00,65.9666666666667,268.033333333333,79.9424368785826,3.99996301397608
2023-01-04 04:00:00,53.6333333333334,268.266666666667,68.6897102030597,4.34520068554357
2023-01-04 05:00:00,47.0333333333333,268.4,66.9195990864748,4.99217507445096
2023-01-04 06:00:00,41.7833333333333,268.616666666667,62.4109995863224,6.01649096861594
2023-01-04 07:00:00,35.0666666666667,268.75,61.5585385783868,6.2199995940859
2023-01-04 08:00:00,29.8666666666667,268.933333333333,53.1981496533751,6.42669819698343
2023-01-04 09:00:00,25.9333333333333,269.266666666667,52.2822585238503,6.74498301992893
2023-01-04 10:00:00,24.0,270.133333333333,71.8591898887439,5.0448152551503
2023-01-04 11:00:00,26.5666666666667,270.5,59.4049953973643,6.1164097598596
2023-01-04 12:00:00,30.9833333333333,270.733333333333,57.6088016749857,4.58819245117444
2023-01-04 13:00:00,35.25,270.5,46.3847628332127,5.2750927225452
2023-01-04 14:00:00,42.7833333333333,270.416666666667,52.8336483824738,6.16335312630748
2023-01-04 15:00:00,51.85,270.216666666667,49.6550598553757,6.65970156441597
2023-01-04 16:00:00,50.8666666666667,270.366666666667,41.1821998419907,6.50704873387877
2023-01-04 17:00:00,57.3666666666667,270.4,39.6764941179249,7.03332341623852
2023-01-04 18:00:00,66.6333333333333,270.35,46.8750774249399,6.9508239351536
2023-01-04 19:00:00,72.7,269.95,45.4149366846226,8.15476330338047
2023-01-04 20:00:00,70.95,269.6,50.1351225771433,9.76251570695693
2023-01-04 21:00:00,70.0,269.583333333333,49.6224298266309,9.70775257780436
2023-01-04 22:00:00,65.9833333333333,269.7,50.0034757703619,7.91760241596594
2023-01-04 23:00:00,61.2833333333333,269.9,45.7440218314152,8.10617005796668
2023-01-05 00:00:00,64.9833333333333,269.816666666667,47.7823075958957,6.82156626991823
2023-01-05 01:00:00,77.8333333333333,270.15,36.9060221331888,8.17331090430481
2023-01-05 02:00:00,83.3333333333333,270.283333333333,30.8586702471739,7.48023339711118
2023-01-05 03:00:00,98.3666666666667,269.966666666667,42.3551995821394,6.80884046558365
2023-01-05 04:00:00,99.2666666666667,270.1,34.3695583330226,6.49368337295262
2023-01-05 05:00:00,99.75,270.35,35.0115803848894,6.4960090299309
2023-01-05 06:00:00,101.183333333333,270.35,28.7415038767457,6.98020969030188
2023-01-05 07:00:00,100.933333333333,270.566666666667,28.5849880387165,6.88031066171576
2023-01-05 08:00:00,101.366666666667,270.35,25.1564372100538,6.31491077745868
2023-01-05 09:00:00,101.35,270.3,28.0325216909067,7.61160498355559
2023-01-05 10:00:00,98.4666666666667,270.3,16.2325427536609,8.2105519495853
2023-01-05 11:00:00,95.8333333333333,270.15,17.0897005941141,7.54115259999788
2023-01-05 12:00:00,91.7833333333333,270.133333333333,21.1809795686734,6.07686470931732
2023-01-05 13:00:00,78.9333333333333,269.883333333333,25.5358696543868,5.86410363083217
2023-01-05 14:00:00,78.3166666666667,270.116666666667,34.0731016375573,5.14850668491061
2023-01-05 15:00:00,93.8833333333333,269.316666666667,24.9916051116898,7.14462809061239
2023-01-05 16:00:00,89.4833333333334,269.0,0.296624329012388,6.66144455144824
2023-01-05 17:00:00,85.4166666666667,268.666666666667,358.559279660964,8.12227209286039
2023-01-05 18:00:00,83.7166666666667,268.533333333333,1.63673704876067,4.32376520952489
2023-01-05 19:00:00,82.4666666666667,268.666666666667,351.941784981192,4.15728299180196
2023-01-05 20:00:00,88.2666666666667,268.35,1.23215903544093,3.73586248148686
2023-01-05 21:00:00,92.8166666666667,268.05,26.9036996671687,4.56481414671629
2023-01-05 22:00:00,98.8666666666667,267.733333333333,46.2194075553945,5.17503648903243
2023-01-05 23:00:00,94.2166666666667,267.75,93.6829773694457,3.88531350787
2023-01-06 00:00:00,72.0833333333333,268.483333333333,107.112819269499,3.13599633104102
2023-01-06 01:00:00,43.0666666666667,270.083333333333,99.1146705250504,2.54176836777099
2023-01-06 02:00:00,22.55,271.35,297.23584841303,1.16861782399771
2023-01-06 03:00:00,20.1666666666667,271.8,328.60548116951,1.35849435011421
2023-01-06 04:00:00,19.7666666666667,271.816666666667,104.420657373789,2.05706822037633
2023-01-06 05:00:00,19.0833333333333,271.983333333333,90.8720726362523,2.6185317749136
2023-01-06 06:00:00,19.5833333333333,272.133333333333,82.5751767196194,2.88458028676504
2023-01-06 07:00:00,19.25,272.416666666667,97.7237326264275,3.50795507967732
2023-01-06 08:00:00,20.7166666666667,272.616666666667,77.0961755073208,2.9782398933798
2023-01-06 09:00:00,20.35,273.1,71.9309101581907,3.26442036247257
2023-01-06 10:00:00,20.35,273.733333333333,71.4349369286798,3.75708148454955
2023-01-06 11:00:00,21.0666666666667,274.066666666667,72.6763923740584,3.68596374957199
2023-01-06 12:00:00,21.8666666666667,274.716666666667,73.4396843318184,3.76607799488613
2023-01-06 13:00:00,21.5333333333333,275.066666666667,69.3137033637468,3.76163812046155
2023-01-06 14:00:00,21.2666666666667,275.266666666667,70.7185996141149,3.56134569534618
2023-01-06 15:00:00,20.7333333333333,275.083333333333,71.4693104969892,4.9724405731717
2023-01-06 16:00:00,19.7833333333333,274.783333333333,69.3804985033517,4.19306635967338
2023-01-06 17:00:00,19.5666666666667,274.016666666667,57.9267574380406,4.24213335229652
2023-01-06 18:00:00,21.95,273.116666666667,60.2646129927886,4.36913070657517
2023-01-06 19:00:00,22.0666666666667,272.95,73.3659357583258,3.90242951116471
2023-01-06 20:00:00,21.45,272.933333333333,81.5630414646354,4.892782993611
2023-01-06 21:00:00,21.4333333333333,273.116666666667,84.0403948086943,6.0039807463682
2023-01-06 22:00:00,21.5666666666667,273.133333333333,76.5242897351595,5.06439342392972
2023-01-06 23:00:00,21.3,273.05,74.1366263989731,5.23902642538046
2023-01-07 00:00:00,21.0166666666667,272.9,76.6685251824682,3.89929308374662
2023-01-07 01:00:00,21.15,272.716666666667,86.5930856229397,4.30766216295624
2023-01-07 02:00:00,21.7166666666667,272.466666666667,92.7780937653832,5.88900512736508
2023-01-07 03:00:00,22.1833333333333,272.583333333333,89.6785811184071,4.98781632437345
2023-01-07 04:00:00,23.2,272.533333333333,77.6431301521864,5.14905542984863
2023-01-07 05:00:00,23.1833333333333,272.5,86.5022880037117,4.22715968242213
2023-01-07 06:00:00,23.25,272.5,80.3789595635745,4.04839249722557
2023-01-07 07:00:00,23.1666666666667,272.566666666667,70.3621235544042,4.50766807484139
2023-01-07 08:00:00,22.4333333333333,272.533333333333,91.0673290945091,4.47828720605521
2023-01-07 09:00:00,20.9666666666667,272.866666666667,76.6937317048507,4.83253907189921
2023-01-07 10:00:00,23.35,272.933333333333,83.3089255331018,5.84637609454973
2023-01-07 11:00:00,29.4666666666667,273.533333333333,75.0753432436974,7.1909598616429
2023-01-07 12:00:00,34.9833333333333,273.75,79.8082597043202,6.05874961107777
2023-01-07 13:00:00,36.5166666666667,274.1,86.0211371367202,5.20133040941722
2023-01-07 14:00:00,36.5833333333333,273.95,85.6539068810577,5.57551981996368
2023-01-07 15:00:00,35.9,273.483333333333,85.4986376867092,7.20707160878286
2023-01-07 16:00:00,35.35,273.166666666667,93.6640436497486,6.24257562571412
2023-01-07 17:00:00,35.45,272.433333333333,94.724662076027,4.48969348510679
2023-01-07 18:00:00,36.2333333333333,271.733333333333,98.6475518997809,2.8988108985244
2023-01-07 19:00:00,36.7666666666667,271.45,96.6688996547722,4.20386666606614
2023-01-07 20:00:00,34.9,271.916666666667,76.9526534244269,3.98049760769423
2023-01-07 21:00:00,34.6,271.533333333333,105.205742272071,4.12909027176791
2023-01-07 22:00:00,32.2166666666667,271.516666666667,105.010404599611,4.29257304022621
2023-01-07 23:00:00,26.8833333333333,271.933333333333,102.48350276901,4.87970199649989
2023-01-08 00:00:00,22.9,272.25,85.6156650050044,3.07116713742136
2023-01-08 01:00:00,20.9166666666667,272.233333333333,85.5878881513382,3.97332828580986
2023-01-08 02:00:00,18.9,272.183333333333,79.1228629148307,4.707211043441
2023-01-08 03:00:00,19.0,271.95,96.2492425085464,7.45652498491496
2023-01-08 04:00:00,22.2666666666667,271.416666666667,103.603154267898,8.86275210284347
2023-01-08 05:00:00,25.05,270.85,105.194489888038,8.83038347182199
2023-01-08 06:00:00,29.3166666666667,270.133333333333,92.7168680020309,6.40619516952788
2023-01-08 07:00:00,41.9666666666667,268.866666666667,91.6812069675742,8.65008604370518
2023-01-08 08:00:00,42.5833333333333,269.25,77.5353979524197,6.55353005106904
2023-01-08 09:00:00,49.95,268.883333333333,92.2147438607218,7.99102949113999
2023-01-08 10:00:00,58.2,268.5,90.1907948915718,7.11973238510751
2023-01-08 11:00:00,64.05,268.55,88.020323249835,5.42242064401314
2023-01-08 12:00:00,69.0,268.233333333333,98.0479795866322,8.30540053548647
2023-01-08 13:00:00,75.4833333333333,268.233333333333,95.543236304965,4.90604980781379
2023-01-08 14:00:00,81.1833333333333,267.933333333333,122.839575415021,3.23783249921423
2023-01-08 15:00:00,93.9666666666667,267.7,96.2689701010462,6.35843902438972
2023-01-08 16:00:00,77.95,268.533333333333,64.5001692596893,7.13080140664334
2023-01-08 17:00:00,77.1,268.516666666667,78.3921481297123,5.1783150083552
2023-01-08 18:00:00,75.1,268.6,65.7827318577035,4.62693479829788
2023-01-08 19:00:00,78.2833333333334,268.683333333333,105.286280261782,3.97862111700636
2023-01-08 20:00:00,74.7833333333334,269.416666666667,85.5339610383072,7.43675405035152
2023-01-08 21:00:00,74.6333333333334,269.866666666667,84.8624649267333,8.23824566455402
2023-01-08 22:00:00,83.25,269.233333333333,93.0444405937151,8.29721641365378
2023-01-08 23:00:00,88.5166666666667,268.75,91.0396300965068,8.31632402235903
2023-01-09 00:00:00,89.1,268.533333333333,90.6524803531791,5.35841886591328
2023-01-09 01:00:00,77.0,268.833333333333,82.2441252918209,6.21328613651381
2023-01-09 02:00:00,77.35,268.566666666667,59.1327946480302,3.29110866837929
2023-01-09 03:00:00,82.6666666666667,268.316666666667,59.5254655396454,7.41894983835417
2023-01-09 04:00:00,99.25,267.566666666667,66.9722089995955,6.11968274925091
2023-01-09 05:00:00,99.9166666666667,266.4,29.6667251881157,4.81392322470667
2023-01-09 06:00:00,100.3,266.433333333333,54.2358045325646,4.95283023332391
2023-01-09 07:00:00,100.15,265.85,352.913214881092,6.94178363187928
2023-01-09 08:00:00,99.5666666666667,263.916666666667,337.134968267787,6.89373004855928
2023-01-09 09:00:00,99.4,263.233333333333,23.2911713201994,4.03350162149806
2023-01-09 10:00:00,99.2833333333333,263.033333333333,335.552526701592,2.87763495785092
2023-01-09 11:00:00,99.2166666666667,262.616666666667,355.230356142936,2.46154687528676
2023-01-09 12:00:00,99.1166666666667,262.55,57.4223075888363,1.23268329212421
2023-01-09 13:00:00,99.1333333333333,262.633333333333,9.30575165307175,2.36236848322446
2023-01-09 14:00:00,99.05,262.566666666667,340.308776678814,2.05872144676203
2023-01-09 15:00:00,99.05,262.3,328.887187539171,2.57572692039006
2023-01-09 16:00:00,99.0333333333334,262.2,330.817901692956,3.57413660601433
2023-01-09 17:00:00,99.15,262.133333333333,333.570636952712,3.71426156359659
2023-01-09 18:00:00,99.1,261.95,344.665619032671,4.50245403066661
2023-01-09 19:00:00,98.9666666666667,261.1,340.912661179197,10.0620329656754
2023-01-09 20:00:00,98.9,260.9,338.714091293802,8.27030307722279
2023-01-09 21:00:00,99.0,261.183333333333,335.323332202926,9.31161159414837
2023-01-09 22:00:00,99.0,261.333333333333,341.846635217733,5.40074994475578
2023-01-09 23:00:00,99.0,261.383333333333,346.098009198003,4.19714903896381
2023-01-10 00:00:00,99.0166666666667,261.45,328.955145105896,6.2078606372699
2023-01-10 01:00:00,99.0,261.45,325.60501516017,4.62588226978617
2023-01-10 02:00:00,99.0,261.383333333333,315.563799110567,4.39688003174759
2023-01-10 03:00:00,98.9666666666667,261.166666666667,312.197595018301,4.10284194009531
2023-01-10 04:00:00,99.0833333333333,261.5,310.900363111616,4.95025832850173
2023-01-10 05:00:00,99.1,261.6,318.770201244572,5.08891396712572
2023-01-10 06:00:00,99.0666666666667,261.566666666667,332.364425591831,7.30693834394682
2023-01-10 07:00:00,99.0166666666667,261.45,325.34096693645,5.55467871232025
2023-01-10 08:00:00,99.0,261.433333333333,330.436454683001,6.26557280161692
2023-01-10 09:00:00,98.9833333333333,261.15,332.228073366293,5.67799131437152
2023-01-10 10:00:00,98.9,260.933333333333,328.405070818079,3.5331178303964
2023-01-10 11:00:00,98.9666666666667,261.2,323.05836196198,3.03872385579184
2023-01-10 12:00:00,99.0,261.483333333333,318.687171022914,1.50498694853215
2023-01-10 13:00:00,99.1833333333333,262.6,325.286679917188,2.50744844167618
2023-01-10 14:00:00,99.7333333333333,264.45,333.53132566158,0.365074707208312
2023-01-10 15:00:00,98.7833333333334,262.983333333333,,0.0
2023-01-10 16:00:00,98.7,261.25,,0.0
2023-01-10 17:00:00,98.65,261.116666666667,,0.0
2023-01-10 18:00:00,98.45,259.533333333333,,0.0
2023-01-10 19:00:00,98.4166666666667,259.5,,0.0
2023-01-10 20:00:00,98.2833333333333,259.683333333333,329.0,0.138333333333333
2023-01-10 21:00:00,94.2166666666667,260.616666666667,345.784557782549,3.74604998036189
2023-01-10 22:00:00,75.8833333333334,261.4,23.8621295857499,2.15745806142837
2023-01-10 23:00:00,70.2,262.883333333333,356.686715828726,5.30680557343182
2023-01-11 00:00:00,73.25,264.233333333333,18.3060224011429,1.76053818296019
2023-01-11 01:00:00,67.9333333333333,265.6,66.171083058953,1.71757023770968
2023-01-11 02:00:00,93.5333333333334,266.683333333333,19.5547002784484,2.41241094293356
2023-01-11 03:00:00,99.9333333333333,267.533333333333,14.6923399604931,3.16611801470225
2023-01-11 04:00:00,99.7666666666667,267.716666666667,41.5454592878605,3.52342368308065
2023-01-11 05:00:00,100.3,267.583333333333,40.5417560758417,2.84031220574012
2023-01-11 06:00:00,99.6833333333333,267.8,84.0392238752534,3.26588456660633
2023-01-11 07:00:00,98.9833333333333,268.183333333333,91.71646415447,3.75303501896646
2023-01-11 08:00:00,89.7333333333333,268.916666666667,76.2104612902986,3.69960395221127
2023-01-11 09:00:00,77.4666666666667,269.266666666667,66.9664684049178,4.4864124113094
2023-01-11 10:00:00,67.6333333333334,269.583333333333,59.0612720264941,5.3013148932373
2023-01-11 11:00:00,55.1333333333333,270.366666666667,72.7936495833041,6.28824100001154
2023-01-11 12:00:00,44.8166666666667,271.2,58.3280414051724,6.28917445481606
2023-01-11 13:00:00,44.8833333333333,271.283333333333,69.1732847707042,5.72607693187858
2023-01-11 14:00:00,54.1666666666667,271.2,65.551582441588,5.36035679286739
2023-01-11 15:00:00,53.65,271.15,48.1429946963287,3.93653596343831
2023-01-11 16:00:00,59.3833333333333,270.3,21.7269143598008,2.85399858077612
2023-01-11 17:00:00,66.05,269.733333333333,24.4373969833753,4.36351352703297
2023-01-11 18:00:00,97.6,268.05,59.9421898257393,3.25854609060174
2023-01-11 19:00:00,100.65,267.633333333333,20.463487796238,4.04503659674619
2023-01-11 20:00:00,100.566666666667,267.05,334.112285674385,6.61668531050193
2023-01-11 21:00:00,99.9333333333333,265.933333333333,342.47551539974,7.26505885973893
2023-01-11 22:00:00,100.033333333333,265.9,351.696914493356,3.93415890480633
2023-01-11 23:00:00,100.033333333333,265.35,354.879129516954,5.52649386547526
2023-01-12 00:00:00,99.7166666666667,265.2,3.33467537961184,4.11187452688404
2023-01-12 01:00:00,99.9833333333333,264.966666666667,342.639811852914,4.38821740027911
2023-01-12 02:00:00,99.8833333333334,264.733333333333,0.405869519561406,4.73571349633887
2023-01-12 03:00:00,99.5333333333333,263.566666666667,5.8137953975525,4.61082140008271
2023-01-12 04:00:00,95.3833333333333,263.2,12.4513767995116,5.16738791001961
2023-01-12 05:00:00,66.6166666666667,263.533333333333,28.3314347522025,4.86090941485002
2023-01-12 06:00:00,60.1,263.616666666667,42.8039419122985,3.04346400727591
2023-01-12 07:00:00,55.2833333333333,263.75,64.5559261307045,3.95199039281951
2023-01-12 08:00:00,53.4833333333333,264.15,80.8202198713683,4.49091897850585
2023-01-12 09:00:00,46.85,265.033333333333,44.3717399826851,5.8050023404875
2023-01-12 10:00:00,43.55,265.8,46.3131523828306,4.88861044052778
2023-01-12 11:00:00,48.9166666666667,265.966666666667,86.2138499774273,4.3371623299178
2023-01-12 12:00:00,50.1833333333333,266.883333333333,70.1741139769251,5.38674310898009
2023-01-12 13:00:00,51.9166666666667,267.8,66.4443196778998,5.96284303048425
2023-01-12 14:00:00,49.9833333333333,267.833333333333,55.2595690941711,6.47744526496952
2023-01-12 15:00:00,49.6,268.116666666667,58.4930028274722,6.23174152979639
2023-01-12 16:00:00,42.3666666666667,268.416666666667,57.9034900009833,5.9036643479723
2023-01-12 17:00:00,40.2666666666667,268.4,53.3833816528262,7.77346758497027
2023-01-12 18:00:00,36.95,268.483333333333,51.9453833559564,9.01243205969999
2023-01-12 19:00:00,29.9333333333333,268.9,59.2348198378941,8.07005452726256
2023-01-12 20:00:00,29.2666666666667,269.3,54.9156828349323,8.1236476591407
2023-01-12 21:00:00,29.5333333333333,269.45,54.8405171876063,8.44286284817397
2023-01-12 22:00:00,27.35,269.633333333333,50.3344358701488,7.79028028358275
2023-01-12 23:00:00,25.9833333333333,269.883333333333,43.3632145584878,10.1508752609166
2023-01-13 00:00:00,27.9833333333333,270.15,46.4522166989085,10.5726661000247
2023-01-13 01:00:00,29.5,270.233333333333,46.6449767790522,9.67251376321117
2023-01-13 02:00:00,29.35,270.066666666667,43.074495458542,10.2348553992191
2023-01-13 03:00:00,31.3,269.9,65.6405793838413,6.06514920530706
2023-01-13 04:00:00,34.75,269.833333333333,61.968121151614,6.50164605617822
2023-01-13 05:00:00,36.0166666666667,269.65,54.8382057308696,6.14376217260075
2023-01-13 06:00:00,39.7166666666667,269.116666666667,51.8644830806638,6.36161256214473
2023-01-13 07:00:00,42.7333333333333,268.716666666667,51.6390486088387,6.28153015123968
2023-01-13 08:00:00,42.7833333333333,268.966666666667,58.0513165032064,6.66119344568087
2023-01-13 09:00:00,48.3333333333333,268.783333333333,52.6320124235235,7.36324375191765
2023-01-13 10:00:00,75.9,267.683333333333,56.6488656263071,6.97171777665498
2023-01-13 11:00:00,71.75,268.2,46.2949914191737,6.88177455623062
2023-01-13 12:00:00,63.6166666666667,268.833333333333,50.9533126333957,8.24496166958465
2023-01-13 13:00:00,61.9,268.816666666667,44.6678800167382,7.68689965331317
2023-01-13 14:00:00,64.4333333333333,268.35,28.2012542111666,6.46243178974716
2023-01-13 15:00:00,73.3666666666667,267.516666666667,42.1942189029681,7.67752591765842
2023-01-13 16:00:00,88.7333333333333,266.866666666667,44.9232842502925,7.33712258028442
2023-01-13 17:00:00,92.9166666666667,266.25,9.47966928215016,7.56638246909596
2023-01-13 18:00:00,100.033333333333,265.45,9.65357000331318,6.23281196327791
2023-01-13 19:00:00,99.7833333333333,264.816666666667,2.25347497096459,7.48886362136198
2023-01-13 20:00:00,97.8,264.316666666667,29.6125010590273,8.40549179057351
2023-01-13 21:00:00,97.65,263.966666666667,35.2166594227381,7.93069622348962
2023-01-13 22:00:00,97.5,263.85,35.2644797063043,6.79011521677272
2023-01-13 23:00:00,99.5666666666667,263.7,30.2803338580577,7.45288750682106
2023-01-14 00:00:00,99.2166666666667,262.583333333333,12.935584908581,5.31211956809616
2023-01-14 01:00:00,99.4,263.05,12.685863207023,6.1163596427227
2023-01-14 02:00:00,99.05,262.133333333333,40.9971674785055,4.50456150891977
2023-01-14 03:00:00,98.2333333333333,262.25,50.5332618443029,5.23102982743412
2023-01-14 04:00:00,98.6833333333333,262.316666666667,41.844018655353,6.05979181772717
2023-01-14 05:00:00,93.7833333333334,262.283333333333,34.2261237856031,5.68800480001073
2023-01-14 06:00:00,87.6166666666667,262.3,52.5136000150602,5.61376259537566
2023-01-14 07:00:00,78.45,262.283333333333,56.1579019294572,6.84615757522517
2023-01-14 08:00:00,61.8166666666667,262.55,66.2652973615385,5.3643856855115
2023-01-14 09:00:00,45.8333333333333,263.733333333333,73.0844949048438,5.10243113304713
2023-01-14 10:00:00,35.8166666666667,265.316666666667,103.056285127764,5.31921592632371
2023-01-14 11:00:00,39.5333333333333,266.666666666667,94.5046982285037,5.78412890127918
2023-01-14 12:00:00,44.45,267.55,63.5133805188078,6.31139949667536
2023-01-14 13:00:00,54.7,268.133333333333,65.5441239692243,6.94725544065439
2023-01-14 14:00:00,52.85,269.233333333333,63.2525172086294,7.38320264800683
2023-01-14 15:00:00,48.1166666666667,269.55,68.3860168056645,5.79367671537677
2023-01-14 16:00:00,45.4666666666667,269.033333333333,59.1167506279422,7.23044737654294
2023-01-14 17:00:00,44.6833333333333,268.816666666667,52.9626365914664,7.49489814939027
2023-01-14 18:00:00,46.9833333333333,268.433333333333,75.9756765931056,6.83213691173668
2023-01-14 19:00:00,45.85,268.35,88.4556339955569,6.85259236347703
2023-01-14 20:00:00,44.5333333333333,268.55,86.7584098365211,6.74949228544958
2023-01-14 21:00:00,44.4833333333333,268.633333333333,80.5333377726688,7.03981350314134
2023-01-14 22:00:00,48.65,268.55,78.4277723780529,7.80432899723401
2023-01-14 23:00:00,50.5166666666667,268.916666666667,86.6254365648873,7.88784212336709
2023-01-15 00:00:00,58.4166666666667,269.283333333333,80.6052204415622,5.88348355252132
2023-01-15 01:00:00,67.4333333333333,268.916666666667,91.4803702840049,5.30678640819905
2023-01-15 02:00:00,86.7666666666667,268.5,97.6899066794908,8.92505897180519
2023-01-15 03:00:00,92.5833333333333,269.45,94.277650156597,9.61555013180294
2023-01-15 04:00:00,76.9666666666667,271.216666666667,67.7346738688845,6.41716921387237
2023-01-15 05:00:00,69.4833333333333,271.466666666667,74.150848380508,6.51751233539121
2023-01-15 06:00:00,66.3166666666667,271.85,64.6904001488236,7.67531541851577
2023-01-15 07:00:00,64.15,272.333333333333,67.1504927421509,10.110300097955
2023-01-15 08:00:00,60.75,271.95,54.5714489950925,10.25179936814
2023-01-15 09:00:00,63.3333333333333,271.516666666667,52.6949011130856,8.50329415642994
2023-01-15 10:00:00,66.6666666666667,271.016666666667,52.2163249584655,6.7877736093094
2023-01-15 11:00:00,67.9,270.65,66.0949573270422,8.33235547166131
2023-01-15 12:00:00,73.3,270.35,69.7332958206138,12.5152937215893
2023-01-15 13:00:00,70.6333333333333,270.35,66.9055353438382,11.9172256249178
2023-01-15 14:00:00,70.2833333333334,269.883333333333,68.9747223776896,8.08102542711969
2023-01-15 15:00:00,91.6333333333333,266.9,0.0085771796632343,5.07236386275246
2023-01-15 16:00:00,99.6833333333333,264.45,332.747472099996,8.18032593496193
2023-01-15 17:00:00,99.3166666666667,262.75,326.993055786469,9.28902553216047
2023-01-15 18:00:00,99.2166666666667,262.233333333333,320.618652823472,5.24495631381685
2023-01-15 19:00:00,99.2166666666667,262.183333333333,34.8102177689514,3.39812601655079
2023-01-15 20:00:00,98.85,261.383333333333,28.0075426548488,4.39374630587716
2023-01-15 21:00:00,86.6833333333334,260.683333333333,62.9783924834803,3.43305858647423
2023-01-15 22:00:00,73.6,260.516666666667,80.4515443338618,2.8365324120492
2023-01-15 23:00:00,51.7833333333333,260.483333333333,92.6353234802845,3.41671817733711
2023-01-16 00:00:00,34.1666666666667,260.883333333333,93.9613023672245,2.99549473802179
2023-01-16 01:00:00,26.8666666666667,261.2,79.3028282104103,3.52764700657958
2023-01-16 02:00:00,27.5833333333333,261.283333333333,72.577336871961,3.25413654957459
2023-01-16 03:00:00,31.5,261.35,66.4276455233427,3.9222778853535
2023-01-16 04:00:00,35.0666666666667,261.466666666667,85.674525063644,3.49016723065488
2023-01-16 05:00:00,40.0166666666667,261.6,97.1020581082556,3.93236570412276
2023-01-16 06:00:00,42.4,261.716666666667,95.3595974525246,4.30707735384496
2023-01-16 07:00:00,39.5833333333333,262.0,98.7277975114683,5.0256460983489
2023-01-16 08:00:00,36.4166666666667,262.366666666667,96.5915282529152,5.57553382371628
2023-01-16 09:00:00,31.4333333333333,263.2,98.718318518764,6.47102840780875
2023-01-16 10:00:00,29.8166666666667,264.083333333333,98.8103952021611,6.25987516446297
2023-01-16 11:00:00,32.6333333333333,264.133333333333,93.6769834371458,7.24186520923555
2023-01-16 12:00:00,39.6833333333333,263.766666666667,102.165327847607,8.6070415157745
2023-01-16 13:00:00,46.1833333333333,263.666666666667,96.1026385006029,4.40685184199201
2023-01-16 14:00:00,50.45,264.266666666667,77.1280500483888,2.70658614846239
2023-01-16 15:00:00,58.6833333333333,262.566666666667,79.4790582059941,4.81174987687638
2023-01-16 16:00:00,66.2833333333334,262.183333333333,81.2320041230312,5.13696298068783
2023-01-16 17:00:00,71.0666666666667,261.983333333333,81.2710575130978,6.79675138189914
2023-01-16 18:00:00,72.2666666666667,261.816666666667,69.3787687041962,6.165141066222
2023-01-16 19:00:00,66.8,261.933333333333,62.5492276119161,6.83255639001863
2023-01-16 20:00:00,66.8666666666667,261.716666666667,76.7218372831563,6.93831312156212
2023-01-16 21:00:00,61.9,261.716666666667,48.1143642755603,7.50856802962193
2023-01-16 22:00:00,63.2666666666667,261.366666666667,47.5666801708433,7.58333639381742
2023-01-16 23:00:00,64.65,261.05,65.8437223991716,6.35017494549677
2023-01-17 00:00:00,64.6,260.683333333333,65.6352901499457,5.86821289210873
2023-01-17 01:00:00,66.1333333333333,260.466666666667,64.0156531229033,6.15637645253248
2023-01-17 02:00:00,62.6333333333333,260.483333333333,56.7729663544495,7.70032097130427
2023-01-17 03:00:00,63.7666666666667,260.233333333333,50.5497137317404,6.44583066279258
2023-01-17 04:00:00,63.3166666666667,260.15,45.1221973410887,4.99604905204104
2023-01-17 05:00:00,67.75,259.883333333333,77.6891460757812,3.17821190804466
2023-01-17 06:00:00,75.6333333333333,259.533333333333,93.7390815745273,2.89481990702222
2023-01-17 07:00:00,75.65,259.433333333333,112.585902648876,3.55021743851561
2023-01-17 08:00:00,67.0,259.583333333333,113.596670857609,5.72224247523033
2023-01-17 09:00:00,62.4833333333333,259.716666666667,98.9414618578667,4.33944961428142
2023-01-17 10:00:00,54.7,260.366666666667,99.3869938525463,6.11261050093941
2023-01-17 11:00:00,53.65,260.616666666667,101.698736985733,5.84733633467917
2023-01-17 12:00:00,53.6,261.033333333333,105.854346531424,4.25290739034097
2023-01-17 13:00:00,60.85,261.383333333333,144.533174143484,2.12705790368952
2023-01-17 14:00:00,77.5,261.45,165.052258079485,1.00877125308209
2023-01-17 15:00:00,81.5166666666667,262.1,94.8325541957067,6.77251316960267
2023-01-17 16:00:00,70.1166666666667,263.266666666667,94.4102350719023,5.75520311697957
2023-01-17 17:00:00,91.7666666666667,261.65,61.3210257650626,5.28642172737858
2023-01-17 18:00:00,91.5833333333333,261.35,59.8636056846759,4.6028723904915
2023-01-17 19:00:00,98.9,260.7,35.4364665498269,6.67698075498244
2023-01-17 20:00:00,98.9333333333333,261.083333333333,55.9780688528983,4.730159093748
2023-01-17 21:00:00,98.9666666666667,261.25,60.0442700395787,4.16805996142853
2023-01-17 22:00:00,98.7333333333333,261.233333333333,50.8314061076442,4.88905488936395
2023-01-17 23:00:00,98.2,261.15,68.6827542149997,3.12651968468979
2023-01-18 00:00:00,91.0666666666667,261.183333333333,50.412157022686,3.41669041530176
2023-01-18 01:00:00,91.0,261.083333333333,59.9860550953887,3.51007753023149
2023-01-18 02:00:00,76.35,261.183333333333,67.9404551618127,2.74285498395762
2023-01-18 03:00:00,80.8666666666667,260.8,33.6409126770799,0.638117063548378
2023-01-18 04:00:00,98.8333333333333,260.066666666667,346.017524922553,2.07799189205985
2023-01-18 05:00:00,98.7666666666667,259.6,139.509223594702,1.2763199921609
2023-01-18 06:00:00,98.6166666666667,259.266666666667,122.73066196921,1.23542633033586
2023-01-18 07:00:00,81.5166666666667,259.25,61.3002939965853,3.85336073818297
2023-01-18 08:00:00,92.0666666666667,259.116666666667,40.714295801267,4.42331602374283
2023-01-18 09:00:00,97.9666666666667,259.116666666667,93.6569995066428,2.81583440462342
2023-01-18 10:00:00,77.75,260.266666666667,54.6588302033658,2.73712441553455
2023-01-18 11:00:00,72.3,261.166666666667,47.5830815850873,2.00728229676728
2023-01-18 12:00:00,79.2666666666667,262.066666666667,86.7036470481706,1.36994331393495
2023-01-18 13:00:00,81.15,260.683333333333,70.8475814698746,2.27426555980218
2023-01-18 14:00:00,77.4333333333333,260.75,59.1595319424193,2.78589001750745
2023-01-18 15:00:00,72.4166666666667,262.55,88.1321176695943,1.7958256601376
2023-01-18 16:00:00,69.7,261.966666666667,350.383397402665,0.927192557771894
2023-01-18 17:00:00,79.15,260.133333333333,320.960777414665,2.7413291568932
2023-01-18 18:00:00,95.9666666666667,259.0,328.711941673508,3.31902824841952
2023-01-18 19:00:00,98.6,259.266666666667,334.93346243214,3.28496917800662
2023-01-18 20:00:00,98.6,259.333333333333,306.791670619838,0.674339534420432
2023-01-18 21:00:00,98.5666666666667,259.283333333333,307.665907689356,2.74836987530057
2023-01-18 22:00:00,97.45,258.716666666667,325.336145574546,5.35065696762468
2023-01-18 23:00:00,96.1166666666667,258.216666666667,324.506938742772,5.3374200133636
2023-01-19 00:00:00,95.0333333333334,257.8,333.480625380744,4.26024462540996
2023-01-19 01:00:00,93.85,257.316666666667,332.693257601823,3.90197690212428
2023-01-19 02:00:00,92.4666666666667,256.816666666667,334.295322939244,3.27312137550982
2023-01-19 03:00:00,91.2666666666667,256.4,328.817523185727,2.52590151725495
2023-01-19 04:00:00,90.9,256.166666666667,324.074187786588,2.19367937069557
2023-01-19 05:00:00,90.5666666666667,255.983333333333,293.546379381764,1.30902338876996
2023-01-19 06:00:00,89.4666666666667,255.65,268.636881997356,1.4750965436355
2023-01-19 07:00:00,88.6333333333334,255.116666666667,284.184602313247,1.46152131951845
2023-01-19 08:00:00,88.4333333333333,254.966666666667,269.892295443453,1.2962420681862
2023-01-19 09:00:00,88.1333333333333,255.0,296.486836658231,0.993230588908947
2023-01-19 10:00:00,88.6833333333333,255.116666666667,278.992843255305,0.934643087101278
2023-01-19 11:00:00,89.3666666666667,255.816666666667,290.377184941123,0.521646167914231
2023-01-19 12:00:00,87.85,255.7,239.425514938982,0.234919669879268
2023-01-19 13:00:00,88.6666666666667,255.85,235.472054168097,0.756885131722649
2023-01-19 14:00:00,91.6666666666667,257.033333333333,294.910286885775,0.580529850799078
2023-01-19 15:00:00,92.1833333333333,257.433333333333,309.0,0.181666666666667
2023-01-19 16:00:00,90.7166666666667,257.483333333333,,0.0
2023-01-19 17:00:00,88.1333333333333,255.683333333333,272.39213164697,0.152021552606748
2023-01-19 18:00:00,87.3,254.75,277.001682546961,0.35628058285594
2023-01-19 19:00:00,87.65,254.616666666667,235.213255292259,0.210638239503876
2023-01-19 20:00:00,88.3833333333333,254.95,199.401780658664,0.0913954088098057
2023-01-19 21:00:00,87.1,254.55,,0.0
2023-01-19 22:00:00,86.8333333333333,254.25,,0.0
2023-01-19 23:00:00,87.05,254.333333333333,,0.0
2023-01-20 00:00:00,87.3833333333333,254.766666666667,,0.0
2023-01-20 01:00:00,85.95,253.983333333333,,0.0
2023-01-20 02:00:00,85.5333333333334,253.6,,0.0
2023-01-20 03:00:00,89.9,255.3,,0.0
2023-01-20 04:00:00,88.9,255.333333333333,,0.0
2023-01-20 05:00:00,89.1666666666667,255.483333333333,,0.0
2023-01-20 06:00:00,86.0166666666667,254.433333333333,,0.0
2023-01-20 07:00:00,83.6333333333334,253.1,343.0,0.0983333333333333
2023-01-20 08:00:00,84.5833333333333,252.95,339.125677973731,0.247755783468811
2023-01-20 09:00:00,85.0166666666667,253.25,,0.0
2023-01-20 10:00:00,86.8666666666667,254.416666666667,,0.0
2023-01-20 11:00:00,88.55,255.483333333333,,0.0
2023-01-20 12:00:00,87.9,256.066666666667,243.0,0.0583333333333333
2023-01-20 13:00:00,87.3666666666667,255.7,247.970482327215,0.11329933532147
2023-01-20 14:00:00,88.7333333333334,256.4,241.0,0.0116666666666667
2023-01-20 15:00:00,88.0333333333333,255.816666666667,294.973552451873,1.50105274288139
2023-01-20 16:00:00,88.7166666666667,255.6,300.816964946387,5.09099876606989
2023-01-20 17:00:00,88.65,255.3,312.725315164431,4.39442987750678
2023-01-20 18:00:00,88.6166666666667,255.15,295.911983067407,4.87284047545779
2023-01-20 19:00:00,88.6,255.066666666667,288.093741346131,4.88102700047475
2023-01-20 20:00:00,88.2666666666667,254.95,290.574094078403,5.35192067884486
2023-01-20 21:00:00,88.35,254.916666666667,297.552101223076,5.43921129040173
2023-01-20 22:00:00,88.45,254.95,284.6081764298,5.40219475355737
2023-01-20 23:00:00,88.4666666666667,254.966666666667,299.608610014004,4.68839056720584
2023-01-21 00:00:00,88.4333333333333,254.966666666667,283.761937004121,3.71191114058774
2023-01-21 01:00:00,88.5166666666667,255.05,292.494212354983,3.762793783651
2023-01-21 02:00:00,88.7666666666667,255.15,260.930469272936,4.15279717680708
2023-01-21 03:00:00,88.6166666666667,255.116666666667,257.848951063794,4.6369287737977
2023-01-21 04:00:00,88.5666666666667,255.05,248.173486610674,5.4583316951009
2023-01-21 05:00:00,88.75,255.133333333333,255.235866975338,4.43737152502971
2023-01-21 06:00:00,88.6666666666667,255.15,247.117512287896,6.5145870212101
2023-01-21 07:00:00,88.35,255.116666666667,244.208024053566,6.09381908746008
2023-01-21 08:00:00,88.4333333333333,255.1,244.93664186406,6.21855949062167
2023-01-21 09:00:00,88.3,255.216666666667,247.622540531421,4.86551070045428
2023-01-21 10:00:00,87.4833333333333,255.533333333333,239.709367527142,5.54743670126183
2023-01-21 11:00:00,87.9333333333334,255.866666666667,251.169819766195,5.01516074200688
2023-01-21 12:00:00,88.45,256.366666666667,258.765163560042,3.55512016068377
2023-01-21 13:00:00,89.25,256.466666666667,253.897552237294,4.76402574286127
2023-01-21 14:00:00,89.0833333333333,256.65,253.811172641517,5.31899925402664
2023-01-21 15:00:00,90.0333333333334,256.6,266.031023185873,4.87300908179232
2023-01-21 16:00:00,90.9833333333333,256.4,256.988361288346,4.18109889681378
2023-01-21 17:00:00,91.5666666666667,256.466666666667,249.754695379501,4.6542364761526
2023-01-21 18:00:00,90.5166666666667,255.983333333333,304.809736072922,2.92012994779783
2023-01-21 19:00:00,90.4166666666667,255.833333333333,310.333566282642,3.11568022631395
2023-01-21 20:00:00,91.25,256.25,261.393796775057,4.838467480643
2023-01-21 21:00:00,91.6833333333333,256.45,240.620597748625,4.4518408064203
2023-01-21 22:00:00,92.2833333333333,256.733333333333,238.432721906014,3.36618961596902
2023-01-21 23:00:00,92.4666666666667,256.9,236.264571190337,4.83578678661562
2023-01-22 00:00:00,92.2166666666667,256.9,242.678257557119,4.43304750752855
2023-01-22 01:00:00,92.05,256.666666666667,239.302618357155,3.87250309397057
2023-01-22 02:00:00,91.8,256.616666666667,241.746391771031,3.91704351572212
2023-01-22 03:00:00,91.2166666666667,256.516666666667,236.54900485321,4.32956287802108
2023-01-22 04:00:00,90.0,256.466666666667,234.092817645671,4.77440372500091
2023-01-22 05:00:00,88.5,256.65,228.612145389258,5.5906342342197
2023-01-22 06:00:00,87.3833333333333,256.85,234.897502072415,5.96504221716872
2023-01-22 07:00:00,90.6,256.683333333333,239.820709631593,4.90482018655214
2023-01-22 08:00:00,91.6166666666667,256.4,238.165523880657,5.28943805323115
2023-01-22 09:00:00,91.45,256.583333333333,236.084137413382,4.04936318365499
2023-01-22 10:00:00,87.6,258.116666666667,233.631980291534,2.68946145227489
2023-01-22 11:00:00,86.7833333333334,261.066666666667,183.911421723928,0.492713601101145
2023-01-22 12:00:00,82.8333333333333,264.433333333333,286.039289478027,0.569578825702477
2023-01-22 13:00:00,74.8333333333333,263.683333333333,266.835466270726,2.560549771162
2023-01-22 14:00:00,74.9833333333333,262.716666666667,228.746664098891,0.654537703553881
2023-01-22 15:00:00,75.1666666666667,262.783333333333,254.26389718478,2.43925330820968
2023-01-22 16:00:00,74.5333333333334,260.383333333333,221.920489794106,5.97814792131799
2023-01-22 17:00:00,68.3166666666667,261.2,219.741449555652,5.09686655568346
2023-01-22 18:00:00,70.0833333333333,260.533333333333,221.910526699921,5.02106550599375
2023-01-22 19:00:00,76.4333333333333,260.033333333333,231.055085959666,4.84574452365983
2023-01-22 20:00:00,78.4666666666667,260.066666666667,213.623509042875,4.16472475442601
2023-01-22 21:00:00,78.4166666666667,260.15,221.96606446145,4.88624064552628
2023-01-22 22:00:00,78.9166666666667,260.05,221.297908389492,4.75532873605683
2023-01-22 23:00:00,75.3833333333333,260.333333333333,224.016062976117,3.19985024830968
2023-01-23 00:00:00,73.0,260.733333333333,262.520847640821,2.92336664654793
2023-01-23 01:00:00,70.4333333333333,260.933333333333,262.197168310784,2.74683546621773
2023-01-23 02:00:00,63.0,261.533333333333,196.246540895998,2.89813306095211
2023-01-23 03:00:00,63.3,261.633333333333,251.892643575885,3.75056391841009
2023-01-23 04:00:00,66.0833333333333,261.616666666667,274.772529253081,2.34035516852181
2023-01-23 05:00:00,69.0,261.933333333333,180.915547415762,1.64196080070782
2023-01-23 06:00:00,70.6,262.033333333333,206.462121312871,3.14097643517983
2023-01-23 07:00:00,70.0166666666667,262.2,203.080412900422,8.13943756432406
2023-01-23 08:00:00,70.7333333333333,262.183333333333,212.19929300319,9.77362492320785
2023-01-23 09:00:00,69.5,263.25,211.894003098225,10.5185213090774
2023-01-23 10:00:00,69.7833333333333,263.95,215.189451436446,11.357777703848
2023-01-23 11:00:00,75.45,263.083333333333,209.092358663989,10.7538911228334
2023-01-23 12:00:00,77.95,263.25,193.759131453775,9.82182396299025
2023-01-23 13:00:00,74.1166666666667,264.366666666667,191.77950955821,9.53667291416142
2023-01-23 14:00:00,65.55,265.866666666667,180.936521644298,10.0074209902979
2023-01-23 15:00:00,65.4666666666667,266.266666666667,183.265684013218,8.36980553522186
2023-01-23 16:00:00,71.6,265.0,212.18373250518,8.7231859980125
2023-01-23 17:00:00,73.9833333333333,264.683333333333,217.515984654266,8.53291588670007
2023-01-23 18:00:00,79.5166666666667,264.3,214.435488046559,7.94845574853774
2023-01-23 19:00:00,83.2666666666667,264.45,216.744973460381,7.52692513346899
2023-01-23 20:00:00,90.75,264.216666666667,205.712884528515,7.89972144368153
2023-01-23 21:00:00,76.0833333333333,264.766666666667,177.663041909245,8.55771437332524
2023-01-23 22:00:00,71.9166666666667,264.55,158.653087458431,9.89809407608333
2023-01-23 23:00:00,68.1833333333333,264.7,136.805403044635,11.486155973812
2023-01-24 00:00:00,66.85,264.533333333333,160.166330894943,9.84154227997057
2023-01-24 01:00:00,69.5666666666667,264.133333333333,160.249759426033,7.66984198881834
2023-01-24 02:00:00,68.2166666666667,264.2,147.521245337857,7.5534543404218
2023-01-24 03:00:00,69.6166666666667,263.983333333333,178.438334451643,5.88280025638933
2023-01-24 04:00:00,68.6666666666667,263.983333333333,176.077803996431,4.85943122838133
2023-01-24 05:00:00,71.5333333333333,263.733333333333,156.832685945135,6.02783272894112
2023-01-24 06:00:00,65.5166666666667,264.383333333333,152.572939084533,7.52789841684807
2023-01-24 07:00:00,66.8333333333333,264.516666666667,158.241773488618,6.93940141119928
2023-01-24 08:00:00,69.7666666666667,264.266666666667,158.152901532856,5.44335925926098
2023-01-24 09:00:00,68.4,264.733333333333,173.779102793548,6.82790152469306
2023-01-24 10:00:00,66.5833333333333,265.366666666667,173.089945929343,6.86570526215583
2023-01-24 11:00:00,67.7666666666667,265.75,153.45595646176,7.0704981853685
2023-01-24 12:00:00,69.0,265.783333333333,151.684387365555,8.22772735708458
2023-01-24 13:00:00,66.9833333333333,266.533333333333,154.276982458687,7.42283056138658
2023-01-24 14:00:00,65.9333333333333,267.15,174.299154462515,6.28743969282599
2023-01-24 15:00:00,67.55,266.833333333333,192.01484143067,5.17877236594654
2023-01-24 16:00:00,74.3666666666667,265.833333333333,195.643076581387,5.07317733809414
2023-01-24 17:00:00,75.0666666666667,266.15,199.393773321503,3.25141901012007
2023-01-24 18:00:00,77.9333333333334,265.616666666667,231.565648474859,1.82407379061193
2023-01-24 19:00:00,77.7,265.516666666667,265.169359163888,1.21724651841108
2023-01-24 20:00:00,74.4833333333333,265.733333333333,213.749954921754,2.61195229105503
2023-01-24 21:00:00,70.6833333333333,266.25,191.512946474446,4.11106872571202
2023-01-24 22:00:00,69.8166666666667,266.3,179.060393657775,2.00155535758853
2023-01-24 23:00:00,67.4666666666667,266.383333333333,155.917266625903,3.11554590316986
2023-01-25 00:00:00,65.25,266.366666666667,140.760126973602,2.94225642470623
2023-01-25 01:00:00,63.75,266.383333333333,167.760210664354,6.31384207391958
2023-01-25 02:00:00,63.3,266.4,174.509575077669,10.0599691427076
2023-01-25 03:00:00,56.1166666666667,266.466666666667,156.720524655743,10.6025662867714
2023-01-25 04:00:00,47.7333333333333,266.866666666667,133.726520203872,11.1085322104483
2023-01-25 05:00:00,46.5333333333333,266.666666666667,165.627332191114,7.7039959106002
2023-01-25 06:00:00,43.9,266.916666666667,174.242208063958,7.4287704889357
2023-01-25 07:00:00,45.4666666666667,266.616666666667,207.663160439015,5.04310732082423
2023-01-25 08:00:00,40.9333333333333,266.916666666667,208.068278339368,7.76377058568529
2023-01-25 09:00:00,37.5333333333333,267.366666666667,202.48664386143,8.99408438361495
2023-01-25 10:00:00,33.5166666666667,268.216666666667,210.013052909034,9.31190283783182
2023-01-25 11:00:00,33.1166666666667,268.633333333333,220.73069319382,7.18400655068071
2023-01-25 12:00:00,32.2166666666667,268.816666666667,219.187879639029,4.8358553621819
2023-01-25 13:00:00,31.4166666666667,268.9,218.296722026955,4.42189093354299
2023-01-25 14:00:00,29.9666666666667,268.966666666667,196.856091133968,4.25322820058966
2023-01-25 15:00:00,30.1333333333333,269.016666666667,191.668829638233,3.64747947063143
2023-01-25 16:00:00,32.4833333333333,268.683333333333,214.597856547524,3.19654555402694
2023-01-25 17:00:00,34.35,267.716666666667,226.084415606861,4.32826351449294
2023-01-25 18:00:00,34.4333333333333,266.516666666667,223.511281870342,4.83586043441632
2023-01-25 19:00:00,29.55,266.75,231.806052102612,4.58214591812052
2023-01-25 20:00:00,24.3833333333333,267.1,231.145810584044,5.22355867704274
2023-01-25 21:00:00,17.2333333333333,267.633333333333,221.621760747124,6.97506593845391
2023-01-25 22:00:00,11.25,268.066666666667,218.193292003501,6.57295141017161
2023-01-25 23:00:00,10.9,267.883333333333,223.557990749433,4.68714328970452
2023-01-26 00:00:00,16.7833333333333,266.866666666667,255.432067471859,3.73556452693647
2023-01-26 01:00:00,22.5833333333333,265.55,255.171266609509,5.74084948484555
2023-01-26 02:00:00,18.2,265.866666666667,233.553469128399,6.84364015286831
2023-01-26 03:00:00,20.0333333333333,265.466666666667,234.903481921053,6.05083172695741
2023-01-26 04:00:00,20.2833333333333,265.283333333333,234.158055432564,5.22735584394197
2023-01-26 05:00:00,22.9,264.883333333333,233.539969124685,4.26606378441045
2023-01-26 06:00:00,28.3333333333333,264.183333333333,247.29264908457,5.13043719367937
2023-01-26 07:00:00,36.9166666666667,263.35,252.914654919592,4.24927061882976
2023-01-26 08:00:00,42.0666666666667,262.866666666667,257.086277390443,3.76068162928773
2023-01-26 09:00:00,37.0833333333333,263.65,223.411677693034,4.21770864227271
2023-01-26 10:00:00,26.6333333333333,265.066666666667,223.940768400276,4.64028270402521
2023-01-26 11:00:00,23.1833333333333,265.583333333333,225.532759965541,4.58152198498313
2023-01-26 12:00:00,23.8666666666667,265.883333333333,227.704603231257,3.16145391680869
2023-01-26 13:00:00,30.2333333333333,265.65,256.125331353577,1.95173381776462
2023-01-26 14:00:00,40.4666666666667,264.616666666667,284.337140340549,3.13539089016931
2023-01-26 15:00:00,44.4,264.7,275.537884489986,1.92046909898202
2023-01-26 16:00:00,51.4666666666667,263.566666666667,302.067610717678,3.76073462166075
2023-01-26 17:00:00,57.6,262.8,306.907322385343,3.998701631852
2023-01-26 18:00:00,56.9333333333333,261.583333333333,282.604743233555,5.10822421342247
2023-01-26 19:00:00,50.3333333333333,261.583333333333,251.096397509832,4.56059429183316
2023-01-26 20:00:00,47.0666666666667,261.45,238.554233826698,5.08022306940095
2023-01-26 21:00:00,39.6333333333333,261.616666666667,226.822274179583,5.17193624091627
2023-01-26 22:00:00,34.6333333333333,261.65,224.680595647163,5.5460213348847
2023-01-26 23:00:00,35.8,261.833333333333,228.731743797452,4.25300188982016
2023-01-27 00:00:00,42.55,261.566666666667,241.984894215647,4.5898878245087
2023-01-27 01:00:00,40.5666666666667,261.233333333333,251.371950471905,4.18748489759249
2023-01-27 02:00:00,35.95,260.733333333333,259.121635334461,4.96221496407681
2023-01-27 03:00:00,39.2,260.25,251.129729969066,5.89773969693763
2023-01-27 04:00:00,36.35,260.166666666667,247.164729856221,5.17583558336422
2023-01-27 05:00:00,28.2666666666667,260.066666666667,240.150717149127,6.12631746993762
2023-01-27 06:00:00,29.2666666666667,260.05,239.475064454085,5.26190695723771
2023-01-27 07:00:00,44.1,259.816666666667,242.829323533451,7.31622863890471
2023-01-27 08:00:00,47.1,260.133333333333,227.858970234875,6.04229644395413
2023-01-27 09:00:00,44.5,260.916666666667,229.916187578703,6.99484304856951
2023-01-27 10:00:00,52.85,261.183333333333,236.495327416893,5.55664641444432
2023-01-27 11:00:00,51.3666666666667,261.466666666667,275.753963049203,3.78411249357447
2023-01-27 12:00:00,33.2333333333333,262.066666666667,216.745321666384,4.99265795641795
2023-01-27 13:00:00,31.8,261.55,216.537406825119,3.13801891053312
2023-01-27 14:00:00,48.2833333333333,260.733333333333,233.828253364374,4.08164472632661
2023-01-27 15:00:00,48.3833333333333,261.1,271.509598463205,3.30180187470621
2023-01-27 16:00:00,39.8166666666667,261.65,244.082593394751,5.11846977204321
2023-01-27 17:00:00,39.0333333333333,261.0,247.346417517999,4.88146334795192
2023-01-27 18:00:00,34.3166666666667,260.35,230.049717639805,5.51546931979422
2023-01-27 19:00:00,39.9833333333333,259.566666666667,243.994099033222,4.82191249150976
2023-01-27 20:00:00,45.4666666666667,258.75,245.139473021122,3.96800473740399
2023-01-27 21:00:00,61.5,257.616666666667,250.179457407792,3.24113989087808
2023-01-27 22:00:00,49.35,258.416666666667,238.48968707781,4.94986916830219
2023-01-27 23:00:00,44.5833333333333,258.566666666667,229.876333693227,6.27331262362537
2023-01-28 00:00:00,61.7666666666667,258.033333333333,235.031999997944,5.90675211996154
2023-01-28 01:00:00,84.6333333333334,257.883333333333,244.021791928268,4.80727517600737
2023-01-28 02:00:00,85.8666666666667,258.116666666667,233.031607231327,6.00259113603444
2023-01-28 03:00:00,89.85,257.45,270.481303554395,3.43532076812116
2023-01-28 04:00:00,93.45,257.35,251.422806525234,2.28965891310085
2023-01-28 05:00:00,85.1166666666667,259.0,231.191195912234,4.89571403277146
2023-01-28 06:00:00,78.3166666666667,259.633333333333,231.124429252139,3.05458415796274
2023-01-28 07:00:00,75.3,259.95,215.590687966632,4.36219671409414
2023-01-28 08:00:00,75.6833333333333,259.966666666667,208.985507519775,5.53933800615696
2023-01-28 09:00:00,80.3333333333333,259.8,211.47717553063,5.728514102037
2023-01-28 10:00:00,74.6,261.233333333333,218.407452163837,7.99801401039212
2023-01-28 11:00:00,72.4,262.0,209.710906431446,10.6278434730699
2023-01-28 12:00:00,64.35,263.333333333333,202.427307678892,7.93192862722786
2023-01-28 13:00:00,58.0166666666667,264.666666666667,173.18889164538,2.62055348531859
2023-01-28 14:00:00,66.0833333333333,263.95,231.26224996627,5.0211447309958
2023-01-28 15:00:00,68.5,264.083333333333,227.5288355484,4.49681735151304
2023-01-28 16:00:00,57.5,263.766666666667,223.689853722309,4.64688950566501
2023-01-28 17:00:00,46.9666666666667,263.516666666667,225.336084220191,2.64143525755381
2023-01-28 18:00:00,48.5833333333333,262.183333333333,245.834684421429,4.05582646657002
2023-01-28 19:00:00,43.2,261.933333333333,226.885683987349,5.89951196659507
2023-01-28 20:00:00,41.1166666666667,261.35,224.975816788523,6.37217230673636
2023-01-28 21:00:00,34.6333333333333,261.25,218.011257413971,6.79658611996582
2023-01-28 22:00:00,39.05,261.816666666667,223.512012857196,6.47435865756635
2023-01-28 23:00:00,47.7333333333333,261.9,228.678777103585,6.83708278371202
2023-01-29 00:00:00,51.6,262.316666666667,227.244362624662,6.3856235419811
2023-01-29 01:00:00,50.4666666666667,262.916666666667,222.773781639444,5.77104218741939
2023-01-29 02:00:00,52.3666666666667,262.733333333333,223.670273810088,5.15291432181934
2023-01-29 03:00:00,52.3333333333333,263.05,242.522207918593,2.4726578192663
2023-01-29 04:00:00,49.2666666666667,263.366666666667,205.077549765953,1.56449459176851
2023-01-29 05:00:00,46.35,263.8,229.222080662908,0.913653513671403
2023-01-29 06:00:00,46.1333333333333,263.8,192.081700279264,1.96496740588082
2023-01-29 07:00:00,48.45,264.083333333333,242.318536462992,3.96615511038277
2023-01-29 08:00:00,51.5166666666667,264.1,236.841975177325,5.13377202399288
2023-01-29 09:00:00,50.9,265.1,229.557067618786,3.87423909984096
2023-01-29 10:00:00,42.7166666666667,266.433333333333,205.57204975525,3.53478233897263
2023-01-29 11:00:00,33.9833333333333,268.066666666667,192.105731700941,1.70244311767818
2023-01-29 12:00:00,30.1833333333333,268.483333333333,201.259257055493,1.54098082204606
2023-01-29 13:00:00,35.2,267.3,254.301642888432,4.18023376060332
2023-01-29 14:00:00,38.6,267.383333333333,287.094047628907,2.08162626262221
2023-01-29 15:00:00,33.7666666666667,267.516666666667,249.771026015378,2.15944744777704
2023-01-29 16:00:00,29.7833333333333,266.983333333333,270.917707016649,2.19929509660004
2023-01-29 17:00:00,25.0666666666667,266.216666666667,257.026789634968,2.73650534345635
2023-01-29 18:00:00,7.9,266.866666666667,227.453180022683,2.7587506571696
2023-01-29 19:00:00,8.1,266.65,275.494304911887,3.73898168984545
2023-01-29 20:00:00,3.61666666666667,266.766666666667,263.851503510196,3.54437548837706
2023-01-29 21:00:00,4.95,266.733333333333,257.253463913364,3.81798811119794
2023-01-29 22:00:00,6.18333333333333,266.9,238.786838227912,3.72350780783888
2023-01-29 23:00:00,5.5,266.433333333333,302.959537768896,2.78600285098175
2023-01-30 00:00:00,10.1666666666667,265.733333333333,315.898174533561,3.1515879608296
2023-01-30 01:00:00,10.3166666666667,265.466666666667,78.93100947079,0.122422984770644
2023-01-30 02:00:00,15.7666666666667,265.95,96.0216253565062,1.39470018560851
2023-01-30 03:00:00,31.6666666666667,266.45,58.2893851314395,2.6061915390125
2023-01-30 04:00:00,37.05,266.733333333333,67.9406891165432,2.41173777449324
2023-01-30 05:00:00,34.0166666666667,266.866666666667,37.0300503721791,1.68830867249864
2023-01-30 06:00:00,28.8,265.85,339.476121129442,5.87281074528822
2023-01-30 07:00:00,33.6833333333333,265.45,349.858426178099,2.24088797592169
2023-01-30 08:00:00,32.7,265.633333333333,52.0486950439378,3.33727072946759
2023-01-30 09:00:00,34.3333333333333,265.533333333333,34.3976969770646,5.05450263692739
2023-01-30 10:00:00,35.5,265.85,32.127455303084,4.52511157935648
2023-01-30 11:00:00,33.0166666666667,266.733333333333,40.9521734161251,4.53213743182457
2023-01-30 12:00:00,34.0166666666667,266.466666666667,31.4452987078008,5.77289364695798
2023-01-30 13:00:00,38.4833333333333,267.0,31.434543452886,5.87035774008631
2023-01-30 14:00:00,45.7,266.966666666667,14.1644574277797,5.86244529018982
2023-01-30 15:00:00,46.9166666666667,267.0,18.4531807093174,5.56192892967548
2023-01-30 16:00:00,59.4666666666667,265.583333333333,21.3475936485503,12.1726657877432
2023-01-30 17:00:00,72.25,264.066666666667,11.7305396942272,12.7245014773019
2023-01-30 18:00:00,86.15,262.8,356.274642476744,11.1640024036906
2023-01-30 19:00:00,97.4166666666667,262.35,350.311925881345,13.2971898639482
2023-01-30 20:00:00,99.1166666666667,261.85,340.372933536428,15.7039159684748
2023-01-30 21:00:00,98.9666666666667,261.216666666667,337.710629345209,12.7709565213635
2023-01-30 22:00:00,98.7833333333334,260.466666666667,337.281452132982,12.3746094165656
2023-01-30 23:00:00,98.65,259.8,335.999389017066,9.52680695178566
2023-01-31 00:00:00,98.5333333333334,259.15,342.068509144658,7.49312202980476
2023-01-31 01:00:00,97.8,258.833333333333,2.15757395347305,6.5125269871141
2023-01-31 02:00:00,97.55,258.616666666667,20.0627490115028,4.71409216432121
2023-01-31 03:00:00,97.1666666666667,258.533333333333,359.492192495996,2.3665513427279
2023-01-31 04:00:00,96.7666666666667,258.383333333333,291.429957046156,1.1110808040316
2023-01-31 05:00:00,96.6833333333333,258.316666666667,281.18861867836,0.678144146444275
2023-01-31 06:00:00,95.8666666666667,258.316666666667,255.0,0.446666666666667
2023-01-31 07:00:00,92.0166666666667,258.333333333333,268.369331202444,0.392385319975234
2023-01-31 08:00:00,90.5666666666667,258.233333333333,305.09358779179,0.585425933967982
2023-01-31 09:00:00,88.5,259.55,323.140900179161,1.79684331712654
2023-01-31 10:00:00,79.55,261.833333333333,332.023387801575,3.25732293566283
2023-01-31 11:00:00,65.2833333333333,263.266666666667,339.203039836126,1.40999305102062
2023-01-31 12:00:00,56.5333333333333,263.733333333333,23.7624520098939,1.03672578313952
2023-01-31 13:00:00,56.9333333333333,263.916666666667,6.50910717001727,1.36484901313364
2023-01-31 14:00:00,51.5,262.966666666667,31.8637414730129,1.55718677068146
2023-01-31 15:00:00,50.1666666666667,262.166666666667,28.1740306912835,3.10453058134821
2023-01-31 16:00:00,25.9166666666667,263.3,43.8731742422672,3.81419564677393
2023-01-31 17:00:00,29.3166666666667,263.716666666667,14.4792510786095,4.36697397963498
2023-01-31 18:00:00,32.15,263.6,14.7882919447568,3.62791973402272
2023-01-31 19:00:00,38.4333333333333,262.8,30.4122137661121,3.74555107663131
2023-01-31 20:00:00,61.85,262.6,5.54496516585812,3.9305381970394
2023-01-31 21:00:00,76.7,262.35,5.34950791812111,2.28141865789381
2023-01-31 22:00:00,86.3833333333333,262.5,22.2747374498994,4.23751978009752
2023-01-31 23:00:00,88.3666666666667,262.783333333333,13.2724639392223,4.09903976065072
2023-02-01 00:00:00,91.5166666666667,262.683333333333,31.4716173833128,4.91224945357988
2023-02-01 01:00:00,95.95,262.7,27.0355209112206,4.9572719833161
2023-02-01 02:00:00,93.25,263.033333333333,34.908231032445,5.36923050304157
2023-02-01 03:00:00,91.8833333333333,262.95,38.5728025471817,6.22231033430291
2023-02-01 04:00:00,82.4666666666667,263.05,31.6431226209406,5.07857404569663
2023-02-01 05:00:00,77.35,262.933333333333,27.64602823814,5.09112834054275
2023-02-01 06:00:00,73.4833333333333,262.8,31.0182076877635,5.85064378676724
2023-02-01 07:00:00,66.1,262.916666666667,24.3797120094256,5.76719134356178
2023-02-01 08:00:00,66.8166666666667,262.633333333333,11.7041521798741,7.46231424483676
2023-02-01 09:00:00,66.9833333333333,262.216666666667,15.4662990388106,7.3673331210453
2023-02-01 10:00:00,80.0,261.966666666667,14.1276285332527,8.89634562955306
2023-02-01 11:00:00,90.95,262.283333333333,22.3315397621743,9.35074660220717
2023-02-01 12:00:00,80.9166666666667,262.633333333333,20.553277502062,9.23355497539302
2023-02-01 13:00:00,85.95,262.616666666667,16.5715429589516,8.76988273362162
2023-02-01 14:00:00,80.2833333333333,262.85,9.49304617830501,6.85633664489667
2023-02-01 15:00:00,78.45,262.683333333333,352.89681650395,7.18372544459983
2023-02-01 16:00:00,79.4666666666667,262.9,355.280920250549,7.68806518731318
2023-02-01 17:00:00,84.9,262.283333333333,6.12788243016132,10.0471051411546
2023-02-01 18:00:00,77.2333333333333,262.1,11.1500161459883,10.063242622888
2023-02-01 19:00:00,83.15,261.8,11.4190065017075,9.89785094575706
2023-02-01 20:00:00,89.95,261.5,10.2604883589188,8.32706067668095
2023-02-01 21:00:00,98.5666666666667,261.183333333333,14.0584174647349,8.29276492002031
2023-02-01 22:00:00,98.8166666666667,261.1,8.33810793325608,7.10514516688402
2023-02-01 23:00:00,99.0,261.05,11.9433194882952,6.70202795051867
2023-02-02 00:00:00,98.9333333333333,260.95,27.3948807761676,8.63776852385183
2023-02-02 01:00:00,98.9,260.766666666667,23.5263868103702,8.9060057664639
2023-02-02 02:00:00,98.8833333333333,260.7,21.8658645401496,9.50468326549821
2023-02-02 03:00:00,98.8,260.55,28.1675498429331,9.12580623109031
2023-02-02 04:00:00,98.8,260.55,20.2937450527044,8.06679769020932
2023-02-02 05:00:00,98.8,260.55,20.4891889928057,7.3217370524811
2023-02-02 06:00:00,98.8666666666667,260.666666666667,20.7172277661691,6.46693077703197
2023-02-02 07:00:00,98.9,260.916666666667,6.25111307856781,6.88720281734218
2023-02-02 08:00:00,98.95,261.083333333333,6.64667733361398,7.28016154683468
2023-02-02 09:00:00,99.0,261.233333333333,16.5830467848622,5.92583799977646
2023-02-02 10:00:00,99.0,261.5,22.6146289936787,6.48797978221536
2023-02-02 11:00:00,99.0833333333333,261.816666666667,25.5150318681292,6.59737587479613
2023-02-02 12:00:00,99.1333333333333,262.216666666667,25.2189479725048,7.22020838813355
2023-02-02 13:00:00,99.1666666666667,262.4,18.2802699236822,8.58160331027752
2023-02-02 14:00:00,99.2,262.65,20.6703212612624,7.85812522137953
2023-02-02 15:00:00,99.1833333333333,262.45,22.6914506242359,8.25872277065581
2023-02-02 16:00:00,99.2,262.35,21.8681719615655,7.24452145332469
2023-02-02 17:00:00,99.2,262.316666666667,25.0053659711823,5.28674385009501
2023-02-02 18:00:00,99.2,262.15,16.032350164405,5.27460571351869
2023-02-02 19:00:00,99.2,262.216666666667,359.146967301141,5.87322616854455
2023-02-02 20:00:00,99.2166666666667,262.35,358.651617340214,6.14137802306879
2023-02-02 21:00:00,99.3,262.5,13.7667358414378,5.47454913852201
2023-02-02 22:00:00,99.3,262.683333333333,7.91355544214224,6.47411253517378
2023-02-02 23:00:00,99.3,262.716666666667,14.4093131537454,6.47018755015472
2023-02-03 00:00:00,99.3,262.75,17.8046587444276,5.56368782044984
2023-02-03 01:00:00,99.3,262.733333333333,17.1333508067139,5.09314445211526
2023-02-03 02:00:00,99.3166666666667,262.816666666667,2.65607460133674,4.53279334185227
2023-02-03 03:00:00,99.3,262.716666666667,28.3063478641603,5.17702309753346
2023-02-03 04:00:00,99.3,262.75,349.655586789607,5.67476530313023
2023-02-03 05:00:00,99.3,262.85,16.0077475684313,4.00894628962312
2023-02-03 06:00:00,99.2833333333333,262.633333333333,22.6473337085818,5.3380371318276
2023-02-03 07:00:00,99.3333333333333,262.866666666667,39.443858551288,2.79393333633088
2023-02-03 08:00:00,99.35,263.15,3.00709794894118,3.81828908436863
2023-02-03 09:00:00,99.1333333333333,264.116666666667,9.49609096520078,4.06859015081147
2023-02-03 10:00:00,77.15,264.533333333333,7.68019276989173,5.2989801533076
2023-02-03 11:00:00,49.5833333333333,265.5,25.6149172576891,6.55929191431232
2023-02-03 12:00:00,40.1666666666667,266.75,28.8276772071679,6.25902362965117
2023-02-03 13:00:00,35.0666666666667,267.8,30.760154336739,5.67569115594375
2023-02-03 14:00:00,37.5666666666667,267.733333333333,16.0907337778229,5.5453612163684
2023-02-03 15:00:00,40.65,266.966666666667,19.1946124173605,10.3592326631946
2023-02-03 16:00:00,37.05,267.366666666667,20.9053176447063,9.31455658684986
2023-02-03 17:00:00,38.8666666666667,267.066666666667,20.9332505091016,8.50561648599247
2023-02-03 18:00:00,44.3666666666667,266.566666666667,12.0989891919717,10.0378978685053
2023-02-03 19:00:00,72.9,265.6,26.1998975244364,10.808220401163
2023-02-03 20:00:00,99.7333333333333,264.716666666667,25.0529862763369,10.900239585211
2023-02-03 21:00:00,99.8666666666667,264.716666666667,18.478368695817,6.97158693858276
2023-02-03 22:00:00,99.9833333333333,265.0,17.3880234943358,9.08870628023063
2023-02-03 23:00:00,100.033333333333,265.2,1.07514007347538,7.76129821272384
2023-02-04 00:00:00,100.033333333333,265.15,340.14497252516,8.2755374760232
2023-02-04 01:00:00,100.0,265.05,338.138572585512,9.85667800836028
2023-02-04 02:00:00,100.0,264.966666666667,342.922131609887,10.3971798123957
2023-02-04 03:00:00,100.0,264.933333333333,349.395453012582,8.76762856878343
2023-02-04 04:00:00,99.9666666666667,264.85,339.707655443888,7.97894873275247
2023-02-04 05:00:00,99.9833333333333,264.883333333333,335.407872848315,6.85189436160112
2023-02-04 06:00:00,99.9666666666667,264.9,328.379751451636,8.92837568887496
2023-02-04 07:00:00,99.9333333333333,264.883333333333,333.858204407112,8.55355346932657
2023-02-04 08:00:00,100.0,264.95,330.291647032612,6.84565819503266
2023-02-04 09:00:00,100.0,265.033333333333,328.29782199077,4.47637643352785
2023-02-04 10:00:00,99.9666666666667,265.25,317.606818004369,4.7606710306836
2023-02-04 11:00:00,99.8333333333333,264.9,318.660873377567,5.86741901942429
2023-02-04 12:00:00,99.8333333333333,265.1,314.686961243395,5.96720101703883
2023-02-04 13:00:00,99.8166666666667,265.183333333333,311.28628039797,5.72878502124464
2023-02-04 14:00:00,99.7666666666667,264.9,310.65202279079,5.32776521401423
2023-02-04 15:00:00,100.0,265.45,318.456672541638,4.40801908861999
2023-02-04 16:00:00,99.95,265.466666666667,322.223829622099,4.56161645126661
2023-02-04 17:00:00,99.75,264.6,326.864307512693,5.69063977630246
2023-02-04 18:00:00,99.3666666666667,263.2,335.492193277193,4.75205622397134
2023-02-04 19:00:00,99.05,261.533333333333,286.023690719344,3.28418431829107
2023-02-04 20:00:00,98.9666666666667,261.016666666667,309.150350064371,3.59713167528175
2023-02-04 21:00:00,98.8333333333333,260.333333333333,266.736519564828,5.12023541986057
2023-02-04 22:00:00,98.8,259.866666666667,290.594924897139,5.84514138304609
2023-02-04 23:00:00,98.7,259.716666666667,315.594747503683,5.56308254727614
2023-02-05 00:00:00,98.5666666666667,259.3,308.647150058365,5.2583657900495
2023-02-05 01:00:00,98.5666666666667,259.166666666667,308.974215451721,4.45662645549388
2023-02-05 02:00:00,98.5666666666667,259.25,321.165946343243,5.62103537882021
2023-02-05 03:00:00,97.25,258.933333333333,309.800700388572,6.10140387866584
2023-02-05 04:00:00,92.2666666666667,258.583333333333,308.24079729163,6.41805847406065
2023-02-05 05:00:00,76.6166666666667,258.666666666667,310.234994286078,6.4535490025591
2023-02-05 06:00:00,76.9166666666667,258.866666666667,314.363182616566,6.41995718890853
2023-02-05 07:00:00,78.1166666666667,259.0,319.651857433998,6.78318309815202
2023-02-05 08:00:00,78.9166666666667,259.083333333333,321.405505177793,6.80772123355277
2023-02-05 09:00:00,73.8166666666667,260.05,318.111257811407,6.06753403698888
2023-02-05 10:00:00,57.6166666666667,260.6,314.348185817677,6.01080019547987
2023-02-05 11:00:00,41.0333333333333,260.683333333333,321.109634977816,8.21940352355676
2023-02-05 12:00:00,40.9666666666667,261.383333333333,299.234956313469,3.86105461394781
2023-02-05 13:00:00,48.65,261.666666666667,278.203088578712,2.05270054082854
2023-02-05 14:00:00,53.0,260.766666666667,311.349760543221,5.18305887299476
2023-02-05 15:00:00,55.95,260.533333333333,308.512595608029,2.27326166102225
2023-02-05 16:00:00,83.75,260.633333333333,293.047161061312,0.564455795223433
2023-02-05 17:00:00,98.7833333333333,260.683333333333,266.536995869344,1.99397499923395
2023-02-05 18:00:00,98.9166666666667,260.733333333333,260.330185406525,3.22997996264072
2023-02-05 19:00:00,98.9,260.55,309.231606573875,5.41123661401867
2023-02-05 20:00:00,98.9333333333333,260.7,287.630860958142,5.04267604236607
2023-02-05 21:00:00,98.9166666666667,260.7,268.098276289697,5.34487054540595
2023-02-05 22:00:00,98.9,260.483333333333,271.706007846294,3.68797249584618
2023-02-05 23:00:00,98.8,260.316666666667,272.880875951493,2.67752091923027
2023-02-06 00:00:00,98.8,260.166666666667,237.48214463485,3.31431211034589
2023-02-06 01:00:00,98.8,260.083333333333,240.004228875042,3.14595422398824
2023-02-06 02:00:00,98.7333333333333,259.9,252.057860110479,2.59582420753699
2023-02-06 03:00:00,98.7166666666667,259.783333333333,254.251934733249,2.40502440210548
2023-02-06 04:00:00,98.6666666666667,259.65,239.934260642506,1.40656591748022
2023-02-06 05:00:00,98.5333333333334,259.116666666667,248.986480037705,0.162465407253089
2023-02-06 06:00:00,98.4,258.833333333333,249.194359462708,0.481053290886589
2023-02-06 07:00:00,98.1833333333334,258.616666666667,169.472788945075,1.52546365301445
2023-02-06 08:00:00,80.2833333333333,258.75,222.582634707274,4.37348949429333
2023-02-06 09:00:00,35.2666666666667,261.866666666667,226.890924755257,5.62044372807599
2023-02-06 10:00:00,11.7666666666667,263.683333333333,227.50398602592,4.7493618250564
2023-02-06 11:00:00,28.4166666666667,261.95,296.706314684683,4.26042582281848
2023-02-06 12:00:00,24.2,261.883333333333,296.38524001927,4.99178092141792
2023-02-06 13:00:00,23.4666666666667,262.1,311.669885293835,3.61137585286616
2023-02-06 14:00:00,27.5166666666667,261.983333333333,263.84724868147,4.17204172906937
2023-02-06 15:00:00,58.9333333333333,261.6,243.014398971081,3.57004496858832
2023-02-06 16:00:00,78.25,260.15,244.077770032431,4.21508824268048
2023-02-06 17:00:00,76.1,259.7,252.497393329944,3.88870571389699
2023-02-06 18:00:00,80.4333333333334,258.433333333333,337.533276792087,6.09458293963884
2023-02-06 19:00:00,98.1,258.116666666667,334.250770616207,3.8776604636139
2023-02-06 20:00:00,96.55,257.883333333333,339.66984384511,2.00976374301189
2023-02-06 21:00:00,94.8,257.533333333333,327.050565498308,1.77147320687788
2023-02-06 22:00:00,94.5166666666667,257.05,212.650623615163,0.991854454356598
2023-02-06 23:00:00,94.35,256.95,167.366848871243,3.51272583702221
2023-02-07 00:00:00,90.3,256.966666666667,133.289304042595,5.61323923256452
2023-02-07 01:00:00,81.1833333333333,257.066666666667,133.704236493234,3.70661953132686
2023-02-07 02:00:00,75.95,256.983333333333,139.770818093928,5.51630823817796
2023-02-07 03:00:00,67.7,257.166666666667,117.292325476776,4.87223354064444
2023-02-07 04:00:00,59.7833333333333,257.533333333333,117.775833365995,2.88941213628711
2023-02-07 05:00:00,55.5333333333333,257.683333333333,110.714196873536,1.00912971621686
2023-02-07 06:00:00,50.1,258.0,351.475238547792,0.470247089651097
2023-02-07 07:00:00,40.8,258.916666666667,41.5999766064081,0.622828851405478
2023-02-07 08:00:00,34.45,259.9,59.9213463933724,2.2109638523829
2023-02-07 09:00:00,28.7833333333333,261.933333333333,111.111538831532,1.40116632972133
2023-02-07 10:00:00,26.1,263.0,38.2410603093085,1.88363173168913
2023-02-07 11:00:00,23.8166666666667,263.866666666667,38.9398664957327,2.54475945662657
2023-02-07 12:00:00,23.0166666666667,264.45,34.1442641998702,2.58574839726601
2023-02-07 13:00:00,22.3,264.55,12.6504881403296,2.70762176526867
2023-02-07 14:00:00,23.7666666666667,264.333333333333,323.115120278441,2.95335784548449
2023-02-07 15:00:00,25.7166666666667,264.183333333333,274.324899862776,2.48443932511327
2023-02-07 16:00:00,32.4666666666667,263.433333333333,266.705216539266,4.87589787636683
2023-02-07 17:00:00,40.3333333333333,262.433333333333,265.154215415725,5.65375105995024
2023-02-07 18:00:00,48.8,261.016666666667,288.018837719123,4.8766012595951
2023-02-07 19:00:00,54.3833333333333,260.383333333333,304.048654630882,3.62476240756468
2023-02-07 20:00:00,57.75,259.816666666667,271.509722627455,3.31417963232392
2023-02-07 21:00:00,50.4833333333333,260.0,265.033332318578,3.13486700334897
2023-02-07 22:00:00,41.3166666666667,260.266666666667,247.657767677275,4.57049925025247
2023-02-07 23:00:00,35.55,260.483333333333,232.515829278995,5.99313087576923
2023-02-08 00:00:00,32.8666666666667,260.816666666667,215.16294123645,4.12361769821149
2023-02-08 01:00:00,30.75,261.366666666667,197.894819707928,3.46613098313514
2023-02-08 02:00:00,30.8333333333333,261.05,230.459494160747,2.6645127559619
2023-02-08 03:00:00,26.0833333333333,261.316666666667,226.033184811067,1.41448836813607
2023-02-08 04:00:00,22.55,261.683333333333,147.446940303953,1.26633130456076
2023-02-08 05:00:00,22.6666666666667,261.6,135.103021286944,1.90175883690174
2023-02-08 06:00:00,26.8166666666667,261.166666666667,109.792011238615,1.51363674618634
2023-02-08 07:00:00,31.1666666666667,260.6,40.1282314281654,3.62558809072781
2023-02-08 08:00:00,26.75,261.066666666667,34.1318405922937,3.56293328517296
2023-02-08 09:00:00,22.9833333333333,262.3,29.4430437715809,2.92268707752414
2023-02-08 10:00:00,20.1333333333333,263.183333333333,36.6543477336925,2.69815137849868
2023-02-08 11:00:00,18.4666666666667,263.85,42.307444456961,2.16956830415463
2023-02-08 12:00:00,17.15,264.966666666667,45.4489018842796,1.32270536024203
2023-02-08 13:00:00,16.1333333333333,264.833333333333,43.6388370288821,2.43635848188011
2023-02-08 14:00:00,17.4,264.3,38.8501335568691,3.31157067754473
2023-02-08 15:00:00,20.3833333333333,264.183333333333,48.1347186454187,3.33984725204965
2023-02-08 16:00:00,19.2,264.666666666667,180.739277420422,0.802260221748035
2023-02-08 17:00:00,23.9,264.75,52.8521577875267,0.894385798698491
2023-02-08 18:00:00,41.5333333333333,261.783333333333,29.6838643541423,2.02638483424839
2023-02-08 19:00:00,52.8833333333333,260.55,40.2147875944898,2.94895915011669
2023-02-08 20:00:00,47.8333333333333,260.566666666667,37.915536932506,1.33497193589483
2023-02-08 21:00:00,26.9166666666667,261.733333333333,185.852739390715,1.85499765044246
2023-02-08 22:00:00,16.05,262.666666666667,184.858298880225,4.42027913906562
2023-02-08 23:00:00,9.6,263.183333333333,182.840806035038,8.29175193274161
2023-02-09 00:00:00,7.76666666666667,263.033333333333,180.484926354654,8.81978951211921
2023-02-09 01:00:00,9.46666666666667,262.566666666667,174.929002178226,6.12857271335992
2023-02-09 02:00:00,9.85,262.35,167.174969237629,4.64914381999555
2023-02-09 03:00:00,8.15,262.5,158.707363303816,5.17994282450415
2023-02-09 04:00:00,8.03333333333333,262.95,154.332547300907,4.85682227864272
2023-02-09 05:00:00,9.56666666666667,262.966666666667,112.943835191963,3.57692419796407
2023-02-09 06:00:00,9.86666666666667,263.016666666667,335.713305704872,1.12448239810372
2023-02-09 07:00:00,9.86666666666667,263.15,278.213134336132,2.1074024560888
2023-02-09 08:00:00,13.7166666666667,263.166666666667,208.676241722337,2.65416528107018
2023-02-09 09:00:00,12.8666666666667,264.316666666667,223.855872946732,1.35717275466332
2023-02-09 10:00:00,12.0,266.133333333333,188.478247838772,0.203686463914355
2023-02-09 11:00:00,12.8333333333333,265.4,244.322096340508,2.88372774604098
2023-02-09 12:00:00,13.0666666666667,265.933333333333,248.270378647487,2.69086981335886
2023-02-09 13:00:00,13.75,265.883333333333,253.804143122671,2.30760304003117
2023-02-09 14:00:00,14.1333333333333,265.533333333333,19.0167095718237,0.903562426596046
2023-02-09 15:00:00,16.8,265.966666666667,23.4312466361026,0.706792346724463
2023-02-09 16:00:00,21.3166666666667,266.283333333333,4.55086243181995,0.325422830406849
2023-02-09 17:00:00,26.25,263.25,356.938027788224,2.1161547153608
2023-02-09 18:00:00,34.4333333333333,261.8,11.0404522837341,0.733254505795224
2023-02-09 19:00:00,37.4833333333333,261.233333333333,50.8717527073764,1.05490173985537
2023-02-09 20:00:00,33.25,261.333333333333,19.0,0.418333333333333
2023-02-09 21:00:00,27.9,261.783333333333,314.611734502046,1.51363748544682
2023-02-09 22:00:00,21.65,262.766666666667,234.203566861892,4.49137294954478
2023-02-09 23:00:00,19.5333333333333,263.816666666667,220.53056482098,5.11491289808479
2023-02-10 00:00:00,17.75,264.55,217.780701580808,4.91850616244925
2023-02-10 01:00:00,18.05,264.483333333333,241.616259687555,4.07910190163703
2023-02-10 02:00:00,19.8333333333333,263.85,277.723289495818,1.97184695228553
2023-02-10 03:00:00,21.5166666666667,263.05,274.011700025682,2.71631387383596
2023-02-10 04:00:00,21.45,262.266666666667,287.673812915183,5.3317316497883
2023-02-10 05:00:00,18.7166666666667,262.866666666667,255.785238135639,4.63202689837659
2023-02-10 06:00:00,17.2833333333333,262.966666666667,257.487351490533,4.71426762738158
2023-02-10 07:00:00,20.6166666666667,263.383333333333,243.540518707654,5.85623947158151
2023-02-10 08:00:00,19.8,263.7,240.001144056047,5.34707333123553
2023-02-10 09:00:00,18.2166666666667,264.6,248.390151709041,3.2862050821297
2023-02-10 10:00:00,17.7,265.483333333333,260.671935925343,2.07302478978431
2023-02-10 11:00:00,16.5666666666667,266.6,226.347453903435,3.38656168894262
2023-02-10 12:00:00,14.7333333333333,267.133333333333,265.407846293573,2.33638690277059
2023-02-10 13:00:00,14.3666666666667,267.05,291.991802472051,1.93012740764631
2023-02-10 14:00:00,11.7166666666667,268.333333333333,234.028859026941,3.04381214954413
2023-02-10 15:00:00,8.06666666666667,268.45,261.127485959997,2.32683248006968
2023-02-10 16:00:00,6.25,268.216666666667,296.865817676428,1.9973367545142
2023-02-10 17:00:00,6.4,267.516666666667,285.446057599923,2.54345800370519
2023-02-10 18:00:00,11.85,265.95,315.099841028105,4.2050585892787
2023-02-10 19:00:00,13.9666666666667,265.5,303.238812142134,1.59970338649731
2023-02-10 20:00:00,15.5333333333333,265.383333333333,309.589266710462,0.0248972691867411
2023-02-10 21:00:00,19.7166666666667,265.966666666667,261.586231321635,1.1334833009708
2023-02-10 22:00:00,31.55,266.133333333333,271.21008137013,3.33192344646787
2023-02-10 23:00:00,31.5833333333333,266.05,282.308409904687,2.64656521324518
2023-02-11 00:00:00,18.8333333333333,266.733333333333,275.91084686702,2.39107558015157
2023-02-11 01:00:00,17.45,266.783333333333,315.997785776986,2.9389232769272
2023-02-11 02:00:00,18.6333333333333,266.616666666667,317.942563425406,2.44549579683097
2023-02-11 03:00:00,15.9,266.616666666667,270.0,0.305
2023-02-11 04:00:00,15.8833333333333,266.85,312.64426277451,2.18214788428484
2023-02-11 05:00:00,15.3166666666667,266.85,301.164566175964,1.58303836140573
2023-02-11 06:00:00,14.25,267.016666666667,266.531013330016,2.30836070374558
2023-02-11 07:00:00,16.9666666666667,267.1,267.863297059212,3.84113817375058
2023-02-11 08:00:00,33.2333333333333,267.733333333333,238.249803404207,4.16315343278163
2023-02-11 09:00:00,41.75,267.65,254.460342986178,4.31488943782063
2023-02-11 10:00:00,53.0666666666667,268.1,253.440901678948,3.61846723407124
2023-02-11 11:00:00,76.3666666666667,268.7,228.200091853479,3.91621103806078
2023-02-11 12:00:00,77.5333333333334,269.516666666667,210.564288972534,4.23885508940177
2023-02-11 13:00:00,71.3833333333334,270.15,293.166727604136,2.31251132616012
2023-02-11 14:00:00,96.0666666666667,268.816666666667,283.782870345929,3.20953866352399
2023-02-11 15:00:00,99.1666666666667,268.733333333333,325.507233664268,4.41363291846683
2023-02-11 16:00:00,99.5666666666667,268.5,320.109931480359,3.66281403257345
2023-02-11 17:00:00,99.1166666666667,268.383333333333,323.891810744401,3.70818670190564
2023-02-11 18:00:00,99.6833333333333,268.266666666667,323.77945234265,3.24656792499864
2023-02-11 19:00:00,100.116666666667,267.783333333333,312.504526822238,5.09823537815491
2023-02-11 20:00:00,99.7333333333333,267.483333333333,323.62147243078,4.94258070245539
2023-02-11 21:00:00,100.083333333333,267.583333333333,315.22709966386,4.58726503969087
2023-02-11 22:00:00,73.0166666666667,267.766666666667,283.331931844359,4.58409258256329
2023-02-11 23:00:00,66.1333333333333,267.95,261.951096877971,3.73206399369714
2023-02-12 00:00:00,64.3666666666667,268.216666666667,256.616971196726,4.18065496799801
2023-02-12 01:00:00,68.6833333333333,268.2,256.59484969103,3.53493030983617
2023-02-12 02:00:00,64.3333333333333,268.1,274.73450473235,3.36090553021058
2023-02-12 03:00:00,64.0666666666667,268.2,256.342690633659,4.30980994465084
2023-02-12 04:00:00,63.5666666666667,268.133333333333,312.196093032215,1.88625400093961
2023-02-12 05:00:00,57.3666666666667,267.966666666667,348.483735645824,1.88028200143626
2023-02-12 06:00:00,59.6,268.133333333333,346.731349710325,0.959384275131213
2023-02-12 07:00:00,63.5,268.116666666667,38.9770253934295,0.776610524310107
2023-02-12 08:00:00,71.6833333333333,268.166666666667,37.3287879980037,1.0809215788228
2023-02-12 09:00:00,70.7833333333333,269.05,61.5739710898423,1.84809116828185
2023-02-12 10:00:00,70.0333333333333,270.066666666667,51.7484071993401,1.53764180274342
2023-02-12 11:00:00,66.8333333333333,270.8,17.815416683106,1.14871111902605
2023-02-12 12:00:00,62.0333333333333,272.016666666667,213.150615721391,3.91832668594165
2023-02-12 13:00:00,61.8,272.2,228.519428715284,3.88348825053154
2023-02-12 14:00:00,61.0166666666667,272.333333333333,254.139947692835,2.17261089312984
2023-02-12 15:00:00,62.0666666666667,272.2,228.74533534315,2.70461516835316
2023-02-12 16:00:00,64.5666666666667,271.733333333333,210.657917481567,2.97091421805305
2023-02-12 17:00:00,65.4166666666667,271.583333333333,219.795749690714,3.23353700291195
2023-02-12 18:00:00,65.45,271.05,212.631349627699,2.11771901635784
2023-02-12 19:00:00,63.75,270.766666666667,224.844553060405,2.65297073306007
2023-02-12 20:00:00,52.65,271.8,178.955437250044,2.94444775664025
2023-02-12 21:00:00,45.6666666666667,272.316666666667,211.388156798151,3.79253585004024
2023-02-12 22:00:00,44.2833333333333,272.15,226.095811328267,3.60157346642543
2023-02-12 23:00:00,47.8,271.683333333333,256.714269695259,1.70642283231959
2023-02-13 00:00:00,53.0166666666667,270.933333333333,8.58876510396584,0.702460654606566
2023-02-13 01:00:00,41.8833333333333,271.966666666667,215.493059520689,1.4524643281509
2023-02-13 02:00:00,39.0166666666667,272.15,211.769202095819,1.75966089711518
2023-02-13 03:00:00,36.4,272.383333333333,233.385516271539,2.06122576934525
2023-02-13 04:00:00,33.0166666666667,272.75,231.394174158726,2.13984420116547
2023-02-13 05:00:00,28.7333333333333,273.183333333333,211.94282830034,2.1316938165049
2023-02-13 06:00:00,28.1833333333333,273.083333333333,252.166527523131,1.86600250865141
2023-02-13 07:00:00,38.5166666666667,271.716666666667,306.747038462083,1.98782046331481
2023-02-13 08:00:00,45.2666666666667,271.333333333333,322.48731591156,4.53478733127441
2023-02-13 09:00:00,45.6666666666667,271.666666666667,316.259927102463,4.24284598979174
2023-02-13 10:00:00,41.0,272.7,292.241354682578,2.48765588164241
2023-02-13 11:00:00,39.1333333333333,272.916666666667,268.359478115736,3.33099108993329
2023-02-13 12:00:00,36.2166666666667,273.533333333333,284.529248012701,2.39212478848068
2023-02-13 13:00:00,38.8166666666667,273.333333333333,278.785621748717,2.29215932668836
2023-02-13 14:00:00,38.8666666666667,273.766666666667,226.793449617774,2.23717198648362
2023-02-13 15:00:00,38.3166666666667,273.85,197.33444427611,2.0451564279046
2023-02-13 16:00:00,40.1833333333333,274.15,287.077753330849,1.03133108291706
2023-02-13 17:00:00,46.55,273.016666666667,298.957450217107,1.55327453435286
2023-02-13 18:00:00,52.2333333333333,271.366666666667,278.572779796687,2.52524260524093
2023-02-13 19:00:00,54.3833333333333,270.5,225.968873274447,1.15705889862692
2023-02-13 20:00:00,46.1833333333333,271.033333333333,198.824044914096,1.27692311732324
2023-02-13 21:00:00,20.3333333333333,272.716666666667,210.222091270095,3.00064105545493
2023-02-13 22:00:00,14.8833333333333,273.433333333333,165.602912685345,3.11125000084441
2023-02-13 23:00:00,14.0333333333333,273.716666666667,182.317088945124,1.94282266294782
2023-02-14 00:00:00,12.3333333333333,273.766666666667,170.347973901923,2.26667124749359
2023-02-14 01:00:00,11.65,273.95,185.569596643453,1.8627909269442
2023-02-14 02:00:00,11.0666666666667,273.833333333333,150.383327941164,1.5686528388499
2023-02-14 03:00:00,10.9333333333333,273.783333333333,144.216262485488,2.24553809320857
2023-02-14 04:00:00,11.8833333333333,273.733333333333,23.6967250557449,0.60477486464216
2023-02-14 05:00:00,11.2166666666667,274.016666666667,276.700318000328,0.828326073260735
2023-02-14 06:00:00,10.35,273.9,223.374733695746,1.09543932969581
2023-02-14 07:00:00,9.61666666666667,274.0,193.697190077882,0.518886881829927
2023-02-14 08:00:00,10.2166666666667,274.25,162.391004944611,3.31842408873897
2023-02-14 09:00:00,10.2166666666667,274.966666666667,135.444983665998,3.6855459700111
2023-02-14 10:00:00,9.5,275.566666666667,126.245811575988,3.08641699623222
2023-02-14 11:00:00,8.9,276.15,123.443350257598,2.0834424985408
2023-02-14 12:00:00,8.21666666666667,276.483333333333,145.739795365861,3.09985106938411
2023-02-14 13:00:00,8.88333333333333,276.733333333333,116.188704226144,2.44145673639937
2023-02-14 14:00:00,9.55,277.766666666667,91.3864637991131,1.28539963484823
2023-02-14 15:00:00,10.1833333333333,276.933333333333,106.915998573381,2.45980912022285
2023-02-14 16:00:00,16.1,277.333333333333,60.797845003031,1.22927930810072
2023-02-14 17:00:00,22.2666666666667,275.85,46.997101076605,2.76969670533234
2023-02-14 18:00:00,25.2333333333333,274.583333333333,44.648634706434,2.91382892253396
2023-02-14 19:00:00,24.1833333333333,273.983333333333,53.1468693023618,3.03842983467741
2023-02-14 20:00:00,23.65,273.816666666667,56.9680548221037,2.58116833230645
2023-02-14 21:00:00,21.45,273.7,116.576250095046,1.63940960000594
2023-02-14 22:00:00,19.0,273.816666666667,109.770060406632,1.25933450064132
2023-02-14 23:00:00,15.0166666666667,274.0,89.0239715821792,1.4045703136177
2023-02-15 00:00:00,13.6833333333333,274.133333333333,98.0049781850339,3.05480412686958
2023-02-15 01:00:00,10.3166666666667,274.15,99.2585379077669,4.42723929730132
2023-02-15 02:00:00,9.11666666666667,274.133333333333,94.9776179778078,3.32475146076285
2023-02-15 03:00:00,9.35,273.983333333333,98.0314804639586,3.78516270634567
2023-02-15 04:00:00,9.5,274.05,96.9542413838127,3.17909980934805
2023-02-15 05:00:00,9.33333333333333,274.416666666667,79.8372950678696,2.51417117956075
2023-02-15 06:00:00,9.31666666666667,274.516666666667,65.8453473163677,2.09533396610716
2023-02-15 07:00:00,10.9166666666667,274.383333333333,55.4805656191449,2.14730097530752
2023-02-15 08:00:00,12.0666666666667,274.533333333333,67.1996976255815,2.41440564273947
2023-02-15 09:00:00,11.95,275.816666666667,71.6201326802361,1.66077127400785
2023-02-15 10:00:00,13.3166666666667,276.033333333333,80.1279196842392,2.43556834001381
2023-02-15 11:00:00,14.3833333333333,276.416666666667,76.7762650543316,2.37491051502718
2023-02-15 12:00:00,16.9666666666667,276.916666666667,81.2462789751442,2.58219372589423
2023-02-15 13:00:00,18.8833333333333,277.0,65.9695504510681,3.29967203130874
2023-02-15 14:00:00,18.4166666666667,277.3,62.7395087081521,2.41622399552294
2023-02-15 15:00:00,19.5166666666667,277.433333333333,78.5633582448012,1.72875098561537
2023-02-15 16:00:00,21.8833333333333,276.533333333333,53.345277848716,2.98395713742729
2023-02-15 17:00:00,24.0666666666667,276.066666666667,69.198902685812,3.21686076540325
2023-02-15 18:00:00,26.1833333333333,274.716666666667,59.2293533046586,2.72785978430907
2023-02-15 19:00:00,27.6,273.733333333333,41.3990245926988,2.82302079746717
2023-02-15 20:00:00,27.4333333333333,273.583333333333,58.7316824985528,3.70986090847965
2023-02-15 21:00:00,27.8833333333333,273.2,69.0321688863839,1.91758460702327
2023-02-15 22:00:00,25.5666666666667,273.15,59.300887551218,3.01907416045973
2023-02-15 23:00:00,25.6666666666667,272.916666666667,50.546594361294,4.14366807672469
2023-02-16 00:00:00,25.35,272.783333333333,51.5848732691961,5.49469532390086
2023-02-16 01:00:00,25.2666666666667,272.8,51.5937686836167,4.8876648878695
2023-02-16 02:00:00,25.7833333333333,272.633333333333,75.0889752071238,3.25347644573256
2023-02-16 03:00:00,24.2666666666667,272.7,62.953577220565,1.36608330765351
2023-02-16 04:00:00,24.3833333333333,272.4,102.646837633525,1.65276271333986
2023-02-16 05:00:00,21.4,272.583333333333,71.2814309958468,1.47661015453899
2023-02-16 06:00:00,22.4666666666667,272.55,85.5526232032395,2.61932344749009
2023-02-16 07:00:00,23.8833333333333,272.083333333333,40.0163561529025,1.5163137630412
2023-02-16 08:00:00,25.4666666666667,271.633333333333,9.0179706826226,0.722948018034415
2023-02-16 09:00:00,25.4166666666667,272.366666666667,290.902287879495,0.0586923949927992
2023-02-16 10:00:00,25.25,272.583333333333,72.4617422077973,2.00112661572767
2023-02-16 11:00:00,24.8833333333333,272.533333333333,54.6232623178659,3.01064549946709
2023-02-16 12:00:00,24.5666666666667,272.916666666667,54.1559130319142,3.56959603595772
2023-02-16 13:00:00,25.35,273.333333333333,48.3177481556689,2.99709505019355
2023-02-16 14:00:00,26.8666666666667,273.833333333333,14.32778774766,1.62815386357899
2023-02-16 15:00:00,28.0,274.083333333333,0.637367465332204,1.2336860099114
2023-02-16 16:00:00,31.6666666666667,272.65,328.438830012932,2.61461843351309
2023-02-16 17:00:00,34.4833333333333,271.45,326.456699860382,2.90148870164302
2023-02-16 18:00:00,34.8166666666667,270.716666666667,38.696245905811,3.47955697723274
2023-02-16 19:00:00,36.6166666666667,269.516666666667,353.283466397352,2.51609485987818
2023-02-16 20:00:00,36.65,268.683333333333,334.506473648739,4.24047400229296
2023-02-16 21:00:00,36.5333333333333,268.85,14.5978186106556,4.89973167751657
2023-02-16 22:00:00,35.6666666666667,268.633333333333,25.169984107658,5.76432030156501
2023-02-16 23:00:00,39.4,268.516666666667,22.4224354271906,5.91345894044885
2023-02-17 00:00:00,42.45,268.316666666667,30.1418240821143,5.58704092660968
2023-02-17 01:00:00,41.3166666666667,268.25,41.3786956461092,4.61964462071773
2023-02-17 02:00:00,46.9666666666667,268.266666666667,45.992187694178,4.8276970365737
2023-02-17 03:00:00,51.4333333333333,268.266666666667,36.2576961725082,5.87810787956279
2023-02-17 04:00:00,54.0666666666667,268.2,33.1320471015071,5.87487271479877
2023-02-17 05:00:00,57.5333333333333,268.183333333333,34.548917106684,5.9054525186501
2023-02-17 06:00:00,60.8833333333333,268.066666666667,41.3682516636967,5.2282046154877
2023-02-17 07:00:00,68.8833333333333,268.133333333333,46.6700039733564,4.65127123413921
2023-02-17 08:00:00,78.8333333333333,268.283333333333,57.2432692825331,3.71870768037996
2023-02-17 09:00:00,81.4,268.716666666667,51.0916604484291,5.02985928579691
2023-02-17 10:00:00,79.65,269.416666666667,65.9995923847004,3.55399870744591
2023-02-17 11:00:00,78.6166666666667,270.533333333333,59.6235722173121,3.74379061366736
2023-02-17 12:00:00,83.6333333333334,270.516666666667,40.2871769775639,4.86543834228691
2023-02-17 13:00:00,82.45,270.75,17.7066816028753,4.9819006593671
2023-02-17 14:00:00,79.7,271.316666666667,33.6068264225816,5.6161050575779
2023-02-17 15:00:00,85.7333333333333,271.066666666667,44.4127417703342,3.7073947814698
2023-02-17 16:00:00,94.6166666666667,270.716666666667,31.8524574901999,4.27522279448785
2023-02-17 17:00:00,99.0333333333334,270.383333333333,45.7481578148019,2.88157122122683
2023-02-17 18:00:00,99.6666666666667,270.35,28.9085183305356,3.58742376375342
2023-02-17 19:00:00,99.9166666666667,270.333333333333,29.4868585454163,4.7740926835166
2023-02-17 20:00:00,99.95,270.233333333333,23.7777039878258,4.74893169376328
2023-02-17 21:00:00,99.95,270.1,20.908923949573,3.98801073353748
2023-02-17 22:00:00,101.333333333333,269.8,29.933035354082,4.11951970268049
2023-02-17 23:00:00,100.3,270.033333333333,31.6417433900273,5.14286119887471
2023-02-18 00:00:00,99.5666666666667,270.133333333333,12.0557105575703,5.69879991683148
2023-02-18 01:00:00,99.3333333333333,270.233333333333,31.3696976908934,6.36635457188327
2023-02-18 02:00:00,98.9333333333333,270.3,32.7505819972595,5.824671074309
2023-02-18 03:00:00,98.85,270.283333333333,33.2282694973455,3.61432147370133
2023-02-18 04:00:00,90.2,270.666666666667,73.1483165288983,3.96608807227508
2023-02-18 05:00:00,75.4333333333333,271.4,43.2923942561719,4.45711740753955
2023-02-18 06:00:00,71.4,271.4,30.1765330650113,5.67847094506982
2023-02-18 07:00:00,66.45,271.483333333333,26.700371693299,5.07346831658458
2023-02-18 08:00:00,59.25,271.466666666667,26.1572613083213,6.09725811249425
2023-02-18 09:00:00,51.8833333333333,272.733333333333,31.1807177043143,4.81157942433802
2023-02-18 10:00:00,49.3,272.533333333333,39.973269498553,6.4915061049187
2023-02-18 11:00:00,46.2333333333333,273.233333333333,47.4983152556507,5.55119702465523
2023-02-18 12:00:00,46.65,273.6,38.1604522799379,5.85757202078417
2023-02-18 13:00:00,44.9833333333333,273.833333333333,19.2760896442895,5.4124727967043
2023-02-18 14:00:00,44.6333333333333,274.016666666667,36.4760852699431,5.48520046070439
2023-02-18 15:00:00,47.8833333333333,273.616666666667,23.8353495172092,6.54277157434939
2023-02-18 16:00:00,45.2333333333333,274.1,24.4018097353725,6.59585797693795
2023-02-18 17:00:00,45.95,273.833333333333,2.90739148182985,5.33907719749352
2023-02-18 18:00:00,46.9833333333333,272.633333333333,20.1116886244207,6.63849744156087
2023-02-18 19:00:00,43.5333333333333,272.1,30.63651222635,6.53654917467656
2023-02-18 20:00:00,42.05,272.066666666667,34.8113503101765,7.71895174002451
2023-02-18 21:00:00,41.0666666666667,272.033333333333,32.7508945203078,7.54800630370196
2023-02-18 22:00:00,39.1666666666667,272.05,26.3256774379194,6.87074405747197
2023-02-18 23:00:00,38.25,271.8,25.6021776478071,8.37283742915211
2023-02-19 00:00:00,36.8,271.733333333333,31.6332468381397,10.1930933930438
2023-02-19 01:00:00,36.4333333333333,271.566666666667,26.3685224825058,9.83464006491707
2023-02-19 02:00:00,36.2166666666667,271.6,34.4784935254271,8.96091360222575
2023-02-19 03:00:00,36.6833333333333,271.383333333333,41.5916494583469,7.11232636734001
2023-02-19 04:00:00,39.3333333333333,271.183333333333,41.1236272504685,5.77534408918357
2023-02-19 05:00:00,42.1333333333333,270.95,38.1227413379262,6.46682757222767
2023-02-19 06:00:00,43.7,270.783333333333,41.6530852638529,7.44438253923828
2023-02-19 07:00:00,45.3833333333334,270.833333333333,37.6051906125032,8.36510946883896
2023-02-19 08:00:00,57.9166666666667,269.683333333333,11.7394627218225,6.48067711745614
2023-02-19 09:00:00,76.0666666666667,269.083333333333,40.1054878427343,6.84258152037642
2023-02-19 10:00:00,82.2333333333333,269.333333333333,19.686442485663,7.24588420329116
2023-02-19 11:00:00,76.3,269.666666666667,17.1015589761524,8.46013126111722
2023-02-19 12:00:00,70.4833333333333,269.6,25.4934381138094,10.0330585802864
2023-02-19 13:00:00,67.55,269.766666666667,30.58824803876,12.9996293832792
2023-02-19 14:00:00,62.6,269.866666666667,33.1482127658987,14.130235856128
2023-02-19 15:00:00,60.4666666666667,269.8,16.9316264678597,13.6450090675279
2023-02-19 16:00:00,62.3,269.333333333333,14.7623058406915,11.2790331619344
2023-02-19 17:00:00,66.1833333333333,269.2,12.3340598269488,10.1843513173602
2023-02-19 18:00:00,69.1666666666667,268.516666666667,20.1332153177408,7.63095446998412
2023-02-19 19:00:00,68.0166666666667,267.883333333333,8.61917823631495,5.81884111382241
2023-02-19 20:00:00,65.4666666666667,267.933333333333,29.8893368863975,7.0622854528684
2023-02-19 21:00:00,63.3166666666667,267.883333333333,16.1562574014577,6.59185146762007
2023-02-19 22:00:00,60.45,268.116666666667,13.1283882154556,7.43662121535402
2023-02-19 23:00:00,61.7666666666667,268.216666666667,14.6260342545395,5.3399384119921
2023-02-20 00:00:00,63.2333333333333,268.3,8.25135916705972,4.45904444333523
2023-02-20 01:00:00,64.95,268.316666666667,352.603603738949,4.2912132010414
2023-02-20 02:00:00,66.1666666666667,268.333333333333,42.6662440814454,4.35965017434366
2023-02-20 03:00:00,67.75,268.266666666667,10.9026370702276,3.2759752763687
2023-02-20 04:00:00,68.0333333333333,268.166666666667,34.4756583667011,4.7262463861588
2023-02-20 05:00:00,69.1833333333333,267.933333333333,31.826239817325,6.80041572940138
2023-02-20 06:00:00,68.95,267.983333333333,38.180818504336,3.6501138217337
2023-02-20 07:00:00,67.8333333333333,268.183333333333,35.0273803724996,3.377345081975
2023-02-20 08:00:00,65.3166666666667,268.55,34.1598996218764,2.57453789028604
2023-02-20 09:00:00,61.25,269.566666666667,88.4688335508244,2.25102577974528
2023-02-20 10:00:00,58.6666666666667,270.733333333333,82.909056063722,3.02039035488789
2023-02-20 11:00:00,56.9333333333333,271.8,45.1182261855303,2.63615134981482
2023-02-20 12:00:00,57.9,272.383333333333,69.2993154941219,2.42715385389753
2023-02-20 13:00:00,54.1333333333333,274.033333333333,102.908619477225,1.35195973741049
2023-02-20 14:00:00,49.55,274.516666666667,32.2805261326923,1.22990556577525
2023-02-20 15:00:00,53.6333333333333,273.283333333333,31.6664298990759,3.79145605819459
2023-02-20 16:00:00,56.8333333333333,272.95,101.21567426257,3.9709030945605
2023-02-20 17:00:00,55.8833333333333,272.366666666667,41.765252188173,3.89527920720167
2023-02-20 18:00:00,44.4166666666667,272.833333333333,52.4756265887878,2.71321789439534
2023-02-20 19:00:00,30.0333333333333,273.333333333333,80.404801229847,1.39745823136644
2023-02-20 20:00:00,23.7166666666667,273.666666666667,335.376145933081,2.65712098247251
2023-02-20 21:00:00,20.3,273.383333333333,272.477032653382,1.88765479418093
2023-02-20 22:00:00,20.6666666666667,273.05,264.739437491401,1.33506262603088
2023-02-20 23:00:00,20.6833333333333,273.116666666667,355.805368433858,4.0594540919669
2023-02-21 00:00:00,19.8166666666667,273.15,350.281149380962,3.19861296653716
2023-02-21 01:00:00,19.3333333333333,273.2,15.8719108733554,2.64810790224007
2023-02-21 02:00:00,18.2333333333333,273.183333333333,38.317425205487,1.99117545009854
2023-02-21 03:00:00,16.65,273.15,52.3620527356015,0.88311857265831
2023-02-21 04:00:00,18.4833333333333,273.083333333333,112.418204102892,2.12385417017987
2023-02-21 05:00:00,11.7166666666667,273.35,61.4610650915438,0.681979819869254
2023-02-21 06:00:00,8.18333333333333,273.566666666667,317.992026901612,1.1717438676139
2023-02-21 07:00:00,9.55,273.433333333333,296.592321036081,1.22846161029133
2023-02-21 08:00:00,8.38333333333334,273.8,324.626317973014,1.44920732291304
2023-02-21 09:00:00,10.2833333333333,273.566666666667,334.546153123278,3.85407189369992
2023-02-21 10:00:00,11.2166666666667,273.516666666667,333.886570497603,3.20445583719256
2023-02-21 11:00:00,11.4,274.183333333333,328.648630861887,1.48572942454254
2023-02-21 12:00:00,10.9,274.716666666667,315.181844490616,2.03094488653111
2023-02-21 13:00:00,14.9333333333333,274.783333333333,249.253239734337,1.74575419647541
2023-02-21 14:00:00,12.95,277.25,309.519129057526,0.238527682355661
2023-02-21 15:00:00,21.75,276.183333333333,138.16184010499,1.10459013239227
2023-02-21 16:00:00,19.2333333333333,277.25,107.049446893977,0.266603212321281
2023-02-21 17:00:00,18.7166666666667,276.983333333333,235.618427620906,0.277218378421134
2023-02-21 18:00:00,27.0666666666667,273.6,168.64928131769,0.856641736521208
2023-02-21 19:00:00,30.0666666666667,272.766666666667,103.541712613571,0.961756427707307
2023-02-21 20:00:00,29.4166666666667,272.733333333333,72.1742948932719,0.984010926552418
2023-02-21 21:00:00,30.0,273.05,101.065066254402,1.68765444023187
2023-02-21 22:00:00,25.75,273.316666666667,58.8537624835879,1.29243404245489
2023-02-21 23:00:00,27.1666666666667,273.5,48.4869870302186,1.79173090804452
2023-02-22 00:00:00,29.15,273.1,35.6113264742253,1.56521370002895
2023-02-22 01:00:00,27.4166666666667,273.066666666667,24.8251536298262,1.60656004147764
2023-02-22 02:00:00,22.75,273.05,109.534887825218,1.75867867562353
2023-02-22 03:00:00,18.05,273.083333333333,106.446584803163,2.4452262492442
2023-02-22 04:00:00,17.0,273.216666666667,52.419952198786,1.8278315255778
2023-02-22 05:00:00,17.0,273.15,74.4365994572403,2.1922902920352
2023-02-22 06:00:00,23.3166666666667,273.016666666667,82.8779946845146,2.64746077516664
2023-02-22 07:00:00,23.7333333333333,273.083333333333,71.3480612144467,2.22223803684986
2023-02-22 08:00:00,26.5833333333333,273.166666666667,71.1286712251116,2.36458040130102
2023-02-22 09:00:00,25.4666666666667,273.833333333333,99.6541771362367,2.18054453918386
2023-02-22 10:00:00,25.4833333333333,273.9,96.0344140474974,1.75149207981367
2023-02-22 11:00:00,23.45,275.4,52.8104430067945,0.625591737607922
2023-02-22 12:00:00,26.45,275.283333333333,78.6565713828545,1.20224523999806
2023-02-22 13:00:00,25.65,276.616666666667,36.8156046023449,0.241842645090809
2023-02-22 14:00:00,35.2833333333333,274.15,51.2281135809282,2.30540943922943
2023-02-22 15:00:00,38.2166666666667,274.75,71.1681226103145,1.70954203381763
2023-02-22 16:00:00,37.5833333333333,274.633333333333,40.5136453634018,0.986812597893038
2023-02-22 17:00:00,42.9,273.4,21.6128272120964,1.55184169571303
2023-02-22 18:00:00,43.65,272.15,10.3430011491147,0.520832473889155
2023-02-22 19:00:00,45.7666666666667,271.55,231.191624108191,0.545802496107546
2023-02-22 20:00:00,51.5166666666667,270.433333333333,34.2408745768882,1.71094292182284
2023-02-22 21:00:00,61.1333333333333,269.283333333333,9.26485632167731,2.54008192774918
2023-02-22 22:00:00,62.25,269.116666666667,56.761504669541,1.91058717247708
2023-02-22 23:00:00,65.4666666666667,268.766666666667,46.2608685638576,1.05065794697482
2023-02-23 00:00:00,71.7333333333334,268.2,33.5071348153783,1.54881143201164
2023-02-23 01:00:00,76.7833333333334,267.833333333333,36.1713224912983,2.34573176572968
2023-02-23 02:00:00,79.0833333333333,267.8,14.0688580528979,1.0732182979717
2023-02-23 03:00:00,98.5833333333333,266.866666666667,4.72805865429399,0.87881777423848
2023-02-23 04:00:00,100.5,266.483333333333,340.073957338923,2.14965941953784
2023-02-23 05:00:00,100.9,266.466666666667,330.838863525487,1.85415125632006
2023-02-23 06:00:00,100.516666666667,266.316666666667,247.008272432754,0.299683078514095
2023-02-23 07:00:00,100.416666666667,266.133333333333,254.732117849321,1.88004218052508
2023-02-23 08:00:00,100.4,266.166666666667,299.39408277177,1.91014504683698
2023-02-23 09:00:00,100.266666666667,266.516666666667,282.702067761229,1.60412403063269
2023-02-23 10:00:00,100.0,268.566666666667,326.788231281462,0.582278781156572
2023-02-23 11:00:00,98.8833333333334,268.816666666667,126.886485478626,1.01697016883421
2023-02-23 12:00:00,98.2333333333334,268.95,59.0753962965803,0.888137859305182
2023-02-23 13:00:00,98.5666666666667,268.533333333333,24.3594185511043,1.67438033563355
2023-02-23 14:00:00,94.4333333333333,269.283333333333,52.7680229425402,0.360642012499202
2023-02-23 15:00:00,95.3,269.15,84.6782115197705,0.369651511190543
2023-02-23 16:00:00,98.85,268.816666666667,135.26984156848,0.665880530266321
2023-02-23 17:00:00,99.2333333333333,268.3,127.887143460374,0.791361036704597
2023-02-23 18:00:00,98.8833333333334,267.816666666667,46.6845109301206,1.8779298080375
2023-02-23 19:00:00,84.6166666666667,268.033333333333,47.1128328358224,3.97550057359269
2023-02-23 20:00:00,75.9,268.066666666667,48.4863738027174,4.33790914516689
2023-02-23 21:00:00,94.4333333333333,267.483333333333,47.5442965070344,1.97596515253563
2023-02-23 22:00:00,95.4,267.383333333333,56.5508880800455,2.85887345205062
2023-02-23 23:00:00,91.1666666666667,267.483333333333,62.3098718997577,3.5238107511912
2023-02-24 00:00:00,89.1166666666667,267.433333333333,67.2435193847438,3.62939097060375
2023-02-24 01:00:00,82.3333333333333,267.333333333333,73.6611931440043,3.86936189353505
2023-02-24 02:00:00,85.6,267.1,69.9359334292052,4.26117818152857
2023-02-24 03:00:00,84.9666666666667,266.85,77.3191770723894,3.22989719474761
2023-02-24 04:00:00,81.8666666666667,266.966666666667,63.7921742475478,4.35692609393866
2023-02-24 05:00:00,80.45,266.666666666667,93.6495453040192,3.03389480974718
2023-02-24 06:00:00,81.9833333333333,266.6,55.8205381862069,3.86696351868951
2023-02-24 07:00:00,80.4166666666667,266.633333333333,68.617932864184,3.72964813333523
2023-02-24 08:00:00,81.1666666666667,266.55,66.7475344478896,4.14166462184463
2023-02-24 09:00:00,77.8833333333333,267.116666666667,72.9033241457727,5.23890333456468
2023-02-24 10:00:00,75.2666666666667,268.0,71.8052116854204,4.32952433399797
2023-02-24 11:00:00,74.45,268.283333333333,84.4076303368393,4.90874097643039
2023-02-24 12:00:00,72.1833333333333,268.583333333333,75.0989924732912,4.40734605342433
2023-02-24 13:00:00,74.0833333333333,268.9,65.1522627506165,5.96142526918669
2023-02-24 14:00:00,72.4,269.366666666667,66.9377088694702,6.58591982839498
2023-02-24 15:00:00,72.6666666666667,269.483333333333,59.183044467042,5.21538262599137
2023-02-24 16:00:00,72.4833333333333,269.45,38.8400394622089,4.72263439279486
2023-02-24 17:00:00,73.6,268.7,48.6725527696198,6.69613207619412
2023-02-24 18:00:00,73.9666666666667,268.333333333333,47.0967128701328,6.14633575781674
2023-02-24 19:00:00,72.1333333333334,267.966666666667,65.1100706332231,6.26654002111119
2023-02-24 20:00:00,70.6666666666667,267.716666666667,68.3189477489565,7.31025247377025
2023-02-24 21:00:00,71.3,267.483333333333,61.8706818554842,6.8903115061714
2023-02-24 22:00:00,73.75,267.25,61.533334306046,5.92761427637368
2023-02-24 23:00:00,76.75,267.05,67.5074350525347,5.4307723881545
2023-02-25 00:00:00,96.3666666666667,265.966666666667,41.7340226457114,6.61562452091751
2023-02-25 01:00:00,100.166666666667,265.683333333333,54.6734178933185,7.27745965916367
2023-02-25 02:00:00,100.25,265.95,53.7388097859335,10.6914620845209
2023-02-25 03:00:00,99.9166666666667,266.3,41.3017597059713,10.581311292186
2023-02-25 04:00:00,100.4,266.25,41.722404810765,9.10846033063152
2023-02-25 05:00:00,100.35,266.083333333333,28.7407466230856,6.3807011475425
2023-02-25 06:00:00,100.233333333333,265.75,13.7595187277775,8.44754252256555
2023-02-25 07:00:00,99.9166666666667,264.766666666667,356.585635104121,7.65342739110607
2023-02-25 08:00:00,99.95,264.85,10.4608452187761,7.98387104724784
2023-02-25 09:00:00,99.7833333333334,264.683333333333,39.8529817247173,7.9844278199908
2023-02-25 10:00:00,99.7,265.016666666667,31.702967203661,4.90835276735107
2023-02-25 11:00:00,99.5833333333333,265.383333333333,35.0499325930074,6.88868418096357
2023-02-25 12:00:00,99.4166666666667,266.3,31.3106886002475,6.81645146583358
2023-02-25 13:00:00,99.6,266.116666666667,28.5947927264673,5.76016511187075
2023-02-25 14:00:00,99.6166666666667,265.966666666667,23.4036970946329,5.14660421041314
2023-02-25 15:00:00,99.5666666666667,265.95,4.81025179448756,4.58719162845107
2023-02-25 16:00:00,99.45,264.95,338.85931603515,3.71269985193656
2023-02-25 17:00:00,99.5833333333333,264.166666666667,331.00302220587,4.08538058024592
2023-02-25 18:00:00,99.6,264.033333333333,7.37140109396057,3.14331503190275
2023-02-25 19:00:00,99.4,263.016666666667,326.939239883483,5.12263282433051
2023-02-25 20:00:00,99.15,261.883333333333,327.179546987693,5.68695714083162
2023-02-25 21:00:00,99.0333333333334,261.233333333333,329.196565508987,5.83731631881678
2023-02-25 22:00:00,98.9333333333333,260.716666666667,332.920489273262,5.0518535730122
2023-02-25 23:00:00,98.7166666666667,259.85,330.170161498006,4.99973038981069
2023-02-26 00:00:00,98.05,258.616666666667,320.248276926648,5.39141695876378
2023-02-26 01:00:00,96.35,257.866666666667,316.086080898063,4.76095905562404
2023-02-26 02:00:00,95.6333333333333,257.55,330.19974336843,4.81150646280053
2023-02-26 03:00:00,94.8666666666667,257.35,321.138868032379,3.32924729699703
2023-02-26 04:00:00,94.0166666666667,257.016666666667,329.334990893219,3.47454264872482
2023-02-26 05:00:00,93.7833333333334,256.95,347.413608437089,2.42481478773099
2023-02-26 06:00:00,91.4833333333333,256.15,348.782905669886,2.500636991393
2023-02-26 07:00:00,90.5166666666667,255.633333333333,3.40492897333928,1.8190792477295
2023-02-26 08:00:00,89.4166666666667,255.3,334.860748602476,1.58679859911361
2023-02-26 09:00:00,89.6333333333333,256.233333333333,239.810668937222,1.74699714627882
2023-02-26 10:00:00,86.4,255.716666666667,227.224385296094,2.72588877698312
2023-02-26 11:00:00,85.4333333333334,255.216666666667,221.681421554916,3.51382583785929
2023-02-26 12:00:00,86.0833333333333,255.533333333333,223.684529355501,2.84919611227887
2023-02-26 13:00:00,85.55,256.1,225.426707377225,3.44306270719644
2023-02-26 14:00:00,85.3,256.1,222.773103050894,3.58442838339678
2023-02-26 15:00:00,86.85,256.35,228.387073176051,3.22465904949328
2023-02-26 16:00:00,87.2333333333333,255.9,223.027577229897,3.15969393978745
2023-02-26 17:00:00,87.2666666666667,255.266666666667,224.528339008652,2.66044173774741
2023-02-26 18:00:00,88.05,254.95,236.921016615541,2.32172008128414
2023-02-26 19:00:00,87.0333333333334,254.466666666667,221.299169446443,3.79703496634889
2023-02-26 20:00:00,88.0333333333333,254.55,218.897744955032,2.69062355998126
2023-02-26 21:00:00,88.5,254.766666666667,230.551113743945,0.600722486012114
2023-02-26 22:00:00,88.8,254.933333333333,287.309181693016,0.209680822592567
2023-02-26 23:00:00,89.1833333333334,255.033333333333,231.088699603083,2.07937575622557
2023-02-27 00:00:00,89.35,255.133333333333,230.881055344905,1.79237141033562
2023-02-27 01:00:00,89.2166666666667,255.116666666667,237.701490145093,1.71214495140632
2023-02-27 02:00:00,88.4833333333333,254.95,270.428076673097,0.493638463516702
2023-02-27 03:00:00,88.75,255.033333333333,,0.0
2023-02-27 04:00:00,89.2833333333334,255.116666666667,,0.0
2023-02-27 05:00:00,89.45,255.183333333333,,0.0
2023-02-27 06:00:00,90.2666666666667,255.483333333333,,0.0
2023-02-27 07:00:00,92.9833333333333,256.666666666667,52.9618355274705,1.93868299526311
2023-02-27 08:00:00,94.3,257.4,52.2273897836564,2.50414155666577
2023-02-27 09:00:00,96.1,258.816666666667,55.1104987061719,1.68094230532861
2023-02-27 10:00:00,97.0,259.616666666667,59.5590433550872,2.12590176529782
2023-02-27 11:00:00,97.85,261.016666666667,147.698093968801,0.384586840080821
2023-02-27 12:00:00,98.5833333333333,262.0,114.642334460508,0.372264378348098
2023-02-27 13:00:00,98.7666666666667,262.55,66.2182219012638,1.64800903745189
2023-02-27 14:00:00,98.7666666666667,262.05,57.4524316237228,2.37596099293607
2023-02-27 15:00:00,98.9166666666667,262.55,47.838473542138,1.69036019460312
2023-02-27 16:00:00,98.8833333333333,262.666666666667,93.5418532285797,1.3852973170143
2023-02-27 17:00:00,98.8833333333333,262.05,100.290736695813,2.36804137100472
2023-02-27 18:00:00,98.95,261.716666666667,66.8364024938404,2.00477642473575
2023-02-27 19:00:00,99.0,261.266666666667,59.8811340604139,5.38424588100434
2023-02-27 20:00:00,99.0,261.316666666667,63.9820858382616,5.21216102128727
2023-02-27 21:00:00,99.0,261.233333333333,68.489437281311,3.32697655045565
2023-02-27 22:00:00,98.9333333333333,261.0,60.6168466604976,1.82792466851964
2023-02-27 23:00:00,98.9,260.616666666667,55.345397508756,4.57717954122326
2023-02-28 00:00:00,98.8666666666667,260.416666666667,57.5721148737844,4.70642558941942
2023-02-28 01:00:00,98.8,260.266666666667,54.0144463954522,5.40223909793935
2023-02-28 02:00:00,98.8,260.433333333333,71.1024969566095,3.3918630577574
2023-02-28 03:00:00,98.8,260.333333333333,55.9960745026061,2.26950482685725
2023-02-28 04:00:00,98.7666666666667,260.233333333333,47.6782250244802,3.1230477125275
2023-02-28 05:00:00,98.75,260.166666666667,62.9037715202985,1.05921771478041
2023-02-28 06:00:00,98.8,260.45,51.4504399405502,4.26022532240365
2023-02-28 07:00:00,98.75,261.0,63.7419080967394,2.11547035342579
2023-02-28 08:00:00,96.8,261.783333333333,78.2664249232929,2.55136993085613
2023-02-28 09:00:00,78.3166666666667,262.716666666667,115.932956052856,4.03915237547783
2023-02-28 10:00:00,69.35,264.383333333333,121.701660488964,2.41098534947366
2023-02-28 11:00:00,63.6833333333333,265.633333333333,140.722408522529,1.8120922245673
2023-02-28 12:00:00,58.6666666666667,266.883333333333,162.71033965573,1.21549446789879
2023-02-28 13:00:00,55.25,270.15,115.450633032518,0.0942067421360734
2023-02-28 14:00:00,55.9333333333333,271.1,182.869715934959,0.148217153444331
2023-02-28 15:00:00,60.1166666666667,272.733333333333,11.5845912086075,0.288230405240564
2023-02-28 16:00:00,60.0166666666667,269.416666666667,201.734466333218,0.544214714227457
2023-02-28 17:00:00,67.5666666666667,268.133333333333,77.3694536071914,0.171096141017398
2023-02-28 18:00:00,71.2,267.633333333333,64.0,0.0233333333333333
2023-02-28 19:00:00,90.7,263.35,44.747074423111,0.10358653903883
2023-02-28 20:00:00,95.8333333333333,263.0,23.1086223502099,0.521658973512249
2023-02-28 21:00:00,95.7,262.9,285.056726748654,1.16762293703745
2023-02-28 22:00:00,71.55,264.3,177.426036657332,3.01170854982659
2023-02-28 23:00:00,60.75,264.883333333333,167.168378128666,3.50461385517264
2023-03-01 00:00:00,59.1166666666667,264.766666666667,182.566228228548,4.05518271913537
2023-03-01 01:00:00,57.65,264.6,180.479061852714,4.68472795152955
2023-03-01 02:00:00,56.5,264.55,176.554353258625,3.83622184540192
2023-03-01 03:00:00,57.2666666666667,264.466666666667,183.814477757589,2.33099353171767
2023-03-01 04:00:00,54.8666666666667,264.516666666667,186.767643994436,2.12858429182028
2023-03-01 05:00:00,51.8,264.7,187.318292580428,2.78033696391175
2023-03-01 06:00:00,45.1333333333333,265.216666666667,177.356311818132,3.82232824654964
2023-03-01 07:00:00,42.55,265.483333333333,163.573994976377,3.43948841018935
2023-03-01 08:00:00,39.8833333333333,266.316666666667,167.311579907325,2.32136632181899
2023-03-01 09:00:00,37.2166666666667,267.45,163.980153173236,1.81315695156472
2023-03-01 10:00:00,37.6,267.6,157.044218256923,3.00785853334078
2023-03-01 11:00:00,37.4666666666667,268.416666666667,139.559906204939,2.26605382477139
2023-03-01 12:00:00,37.1666666666667,269.433333333333,177.899359138655,1.26343087202485
2023-03-01 13:00:00,41.85,270.25,231.848232302031,1.08496002418871
2023-03-01 14:00:00,43.6666666666667,270.716666666667,208.335189796907,0.507163178047456
2023-03-01 15:00:00,52.45,270.05,227.787389540979,1.70773818603158
2023-03-01 16:00:00,59.0,269.5,162.953874866051,3.74098518805047
2023-03-01 17:00:00,59.7,269.383333333333,161.690102227473,3.94440534030931
2023-03-01 18:00:00,65.2666666666667,268.066666666667,175.446132674908,3.87470570360666
2023-03-01 19:00:00,69.0666666666667,267.216666666667,168.366575555663,2.89451538569131
2023-03-01 20:00:00,64.05,267.65,152.387331062483,10.4803669301405
2023-03-01 21:00:00,65.2166666666667,267.783333333333,178.107865780073,11.3791113201609
2023-03-01 22:00:00,72.2833333333334,267.35,181.118134934691,11.3432175721902
2023-03-01 23:00:00,70.7,267.366666666667,158.727459018208,8.89278034984548
2023-03-02 00:00:00,73.0,266.8,141.72752376228,5.46814269614178
2023-03-02 01:00:00,73.9666666666667,266.316666666667,140.894678416478,3.32817468044353
2023-03-02 02:00:00,72.7666666666667,266.266666666667,266.229907670124,0.561843272293461
2023-03-02 03:00:00,73.6166666666667,266.233333333333,255.044177560359,0.375438344069084
2023-03-02 04:00:00,73.45,266.066666666667,192.916981086219,1.03115568556063
2023-03-02 05:00:00,70.6666666666667,265.966666666667,158.917014338459,1.49106158741026
2023-03-02 06:00:00,80.3,265.3,213.467055639101,2.12845711417105
2023-03-02 07:00:00,74.7666666666667,265.15,159.417971069784,4.65625366072866
2023-03-02 08:00:00,74.65,265.05,124.426628667932,4.2286349415639
2023-03-02 09:00:00,71.65,265.183333333333,116.111681035668,5.25268866979035
2023-03-02 10:00:00,66.6166666666667,266.033333333333,125.186516654363,3.68196989558874
2023-03-02 11:00:00,70.45,267.45,140.156565217407,1.74185035078505
2023-03-02 12:00:00,78.0166666666667,267.433333333333,163.849090883682,1.92966758322646
2023-03-02 13:00:00,69.4833333333333,268.45,165.436360542244,1.25850641613499
2023-03-02 14:00:00,64.3333333333333,269.85,122.216260142977,1.69939028814604
2023-03-02 15:00:00,63.05,269.766666666667,102.710880616627,1.62767392096624
2023-03-02 16:00:00,64.2,269.066666666667,59.1171109965769,1.5999742453101
2023-03-02 17:00:00,69.5166666666667,267.433333333333,355.683825869513,1.45612753591465
2023-03-02 18:00:00,73.05,266.75,335.89798475178,1.77873734549934
2023-03-02 19:00:00,76.2833333333333,266.116666666667,343.068820375327,1.95505500690925
2023-03-02 20:00:00,79.6166666666667,266.0,226.9304453676,1.34065718955048
2023-03-02 21:00:00,82.0,265.75,216.574951691245,1.65830784598415
2023-03-02 22:00:00,82.25,265.616666666667,239.231541814098,1.59779112680134
2023-03-02 23:00:00,83.1666666666667,265.45,223.197687354752,2.45665415857671
2023-03-03 00:00:00,83.6833333333333,265.366666666667,220.864711210326,2.53933865212902
2023-03-03 01:00:00,83.15,265.383333333333,234.453702538523,4.13984371300736
2023-03-03 02:00:00,83.6,265.166666666667,237.678037688017,4.59482520511054
2023-03-03 03:00:00,87.5166666666667,265.083333333333,233.655818953178,4.94637486330966
2023-03-03 04:00:00,90.15,265.016666666667,233.846721280449,2.83474233549124
2023-03-03 05:00:00,92.5,264.933333333333,243.318265864307,3.48869261389086
2023-03-03 06:00:00,95.2666666666667,264.666666666667,240.748474495976,4.35264185039646
2023-03-03 07:00:00,91.8,264.416666666667,241.068799571802,3.61639204927159
2023-03-03 08:00:00,92.45,264.8,243.459145680196,4.25468711691982
2023-03-03 09:00:00,87.6166666666667,265.65,231.453856975349,3.54725159755669
2023-03-03 10:00:00,81.0666666666667,266.266666666667,225.353366940922,2.96994913581672
2023-03-03 11:00:00,70.7,268.15,191.228663801505,0.393252612673343
2023-03-03 12:00:00,78.0833333333333,268.266666666667,139.644906555075,0.836794068667593
2023-03-03 13:00:00,89.3666666666667,267.1,183.873809825701,1.59364742142833
2023-03-03 14:00:00,93.6666666666667,266.983333333333,156.971579989411,2.19715321002435
2023-03-03 15:00:00,92.0,267.433333333333,207.360516377118,0.350369418027583
2023-03-03 16:00:00,97.4833333333333,267.416666666667,295.971457384446,0.312935540452162
2023-03-03 17:00:00,99.95,266.033333333333,2.6654785692611,1.71331360660262
2023-03-03 18:00:00,99.5666666666667,265.883333333333,358.956071631131,1.87518054456401
2023-03-03 19:00:00,100.133333333333,264.65,331.039403826645,2.1297884966839
2023-03-03 20:00:00,99.8833333333334,264.716666666667,253.72185549336,1.61821981798386
2023-03-03 21:00:00,99.4166666666667,264.483333333333,225.570541748685,2.62938315471239
2023-03-03 22:00:00,99.6666666666667,264.316666666667,217.801307059368,2.64914909007494
2023-03-03 23:00:00,99.7833333333334,264.066666666667,211.954649524256,0.853525315351834
2023-03-04 00:00:00,99.85,263.733333333333,118.763275677235,1.68447606327159
2023-03-04 01:00:00,99.75,263.583333333333,141.203287928713,2.03625364593817
2023-03-04 02:00:00,99.65,263.5,132.70681664722,2.58558918753355
2023-03-04 03:00:00,96.7833333333333,263.15,204.147203316766,1.59556859595462
2023-03-04 04:00:00,87.5333333333334,263.083333333333,231.290015613814,2.91304225010158
2023-03-04 05:00:00,63.1,263.883333333333,247.402180376116,3.86192458607596
2023-03-04 06:00:00,41.2833333333333,264.9,236.55283449821,5.70557962074326
2023-03-04 07:00:00,25.8833333333333,265.733333333333,227.528479819388,6.35800166299993
2023-03-04 08:00:00,22.1,266.366666666667,233.283000701168,5.55688907128548
2023-03-04 09:00:00,20.1166666666667,267.283333333333,235.639373520913,5.06856334836141
2023-03-04 10:00:00,20.2,267.666666666667,233.100795529592,5.32074278545567
2023-03-04 11:00:00,18.3666666666667,268.55,226.001485126452,3.67368839997723
2023-03-04 12:00:00,20.55,269.216666666667,241.253127777342,2.60433286683189
2023-03-04 13:00:00,50.2833333333333,269.9,160.55779157319,0.486427849199723
2023-03-04 14:00:00,56.5666666666667,270.066666666667,134.878142077356,0.607882473197835
2023-03-04 15:00:00,52.05,270.566666666667,41.9938331347883,0.271729952087942
2023-03-04 16:00:00,64.2166666666667,268.25,352.261368072584,2.60324839916995
2023-03-04 17:00:00,68.3166666666667,267.533333333333,349.642404375753,3.80965051532398
2023-03-04 18:00:00,73.85,266.166666666667,340.240127298113,3.18146003551097
2023-03-04 19:00:00,85.9666666666667,264.916666666667,328.346790372872,3.81234032442007
2023-03-04 20:00:00,90.8666666666667,264.333333333333,311.256473756808,4.17431259691283
2023-03-04 21:00:00,82.9333333333334,264.3,307.416804152298,1.96070307316756
2023-03-04 22:00:00,76.5833333333334,264.2,272.054515489666,0.745357879169838
2023-03-04 23:00:00,64.7333333333334,264.033333333333,351.663912602862,0.251005800452307
2023-03-05 00:00:00,39.5333333333333,264.333333333333,328.456295759032,2.12302007153967
2023-03-05 01:00:00,36.9666666666667,264.0,317.568162154436,1.3540920372554
2023-03-05 02:00:00,32.8666666666667,263.766666666667,337.0,0.0483333333333333
2023-03-05 03:00:00,32.25,264.066666666667,33.5603324076205,0.776187927794587
2023-03-05 04:00:00,34.0,264.0,77.0387651454183,0.993824250879951
2023-03-05 05:00:00,35.7166666666667,264.1,74.8006784891503,1.12276505590315
2023-03-05 06:00:00,35.9333333333333,264.2,54.5106287302583,0.998690426490608
2023-03-05 07:00:00,35.0666666666667,264.25,57.9227962329912,2.67725055042924
2023-03-05 08:00:00,31.75,264.85,50.6148396084392,3.43151167561599
2023-03-05 09:00:00,29.3833333333333,265.433333333333,36.7826987815797,2.9063839309693
2023-03-05 10:00:00,28.0,265.966666666667,50.4616798640557,3.4467843003986
2023-03-05 11:00:00,28.5333333333333,266.5,51.2953422429525,2.95180205401023
2023-03-05 12:00:00,30.5666666666667,267.733333333333,65.5508215448369,2.59576267823205
2023-03-05 13:00:00,32.2666666666667,268.383333333333,65.1759036384394,2.89432321766835
2023-03-05 14:00:00,35.8166666666667,268.733333333333,58.1208909506091,2.78473265446358
2023-03-05 15:00:00,38.6,268.05,6.15832073915146,3.66795823109537
2023-03-05 16:00:00,36.3,267.483333333333,338.024253720346,3.13402261842828
2023-03-05 17:00:00,34.0833333333333,266.65,327.207591953194,4.06806188508458
2023-03-05 18:00:00,32.6,266.233333333333,8.61788685405145,2.06532375957025
2023-03-05 19:00:00,33.4333333333333,264.933333333333,39.9371643353827,5.5178504096843
2023-03-05 20:00:00,29.4833333333333,264.5,44.1170568991883,7.25993909465243
2023-03-05 21:00:00,28.05,264.283333333333,49.7156124104874,7.1607367729057
2023-03-05 22:00:00,25.95,264.233333333333,53.9065138569035,7.64420558752683
2023-03-05 23:00:00,24.0666666666667,264.383333333333,55.533495944857,6.89333126713211
2023-03-06 00:00:00,28.1666666666667,264.266666666667,58.2226873054551,7.90923925852235
2023-03-06 01:00:00,33.05,264.15,60.0238091646343,7.91138653631997
2023-03-06 02:00:00,39.2,263.866666666667,52.8612848705639,7.48388444109571
2023-03-06 03:00:00,41.2666666666667,263.816666666667,40.9683902074201,8.84439687819194
2023-03-06 04:00:00,44.9,263.616666666667,38.8325673938178,8.96991125429313
2023-03-06 05:00:00,46.3333333333333,263.666666666667,41.3522880294482,7.29527354173605
2023-03-06 06:00:00,44.9833333333333,263.75,48.7158967660874,7.0297876742424
2023-03-06 07:00:00,45.7333333333333,263.716666666667,59.0313252986978,6.41857626235099
2023-03-06 08:00:00,46.5666666666667,263.816666666667,63.3412426448647,5.73939603336733
2023-03-06 09:00:00,47.2833333333333,264.116666666667,64.9526614651078,5.00424834314682
2023-03-06 10:00:00,49.6833333333333,264.516666666667,64.0740217841774,5.8664247029356
2023-03-06 11:00:00,55.1,264.733333333333,57.5368356003996,5.05690338265615
2023-03-06 12:00:00,55.5833333333333,265.583333333333,48.234897267825,6.35466323092369
2023-03-06 13:00:00,55.8333333333333,265.783333333333,33.4611233985917,5.09481888527744
2023-03-06 14:00:00,56.7166666666667,265.8,19.4435594412457,5.36754453904748
2023-03-06 15:00:00,51.4666666666667,265.516666666667,9.10212283216481,6.65957493847538
2023-03-06 16:00:00,48.95,265.483333333333,13.343545565379,9.47512678660622
2023-03-06 17:00:00,50.0333333333333,265.4,12.59585052569,9.35128228236762
2023-03-06 18:00:00,58.8666666666667,264.7,11.5134312835449,6.92735188999591
2023-03-06 19:00:00,53.35,264.55,25.9593148730264,7.45326857859175
2023-03-06 20:00:00,55.6333333333333,264.4,25.8805910629815,5.88286139535179
2023-03-06 21:00:00,61.8,264.016666666667,21.4637713199535,4.48729310251974
2023-03-06 22:00:00,82.8666666666667,262.983333333333,47.3331316590711,2.48161302098475
2023-03-06 23:00:00,99.0666666666667,262.083333333333,64.1030389879227,1.87476984965276
2023-03-07 00:00:00,98.6833333333333,262.266666666667,54.6327805703306,5.08290290764902
2023-03-07 01:00:00,83.3833333333333,263.016666666667,54.2368719966415,6.54186572279428
2023-03-07 02:00:00,67.1333333333334,263.233333333333,64.1276333980434,6.61878090735024
2023-03-07 03:00:00,59.75,263.333333333333,67.265828527347,7.93648861359367
2023-03-07 04:00:00,58.55,263.3,54.2208852753673,7.30146105560395
2023-03-07 05:00:00,56.0333333333333,263.333333333333,57.7781141174803,7.44315286428672
2023-03-07 06:00:00,52.15,263.3,51.8867097145536,6.70896392499333
2023-03-07 07:00:00,48.8,263.533333333333,56.1239085615383,8.84783182657012
2023-03-07 08:00:00,50.6833333333333,264.116666666667,63.7432179669489,7.74204633610534
2023-03-07 09:00:00,45.55,265.3,67.4068398539089,7.07470619007673
2023-03-07 10:00:00,37.2166666666667,266.316666666667,73.0590051563844,6.68835096897628
2023-03-07 11:00:00,39.5,267.283333333333,73.3099313428091,5.78319771387114
2023-03-07 12:00:00,37.6333333333333,267.8,68.9498901126036,5.32910958863916
2023-03-07 13:00:00,40.2166666666667,268.116666666667,74.7992868128151,6.12841598995681
2023-03-07 14:00:00,38.8333333333333,268.95,75.562547365704,5.52052398001067
2023-03-07 15:00:00,39.5833333333333,268.666666666667,68.0466236460083,5.70635780650358
2023-03-07 16:00:00,44.9166666666667,267.75,77.4672286145989,5.97659077099742
2023-03-07 17:00:00,45.3833333333333,267.116666666667,74.6181214199894,6.59928604364938
2023-03-07 18:00:00,52.3166666666667,266.366666666667,65.8390291195966,6.34857357217262
2023-03-07 19:00:00,58.35,265.766666666667,72.0014018298954,7.45811445222214
2023-03-07 20:00:00,64.5333333333334,265.25,58.4950914277993,8.17043982456598
2023-03-07 21:00:00,69.7333333333333,264.866666666667,58.59805304443,7.28306567684028
2023-03-07 22:00:00,72.9666666666667,264.75,63.7366816530225,7.4608641770652
2023-03-07 23:00:00,75.2833333333334,264.65,47.2365787198003,6.26726796180698
2023-03-08 00:00:00,79.15,264.483333333333,36.2471221799145,8.23381481330596
2023-03-08 01:00:00,73.25,264.45,36.4608080106134,8.89791664796173
2023-03-08 02:00:00,70.5,264.316666666667,35.4773982622447,8.23450254982199
2023-03-08 03:00:00,62.15,264.283333333333,46.2630866556146,9.69913059319143
2023-03-08 04:00:00,60.7,264.166666666667,47.7103022015161,8.64688510982507
2023-03-08 05:00:00,57.8833333333333,264.316666666667,51.2770311824658,8.89678250844798
2023-03-08 06:00:00,55.8166666666667,265.083333333333,60.090798958021,9.41347309450353
2023-03-08 07:00:00,55.0,265.6,75.7018046467148,5.89372049649402
2023-03-08 08:00:00,55.0166666666667,266.166666666667,72.2099418475399,7.37161875064519
2023-03-08 09:00:00,61.9666666666667,266.233333333333,72.6115077146005,11.1499644490464
2023-03-08 10:00:00,64.4666666666667,266.933333333333,72.5816596784156,10.8606825708857
2023-03-08 11:00:00,89.2166666666667,266.383333333333,90.7229132768451,6.81978670927847
2023-03-08 12:00:00,98.7666666666667,266.75,87.8305502893255,9.33457407948527
2023-03-08 13:00:00,88.0333333333334,268.466666666667,63.5841333454736,9.55027178467402
2023-03-08 14:00:00,97.9,268.35,65.2444990606719,8.96383694937006
2023-03-08 15:00:00,94.6333333333333,268.466666666667,61.8459093978886,8.07216188742812
2023-03-08 16:00:00,69.5333333333333,270.166666666667,50.5426235520284,10.6253359254714
2023-03-08 17:00:00,66.9666666666667,270.2,54.1096325773568,8.69583551810171
2023-03-08 18:00:00,61.6,269.933333333333,65.4160080412258,10.8288019696191
2023-03-08 19:00:00,75.45,269.016666666667,60.7058482833676,8.6000625158985
2023-03-08 20:00:00,97.1166666666667,267.966666666667,71.307854863422,9.12412223089271
2023-03-08 21:00:00,99.2666666666667,268.266666666667,51.2922274672601,11.7504696042066
2023-03-08 22:00:00,96.5166666666667,268.683333333333,47.4341327498933,10.7594221785395
2023-03-08 23:00:00,79.65,269.616666666667,40.6342738408323,13.9995344994135
2023-03-09 00:00:00,76.8666666666667,269.716666666667,43.0757030429033,11.5583317586709
2023-03-09 01:00:00,99.0666666666667,268.333333333333,64.7458221282293,6.27769192243551
2023-03-09 02:00:00,101.083333333333,268.15,75.4624240546586,9.77002938714488
2023-03-09 03:00:00,100.416666666667,268.366666666667,64.1368159384297,9.66951503722123
2023-03-09 04:00:00,93.2333333333333,268.816666666667,53.5111049375958,11.1503415090045
2023-03-09 05:00:00,72.7333333333333,269.45,41.3940100969537,12.594121910421
2023-03-09 06:00:00,77.3833333333333,269.216666666667,46.6785714696455,11.8629854235179
2023-03-09 07:00:00,69.3666666666667,269.216666666667,42.2404688124545,12.7421670708588
2023-03-09 08:00:00,70.7833333333333,268.9,37.8600755392087,12.9211636652702
2023-03-09 09:00:00,99.8333333333334,267.416666666667,27.155666494194,7.7816364430643
2023-03-09 10:00:00,100.583333333333,267.533333333333,37.4268780308029,6.39200769865589
2023-03-09 11:00:00,100.2,268.016666666667,36.7020192414171,6.26940223701441
2023-03-09 12:00:00,99.85,268.05,39.3707157288488,5.69806479941465
2023-03-09 13:00:00,90.25,268.316666666667,57.0057097069115,5.45310693177913
2023-03-09 14:00:00,91.95,269.233333333333,31.4918178766573,6.2851183932714
2023-03-09 15:00:00,69.2,269.95,36.1580264490802,7.90245747108807
2023-03-09 16:00:00,64.9,269.35,30.5814985821393,9.91962598583413
2023-03-09 17:00:00,59.7333333333333,270.166666666667,19.4220085801585,7.29398063869816
2023-03-09 18:00:00,55.0333333333333,269.85,21.8540659727798,8.09203053467877
2023-03-09 19:00:00,47.3833333333333,269.266666666667,34.1815029584035,7.33731661840111
2023-03-09 20:00:00,49.3666666666667,269.1,65.2867245443176,4.17230373038851
2023-03-09 21:00:00,53.8166666666667,269.1,69.1540704966987,6.33137362273911
2023-03-09 22:00:00,51.7833333333333,269.4,76.1048169632146,6.50716520775541
2023-03-09 23:00:00,52.5166666666667,269.3,80.3894406839777,6.12867734241569
2023-03-10 00:00:00,55.0333333333333,269.35,75.1164046304822,8.49701039974315
2023-03-10 01:00:00,56.6,269.15,76.2764638768715,7.23972044240851
2023-03-10 02:00:00,54.45,269.166666666667,85.7327449558453,7.2822909668982
2023-03-10 03:00:00,54.7166666666667,269.166666666667,87.3563693096763,9.08019575882362
2023-03-10 04:00:00,53.3666666666667,269.0,90.4495455371428,7.57813195243221
2023-03-10 05:00:00,54.1166666666667,268.583333333333,93.661634980989,8.28675161899663
2023-03-10 06:00:00,57.5333333333333,268.383333333333,73.3635720889837,5.41536754919398
2023-03-10 07:00:00,73.85,267.483333333333,83.1839867176469,4.48145447942134
2023-03-10 08:00:00,96.1333333333333,266.6,98.8499796084022,5.95148726580916
2023-03-10 09:00:00,88.1833333333333,267.383333333333,83.8502329840764,5.72692031755403
2023-03-10 10:00:00,80.7166666666667,268.383333333333,58.2367156830441,5.82187640719119
2023-03-10 11:00:00,70.5,269.3,58.5762648803718,6.42441472880783
2023-03-10 12:00:00,78.5333333333333,268.85,32.2031528156419,7.82807561766476
2023-03-10 13:00:00,96.4,267.916666666667,23.907598401693,5.16247754557086
2023-03-10 14:00:00,84.9833333333333,268.366666666667,30.6356205574364,6.80779507827487
2023-03-10 15:00:00,86.6166666666667,267.85,2.34297460571179,6.71985882189384
2023-03-10 16:00:00,100.45,266.733333333333,355.594540371799,7.1116426502984
2023-03-10 17:00:00,100.25,266.466666666667,28.1280879642268,5.99817328933232
2023-03-10 18:00:00,100.083333333333,265.816666666667,19.8029359204157,8.84908677609787
2023-03-10 19:00:00,99.3833333333333,265.35,32.616180511624,9.93248603587787
2023-03-10 20:00:00,98.9833333333333,264.5,29.0545621169381,8.802391089974
2023-03-10 21:00:00,87.1833333333333,264.65,36.5262926569481,9.81460863786632
2023-03-10 22:00:00,92.0833333333333,264.633333333333,34.7677436291385,9.7612480044797
2023-03-10 23:00:00,97.1333333333333,264.416666666667,26.9085760593389,8.92659906769758
2023-03-11 00:00:00,99.7166666666667,264.083333333333,23.3545216166165,8.4934342398537
2023-03-11 01:00:00,99.6833333333333,263.883333333333,24.076438937842,8.8087403324251
2023-03-11 02:00:00,99.6333333333333,263.733333333333,27.9017702301083,6.8535972524984
2023-03-11 03:00:00,99.5333333333333,263.4,27.7324417861406,5.99101816994447
2023-03-11 04:00:00,99.45,263.133333333333,27.4479523328799,7.51375609020657
2023-03-11 05:00:00,99.4,262.816666666667,29.1480204761902,7.63292114816817
2023-03-11 06:00:00,99.3666666666667,262.6,19.8335640141374,7.23552320046098
2023-03-11 07:00:00,99.3,262.55,19.4941333468017,5.58106682737674
2023-03-11 08:00:00,99.3,262.6,20.4000494163149,5.24511519530089
2023-03-11 09:00:00,99.3,262.883333333333,26.4063859815113,5.2481267573919
2023-03-11 10:00:00,99.3166666666667,263.35,43.5348161354134,5.07811332353482
2023-03-11 11:00:00,99.3,263.733333333333,49.0816847631519,4.73138007960164
2023-03-11 12:00:00,99.2666666666667,264.233333333333,48.0714224570488,4.37985814937242
2023-03-11 13:00:00,99.1666666666667,264.566666666667,48.1561997145181,4.56352628714591
2023-03-11 14:00:00,99.2166666666667,264.916666666667,48.0388108324965,4.55753703151711
2023-03-11 15:00:00,98.9833333333333,265.333333333333,32.6671968131273,4.3810893342278
2023-03-11 16:00:00,99.0666666666667,265.166666666667,20.2661699062215,4.16331202527497
2023-03-11 17:00:00,99.4666666666667,265.433333333333,35.0607283315645,3.01743076714671
2023-03-11 18:00:00,99.6166666666667,265.133333333333,16.3271702562417,4.98071970721807
2023-03-11 19:00:00,99.85,265.25,26.0217663885303,5.1812208520094
2023-03-11 20:00:00,100.1,265.183333333333,32.6660792952491,4.86329734447613
2023-03-11 21:00:00,100.0,265.066666666667,44.2310222259198,5.81452037346355
2023-03-11 22:00:00,100.0,264.85,37.939665558501,5.93762100243678
2023-03-11 23:00:00,100.0,264.866666666667,26.9284470836117,5.84456317257935
2023-03-12 00:00:00,100.0,264.95,17.1354346605124,5.5115255069657
2023-03-12 01:00:00,100.05,265.083333333333,14.5427765388263,5.05286656892874
2023-03-12 02:00:00,100.1,265.216666666667,12.6748748930385,4.69093484033715
2023-03-12 03:00:00,100.1,265.266666666667,11.0154698910711,4.85818533938505
2023-03-12 04:00:00,100.1,265.35,12.952432525683,4.12346991902028
2023-03-12 05:00:00,100.183333333333,265.433333333333,15.8542881796775,4.17765521479629
2023-03-12 06:00:00,100.2,265.566666666667,4.48519539229585,6.14604892540073
2023-03-12 07:00:00,100.266666666667,265.733333333333,352.186184645158,6.05126121973769
2023-03-12 08:00:00,100.3,265.9,355.777236289372,5.42245164132519
2023-03-12 09:00:00,100.216666666667,266.283333333333,20.708930107012,5.11585038331201
2023-03-12 10:00:00,100.066666666667,266.55,14.6091002042689,6.05780319209915
2023-03-12 11:00:00,100.066666666667,266.633333333333,359.000584142842,7.11331970820103
2023-03-12 12:00:00,99.95,266.45,15.8987904147348,7.58642612518531
2023-03-12 13:00:00,99.9666666666667,267.05,0.800833908409175,6.22232319921579
2023-03-12 14:00:00,99.9666666666667,267.583333333333,9.27045218652648,5.76067961086466
2023-03-12 15:00:00,100.183333333333,267.9,20.1737096697794,6.07352643989303
2023-03-12 16:00:00,99.9833333333333,267.816666666667,25.5874455689654,6.90241105307485
2023-03-12 17:00:00,99.6166666666667,267.516666666667,24.5731062415146,6.9803032423557
2023-03-12 18:00:00,95.5,266.883333333333,39.7424544990109,8.5713078686452
2023-03-12 19:00:00,75.9333333333333,266.983333333333,57.7014293041167,5.88551526268298
2023-03-12 20:00:00,59.3,267.6,59.8933436083416,6.1063979192631
2023-03-12 21:00:00,42.95,268.133333333333,62.6434275759206,6.19240107406449
2023-03-12 22:00:00,28.2333333333333,269.05,56.1767749853933,6.25329946514554
2023-03-12 23:00:00,21.0,269.683333333333,55.8994124334988,7.38320721761429
2023-03-13 00:00:00,20.3833333333333,269.816666666667,47.563212089862,8.43916142574619
2023-03-13 01:00:00,18.2833333333333,269.966666666667,46.6381590961315,8.34187252775052
2023-03-13 02:00:00,17.4,270.15,50.6727275319269,8.89472983038442
2023-03-13 03:00:00,17.65,270.916666666667,51.8596704651033,9.36824089149713
2023-03-13 04:00:00,22.4,271.133333333333,56.536786230004,10.7468130157552
2023-03-13 05:00:00,28.1166666666667,271.516666666667,51.8702000844845,10.7136867054275
2023-03-13 06:00:00,35.3333333333333,271.65,58.6017312382772,9.14579547781648
2023-03-13 07:00:00,40.1333333333333,271.816666666667,61.8554118269437,10.4898749374053
2023-03-13 08:00:00,53.8833333333333,272.166666666667,55.3141641031929,9.72871543331766
2023-03-13 09:00:00,71.7166666666667,271.1,64.4832735130304,5.52195610885512
2023-03-13 10:00:00,74.3166666666667,271.85,69.5212602313091,5.6206434404366
2023-03-13 11:00:00,83.15,272.383333333333,77.3026585139259,7.04949929919111
2023-03-13 12:00:00,76.75,273.5,90.9751345620045,7.83374690185352
2023-03-13 13:00:00,66.1166666666667,275.083333333333,97.3417614257324,6.97975794823462
2023-03-13 14:00:00,57.9166666666667,275.566666666667,86.1800743445589,7.79164123817445
2023-03-13 15:00:00,50.9166666666667,276.183333333333,86.3145985001802,7.64006162554147
2023-03-13 16:00:00,46.0833333333333,276.533333333333,88.0361738525964,7.19590946177646
2023-03-13 17:00:00,49.2166666666667,275.566666666667,94.3052267113739,7.75680096824406
2023-03-13 18:00:00,47.2,275.05,85.6223592482958,8.97066750927047
2023-03-13 19:00:00,47.6333333333333,274.066666666667,92.2143032143543,8.19825539414429
2023-03-13 20:00:00,45.1,273.833333333333,90.0783447101984,6.14013307919557
2023-03-13 21:00:00,51.85,273.016666666667,86.1013846017459,6.67833690239473
2023-03-13 22:00:00,63.0166666666667,271.95,71.2827638756359,6.53678049394318
2023-03-13 23:00:00,71.2333333333333,271.633333333333,72.8652018053325,11.0864434847981
2023-03-14 00:00:00,69.25,272.25,78.2868205736362,13.7571228396584
2023-03-14 01:00:00,70.4833333333333,272.45,80.26376320662,11.4522154069931
2023-03-14 02:00:00,79.8833333333333,272.116666666667,76.4573511233297,7.26360762496684
2023-03-14 03:00:00,95.2166666666667,271.066666666667,55.1506839285139,4.97139176804261
2023-03-14 04:00:00,101.5,269.2,2.67482652674892,4.93808563369911
2023-03-14 05:00:00,101.466666666667,268.916666666667,346.517452918006,4.15489686452741
2023-03-14 06:00:00,101.35,268.6,353.028743401353,1.52212120539908
2023-03-14 07:00:00,101.416666666667,268.816666666667,43.9189295088931,4.42249286239718
2023-03-14 08:00:00,101.233333333333,268.333333333333,50.5297343006223,5.71826604931032
2023-03-14 09:00:00,101.133333333333,268.5,88.4744696491836,5.00702720197261
2023-03-14 10:00:00,100.866666666667,268.216666666667,58.0385175314968,6.54262313876538
2023-03-14 11:00:00,100.683333333333,268.85,49.1852196002551,5.01540092782175
2023-03-14 12:00:00,100.35,268.45,64.6805620703041,7.02834722371305
2023-03-14 13:00:00,99.4,268.7,54.0027470517054,5.93520341514121
2023-03-14 14:00:00,99.4,269.366666666667,33.5591144333589,6.31951839488464
2023-03-14 15:00:00,100.5,268.716666666667,10.8063103216407,8.5141066900638
2023-03-14 16:00:00,100.316666666667,267.083333333333,325.975962410146,11.1006524211175
2023-03-14 17:00:00,100.116666666667,266.25,344.442575242225,6.00222019242364
2023-03-14 18:00:00,99.6666666666667,264.95,9.08891630907715,8.68636145590272
2023-03-14 19:00:00,99.2833333333333,263.233333333333,7.54814702716101,10.5098141992072
2023-03-14 20:00:00,99.0833333333333,262.966666666667,20.8266346609578,4.87646575008081
2023-03-14 21:00:00,99.1166666666667,263.1,31.0159575475182,3.35020756115718
2023-03-14 22:00:00,99.45,263.066666666667,348.908481777816,3.91987207233556
2023-03-14 23:00:00,99.3166666666667,262.733333333333,356.921499291189,6.52167488265459
2023-03-15 00:00:00,99.0666666666667,261.95,345.596235905531,6.61519404061468
2023-03-15 01:00:00,98.5833333333333,261.5,345.298891721195,5.04329781526576
2023-03-15 02:00:00,98.6166666666667,261.383333333333,43.3373287149856,4.42561985313438
2023-03-15 03:00:00,98.9,261.366666666667,49.0953877535612,4.91652501194939
2023-03-15 04:00:00,99.0666666666667,261.516666666667,345.013179014245,6.42779711169192
2023-03-15 05:00:00,98.7333333333333,260.2,346.107372657836,10.3564067785188
2023-03-15 06:00:00,98.55,259.2,338.25579247534,8.40030177011842
2023-03-15 07:00:00,98.0166666666667,258.583333333333,324.720529651186,7.11019244808713
2023-03-15 08:00:00,96.3833333333333,258.216666666667,319.95199132192,6.223590004674
2023-03-15 09:00:00,97.85,259.166666666667,324.042404454487,3.82635064646287
2023-03-15 10:00:00,98.7333333333333,261.166666666667,323.802275522618,1.76677760123898
2023-03-15 11:00:00,98.6166666666667,262.1,327.331116786858,1.4540022898334
2023-03-15 12:00:00,96.35,262.716666666667,336.17417812138,1.36939157219728
2023-03-15 13:00:00,94.0166666666667,261.7,331.920790988783,4.21949117941974
2023-03-15 14:00:00,93.1,261.883333333333,349.048892005112,5.12722388718129
2023-03-15 15:00:00,92.3333333333333,262.033333333333,0.773688654721923,5.03048184118378
2023-03-15 16:00:00,93.9,261.833333333333,346.621563488755,5.69620337081358
2023-03-15 17:00:00,95.1666666666667,259.85,6.96956656274347,6.26048912401936
2023-03-15 18:00:00,95.9666666666667,259.116666666667,357.25240325449,6.43886417585831
2023-03-15 19:00:00,97.6833333333333,258.95,352.879773155839,6.15792790437103
2023-03-15 20:00:00,97.8166666666667,258.883333333333,346.613343833282,5.60516559388158
2023-03-15 21:00:00,98.05,258.9,336.367185955078,5.82191473973546
2023-03-15 22:00:00,98.3666666666667,259.05,331.240918631619,2.6776614656497
2023-03-15 23:00:00,98.0,258.9,302.211839553392,2.1114576726749
2023-03-16 00:00:00,97.15,258.816666666667,144.100270509032,1.0262011236089
2023-03-16 01:00:00,94.6833333333333,258.95,98.6288347995069,1.6456062929922
2023-03-16 02:00:00,91.5333333333333,259.366666666667,53.4518846708054,1.65698474458789
2023-03-16 03:00:00,84.8166666666667,259.75,32.9595837756306,1.79865587620715
2023-03-16 04:00:00,78.0666666666667,260.083333333333,50.2471855575079,1.52598389425857
2023-03-16 05:00:00,53.2666666666667,260.766666666667,57.1452329631062,1.80797593219273
2023-03-16 06:00:00,30.0,261.916666666667,68.8903125389767,2.78105690461387
2023-03-16 07:00:00,18.8833333333333,263.233333333333,57.3068221963661,3.1358296414569
2023-03-16 08:00:00,9.58333333333333,265.15,81.736688584381,2.66979533254768
2023-03-16 09:00:00,8.03333333333333,266.9,62.0619543588877,2.26767737839837
2023-03-16 10:00:00,8.26666666666667,268.366666666667,86.5727746696229,1.67362426938043
2023-03-16 11:00:00,9.31666666666667,268.833333333333,52.4202587283365,2.82101226068107
2023-03-16 12:00:00,12.9833333333333,269.083333333333,59.6390064814688,3.37728095791962
2023-03-16 13:00:00,25.9666666666667,269.883333333333,84.5347203086735,2.90437675546366
2023-03-16 14:00:00,27.3,270.216666666667,100.10651109439,3.01271552670541
2023-03-16 15:00:00,29.8,270.65,58.7028664479553,3.93696806226004
2023-03-16 16:00:00,36.7833333333333,270.883333333333,60.7649400371521,4.31795989415506
2023-03-16 17:00:00,41.6666666666667,270.65,38.5579528067518,3.83897093368621
2023-03-16 18:00:00,47.4333333333333,270.133333333333,60.2843608637136,4.44802813035685
2023-03-16 19:00:00,53.0833333333333,269.55,61.7023131915605,4.50097089536996
2023-03-16 20:00:00,56.7333333333333,269.566666666667,70.2520113583095,4.26243878215772
2023-03-16 21:00:00,57.6833333333333,269.8,88.8200825533478,3.96383046390806
2023-03-16 22:00:00,57.9333333333333,270.15,96.7427497817334,4.51375462283032
2023-03-16 23:00:00,57.9,270.783333333333,92.2412278247346,4.40616423516445
2023-03-17 00:00:00,52.8333333333333,271.65,77.8609124776371,3.97674687995451
2023-03-17 01:00:00,48.5166666666667,272.366666666667,93.3794059774649,4.02469850320391
2023-03-17 02:00:00,46.1333333333333,272.933333333333,101.156284578899,4.41799833902073
2023-03-17 03:00:00,17.3166666666667,273.583333333333,71.3716288959174,3.22381847509814
2023-03-17 04:00:00,16.95,273.45,82.0284545223671,3.25049935353208
2023-03-17 05:00:00,12.5333333333333,274.0,81.3630272756628,3.43855515302049
2023-03-17 06:00:00,14.05,274.283333333333,91.3843621845825,4.10099880509252
2023-03-17 07:00:00,15.9,274.916666666667,87.6653750025868,3.62120879792614
2023-03-17 08:00:00,17.35,275.666666666667,82.2847005892135,3.59628673474176
2023-03-17 09:00:00,17.3666666666667,276.566666666667,88.3366849679718,3.62439300730733
2023-03-17 10:00:00,17.5833333333333,277.033333333333,104.413480831696,4.13405401429339
2023-03-17 11:00:00,17.4833333333333,278.15,97.1109664193981,3.48400643299861
2023-03-17 12:00:00,17.2,278.383333333333,105.28137834025,3.94953278553382
2023-03-17 13:00:00,17.5,279.016666666667,89.3789334938476,3.32829297860882
2023-03-17 14:00:00,19.8166666666667,279.1,93.8352950655519,3.05824445435898
2023-03-17 15:00:00,21.9166666666667,279.033333333333,100.179559608237,2.90961704840843
2023-03-17 16:00:00,27.1333333333333,278.433333333333,88.4907747502375,4.02501464278908
2023-03-17 17:00:00,28.7,277.833333333333,81.6913361509693,3.74017349996313
2023-03-17 18:00:00,28.8833333333333,277.083333333333,96.9588016793223,4.58974788262422
2023-03-17 19:00:00,30.3,276.633333333333,102.536995429093,6.04785343626888
2023-03-17 20:00:00,32.5166666666667,276.55,102.325204677284,5.1412833317044
2023-03-17 21:00:00,33.9666666666667,275.983333333333,107.453536749773,7.2158232555963
2023-03-17 22:00:00,31.6666666666667,275.75,101.472657979009,6.85132811516272
2023-03-17 23:00:00,29.4,275.583333333333,100.993199041983,6.76425631635799
2023-03-18 00:00:00,28.8333333333333,275.35,89.5347248708997,3.86128106600081
2023-03-18 01:00:00,27.35,275.033333333333,87.9784021559578,3.86799978928524
2023-03-18 02:00:00,28.5166666666667,274.6,98.3256598109794,2.7657544046063
2023-03-18 03:00:00,35.45,273.516666666667,9.87939183107352,1.29589885941269
2023-03-18 04:00:00,40.7833333333333,272.8,27.788901578839,3.1603097357725
2023-03-18 05:00:00,46.3833333333333,272.066666666667,41.1315352333262,2.34685382793673
2023-03-18 06:00:00,46.6166666666667,271.933333333333,75.572967285525,2.1775023421017
2023-03-18 07:00:00,47.1333333333333,271.883333333333,146.44078354266,1.60820827903213
2023-03-18 08:00:00,46.3166666666667,272.2,96.2139156377886,1.8710543516482
2023-03-18 09:00:00,43.65,273.166666666667,85.1297885810743,2.04100346328973
2023-03-18 10:00:00,42.95,273.65,50.5262613354507,1.54944211688028
2023-03-18 11:00:00,43.5833333333333,274.083333333333,56.5318628660726,3.44185919757459
2023-03-18 12:00:00,44.7666666666667,274.333333333333,64.2674831707249,3.75649059027148
2023-03-18 13:00:00,51.5166666666667,274.616666666667,105.979946424402,4.6244191372451
2023-03-18 14:00:00,57.6,274.616666666667,64.3645120747668,3.66522800471734
2023-03-18 15:00:00,53.9833333333333,275.266666666667,88.7800816715287,3.57389470729648
2023-03-18 16:00:00,50.2166666666667,275.233333333333,100.461290867974,4.79491757782268
2023-03-18 17:00:00,51.25,274.816666666667,95.4011054322485,3.96104494705554
2023-03-18 18:00:00,55.45,274.283333333333,104.976720955523,1.45387334456431
2023-03-18 19:00:00,55.9333333333333,272.85,100.711552669315,4.0182106940266
2023-03-18 20:00:00,59.35,272.283333333333,99.1430387128901,4.75323628897515
2023-03-18 21:00:00,61.35,272.016666666667,101.215838599681,5.7758787630969
2023-03-18 22:00:00,58.8833333333333,272.05,100.441343510136,4.58621075392763
2023-03-18 23:00:00,56.3333333333333,272.133333333333,105.848551122563,2.70003014161905
2023-03-19 00:00:00,55.2,272.066666666667,105.967504318504,2.46705265767536
2023-03-19 01:00:00,55.65,271.966666666667,74.9208427170908,2.31080145809127
2023-03-19 02:00:00,57.6833333333333,271.683333333333,57.1468034239551,2.93954780288771
2023-03-19 03:00:00,58.85,271.283333333333,56.1668591572794,2.48261396302187
2023-03-19 04:00:00,60.5333333333333,270.583333333333,45.2495060445312,3.56836092692817
2023-03-19 05:00:00,56.65,270.3,49.210427381135,4.22500897022049
2023-03-19 06:00:00,53.7166666666667,270.466666666667,53.447369940724,2.93627041582546
2023-03-19 07:00:00,53.2166666666667,270.283333333333,55.3662184302219,1.5628872536213
2023-03-19 08:00:00,60.0833333333333,270.366666666667,353.153871679918,0.492132839481294
2023-03-19 09:00:00,62.15,270.783333333333,274.428402107295,0.191796497990007
2023-03-19 10:00:00,77.0666666666667,270.85,124.438204942835,1.65631375378313
2023-03-19 11:00:00,80.8333333333333,270.65,60.7404445932498,1.72971434183984
2023-03-19 12:00:00,88.4666666666667,271.05,120.031297513309,2.65401648499994
2023-03-19 13:00:00,71.9166666666667,271.95,67.4467650276008,3.09160634170837
2023-03-19 14:00:00,71.7166666666667,271.716666666667,76.653501349992,2.19311886320211
2023-03-19 15:00:00,87.3666666666667,270.55,346.372424686172,2.15733470083191
2023-03-19 16:00:00,97.6833333333333,269.983333333333,355.695647300965,1.80439651886062
2023-03-19 17:00:00,100.233333333333,269.85,353.152495601538,1.99954882523589
2023-03-19 18:00:00,100.683333333333,269.3,171.799530344246,0.4638861773351
2023-03-19 19:00:00,101.2,268.883333333333,358.113608650376,1.53703394170638
2023-03-19 20:00:00,101.483333333333,268.583333333333,51.5212622036471,1.82788184168138
2023-03-19 21:00:00,101.55,268.616666666667,47.0345366269871,2.77029030596744
2023-03-19 22:00:00,101.35,268.366666666667,354.286704089735,2.47227932515525
2023-03-19 23:00:00,101.116666666667,267.95,337.259253025541,4.14558131931775
2023-03-20 00:00:00,101.05,267.816666666667,319.517154719457,3.07092986931078
2023-03-20 01:00:00,100.9,267.466666666667,332.906586786322,3.25629585560408
2023-03-20 02:00:00,100.85,267.35,336.211436503038,3.88908675102511
2023-03-20 03:00:00,100.7,267.05,328.902611393828,3.76891876675115
2023-03-20 04:00:00,100.6,266.75,314.752344009548,2.61019100549445
2023-03-20 05:00:00,100.533333333333,266.533333333333,316.282866746751,2.00763373308018
2023-03-20 06:00:00,100.4,266.166666666667,324.517108875677,2.96834288332226
2023-03-20 07:00:00,100.4,266.05,314.984273787946,2.59954039911106
2023-03-20 08:00:00,100.483333333333,266.383333333333,291.795668907477,1.3164302216139
2023-03-20 09:00:00,100.833333333333,267.75,300.931639961088,1.21639705444592
2023-03-20 10:00:00,101.1,269.116666666667,299.650892899586,0.809503048423835
2023-03-20 11:00:00,100.783333333333,268.683333333333,141.727332029783,2.36937749760104
2023-03-20 12:00:00,100.7,269.016666666667,123.324415134207,1.48988565332767
2023-03-20 13:00:00,100.383333333333,268.3,38.3997844138135,3.14924368341146
2023-03-20 14:00:00,100.583333333333,269.45,74.2394164312535,2.05661414642978
2023-03-20 15:00:00,100.916666666667,271.516666666667,117.113151014168,0.282920050839256
2023-03-20 16:00:00,101.716666666667,271.9,354.531975260816,1.71199078403702
2023-03-20 17:00:00,101.4,270.75,356.791967966791,1.67499073187195
2023-03-20 18:00:00,100.316666666667,268.6,116.868629918012,2.0745740144897
2023-03-20 19:00:00,100.05,268.15,117.064105390353,2.28421153032269
2023-03-20 20:00:00,100.533333333333,268.066666666667,107.845260718643,2.16103827769446
2023-03-20 21:00:00,100.516666666667,268.066666666667,78.1574619008415,2.10159228580084
2023-03-20 22:00:00,100.15,268.133333333333,51.8088557920189,3.23850526480193
2023-03-20 23:00:00,99.8,268.066666666667,39.6587314287769,3.36969179520013
2023-03-21 00:00:00,79.3666666666667,268.016666666667,46.8669153344349,3.8190690231396
2023-03-21 01:00:00,68.7333333333333,268.1,77.3475805441152,2.25992473699692
2023-03-21 02:00:00,59.8,268.433333333333,94.6576496962534,1.65404336885986
2023-03-21 03:00:00,48.95,268.433333333333,89.3032690054365,0.942051445616526
2023-03-21 04:00:00,45.0166666666667,268.85,96.0706984697183,0.498787561486795
2023-03-21 05:00:00,43.9166666666667,269.033333333333,95.610830539478,0.620245928679994
2023-03-21 06:00:00,48.2,269.533333333333,92.8676718694079,1.29018444197862
2023-03-21 07:00:00,50.2333333333333,269.75,81.4844132154983,0.782255889744335
2023-03-21 08:00:00,46.45,270.25,73.5463190411612,1.61352367722709
2023-03-21 09:00:00,52.25,271.016666666667,90.6090235773071,1.21932173745447
2023-03-21 10:00:00,56.6166666666667,271.616666666667,105.978688819149,1.77640795640338
2023-03-21 11:00:00,59.1333333333333,272.933333333333,102.274446780205,1.29324229419554
2023-03-21 12:00:00,59.3166666666667,274.916666666667,74.442325721099,0.614689692277746
2023-03-21 13:00:00,67.0333333333333,273.216666666667,30.3170073251953,2.0770068643122
2023-03-21 14:00:00,72.2333333333334,273.15,61.9297938813498,1.82547791898404
2023-03-21 15:00:00,70.0833333333333,273.25,48.2440491100959,1.7927773820291
2023-03-21 16:00:00,69.6166666666667,273.5,51.1277571987428,0.936207073523107
2023-03-21 17:00:00,71.95,273.233333333333,104.51774309244,0.690829640650004
2023-03-21 18:00:00,75.6166666666667,271.95,326.009728747023,1.64652107974685
2023-03-21 19:00:00,76.6,271.65,291.352457962746,0.981880353618092
2023-03-21 20:00:00,73.7666666666667,270.9,296.078294519061,4.38312610523188
2023-03-21 21:00:00,70.6,271.016666666667,247.017112638236,1.67786672960929
2023-03-21 22:00:00,53.1,270.683333333333,309.793298639283,2.92287904314551
2023-03-21 23:00:00,49.7166666666667,270.466666666667,271.135552200876,1.38334225249527
2023-03-22 00:00:00,57.6833333333333,270.083333333333,126.663296945886,3.36499554997301
2023-03-22 01:00:00,61.2333333333333,270.483333333333,94.5615027756058,3.21480664748297
2023-03-22 02:00:00,67.0333333333333,270.683333333333,18.9430597473473,2.11983465811616
2023-03-22 03:00:00,61.85,270.866666666667,41.3820270832666,2.63519297794162
2023-03-22 04:00:00,67.05,271.066666666667,72.4208866020807,3.4823426460705
2023-03-22 05:00:00,69.3166666666667,271.116666666667,97.6825256591527,3.98506449625088
2023-03-22 06:00:00,67.7,271.466666666667,96.9661452851634,3.6890915047433
2023-03-22 07:00:00,66.4166666666667,271.716666666667,90.3191050338972,2.77871465716776
2023-03-22 08:00:00,64.95,272.25,89.4309941792466,4.13668579022384
2023-03-22 09:00:00,61.65,272.9,83.5141580744538,4.0421798631238
2023-03-22 10:00:00,60.4333333333333,273.716666666667,83.5914530022303,3.19212279235523
2023-03-22 11:00:00,58.9,274.383333333333,91.2355561963986,3.31223489818682
2023-03-22 12:00:00,59.6166666666667,274.75,87.3081203653534,3.60056117987319
2023-03-22 13:00:00,59.1166666666667,275.316666666667,88.1750527821565,4.44776521766532
2023-03-22 14:00:00,54.1833333333333,275.75,74.0013501988352,4.8578529473077
2023-03-22 15:00:00,54.4,276.133333333333,69.2243025358387,3.3709392037572
2023-03-22 16:00:00,54.3666666666667,276.166666666667,51.2920422487943,4.4180165616898
2023-03-22 17:00:00,57.2166666666667,275.616666666667,15.0281853858366,3.69173765554187
2023-03-22 18:00:00,59.3833333333333,275.366666666667,13.4679369336957,3.56120748595632
2023-03-22 19:00:00,64.0166666666667,274.066666666667,10.8878262296006,3.64191693396662
2023-03-22 20:00:00,64.5166666666667,273.416666666667,35.3827172099566,3.72350915114849
2023-03-22 21:00:00,66.5833333333333,273.05,67.2925804054041,4.68120428986772
2023-03-22 22:00:00,68.2333333333333,272.75,66.6872129118361,3.54788434348852
2023-03-22 23:00:00,72.2666666666667,272.133333333333,100.380335063968,3.38249725999557
2023-03-23 00:00:00,73.5333333333333,271.833333333333,100.090770954631,6.03790200840535
2023-03-23 01:00:00,68.0666666666667,271.95,90.5603232026756,3.46785561607572
2023-03-23 02:00:00,64.7833333333333,271.916666666667,103.629717702609,3.75156803645667
2023-03-23 03:00:00,61.3,271.983333333333,80.1733612081448,1.93045475265505
2023-03-23 04:00:00,57.0333333333333,272.133333333333,98.7763777315084,2.29363135164013
2023-03-23 05:00:00,56.7666666666667,271.983333333333,66.8980337112454,2.04935484371182
2023-03-23 06:00:00,58.1333333333333,271.6,68.0075606686913,2.9251913609033
2023-03-23 07:00:00,53.1833333333333,271.616666666667,74.2721648108777,4.76756792760032
2023-03-23 08:00:00,49.85,271.816666666667,71.1759629143891,4.92430107655738
2023-03-23 09:00:00,44.9166666666667,272.633333333333,71.3330281442018,5.59759322878364
2023-03-23 10:00:00,52.5,272.716666666667,55.8384942588569,6.66997367980779
2023-03-23 11:00:00,60.35,273.283333333333,64.6830562144913,5.30596368992251
2023-03-23 12:00:00,62.6833333333333,274.133333333333,77.3411831418871,3.14894000999324
2023-03-23 13:00:00,67.3333333333333,274.166666666667,78.320691537892,3.84726383033761
2023-03-23 14:00:00,64.2166666666667,275.333333333333,85.2931740671861,2.58244539388046
2023-03-23 15:00:00,62.1333333333333,275.966666666667,90.4035623151684,3.88681488328684
2023-03-23 16:00:00,61.8666666666667,276.383333333333,88.9744912836087,3.31243437698038
2023-03-23 17:00:00,64.95,275.5,92.5286802680084,2.98961340020842
2023-03-23 18:00:00,67.6833333333333,274.9,61.6025203798505,2.37878961102788
2023-03-23 19:00:00,75.7166666666667,274.066666666667,52.3059285894993,3.43212164539991
2023-03-23 20:00:00,76.8833333333333,273.9,68.3274248269556,3.98180739017405
2023-03-23 21:00:00,80.3333333333333,273.633333333333,65.2685320733891,4.5304807902347
2023-03-23 22:00:00,79.6,273.516666666667,81.4982098858508,3.3024312472844
2023-03-23 23:00:00,81.9666666666667,273.266666666667,69.0995442465971,2.32247562745684
2023-03-24 00:00:00,80.8,273.216666666667,103.88388200567,4.60899438186293
2023-03-24 01:00:00,78.8166666666667,273.35,80.0462774271614,2.30630310041081
2023-03-24 02:00:00,79.05,273.283333333333,89.1213229340974,5.049672905254
2023-03-24 03:00:00,78.8333333333333,273.3,98.1154537097519,5.43326261931721
2023-03-24 04:00:00,76.15,273.316666666667,75.6346820012966,3.53612243081312
2023-03-24 05:00:00,81.8833333333333,273.033333333333,88.4789196494386,5.88908816782286
2023-03-24 06:00:00,77.1333333333334,273.133333333333,65.1708774499252,6.79301051686842
2023-03-24 07:00:00,76.2666666666667,273.2,74.5556977892862,5.49574518119969
2023-03-24 08:00:00,71.0,273.933333333333,64.9237193675574,6.28040946211268
2023-03-24 09:00:00,72.0333333333333,274.116666666667,81.2636645047626,5.17549446070901
2023-03-24 10:00:00,71.15,274.7,77.479621576333,3.76051124137106
2023-03-24 11:00:00,76.7166666666667,273.95,62.4382251392936,4.38617295331691
2023-03-24 12:00:00,98.4333333333333,272.45,42.0975099427501,5.34669939964912
2023-03-24 13:00:00,100.583333333333,272.516666666667,89.2402642654233,3.86133876060138
2023-03-24 14:00:00,99.3666666666667,273.6,92.5945609755904,4.8446352385288
2023-03-24 15:00:00,82.8666666666667,274.133333333333,72.1895199836678,6.55476859496132
2023-03-24 16:00:00,74.6,274.2,95.1286618462439,4.86025304117811
2023-03-24 17:00:00,84.5833333333333,273.383333333333,84.9324487205788,4.97762223194944
2023-03-24 18:00:00,101.733333333333,270.933333333333,346.228881129434,8.6742309119048
2023-03-24 19:00:00,101.816666666667,269.866666666667,35.7223285945587,10.3776217669421
2023-03-24 20:00:00,101.866666666667,269.9,54.4076982845571,7.56522925754525
2023-03-24 21:00:00,101.533333333333,270.3,72.8764613173835,4.75507542039006
2023-03-24 22:00:00,100.6,270.133333333333,27.9699586184503,5.46227666950733
2023-03-24 23:00:00,101.683333333333,269.483333333333,17.3584325624002,4.89133562586994
2023-03-25 00:00:00,101.283333333333,268.266666666667,33.5079555363224,7.06387839713311
2023-03-25 01:00:00,101.166666666667,268.133333333333,354.541443035654,2.95425270503879
2023-03-25 02:00:00,100.533333333333,266.416666666667,326.911854184116,6.64265562255688
2023-03-25 03:00:00,100.45,266.266666666667,331.501197820653,3.25995067637074
2023-03-25 04:00:00,100.416666666667,266.1,352.473963696943,2.17307667525218
2023-03-25 05:00:00,100.333333333333,265.9,351.108068686433,1.84072559406006
2023-03-25 06:00:00,100.283333333333,265.783333333333,13.8423757185736,3.9622456172439
2023-03-25 07:00:00,100.033333333333,265.45,48.1931678096862,5.02997705402456
2023-03-25 08:00:00,99.45,265.25,42.4617576260791,6.62333316899288
2023-03-25 09:00:00,99.35,265.566666666667,16.3078260021129,6.31252233947447
2023-03-25 10:00:00,99.6166666666667,265.516666666667,29.4998054887737,4.50310145005476
2023-03-25 11:00:00,96.7666666666667,265.916666666667,50.9748879215656,4.17526181991709
2023-03-25 12:00:00,98.8833333333333,265.75,48.8755351345343,6.35242547829624
2023-03-25 13:00:00,99.5166666666667,266.316666666667,34.6320763303404,7.33871497891258
2023-03-25 14:00:00,98.2166666666667,266.45,36.5363855200922,9.39135969288538
2023-03-25 15:00:00,96.75,266.2,22.1645106271764,13.2989167989316
2023-03-25 16:00:00,99.6666666666667,266.033333333333,19.1702954019432,6.64716859724514
2023-03-25 17:00:00,99.95,266.183333333333,22.7393578853203,6.33481845066538
2023-03-25 18:00:00,99.8333333333333,266.033333333333,38.494999643599,7.35876993836048
2023-03-25 19:00:00,99.2333333333333,264.933333333333,32.3822769998581,7.01898375654954
2023-03-25 20:00:00,83.7333333333333,264.8,47.9073602837114,6.12831352217392
2023-03-25 21:00:00,87.7166666666667,264.833333333333,41.656757006259,5.62389533347663
2023-03-25 22:00:00,81.0833333333333,265.1,41.2127860741628,7.2970727593461
2023-03-25 23:00:00,75.8333333333333,265.266666666667,44.1767524750085,7.48166733530395
2023-03-26 00:00:00,75.65,265.283333333333,42.4980898124458,8.01324740614742
2023-03-26 01:00:00,74.6166666666667,265.316666666667,45.0587305612124,6.50880494849557
2023-03-26 02:00:00,71.5333333333333,265.45,56.0116810497674,4.80999967316805
2023-03-26 03:00:00,70.45,265.533333333333,69.3216502560689,4.53739137648842
2023-03-26 04:00:00,69.1333333333333,265.716666666667,59.2988672549603,6.01667213363899
2023-03-26 05:00:00,71.8333333333333,265.583333333333,73.3715521381962,5.38467179282309
2023-03-26 06:00:00,69.1166666666667,265.716666666667,85.6898912084056,5.5921629615206
2023-03-26 07:00:00,63.6333333333333,266.566666666667,68.1106204667497,7.4200490411462
2023-03-26 08:00:00,60.4166666666667,267.9,58.1358226619461,8.38934045996707
2023-03-26 09:00:00,61.3,268.316666666667,70.4678086654096,6.36800479429977
2023-03-26 10:00:00,60.9666666666667,268.866666666667,71.7200185181158,7.6162811550456
2023-03-26 11:00:00,65.3166666666667,269.116666666667,70.2409317229822,5.82236770075424
2023-03-26 12:00:00,72.1666666666667,268.633333333333,64.4254653729416,6.29664449991102
2023-03-26 13:00:00,94.8833333333333,267.95,70.3208355662769,2.99489664274059
2023-03-26 14:00:00,99.8333333333334,266.983333333333,337.073293349749,4.30316586040368
2023-03-26 15:00:00,99.9833333333333,266.333333333333,322.573788126616,3.38886949287759
2023-03-26 16:00:00,99.9,265.85,22.2324097479059,4.8549334160732
2023-03-26 17:00:00,99.8666666666667,265.416666666667,32.1142165885883,6.33051493906107
2023-03-26 18:00:00,99.7333333333333,265.15,13.8417086811257,4.29186730483947
2023-03-26 19:00:00,99.6166666666667,265.0,348.568457533894,5.46820212971865
2023-03-26 20:00:00,99.5,263.35,353.925775098323,8.04904822317144
2023-03-26 21:00:00,99.4166666666667,263.183333333333,347.742956934584,5.07792067208129
2023-03-26 22:00:00,99.3833333333333,262.716666666667,333.38344900375,5.20320341378486
2023-03-26 23:00:00,99.3,262.433333333333,357.438670294564,2.39683991374268
2023-03-27 00:00:00,99.3166666666667,262.45,342.100186717703,3.58596534752895
2023-03-27 01:00:00,99.3833333333333,262.616666666667,343.312665434363,5.47406319028994
2023-03-27 02:00:00,99.3833333333333,262.5,325.044001112246,4.23575610760788
2023-03-27 03:00:00,99.3833333333333,262.666666666667,352.407552240349,5.33088694354247
2023-03-27 04:00:00,99.3833333333333,262.583333333333,342.424099410589,3.97241157047417
2023-03-27 05:00:00,99.45,262.95,337.344197500819,7.13110258946697
2023-03-27 06:00:00,99.5,263.116666666667,337.943658320167,9.91226231685177
2023-03-27 07:00:00,99.5,263.066666666667,342.363441638714,8.80343866475266
2023-03-27 08:00:00,99.45,263.016666666667,342.839558510437,10.3840234579909
2023-03-27 09:00:00,99.2166666666667,262.483333333333,337.029828886238,11.1012841210171
2023-03-27 10:00:00,99.1333333333333,262.0,336.133465090236,9.33968433072996
2023-03-27 11:00:00,99.2166666666667,262.15,329.810895507098,5.5258790473719
2023-03-27 12:00:00,99.3166666666667,262.483333333333,332.262304433914,8.35568175985496
2023-03-27 13:00:00,99.25,262.383333333333,336.125800570751,6.89651709777218
2023-03-27 14:00:00,99.0166666666667,261.483333333333,330.890426916119,7.4182662356068
2023-03-27 15:00:00,98.8166666666667,260.883333333333,336.951003286411,5.64575315190029
2023-03-27 16:00:00,98.6833333333333,260.45,339.738007331131,4.31549832560303
2023-03-27 17:00:00,98.6666666666667,259.9,331.89248579837,5.56541601389083
2023-03-27 18:00:00,98.1,259.05,332.179018212404,5.55879763102671
2023-03-27 19:00:00,97.5166666666667,258.4,321.751393367409,4.88641533216685
2023-03-27 20:00:00,95.9833333333333,257.933333333333,325.466155329223,4.35272846453422
2023-03-27 21:00:00,94.7166666666667,257.4,334.642980162825,3.13002725690215
2023-03-27 22:00:00,94.3666666666667,257.216666666667,322.96642581548,3.92492223999258
2023-03-27 23:00:00,95.55,257.65,322.814631656897,4.17051013399167
2023-03-28 00:00:00,96.45,257.966666666667,315.394093201734,5.17593338339634
2023-03-28 01:00:00,96.0666666666667,257.883333333333,317.712167374578,4.92396744573535
2023-03-28 02:00:00,94.2833333333333,257.366666666667,313.840632472766,4.75899214326822
2023-03-28 03:00:00,94.6166666666667,257.283333333333,321.522488271746,4.74315308708012
2023-03-28 04:00:00,95.2666666666667,257.55,325.695556923315,4.34749800279267
2023-03-28 05:00:00,94.8333333333333,257.483333333333,341.882679059127,3.60981417203963
2023-03-28 06:00:00,94.7166666666667,257.383333333333,321.068795493131,3.44698025565077
2023-03-28 07:00:00,95.3333333333334,257.6,318.525361238595,3.63504798211063
2023-03-28 08:00:00,96.95,258.266666666667,331.84542313393,3.12716942343235
2023-03-28 09:00:00,98.7833333333333,260.766666666667,341.157961801626,2.28548583543279
2023-03-28 10:00:00,98.9,262.766666666667,327.0,0.0216666666666667
2023-03-28 11:00:00,99.0666666666667,262.316666666667,,0.0
2023-03-28 12:00:00,99.2333333333333,262.433333333333,,0.0
2023-03-28 13:00:00,99.7,264.033333333333,,0.0
2023-03-28 14:00:00,100.683333333333,267.933333333333,,0.0
2023-03-28 15:00:00,99.2166666666667,263.366666666667,357.0,0.105
2023-03-28 16:00:00,98.4166666666667,263.233333333333,13.4848630053301,2.23097771818164
2023-03-28 17:00:00,97.5666666666667,261.333333333333,41.0649804205983,2.41859059873224
2023-03-28 18:00:00,95.2166666666667,261.066666666667,46.2292945320693,3.69400123193018
2023-03-28 19:00:00,71.6,261.2,54.6888089007553,5.40759911479971
2023-03-28 20:00:00,25.15,262.2,56.6260194830329,4.31596379144175
2023-03-28 21:00:00,16.0833333333333,263.5,59.7740478196438,4.82356292908693
2023-03-28 22:00:00,17.05,264.433333333333,63.321700881911,4.91934130314245
2023-03-28 23:00:00,42.05,264.383333333333,35.8515094460739,6.1708100559811
2023-03-29 00:00:00,57.1666666666667,264.333333333333,52.7247459066053,5.94890143875391
2023-03-29 01:00:00,90.4666666666667,263.05,74.8862719107237,6.47733630378682
2023-03-29 02:00:00,99.7333333333333,264.033333333333,60.9350183390272,7.37313785382942
2023-03-29 03:00:00,100.166666666667,265.316666666667,43.4342781768758,7.83365452906558
2023-03-29 04:00:00,100.233333333333,265.616666666667,23.8211308855269,7.01965810442779
2023-03-29 05:00:00,100.2,265.4,24.0087720473908,7.75376894832693
2023-03-29 06:00:00,100.283333333333,265.733333333333,25.3428576543738,7.78172697028256
2023-03-29 07:00:00,100.366666666667,265.966666666667,26.1356006394247,7.44681223760583
2023-03-29 08:00:00,100.466666666667,266.466666666667,54.6863845370563,8.20339175661887
2023-03-29 09:00:00,100.816666666667,267.7,34.4151536024734,7.62319238678818
2023-03-29 10:00:00,101.0,268.466666666667,27.2379522879632,8.47257901738699
2023-03-29 11:00:00,101.15,269.183333333333,16.0133962599795,6.71458847623958
2023-03-29 12:00:00,101.25,269.866666666667,10.8675239917146,5.95481412224358
2023-03-29 13:00:00,101.266666666667,269.85,2.30216149268045,5.51579966497692
2023-03-29 14:00:00,101.3,270.066666666667,20.0482015421916,5.53876606609871
2023-03-29 15:00:00,101.266666666667,270.2,39.8446965319685,7.12331821103665
2023-03-29 16:00:00,101.416666666667,270.316666666667,26.196532804425,8.40988971041648
2023-03-29 17:00:00,101.583333333333,270.366666666667,15.3718704359044,7.7924944818108
2023-03-29 18:00:00,101.2,270.266666666667,11.4657743645683,8.05595691693499
2023-03-29 19:00:00,101.416666666667,270.466666666667,350.443984411621,8.76309541570675
2023-03-29 20:00:00,101.616666666667,270.316666666667,357.751358118355,6.67184582289604
2023-03-29 21:00:00,101.85,270.233333333333,23.0577034955061,5.78552672059828
2023-03-29 22:00:00,101.966666666667,270.4,10.072367760586,6.10572703879999
2023-03-29 23:00:00,102.0,270.516666666667,44.0053046044775,3.57943158556402
2023-03-30 00:00:00,102.0,270.616666666667,63.4460747582649,4.00567947383535
2023-03-30 01:00:00,102.0,270.883333333333,58.6917126422853,5.48459072817849
2023-03-30 02:00:00,102.0,271.15,54.4658921048774,5.79697737647721
2023-03-30 03:00:00,102.0,271.35,56.2243658661691,7.81175248114286
2023-03-30 04:00:00,101.95,271.466666666667,61.4007822966794,7.10329114131762
2023-03-30 05:00:00,101.4,271.466666666667,91.2683659529039,5.04563772516783
2023-03-30 06:00:00,100.15,271.766666666667,56.2074930886628,7.18378585402288
2023-03-30 07:00:00,101.4,271.416666666667,62.5363003936091,7.77992813058444
2023-03-30 08:00:00,101.85,271.65,99.5798561127855,6.8416040353825
2023-03-30 09:00:00,93.5333333333334,272.966666666667,73.4158099358662,6.49067256302625
2023-03-30 10:00:00,75.7166666666667,274.1,59.5927818827312,6.5052200974338
2023-03-30 11:00:00,73.8333333333333,274.35,62.8213162259724,7.63078483431166
2023-03-30 12:00:00,70.25,275.1,68.9191813382591,6.82289401814928
2023-03-30 13:00:00,73.05,274.95,70.2904626707019,7.83424306244817
2023-03-30 14:00:00,81.3,274.65,58.5570786120121,4.98005599036201
2023-03-30 15:00:00,101.733333333333,270.85,4.33121962538178,9.54048791210794
2023-03-30 16:00:00,101.9,270.75,32.0876885568465,6.18205876209673
2023-03-30 17:00:00,101.5,270.983333333333,46.3925355071759,8.41490788829446
2023-03-30 18:00:00,100.616666666667,270.566666666667,7.36535003191375,7.63363951028286
2023-03-30 19:00:00,101.483333333333,269.366666666667,12.6085899504116,9.14987190898985
2023-03-30 20:00:00,101.35,268.733333333333,13.7320637578344,7.03147994762635
2023-03-30 21:00:00,100.8,268.6,27.7550491709978,5.23867396742634
2023-03-30 22:00:00,86.2833333333334,268.816666666667,37.7004787296721,7.86297611107732
2023-03-30 23:00:00,76.2166666666667,269.0,48.6825702243995,7.01672924541919
2023-03-31 00:00:00,70.1166666666667,269.266666666667,58.5240309194281,8.23673954603296
2023-03-31 01:00:00,69.45,269.416666666667,45.1575851676565,9.53333396392988
2023-03-31 02:00:00,65.6333333333333,269.616666666667,56.6621999970163,6.92438656423443
2023-03-31 03:00:00,63.5,269.65,69.8017358792636,5.80027397065587
2023-03-31 04:00:00,64.5166666666667,269.866666666667,70.7516782036723,7.74033704050302
2023-03-31 05:00:00,65.0,270.2,76.0995446305768,7.4776741780076
2023-03-31 06:00:00,67.4833333333333,270.45,72.2048958142029,7.41859175417663
2023-03-31 07:00:00,71.2166666666667,270.683333333333,68.0059944602365,7.15977053693621
2023-03-31 08:00:00,82.25,270.55,73.6158388762049,7.02038116069428
2023-03-31 09:00:00,74.8833333333333,271.316666666667,67.7070786327773,10.2519463286747
2023-03-31 10:00:00,67.2833333333334,272.133333333333,67.4529240517517,9.83115967679282
2023-03-31 11:00:00,69.3666666666667,271.933333333333,62.4404246894829,8.95585865271297
2023-03-31 12:00:00,95.7333333333333,270.716666666667,63.3621210353367,5.39636295287322
2023-03-31 13:00:00,100.7,270.5,54.8894130804769,4.54886252599929
2023-03-31 14:00:00,100.716666666667,270.066666666667,350.497932444331,3.06303371563698
2023-03-31 15:00:00,100.7,267.783333333333,335.801075925541,8.3759504753529
2023-03-31 16:00:00,100.6,267.35,24.4778146981729,12.7488723704719
2023-03-31 17:00:00,100.55,267.316666666667,338.359330202092,4.87837107402545
2023-03-31 18:00:00,100.233333333333,266.366666666667,11.6190606564232,9.11027275170083
2023-03-31 19:00:00,99.6833333333333,265.7,44.0870045972756,6.59921304285308
2023-03-31 20:00:00,100.15,265.9,20.9362376982214,4.6552050947299
2023-03-31 21:00:00,97.9833333333333,265.15,42.4439607773775,7.75979670155319
2023-03-31 22:00:00,77.5833333333333,265.233333333333,53.3854165804984,7.61202214464328
2023-03-31 23:00:00,87.45,265.2,33.2303333577643,7.25175022886627
2023-04-01 00:00:00,98.5166666666667,264.783333333333,15.3269659377713,7.04836579387126
2023-04-01 01:00:00,95.8166666666667,264.933333333333,42.7206780524757,7.93420584633843
2023-04-01 02:00:00,91.7,265.033333333333,24.201316936274,7.53328889219597
2023-04-01 03:00:00,95.5333333333333,264.966666666667,36.7826073237712,6.37577252104354
2023-04-01 04:00:00,99.8,264.666666666667,34.1450919178803,7.44001901103796
2023-04-01 05:00:00,99.6166666666667,264.683333333333,46.2947214523285,5.74108829629958
2023-04-01 06:00:00,99.8666666666667,264.483333333333,30.2587754269995,7.24063701500313
2023-04-01 07:00:00,99.7833333333334,264.466666666667,35.1827652367376,7.94910101310117
2023-04-01 08:00:00,96.7833333333333,264.783333333333,38.8371729082504,8.07615881303898
2023-04-01 09:00:00,93.9166666666667,265.433333333333,26.7508279149538,5.12146620290798
2023-04-01 10:00:00,93.9833333333333,265.8,42.4730822791796,6.93234212593584
2023-04-01 11:00:00,90.6333333333333,265.85,58.1686701108984,6.36804212804365
2023-04-01 12:00:00,90.4666666666667,266.5,60.2608918081049,5.54134516389917
2023-04-01 13:00:00,88.0,267.233333333333,54.8743915529985,5.51574255821595
2023-04-01 14:00:00,99.8666666666667,266.983333333333,28.8339465512024,5.38573386932624
2023-04-01 15:00:00,99.6,266.483333333333,29.657806834642,6.78810534124255
2023-04-01 16:00:00,99.4666666666667,266.183333333333,38.4912698161635,7.29158913803634
2023-04-01 17:00:00,94.3,266.1,29.5859553937863,7.15439209797054
2023-04-01 18:00:00,96.5333333333334,265.9,40.7743714493446,5.7856344123878
2023-04-01 19:00:00,82.05,265.683333333333,47.2312971885119,5.3196605848404
2023-04-01 20:00:00,82.1166666666667,265.45,38.6140885135958,4.67329444091425
2023-04-01 21:00:00,91.1333333333334,265.3,17.8546113750505,4.14160700577846
2023-04-01 22:00:00,87.8333333333333,265.35,359.950935893676,1.75800428234469
2023-04-01 23:00:00,98.1,265.016666666667,356.014898272184,1.57861144129716
2023-04-02 00:00:00,100.15,264.966666666667,352.920194033456,2.42863183136402
2023-04-02 01:00:00,99.7666666666667,264.733333333333,341.274582912355,1.97007569767738
2023-04-02 02:00:00,99.3666666666667,264.683333333333,333.412621154242,1.91322808154154
2023-04-02 03:00:00,96.8666666666667,264.683333333333,348.183215787663,2.595483466653
2023-04-02 04:00:00,99.5,264.5,334.807626983266,0.574380075206954
2023-04-02 05:00:00,100.133333333333,264.4,321.510690470113,1.74136388968164
2023-04-02 06:00:00,99.9666666666667,264.216666666667,330.133105370716,4.32383275775911
2023-04-02 07:00:00,99.55,263.683333333333,339.265064758056,4.21192699307846
2023-04-02 08:00:00,91.0,264.316666666667,331.208407188781,2.87439552495489
2023-04-02 09:00:00,82.3333333333333,265.433333333333,289.738037936735,1.45382941600138
2023-04-02 10:00:00,73.8833333333334,267.016666666667,266.998800323536,1.00310131533142
2023-04-02 11:00:00,93.8666666666667,265.85,318.367547245832,3.18178659258235
2023-04-02 12:00:00,90.7166666666667,267.166666666667,319.926282441114,1.33195520644643
2023-04-02 13:00:00,98.9666666666667,266.516666666667,327.156100530194,1.89841485497511
2023-04-02 14:00:00,97.5166666666667,266.733333333333,327.476737449713,2.50203567712223
2023-04-02 15:00:00,96.9333333333334,266.916666666667,328.926735973061,2.33668805381758
2023-04-02 16:00:00,99.9166666666667,266.466666666667,337.837721275331,3.59705080584118
2023-04-02 17:00:00,100.45,266.25,332.61840337331,4.21180991414288
2023-04-02 18:00:00,100.3,266.1,351.474468404402,2.08334574844423
2023-04-02 19:00:00,100.15,265.7,336.354917543384,2.88840908255146
2023-04-02 20:00:00,100.283333333333,265.6,312.83219925263,2.99668138906227
2023-04-02 21:00:00,100.316666666667,265.733333333333,327.500423160826,3.89594879286645
2023-04-02 22:00:00,100.3,265.816666666667,274.775507663097,3.24658633808445
2023-04-02 23:00:00,100.316666666667,265.866666666667,269.677323531414,2.81088074139174
2023-04-03 00:00:00,100.3,265.866666666667,261.331686006828,3.05049010668932
2023-04-03 01:00:00,100.233333333333,265.733333333333,287.843263358109,2.82290811523994
2023-04-03 02:00:00,100.2,265.583333333333,315.715634136253,2.9682268263193
2023-04-03 03:00:00,100.216666666667,265.65,321.259883876515,2.89699377037129
2023-04-03 04:00:00,100.166666666667,265.516666666667,307.905083244179,1.94726744413585
2023-04-03 05:00:00,99.9333333333333,264.8,290.605484231665,1.42175326662135
2023-04-03 06:00:00,99.7833333333334,264.216666666667,316.94562688107,1.03279095834672
2023-04-03 07:00:00,99.65,263.966666666667,310.130991154532,0.933946724041086
2023-04-03 08:00:00,99.25,265.25,266.041777244766,0.68058550556319
2023-04-03 09:00:00,96.35,265.533333333333,257.728581845912,0.992828464740267
2023-04-03 10:00:00,94.2166666666667,264.616666666667,208.127634276942,0.824310183651333
2023-04-03 11:00:00,94.7166666666667,265.983333333333,178.046335799326,1.26789337548231
2023-04-03 12:00:00,83.1833333333333,268.333333333333,346.661470415173,1.72108563986801
2023-04-03 13:00:00,82.9166666666667,266.65,354.224934036929,3.80944487943941
2023-04-03 14:00:00,84.9,266.266666666667,358.973471017051,4.66320958015318
2023-04-03 15:00:00,92.6666666666667,264.45,353.986166738038,6.36340751413624
2023-04-03 16:00:00,97.0833333333333,264.0,354.070143404024,6.97788439827874
2023-04-03 17:00:00,97.8833333333333,263.2,349.615857437731,6.15371958063179
2023-04-03 18:00:00,98.85,262.266666666667,345.916696088172,4.84406732501617
2023-04-03 19:00:00,98.9333333333333,261.016666666667,343.497452258266,2.80622698494519
2023-04-03 20:00:00,98.9166666666667,260.25,333.066289008646,1.14031583475302
2023-04-03 21:00:00,98.5833333333333,259.366666666667,266.570008725579,1.70073266856995
2023-04-03 22:00:00,98.1666666666667,258.633333333333,246.012724626584,2.00947707057544
2023-04-03 23:00:00,97.5,258.266666666667,255.889200491577,1.55130325221272
2023-04-04 00:00:00,97.6333333333333,258.116666666667,244.681420752157,0.861869648143163
2023-04-04 01:00:00,97.6333333333333,257.85,224.493618094468,0.659486585674943
2023-04-04 02:00:00,95.15,257.45,251.309364195766,0.940026962234105
2023-04-04 03:00:00,96.0666666666667,257.383333333333,352.458081544226,1.09242185293538
2023-04-04 04:00:00,93.4666666666667,257.133333333333,230.452703073254,1.97332545735577
2023-04-04 05:00:00,84.4,257.183333333333,219.56890573709,2.66554127069588
2023-04-04 06:00:00,73.7666666666667,257.116666666667,220.885537085552,2.85899149280002
2023-04-04 07:00:00,63.8666666666667,257.933333333333,223.311636148166,4.48583426971079
2023-04-04 08:00:00,54.55,259.083333333333,226.002552002823,5.87743804052441
2023-04-04 09:00:00,64.45,259.1,224.102969914414,5.30925275070254
2023-04-04 10:00:00,37.9333333333333,260.65,222.064275891503,6.80121251562577
2023-04-04 11:00:00,43.6,261.516666666667,222.245050588181,6.14580697208357
2023-04-04 12:00:00,79.5333333333333,261.583333333333,206.801276436689,3.18123416595267
2023-04-04 13:00:00,61.6333333333333,263.316666666667,221.783392469787,2.97611264772855
2023-04-04 14:00:00,47.6833333333333,263.766666666667,242.800339945784,2.85068579192533
2023-04-04 15:00:00,41.0333333333333,264.433333333333,242.13011621287,2.87166901847235
2023-04-04 16:00:00,41.7833333333333,264.266666666667,246.833663675708,2.59633576127532
2023-04-04 17:00:00,61.0,262.85,315.005259469491,2.92755299847306
2023-04-04 18:00:00,64.6833333333333,262.75,1.48884348686448,3.5288984454963
2023-04-04 19:00:00,72.5333333333333,261.45,2.94171879975954,4.1248029481157
2023-04-04 20:00:00,87.4666666666667,259.783333333333,329.673934275084,4.67800761301274
2023-04-04 21:00:00,98.25,259.4,311.316932835077,2.18106045417293
2023-04-04 22:00:00,94.6,259.233333333333,202.821048477914,0.700309372702673
2023-04-04 23:00:00,98.5666666666667,259.05,139.332682527464,2.44564838564425
2023-04-05 00:00:00,98.5333333333333,258.9,135.472341818243,2.14816728098395
2023-04-05 01:00:00,63.1333333333334,259.75,234.608036237051,3.47876314343854
2023-04-05 02:00:00,30.6333333333333,260.8,233.851924948895,4.52882649124168
2023-04-05 03:00:00,22.7833333333333,261.166666666667,232.654130150792,3.76380858457897
2023-04-05 04:00:00,19.5333333333333,261.35,246.732710211084,3.58219501716785
2023-04-05 05:00:00,17.8666666666667,261.666666666667,236.432527233182,2.98316917727235
2023-04-05 06:00:00,16.7166666666667,261.583333333333,257.102323173961,2.92942921142159
2023-04-05 07:00:00,15.3333333333333,262.15,272.045047991137,2.60039430938183
2023-04-05 08:00:00,13.9666666666667,262.533333333333,284.907848069425,2.7453241760784
2023-04-05 09:00:00,13.7833333333333,262.4,313.286041556784,3.39675494219023
2023-04-05 10:00:00,15.6333333333333,262.816666666667,300.441962122433,2.81041487899758
2023-04-05 11:00:00,41.1166666666667,264.65,221.404736266714,0.635494721932772
2023-04-05 12:00:00,50.5166666666667,265.066666666667,119.748739959923,1.17856970019664
2023-04-05 13:00:00,47.2,264.45,11.2840687685559,2.88100381377415
2023-04-05 14:00:00,49.4,264.383333333333,345.203590449089,4.25698395344905
2023-04-05 15:00:00,56.6666666666667,264.733333333333,339.923900910331,4.08506069070055
2023-04-05 16:00:00,63.4333333333333,264.083333333333,341.167443180738,5.76750576791851
2023-04-05 17:00:00,69.1166666666667,263.516666666667,348.934292620764,5.79261185056739
2023-04-05 18:00:00,77.5333333333333,263.533333333333,347.028879103813,6.55514773915623
2023-04-05 19:00:00,95.85,261.516666666667,341.91981125269,7.37534918291069
2023-04-05 20:00:00,99.2833333333333,261.016666666667,336.011321726334,6.17692919766622
2023-04-05 21:00:00,99.1166666666667,261.05,337.376812276593,5.76207628539979
2023-04-05 22:00:00,99.0166666666667,261.033333333333,332.396854506122,4.58037732345922
2023-04-05 23:00:00,98.9333333333333,260.733333333333,357.267070180989,3.62062289378523
2023-04-06 00:00:00,98.8833333333333,260.583333333333,39.6298362411811,3.17073327637345
2023-04-06 01:00:00,98.85,260.383333333333,28.8222525856717,1.79566481614233
2023-04-06 02:00:00,98.7833333333334,260.216666666667,23.7992541182938,2.5578419026913
2023-04-06 03:00:00,98.7,259.733333333333,355.317479547774,3.12859024885852
2023-04-06 04:00:00,98.7,259.666666666667,357.582053327211,2.658759473931
2023-04-06 05:00:00,98.6666666666667,259.483333333333,339.626951220402,2.29368879948332
2023-04-06 06:00:00,98.6166666666667,259.3,335.162548331574,1.50419234228624
2023-04-06 07:00:00,98.6166666666667,260.083333333333,59.1388802308852,1.64378995512809
2023-04-06 08:00:00,97.45,261.316666666667,68.4708096294323,1.6239753627249
2023-04-06 09:00:00,94.55,262.183333333333,72.1108613890583,1.40201066231796
2023-04-06 10:00:00,91.6666666666667,263.666666666667,278.555052698575,0.706735619566974
2023-04-06 11:00:00,83.65,265.25,55.9971820311625,0.594956428099705
2023-04-06 12:00:00,76.3166666666667,265.95,49.8539077885719,0.859261881531668
2023-04-06 13:00:00,70.7666666666667,266.566666666667,42.876115579956,1.30111977641251
2023-04-06 14:00:00,70.3333333333334,266.083333333333,8.26913651359746,2.89377329608171
2023-04-06 15:00:00,61.7333333333334,265.55,358.671256072901,5.23897364007613
2023-04-06 16:00:00,55.5833333333333,265.7,353.52104039537,6.48851856907179
2023-04-06 17:00:00,55.15,265.4,351.186012269329,6.25923128419662
2023-04-06 18:00:00,54.75,265.05,353.282527371188,6.70013919988324
2023-04-06 19:00:00,61.0166666666667,263.866666666667,353.827726733199,5.919901769975
2023-04-06 20:00:00,65.25,263.166666666667,334.879312391628,7.86829950953903
2023-04-06 21:00:00,64.6,262.983333333333,338.99088629076,6.87509835632803
2023-04-06 22:00:00,59.3666666666667,262.766666666667,331.319583070087,5.71800936694365
2023-04-06 23:00:00,61.0833333333333,262.583333333333,320.197890923292,2.30412577926603
2023-04-07 00:00:00,62.2,262.633333333333,50.9509470077864,1.00983725327365
2023-04-07 01:00:00,66.3166666666667,262.666666666667,43.3477353233524,2.09856366369858
2023-04-07 02:00:00,93.1666666666667,262.766666666667,17.141443151806,1.9535758441136
2023-04-07 03:00:00,99.4166666666667,262.783333333333,41.5670546979774,2.75688807674708
2023-04-07 04:00:00,99.55,263.233333333333,32.403849908108,2.4014060823097
2023-04-07 05:00:00,99.7666666666667,263.833333333333,2.15701078725891,3.57186253220667
2023-04-07 06:00:00,99.7666666666667,263.9,5.01527434691735,3.50695043585477
2023-04-07 07:00:00,99.8,264.016666666667,26.3789803425181,3.79517714277994
2023-04-07 08:00:00,99.6166666666667,264.533333333333,44.3375456622595,3.15291844899792
2023-04-07 09:00:00,99.2333333333333,265.166666666667,47.1312894509232,2.84531989075206
2023-04-07 10:00:00,89.8166666666667,265.65,49.6900228510085,2.6581104773174
2023-04-07 11:00:00,72.5166666666667,266.766666666667,52.0989920462699,2.51474038337277
2023-04-07 12:00:00,64.1333333333333,267.966666666667,358.700694221879,1.48720442920641
2023-04-07 13:00:00,63.6166666666667,267.616666666667,341.710963612141,1.85275014508414
2023-04-07 14:00:00,65.8166666666667,267.8,327.470056190798,2.68084653508655
2023-04-07 15:00:00,71.4833333333333,267.733333333333,337.866522155794,4.12435964620517
2023-04-07 16:00:00,87.5,266.95,336.684757274734,5.61910731271624
2023-04-07 17:00:00,100.0,265.866666666667,347.676203465823,6.66872724872343
2023-04-07 18:00:00,99.9833333333333,265.7,344.244611578968,6.29716734199185
2023-04-07 19:00:00,100.05,265.133333333333,333.795735254843,5.47594516353199
2023-04-07 20:00:00,99.8833333333333,264.666666666667,258.783942379987,2.73834281149623
2023-04-07 21:00:00,99.4666666666667,264.283333333333,237.128478472456,3.28300458245145
2023-04-07 22:00:00,99.8,264.4,290.374477843935,3.51531477842934
2023-04-07 23:00:00,99.9833333333333,264.55,285.775452560307,4.37117295567198
2023-04-08 00:00:00,99.9,264.483333333333,297.691292987091,2.33730332635012
2023-04-08 01:00:00,99.8833333333333,264.433333333333,307.581554753691,2.00492462765466
2023-04-08 02:00:00,99.8333333333333,264.333333333333,277.467055169119,2.88732226321928
2023-04-08 03:00:00,99.8833333333333,264.45,293.775457525227,2.78021557498754
2023-04-08 04:00:00,99.8,264.233333333333,285.604913537553,2.30381495594032
2023-04-08 05:00:00,99.7333333333333,264.133333333333,266.670058875809,2.432197789811
2023-04-08 06:00:00,99.7,263.966666666667,264.554532121894,1.61388885073617
2023-04-08 07:00:00,99.8,264.3,296.885241355472,1.91200602682035
2023-04-08 08:00:00,99.8333333333333,264.683333333333,278.251647807365,2.43894490309157
2023-04-08 09:00:00,99.65,264.816666666667,230.062159848674,2.8090115955322
2023-04-08 10:00:00,99.6833333333333,265.616666666667,250.774115899358,2.7196674157466
2023-04-08 11:00:00,99.5333333333333,266.45,306.527270364146,3.57458739160854
2023-04-08 12:00:00,99.3833333333333,267.333333333333,320.0857450279,2.622355093791
2023-04-08 13:00:00,99.0666666666667,266.85,354.767643652431,3.12641583614817
2023-04-08 14:00:00,99.0833333333333,267.416666666667,332.352739440886,3.82982737965507
2023-04-08 15:00:00,99.2833333333333,266.85,335.129046922828,4.63812903710946
2023-04-08 16:00:00,99.65,265.866666666667,333.1402989102,5.77598262095651
2023-04-08 17:00:00,99.7666666666667,265.816666666667,334.077958931136,6.08768476962111
2023-04-08 18:00:00,99.8833333333333,265.1,334.333928317323,7.90284981355767
2023-04-08 19:00:00,100.0,265.0,331.745002659243,6.85584138349179
2023-04-08 20:00:00,99.9333333333333,264.683333333333,326.515176838191,5.63777587166469
2023-04-08 21:00:00,99.8333333333333,264.366666666667,318.625340775815,4.05027087052318
2023-04-08 22:00:00,99.75,264.133333333333,318.982653581671,3.43549171943258
2023-04-08 23:00:00,99.7,263.95,323.50701027204,3.00160682347681
2023-04-09 00:00:00,99.7,263.85,334.37731493968,2.9754321455247
2023-04-09 01:00:00,99.7,263.816666666667,325.588538828547,3.52755818691301
2023-04-09 02:00:00,99.6,263.516666666667,322.311550613291,2.34301107050974
2023-04-09 03:00:00,99.6,263.45,320.950453578198,1.66018750138869
2023-04-09 04:00:00,99.55,263.333333333333,315.460973027544,0.84194698443994
2023-04-09 05:00:00,99.4833333333333,263.166666666667,318.331460529217,0.52940864256033
2023-04-09 06:00:00,99.4,262.816666666667,318.372648019144,0.58476413550419
2023-04-09 07:00:00,99.3333333333333,262.65,306.666365761081,0.0499830808197733
2023-04-09 08:00:00,99.7166666666667,264.15,296.0,0.0166666666666667
2023-04-09 09:00:00,99.7333333333333,265.133333333333,,0.0
2023-04-09 10:00:00,99.45,264.416666666667,182.68895901086,0.328031473883335
2023-04-09 11:00:00,99.5833333333333,264.75,192.938711642649,0.561635895100215
2023-04-09 12:00:00,99.5,264.8,190.204879351818,1.14167588626233
2023-04-09 13:00:00,99.4833333333333,265.733333333333,201.648596079503,0.677824339933855
2023-04-09 14:00:00,99.65,268.683333333333,311.663465243092,1.218806549447
2023-04-09 15:00:00,99.1666666666667,267.766666666667,344.733176965695,3.09477502083596
2023-04-09 16:00:00,99.4,266.016666666667,344.793174039576,5.09800922424042
2023-04-09 17:00:00,99.1333333333333,266.6,358.044146601208,3.54543273896732
2023-04-09 18:00:00,98.9166666666667,266.266666666667,326.889521442049,5.15331847477206
2023-04-09 19:00:00,99.1833333333333,264.516666666667,335.104501379154,4.66917406555828
2023-04-09 20:00:00,99.25,263.766666666667,346.77570041345,4.43666198626197
2023-04-09 21:00:00,99.2333333333333,263.583333333333,0.589010984896447,3.82165439555305
2023-04-09 22:00:00,99.45,263.35,10.0380943942473,3.11750508748709
2023-04-09 23:00:00,99.0833333333333,262.916666666667,334.928950688776,1.06643638478645
2023-04-10 00:00:00,99.3833333333333,263.016666666667,317.902426225575,2.79891645313448
2023-04-10 01:00:00,99.2666666666667,263.1,281.895676497668,3.16613395875614
2023-04-10 02:00:00,99.2166666666667,262.733333333333,276.978470165475,1.42638045326319
2023-04-10 03:00:00,92.0333333333333,262.55,235.377627949844,0.96971111873213
2023-04-10 04:00:00,93.8666666666667,262.15,220.15577202388,0.426587143801896
2023-04-10 05:00:00,98.3,262.05,355.086281482458,1.65666793429325
2023-04-10 06:00:00,89.3333333333333,262.4,26.1733514980224,0.438996776420174
2023-04-10 07:00:00,79.2333333333333,265.2,348.682498078263,0.915431433666182
2023-04-10 08:00:00,68.0166666666667,266.566666666667,332.919227479999,3.58567582218758
2023-04-10 09:00:00,56.3166666666667,268.933333333333,316.71707155798,2.0786394550639
2023-04-10 10:00:00,51.9,272.283333333333,300.671387107849,1.13615401583436
2023-04-10 11:00:00,47.15,273.6,322.151508886505,0.188865479220153
2023-04-10 12:00:00,46.2333333333333,269.25,151.003965903811,2.62663337778868
2023-04-10 13:00:00,40.6166666666667,270.783333333333,131.680743009775,2.21002289031016
2023-04-10 14:00:00,33.6333333333333,272.166666666667,55.1879873307221,1.82502862145705
2023-04-10 15:00:00,34.0833333333333,273.7,60.5413404320655,0.955607524844764
2023-04-10 16:00:00,34.8166666666667,273.5,354.052349234319,0.491221301816892
2023-04-10 17:00:00,36.85,271.766666666667,272.701521571536,1.71211128941291
2023-04-10 18:00:00,44.9,270.1,304.764465609721,2.75182947666771
2023-04-10 19:00:00,32.25,270.116666666667,116.253064882849,1.77114475893601
2023-04-10 20:00:00,35.3666666666667,269.833333333333,43.2615699898248,3.48098790094182
2023-04-10 21:00:00,35.7833333333333,269.566666666667,67.2861105931854,3.04568656863599
2023-04-10 22:00:00,29.1666666666667,269.783333333333,56.8708180614013,4.33980339515289
2023-04-10 23:00:00,28.65,269.966666666667,39.4571007763595,4.87598140717434
2023-04-11 00:00:00,31.3666666666667,270.05,43.6127660563178,4.80530588650219
2023-04-11 01:00:00,39.1666666666667,269.9,59.2327771613971,5.97890940955378
2023-04-11 02:00:00,44.2,269.733333333333,47.2734192323109,5.13359505971189
2023-04-11 03:00:00,41.9666666666667,269.833333333333,68.0820104120345,4.52669570924199
2023-04-11 04:00:00,54.3666666666667,269.75,52.4521379126476,7.63980209703175
2023-04-11 05:00:00,61.4833333333333,269.783333333333,51.7331179644789,6.72993690838551
2023-04-11 06:00:00,74.25,269.666666666667,58.9633228731357,7.01869836393704
2023-04-11 07:00:00,85.3833333333333,269.666666666667,65.0100350265791,6.27238347941438
2023-04-11 08:00:00,100.05,269.066666666667,56.9254784106821,7.27898595032929
2023-04-11 09:00:00,99.9833333333333,269.3,61.6669435998205,7.26082178223627
2023-04-11 10:00:00,100.666666666667,269.333333333333,59.8851928747744,7.32650199279873
2023-04-11 11:00:00,100.783333333333,269.483333333333,30.9367825835577,6.20006390807151
2023-04-11 12:00:00,100.416666666667,269.533333333333,27.5684162399961,6.8996306718816
2023-04-11 13:00:00,100.233333333333,269.6,27.8109935361031,6.95236974836136
2023-04-11 14:00:00,100.216666666667,269.866666666667,25.7731107961312,6.98517582807317
2023-04-11 15:00:00,100.733333333333,269.033333333333,354.922092363828,8.63067132675358
2023-04-11 16:00:00,100.566666666667,268.133333333333,337.006466713688,6.12101807791577
2023-04-11 17:00:00,100.466666666667,267.9,330.749075274453,5.28919651938671
2023-04-11 18:00:00,100.283333333333,267.55,345.117549179347,4.73458185953437
2023-04-11 19:00:00,100.25,266.733333333333,359.010684162768,6.10336054685905
2023-04-11 20:00:00,100.283333333333,266.15,349.824452765307,5.61473912167526
2023-04-11 21:00:00,99.9,265.916666666667,357.070665612566,3.90273461009787
2023-04-11 22:00:00,98.9,266.183333333333,39.631412863747,2.72516265619862
2023-04-11 23:00:00,88.0166666666667,266.5,54.9414576822809,4.38304263089143
2023-04-12 00:00:00,83.6166666666667,266.616666666667,95.0327508610342,4.36097581974332
2023-04-12 01:00:00,89.9166666666667,266.75,69.5769435831226,3.32345829235591
2023-04-12 02:00:00,95.4666666666667,266.833333333333,88.2765667178632,5.48380048020478
2023-04-12 03:00:00,99.2166666666667,267.933333333333,61.1963269445105,9.24073646836914
2023-04-12 04:00:00,100.516666666667,267.933333333333,55.7827780009558,9.51397039544917
2023-04-12 05:00:00,101.2,268.233333333333,55.9506577240328,8.87709841483676
2023-04-12 06:00:00,101.316666666667,268.516666666667,64.4141308701811,7.10135016504361
2023-04-12 07:00:00,101.4,268.85,70.5096707366794,6.55331024445244
2023-04-12 08:00:00,101.2,269.5,64.4526332143977,7.36166051642898
2023-04-12 09:00:00,100.433333333333,270.216666666667,68.8312812082689,7.26416779557304
2023-04-12 10:00:00,100.583333333333,270.6,67.527390055852,7.40607194791849
2023-04-12 11:00:00,100.516666666667,270.816666666667,65.904303900269,5.21241254361123
2023-04-12 12:00:00,88.8,271.816666666667,67.0847627107925,6.08260220193976
2023-04-12 13:00:00,75.45,272.866666666667,70.6559562067158,5.84222170921428
2023-04-12 14:00:00,81.7,272.55,68.9413525412103,5.89836336322912
2023-04-12 15:00:00,91.05,272.533333333333,79.2428669230618,5.78797029485344
2023-04-12 16:00:00,85.9833333333333,272.316666666667,70.0729746260267,6.0804734574092
2023-04-12 17:00:00,83.2,272.25,85.3540260458447,4.69603133179479
2023-04-12 18:00:00,98.8,271.433333333333,79.5536733114303,5.17203729531848
2023-04-12 19:00:00,90.5666666666667,271.266666666667,72.4330115673954,5.50382384143612
2023-04-12 20:00:00,98.4666666666667,270.766666666667,87.5587275417728,5.32715059504907
2023-04-12 21:00:00,93.3,270.65,80.4794121794506,4.57159130530958
2023-04-12 22:00:00,97.3666666666667,270.316666666667,73.2075514476262,2.68008878270552
2023-04-12 23:00:00,100.833333333333,268.716666666667,343.621539238199,6.02735506542311
2023-04-13 00:00:00,100.733333333333,267.066666666667,328.45124316292,8.54224498433078
2023-04-13 01:00:00,100.616666666667,266.816666666667,332.523808806992,1.27125870045137
2023-04-13 02:00:00,100.55,266.65,197.145278018635,1.75024723993259
2023-04-13 03:00:00,100.15,265.55,314.0466057427,5.25110642372313
2023-04-13 04:00:00,99.8333333333333,264.4,329.01395961738,5.81991890696871
2023-04-13 05:00:00,99.65,263.716666666667,305.017444033642,4.13981628537333
2023-04-13 06:00:00,99.55,263.3,295.228946912894,3.49637224520603
2023-04-13 07:00:00,99.55,263.283333333333,318.933743531685,3.63213718021651
2023-04-13 08:00:00,99.4333333333334,263.1,322.309642530535,3.87442673639573
2023-04-13 09:00:00,99.2166666666667,262.4,327.209901989647,4.16802683316051
2023-04-13 10:00:00,99.4666666666667,263.266666666667,313.367873705621,2.38562001419917
2023-04-13 11:00:00,99.1333333333333,262.416666666667,264.094493182829,2.65425869480208
2023-04-13 12:00:00,99.15,262.016666666667,271.538453844637,2.23784786259448
2023-04-13 13:00:00,99.2333333333333,262.066666666667,297.457573841352,5.35244545065648
2023-04-13 14:00:00,99.2,262.316666666667,251.596413253443,3.16782476045584
2023-04-13 15:00:00,99.2166666666667,262.716666666667,259.5396936124,5.30155515158493
2023-04-13 16:00:00,99.1333333333333,262.05,258.103787237824,5.65517243760525
2023-04-13 17:00:00,99.15,262.066666666667,265.147734514683,5.27558152063785
2023-04-13 18:00:00,99.1333333333333,261.75,264.150982972887,4.91441501345305
2023-04-13 19:00:00,99.1333333333333,261.683333333333,297.972010473413,5.39436701068462
2023-04-13 20:00:00,99.1,261.416666666667,274.618558048553,4.14623245980599
2023-04-13 21:00:00,99.1666666666667,261.65,285.254165664061,3.75574208934317
2023-04-13 22:00:00,99.2,261.75,281.558422691561,3.55933941074544
2023-04-13 23:00:00,99.2,261.816666666667,267.593824243322,3.51995023303909
2023-04-14 00:00:00,99.2,261.85,290.888152383658,2.99825442507396
2023-04-14 01:00:00,99.2,261.916666666667,284.469124121808,2.87745419618563
2023-04-14 02:00:00,99.2666666666667,262.083333333333,281.488890200834,4.15917552809158
2023-04-14 03:00:00,99.3,262.2,304.968176946875,4.11580225130692
2023-04-14 04:00:00,99.3,262.283333333333,312.308010695474,3.83112655251746
2023-04-14 05:00:00,99.3,262.416666666667,312.941581935026,2.93905664459317
2023-04-14 06:00:00,99.3,262.45,318.969455077269,2.18763875229231
2023-04-14 07:00:00,99.4,262.616666666667,325.263765707576,2.21589183609563
2023-04-14 08:00:00,99.4666666666667,263.15,307.402926408117,1.57880836195706
2023-04-14 09:00:00,99.6666666666667,263.933333333333,309.196668549407,1.44615657172855
2023-04-14 10:00:00,99.8166666666667,264.6,304.785038247299,1.30648173303396
2023-04-14 11:00:00,100.05,265.6,321.050594626738,3.10861085344544
2023-04-14 12:00:00,100.266666666667,266.65,320.651665485939,4.28581831824342
2023-04-14 13:00:00,100.916666666667,268.766666666667,318.067052300021,3.77729332193074
2023-04-14 14:00:00,100.5,267.133333333333,330.160649269433,3.55972113026734
2023-04-14 15:00:00,100.466666666667,266.983333333333,324.897645808125,3.70837207076964
2023-04-14 16:00:00,100.366666666667,266.883333333333,314.922899211456,2.36954665865098
2023-04-14 17:00:00,100.133333333333,266.183333333333,324.565585001285,3.46233869834708
2023-04-14 18:00:00,99.7333333333334,264.533333333333,335.177433948048,4.16202006467282
2023-04-14 19:00:00,99.5333333333333,263.583333333333,328.228450698145,5.31271457690181
2023-04-14 20:00:00,99.5,262.966666666667,339.163672599668,5.10472004831777
2023-04-14 21:00:00,99.4333333333333,262.833333333333,331.732809337807,2.78199365030832
2023-04-14 22:00:00,99.4,262.683333333333,341.084167678555,1.16607003005585
2023-04-14 23:00:00,99.2666666666667,262.25,117.353285316333,0.316542590068159
2023-04-15 00:00:00,99.05,261.533333333333,245.923599718915,1.20547294426068
2023-04-15 01:00:00,99.25,261.983333333333,229.035530287583,2.4135662978922
2023-04-15 02:00:00,99.25,262.05,244.798262144986,1.68557722703766
2023-04-15 03:00:00,99.2,261.8,265.431837309588,0.985345562373666
2023-04-15 04:00:00,99.1333333333333,261.766666666667,321.778628711919,1.27021007155884
2023-04-15 05:00:00,99.15,261.683333333333,268.501657307016,2.49928893347403
2023-04-15 06:00:00,99.1,261.433333333333,272.022486738282,2.3763453870826
2023-04-15 07:00:00,99.2833333333333,262.183333333333,323.375406130415,2.19799421462654
2023-04-15 08:00:00,99.8666666666667,265.033333333333,312.407840065907,1.77625663793406
2023-04-15 09:00:00,100.516666666667,267.1,270.012214192443,0.94154890323173
2023-04-15 10:00:00,99.8,265.633333333333,120.313481132189,1.94274186622993
2023-04-15 11:00:00,99.8,265.083333333333,104.487422491173,0.999549560220274
2023-04-15 12:00:00,100.9,269.45,111.874503026388,0.198059635044859
2023-04-15 13:00:00,100.733333333333,268.816666666667,352.497541148612,1.90550880130173
2023-04-15 14:00:00,101.0,268.5,337.644480178624,2.61970722046181
2023-04-15 15:00:00,100.266666666667,266.633333333333,318.866797925074,4.27583793654672
2023-04-15 16:00:00,100.1,265.633333333333,341.604396899042,4.33109797260152
2023-04-15 17:00:00,99.95,264.833333333333,347.756478855615,4.453281330533
2023-04-15 18:00:00,99.8166666666667,264.316666666667,326.521251362445,4.39202566776035
2023-04-15 19:00:00,99.7833333333334,264.166666666667,320.281182042979,3.72478093994404
2023-04-15 20:00:00,99.7166666666667,263.916666666667,321.082151885268,4.36933713555061
2023-04-15 21:00:00,99.8,264.066666666667,325.940060885254,5.65382528961007
2023-04-15 22:00:00,99.8333333333333,264.25,323.232229913113,6.6381734283887
2023-04-15 23:00:00,99.9,264.3,312.103309227537,3.57845819047729
2023-04-16 00:00:00,99.9,264.383333333333,328.553705525621,3.41984863474398
2023-04-16 01:00:00,99.9,264.466666666667,323.980182958678,3.58268502019383
2023-04-16 02:00:00,99.9,264.55,326.624682967454,4.28702610909109
2023-04-16 03:00:00,99.9,264.55,324.988026030794,3.75796153773765
2023-04-16 04:00:00,99.9,264.533333333333,320.780019901024,4.00692812489863
2023-04-16 05:00:00,99.9,264.433333333333,312.743100404864,2.53008338194706
2023-04-16 06:00:00,99.9,264.383333333333,301.190530814736,2.75316389874088
2023-04-16 07:00:00,99.9166666666667,264.733333333333,307.31581904974,3.06046646053996
2023-04-16 08:00:00,100.116666666667,265.383333333333,305.515988968716,2.45041560062852
2023-04-16 09:00:00,100.316666666667,266.183333333333,306.123832583544,2.02572714268595
2023-04-16 10:00:00,100.766666666667,267.716666666667,304.377014832968,1.82885190665562
2023-04-16 11:00:00,101.15,269.366666666667,302.067700815564,2.77339608355907
2023-04-16 12:00:00,101.4,270.05,318.726415628151,3.56761810366756
2023-04-16 13:00:00,101.583333333333,270.266666666667,332.096370213189,3.32876044710559
2023-04-16 14:00:00,101.666666666667,270.583333333333,318.443668630726,3.1326992943857
2023-04-16 15:00:00,101.366666666667,269.283333333333,321.84320069237,3.54101583583724
2023-04-16 16:00:00,100.833333333333,267.783333333333,324.385119394598,3.76925325254438
2023-04-16 17:00:00,100.716666666667,267.333333333333,321.079167904639,3.41846383389494
2023-04-16 18:00:00,100.55,266.8,313.475095542696,3.56514935137318
2023-04-16 19:00:00,100.383333333333,266.216666666667,326.381644693337,4.01722248745833
2023-04-16 20:00:00,100.3,265.8,322.174320495472,4.04950434105542
2023-04-16 21:00:00,100.3,265.7,316.366348671866,3.41537393219321
2023-04-16 22:00:00,100.3,265.683333333333,305.766656690412,3.57885256444204
2023-04-16 23:00:00,100.3,265.65,280.804590506697,2.75556494954401
2023-04-17 00:00:00,100.3,265.7,268.274137379125,1.98707614441504
2023-04-17 01:00:00,100.283333333333,265.616666666667,255.372692953888,2.55771751189326
2023-04-17 02:00:00,100.083333333333,265.066666666667,240.942631072084,2.96553925921013
2023-04-17 03:00:00,99.85,264.233333333333,242.743403162189,2.23897020798474
2023-04-17 04:00:00,99.7833333333334,264.0,267.735336639323,1.33828248693942
2023-04-17 05:00:00,99.7333333333333,263.783333333333,222.004967122469,1.00656792614222
2023-04-17 06:00:00,99.7166666666667,263.766666666667,227.918385324315,2.0616808784705
2023-04-17 07:00:00,99.8833333333333,265.05,232.190829890763,2.29727068084961
2023-04-17 08:00:00,99.7166666666667,265.483333333333,223.767307494275,2.40404853643241
2023-04-17 09:00:00,99.5333333333333,265.4,216.048328007029,3.41809034669717
2023-04-17 10:00:00,99.7833333333333,267.2,237.821664313571,2.47785525742785
2023-04-17 11:00:00,99.65,267.483333333333,228.585484959458,2.33414693170852
2023-04-17 12:00:00,99.8,268.166666666667,209.555254071284,2.05897483156913
2023-04-17 13:00:00,100.1,267.583333333333,206.408806936544,2.47066652061306
2023-04-17 14:00:00,100.116666666667,267.666666666667,215.368089365442,2.48787997501691
2023-04-17 15:00:00,100.15,267.433333333333,221.57189039691,2.84093204034553
2023-04-17 16:00:00,100.433333333333,267.883333333333,232.877213208242,2.04653721064733
2023-04-17 17:00:00,100.483333333333,267.6,232.871328559262,2.11923320167306
2023-04-17 18:00:00,100.5,266.883333333333,226.607160376032,2.73841528323558
2023-04-17 19:00:00,100.5,266.483333333333,224.144882381212,2.90877052798612
2023-04-17 20:00:00,100.5,266.283333333333,215.043783680715,2.14373685696308
2023-04-17 21:00:00,100.45,266.166666666667,187.212857814554,2.41607255914873
2023-04-17 22:00:00,100.316666666667,265.833333333333,194.426183864892,3.10249441357395
2023-04-17 23:00:00,100.2,265.516666666667,200.187422635984,3.42740938680172
2023-04-18 00:00:00,100.133333333333,265.4,175.146358476072,3.41740824141707
2023-04-18 01:00:00,100.1,265.35,150.284642297172,4.09975518713806
2023-04-18 02:00:00,100.366666666667,265.4,128.387415264859,3.91069702227681
2023-04-18 03:00:00,100.283333333333,265.133333333333,136.15353621532,2.83514385261624
2023-04-18 04:00:00,100.133333333333,264.933333333333,143.868822610307,2.36969597646269
2023-04-18 05:00:00,100.2,265.383333333333,149.039587917384,2.16381688234156
2023-04-18 06:00:00,100.1,265.65,125.452951131762,2.41714588113272
2023-04-18 07:00:00,99.6333333333333,266.4,124.340475116606,1.73718299509205
2023-04-18 08:00:00,100.166666666667,268.95,74.9650256383578,0.520621027303767
2023-04-18 09:00:00,100.916666666667,272.833333333333,248.150627372879,0.742445777286853
2023-04-18 10:00:00,94.95,269.3,201.796665612783,1.35226526884644
2023-04-18 11:00:00,99.0,268.716666666667,175.732874042225,2.43170482044441
2023-04-18 12:00:00,100.116666666667,268.616666666667,170.792736781306,3.39108142990625
2023-04-18 13:00:00,100.066666666667,269.283333333333,147.573917624468,1.67070075857813
2023-04-18 14:00:00,99.7833333333334,270.666666666667,151.642457048886,0.614374657847276
2023-04-18 15:00:00,99.7833333333333,272.066666666667,116.278410239135,0.0825222825103215
2023-04-18 16:00:00,99.3833333333333,270.983333333333,19.0003335162046,1.83385369853635
2023-04-18 17:00:00,100.266666666667,269.883333333333,354.67582616795,2.13859853310373
2023-04-18 18:00:00,100.9,269.85,349.215381452459,2.65615378411552
2023-04-18 19:00:00,100.85,270.15,346.035500468682,1.12903008502268
2023-04-18 20:00:00,101.016666666667,269.083333333333,193.324673666076,0.506063504240109
2023-04-18 21:00:00,101.2,268.733333333333,181.784542794628,1.47843045329332
2023-04-18 22:00:00,101.25,268.666666666667,145.0685087606,1.46801398260737
2023-04-18 23:00:00,101.416666666667,268.383333333333,204.669774979003,1.73310539601185
2023-04-19 00:00:00,101.466666666667,268.15,135.677969722159,2.15956430869444
2023-04-19 01:00:00,101.316666666667,267.833333333333,133.118587521903,2.22069627844765
2023-04-19 02:00:00,101.1,267.683333333333,140.126718579805,0.537230206709996
2023-04-19 03:00:00,100.85,267.183333333333,265.091139214996,0.11290170395431
2023-04-19 04:00:00,100.75,266.966666666667,26.1877811345113,0.426048172832762
2023-04-19 05:00:00,100.766666666667,266.966666666667,350.705547793812,0.689173678761538
2023-04-19 06:00:00,100.75,266.866666666667,341.202580609581,0.567718964713365
2023-04-19 07:00:00,100.616666666667,266.783333333333,319.229677825274,0.62603993536653
2023-04-19 08:00:00,100.65,268.0,244.798108142063,0.548267171005725
2023-04-19 09:00:00,100.366666666667,268.583333333333,196.879582370765,1.16296316988048
2023-04-19 10:00:00,100.333333333333,268.083333333333,161.287155144469,1.76195373280044
2023-04-19 11:00:00,100.55,268.333333333333,171.037587150622,1.41146920780507
2023-04-19 12:00:00,100.666666666667,269.516666666667,174.938938000866,0.317568724589094
2023-04-19 13:00:00,100.466666666667,269.95,1.0807045331087,0.568177139049101
2023-04-19 14:00:00,100.216666666667,268.633333333333,357.852878589788,3.34065595112941
2023-04-19 15:00:00,100.366666666667,267.883333333333,345.571083384795,2.28438431930734
2023-04-19 16:00:00,100.333333333333,267.866666666667,36.1364821875147,1.80972364172292
2023-04-19 17:00:00,100.65,268.266666666667,7.79657268678602,2.20718427481984
2023-04-19 18:00:00,100.85,268.316666666667,348.965380906952,2.69771551313363
2023-04-19 19:00:00,101.033333333333,268.1,6.94432902756131,3.03764168245371
2023-04-19 20:00:00,101.15,267.9,35.0250722464628,4.65275584867762
2023-04-19 21:00:00,101.033333333333,267.633333333333,50.4463792023381,5.08530458038284
2023-04-19 22:00:00,101.0,267.5,50.0273498691212,6.04039207331459
2023-04-19 23:00:00,100.966666666667,267.5,39.918382285977,5.01639320439822
2023-04-20 00:00:00,100.9,267.35,50.2031011159141,5.51759454011924
2023-04-20 01:00:00,100.816666666667,267.15,52.5398472603103,5.23499091177306
2023-04-20 02:00:00,100.766666666667,267.0,56.3304649692536,3.45738473145401
2023-04-20 03:00:00,100.6,266.766666666667,76.2127584205662,4.63931725798921
2023-04-20 04:00:00,100.516666666667,266.65,78.3666338415735,4.36133006234909
2023-04-20 05:00:00,99.9666666666667,266.716666666667,84.1335746333634,5.63342482548687
2023-04-20 06:00:00,88.7,267.233333333333,89.2118653972745,6.97609280932941
2023-04-20 07:00:00,75.4833333333333,267.883333333333,97.3010209710021,7.47528859053818
2023-04-20 08:00:00,69.6666666666667,268.4,97.9834231693257,7.00048044033284
2023-04-20 09:00:00,67.0333333333334,268.916666666667,99.5258359824646,6.75131894524893
2023-04-20 10:00:00,68.9666666666667,269.616666666667,98.4310326395117,5.23066358941547
2023-04-20 11:00:00,93.2166666666667,269.766666666667,129.795554564794,4.29053151167273
2023-04-20 12:00:00,94.5166666666667,269.616666666667,107.275073291695,7.26557957899832
2023-04-20 13:00:00,97.95,269.616666666667,111.574478313554,6.85005949252888
2023-04-20 14:00:00,99.1833333333333,269.916666666667,108.04442485733,5.14310927453658
2023-04-20 15:00:00,100.45,269.666666666667,118.624616923544,5.92149741982553
2023-04-20 16:00:00,100.05,269.183333333333,100.858690474037,6.94520862403028
2023-04-20 17:00:00,100.683333333333,268.866666666667,114.151372116736,7.04923208769685
2023-04-20 18:00:00,99.4,269.133333333333,104.725412920591,6.6149503907425
2023-04-20 19:00:00,100.0,268.683333333333,108.151293253393,4.47003049872944
2023-04-20 20:00:00,100.483333333333,268.366666666667,110.681815523463,5.52856159163614
2023-04-20 21:00:00,99.9166666666667,268.4,103.595367071141,5.06107213865924
2023-04-20 22:00:00,101.15,268.166666666667,113.105814513545,2.4208438285931
2023-04-20 23:00:00,101.216666666667,268.033333333333,122.05400623492,3.0828129508573
2023-04-21 00:00:00,101.2,268.0,106.233139898821,6.01085821379206
2023-04-21 01:00:00,100.9,268.066666666667,105.624410023296,5.70382937966831
2023-04-21 02:00:00,100.716666666667,267.916666666667,110.445232862587,4.38613526586005
2023-04-21 03:00:00,99.7333333333333,268.05,110.347731346423,4.07668667951302
2023-04-21 04:00:00,101.016666666667,267.516666666667,137.339945084023,3.63780355018345
2023-04-21 05:00:00,100.85,267.35,82.4482694150421,3.61171771405352
2023-04-21 06:00:00,100.016666666667,267.383333333333,112.892152110719,5.37622298553206
2023-04-21 07:00:00,97.75,268.383333333333,119.774116600045,3.59145400750259
2023-04-21 08:00:00,89.8333333333333,268.666666666667,112.143974127235,7.62518927267861
2023-04-21 09:00:00,84.05,269.483333333333,112.313832000043,9.5277311502782
2023-04-21 10:00:00,98.85,270.166666666667,120.913783783013,5.55258879928872
2023-04-21 11:00:00,91.4833333333333,270.4,115.17164387354,6.88313635387031
2023-04-21 12:00:00,77.4166666666667,271.683333333333,117.655757547164,6.11610844095649
2023-04-21 13:00:00,61.5166666666667,272.966666666667,103.109146703208,4.87250464750295
2023-04-21 14:00:00,62.3666666666667,273.533333333333,109.51535043089,3.51717125871815
2023-04-21 15:00:00,70.5833333333333,273.366666666667,71.6735328431025,3.06799532667544
2023-04-21 16:00:00,63.8666666666667,272.216666666667,76.1195657972761,5.76065201743599
2023-04-21 17:00:00,65.1833333333333,271.883333333333,52.1773719729132,5.94282796773258
2023-04-21 18:00:00,65.2833333333333,272.0,64.5041808432824,2.26586709044635
2023-04-21 19:00:00,61.6,271.983333333333,59.11537062777,1.29188857223598
2023-04-21 20:00:00,67.4666666666667,270.666666666667,73.214406273114,3.47852362267859
2023-04-21 21:00:00,71.55,270.333333333333,93.3817411823838,2.83117327994124
2023-04-21 22:00:00,75.1666666666667,270.116666666667,109.882065258708,2.98417752579534
2023-04-21 23:00:00,74.1166666666667,270.133333333333,85.7406503176197,2.79040169427351
2023-04-22 00:00:00,72.8,270.1,95.2822032169345,1.73499949595869
2023-04-22 01:00:00,73.7166666666667,269.9,105.571692450952,3.26204252954783
2023-04-22 02:00:00,65.6166666666667,270.316666666667,92.1533275382462,1.84030953886079
2023-04-22 03:00:00,65.0666666666667,270.25,104.835749370346,1.42993009214047
2023-04-22 04:00:00,63.55,270.266666666667,108.618514914635,3.60142763016505
2023-04-22 05:00:00,56.55,270.9,104.604999495141,4.04764739432337
2023-04-22 06:00:00,50.8666666666667,271.366666666667,99.4359914002981,4.44314029500313
2023-04-22 07:00:00,45.35,272.35,72.926356523859,3.8088397834057
2023-04-22 08:00:00,44.8833333333333,273.5,66.4093139710251,3.13823233996068
2023-04-22 09:00:00,43.2666666666667,274.516666666667,71.4434205570881,2.28748019592389
2023-04-22 10:00:00,46.1333333333333,274.366666666667,94.0048418193498,3.67205426351062
2023-04-22 11:00:00,49.2166666666667,274.85,110.526825102042,3.77924555341806
2023-04-22 12:00:00,49.3833333333333,276.566666666667,125.368417007659,1.78504295687546
2023-04-22 13:00:00,45.1666666666667,278.533333333333,187.347879945196,0.190857726767063
2023-04-22 14:00:00,47.9166666666667,278.183333333333,34.2322132336656,1.149392396548
2023-04-22 15:00:00,49.4166666666667,278.016666666667,287.55465129052,0.505392326146143
2023-04-22 16:00:00,51.8833333333333,277.216666666667,342.977408676713,0.147426067084467
2023-04-22 17:00:00,55.3833333333333,276.483333333333,323.833916794182,1.39873374836781
2023-04-22 18:00:00,56.5166666666667,275.95,104.931549936887,1.6304279218271
2023-04-22 19:00:00,60.0666666666667,275.066666666667,78.5559574727644,2.22719932293161
2023-04-22 20:00:00,67.25,274.5,41.1894428170181,3.96012701022777
2023-04-22 21:00:00,70.5166666666667,274.066666666667,74.0314647828185,1.66152721543476
2023-04-22 22:00:00,79.0,273.45,60.2592887673344,2.20468034877498
2023-04-22 23:00:00,89.1833333333334,273.1,42.272233587575,2.04048500968148
2023-04-23 00:00:00,100.166666666667,272.266666666667,32.1995750439396,3.49407114987781
2023-04-23 01:00:00,99.8666666666667,272.233333333333,101.357873038783,3.22429074451048
2023-04-23 02:00:00,97.1333333333333,272.35,49.6433710966095,2.01173234817305
2023-04-23 03:00:00,97.7666666666667,272.2,84.7043085389952,3.58841895341034
2023-04-23 04:00:00,99.6833333333333,271.733333333333,87.5055081017481,3.95280066454577
2023-04-23 05:00:00,94.8166666666667,271.916666666667,79.8048068221318,5.69071122558349
2023-04-23 06:00:00,80.4666666666667,272.233333333333,65.9232656429507,7.06816755158382
2023-04-23 07:00:00,83.7666666666667,271.9,52.7352147041301,7.34239781822182
2023-04-23 08:00:00,77.3,272.033333333333,68.5388013195975,7.35985631587166
2023-04-23 09:00:00,84.2,272.85,99.6661722234173,5.60767658755323
2023-04-23 10:00:00,97.7166666666667,272.733333333333,112.063217415208,2.94618255054156
2023-04-23 11:00:00,92.3666666666667,273.2,80.7948765672426,3.64516038484637
2023-04-23 12:00:00,79.3833333333333,274.183333333333,100.283927895006,3.14691205580447
2023-04-23 13:00:00,62.3333333333333,275.15,78.7065942765025,3.9253982982202
2023-04-23 14:00:00,64.2833333333333,275.016666666667,51.992310532199,4.00783544631882
2023-04-23 15:00:00,82.5166666666667,273.516666666667,65.6113191877977,4.93712788028727
2023-04-23 16:00:00,90.3833333333333,273.566666666667,52.6340727582066,5.03124831279207
2023-04-23 17:00:00,80.4166666666667,273.75,67.1003711564333,4.32228180389208
2023-04-23 18:00:00,80.2666666666667,273.516666666667,59.5802617909428,4.30271535821925
2023-04-23 19:00:00,70.6333333333333,273.183333333333,97.0544132302064,5.43379361835954
2023-04-23 20:00:00,70.85,272.75,75.7822177953651,4.80850344361111
2023-04-23 21:00:00,71.5333333333333,272.516666666667,73.1899232136871,6.56259294561243
2023-04-23 22:00:00,70.8833333333333,272.4,94.8603951873622,4.41719625568887
2023-04-23 23:00:00,81.5833333333333,271.9,60.7122462707733,3.62551569687958
2023-04-24 00:00:00,101.15,270.866666666667,16.9295894862701,3.75106892982352
2023-04-24 01:00:00,101.466666666667,268.783333333333,323.842358783956,8.50013299101367
2023-04-24 02:00:00,101.016666666667,267.833333333333,334.768403379484,10.5520475711237
2023-04-24 03:00:00,100.9,267.533333333333,334.010074349192,3.59318271838534
2023-04-24 04:00:00,100.833333333333,267.4,9.02430252131614,1.26599973441217
2023-04-24 05:00:00,100.8,267.25,,0.0
2023-04-24 06:00:00,100.816666666667,267.366666666667,,0.0
2023-04-24 07:00:00,100.916666666667,267.716666666667,334.937460063718,1.74009285471491
2023-04-24 08:00:00,100.916666666667,267.966666666667,337.069337236314,5.63442200521333
2023-04-24 09:00:00,100.9,268.3,331.656125911237,4.89869179555882
2023-04-24 10:00:00,101.133333333333,269.05,335.884963881682,3.94621410182716
2023-04-24 11:00:00,100.966666666667,269.516666666667,24.3448061939019,4.10874013906749
2023-04-24 12:00:00,100.583333333333,269.0,10.5282497660155,5.07842416464628
2023-04-24 13:00:00,100.666666666667,269.416666666667,6.6127775232672,5.42075739073597
2023-04-24 14:00:00,100.65,269.633333333333,353.715247070542,3.73440337144279
2023-04-24 15:00:00,100.733333333333,268.733333333333,328.858191045929,5.93120006779782
2023-04-24 16:00:00,100.566666666667,268.016666666667,332.847826509668,5.17977272503261
2023-04-24 17:00:00,100.366666666667,267.683333333333,358.632892788824,6.8943660464529
2023-04-24 18:00:00,100.183333333333,266.35,328.737589382939,5.98697059608024
2023-04-24 19:00:00,99.9333333333333,265.833333333333,8.06052581818864,5.20081543575785
2023-04-24 20:00:00,99.4,265.466666666667,20.1823240326594,4.36027562098503
2023-04-24 21:00:00,96.6333333333333,265.616666666667,32.4364793712455,4.31821820577257
2023-04-24 22:00:00,99.2833333333333,265.6,40.199922949789,3.42443386137522
2023-04-24 23:00:00,97.1166666666667,265.733333333333,36.2450647052174,4.99694990120035
2023-04-25 00:00:00,99.35,265.5,43.1718216049072,5.01914863118432
2023-04-25 01:00:00,98.7833333333334,265.583333333333,52.2422776278352,4.76817026502755
2023-04-25 02:00:00,97.6166666666667,265.366666666667,57.0615329737107,5.20031508837665
2023-04-25 03:00:00,96.0333333333334,265.483333333333,42.6043192448726,4.97829275630265
2023-04-25 04:00:00,99.5,265.216666666667,41.1718602271226,3.32103985552909
2023-04-25 05:00:00,100.116666666667,265.033333333333,35.0243976059435,3.38024527040755
2023-04-25 06:00:00,99.9666666666667,264.833333333333,39.7410638042023,3.62297952260615
2023-04-25 07:00:00,99.7666666666667,265.083333333333,38.3231550909384,3.24613856276082
2023-04-25 08:00:00,92.7666666666667,265.316666666667,41.6557261028505,6.23513273210205
2023-04-25 09:00:00,99.1833333333333,265.666666666667,52.5588735131236,3.67248217970566
2023-04-25 10:00:00,93.5166666666667,266.65,47.0436819421639,2.96538387681757
2023-04-25 11:00:00,94.2166666666667,267.1,19.6896904354494,3.55878347668917
2023-04-25 12:00:00,99.3166666666667,266.65,351.132730209444,6.7053021923691
2023-04-25 13:00:00,96.6666666666667,266.55,357.842969722031,7.72023250121956
2023-04-25 14:00:00,97.1833333333333,266.483333333333,353.251887559448,5.61659741252694
2023-04-25 15:00:00,95.9833333333333,266.083333333333,340.810847822184,8.66636320564893
2023-04-25 16:00:00,98.3,265.983333333333,359.16018858513,7.59976136811537
2023-04-25 17:00:00,99.6333333333333,265.333333333333,343.148577854728,6.61225507463664
2023-04-25 18:00:00,99.3,265.366666666667,336.150544127863,6.64645901788884
2023-04-25 19:00:00,99.5833333333333,264.483333333333,337.11205938828,4.73245854412895
2023-04-25 20:00:00,99.7666666666667,264.183333333333,8.68694955700175,2.65705634879258
2023-04-25 21:00:00,99.7333333333333,263.983333333333,354.697816180483,3.66417006715765
2023-04-25 22:00:00,99.7666666666667,264.033333333333,344.437064967166,2.71062762929307
2023-04-25 23:00:00,99.7,263.9,355.137466298074,3.75865292074675
2023-04-26 00:00:00,99.7333333333333,263.983333333333,351.783028568466,3.77498675163615
2023-04-26 01:00:00,99.7166666666667,263.95,9.4616939701566,3.05366155108024
2023-04-26 02:00:00,99.7,263.883333333333,9.97189070366193,3.26823947879255
2023-04-26 03:00:00,99.7,263.75,14.6112959861125,2.53341205651216
2023-04-26 04:00:00,99.7,263.816666666667,22.4403705271844,1.49367751289026
2023-04-26 05:00:00,99.7,263.733333333333,31.8362330765876,3.23660531970267
2023-04-26 06:00:00,99.6166666666667,263.466666666667,14.7112473355558,3.18959474513166
2023-04-26 07:00:00,99.2833333333333,263.833333333333,24.5456057964184,2.50781864010074
2023-04-26 08:00:00,94.5,264.666666666667,34.2745750161627,1.96152652320087
2023-04-26 09:00:00,90.5666666666667,265.55,90.5620953354414,1.38709410207843
2023-04-26 10:00:00,75.2833333333334,266.55,88.1099529148101,1.46593168856377
2023-04-26 11:00:00,63.5333333333333,268.7,115.369678515608,0.764627773028494
2023-04-26 12:00:00,60.0166666666667,269.15,101.233038359424,1.36377630440521
2023-04-26 13:00:00,54.6333333333333,271.666666666667,33.9338173298982,0.631884339495712
2023-04-26 14:00:00,51.2833333333333,271.933333333333,10.3080799198423,1.74770128076833
2023-04-26 15:00:00,55.2833333333333,269.616666666667,6.52827271886133,4.54136025422165
2023-04-26 16:00:00,49.1666666666667,269.483333333333,5.61766063478729,3.03596165901888
2023-04-26 17:00:00,47.6833333333333,269.466666666667,7.84323157450251,2.79587984799708
2023-04-26 18:00:00,51.25,268.866666666667,340.044685420363,4.5618617661623
2023-04-26 19:00:00,53.1666666666667,268.25,333.290968028106,4.11815023466083
2023-04-26 20:00:00,49.7666666666667,267.9,336.230671884221,4.93939805827472
2023-04-26 21:00:00,52.3333333333333,267.883333333333,338.981013267733,4.27629678619411
2023-04-26 22:00:00,71.0,267.816666666667,2.93599151588995,3.96713162514816
2023-04-26 23:00:00,92.1,267.266666666667,10.8073965917935,1.10344768247092
2023-04-27 00:00:00,93.2666666666667,267.116666666667,27.0662749989251,3.79865869377291
2023-04-27 01:00:00,98.6666666666667,267.166666666667,35.8516192547568,3.90225541344151
2023-04-27 02:00:00,99.65,267.716666666667,25.7043530355566,4.07680053805147
2023-04-27 03:00:00,100.383333333333,267.75,21.0851795421515,4.7100124763029
2023-04-27 04:00:00,100.666666666667,267.9,3.14548990469507,4.87721620707626
2023-04-27 05:00:00,100.716666666667,267.933333333333,19.0657753852867,4.76615168939687
2023-04-27 06:00:00,101.05,267.933333333333,6.016961617645,5.90028877251993
2023-04-27 07:00:00,99.9166666666667,268.3,2.160194420876,4.86157655067179
2023-04-27 08:00:00,100.116666666667,268.466666666667,5.05568745537596,2.19719853584235
2023-04-27 09:00:00,99.9166666666667,268.716666666667,31.9584431413596,5.00252070834158
2023-04-27 10:00:00,93.9166666666667,269.5,32.473301135727,4.12072679349165
2023-04-27 11:00:00,89.2,270.216666666667,43.3478928812735,5.29143059849047
2023-04-27 12:00:00,89.1166666666667,271.35,34.8326293892827,3.24719138579404
2023-04-27 13:00:00,97.7666666666667,271.116666666667,13.0748197548012,3.46481639578503
2023-04-27 14:00:00,83.7833333333333,271.883333333333,355.130380779757,3.28579136301303
2023-04-27 15:00:00,73.0333333333334,272.583333333333,4.32978727755989,2.97998939974488
2023-04-27 16:00:00,65.8333333333333,273.266666666667,353.928051236748,3.21730666934183
2023-04-27 17:00:00,65.45,273.15,350.785627684418,3.53676332458091
2023-04-27 18:00:00,61.5666666666667,273.2,350.017551078519,5.93436696357129
2023-04-27 19:00:00,65.95,272.833333333333,354.700777563761,3.85705461990068
2023-04-27 20:00:00,63.8166666666667,271.933333333333,9.10434024553996,4.80715559107972
2023-04-27 21:00:00,67.3833333333333,271.633333333333,34.2739341073576,2.65161422559849
2023-04-27 22:00:00,69.65,271.416666666667,59.5280925157351,3.14428939411135
2023-04-27 23:00:00,68.3166666666667,271.333333333333,52.3457868508178,3.91510567083966
2023-04-28 00:00:00,70.5166666666667,271.1,54.7712813269485,5.95740167206768
2023-04-28 01:00:00,68.1666666666667,271.533333333333,64.8962748835493,5.89569504491072
2023-04-28 02:00:00,67.25,271.6,49.080108785546,6.42348249061675
2023-04-28 03:00:00,65.65,271.716666666667,44.3291549677968,7.36397689454309
2023-04-28 04:00:00,64.6666666666667,271.633333333333,56.2496879717929,3.77054599077864
2023-04-28 05:00:00,62.8166666666667,271.783333333333,57.2588877604682,5.26707718004857
2023-04-28 06:00:00,95.1833333333333,269.8,101.920957980417,4.1737238280432
2023-04-28 07:00:00,101.65,269.666666666667,93.1644637958786,5.16526555958577
2023-04-28 08:00:00,101.883333333333,270.466666666667,91.618048264783,6.8428268797776
2023-04-28 09:00:00,102.0,271.05,62.8591929103616,7.15145232085612
2023-04-28 10:00:00,102.0,271.583333333333,63.6833750340491,7.40924502934366
2023-04-28 11:00:00,101.85,272.05,82.4689258184939,4.00082815589046
2023-04-28 12:00:00,101.95,272.066666666667,75.6581382827044,5.19166677235706
2023-04-28 13:00:00,102.016666666667,272.55,63.559663789764,6.18160592601018
2023-04-28 14:00:00,102.1,272.7,47.4315113503915,8.49217472648806
2023-04-28 15:00:00,102.1,272.9,48.6870128917875,7.86007007085438
2023-04-28 16:00:00,102.1,272.666666666667,47.2879983170394,7.27487445650869
2023-04-28 17:00:00,102.1,272.616666666667,44.5969224291164,7.39258726403169
2023-04-28 18:00:00,102.05,272.35,37.4338752044516,7.56026909362472
2023-04-28 19:00:00,101.966666666667,272.133333333333,357.508320390972,5.99162808217105
2023-04-28 20:00:00,101.9,271.95,11.8538238592295,6.50831737072981
2023-04-28 21:00:00,101.866666666667,271.833333333333,33.810875359464,7.11400541560054
2023-04-28 22:00:00,101.866666666667,271.933333333333,21.5177548890752,5.12439811189723
2023-04-28 23:00:00,101.85,272.083333333333,352.244473785684,6.48286953132181
2023-04-29 00:00:00,101.8,272.183333333333,14.815812677693,3.45160678221296
2023-04-29 01:00:00,101.8,271.883333333333,11.3438317240568,4.47433378902442
2023-04-29 02:00:00,101.8,271.95,13.2664011843443,4.4446807686135
2023-04-29 03:00:00,101.8,271.966666666667,17.0833024459279,5.11935857787844
2023-04-29 04:00:00,101.8,271.833333333333,2.11985786401283,5.09584398026255
2023-04-29 05:00:00,101.8,271.616666666667,27.6864904390423,4.33005828926989
2023-04-29 06:00:00,101.8,271.483333333333,44.7356965278399,5.28838807009187
2023-04-29 07:00:00,101.8,271.65,30.6235285804941,2.9223975622513
2023-04-29 08:00:00,101.883333333333,272.133333333333,30.4475293758314,4.55823278825898
2023-04-29 09:00:00,101.966666666667,272.766666666667,5.52038121484861,4.96532508621226
2023-04-29 10:00:00,102.0,273.2,13.7176743572268,5.03331963560081
2023-04-29 11:00:00,101.983333333333,274.0,15.0331315599039,4.14317551306116
2023-04-29 12:00:00,101.766666666667,274.5,352.402902650713,3.22309457251486
2023-04-29 13:00:00,101.7,274.95,7.49554676649564,3.1549565804199
2023-04-29 14:00:00,101.566666666667,274.816666666667,21.0096057328527,3.97559483922929
2023-04-29 15:00:00,101.283333333333,274.316666666667,35.5341738182441,3.32946982795106
2023-04-29 16:00:00,100.4,273.05,327.493800832879,5.00820271478162
2023-04-29 17:00:00,99.85,273.5,349.85307748413,4.58781652474611
2023-04-29 18:00:00,99.7,273.4,347.59747849421,3.89887135159052
2023-04-29 19:00:00,100.733333333333,272.366666666667,326.907312964023,3.66789090595766
2023-04-29 20:00:00,101.416666666667,271.783333333333,318.042154429444,4.7751234791101
2023-04-29 21:00:00,101.983333333333,271.483333333333,324.893192736705,3.07198793890302
2023-04-29 22:00:00,101.95,271.266666666667,332.136244361989,4.5130266036197
2023-04-29 23:00:00,101.9,270.95,324.604165607079,3.90180238611889
2023-04-30 00:00:00,101.9,270.9,332.808179328463,1.85403916356758
2023-04-30 01:00:00,101.9,270.9,284.029527029982,0.350018147323661
2023-04-30 02:00:00,101.9,270.933333333333,109.332504010348,1.41566320951119
2023-04-30 03:00:00,101.816666666667,270.716666666667,156.336458115383,0.71436131492699
2023-04-30 04:00:00,101.8,270.616666666667,143.213378744354,1.41509258716101
2023-04-30 05:00:00,101.766666666667,270.55,120.076560175457,1.19208782911671
2023-04-30 06:00:00,101.433333333333,271.0,262.178002104552,1.18997384988694
2023-04-30 07:00:00,100.016666666667,272.216666666667,250.846976160402,0.301196771528043
2023-04-30 08:00:00,99.2666666666667,273.6,136.290053378336,0.125303396990131
2023-04-30 09:00:00,100.033333333333,274.5,5.94447260048486,0.821258830486447
2023-04-30 10:00:00,100.533333333333,272.8,122.46765435524,1.81400273740094
2023-04-30 11:00:00,100.683333333333,273.0,125.596930138579,2.97037735403495
2023-04-30 12:00:00,100.75,273.65,144.866873014274,2.81364270337373
2023-04-30 13:00:00,100.383333333333,274.133333333333,130.649107717602,2.43328179229431
2023-04-30 14:00:00,100.833333333333,275.5,141.215140600825,1.37551736369191
2023-04-30 15:00:00,101.3,274.866666666667,11.2090876432518,1.27496831410971
2023-04-30 16:00:00,101.183333333333,273.733333333333,349.942002287841,3.65610905261074
2023-04-30 17:00:00,101.9,273.733333333333,338.723355676995,2.74419227383959
2023-04-30 18:00:00,102.016666666667,273.416666666667,322.082242698131,0.622200638501688
2023-04-30 19:00:00,102.066666666667,272.95,18.6655049477307,1.2856811753148
2023-04-30 20:00:00,103.466666666667,272.516666666667,27.4660255440297,1.69658612933552
2023-04-30 21:00:00,104.0,272.366666666667,122.377548990617,0.547157738892444
2023-04-30 22:00:00,103.9,272.216666666667,120.656899001017,1.34036784231159
2023-04-30 23:00:00,103.15,272.083333333333,71.7073056613068,1.31467155220019
2023-05-01 00:00:00,102.433333333333,271.766666666667,114.654042350776,0.943776950874416
2023-05-01 01:00:00,102.1,271.533333333333,110.92759130808,3.31533748057323
2023-05-01 02:00:00,102.0,271.266666666667,102.422637174143,2.47960740344549
2023-05-01 03:00:00,102.0,271.15,96.8825296017302,1.88835119250795
2023-05-01 04:00:00,102.0,271.116666666667,78.7842525639622,1.71915265196253
2023-05-01 05:00:00,102.0,271.1,107.510980186045,0.591929546532835
2023-05-01 06:00:00,102.1,271.2,126.438778578536,1.43223423265577
2023-05-01 07:00:00,102.1,271.183333333333,108.283015130296,2.76827381204207
2023-05-01 08:00:00,102.1,271.1,100.735274694068,3.81638405213311
2023-05-01 09:00:00,102.283333333333,271.783333333333,115.049853517431,2.84791185603848
2023-05-01 10:00:00,102.633333333333,272.3,110.968335318341,3.44922798271526
2023-05-01 11:00:00,103.316666666667,272.883333333333,108.956720120513,1.56962952062303
2023-05-01 12:00:00,103.85,273.133333333333,323.587812511246,0.536910638969861
2023-05-01 13:00:00,103.916666666667,273.116666666667,293.375537487847,0.350950165095456
2023-05-01 14:00:00,103.516666666667,272.3,23.4626797269871,3.2354315498525
2023-05-01 15:00:00,103.333333333333,272.533333333333,31.0698365027425,1.79415602648489
2023-05-01 16:00:00,102.866666666667,272.216666666667,61.8565657169859,0.484161926294443
2023-05-01 17:00:00,102.633333333333,272.15,20.4930850097895,1.07213865295223
2023-05-01 18:00:00,102.116666666667,271.116666666667,12.6272838759123,3.31237571703067
2023-05-01 19:00:00,101.9,270.05,329.239065863012,4.5142905300926
2023-05-01 20:00:00,101.816666666667,269.883333333333,324.627906796181,3.37685315564661
2023-05-01 21:00:00,101.8,269.783333333333,316.828823938404,2.63350889470931
2023-05-01 22:00:00,101.716666666667,269.45,329.605872790667,3.54499928895122
2023-05-01 23:00:00,101.616666666667,269.183333333333,314.684610804047,3.48331418823387
2023-05-02 00:00:00,101.6,269.15,321.76596794804,2.04441913533869
2023-05-02 01:00:00,101.533333333333,269.0,325.950484311735,2.31809065611237
2023-05-02 02:00:00,101.483333333333,268.8,282.660417528575,2.34801584758518
2023-05-02 03:00:00,101.4,268.516666666667,261.71484631954,2.80448333643529
2023-05-02 04:00:00,101.4,268.45,248.506825511313,2.53708867087246
2023-05-02 05:00:00,101.366666666667,268.416666666667,250.018536505048,2.31461628506658
2023-05-02 06:00:00,101.3,268.283333333333,258.217770298442,2.10995605580228
2023-05-02 07:00:00,101.366666666667,268.666666666667,277.883046732849,2.13427290639922
2023-05-02 08:00:00,101.4,268.833333333333,254.608321565336,2.68050550815682
2023-05-02 09:00:00,101.616666666667,269.7,271.335219789122,2.32879700831775
2023-05-02 10:00:00,101.733333333333,270.116666666667,279.642286995363,2.27070557308103
2023-05-02 11:00:00,102.133333333333,271.6,277.098754997841,2.38451721770834
2023-05-02 12:00:00,103.566666666667,272.916666666667,333.695108449465,1.59966691308056
2023-05-02 13:00:00,104.25,273.333333333333,246.816403337274,1.46796755799679
2023-05-02 14:00:00,104.25,273.716666666667,268.768152486539,2.67929872376841
2023-05-02 15:00:00,104.133333333333,272.816666666667,320.43139462055,3.23056990714924
2023-05-02 16:00:00,103.283333333333,271.716666666667,315.562837711381,2.9249963853741
2023-05-02 17:00:00,102.383333333333,270.466666666667,302.336293830562,1.76326776094684
2023-05-02 18:00:00,102.216666666667,270.466666666667,309.669008453748,2.31148584729046
2023-05-02 19:00:00,101.95,269.683333333333,272.659736699725,2.94120705664248
2023-05-02 20:00:00,101.75,269.1,280.536954144227,2.62965776297013
2023-05-02 21:00:00,101.65,268.833333333333,256.750008653973,3.86686955207703
2023-05-02 22:00:00,101.566666666667,268.666666666667,234.006823114022,5.0860424593007
2023-05-02 23:00:00,101.433333333333,268.383333333333,230.308123554425,3.87205014265042
2023-05-03 00:00:00,101.316666666667,268.183333333333,221.042740153031,4.56772880196938
2023-05-03 01:00:00,101.116666666667,268.15,217.607174124544,5.41066926555862
2023-05-03 02:00:00,100.85,267.916666666667,220.739400565092,3.54727490099279
2023-05-03 03:00:00,100.95,267.65,245.087955005366,3.55129084332633
2023-05-03 04:00:00,100.7,267.766666666667,227.083635782813,4.14931165168714
2023-05-03 05:00:00,100.416666666667,267.833333333333,225.569871582912,3.34268736811141
2023-05-03 06:00:00,100.033333333333,268.416666666667,226.888278073879,3.21634843815459
2023-05-03 07:00:00,99.35,269.65,211.879611226835,1.82639678881964
2023-05-03 08:00:00,91.6166666666667,270.5,206.475126734479,3.12349936745377
2023-05-03 09:00:00,92.2333333333333,270.8,196.736978416084,2.49673479151875
2023-05-03 10:00:00,100.916666666667,270.116666666667,176.879488862797,3.24702656827784
2023-05-03 11:00:00,101.35,270.516666666667,170.908983602658,4.42622113681078
2023-05-03 12:00:00,101.433333333333,271.333333333333,176.819700691471,4.55659707367757
2023-05-03 13:00:00,101.066666666667,272.366666666667,166.216586574228,1.88648029639892
2023-05-03 14:00:00,103.033333333333,273.833333333333,354.364995661,1.6118922080938
2023-05-03 15:00:00,104.05,273.15,353.711865531147,3.18349100392196
2023-05-03 16:00:00,103.083333333333,272.483333333333,349.552823446909,5.34629011761987
2023-05-03 17:00:00,100.916666666667,272.55,345.056472874524,4.69922539305282
2023-05-03 18:00:00,99.9666666666667,272.9,345.32884128753,5.24153047641104
2023-05-03 19:00:00,100.183333333333,272.533333333333,356.7696826855,3.46095894461048
2023-05-03 20:00:00,99.9833333333333,271.483333333333,340.289326741025,0.635816464430099
2023-05-03 21:00:00,100.05,271.1,150.048531666196,0.912871602457498
2023-05-03 22:00:00,100.0,271.183333333333,127.119840276765,2.11705896681975
2023-05-03 23:00:00,100.216666666667,271.083333333333,111.979441517754,2.71211596605888
2023-05-04 00:00:00,100.05,270.95,97.0913277654827,2.51593298318639
2023-05-04 01:00:00,93.7666666666667,271.3,42.9733157862119,2.98464969545881
2023-05-04 02:00:00,80.6,271.6,46.0095529079645,2.7958803256078
2023-05-04 03:00:00,68.7166666666667,271.85,127.872467274141,1.0811998533353
2023-05-04 04:00:00,61.4166666666667,272.133333333333,66.5335273294668,1.78198234750343
2023-05-04 05:00:00,50.8333333333333,272.583333333333,110.104400008732,1.41874797722666
2023-05-04 06:00:00,42.25,273.4,115.796591946729,1.31873995219439
2023-05-04 07:00:00,25.1333333333333,275.883333333333,344.97987954599,0.123237756833344
2023-05-04 08:00:00,25.7666666666667,276.283333333333,1.79815675496059,1.26045588567355
2023-05-04 09:00:00,26.95,277.533333333333,335.424524046793,0.727836314178137
2023-05-04 10:00:00,25.6166666666667,279.1,347.399742250372,0.5139159880517
2023-05-04 11:00:00,48.0833333333333,278.683333333333,151.066913125446,0.841969521001142
2023-05-04 12:00:00,49.4333333333333,277.466666666667,180.360815734831,2.35935387716095
2023-05-04 13:00:00,37.45,279.333333333333,72.4059225377919,0.917241040628991
2023-05-04 14:00:00,39.9666666666667,278.533333333333,26.3674802592643,3.10117450112376
2023-05-04 15:00:00,35.45,279.35,310.36400663452,1.14247267174297
2023-05-04 16:00:00,41.8,278.65,324.020758545909,2.69800320225333
2023-05-04 17:00:00,45.3,278.216666666667,345.038123075416,5.00489886452511
2023-05-04 18:00:00,47.8666666666667,278.0,342.825718648548,4.91217098259027
2023-05-04 19:00:00,50.2833333333333,277.016666666667,321.643595806325,3.57260287452003
2023-05-04 20:00:00,60.4833333333333,275.566666666667,287.099253847936,5.80302421393639
2023-05-04 21:00:00,55.7833333333333,275.433333333333,313.109204719484,2.28887451784019
2023-05-04 22:00:00,58.6666666666667,275.166666666667,350.17376760944,1.37488052693856
2023-05-04 23:00:00,50.75,275.566666666667,1.42149481022807,3.40492853606065
2023-05-05 00:00:00,57.85,275.1,3.01965108283252,3.30055548299845
2023-05-05 01:00:00,70.3,274.733333333333,1.7205653866302,4.4712562936644
2023-05-05 02:00:00,79.7,274.45,340.748064657939,3.81055208114405
2023-05-05 03:00:00,80.5,274.45,355.547270238899,2.80231742186427
2023-05-05 04:00:00,83.15,274.283333333333,342.324021269038,2.2226885370352
2023-05-05 05:00:00,88.5,274.083333333333,340.662542835313,2.2441818440796
2023-05-05 06:00:00,95.1,273.866666666667,341.322282981627,2.23211131848224
2023-05-05 07:00:00,94.8,274.75,279.447844182397,1.37843215336029
2023-05-05 08:00:00,90.5833333333333,275.3,299.64683555167,1.05757547025551
2023-05-05 09:00:00,72.5666666666667,277.566666666667,222.104799397747,0.0534104515236807
2023-05-05 10:00:00,78.5333333333333,276.333333333333,189.962149811861,2.5496558860031
2023-05-05 11:00:00,68.3666666666667,277.3,165.613803184519,2.45129392495682
2023-05-05 12:00:00,62.35,278.466666666667,126.065994252889,2.02784338172298
2023-05-05 13:00:00,54.3,279.716666666667,95.8658373025752,1.79303499061947
2023-05-05 14:00:00,57.1333333333333,279.4,80.54703291686,3.02415036244943
2023-05-05 15:00:00,53.1,280.35,97.820572613959,1.96843750396247
2023-05-05 16:00:00,55.15,279.5,42.0120687691281,1.03942919009767
2023-05-05 17:00:00,64.65,278.316666666667,342.878845004716,3.46071728278555
2023-05-05 18:00:00,68.8666666666667,277.6,28.5150083929663,1.53304290935152
2023-05-05 19:00:00,70.1833333333334,277.25,5.29996926266114,2.06929269617783
2023-05-05 20:00:00,73.9666666666667,276.733333333333,344.159970231642,1.8966022364621
2023-05-05 21:00:00,99.4833333333333,273.7,347.290485988389,6.24429939198013
2023-05-05 22:00:00,102.25,272.833333333333,44.1012413575269,4.98078133238942
2023-05-05 23:00:00,100.716666666667,273.5,42.9329311477827,4.55685970151109
2023-05-06 00:00:00,102.0,272.716666666667,48.3702091787236,5.96522640920199
2023-05-06 01:00:00,102.183333333333,272.883333333333,37.8954414547581,4.09723647140797
2023-05-06 02:00:00,100.183333333333,273.216666666667,31.3122215751343,4.10634827996776
2023-05-06 03:00:00,99.25,273.3,19.9778112454056,3.0343022658046
2023-05-06 04:00:00,99.1833333333333,273.433333333333,25.0595297604469,3.54512534047876
2023-05-06 05:00:00,99.1666666666667,273.5,50.2327949396081,2.94715131999974
2023-05-06 06:00:00,101.266666666667,272.716666666667,339.216187330922,2.04359000461333
2023-05-06 07:00:00,102.2,272.6,114.585459153539,2.43299659083581
2023-05-06 08:00:00,102.25,273.333333333333,51.9678247339556,2.20303111221332
2023-05-06 09:00:00,93.85,274.866666666667,95.7995835154727,1.58977267626853
2023-05-06 10:00:00,97.4833333333333,274.3,345.352452067256,2.59965408827782
2023-05-06 11:00:00,96.7166666666667,274.95,55.0423787772218,2.65686924911844
2023-05-06 12:00:00,94.7333333333333,275.3,43.3444093766032,4.10491687683577
2023-05-06 13:00:00,88.4166666666667,276.516666666667,46.2715980129224,2.98326115424374
2023-05-06 14:00:00,87.2333333333333,277.083333333333,32.2006010022201,2.43420065227817
2023-05-06 15:00:00,79.75,277.666666666667,15.3135874608063,3.44367313164393
2023-05-06 16:00:00,75.5666666666667,277.916666666667,341.613825546429,3.53995381546985
2023-05-06 17:00:00,76.5,277.45,340.59940975681,4.7444598274472
2023-05-06 18:00:00,87.6166666666667,276.666666666667,337.131343338107,5.0258308154705
2023-05-06 19:00:00,97.4833333333333,275.866666666667,348.660123167136,3.94289968125595
2023-05-06 20:00:00,99.6166666666667,275.4,329.060375313494,3.56089468683392
2023-05-06 21:00:00,100.916666666667,274.933333333333,324.697790712096,2.54733451001388
2023-05-06 22:00:00,100.85,274.916666666667,332.249213393214,2.27452800805215
2023-05-06 23:00:00,101.45,274.666666666667,327.991357587303,2.00070055762977
2023-05-07 00:00:00,102.15,274.116666666667,39.0205823057441,0.66494070298535
2023-05-07 01:00:00,102.033333333333,273.25,104.772358390354,4.87904596259923
2023-05-07 02:00:00,101.1,273.383333333333,104.172071655126,3.4928982193493
2023-05-07 03:00:00,87.6666666666667,274.1,67.0857336520339,3.172784544948
2023-05-07 04:00:00,77.8666666666667,274.666666666667,69.2324080500953,3.31400916352469
2023-05-07 05:00:00,75.6833333333333,274.75,48.2592021370297,4.18471784383056
2023-05-07 06:00:00,69.4833333333333,274.916666666667,53.5891818086865,3.94170821608593
2023-05-07 07:00:00,65.3166666666667,275.2,56.5262437870599,2.90648172823465
2023-05-07 08:00:00,64.9833333333333,275.633333333333,49.0615865435469,3.04007117263304
2023-05-07 09:00:00,64.1666666666667,276.25,37.6764641603841,2.45533649414523
2023-05-07 10:00:00,61.8333333333333,278.033333333333,17.3656665020943,0.515518405056997
2023-05-07 11:00:00,72.9666666666667,277.3,71.0981585793954,0.98598277153899
2023-05-07 12:00:00,58.95,279.016666666667,43.7566703099994,0.386811513639778
2023-05-07 13:00:00,58.3333333333333,278.733333333333,8.31112480912344,0.332202327135475
2023-05-07 14:00:00,66.6833333333333,278.283333333333,336.013838458651,1.45918783863919
2023-05-07 15:00:00,68.75,278.75,23.732065337212,2.07054957947812
2023-05-07 16:00:00,62.9833333333333,278.9,26.3341682176261,1.76223950336971
2023-05-07 17:00:00,64.6166666666667,278.266666666667,344.287385709287,1.93452923712533
2023-05-07 18:00:00,72.7,277.733333333333,344.742415578552,2.31578223594535
2023-05-07 19:00:00,94.9166666666667,276.3,1.1081950549725,3.07451816325365
2023-05-07 20:00:00,100.166666666667,275.233333333333,16.5325537549854,3.9195291244169
2023-05-07 21:00:00,101.65,274.083333333333,333.770989441064,6.85759596081683
2023-05-07 22:00:00,101.833333333333,272.616666666667,317.114149602332,5.18013053251759
2023-05-07 23:00:00,101.8,272.433333333333,333.516116795689,1.0996758792769
2023-05-08 00:00:00,101.8,272.45,,0.0
2023-05-08 01:00:00,101.8,272.45,,0.0
2023-05-08 02:00:00,101.8,272.45,,0.0
2023-05-08 03:00:00,101.783333333333,272.45,259.0,0.108333333333333
2023-05-08 04:00:00,101.7,272.45,277.085710249255,1.3210201235187
2023-05-08 05:00:00,101.7,272.433333333333,318.609385669909,2.50523875473848
2023-05-08 06:00:00,101.7,272.183333333333,352.0,0.173333333333333
2023-05-08 07:00:00,101.7,272.216666666667,,0.0
2023-05-08 08:00:00,101.7,272.616666666667,,0.0
2023-05-08 09:00:00,101.633333333333,273.116666666667,325.131658350786,1.43545408142327
2023-05-08 10:00:00,101.716666666667,273.766666666667,327.776067682178,0.586111754815555
2023-05-08 11:00:00,101.8,274.85,165.688765709858,0.421278811435876
2023-05-08 12:00:00,101.816666666667,274.216666666667,187.1914430043,1.1091806093616
2023-05-08 13:00:00,102.116666666667,276.066666666667,213.660407779574,0.310109089650114
2023-05-08 14:00:00,102.266666666667,276.733333333333,351.519000445615,0.17073883778948
2023-05-08 15:00:00,103.716666666667,274.633333333333,353.565172846685,2.3665926110543
2023-05-08 16:00:00,104.0,274.3,349.304661700745,2.87610548286329
2023-05-08 17:00:00,104.05,274.116666666667,339.343371389784,3.5596204617412
2023-05-08 18:00:00,103.966666666667,273.533333333333,332.177460045387,2.33665828789963
2023-05-08 19:00:00,103.833333333333,273.033333333333,312.292018437832,3.38070456943275
2023-05-08 20:00:00,103.95,273.133333333333,297.74070671676,3.09255448437777
2023-05-08 21:00:00,103.983333333333,273.1,328.723575996542,2.50105344590967
2023-05-08 22:00:00,103.95,272.833333333333,325.657508791946,3.85373945143644
2023-05-08 23:00:00,104.0,272.85,314.755477444933,3.46884436881821
2023-05-09 00:00:00,103.933333333333,272.583333333333,314.560544439239,2.91250197712564
2023-05-09 01:00:00,103.966666666667,272.6,328.265434073529,1.34223122726745
2023-05-09 02:00:00,104.0,272.6,352.553806263447,1.66213425763658
2023-05-09 03:00:00,104.0,272.533333333333,42.5020557480634,1.85760642389251
2023-05-09 04:00:00,104.0,272.466666666667,95.0403118576284,1.47527569857294
2023-05-09 05:00:00,104.0,272.433333333333,35.6107461026035,0.158512499803966
2023-05-09 06:00:00,104.016666666667,272.466666666667,7.36507636153129,0.839981453356301
2023-05-09 07:00:00,104.1,272.633333333333,21.4154600694528,1.66324863908751
2023-05-09 08:00:00,104.2,273.15,33.700369370868,1.49991034506647
2023-05-09 09:00:00,104.25,273.416666666667,54.5767194370881,1.98398430419196
2023-05-09 10:00:00,104.333333333333,273.783333333333,86.841480155602,0.795125522263807
2023-05-09 11:00:00,104.433333333333,274.3,74.95578748024,0.915687386415251
2023-05-09 12:00:00,104.45,274.55,347.246367381895,0.345659713755197
2023-05-09 13:00:00,104.5,275.166666666667,162.434927655772,2.8058836609532
2023-05-09 14:00:00,104.116666666667,276.683333333333,134.104071842733,0.865644231140593
2023-05-09 15:00:00,100.983333333333,277.333333333333,38.7830368877843,2.44218536966079
2023-05-09 16:00:00,100.783333333333,277.066666666667,27.6474414305373,1.84099883322071
2023-05-09 17:00:00,99.95,277.2,23.0232713689971,1.07633246578688
2023-05-09 18:00:00,95.5166666666667,277.0,65.5325218666954,1.63196174368548
2023-05-09 19:00:00,100.283333333333,275.75,41.7254937180021,3.56661230528476
2023-05-09 20:00:00,102.116666666667,274.583333333333,51.9773580064667,4.28395159480049
2023-05-09 21:00:00,102.35,274.2,57.6139078102667,2.53359336573666
2023-05-09 22:00:00,102.466666666667,273.533333333333,64.7558860672767,3.36984599802701
2023-05-09 23:00:00,102.583333333333,273.166666666667,108.772532335596,3.59377521763099
2023-05-10 00:00:00,102.483333333333,272.616666666667,106.822312316855,3.28637262207202
2023-05-10 01:00:00,102.4,272.45,45.7461109590411,1.99483059479601
2023-05-10 02:00:00,102.383333333333,272.216666666667,25.1772169408163,3.40240556394607
2023-05-10 03:00:00,102.183333333333,271.7,338.255894607096,5.37444178895138
2023-05-10 04:00:00,102.15,271.666666666667,334.867725154381,4.72925489109919
2023-05-10 05:00:00,102.016666666667,271.383333333333,336.91638775088,4.51195940447112
2023-05-10 06:00:00,101.966666666667,270.833333333333,335.168848443103,4.24623196271331
2023-05-10 07:00:00,101.983333333333,270.816666666667,316.020745166522,1.91502730598032
2023-05-10 08:00:00,102.016666666667,271.216666666667,318.701324444867,1.45685266519283
2023-05-10 09:00:00,102.0,271.183333333333,329.958904674691,3.00902324341766
2023-05-10 10:00:00,101.866666666667,270.883333333333,321.541325398367,4.36294834223421
2023-05-10 11:00:00,101.866666666667,270.85,307.778487683726,2.69937617765904
2023-05-10 12:00:00,101.933333333333,271.35,317.833751193544,3.57645918132703
2023-05-10 13:00:00,101.916666666667,271.3,322.417115144926,5.13594025953947
2023-05-10 14:00:00,101.966666666667,271.5,326.609945125581,5.56395115679607
2023-05-10 15:00:00,101.85,271.116666666667,318.559093109885,5.49105438884876
2023-05-10 16:00:00,101.783333333333,270.833333333333,307.590571643134,4.09858362168467
2023-05-10 17:00:00,101.7,270.566666666667,310.902294470863,3.93002255765041
2023-05-10 18:00:00,101.433333333333,269.566666666667,322.360427640363,5.96767978217396
2023-05-10 19:00:00,101.2,268.966666666667,322.027776262762,6.16140092068096
2023-05-10 20:00:00,101.033333333333,268.35,318.725586271309,6.73634442038662
2023-05-10 21:00:00,100.933333333333,267.95,311.539641495835,6.04813979259362
2023-05-10 22:00:00,100.9,267.783333333333,297.731986502339,3.88040541848449
2023-05-10 23:00:00,100.9,267.816666666667,279.191828295022,4.80099307023384
2023-05-11 00:00:00,100.9,267.85,284.563760795602,4.10640338494622
2023-05-11 01:00:00,100.983333333333,268.066666666667,256.631577470629,4.70389831276632
2023-05-11 02:00:00,101.0,268.1,257.77277733438,4.05120781694509
2023-05-11 03:00:00,101.0,268.05,263.552518818425,4.22171488989678
2023-05-11 04:00:00,101.0,268.05,249.106540552138,3.74647252422469
2023-05-11 05:00:00,101.0,268.016666666667,292.487473853653,2.63261926485467
2023-05-11 06:00:00,100.966666666667,267.983333333333,291.8432079065,3.22685735188961
2023-05-11 07:00:00,101.0,268.216666666667,274.115247394249,4.1197288044571
2023-05-11 08:00:00,101.116666666667,268.616666666667,267.437790724532,3.51264445260535
2023-05-11 09:00:00,101.316666666667,269.283333333333,259.458836308857,2.95137012743434
2023-05-11 10:00:00,101.616666666667,270.533333333333,250.682445348405,2.05738205739911
2023-05-11 11:00:00,101.983333333333,271.8,262.136056557126,3.08785085594157
2023-05-11 12:00:00,102.166666666667,272.35,261.758289652382,3.21219828573637
2023-05-11 13:00:00,102.283333333333,272.8,282.753668668014,2.77413054487273
2023-05-11 14:00:00,102.266666666667,272.816666666667,298.657465760055,3.996217768565
2023-05-11 15:00:00,102.2,272.05,302.536299167535,4.63314773830841
2023-05-11 16:00:00,102.016666666667,271.55,296.84524749598,3.06543159105876
2023-05-11 17:00:00,101.816666666667,270.533333333333,248.31364187989,1.96478311160065
2023-05-11 18:00:00,101.583333333333,269.583333333333,240.699665129445,2.92836822377008
2023-05-11 19:00:00,101.366666666667,269.05,241.666707527729,2.78769897366222
2023-05-11 20:00:00,101.183333333333,268.7,257.018724740998,1.13481300279323
2023-05-11 21:00:00,101.033333333333,268.316666666667,330.107355589509,1.68119726515094
2023-05-11 22:00:00,101.083333333333,268.316666666667,274.240081993114,1.0103313251839
2023-05-11 23:00:00,101.083333333333,268.283333333333,316.560258125176,1.73945541392148
2023-05-12 00:00:00,101.0,268.25,322.524025757565,1.65777268899504
2023-05-12 01:00:00,101.033333333333,268.233333333333,286.072030783318,1.88432111534388
2023-05-12 02:00:00,101.0,268.116666666667,233.532557413514,1.47514462928403
2023-05-12 03:00:00,101.0,268.116666666667,229.262892247927,0.713541040763397
2023-05-12 04:00:00,100.966666666667,267.95,179.367454851421,0.372968461874938
2023-05-12 05:00:00,100.9,267.85,,0.0
2023-05-12 06:00:00,101.1,268.533333333333,,0.0
2023-05-12 07:00:00,101.516666666667,269.933333333333,,0.0
2023-05-12 08:00:00,102.116666666667,271.983333333333,189.586841029867,0.197165395729433
2023-05-12 09:00:00,102.033333333333,271.683333333333,149.523889420274,1.20480834059727
2023-05-12 10:00:00,101.75,270.716666666667,163.62606476739,2.96464337500667
2023-05-12 11:00:00,101.7,270.85,184.278740630794,1.86709654684144
2023-05-12 12:00:00,101.85,271.4,184.295794263869,1.25181295119664
2023-05-12 13:00:00,101.75,271.133333333333,198.359529019221,1.97896190571867
2023-05-12 14:00:00,102.116666666667,272.333333333333,280.00590863004,0.768767780441387
2023-05-12 15:00:00,102.316666666667,273.083333333333,9.16936451784625,0.623280649033333
2023-05-12 16:00:00,102.016666666667,271.733333333333,359.478451278625,3.00846604742949
2023-05-12 17:00:00,101.9,271.216666666667,354.227547270027,4.6663935507349
2023-05-12 18:00:00,101.816666666667,270.933333333333,355.300528776749,3.23865508959522
2023-05-12 19:00:00,101.816666666667,270.716666666667,269.593808342567,1.60368656575442
2023-05-12 20:00:00,101.8,270.583333333333,218.442064792692,1.71051973294135
2023-05-12 21:00:00,101.8,270.466666666667,143.765759319129,0.61905082326789
2023-05-12 22:00:00,101.8,270.433333333333,103.823351926414,1.66616243630919
2023-05-12 23:00:00,101.666666666667,270.066666666667,53.9193750412262,2.4112794514295
2023-05-13 00:00:00,101.6,269.866666666667,44.2074880094644,2.203438636895
2023-05-13 01:00:00,101.466666666667,269.483333333333,61.7931320376706,2.48042193881365
2023-05-13 02:00:00,101.4,269.25,49.1677826436067,2.09986197849465
2023-05-13 03:00:00,101.4,269.283333333333,48.2218807524457,3.02444045838467
2023-05-13 04:00:00,101.4,269.233333333333,59.5297628354898,1.89909144214263
2023-05-13 05:00:00,101.35,269.166666666667,60.8860458308238,2.4683361056656
2023-05-13 06:00:00,101.4,269.25,66.1962930824243,2.42037167281995
2023-05-13 07:00:00,101.516666666667,269.916666666667,79.8914296368674,1.90828185118903
2023-05-13 08:00:00,101.9,270.916666666667,112.995456954054,2.15693911660621
2023-05-13 09:00:00,101.916666666667,271.1,95.8129456377591,2.42350881199362
2023-05-13 10:00:00,102.033333333333,271.733333333333,33.3317637582481,1.15905852375335
2023-05-13 11:00:00,102.066666666667,272.116666666667,183.277812188694,1.27339597805533
2023-05-13 12:00:00,101.933333333333,271.7,171.098053652284,4.21037102560435
2023-05-13 13:00:00,102.066666666667,272.316666666667,207.467586911375,1.79068828672828
2023-05-13 14:00:00,102.2,272.766666666667,243.310937598644,0.701132987740353
2023-05-13 15:00:00,102.183333333333,272.8,28.6667801203275,1.20915095800882
2023-05-13 16:00:00,102.066666666667,272.083333333333,351.220050659672,3.11756823338721
2023-05-13 17:00:00,101.933333333333,271.383333333333,338.931673152277,3.12389094780886
2023-05-13 18:00:00,101.883333333333,270.833333333333,313.928667738617,2.08268673137776
2023-05-13 19:00:00,101.8,270.683333333333,265.108744647106,1.52401301338403
2023-05-13 20:00:00,101.8,270.533333333333,177.269335628516,0.6016527005318
2023-05-13 21:00:00,101.8,270.6,48.3130497143229,1.11097551014397
2023-05-13 22:00:00,101.783333333333,270.633333333333,93.3821761041077,1.50271709787903
2023-05-13 23:00:00,101.666666666667,270.066666666667,100.984177041565,2.74869359021957
2023-05-14 00:00:00,101.55,269.733333333333,50.6407315636714,1.49696423372753
2023-05-14 01:00:00,101.45,269.45,66.1987776116149,0.395346219059199
2023-05-14 02:00:00,101.25,269.016666666667,80.6331846345971,1.78789547568817
2023-05-14 03:00:00,101.233333333333,268.833333333333,32.0386689568378,1.91550720671512
2023-05-14 04:00:00,100.866666666667,268.033333333333,88.3292008777212,0.0498644547114721
2023-05-14 05:00:00,100.983333333333,268.333333333333,,0.0
2023-05-14 06:00:00,101.166666666667,268.683333333333,253.0,0.168333333333333
2023-05-14 07:00:00,101.25,269.116666666667,285.639554185598,1.67548165451833
2023-05-14 08:00:00,101.3,269.233333333333,269.860748113193,1.65002993316409
2023-05-14 09:00:00,101.616666666667,270.533333333333,235.414792242509,2.21390962631691
2023-05-14 10:00:00,101.933333333333,271.433333333333,240.697437664689,1.2250617255786
2023-05-14 11:00:00,101.916666666667,271.483333333333,273.540596944605,2.30713885318001
2023-05-14 12:00:00,101.833333333333,271.366666666667,251.685128275876,2.86592658176192
2023-05-14 13:00:00,101.883333333333,271.666666666667,304.217273129361,3.16219446531268
2023-05-14 14:00:00,102.0,272.3,309.464100897853,2.90582534065632
2023-05-14 15:00:00,101.75,270.8,316.125162136374,6.0654774751468
2023-05-14 16:00:00,101.733333333333,270.766666666667,316.391603918699,2.74539061281234
2023-05-14 17:00:00,101.683333333333,270.416666666667,319.667512436809,4.75352473663164
2023-05-14 18:00:00,101.566666666667,269.9,298.681854049036,4.23967264042826
2023-05-14 19:00:00,101.5,269.733333333333,314.059520352065,7.01885119077288
2023-05-14 20:00:00,101.466666666667,269.483333333333,317.111486644955,6.90174499794454
2023-05-14 21:00:00,101.466666666667,269.516666666667,285.524000268506,4.78029855510165
2023-05-14 22:00:00,101.3,269.05,274.270241283448,3.77867840307043
2023-05-14 23:00:00,101.383333333333,269.333333333333,328.73743508737,5.81116042647912
2023-05-15 00:00:00,101.4,269.166666666667,322.703309142239,5.2133496372473
2023-05-15 01:00:00,101.4,269.233333333333,309.556499834461,3.69744121090811
2023-05-15 02:00:00,101.316666666667,269.1,294.224004907847,2.52602933751244
2023-05-15 03:00:00,101.283333333333,269.016666666667,297.744235864468,2.84254144972065
2023-05-15 04:00:00,101.133333333333,268.616666666667,307.018473520825,4.60610063402531
2023-05-15 05:00:00,101.1,268.416666666667,276.796142972788,4.01264595208179
2023-05-15 06:00:00,101.1,268.466666666667,266.380251853507,3.92032748529235
2023-05-15 07:00:00,101.05,268.616666666667,296.27155940569,3.83046570253495
2023-05-15 08:00:00,101.333333333333,269.516666666667,271.466818087491,3.0004956320061
2023-05-15 09:00:00,101.633333333333,270.666666666667,298.058605202652,1.42232662855565
2023-05-15 10:00:00,101.633333333333,271.133333333333,281.341583335993,2.00958746500198
2023-05-15 11:00:00,101.85,271.383333333333,248.573750811588,2.95048398792213
2023-05-15 12:00:00,101.766666666667,270.666666666667,235.184279184856,2.74352472406807
2023-05-15 13:00:00,102.1,272.133333333333,215.205019976788,1.17131134920469
2023-05-15 14:00:00,102.2,272.733333333333,332.015591241378,1.93567230062883
2023-05-15 15:00:00,101.983333333333,272.05,342.848901288813,3.73260827602172
2023-05-15 16:00:00,101.733333333333,271.866666666667,321.991190046266,2.93800540758615
2023-05-15 17:00:00,101.85,272.066666666667,321.858673865167,3.9272151928885
2023-05-15 18:00:00,101.816666666667,271.75,334.036968756499,3.43580578655483
2023-05-15 19:00:00,101.783333333333,271.416666666667,338.015058361677,4.09214882555659
2023-05-15 20:00:00,101.616666666667,270.366666666667,327.322345691642,5.05961537757446
2023-05-15 21:00:00,101.6,270.05,312.295096628783,3.85723696451655
2023-05-15 22:00:00,101.583333333333,269.983333333333,310.859167948113,3.95097329921749
2023-05-15 23:00:00,101.4,269.466666666667,301.452869036508,2.9790945935764
2023-05-16 00:00:00,101.3,269.016666666667,257.019352523554,3.46630454564855
2023-05-16 01:00:00,101.2,268.733333333333,245.476110732483,5.7043110159175
2023-05-16 02:00:00,101.1,268.533333333333,243.428519677602,4.31652028076453
2023-05-16 03:00:00,101.1,268.55,288.903846263261,3.40573468104712
2023-05-16 04:00:00,101.116666666667,268.583333333333,257.945789167728,3.84547202743934
2023-05-16 05:00:00,101.2,268.733333333333,247.480605239586,4.62141993989402
2023-05-16 06:00:00,101.2,268.866666666667,254.346589308963,4.12497381870486
2023-05-16 07:00:00,101.3,269.1,254.122090649647,4.46500353287214
2023-05-16 08:00:00,101.383333333333,269.416666666667,286.11061254035,3.88913019307841
2023-05-16 09:00:00,101.45,269.766666666667,276.468756144873,3.78348663606631
2023-05-16 10:00:00,101.55,270.383333333333,286.75682014065,4.64482224806363
2023-05-16 11:00:00,101.666666666667,270.916666666667,272.207085057907,4.46724961855915
2023-05-16 12:00:00,101.6,270.283333333333,252.18244245729,4.28448605292968
2023-05-16 13:00:00,101.783333333333,271.083333333333,281.904589452821,3.85045244920902
2023-05-16 14:00:00,101.916666666667,271.733333333333,295.133335712632,3.89781148304024
2023-05-16 15:00:00,102.0,271.966666666667,277.366475653408,3.19662164104248
2023-05-16 16:00:00,101.85,270.933333333333,274.692721741974,3.27146114789156
2023-05-16 17:00:00,101.766666666667,270.55,281.000886860611,4.60489634801268
2023-05-16 18:00:00,101.716666666667,270.333333333333,275.307072979029,4.5723854339811
2023-05-16 19:00:00,101.533333333333,269.666666666667,274.881941736171,4.4215481155967
2023-05-16 20:00:00,101.366666666667,269.216666666667,274.658089830738,4.51184203335333
2023-05-16 21:00:00,101.283333333333,268.95,279.363855294892,4.55645846544908
2023-05-16 22:00:00,101.2,268.75,273.603996835987,4.51290303573609
2023-05-16 23:00:00,101.116666666667,268.55,279.634771101721,4.75843830171298
2023-05-17 00:00:00,101.016666666667,268.166666666667,287.518568500323,4.63732698680335
2023-05-17 01:00:00,100.916666666667,267.95,295.819150489661,2.82011310146521
2023-05-17 02:00:00,100.833333333333,267.65,303.491106110734,3.20138624522157
2023-05-17 03:00:00,100.766666666667,267.416666666667,268.531303636275,2.55867447962512
2023-05-17 04:00:00,100.616666666667,267.033333333333,260.240675095961,2.47630512447131
2023-05-17 05:00:00,100.616666666667,267.05,236.991351101388,4.83768662018646
2023-05-17 06:00:00,100.666666666667,267.166666666667,240.675541579923,6.23012654354115
2023-05-17 07:00:00,100.65,267.25,236.17138019725,6.28421299144278
2023-05-17 08:00:00,100.733333333333,267.616666666667,238.271081650471,4.45575385689168
2023-05-17 09:00:00,100.8,268.016666666667,235.041681800638,4.51182096836
2023-05-17 10:00:00,101.033333333333,268.9,238.220793090714,3.17140018871536
2023-05-17 11:00:00,100.766666666667,268.4,224.055654694242,5.29215565712725
2023-05-17 12:00:00,100.9,269.15,229.299216566099,4.77917053957798
2023-05-17 13:00:00,101.666666666667,271.5,240.884506555628,2.53059564943152
2023-05-17 14:00:00,101.95,272.416666666667,278.109765808988,1.49927251088508
2023-05-17 15:00:00,102.133333333333,273.1,321.010676694871,1.44243938044793
2023-05-17 16:00:00,102.1,273.016666666667,264.755992476124,1.35132445004203
2023-05-17 17:00:00,101.95,272.033333333333,235.38765273756,2.38915702864043
2023-05-17 18:00:00,101.583333333333,270.266666666667,240.879061820439,2.43198932502633
2023-05-17 19:00:00,101.516666666667,269.3,245.616122737505,1.58978997826718
2023-05-17 20:00:00,101.45,268.716666666667,249.098751991912,0.647287447206422
2023-05-17 21:00:00,100.983333333333,267.7,242.608890249462,1.00156529981794
2023-05-17 22:00:00,100.8,267.366666666667,203.460364662154,1.03993025640975
2023-05-17 23:00:00,100.783333333333,267.3,150.279691034686,1.39463364879678
2023-05-18 00:00:00,100.7,267.15,149.250869922541,2.5994138700655
2023-05-18 01:00:00,100.7,267.133333333333,116.957867362838,1.47271929719336
2023-05-18 02:00:00,100.633333333333,266.85,129.121555641697,2.30570134185442
2023-05-18 03:00:00,100.6,266.633333333333,118.857302048024,2.0722033956897
2023-05-18 04:00:00,100.616666666667,266.95,127.715341364511,0.163182615917983
2023-05-18 05:00:00,100.933333333333,267.983333333333,143.51343786363,1.58306095010348
2023-05-18 06:00:00,101.183333333333,268.883333333333,113.783624418155,3.22371073814167
2023-05-18 07:00:00,101.216666666667,269.85,94.6103367324449,2.54225297205361
2023-05-18 08:00:00,101.3,270.566666666667,100.969436018036,2.60247806335064
2023-05-18 09:00:00,101.433333333333,271.516666666667,100.579248335619,1.56727112560473
2023-05-18 10:00:00,101.166666666667,272.116666666667,84.0949857020924,1.74333783386341
2023-05-18 11:00:00,100.6,272.2,99.4930411621445,1.70329740215043
2023-05-18 12:00:00,100.316666666667,273.05,101.97413325835,1.61241633035862
2023-05-18 13:00:00,99.5833333333334,273.233333333333,97.6065351080802,1.94238087613389
2023-05-18 14:00:00,100.966666666667,274.266666666667,71.6581196708496,0.797842991733326
2023-05-18 15:00:00,101.383333333333,273.05,112.312084680406,3.62178206969704
2023-05-18 16:00:00,101.666666666667,272.65,120.711489357949,4.84713757808606
2023-05-18 17:00:00,101.483333333333,273.016666666667,131.159244643202,3.3266040761807
2023-05-18 18:00:00,101.183333333333,272.983333333333,129.652106472868,4.08868442581024
2023-05-18 19:00:00,101.7,272.116666666667,118.527475899397,4.28396890075582
2023-05-18 20:00:00,102.0,271.566666666667,116.038526448339,3.86870611034211
2023-05-18 21:00:00,102.0,271.716666666667,118.466954611463,2.76969301890647
2023-05-18 22:00:00,102.0,271.833333333333,122.898151319473,1.01638860200715
2023-05-18 23:00:00,102.0,271.9,33.4334662783847,0.897254524371734
2023-05-19 00:00:00,101.983333333333,271.883333333333,33.9493763665533,0.69489248253499
2023-05-19 01:00:00,101.95,271.666666666667,55.9221499799429,0.987051890187885
2023-05-19 02:00:00,101.9,271.5,125.524933437195,1.14015604834144
2023-05-19 03:00:00,101.766666666667,271.483333333333,92.3983665137855,1.60453635037266
2023-05-19 04:00:00,101.816666666667,271.416666666667,141.711933367586,1.67754012435251
2023-05-19 05:00:00,101.7,271.383333333333,154.153010082597,1.30798950698887
2023-05-19 06:00:00,101.6,271.65,152.870483663124,0.827071600376818
2023-05-19 07:00:00,101.1,271.916666666667,107.554939055073,0.718473371011226
2023-05-19 08:00:00,100.816666666667,272.516666666667,178.697177784979,1.08580734291914
2023-05-19 09:00:00,100.116666666667,272.683333333333,151.691213884067,2.29186290037513
2023-05-19 10:00:00,100.8,273.583333333333,137.089322011182,1.39343705560431
2023-05-19 11:00:00,101.183333333333,274.05,180.751302611784,1.44629284853672
2023-05-19 12:00:00,101.166666666667,274.3,207.653793302067,0.909971594118547
2023-05-19 13:00:00,100.35,274.25,192.110674534379,1.25372587953752
2023-05-19 14:00:00,101.516666666667,274.083333333333,190.114193315548,1.25993790021577
2023-05-19 15:00:00,102.033333333333,274.233333333333,147.482567339744,1.04698816014838
2023-05-19 16:00:00,101.133333333333,274.566666666667,240.895729291825,1.14031339467197
2023-05-19 17:00:00,99.1166666666667,275.0,237.676701384904,1.10660055422191
2023-05-19 18:00:00,100.95,273.3,185.680669370225,3.30196964414043
2023-05-19 19:00:00,101.133333333333,273.366666666667,141.041365304249,1.42313359931308
2023-05-19 20:00:00,99.9666666666667,273.166666666667,159.474953341448,1.04109320289388
2023-05-19 21:00:00,101.25,272.95,173.815385860687,1.61627162608528
2023-05-19 22:00:00,101.9,272.683333333333,130.367799813153,2.27789040474628
2023-05-19 23:00:00,102.1,272.7,120.99360894618,2.40753924242456
2023-05-20 00:00:00,102.1,272.383333333333,131.579718085709,1.84094207736657
2023-05-20 01:00:00,102.1,272.383333333333,131.324443217804,4.47952499127942
2023-05-20 02:00:00,102.066666666667,272.166666666667,104.144836294253,4.14226678202241
2023-05-20 03:00:00,102.0,271.883333333333,117.366863878137,4.18554941081361
2023-05-20 04:00:00,102.1,271.816666666667,135.808186408525,2.7996343261933
2023-05-20 05:00:00,102.066666666667,271.633333333333,57.3438821636445,0.870408178009208
2023-05-20 06:00:00,102.066666666667,272.0,106.322746504242,0.702562894664092
2023-05-20 07:00:00,101.2,272.616666666667,205.559037685354,0.562054522023924
2023-05-20 08:00:00,101.083333333333,273.166666666667,188.154157678093,1.93790685243577
2023-05-20 09:00:00,102.016666666667,273.533333333333,174.079633602408,1.60972683132997
2023-05-20 10:00:00,102.033333333333,274.266666666667,180.779594708171,2.33672187539063
2023-05-20 11:00:00,102.016666666667,274.816666666667,187.046083384887,2.85621615588653
2023-05-20 12:00:00,102.1,275.033333333333,202.469733279381,0.973397652216864
2023-05-20 13:00:00,102.183333333333,275.016666666667,201.873287516438,1.20730501038
2023-05-20 14:00:00,102.25,275.05,227.638266126311,1.79606352678354
2023-05-20 15:00:00,102.2,274.933333333333,221.410971423246,2.47144629890968
2023-05-20 16:00:00,102.15,275.083333333333,209.452462388998,1.27070365195524
2023-05-20 17:00:00,99.55,275.05,181.112873218505,1.46325136160535
2023-05-20 18:00:00,99.25,275.016666666667,162.197821673135,1.92999440847934
2023-05-20 19:00:00,99.05,274.666666666667,145.488465102647,1.80781293562552
2023-05-20 20:00:00,97.7666666666667,274.466666666667,171.63258117539,2.39072623779987
2023-05-20 21:00:00,99.4,274.1,158.449594673168,0.401180769976951
2023-05-20 22:00:00,100.766666666667,273.85,50.8033116563336,0.488599381721051
2023-05-20 23:00:00,99.7833333333333,274.016666666667,119.760854065141,0.690574418307362
2023-05-21 00:00:00,99.25,274.133333333333,146.808237983619,2.08263482892919
2023-05-21 01:00:00,99.5333333333333,273.8,146.793575236367,3.65220081267802
2023-05-21 02:00:00,99.5833333333333,273.716666666667,114.213647181791,6.01079988273853
2023-05-21 03:00:00,99.25,273.633333333333,124.397203537984,5.86976365973286
2023-05-21 04:00:00,96.2333333333333,273.866666666667,132.928625133816,5.60570588389008
2023-05-21 05:00:00,92.05,273.95,112.633185171874,7.04431768149955
2023-05-21 06:00:00,84.0166666666667,274.166666666667,110.5484580334,5.27711040372442
2023-05-21 07:00:00,79.6166666666667,275.0,92.9650156961395,1.79541664408599
2023-05-21 08:00:00,86.6166666666667,275.95,152.09955032117,1.34970926161635
2023-05-21 09:00:00,97.2166666666667,275.866666666667,201.17338475518,2.09018324326031
2023-05-21 10:00:00,95.0,276.383333333333,157.242425954791,2.21405100233797
2023-05-21 11:00:00,87.9166666666667,277.35,173.515638945395,3.77030983266433
2023-05-21 12:00:00,75.9333333333333,277.533333333333,149.214623917651,4.40135634788353
2023-05-21 13:00:00,71.4833333333333,277.866666666667,145.994753134558,2.72267184240392
2023-05-21 14:00:00,73.7666666666667,278.283333333333,131.441333311673,1.99537729690203
2023-05-21 15:00:00,74.55,278.85,8.31902649748145,0.190466272630251
2023-05-21 16:00:00,64.0333333333333,278.95,131.255140055511,2.88547531092115
2023-05-21 17:00:00,62.2333333333333,278.866666666667,92.9709673194139,2.22814939039381
2023-05-21 18:00:00,59.25,278.7,79.7387901577697,1.3417361091864
2023-05-21 19:00:00,60.05,280.05,202.597275178974,0.161684683347289
2023-05-21 20:00:00,68.3666666666667,277.35,204.97483764938,0.619863482375194
2023-05-21 21:00:00,70.9,276.883333333333,196.569828428821,1.79708759116427
2023-05-21 22:00:00,64.5833333333333,276.85,113.325236957954,2.29701567828812
2023-05-21 23:00:00,68.6,276.433333333333,111.842028201427,1.90608430450691
2023-05-22 00:00:00,70.0833333333333,276.0,93.6759403256025,1.7044691517514
2023-05-22 01:00:00,74.45,275.683333333333,213.347433887526,0.527050266906081
2023-05-22 02:00:00,75.2166666666667,275.666666666667,207.643517241923,1.20911435975179
2023-05-22 03:00:00,78.8666666666667,275.466666666667,345.007235398862,0.309291195962887
2023-05-22 04:00:00,84.3166666666667,275.183333333333,154.026847721701,1.19678937374965
2023-05-22 05:00:00,82.1333333333334,275.25,146.119451456896,0.970885696299408
2023-05-22 06:00:00,80.9666666666667,275.4,262.200074799255,0.0295813835887137
2023-05-22 07:00:00,73.3,276.583333333333,350.312631183121,0.0799806303163846
2023-05-22 08:00:00,67.6666666666667,277.866666666667,282.556029225881,0.266475476580846
2023-05-22 09:00:00,68.5,279.133333333333,182.310098978174,1.19100267174598
2023-05-22 10:00:00,72.2666666666667,278.383333333333,198.00485820869,2.60355989849836
2023-05-22 11:00:00,67.5333333333333,279.616666666667,206.225373934777,2.25434527418334
2023-05-22 12:00:00,63.9333333333333,280.0,202.194148943102,2.46792480600302
2023-05-22 13:00:00,58.4666666666667,280.116666666667,179.784331560946,2.67957755683656
2023-05-22 14:00:00,53.8666666666667,280.316666666667,186.449978815937,2.51869392669658
2023-05-22 15:00:00,55.4,280.7,291.050818936865,1.0136662675889
2023-05-22 16:00:00,61.2333333333333,279.716666666667,333.389237438881,1.55308525435787
2023-05-22 17:00:00,65.6666666666667,279.15,311.417294543936,2.96378330932451
2023-05-22 18:00:00,68.05,279.55,340.712872013634,2.46444629398072
2023-05-22 19:00:00,72.0666666666667,278.933333333333,14.0172992644029,3.28056408175173
2023-05-22 20:00:00,85.6,277.95,356.619544478153,3.07465257756834
2023-05-22 21:00:00,96.2666666666667,277.233333333333,8.07564914182626,3.4941380046915
2023-05-22 22:00:00,100.966666666667,276.3,335.262454157888,2.87907709625139
2023-05-22 23:00:00,100.483333333333,276.316666666667,314.974315853769,1.25553148730408
2023-05-23 00:00:00,99.6166666666667,276.5,310.976416123628,0.140507221400823
2023-05-23 01:00:00,99.5333333333333,276.516666666667,47.0294242012864,0.434329071302019
2023-05-23 02:00:00,100.466666666667,276.133333333333,19.5209278895032,0.696825210250268
2023-05-23 03:00:00,101.55,275.916666666667,1.8214594867469,1.78314776872118
2023-05-23 04:00:00,101.05,276.0,47.9811800401765,0.625042455656396
2023-05-23 05:00:00,100.716666666667,276.0,55.991114782633,0.784985435791769
2023-05-23 06:00:00,101.383333333333,275.733333333333,335.755709564296,1.62451816763983
2023-05-23 07:00:00,101.666666666667,275.566666666667,6.05820338264459,2.57196490970689
2023-05-23 08:00:00,101.966666666667,275.183333333333,6.16467228224121,2.11049983930186
2023-05-23 09:00:00,101.716666666667,275.05,335.751822164706,2.65026326727327
2023-05-23 10:00:00,100.133333333333,275.766666666667,231.929288782368,0.943789436748597
2023-05-23 11:00:00,96.7333333333333,277.466666666667,165.512318844136,0.852081147784646
2023-05-23 12:00:00,92.85,277.133333333333,313.364532903944,0.459210645299767
2023-05-23 13:00:00,96.35,277.9,341.927530328678,3.00420617081396
2023-05-23 14:00:00,93.95,278.4,339.349468853605,3.27841206212321
2023-05-23 15:00:00,97.0333333333333,277.833333333333,333.44619525313,5.62170842981978
2023-05-23 16:00:00,100.066666666667,277.35,340.247916902373,5.10714147039703
2023-05-23 17:00:00,101.383333333333,276.55,344.237816919271,5.72450171800585
2023-05-23 18:00:00,102.05,275.566666666667,328.436926319262,7.51271419800624
2023-05-23 19:00:00,102.0,274.683333333333,332.159977107542,6.44089733788551
2023-05-23 20:00:00,102.0,274.583333333333,318.013536884332,2.66388349443115
2023-05-23 21:00:00,102.033333333333,274.4,326.593138376211,2.02581624490396
2023-05-23 22:00:00,102.016666666667,274.116666666667,340.421839670242,1.34023186489474
2023-05-23 23:00:00,102.1,274.4,18.6322175850962,0.565675778169334
2023-05-24 00:00:00,102.05,274.133333333333,348.340274044033,0.958059190205292
2023-05-24 01:00:00,102.116666666667,274.183333333333,98.1979814246494,0.659356601869414
2023-05-24 02:00:00,102.3,274.166666666667,99.551955427491,1.03786024482233
2023-05-24 03:00:00,102.35,274.066666666667,115.727092995919,0.432857376967478
2023-05-24 04:00:00,102.133333333333,273.833333333333,110.09480230767,2.09234475871457
2023-05-24 05:00:00,102.0,273.716666666667,100.753213938975,1.80845537040502
2023-05-24 06:00:00,102.066666666667,273.883333333333,70.0793984675876,1.93424001779301
2023-05-24 07:00:00,102.15,274.333333333333,63.233811984182,0.970400843475031
2023-05-24 08:00:00,102.133333333333,274.133333333333,1.12315617367693,2.95625922217372
2023-05-24 09:00:00,102.1,273.583333333333,38.8100943114083,4.08920449796174
2023-05-24 10:00:00,102.166666666667,274.316666666667,43.0307167229654,3.07797615434217
2023-05-24 11:00:00,102.2,274.716666666667,97.2011672709367,2.82230580853401
2023-05-24 12:00:00,102.233333333333,274.9,355.699275317088,2.49652804148868
2023-05-24 13:00:00,102.166666666667,273.566666666667,341.816694474331,3.73361039913571
2023-05-24 14:00:00,102.65,273.8,8.23062997378457,2.6968502700505
2023-05-24 15:00:00,102.816666666667,273.966666666667,307.94037939728,1.80993773112202
2023-05-24 16:00:00,102.733333333333,273.0,293.804307879645,2.76886674174692
2023-05-24 17:00:00,102.816666666667,273.083333333333,237.743351952177,2.50916790714357
2023-05-24 18:00:00,102.95,272.933333333333,224.20386299138,0.92960823099804
2023-05-24 19:00:00,103.0,272.566666666667,236.020631922467,3.50702719204058
2023-05-24 20:00:00,103.1,272.45,221.867968385166,1.66176715277621
2023-05-24 21:00:00,103.15,272.416666666667,,0.0
2023-05-24 22:00:00,102.5,271.816666666667,,0.0
2023-05-24 23:00:00,103.033333333333,271.8,,0.0
2023-05-25 00:00:00,103.1,271.683333333333,,0.0
2023-05-25 01:00:00,102.65,271.416666666667,,0.0
2023-05-25 02:00:00,102.983333333333,271.916666666667,,0.0
2023-05-25 03:00:00,102.9,271.716666666667,,0.0
2023-05-25 04:00:00,103.133333333333,272.216666666667,,0.0
2023-05-25 05:00:00,103.883333333333,272.616666666667,,0.0
2023-05-25 06:00:00,103.3,272.8,100.992616086047,7.33656515437539
2023-05-25 07:00:00,101.85,273.883333333333,88.45546887245,3.94834084129197
2023-05-25 08:00:00,100.866666666667,274.75,108.498431735727,5.57509342988464
2023-05-25 09:00:00,101.466666666667,274.933333333333,124.960385895876,5.26649963890226
2023-05-25 10:00:00,103.683333333333,274.6,144.484693325506,3.85371989885823
2023-05-25 11:00:00,103.483333333333,275.566666666667,168.03929946764,3.75241472351032
2023-05-25 12:00:00,102.6,276.133333333333,174.550350396955,2.98388364666643
2023-05-25 13:00:00,102.25,276.516666666667,182.758055716125,3.14737808686356
2023-05-25 14:00:00,101.366666666667,276.75,186.570521494452,2.6926975741573
2023-05-25 15:00:00,99.9833333333333,277.5,192.394673075522,1.73142443971613
2023-05-25 16:00:00,99.8666666666667,277.916666666667,329.360650606889,1.89104132681708
2023-05-25 17:00:00,97.8333333333333,278.183333333333,332.088568901243,1.8155871124963
2023-05-25 18:00:00,96.95,278.583333333333,357.125370113292,1.80783633240877
2023-05-25 19:00:00,96.2333333333333,278.366666666667,351.667167125454,2.23503985614909
2023-05-25 20:00:00,99.1,277.5,18.9402001900858,2.55487504365348
2023-05-25 21:00:00,99.4333333333334,276.883333333333,345.638896938746,2.3038414234322
2023-05-25 22:00:00,102.033333333333,276.05,14.9285944609271,1.72247132597659
2023-05-25 23:00:00,102.233333333333,275.966666666667,272.405191797813,1.03697175402686
2023-05-26 00:00:00,102.05,275.766666666667,140.155627600055,0.56518253212003
2023-05-26 01:00:00,101.583333333333,275.666666666667,140.847981507422,1.81143235077701
2023-05-26 02:00:00,102.483333333333,275.2,117.111941514642,1.84907017580751
2023-05-26 03:00:00,102.5,274.95,117.503644982511,1.7247691112382
2023-05-26 04:00:00,101.066666666667,275.333333333333,177.18875434134,0.754715233172041
2023-05-26 05:00:00,86.65,276.016666666667,191.048028227116,0.662772824590544
2023-05-26 06:00:00,72.5666666666667,277.566666666667,195.912265970396,0.844964947365195
2023-05-26 07:00:00,61.95,279.866666666667,195.0,0.0116666666666667
2023-05-26 08:00:00,63.7166666666667,280.066666666667,159.123692388179,0.0583944688466034
2023-05-26 09:00:00,84.7,279.15,151.936541894057,0.582227511630121
2023-05-26 10:00:00,86.8166666666667,279.333333333333,207.980808366061,1.08719444121018
2023-05-26 11:00:00,94.5166666666667,278.65,171.278371718883,1.35549022397169
2023-05-26 12:00:00,91.1833333333333,277.966666666667,348.654336444402,2.9945841514281
2023-05-26 13:00:00,87.5666666666667,278.366666666667,346.202524837823,4.12175243880044
2023-05-26 14:00:00,82.1,278.983333333333,341.556487192001,3.76775721454386
2023-05-26 15:00:00,86.5,278.95,344.876461361006,4.72146137626288
2023-05-26 16:00:00,84.2166666666667,279.183333333333,350.210202581314,5.62863867879001
2023-05-26 17:00:00,86.8666666666667,279.216666666667,356.428915884745,5.77203371445275
2023-05-26 18:00:00,97.9166666666667,277.783333333333,356.670566428991,6.63358096746903
2023-05-26 19:00:00,100.866666666667,276.483333333333,355.869929993952,6.20238313153727
2023-05-26 20:00:00,101.15,276.083333333333,339.596957550215,6.2134506975907
2023-05-26 21:00:00,102.183333333333,275.566666666667,334.714214459942,4.88144741112869
2023-05-26 22:00:00,102.2,275.4,354.497088254308,2.88298787711694
2023-05-26 23:00:00,102.266666666667,275.1,357.297285095636,3.13124683951898
2023-05-27 00:00:00,102.283333333333,274.75,331.757901375408,1.55543205897884
2023-05-27 01:00:00,102.2,274.483333333333,226.849055459697,0.187811456546985
2023-05-27 02:00:00,102.2,274.333333333333,156.577501321958,0.970301096924269
2023-05-27 03:00:00,102.116666666667,274.2,132.788119696678,3.6065041570897
2023-05-27 04:00:00,102.1,273.95,121.561192062581,2.59455844589158
2023-05-27 05:00:00,102.1,273.65,138.750614416838,1.92291658938302
2023-05-27 06:00:00,102.083333333333,273.433333333333,183.903519243509,2.12636612706824
2023-05-27 07:00:00,102.05,273.833333333333,237.914115713797,0.688068629695289
2023-05-27 08:00:00,102.416666666667,273.95,205.827437914728,0.921262033224059
2023-05-27 09:00:00,102.983333333333,274.083333333333,197.209538763106,0.389880066537805
2023-05-27 10:00:00,103.3,274.483333333333,247.957341311457,1.13860789846757
2023-05-27 11:00:00,103.466666666667,274.983333333333,324.545702305274,1.22458538527987
2023-05-27 12:00:00,103.1,275.683333333333,344.021956700251,3.02789119853408
2023-05-27 13:00:00,93.15,277.516666666667,352.690233634527,3.46744851715016
2023-05-27 14:00:00,77.1166666666667,278.85,1.14599140845814,3.944735009203
2023-05-27 15:00:00,78.7333333333333,279.033333333333,347.704357345952,4.42984271419272
2023-05-27 16:00:00,76.0166666666667,278.95,344.329449263484,4.60734410765354
2023-05-27 17:00:00,83.2833333333333,278.516666666667,339.639328449404,5.66665119025162
2023-05-27 18:00:00,94.7666666666667,277.416666666667,344.833520886466,5.86259257914999
2023-05-27 19:00:00,99.3666666666667,276.833333333333,346.044593661687,3.91259594171825
2023-05-27 20:00:00,101.05,276.066666666667,349.866551096577,3.21448668539643
2023-05-27 21:00:00,101.616666666667,275.783333333333,332.018881468585,3.21266027613204
2023-05-27 22:00:00,101.416666666667,275.7,326.836285983222,1.96952741989623
2023-05-27 23:00:00,101.933333333333,275.35,322.553899899651,1.45397849725353
2023-05-28 00:00:00,101.9,275.216666666667,121.844010418096,0.663332444806294
2023-05-28 01:00:00,102.283333333333,275.116666666667,96.2926692178795,1.83937673882876
2023-05-28 02:00:00,102.066666666667,274.966666666667,57.8280192757605,2.541734602413
2023-05-28 03:00:00,100.983333333333,274.916666666667,52.0816804860327,2.15364559567816
2023-05-28 04:00:00,100.066666666667,274.8,64.3689375670061,2.02918918905076
2023-05-28 05:00:00,100.933333333333,274.55,15.8010191930036,1.43439852373282
2023-05-28 06:00:00,101.333333333333,274.5,43.5315757214287,2.72442935182781
2023-05-28 07:00:00,98.75,275.183333333333,52.1567925746093,1.63749610255611
2023-05-28 08:00:00,97.5333333333334,275.65,83.0943162297631,0.563025178253529
2023-05-28 09:00:00,93.0,275.383333333333,46.5240131315491,1.81491512334104
2023-05-28 10:00:00,77.9833333333333,276.516666666667,8.55531868705225,0.395254736188075
2023-05-28 11:00:00,86.7666666666667,276.483333333333,179.233750585625,0.181432793353335
2023-05-28 12:00:00,91.3166666666667,277.05,38.2846810255436,0.753562112224371
2023-05-28 13:00:00,99.0333333333334,275.866666666667,359.662043393058,3.47082522062613
2023-05-28 14:00:00,84.4833333333333,276.65,1.59243236198671,1.49943651386539
2023-05-28 15:00:00,95.3333333333333,276.116666666667,340.502904092101,3.16329128089126
2023-05-28 16:00:00,76.5166666666667,277.083333333333,336.047346331369,1.71685242140937
2023-05-28 17:00:00,96.8166666666667,275.616666666667,337.004339107686,4.64036873441742
2023-05-28 18:00:00,101.966666666667,274.15,319.849086683503,3.43701274374827
2023-05-28 19:00:00,101.133333333333,274.933333333333,238.042698482474,1.82536477819351
2023-05-28 20:00:00,101.233333333333,274.216666666667,218.964654187799,2.46161082591102
2023-05-28 21:00:00,100.083333333333,274.05,220.532535935025,2.5980286895596
2023-05-28 22:00:00,100.3,274.016666666667,204.584994283033,1.90668260430674
2023-05-28 23:00:00,99.8666666666667,274.116666666667,116.38222213496,1.61094514355739
2023-05-29 00:00:00,100.033333333333,274.0,103.477481051851,0.757136675533146
2023-05-29 01:00:00,99.9833333333333,274.016666666667,114.226452521561,2.38597941975392
2023-05-29 02:00:00,99.7,274.0,67.3651559940396,1.84965183081318
2023-05-29 03:00:00,101.266666666667,273.45,33.3628545877582,3.78727964439087
2023-05-29 04:00:00,101.666666666667,273.2,40.8789637021603,3.71468536753347
2023-05-29 05:00:00,101.083333333333,273.183333333333,68.0732308264448,3.37612341777791
2023-05-29 06:00:00,100.25,273.883333333333,72.6531853225936,2.63100370955646
2023-05-29 07:00:00,98.9,274.733333333333,54.7103053440657,2.12043413964226
2023-05-29 08:00:00,95.9333333333333,275.85,165.172144773862,0.527219099305548
2023-05-29 09:00:00,99.9666666666667,276.133333333333,200.037605473951,1.28610249026415
2023-05-29 10:00:00,98.9166666666667,276.75,199.966479979009,1.6995015026785
2023-05-29 11:00:00,98.0833333333334,276.6,189.644296170884,3.05680391016254
2023-05-29 12:00:00,91.2833333333334,277.083333333333,234.220371310284,1.80327849810182
2023-05-29 13:00:00,92.2166666666667,277.3,314.348002925336,1.21207955838863
2023-05-29 14:00:00,86.6666666666667,277.516666666667,327.61751426267,2.78603320209893
2023-05-29 15:00:00,81.1666666666667,277.616666666667,327.582631804865,1.9976546275021
2023-05-29 16:00:00,79.1666666666667,278.066666666667,287.768211756343,0.770556076674003
2023-05-29 17:00:00,83.9166666666667,277.616666666667,271.293431109929,1.36709387770845
2023-05-29 18:00:00,85.6166666666667,277.966666666667,331.83334476421,3.00589257651728
2023-05-29 19:00:00,93.8,276.916666666667,352.34848416577,5.20267970023982
2023-05-29 20:00:00,96.3833333333333,275.816666666667,11.8918602955012,4.49373569576949
2023-05-29 21:00:00,98.8,275.083333333333,28.9315614905457,3.09871353063223
2023-05-29 22:00:00,99.3166666666667,274.75,32.4060733933699,2.01942943055482
2023-05-29 23:00:00,99.45,274.5,12.1642019817882,1.89157195441914
2023-05-30 00:00:00,99.6166666666667,274.233333333333,30.9661614252456,1.10671681967996
2023-05-30 01:00:00,99.6333333333333,274.183333333333,111.388445347969,0.21597436320439
2023-05-30 02:00:00,100.1,273.983333333333,108.259480518535,1.38874658820827
2023-05-30 03:00:00,100.5,273.75,110.780671151682,1.79236845578742
2023-05-30 04:00:00,100.183333333333,273.783333333333,89.2669785827567,1.75163237528346
2023-05-30 05:00:00,99.6333333333333,273.866666666667,78.2902170683709,1.32139790217876
2023-05-30 06:00:00,99.6166666666667,273.9,58.8570238150991,2.12696598471165
2023-05-30 07:00:00,99.2833333333333,274.383333333333,60.5431692513829,1.1770311591587
2023-05-30 08:00:00,95.4333333333333,276.066666666667,177.206441463745,0.286455781906507
2023-05-30 09:00:00,98.6333333333334,276.0,210.494095812425,0.878499160032481
2023-05-30 10:00:00,99.9666666666667,274.9,324.97490802587,1.74029777420686
2023-05-30 11:00:00,100.166666666667,274.933333333333,3.11761106801833,1.99605446434496
2023-05-30 12:00:00,92.15,275.483333333333,345.454297167937,3.40650645749155
2023-05-30 13:00:00,72.15,276.45,340.178459865061,3.90936023970775
2023-05-30 14:00:00,63.3833333333334,277.533333333333,332.365474162474,1.87057572342288
2023-05-30 15:00:00,56.1833333333333,277.783333333333,301.691474661078,1.35170047483488
2023-05-30 16:00:00,63.75,277.566666666667,292.499882691996,1.9902820453893
2023-05-30 17:00:00,80.6166666666667,275.783333333333,344.882880663203,4.84738719051589
2023-05-30 18:00:00,98.2333333333333,275.3,354.483366950702,5.19058026869585
2023-05-30 19:00:00,99.3,274.966666666667,308.797657091106,2.51469916336103
2023-05-30 20:00:00,92.65,274.766666666667,253.606301839442,2.91888517176955
2023-05-30 21:00:00,92.0333333333333,274.616666666667,242.861948048626,3.59359495350649
2023-05-30 22:00:00,99.4833333333333,274.016666666667,275.018344473916,1.80686575388864
2023-05-30 23:00:00,99.2,273.816666666667,212.440603826032,4.01304259740424
2023-05-31 00:00:00,96.7166666666667,273.95,170.891850536598,3.729356953996
2023-05-31 01:00:00,98.7333333333333,273.716666666667,164.201142434291,2.36700948769584
2023-05-31 02:00:00,97.6166666666667,273.766666666667,125.999936182428,1.42867817443394
2023-05-31 03:00:00,96.4833333333333,273.716666666667,42.8841682845523,1.50376688300655
2023-05-31 04:00:00,100.333333333333,273.133333333333,31.8676524897376,2.5536784534004
2023-05-31 05:00:00,100.8,273.05,46.2281764621906,1.67743899976903
2023-05-31 06:00:00,99.7833333333334,273.85,36.7841132231344,1.73299611247178
2023-05-31 07:00:00,100.05,273.683333333333,45.5848060998463,1.84267615234143
2023-05-31 08:00:00,100.9,274.166666666667,175.946073936457,0.852396300832477
2023-05-31 09:00:00,100.7,274.716666666667,198.823767803686,2.33997522851403
2023-05-31 10:00:00,100.416666666667,275.316666666667,192.888665809716,3.95881741364519
2023-05-31 11:00:00,94.0833333333334,276.716666666667,193.90838216572,3.1332548129695
2023-05-31 12:00:00,79.0666666666667,277.9,213.356811914001,1.00742500274029
2023-05-31 13:00:00,81.5,277.766666666667,350.988406404694,0.498170986801489
2023-05-31 14:00:00,87.1166666666667,277.233333333333,29.7211755640591,1.77482821799311
2023-05-31 15:00:00,82.0666666666667,277.483333333333,6.77737828134241,1.96368799129858
2023-05-31 16:00:00,77.6166666666667,277.9,303.749645763203,0.423940433691761
2023-05-31 17:00:00,74.1,278.5,332.721247665679,0.475439459287502
2023-05-31 18:00:00,75.85,278.483333333333,359.014693196132,2.44934803012857
2023-05-31 19:00:00,86.5,277.7,347.421215472514,5.1516538086111
2023-05-31 20:00:00,99.45,276.133333333333,12.790664660987,4.21786378403235
2023-05-31 21:00:00,99.2666666666667,275.833333333333,9.98195763203546,1.77828547402796
2023-05-31 22:00:00,99.8,275.7,24.9781266292518,1.74525122219243
2023-05-31 23:00:00,101.2,275.2,42.3852366902523,2.85579096111871
2023-06-01 00:00:00,101.866666666667,275.033333333333,14.7522017782464,1.44757994193449
2023-06-01 01:00:00,101.483333333333,275.116666666667,34.6141307717735,1.34437697965649
2023-06-01 02:00:00,101.583333333333,274.9,106.304425798884,1.05153960197643
2023-06-01 03:00:00,101.766666666667,274.716666666667,56.3287046636294,0.702845167107468
2023-06-01 04:00:00,99.9666666666667,274.95,69.1310774586655,1.26044122908746
2023-06-01 05:00:00,100.45,274.883333333333,90.5603654042755,1.04032236970257
2023-06-01 06:00:00,95.0333333333334,276.383333333333,83.772787641049,0.120416721760422
2023-06-01 07:00:00,90.1833333333333,276.966666666667,266.389576284878,0.157843149164559
2023-06-01 08:00:00,82.5,276.783333333333,291.867804309423,0.50558343847196
2023-06-01 09:00:00,98.35,276.6,250.431458554523,1.03756932670034
2023-06-01 10:00:00,91.6333333333333,277.616666666667,209.36948091523,1.36603904650741
2023-06-01 11:00:00,84.7666666666667,278.216666666667,186.583033647911,2.51682037823197
2023-06-01 12:00:00,82.55,278.266666666667,160.529798949364,0.487562403698821
2023-06-01 13:00:00,79.15,277.8,236.673407682222,1.30720879222551
2023-06-01 14:00:00,72.1166666666667,278.566666666667,221.697942579213,0.955817301354414
2023-06-01 15:00:00,69.9333333333333,279.416666666667,280.729253729179,0.497255895251742
2023-06-01 16:00:00,84.7166666666667,278.25,337.270994740564,2.99036371298934
2023-06-01 17:00:00,89.2833333333334,278.2,346.65770542463,5.77736226242082
2023-06-01 18:00:00,99.6833333333333,276.65,346.502708357655,7.13639975681663
2023-06-01 19:00:00,101.25,275.383333333333,331.199726671593,4.14742632877063
2023-06-01 20:00:00,100.266666666667,275.666666666667,213.323260038642,2.64652225722416
2023-06-01 21:00:00,100.166666666667,275.5,221.973337024542,2.94348938873623
2023-06-01 22:00:00,99.6166666666667,275.533333333333,226.785517949528,2.78883603451665
2023-06-01 23:00:00,99.55,275.45,225.061260297637,2.92179903293461
2023-06-02 00:00:00,99.3833333333333,275.45,233.989138957523,2.2627986531083
2023-06-02 01:00:00,101.316666666667,274.7,43.0254100636973,1.47007628789639
2023-06-02 02:00:00,101.8,274.433333333333,46.9723606167738,1.64893217716454
2023-06-02 03:00:00,101.783333333333,274.566666666667,90.5036815645079,1.98436668161169
2023-06-02 04:00:00,100.55,274.6,101.505833981837,2.1514020972545
2023-06-02 05:00:00,99.8,274.766666666667,85.6391822749473,1.07706487010483
2023-06-02 06:00:00,99.1,275.383333333333,64.1640853507753,2.19351800472862
2023-06-02 07:00:00,99.6,275.55,127.618521133971,0.430155162723294
2023-06-02 08:00:00,99.65,276.183333333333,194.203107719258,1.45627833061654
2023-06-02 09:00:00,97.2,276.75,190.043305796957,2.26369457172959
2023-06-02 10:00:00,91.1333333333333,277.633333333333,201.095828536354,1.73478541670053
2023-06-02 11:00:00,81.35,278.283333333333,236.023288860793,0.958726655961496
2023-06-02 12:00:00,74.45,278.866666666667,254.170733212504,1.08881885431613
2023-06-02 13:00:00,67.9166666666667,279.1,321.095549834805,1.44463102743889
2023-06-02 14:00:00,59.4666666666667,279.666666666667,330.563563026997,2.00521700005257
2023-06-02 15:00:00,53.7166666666667,280.75,342.096891270885,2.67198494809988
2023-06-02 16:00:00,57.75,280.85,341.52515185516,2.0260571229799
2023-06-02 17:00:00,60.8666666666667,280.983333333333,311.873133535771,2.01043004250549
2023-06-02 18:00:00,75.2166666666667,279.183333333333,310.707082412819,3.00095274604604
2023-06-02 19:00:00,86.4166666666667,277.983333333333,293.255076012778,1.7140999944774
2023-06-02 20:00:00,90.8,277.083333333333,280.786858416187,1.23751502071965
2023-06-02 21:00:00,101.4,275.783333333333,35.251061585445,2.75409504873371
2023-06-02 22:00:00,101.7,275.55,38.9869259642816,1.21300212981579
2023-06-02 23:00:00,99.1833333333333,276.0,251.691867624688,0.568363861481886
2023-06-03 00:00:00,100.383333333333,275.6,53.3153193063483,2.24195762863411
2023-06-03 01:00:00,101.833333333333,274.916666666667,53.7257985768236,3.96406444853842
2023-06-03 02:00:00,101.1,275.183333333333,93.5254698356667,1.31181034193228
2023-06-03 03:00:00,101.35,274.95,98.5603098338307,0.766824644311677
2023-06-03 04:00:00,101.25,274.783333333333,51.9335973062053,0.542628411702456
2023-06-03 05:00:00,100.233333333333,275.083333333333,73.2468580751189,0.523645497192219
2023-06-03 06:00:00,94.4333333333333,276.05,127.676354824989,1.25400493782132
2023-06-03 07:00:00,87.9166666666667,276.983333333333,130.049581416543,0.643677894326701
2023-06-03 08:00:00,98.2166666666667,277.0,161.064595986928,1.25694893756213
2023-06-03 09:00:00,99.65,277.616666666667,194.980860131405,1.41581341414736
2023-06-03 10:00:00,98.65,277.583333333333,191.825129298005,2.86998328800368
2023-06-03 11:00:00,89.5333333333334,277.95,231.021323646554,1.01019115025779
2023-06-03 12:00:00,81.4,277.65,334.632914308385,2.84930112716634
2023-06-03 13:00:00,74.0666666666667,278.266666666667,1.73848294645455,4.21383921952953
2023-06-03 14:00:00,67.85,279.433333333333,12.7728852528149,1.53935251736377
2023-06-03 15:00:00,65.0,279.816666666667,357.309225567605,0.505098164449116
2023-06-03 16:00:00,66.8333333333333,280.15,0.713936789179286,1.04450233326224
2023-06-03 17:00:00,94.2333333333334,277.2,21.4400544855121,5.34210174830492
2023-06-03 18:00:00,101.733333333333,274.7,18.8151050128712,3.00371220590144
2023-06-03 19:00:00,101.8,274.183333333333,214.739358998624,1.30341235129514
2023-06-03 20:00:00,101.716666666667,274.6,228.097001789469,0.591387288737605
2023-06-03 21:00:00,101.15,274.483333333333,352.42337905685,0.856032369803399
2023-06-03 22:00:00,101.666666666667,274.25,305.872626407662,1.4296108112963
2023-06-03 23:00:00,101.633333333333,274.25,327.530473785052,0.699948299311759
2023-06-04 00:00:00,100.683333333333,274.516666666667,76.4896233062577,0.987561844860576
2023-06-04 01:00:00,100.716666666667,274.65,120.156509675234,1.3183496470393
2023-06-04 02:00:00,100.5,274.816666666667,86.022872747526,0.934048155912571
2023-06-04 03:00:00,100.816666666667,274.6,27.0264135771024,3.49958405407782
2023-06-04 04:00:00,101.033333333333,274.6,18.3203489477469,2.79919862453231
2023-06-04 05:00:00,100.366666666667,274.816666666667,331.666954334022,1.64340131939932
2023-06-04 06:00:00,93.1166666666667,274.8,292.013480752538,2.17831550097374
2023-06-04 07:00:00,70.1333333333334,275.283333333333,262.180184659947,1.84201634685867
2023-06-04 08:00:00,54.7,276.083333333333,228.608945648,2.33120137953902
2023-06-04 09:00:00,71.1,277.016666666667,196.010980610642,1.63919026327204
2023-06-04 10:00:00,77.1166666666667,277.566666666667,179.951384818847,1.51896841264907
2023-06-04 11:00:00,91.8666666666667,277.016666666667,196.798595567938,0.784527516297909
2023-06-04 12:00:00,93.4,276.766666666667,201.997282592518,0.466049767095439
2023-06-04 13:00:00,96.4166666666667,276.366666666667,47.3832897500304,0.366866288745434
2023-06-04 14:00:00,101.05,274.116666666667,154.615010593859,1.3387234043342
2023-06-04 15:00:00,100.133333333333,274.633333333333,197.240061576454,2.56726247470047
2023-06-04 16:00:00,100.883333333333,275.5,188.76108337062,0.392683986437305
2023-06-04 17:00:00,101.85,274.883333333333,239.67240836057,0.207741779518646
2023-06-04 18:00:00,101.983333333333,275.116666666667,232.707625438218,1.19500377652816
2023-06-04 19:00:00,101.9,274.666666666667,225.2829711427,3.39066577608802
2023-06-04 20:00:00,101.966666666667,274.65,236.567184446865,0.562018390747742
2023-06-04 21:00:00,101.9,274.05,75.3237846508296,0.568783297593022
2023-06-04 22:00:00,102.0,274.45,148.467091075837,1.04125535079939
2023-06-04 23:00:00,102.033333333333,274.316666666667,84.4622053212693,0.961043179342044
2023-06-05 00:00:00,102.1,274.433333333333,124.210411214606,1.46682405002546
2023-06-05 01:00:00,102.016666666667,274.2,4.64138096748445,0.518695937212211
2023-06-05 02:00:00,102.0,274.083333333333,21.4830824249903,2.71835522211571
2023-06-05 03:00:00,102.0,274.166666666667,46.535840776183,3.70387617599659
2023-06-05 04:00:00,102.0,274.25,63.7233677444676,1.57796647199566
2023-06-05 05:00:00,102.0,274.25,184.134905809771,0.0387424968539856
2023-06-05 06:00:00,101.983333333333,274.283333333333,237.596480486707,0.861244123275361
2023-06-05 07:00:00,101.916666666667,274.216666666667,263.046037768809,1.14484012969621
2023-06-05 08:00:00,102.083333333333,274.216666666667,310.927496068722,1.3988677582449
2023-06-05 09:00:00,102.083333333333,274.55,335.437987019968,1.00185590868964
2023-06-05 10:00:00,102.083333333333,274.733333333333,306.41638570457,0.710834310655397
2023-06-05 11:00:00,102.533333333333,275.2,263.761911252155,0.898639758880891
2023-06-05 12:00:00,102.766666666667,275.366666666667,280.881726337613,1.44920606482341
2023-06-05 13:00:00,102.966666666667,275.2,274.723731971976,1.72871544187539
2023-06-05 14:00:00,103.1,275.266666666667,228.471451413858,2.17393858837187
2023-06-05 15:00:00,103.183333333333,275.3,227.42985084059,2.34031962612365
2023-06-05 16:00:00,103.166666666667,274.816666666667,239.646029839131,2.57056090923831
2023-06-05 17:00:00,103.283333333333,275.033333333333,266.380977027217,1.24886534689493
2023-06-05 18:00:00,103.116666666667,274.033333333333,288.409014383508,2.69700442464285
2023-06-05 19:00:00,103.183333333333,273.65,241.999751640922,3.92049437154005
2023-06-05 20:00:00,103.366666666667,273.616666666667,244.001911638973,3.56177720878315
2023-06-05 21:00:00,103.483333333333,273.566666666667,229.522238707183,2.63032307435812
2023-06-05 22:00:00,103.5,273.466666666667,249.090847403037,2.8960176540836
2023-06-05 23:00:00,103.6,273.4,239.877242228748,2.88922291911886
2023-06-06 00:00:00,103.683333333333,273.516666666667,219.360334239407,2.5403774310303
2023-06-06 01:00:00,103.416666666667,273.766666666667,228.800173480547,3.37509553433222
2023-06-06 02:00:00,101.483333333333,273.766666666667,257.186651087575,2.50634778791344
2023-06-06 03:00:00,101.35,273.766666666667,248.109038803892,3.4262532859826
2023-06-06 04:00:00,101.633333333333,273.666666666667,247.120643597338,3.73084618631483
2023-06-06 05:00:00,103.116666666667,273.15,272.74636749891,4.06981647739198
2023-06-06 06:00:00,102.0,273.866666666667,242.744073754534,2.96707904171303
2023-06-06 07:00:00,100.95,274.583333333333,230.240726879372,2.30973475751266
2023-06-06 08:00:00,100.466666666667,274.716666666667,218.003049161711,2.13008261743004
2023-06-06 09:00:00,99.35,275.583333333333,223.019846958849,2.06330184926903
2023-06-06 10:00:00,99.5333333333333,276.233333333333,235.083428495284,1.86951255957554
2023-06-06 11:00:00,100.783333333333,275.316666666667,299.318281937564,1.40428526864968
2023-06-06 12:00:00,99.9666666666667,275.65,325.002392123949,2.25675149693661
2023-06-06 13:00:00,90.5833333333333,277.0,4.28223347809245,2.79901410512168
2023-06-06 14:00:00,81.7666666666667,278.183333333333,342.242326980829,2.08270625057141
2023-06-06 15:00:00,76.45,278.75,317.461428000305,2.42253132302882
2023-06-06 16:00:00,81.3666666666667,278.466666666667,330.920790582749,3.36992217881697
2023-06-06 17:00:00,83.5333333333333,278.4,348.578533483833,5.11305689508727
2023-06-06 18:00:00,91.2,277.633333333333,346.142555106736,6.18870209801296
2023-06-06 19:00:00,99.3,275.983333333333,340.750044848742,6.41866642395169
2023-06-06 20:00:00,99.6833333333333,275.533333333333,340.850837796275,5.22942843567137
2023-06-06 21:00:00,100.316666666667,275.083333333333,339.63152371388,4.89901475986348
2023-06-06 22:00:00,100.983333333333,274.7,348.015719263707,3.87590239698976
2023-06-06 23:00:00,100.5,274.733333333333,29.9961019105762,0.14954449338747
2023-06-07 00:00:00,100.483333333333,274.683333333333,121.22935648626,1.99474294482961
2023-06-07 01:00:00,100.733333333333,274.533333333333,100.022610019034,2.28844765023524
2023-06-07 02:00:00,100.483333333333,274.516666666667,67.4693286368649,2.29509712951411
2023-06-07 03:00:00,97.5166666666667,274.85,79.8994133992669,2.8138567874636
2023-06-07 04:00:00,99.6,274.616666666667,49.2956066437511,4.08323628347993
2023-06-07 05:00:00,98.0666666666667,274.783333333333,56.9641787334789,4.65128295550797
2023-06-07 06:00:00,95.9,275.216666666667,52.0358864859694,3.94089212949928
2023-06-07 07:00:00,89.2333333333333,275.566666666667,47.548864413827,3.29167458018561
2023-06-07 08:00:00,79.6166666666667,275.466666666667,53.4332959397953,2.30735006602047
2023-06-07 09:00:00,68.3666666666667,275.783333333333,41.5850254086985,0.961382187060044
2023-06-07 10:00:00,70.1,276.4,305.292602828236,0.20958368384744
2023-06-07 11:00:00,74.2666666666667,277.0,253.302045240458,0.924418937498275
2023-06-07 12:00:00,68.2833333333334,277.766666666667,253.992932289208,1.04355246809732
2023-06-07 13:00:00,64.9166666666667,278.25,303.491857754257,1.62737687772853
2023-06-07 14:00:00,61.4333333333333,279.5,297.187292657061,2.19325348107166
2023-06-07 15:00:00,60.3166666666667,279.933333333333,328.591319130571,3.35527800672316
2023-06-07 16:00:00,61.2166666666667,280.283333333333,345.827114219853,2.73206874264456
2023-06-07 17:00:00,62.9166666666667,280.3,346.879159898329,4.11933085366604
2023-06-07 18:00:00,66.6833333333333,280.283333333333,344.253661267444,3.40073667762666
2023-06-07 19:00:00,77.5166666666667,279.4,335.478741332912,3.84541047574415
2023-06-07 20:00:00,89.5666666666667,277.883333333333,357.897884717425,4.37787594195144
2023-06-07 21:00:00,98.7333333333333,276.85,359.919434236786,4.63719650783927
2023-06-07 22:00:00,99.7666666666667,276.366666666667,9.23051790522175,3.03934106431674
2023-06-07 23:00:00,101.1,275.766666666667,37.3893129474501,3.04329136823434
2023-06-08 00:00:00,101.9,275.316666666667,26.8490313170197,2.74382388894877
2023-06-08 01:00:00,101.783333333333,275.433333333333,61.5846648021425,1.40599014413406
2023-06-08 02:00:00,102.05,275.2,124.557457793743,2.94770212797781
2023-06-08 03:00:00,100.333333333333,275.55,90.40015045696,0.251166457088464
2023-06-08 04:00:00,99.9666666666667,275.483333333333,318.84565776238,0.327552238892744
2023-06-08 05:00:00,97.85,275.583333333333,227.799329272631,0.0629163215713278
2023-06-08 06:00:00,91.9833333333334,276.15,347.359257700576,0.312005829669638
2023-06-08 07:00:00,89.6,276.133333333333,295.559381538994,1.1670723706195
2023-06-08 08:00:00,98.5666666666667,275.8,2.91888074195629,1.21659889622275
2023-06-08 09:00:00,99.8,276.2,41.6113851328926,0.334599168144892
2023-06-08 10:00:00,99.7333333333333,277.316666666667,39.9875243892923,0.269206551238598
2023-06-08 11:00:00,98.5333333333334,277.0,321.768207805465,0.269474902029217
2023-06-08 12:00:00,96.0833333333333,277.083333333333,353.871472118479,1.45750407005459
2023-06-08 13:00:00,97.2,276.683333333333,352.326750744143,4.49986630804033
2023-06-08 14:00:00,98.8833333333333,275.216666666667,25.2731207624769,5.05047936668182
2023-06-08 15:00:00,96.4833333333333,275.966666666667,120.766385831635,3.5878884279555
2023-06-08 16:00:00,99.6166666666667,276.516666666667,358.896365313101,2.16283734944
2023-06-08 17:00:00,101.883333333333,275.016666666667,10.5606031631281,2.95266081903876
2023-06-08 18:00:00,102.0,274.966666666667,114.277277417313,3.45793766644782
2023-06-08 19:00:00,100.85,275.266666666667,93.5270311636565,1.24015954592178
2023-06-08 20:00:00,91.0,275.516666666667,35.3286642512173,1.82466714128849
2023-06-08 21:00:00,82.15,275.733333333333,44.8601921298371,0.154794313111392
2023-06-08 22:00:00,79.7666666666667,275.75,346.105182223564,1.70027727629251
2023-06-08 23:00:00,83.55,275.616666666667,359.688358988295,1.07935110639374
2023-06-09 00:00:00,84.4333333333333,275.6,114.887939051452,1.88795131877191
2023-06-09 01:00:00,83.3833333333334,275.55,82.7043592740346,1.51569786899843
2023-06-09 02:00:00,85.75,275.366666666667,40.4678250113027,1.50576071114079
2023-06-09 03:00:00,92.1,275.4,55.9877459819238,3.59693858372449
2023-06-09 04:00:00,83.2,275.633333333333,67.8318031169933,1.5567844057199
2023-06-09 05:00:00,83.5833333333333,275.783333333333,38.7278761725579,1.44693256457512
2023-06-09 06:00:00,84.9,275.916666666667,27.0697304687077,1.92639290027366
2023-06-09 07:00:00,85.0333333333334,276.266666666667,8.07026248979577,1.33719570876322
2023-06-09 08:00:00,84.3666666666667,277.583333333333,174.7357535689,1.22863940140049
2023-06-09 09:00:00,85.2666666666667,278.016666666667,175.413082674511,1.47955658253326
2023-06-09 10:00:00,76.15,278.883333333333,168.341400799134,1.40566133461652
2023-06-09 11:00:00,74.4166666666667,277.933333333333,233.212337062443,1.35719238313813
2023-06-09 12:00:00,74.1166666666667,278.2,293.179935725764,1.75583950754898
2023-06-09 13:00:00,66.8333333333333,279.35,335.487683527234,1.79639139018601
2023-06-09 14:00:00,58.8333333333333,280.333333333333,323.832542794466,0.76992574402931
2023-06-09 15:00:00,54.45,281.166666666667,343.244949257918,0.728958828771557
2023-06-09 16:00:00,54.8333333333333,281.55,333.794080802022,1.85951494694893
2023-06-09 17:00:00,57.5333333333333,281.766666666667,339.663571645152,3.72907080867895
2023-06-09 18:00:00,69.1833333333333,280.95,342.918857557359,5.29806638017976
2023-06-09 19:00:00,83.45,279.65,352.692300999158,4.9959173872638
2023-06-09 20:00:00,90.5166666666667,278.816666666667,8.01989611070633,3.79790670878685
2023-06-09 21:00:00,90.65,278.216666666667,17.4713519705214,1.58123603468996
2023-06-09 22:00:00,90.6,278.0,347.191358182958,0.223594362705661
2023-06-09 23:00:00,91.5166666666667,278.083333333333,186.082765546738,1.63504570548711
2023-06-10 00:00:00,95.8333333333333,277.683333333333,100.462325714373,0.671355646508077
2023-06-10 01:00:00,99.0833333333333,277.416666666667,97.2461234759147,1.74762799856642
2023-06-10 02:00:00,99.6,277.183333333333,53.8795324173291,2.47901376983869
2023-06-10 03:00:00,99.9666666666667,276.95,62.044721858457,1.89240765340895
2023-06-10 04:00:00,100.233333333333,276.9,42.3561393415029,1.29927335196633
2023-06-10 05:00:00,99.8166666666667,277.133333333333,6.79666920857602,1.22605264585252
2023-06-10 06:00:00,99.15,277.883333333333,296.626534315644,0.750360860056071
2023-06-10 07:00:00,99.1833333333333,278.283333333333,224.357171061371,1.47560032547846
2023-06-10 08:00:00,96.0,278.583333333333,211.432499152223,1.32635850245293
2023-06-10 09:00:00,82.85,279.333333333333,228.757462969673,1.55107384108024
2023-06-10 10:00:00,95.5333333333333,279.216666666667,279.817396846914,1.18629729995562
2023-06-10 11:00:00,97.7166666666667,278.766666666667,316.854857884206,1.73480182351747
2023-06-10 12:00:00,89.5666666666667,279.3,328.509972187659,2.44356775518355
2023-06-10 13:00:00,81.9666666666667,279.7,316.775084575031,1.24049546961998
2023-06-10 14:00:00,75.7666666666667,279.983333333333,307.9552423248,0.609280627950692
2023-06-10 15:00:00,70.0,280.566666666667,335.951212847464,0.261806177342389
2023-06-10 16:00:00,74.1833333333333,281.016666666667,340.934979732952,2.13286136825561
2023-06-10 17:00:00,80.7,280.85,345.088776670221,3.52378143961167
2023-06-10 18:00:00,93.45,280.033333333333,351.942806224283,6.3509899856814
2023-06-10 19:00:00,100.666666666667,278.083333333333,353.332603515102,6.15494122474696
2023-06-10 20:00:00,101.95,277.25,344.643053924906,3.9787977500232
2023-06-10 21:00:00,102.0,276.933333333333,314.631476542419,1.75015400841212
2023-06-10 22:00:00,101.8,276.833333333333,248.110268299253,1.99181334844609
2023-06-10 23:00:00,97.5333333333334,277.016666666667,237.04872726728,5.07861450426461
2023-06-11 00:00:00,99.1,276.716666666667,308.848513213308,2.38164246564284
2023-06-11 01:00:00,100.7,276.116666666667,315.820922726426,3.08953471054534
2023-06-11 02:00:00,100.483333333333,275.983333333333,314.972136763851,1.62337180028549
2023-06-11 03:00:00,100.9,275.8,308.963308327963,1.56212448290212
2023-06-11 04:00:00,99.8,276.016666666667,268.15126066449,0.959970973166064
2023-06-11 05:00:00,101.15,275.65,293.449737728422,2.84448062661345
2023-06-11 06:00:00,100.1,276.416666666667,242.76529634747,3.50706677645172
2023-06-11 07:00:00,99.8666666666667,276.733333333333,236.553822383515,3.35785490231493
2023-06-11 08:00:00,99.85,276.983333333333,229.690434185812,2.31009980446019
2023-06-11 09:00:00,99.6,277.65,205.921286513415,1.95404086864836
2023-06-11 10:00:00,94.1833333333333,278.283333333333,207.238442928356,3.21761429592986
2023-06-11 11:00:00,89.25,279.116666666667,211.024789930567,1.95405297942193
2023-06-11 12:00:00,83.1666666666667,280.083333333333,214.871731895365,1.25281324614251
2023-06-11 13:00:00,74.25,280.866666666667,211.82748532622,2.1753460220293
2023-06-11 14:00:00,87.9666666666667,280.783333333333,316.872256796464,1.28165466977555
2023-06-11 15:00:00,91.8333333333333,280.05,343.613485573449,0.696320284138699
2023-06-11 16:00:00,90.0833333333333,279.683333333333,316.76877355387,0.964666494237001
2023-06-11 17:00:00,98.3166666666667,279.0,353.444977922907,3.67747809741788
2023-06-11 18:00:00,99.1833333333333,278.416666666667,350.757410683895,3.8416580693338
2023-06-11 19:00:00,99.3,279.383333333333,332.168205981868,0.897868154367112
2023-06-11 20:00:00,98.7833333333333,278.966666666667,258.959400602495,0.170158078451103
2023-06-11 21:00:00,100.8,277.6,352.264777329957,0.903731691838002
2023-06-11 22:00:00,101.55,277.05,4.79739242692733,0.582460777041538
2023-06-11 23:00:00,101.933333333333,276.633333333333,109.955439470833,1.16689801042962
2023-06-12 00:00:00,101.966666666667,276.55,126.641585061631,2.88866406948214
2023-06-12 01:00:00,102.033333333333,276.266666666667,105.353555898094,2.82496051423361
2023-06-12 02:00:00,102.05,276.033333333333,74.0830543636535,1.63779842205566
2023-06-12 03:00:00,100.716666666667,276.283333333333,94.4605436199331,2.46284209554206
2023-06-12 04:00:00,99.15,276.533333333333,82.2621470005208,2.86371979501503
2023-06-12 05:00:00,96.1833333333333,276.583333333333,92.7109696359932,2.99259884163531
2023-06-12 06:00:00,86.0333333333334,277.516666666667,41.3121712806664,1.60416995495752
2023-06-12 07:00:00,94.95,277.266666666667,18.0466696905802,1.81484527796677
2023-06-12 08:00:00,90.0666666666667,277.133333333333,287.704076608887,1.39120715738354
2023-06-12 09:00:00,83.8833333333333,277.75,181.891279272274,0.297466684271507
2023-06-12 10:00:00,68.9833333333333,278.333333333333,250.112611375218,0.636121487316228
2023-06-12 11:00:00,64.1833333333333,278.55,335.327047156684,2.09984291915671
2023-06-12 12:00:00,66.3166666666667,279.533333333333,310.188154324131,2.05409107252888
2023-06-12 13:00:00,63.55,280.416666666667,323.488819696309,2.16942222461822
2023-06-12 14:00:00,50.4833333333334,281.683333333333,328.677257905668,2.33026725699206
2023-06-12 15:00:00,56.2666666666667,281.95,330.532062351943,3.70264165856796
2023-06-12 16:00:00,62.9,282.2,344.373819530413,3.00341287988425
2023-06-12 17:00:00,74.1,281.233333333333,339.992049510564,4.87999945458875
2023-06-12 18:00:00,90.8333333333333,279.6,338.670927454451,5.22194904958888
2023-06-12 19:00:00,96.95,278.066666666667,335.296461041418,5.58210833135657
2023-06-12 20:00:00,97.5666666666667,278.283333333333,336.180564810246,3.01573465015503
2023-06-12 21:00:00,99.7333333333333,277.483333333333,4.42882486462236,2.45121501586907
2023-06-12 22:00:00,99.6,277.25,355.054434231833,0.615252674263046
2023-06-12 23:00:00,99.85,277.1,134.764606427174,1.89398199076849
2023-06-13 00:00:00,100.95,276.533333333333,121.767302483569,2.23549337398718
2023-06-13 01:00:00,101.25,276.466666666667,53.4681401958666,2.41371393221062
2023-06-13 02:00:00,101.866666666667,276.066666666667,46.2118546111332,3.92750798964677
2023-06-13 03:00:00,101.766666666667,276.083333333333,80.8081325660197,1.87727204248312
2023-06-13 04:00:00,101.683333333333,275.883333333333,50.0579549808691,3.84696370426798
2023-06-13 05:00:00,100.65,276.216666666667,72.8043401857107,3.07757250975119
2023-06-13 06:00:00,99.1666666666667,276.816666666667,62.4900348756339,2.59914808709237
2023-06-13 07:00:00,96.4666666666667,277.416666666667,75.4106139714039,1.72671712875943
2023-06-13 08:00:00,86.3833333333333,277.566666666667,53.6846155128875,1.46282364243453
2023-06-13 09:00:00,87.6333333333333,277.733333333333,57.1827998983001,0.516224330496703
2023-06-13 10:00:00,78.4833333333333,278.35,16.7390798629876,0.592650396468377
2023-06-13 11:00:00,75.8166666666667,278.55,28.0945075305239,0.148458343168797
2023-06-13 12:00:00,72.7833333333333,279.283333333333,295.054733133538,1.88792519161303
2023-06-13 13:00:00,59.8833333333333,280.883333333333,278.601851186569,1.89825236863996
2023-06-13 14:00:00,58.0166666666667,281.616666666667,317.396331969911,2.42954120335606
2023-06-13 15:00:00,60.6833333333333,281.916666666667,335.103499157928,3.30603946525873
2023-06-13 16:00:00,63.6666666666667,282.166666666667,348.916969679978,2.91030369400818
2023-06-13 17:00:00,66.9,281.8,356.521088772673,4.10237776482632
2023-06-13 18:00:00,72.8166666666667,280.85,350.437486114961,6.49864259387283
2023-06-13 19:00:00,80.3666666666667,279.666666666667,341.942016828882,6.41804643403154
2023-06-13 20:00:00,89.6666666666667,278.2,351.82342477432,6.1568908890658
2023-06-13 21:00:00,94.4,277.166666666667,350.422226973783,4.96541872483185
2023-06-13 22:00:00,96.7,276.45,2.24314286680726,3.6145819085567
2023-06-13 23:00:00,95.95,276.066666666667,351.111826046755,3.92438345137756
2023-06-14 00:00:00,98.6,275.8,339.48140802118,1.50696275228906
2023-06-14 01:00:00,99.3166666666667,275.783333333333,148.75613286556,0.196536166756956
2023-06-14 02:00:00,98.6333333333333,275.45,53.0644111041773,2.35077255677119
2023-06-14 03:00:00,99.7333333333333,275.15,53.0386376907454,2.89374658951315
2023-06-14 04:00:00,99.4166666666667,275.15,57.9149083579279,2.8877024478422
2023-06-14 05:00:00,99.4666666666667,275.15,62.514858142019,2.98855907600212
2023-06-14 06:00:00,97.7166666666667,275.716666666667,58.4069812121064,2.41347053016686
2023-06-14 07:00:00,89.9833333333333,276.1,43.3874211025329,1.4486836090939
2023-06-14 08:00:00,93.2666666666667,276.066666666667,330.920919880257,0.81991921051009
2023-06-14 09:00:00,99.5666666666667,275.183333333333,290.78240610196,1.51339250242921
2023-06-14 10:00:00,91.2,275.983333333333,240.06764682229,0.867353387917396
2023-06-14 11:00:00,81.5666666666667,276.7,303.528960510267,2.12926342905363
2023-06-14 12:00:00,58.55,278.25,299.730096607889,2.21766803802189
2023-06-14 13:00:00,53.5833333333333,279.383333333333,298.279039024504,2.03726872709828
2023-06-14 14:00:00,55.25,280.15,311.695515996878,2.81878542907689
2023-06-14 15:00:00,54.0,280.9,333.710918748633,2.52008600264342
2023-06-14 16:00:00,55.9166666666667,280.566666666667,321.337090943836,2.67915060575609
2023-06-14 17:00:00,60.6666666666667,279.733333333333,347.184958479692,3.30593337221001
2023-06-14 18:00:00,65.0833333333333,279.2,338.643837780975,2.40521760635835
2023-06-14 19:00:00,67.3166666666667,278.85,345.010112248744,4.8756561150391
2023-06-14 20:00:00,73.05,277.283333333333,338.515433180213,4.1226200970325
2023-06-14 21:00:00,80.6,276.166666666667,324.900197634771,4.0054479548095
2023-06-14 22:00:00,88.45,275.383333333333,335.175677406569,4.49460958944475
2023-06-14 23:00:00,95.6833333333333,274.8,7.12543518606611,2.65236257963665
2023-06-15 00:00:00,99.0,274.416666666667,349.669367583577,2.72627652470634
2023-06-15 01:00:00,99.2,274.133333333333,16.6648949771837,2.52725072689666
2023-06-15 02:00:00,98.9333333333333,274.25,11.8039934704594,3.0545578084583
2023-06-15 03:00:00,94.2833333333333,274.066666666667,354.255945126619,3.36672464500294
2023-06-15 04:00:00,87.85,273.7,342.420616372521,3.93405921880545
2023-06-15 05:00:00,81.75,273.416666666667,349.929219658488,4.26754003488003
2023-06-15 06:00:00,78.2333333333333,273.7,335.964231908446,2.71951629182308
2023-06-15 07:00:00,75.3666666666667,274.45,290.14660177488,1.42860259880367
2023-06-15 08:00:00,72.0,275.05,301.751793893316,1.50914372200804
2023-06-15 09:00:00,72.4666666666667,274.966666666667,337.511255924184,1.99388011872351
2023-06-15 10:00:00,73.7333333333333,275.266666666667,298.256291001984,2.22775207170256
2023-06-15 11:00:00,66.2666666666667,276.016666666667,300.908759422271,1.53962880775503
2023-06-15 12:00:00,59.9333333333333,277.45,327.347517095787,2.03094250092001
2023-06-15 13:00:00,61.4,277.983333333333,339.053604441181,2.78252819367273
2023-06-15 14:00:00,63.2666666666667,278.033333333333,334.479249983327,3.5391661515144
2023-06-15 15:00:00,60.9333333333333,278.683333333333,347.921897605153,4.26908207048365
2023-06-15 16:00:00,62.9,278.516666666667,349.985411230524,3.90303693213264
2023-06-15 17:00:00,61.7333333333333,278.7,352.685237973486,3.28985496598882
2023-06-15 18:00:00,68.2666666666667,277.883333333333,325.804824573507,3.71118018294016
2023-06-15 19:00:00,73.2333333333333,277.016666666667,328.556334053069,4.79673220750917
2023-06-15 20:00:00,77.8333333333333,276.566666666667,331.107076271379,4.0180289952173
2023-06-15 21:00:00,83.5166666666667,275.45,336.193968903564,4.25727457887613
2023-06-15 22:00:00,91.2333333333333,275.033333333333,341.417748495299,3.03421980035298
2023-06-15 23:00:00,97.8,274.216666666667,329.751764015492,4.85410963127036
2023-06-16 00:00:00,99.6833333333333,274.1,340.149591866928,3.88496798377733
2023-06-16 01:00:00,98.2,274.083333333333,327.954384589559,2.67372037964509
2023-06-16 02:00:00,100.066666666667,273.833333333333,319.385913499932,2.00293182919216
2023-06-16 03:00:00,101.366666666667,272.3,325.86319281477,4.08357860061604
2023-06-16 04:00:00,101.45,272.05,337.139380395063,4.98664108818986
2023-06-16 05:00:00,101.433333333333,271.783333333333,237.28055876829,2.27003786766751
2023-06-16 06:00:00,101.5,272.083333333333,323.828180940788,3.23062969009119
2023-06-16 07:00:00,101.45,272.416666666667,302.151591247928,2.40364965637426
2023-06-16 08:00:00,101.116666666667,272.516666666667,326.17049932261,3.31725283174993
2023-06-16 09:00:00,101.066666666667,273.233333333333,318.330825766569,2.60494718328621
2023-06-16 10:00:00,87.8166666666667,273.716666666667,326.667580365468,2.68986934643436
2023-06-16 11:00:00,73.05,274.783333333333,340.766355583394,3.14461390206849
2023-06-16 12:00:00,77.9,275.383333333333,342.94196765634,3.8491313408754
2023-06-16 13:00:00,83.85,275.9,347.340952902828,3.49564726446471
2023-06-16 14:00:00,73.4833333333333,276.85,356.657598145449,3.52269739458742
2023-06-16 15:00:00,95.1,274.433333333333,322.00710822492,6.63341509343837
2023-06-16 16:00:00,96.8666666666667,274.083333333333,326.057896428698,3.78118201889869
2023-06-16 17:00:00,79.3666666666667,275.866666666667,329.503107339025,2.50732232930983
2023-06-16 18:00:00,93.7666666666667,274.616666666667,319.51799530446,5.98823670205288
2023-06-16 19:00:00,98.3833333333333,274.433333333333,330.182224131321,3.70536977160597
2023-06-16 20:00:00,97.9333333333333,274.316666666667,327.190955802458,4.24502959537966
2023-06-16 21:00:00,100.7,273.183333333333,290.328072953623,4.69749162490035
2023-06-16 22:00:00,99.6833333333333,273.666666666667,328.948005914295,5.19687152373071
2023-06-16 23:00:00,99.7333333333333,273.616666666667,326.168551168305,4.88784087940074
2023-06-17 00:00:00,99.25,273.733333333333,332.085046374248,4.39390126526355
2023-06-17 01:00:00,92.5166666666667,273.783333333333,338.975702748243,4.24959924015872
2023-06-17 02:00:00,84.9333333333333,273.783333333333,334.84378618067,3.98364174128569
2023-06-17 03:00:00,82.5333333333334,273.65,358.752106698424,3.79769722148706
2023-06-17 04:00:00,84.4833333333333,273.483333333333,356.076051632721,3.71009982959544
2023-06-17 05:00:00,84.5833333333333,273.316666666667,352.757487520434,3.94072637820575
2023-06-17 06:00:00,83.0166666666667,273.4,358.892360821767,4.11130279196063
2023-06-17 07:00:00,81.9333333333333,274.033333333333,316.194345179942,1.86754577274448
2023-06-17 08:00:00,78.85,274.1,299.957566287151,1.71180760617349
2023-06-17 09:00:00,72.3333333333333,274.3,345.587668174172,1.82011382103296
2023-06-17 10:00:00,67.8333333333333,275.35,332.201216524958,1.85062348540016
2023-06-17 11:00:00,63.5166666666667,276.733333333333,22.9963612659805,1.92465804328451
2023-06-17 12:00:00,58.3666666666667,277.616666666667,321.597363198304,2.10721692856627
2023-06-17 13:00:00,55.2666666666667,278.283333333333,6.49567144562519,2.44611605792084
2023-06-17 14:00:00,48.2666666666667,279.966666666667,0.183919551947895,2.04335047155021
2023-06-17 15:00:00,45.45,280.95,354.407411566478,2.56436451734307
2023-06-17 16:00:00,46.6,281.116666666667,347.386654966838,4.0063531881528
2023-06-17 17:00:00,44.2666666666667,281.483333333333,350.554107628556,4.18073122393209
2023-06-17 18:00:00,46.0166666666667,281.333333333333,340.079712856504,4.11453955170004
2023-06-17 19:00:00,50.8833333333333,280.35,335.12880917702,4.56247991325592
2023-06-17 20:00:00,57.05,278.783333333333,323.936435197707,4.90737345310892
2023-06-17 21:00:00,65.4833333333333,277.616666666667,331.346327442156,4.31766895580855
2023-06-17 22:00:00,66.1,277.316666666667,335.528679263978,2.34666567579159
2023-06-17 23:00:00,61.45,277.433333333333,24.9754858300667,2.93628143364824
2023-06-18 00:00:00,63.35,277.233333333333,52.3630751627178,2.99133608868574
2023-06-18 01:00:00,64.5333333333334,277.083333333333,58.3385736227991,3.99840688448978
2023-06-18 02:00:00,69.4833333333333,276.9,55.9707121382128,6.1481160725095
2023-06-18 03:00:00,68.5,277.0,57.5478390001122,5.35923916337966
2023-06-18 04:00:00,69.9666666666667,277.05,48.8279894276627,5.14925054386342
2023-06-18 05:00:00,71.75,277.0,53.2084368964805,5.20196867538122
2023-06-18 06:00:00,70.6166666666667,277.4,56.2804471094998,5.41901157368796
2023-06-18 07:00:00,68.5,278.0,67.4744786398528,3.62571965525182
2023-06-18 08:00:00,63.25,279.066666666667,71.5557190381248,2.1490352724819
2023-06-18 09:00:00,58.4333333333333,280.333333333333,70.5261832693199,0.948127772191213
2023-06-18 10:00:00,56.8666666666667,280.833333333333,23.7013776087005,0.868839712608971
2023-06-18 11:00:00,54.95,281.933333333333,33.2733480253762,0.587428095133003
2023-06-18 12:00:00,55.2333333333333,282.016666666667,320.622720716384,0.572395537148127
2023-06-18 13:00:00,52.25,283.116666666667,357.763271283842,0.674195967397679
2023-06-18 14:00:00,49.0166666666667,284.0,338.142035956775,1.58843698829775
2023-06-18 15:00:00,46.4666666666667,284.533333333333,341.422820684959,1.17794974406516
2023-06-18 16:00:00,43.4,285.7,46.0465673572832,0.356465156459464
2023-06-18 17:00:00,43.3666666666667,286.216666666667,338.441630326447,1.07406846015542
2023-06-18 18:00:00,51.55,284.216666666667,333.785878670587,3.05428641797691
2023-06-18 19:00:00,58.2833333333333,282.916666666667,343.389583941697,2.99217181365672
2023-06-18 20:00:00,63.0833333333333,282.066666666667,358.2917110501,3.89416540637622
2023-06-18 21:00:00,70.4166666666667,281.183333333333,358.578592033978,5.77679301151087
2023-06-18 22:00:00,75.7,280.666666666667,351.489512164967,2.31210826371506
2023-06-18 23:00:00,74.2833333333333,280.9,110.486186041122,1.20491916709527
2023-06-19 00:00:00,89.55,280.1,56.4737306168959,2.02808030134503
2023-06-19 01:00:00,87.1666666666667,279.95,77.3193498700954,1.19546138229045
2023-06-19 02:00:00,92.3333333333333,279.7,92.6876233174883,1.19415211931195
2023-06-19 03:00:00,93.6,279.616666666667,89.2868544394257,1.88820518881277
2023-06-19 04:00:00,92.55,279.45,78.2100941046718,2.14959672862186
2023-06-19 05:00:00,79.3,280.0,44.071270715014,3.66167532802007
2023-06-19 06:00:00,76.4166666666667,280.066666666667,44.9854457388535,2.60443103319716
2023-06-19 07:00:00,75.3,280.5,357.293534096353,1.56624272172932
2023-06-19 08:00:00,77.45,282.0,181.352525425404,0.765084392982882
2023-06-19 09:00:00,74.8666666666667,282.933333333333,180.420324885901,1.7301732481698
2023-06-19 10:00:00,71.9,283.666666666667,181.806791522379,2.12765260177076
2023-06-19 11:00:00,61.3166666666667,285.216666666667,174.80781420512,2.23427722446084
2023-06-19 12:00:00,68.6,283.5,353.386965927622,1.13161383310556
2023-06-19 13:00:00,62.7333333333333,284.266666666667,317.396218188531,1.17463681581258
2023-06-19 14:00:00,59.9666666666667,284.966666666667,354.939580609143,0.9956903134984
2023-06-19 15:00:00,54.2333333333333,285.166666666667,124.251479629095,3.1373451782332
2023-06-19 16:00:00,50.85,286.016666666667,88.1177194424274,0.427297314447529
2023-06-19 17:00:00,61.9,284.2,1.1082955505002,2.77134279851675
2023-06-19 18:00:00,61.3166666666667,284.45,7.8627764412455,0.594644979189255
2023-06-19 19:00:00,62.6833333333333,283.75,295.11048141819,0.233414975014189
2023-06-19 20:00:00,75.9,282.283333333333,53.2942264516408,3.42889033621328
2023-06-19 21:00:00,97.25,279.666666666667,102.52417111062,6.94870116402542
2023-06-19 22:00:00,84.0666666666667,280.55,66.0698343217185,4.24133671669849
2023-06-19 23:00:00,82.2166666666667,281.066666666667,94.5172840065952,4.94010505512477
2023-06-20 00:00:00,83.6166666666667,280.983333333333,103.591575665788,5.2197384252774
2023-06-20 01:00:00,83.3,280.95,103.012371516149,4.60525480458743
2023-06-20 02:00:00,82.6,280.8,84.8429466885804,5.18816932487208
2023-06-20 03:00:00,82.4333333333333,280.666666666667,102.432437097059,7.35321859639125
2023-06-20 04:00:00,77.3,281.05,78.5337217968793,5.66083639124013
2023-06-20 05:00:00,76.5,281.133333333333,86.313132059702,5.67926605358825
2023-06-20 06:00:00,77.25,281.183333333333,88.6232832384492,5.34908354155718
2023-06-20 07:00:00,79.4,281.383333333333,80.8508520634386,5.04328072696406
2023-06-20 08:00:00,77.6833333333333,281.9,70.7055307544902,5.13994336920967
2023-06-20 09:00:00,75.45,282.833333333333,73.6928487592547,4.09828543487197
2023-06-20 10:00:00,71.4166666666667,284.516666666667,116.311443943231,1.74039494553644
2023-06-20 11:00:00,67.6,285.9,147.002393828768,1.62698106066765
2023-06-20 12:00:00,57.0833333333333,287.633333333333,105.79404397969,1.28876670371543
2023-06-20 13:00:00,52.8833333333333,288.45,99.4150875067699,1.13316357909912
2023-06-20 14:00:00,49.55,289.1,80.612252297662,0.698430070272217
2023-06-20 15:00:00,52.6,288.666666666667,66.1135826498954,2.12671637428263
2023-06-20 16:00:00,52.4,288.6,65.0378884641905,2.50585223194383
2023-06-20 17:00:00,51.9833333333333,288.166666666667,49.9687828459583,3.50644275694902
2023-06-20 18:00:00,52.0666666666667,288.55,56.2420236145886,1.8623455816191
2023-06-20 19:00:00,56.1166666666667,287.433333333333,47.0928986083216,1.22921436603378
2023-06-20 20:00:00,65.1,285.333333333333,46.7373892230784,2.85516734484459
2023-06-20 21:00:00,65.8166666666667,284.533333333333,46.5499186166021,6.31919559218566
2023-06-20 22:00:00,60.7,284.566666666667,76.7331589037264,7.08893411748412
2023-06-20 23:00:00,54.75,284.65,57.4633965751378,6.83034855073315
2023-06-21 00:00:00,51.4166666666667,284.583333333333,62.7485682047355,6.85228147617507
2023-06-21 01:00:00,56.4,284.183333333333,62.1260261302796,6.63777701822459
2023-06-21 02:00:00,57.8333333333333,284.0,69.8928598772455,5.82865664740283
2023-06-21 03:00:00,55.0166666666667,284.25,66.1339039908168,7.23501558900473
2023-06-21 04:00:00,52.25,284.416666666667,57.5031828273785,6.38401927699593
2023-06-21 05:00:00,49.8166666666667,284.466666666667,67.5572031833743,6.42273606347357
2023-06-21 06:00:00,47.75,284.75,69.2327029405515,6.04743458961017
2023-06-21 07:00:00,47.0666666666667,285.1,65.2584248230733,4.09778336038536
2023-06-21 08:00:00,45.7833333333333,285.466666666667,65.8553615885743,4.77919233518369
2023-06-21 09:00:00,43.3666666666667,286.45,73.423016647357,3.58668832294201
2023-06-21 10:00:00,40.2833333333333,287.566666666667,73.8831982367201,2.26598779737542
2023-06-21 11:00:00,44.3666666666667,288.033333333333,51.3430064120694,2.31510684993852
2023-06-21 12:00:00,39.1166666666667,289.25,48.3492155226755,2.5194814346395
2023-06-21 13:00:00,43.9666666666667,289.716666666667,346.758993725063,1.58185008886875
2023-06-21 14:00:00,45.4,288.766666666667,335.767050360702,0.979508965209195
2023-06-21 15:00:00,61.65,285.983333333333,58.1088725847852,4.81212761048352
2023-06-21 16:00:00,45.0,288.016666666667,30.5368954093379,6.79622892771145
2023-06-21 17:00:00,39.5833333333333,289.283333333333,27.3283336093214,6.02411639427013
2023-06-21 18:00:00,66.7333333333333,287.016666666667,343.160593875004,4.55696489663745
2023-06-21 19:00:00,95.5,285.2,337.484612511564,5.16400966752896
2023-06-21 20:00:00,98.0333333333333,284.783333333333,337.05247951986,1.07409689799058
2023-06-21 21:00:00,98.8166666666667,283.933333333333,140.161792822705,3.66787595825344
2023-06-21 22:00:00,77.6666666666667,284.583333333333,99.9802028592808,5.7268943562743
2023-06-21 23:00:00,73.7833333333334,284.816666666667,42.4947137139956,4.71959536589783
2023-06-22 00:00:00,69.4333333333333,284.716666666667,72.902313972471,3.96496714937094
2023-06-22 01:00:00,54.2833333333334,285.266666666667,103.222055951221,6.5389192358903
2023-06-22 02:00:00,47.6666666666667,285.733333333333,98.9479177087412,6.8014444233208
2023-06-22 03:00:00,44.2666666666667,285.9,87.2808128808969,6.62528192152765
2023-06-22 04:00:00,42.8833333333333,285.783333333333,81.5001663993566,8.09156276722685
2023-06-22 05:00:00,46.3833333333333,285.4,81.3412695966159,6.33461169034636
2023-06-22 06:00:00,50.55,285.1,86.4451626758025,5.16400362101297
2023-06-22 07:00:00,48.55,285.466666666667,82.0607980861608,5.84694884211078
2023-06-22 08:00:00,44.1833333333333,285.966666666667,78.8173577419736,8.84184656863762
2023-06-22 09:00:00,41.6,286.333333333333,78.840591485998,8.17968692059658
2023-06-22 10:00:00,39.15,287.066666666667,89.2450690203219,5.49816418850891
2023-06-22 11:00:00,40.3,288.733333333333,84.3091304761472,3.51920432854771
2023-06-22 12:00:00,38.2666666666667,288.8,82.0172075160759,4.15678545880779
2023-06-22 13:00:00,33.5166666666667,290.35,89.7886472899915,2.54686929408661
2023-06-22 14:00:00,31.7666666666667,289.533333333333,71.2124419778125,6.08942309956026
2023-06-22 15:00:00,31.4,289.383333333333,81.085920693849,5.62371297094492
2023-06-22 16:00:00,32.3833333333333,289.483333333333,92.4959684008261,5.5912510687028
2023-06-22 17:00:00,37.9,288.516666666667,81.2656381342464,7.90506013311579
2023-06-22 18:00:00,39.9833333333333,288.15,83.2364499189206,5.21994560919992
2023-06-22 19:00:00,42.2166666666667,287.383333333333,76.5182710480823,7.26723623027884
2023-06-22 20:00:00,42.6333333333333,286.183333333333,69.4489688642628,8.60958985990267
2023-06-22 21:00:00,46.3,285.483333333333,81.3811888576761,7.24876673346993
2023-06-22 22:00:00,58.3333333333333,283.95,92.0021608617929,7.37391301490118
2023-06-22 23:00:00,58.9333333333333,282.933333333333,80.5979374955683,8.97304743736338
2023-06-23 00:00:00,54.8333333333333,282.983333333333,69.9599908079217,7.88352911402619
2023-06-23 01:00:00,55.4166666666667,282.783333333333,74.0368038909518,7.64129103809155
2023-06-23 02:00:00,57.0166666666667,282.466666666667,74.4293679584339,7.14958085946323
2023-06-23 03:00:00,101.133333333333,279.1,346.472164613788,3.51629164527476
2023-06-23 04:00:00,101.983333333333,277.35,38.4199484487814,6.57070996226907
2023-06-23 05:00:00,101.9,276.816666666667,48.9123369437174,5.47467046094991
2023-06-23 06:00:00,101.9,276.7,30.6442619535238,5.73587480413879
2023-06-23 07:00:00,101.883333333333,276.966666666667,11.5573206045731,2.98464934661305
2023-06-23 08:00:00,101.6,276.433333333333,339.477647519157,3.05903467916919
2023-06-23 09:00:00,101.883333333333,276.8,345.985085687355,2.98500773074367
2023-06-23 10:00:00,102.0,276.533333333333,326.4150300591,6.46590255572457
2023-06-23 11:00:00,101.983333333333,276.25,336.771178373198,5.73153835564778
2023-06-23 12:00:00,101.916666666667,275.866666666667,342.970509152207,4.55576151143274
2023-06-23 13:00:00,101.9,275.6,325.957280905637,5.08254737337249
2023-06-23 14:00:00,102.183333333333,276.633333333333,321.325905158643,2.8279054004207
2023-06-23 15:00:00,102.533333333333,277.233333333333,342.578650425766,3.15744486892835
2023-06-23 16:00:00,101.1,276.583333333333,331.18356425111,2.80581068499636
2023-06-23 17:00:00,99.4833333333334,277.183333333333,331.357279642631,5.1971480654801
2023-06-23 18:00:00,101.25,276.333333333333,335.855071471585,6.54328642534249
2023-06-23 19:00:00,102.05,275.5,330.598646606851,8.84197505292256
2023-06-23 20:00:00,102.083333333333,275.083333333333,330.984101835834,5.84386610618851
2023-06-23 21:00:00,102.3,274.483333333333,325.075628769371,5.82849851726577
2023-06-23 22:00:00,102.283333333333,274.5,304.620951461595,4.05090505456089
2023-06-23 23:00:00,102.75,274.166666666667,303.599300830766,5.46492784681207
2023-06-24 00:00:00,102.8,273.8,277.08256658934,3.97287173519503
2023-06-24 01:00:00,102.9,273.883333333333,248.302753484484,4.15316419420724
2023-06-24 02:00:00,102.833333333333,273.9,248.110892979808,6.48946315839875
2023-06-24 03:00:00,101.8,273.916666666667,246.952397880876,5.59174369828746
2023-06-24 04:00:00,102.483333333333,273.766666666667,270.317837176143,3.64711956360456
2023-06-24 05:00:00,102.716666666667,273.833333333333,253.633126967246,3.76764394571156
2023-06-24 06:00:00,102.6,274.0,242.816328813885,3.19012905892939
2023-06-24 07:00:00,102.5,274.183333333333,217.083436638666,2.66555188444655
2023-06-24 08:00:00,102.533333333333,274.566666666667,220.71512660435,3.63732625872003
2023-06-24 09:00:00,102.483333333333,276.3,219.92480959252,2.64911056264208
2023-06-24 10:00:00,101.7,276.6,226.714557052262,1.90308155845552
2023-06-24 11:00:00,99.8666666666667,277.566666666667,202.508467848794,2.22731633633873
2023-06-24 12:00:00,97.7166666666667,279.05,194.822755580646,2.02104673819077
2023-06-24 13:00:00,97.0166666666667,278.733333333333,300.856088161376,0.686350228538072
2023-06-24 14:00:00,98.1833333333334,278.433333333333,332.885472633254,2.05945616069103
2023-06-24 15:00:00,98.9666666666667,278.416666666667,354.002076770453,2.95174343793678
2023-06-24 16:00:00,97.3166666666667,279.033333333333,334.690780580031,2.84380611029322
2023-06-24 17:00:00,94.6666666666667,279.666666666667,342.106660312131,3.87523110474346
2023-06-24 18:00:00,88.1166666666667,280.183333333333,344.102621144826,5.21252168865305
2023-06-24 19:00:00,85.45,279.916666666667,349.420843872667,4.92528144036194
2023-06-24 20:00:00,86.6,279.433333333333,348.429153095936,3.11522415356742
2023-06-24 21:00:00,85.8166666666667,278.516666666667,325.434292984005,1.04949760013813
2023-06-24 22:00:00,82.8666666666667,278.133333333333,272.683883319562,0.672601874750769
2023-06-24 23:00:00,94.8,277.75,218.852095832656,1.18625686149854
2023-06-25 00:00:00,98.4666666666667,277.566666666667,168.24958345774,1.71544760597134
2023-06-25 01:00:00,99.45,277.133333333333,120.42419984983,3.21330231258632
2023-06-25 02:00:00,98.9833333333333,277.166666666667,108.665372174397,2.11664009888305
2023-06-25 03:00:00,82.1333333333334,277.716666666667,109.275528282824,0.799774073654078
2023-06-25 04:00:00,46.9833333333333,279.183333333333,330.826385711969,0.20654139569799
2023-06-25 05:00:00,38.3833333333333,279.833333333333,142.313566381206,0.19375043794645
2023-06-25 06:00:00,23.5333333333333,281.816666666667,200.525225099924,0.259293734749229
2023-06-25 07:00:00,27.05,282.266666666667,251.824821448533,0.383445084078145
2023-06-25 08:00:00,47.35,283.116666666667,190.565813898435,0.86445547963173
2023-06-25 09:00:00,54.9166666666667,283.8,177.447643117722,0.823353908740216
2023-06-25 10:00:00,41.2333333333333,283.233333333333,307.805013980616,0.847993067167204
2023-06-25 11:00:00,40.5666666666667,283.416666666667,318.878864819291,0.905442646507766
2023-06-25 12:00:00,35.3333333333333,283.816666666667,324.288074521692,1.89148867421493
2023-06-25 13:00:00,38.2833333333333,285.033333333333,309.044445786506,1.92447049758476
2023-06-25 14:00:00,41.0333333333333,285.45,306.338628479227,2.59121013947602
2023-06-25 15:00:00,41.4833333333333,285.933333333333,325.726003901993,3.079738815227
2023-06-25 16:00:00,45.4,286.116666666667,328.592704379774,3.4112584619464
2023-06-25 17:00:00,48.4666666666667,286.466666666667,337.044696027323,3.66371069408646
2023-06-25 18:00:00,51.4833333333333,286.45,350.789073192508,3.74847705286625
2023-06-25 19:00:00,59.2833333333333,285.4,344.204502831706,4.44514750426932
2023-06-25 20:00:00,62.2166666666667,284.083333333333,334.820246246796,5.78319522122565
2023-06-25 21:00:00,59.5,282.083333333333,330.663961433839,5.17501086248611
2023-06-25 22:00:00,58.1666666666667,281.65,356.768273547097,5.0492532095236
2023-06-25 23:00:00,59.3666666666667,281.316666666667,12.3430716194569,4.65764739341784
2023-06-26 00:00:00,62.4333333333333,280.833333333333,17.4650780167889,4.85974672625588
2023-06-26 01:00:00,64.4,280.45,4.87661903511469,4.59535046018577
2023-06-26 02:00:00,68.0333333333334,279.916666666667,355.355188890147,2.93476127870937
2023-06-26 03:00:00,70.4,279.483333333333,325.851159723012,3.46872307885282
2023-06-26 04:00:00,76.0666666666667,279.466666666667,344.671814960899,4.14842991421076
2023-06-26 05:00:00,84.3,279.383333333333,348.31136735313,5.73025429656186
2023-06-26 06:00:00,92.55,279.7,337.143977119196,4.70161953018416
2023-06-26 07:00:00,87.8666666666667,280.15,321.618409947401,3.02332315965759
2023-06-26 08:00:00,73.5666666666667,280.75,312.119435087241,1.76046300969504
2023-06-26 09:00:00,69.7166666666667,280.85,21.2564922338211,2.27133816123859
2023-06-26 10:00:00,66.0833333333333,281.55,311.185134350081,1.46479327729721
2023-06-26 11:00:00,60.9666666666667,282.783333333333,303.000780752406,2.24143423298548
2023-06-26 12:00:00,57.45,283.383333333333,333.643818495627,2.52752050558226
2023-06-26 13:00:00,53.5,284.65,330.96234391465,1.63577126748259
2023-06-26 14:00:00,51.4166666666667,285.583333333333,329.958610545093,2.40526160620633
2023-06-26 15:00:00,50.8333333333333,285.833333333333,331.606709655248,2.95486062568337
2023-06-26 16:00:00,51.0833333333333,285.766666666667,331.78014300754,4.08295407419929
2023-06-26 17:00:00,49.8166666666667,285.4,331.969794094285,4.86347032066745
2023-06-26 18:00:00,50.05,285.6,335.478770486781,5.07586364564733
2023-06-26 19:00:00,53.8166666666667,285.016666666667,333.341452270805,5.11676490874
2023-06-26 20:00:00,58.9166666666667,283.616666666667,318.836755291764,5.6730786100285
2023-06-26 21:00:00,70.3666666666667,282.166666666667,316.667039054552,4.42358597625022
2023-06-26 22:00:00,90.9666666666667,281.15,318.070864281545,4.51305160776553
2023-06-26 23:00:00,99.65,280.533333333333,333.948558024737,4.65510181235955
2023-06-27 00:00:00,101.233333333333,279.966666666667,318.022974911933,4.39806128599794
2023-06-27 01:00:00,101.783333333333,279.4,305.986486971833,4.20573060041992
2023-06-27 02:00:00,102.166666666667,278.966666666667,322.030334084918,4.92283809566151
2023-06-27 03:00:00,102.066666666667,279.083333333333,347.956645515383,1.80335050797103
2023-06-27 04:00:00,100.533333333333,279.233333333333,31.1906175320487,2.09560236309789
2023-06-27 05:00:00,100.5,278.85,358.255065677739,3.05957172662011
2023-06-27 06:00:00,99.4,278.966666666667,7.24017199353006,3.19266478691774
2023-06-27 07:00:00,100.033333333333,279.016666666667,19.59868929739,2.55599856312497
2023-06-27 08:00:00,99.95,279.116666666667,25.4931471544298,2.64798522582168
2023-06-27 09:00:00,87.0,279.85,40.3134916924793,3.42434444345592
2023-06-27 10:00:00,74.5333333333334,279.75,30.0522102107946,3.27439414514212
2023-06-27 11:00:00,85.1666666666667,279.683333333333,31.2568093408583,2.87477897798767
2023-06-27 12:00:00,84.2666666666667,279.733333333333,350.705387588133,3.58467612363889
2023-06-27 13:00:00,75.4333333333333,280.016666666667,321.097705287783,4.37271306787551
2023-06-27 14:00:00,75.1833333333334,280.183333333333,324.144352732327,3.06066193162023
2023-06-27 15:00:00,67.1166666666667,280.016666666667,324.923031549841,3.91477514273882
2023-06-27 16:00:00,58.9166666666667,280.933333333333,340.741922868648,3.63984242662786
2023-06-27 17:00:00,56.1166666666667,281.2,341.259807128386,5.27266590838897
2023-06-27 18:00:00,60.15,280.833333333333,334.462293710445,5.60092299556097
2023-06-27 19:00:00,55.8666666666667,280.333333333333,334.451723331478,4.40163937621086
2023-06-27 20:00:00,60.1166666666667,279.266666666667,337.817023425269,4.62162675659966
2023-06-27 21:00:00,72.0833333333333,277.316666666667,319.97091350367,4.85896205190551
2023-06-27 22:00:00,76.5333333333333,276.466666666667,320.012324032238,4.64049536524249
2023-06-27 23:00:00,85.35,275.766666666667,307.065123597459,3.05294845948244
2023-06-28 00:00:00,96.85,275.383333333333,327.068068428356,3.51285733578981
2023-06-28 01:00:00,78.5333333333333,275.85,2.28167770745665,3.34732329949152
2023-06-28 02:00:00,77.4833333333333,275.65,24.4039023466062,4.05285926548563
2023-06-28 03:00:00,77.7333333333333,275.633333333333,5.41833591914104,3.35358573779708
2023-06-28 04:00:00,90.2166666666667,275.166666666667,340.868947027555,4.60771418057038
2023-06-28 05:00:00,96.9166666666667,274.8,331.187307063901,5.10437583543509
2023-06-28 06:00:00,99.1166666666667,274.583333333333,329.443079172678,4.62174368052188
2023-06-28 07:00:00,100.866666666667,274.133333333333,335.141636715984,2.97423514438071
2023-06-28 08:00:00,101.733333333333,274.05,329.345448240142,3.50978814542761
2023-06-28 09:00:00,101.716666666667,274.2,338.285096236735,2.41758455499797
2023-06-28 10:00:00,101.8,274.6,20.3424679215968,2.41346051066487
2023-06-28 11:00:00,101.816666666667,275.033333333333,9.89858665700763,2.09973421007041
2023-06-28 12:00:00,101.833333333333,275.016666666667,15.6133968288895,2.11146751050146
2023-06-28 13:00:00,101.916666666667,275.65,25.1749612490368,2.44266149917377
2023-06-28 14:00:00,101.833333333333,276.15,15.0735415869783,2.3585667904493
2023-06-28 15:00:00,101.333333333333,276.15,13.2340312546729,2.26134851054575
2023-06-28 16:00:00,100.75,277.2,6.99891816463946,2.18331691611266
2023-06-28 17:00:00,90.4833333333333,278.883333333333,346.450147251038,1.66735784733904
2023-06-28 18:00:00,88.85,278.766666666667,318.16594105364,1.66195763133302
2023-06-28 19:00:00,100.066666666667,277.066666666667,317.188620707763,3.27166294188582
2023-06-28 20:00:00,99.9,276.566666666667,323.108317934711,2.55692409689748
2023-06-28 21:00:00,99.8,275.95,324.026302294716,1.57550522063998
2023-06-28 22:00:00,92.6166666666667,276.366666666667,49.6986886343179,2.64998070145744
2023-06-28 23:00:00,92.3833333333333,276.333333333333,66.3567618249187,2.33837186838608
2023-06-29 00:00:00,92.5333333333334,276.4,71.0214923469771,3.60500765524176
2023-06-29 01:00:00,96.3333333333333,276.433333333333,65.574012663328,4.10654460893111
2023-06-29 02:00:00,91.35,276.533333333333,80.0514289719749,3.77784641901823
2023-06-29 03:00:00,88.8333333333333,276.783333333333,80.4510439218674,3.81945669445819
2023-06-29 04:00:00,92.85,276.916666666667,64.2429253145304,4.11322277614342
2023-06-29 05:00:00,88.8333333333333,277.2,72.6046864851545,3.932118519362
2023-06-29 06:00:00,84.1166666666667,277.816666666667,79.05191498843,3.46706573694051
2023-06-29 07:00:00,82.5166666666667,278.55,67.1248541989972,3.49781294165883
2023-06-29 08:00:00,75.9833333333333,279.733333333333,62.7787954731376,1.85078875555638
2023-06-29 09:00:00,70.15,280.85,42.1464198438989,0.868823197403981
2023-06-29 10:00:00,67.8833333333333,281.866666666667,62.1624246256766,0.918931002700421
2023-06-29 11:00:00,65.55,282.633333333333,26.2722968830494,0.919714690403696
2023-06-29 12:00:00,62.25,283.9,31.2902185720644,1.01707332201586
2023-06-29 13:00:00,60.5666666666667,284.583333333333,323.969167800905,1.88850302548705
2023-06-29 14:00:00,56.6666666666667,285.583333333333,342.790300622807,2.49108674276337
2023-06-29 15:00:00,54.0333333333333,286.016666666667,337.599700693484,3.14371835140385
2023-06-29 16:00:00,56.7333333333333,285.616666666667,330.667064511701,4.04426751491725
2023-06-29 17:00:00,59.7833333333333,285.316666666667,342.541379064489,2.95003979109797
2023-06-29 18:00:00,66.65,284.35,338.039626825679,3.44351541666012
2023-06-29 19:00:00,72.8666666666667,283.583333333333,340.907585262611,3.10951764613488
2023-06-29 20:00:00,84.9,281.783333333333,340.553553339508,5.78251383317679
2023-06-29 21:00:00,90.5166666666667,281.216666666667,341.82774182506,5.09819947059926
2023-06-29 22:00:00,101.1,279.783333333333,353.356070116611,5.31790909885836
2023-06-29 23:00:00,102.183333333333,279.333333333333,144.178438489385,1.89252015569328
2023-06-30 00:00:00,102.1,278.483333333333,146.751503021684,1.25730759618385
2023-06-30 01:00:00,102.1,278.266666666667,117.76737124125,1.7898754181441
2023-06-30 02:00:00,102.116666666667,278.3,53.0555436898108,1.73644902640786
2023-06-30 03:00:00,102.166666666667,278.25,7.64616619997111,1.29927943283953
2023-06-30 04:00:00,102.2,278.233333333333,318.926681840076,0.381979864415871
2023-06-30 05:00:00,102.2,277.95,335.851714067973,0.967320086586804
2023-06-30 06:00:00,102.15,277.3,3.78459390054485,5.10934594044169
2023-06-30 07:00:00,102.35,276.966666666667,42.294729923104,2.57270279949863
2023-06-30 08:00:00,102.533333333333,277.366666666667,66.5967637980128,4.36740512110678
2023-06-30 09:00:00,103.033333333333,277.933333333333,56.1172565244765,2.71969843251307
2023-06-30 10:00:00,103.466666666667,279.65,71.3724742251563,1.12134535814794
2023-06-30 11:00:00,103.433333333333,280.25,60.6699265306431,0.36965811320054
2023-06-30 12:00:00,102.35,280.466666666667,121.613788678359,0.355623073939911
2023-06-30 13:00:00,101.65,279.883333333333,26.4425043067254,0.731628362994818
2023-06-30 14:00:00,102.683333333333,278.666666666667,345.002935339171,3.36648155893074
2023-06-30 15:00:00,102.683333333333,278.0,330.690364336291,3.66773579557857
2023-06-30 16:00:00,101.933333333333,278.15,326.833325961189,1.19823733034562
2023-06-30 17:00:00,101.866666666667,278.5,324.700177505099,1.91456222447506
2023-06-30 18:00:00,102.6,278.166666666667,320.014061609728,2.71615628366461
2023-06-30 19:00:00,102.583333333333,278.1,278.6043678977,2.00547067914981
2023-06-30 20:00:00,102.35,277.95,298.510982587488,1.27851275068802
2023-06-30 21:00:00,102.566666666667,277.833333333333,315.041694486134,3.77205066617879
