date,sw_in,hs,rel_hum,temp
2022-10-01 00:00:00,0.0,52.3333333333333,95.3666666666667,273.45
2022-10-01 01:00:00,0.0,48.8333333333333,98.1166666666667,273.333333333333
2022-10-01 02:00:00,0.0,62.6666666666667,89.0333333333333,274.316666666667
2022-10-01 03:00:00,0.0,78.8333333333333,92.5333333333334,274.083333333333
2022-10-01 04:00:00,0.0,67.0,97.4,273.45
2022-10-01 05:00:00,0.0,50.1666666666667,88.5666666666667,273.75
2022-10-01 06:00:00,0.0,48.5,80.4166666666667,274.166666666667
2022-10-01 07:00:00,74.6666666666667,49.0,85.5,273.883333333333
2022-10-01 08:00:00,180.333333333333,61.5,65.8,275.266666666667
2022-10-01 09:00:00,399.3,49.3333333333333,59.15,275.783333333333
2022-10-01 10:00:00,375.1,62.5,59.1166666666667,275.8
2022-10-01 11:00:00,405.416666666667,43.0,50.9166666666667,276.116666666667
2022-10-01 12:00:00,464.016666666667,50.0,59.6333333333333,275.816666666667
2022-10-01 13:00:00,399.083333333333,49.5,81.1,275.133333333333
2022-10-01 14:00:00,436.633333333333,55.0,86.1166666666667,275.533333333333
2022-10-01 15:00:00,277.35,40.0,85.45,275.733333333333
2022-10-01 16:00:00,100.85,43.8333333333333,99.1333333333333,274.533333333333
2022-10-01 17:00:00,46.8333333333333,50.5,100.133333333333,273.666666666667
2022-10-01 18:00:00,8.13333333333333,51.5,100.116666666667,273.35
2022-10-01 19:00:00,0.0,44.0,100.1,273.2
2022-10-01 20:00:00,0.0,66.0,100.1,273.066666666667
2022-10-01 21:00:00,0.0,84.6666666666667,100.1,273.0
2022-10-01 22:00:00,0.0,92.5,100.1,273.0
2022-10-01 23:00:00,0.0,98.1666666666667,100.1,272.85
2022-10-02 00:00:00,0.0,103.833333333333,100.1,272.35
2022-10-02 01:00:00,0.0,133.666666666667,100.1,272.433333333333
2022-10-02 02:00:00,0.0,134.5,100.1,272.883333333333
2022-10-02 03:00:00,0.0,134.5,100.1,273.083333333333
2022-10-02 04:00:00,0.0,134.166666666667,100.116666666667,273.483333333333
2022-10-02 05:00:00,0.0,141.333333333333,96.1666666666667,275.083333333333
2022-10-02 06:00:00,0.0,138.166666666667,92.1833333333333,275.716666666667
2022-10-02 07:00:00,18.2,131.333333333333,92.6333333333333,276.05
2022-10-02 08:00:00,96.5833333333333,118.5,86.8,277.033333333333
2022-10-02 09:00:00,296.916666666667,93.1666666666667,80.2666666666667,277.783333333333
2022-10-02 10:00:00,657.533333333333,73.5,71.7666666666667,278.683333333333
2022-10-02 11:00:00,686.466666666667,62.1666666666667,89.4833333333334,277.8
2022-10-02 12:00:00,682.05,46.1666666666667,86.4,278.116666666667
2022-10-02 13:00:00,717.8,37.1666666666667,79.55,278.666666666667
2022-10-02 14:00:00,342.766666666667,38.1666666666667,89.25,277.95
2022-10-02 15:00:00,165.883333333333,47.8333333333333,90.8666666666667,277.633333333333
2022-10-02 16:00:00,103.05,71.1666666666667,83.8333333333334,278.016666666667
2022-10-02 17:00:00,64.1666666666667,42.1666666666667,75.7166666666667,278.016666666667
2022-10-02 18:00:00,15.7166666666667,38.3333333333333,63.2666666666667,278.166666666667
2022-10-02 19:00:00,0.0,34.0,56.8166666666667,278.316666666667
2022-10-02 20:00:00,0.0,30.1666666666667,68.8833333333333,277.4
2022-10-02 21:00:00,0.0,40.3333333333333,83.9833333333333,276.5
2022-10-02 22:00:00,0.0,50.5,85.7833333333333,276.1
2022-10-02 23:00:00,0.0,56.0,92.55,275.25
2022-10-03 00:00:00,0.0,67.6666666666667,97.2,274.566666666667
2022-10-03 01:00:00,0.0,73.0,100.1,273.8
2022-10-03 02:00:00,0.0,53.5,100.1,273.016666666667
2022-10-03 03:00:00,0.0,56.3333333333333,99.8833333333333,273.95
2022-10-03 04:00:00,0.0,62.0,97.1333333333333,274.333333333333
2022-10-03 05:00:00,0.0,64.5,96.4833333333333,274.3
2022-10-03 06:00:00,0.0,66.1666666666667,99.7666666666667,273.6
2022-10-03 07:00:00,44.65,65.3333333333333,93.7333333333333,273.733333333333
2022-10-03 08:00:00,272.55,57.1666666666667,93.1666666666667,273.483333333333
2022-10-03 09:00:00,213.4,60.8333333333333,99.65,272.983333333333
2022-10-03 10:00:00,322.516666666667,54.8333333333333,100.083333333333,272.966666666667
2022-10-03 11:00:00,313.516666666667,60.1666666666667,99.9833333333333,273.45
2022-10-03 12:00:00,406.433333333333,49.1666666666667,100.166666666667,274.166666666667
2022-10-03 13:00:00,492.816666666667,43.3333333333333,100.15,274.466666666667
2022-10-03 14:00:00,443.9,40.3333333333333,100.183333333333,275.333333333333
2022-10-03 15:00:00,321.933333333333,39.5,100.166666666667,275.183333333333
2022-10-03 16:00:00,541.05,45.0,100.183333333333,275.766666666667
2022-10-03 17:00:00,339.766666666667,43.3333333333333,100.15,275.583333333333
2022-10-03 18:00:00,62.85,51.5,100.133333333333,274.383333333333
2022-10-03 19:00:00,0.0,56.6666666666667,97.3,274.0
2022-10-03 20:00:00,0.0,58.0,83.7666666666667,274.516666666667
2022-10-03 21:00:00,0.0,48.6666666666667,72.3166666666667,274.766666666667
2022-10-03 22:00:00,0.0,43.6666666666667,57.8333333333333,275.05
2022-10-03 23:00:00,0.0,36.6666666666667,44.2666666666667,275.466666666667
2022-10-04 00:00:00,0.0,40.6666666666667,35.3333333333333,275.9
2022-10-04 01:00:00,0.0,59.8333333333333,35.6166666666667,276.083333333333
2022-10-04 02:00:00,0.0,62.6666666666667,37.65,275.85
2022-10-04 03:00:00,0.0,57.5,36.9666666666667,275.9
2022-10-04 04:00:00,0.0,45.6666666666667,35.9666666666667,275.883333333333
2022-10-04 05:00:00,0.0,58.0,38.2,275.733333333333
2022-10-04 06:00:00,0.0,54.3333333333333,39.5666666666667,275.6
2022-10-04 07:00:00,49.3166666666667,43.0,38.1333333333333,275.983333333333
2022-10-04 08:00:00,300.016666666667,46.3333333333333,34.7666666666667,277.316666666667
2022-10-04 09:00:00,479.916666666667,46.3333333333333,38.9166666666667,278.2
2022-10-04 10:00:00,565.4,41.0,43.15,278.6
2022-10-04 11:00:00,602.116666666667,41.5,37.05,279.066666666667
2022-10-04 12:00:00,663.1,43.5,48.4833333333333,279.483333333333
2022-10-04 13:00:00,663.866666666667,42.0,57.25,279.5
2022-10-04 14:00:00,741.816666666667,45.5,43.4833333333333,280.4
2022-10-04 15:00:00,667.1,40.3333333333333,45.8666666666667,280.516666666667
2022-10-04 16:00:00,555.616666666667,33.6666666666667,48.8666666666667,280.4
2022-10-04 17:00:00,323.533333333333,24.6666666666667,45.45,280.1
2022-10-04 18:00:00,53.7333333333333,24.1666666666667,47.3166666666667,279.15
2022-10-04 19:00:00,0.0,37.3333333333333,40.0666666666667,279.05
2022-10-04 20:00:00,0.0,36.0,32.7666666666667,279.516666666667
2022-10-04 21:00:00,0.0,29.6666666666667,30.6166666666667,279.783333333333
2022-10-04 22:00:00,0.0,37.3333333333333,27.15,280.166666666667
2022-10-04 23:00:00,0.0,31.3333333333333,34.2,280.083333333333
2022-10-05 00:00:00,0.0,31.3333333333333,36.75,280.416666666667
2022-10-05 01:00:00,0.0,34.8333333333333,42.5,279.966666666667
2022-10-05 02:00:00,0.0,35.8333333333333,44.3833333333333,280.016666666667
2022-10-05 03:00:00,0.0,42.5,46.05,279.866666666667
2022-10-05 04:00:00,0.0,44.1666666666667,45.0666666666667,280.1
2022-10-05 05:00:00,0.0,47.5,38.9666666666667,280.533333333333
2022-10-05 06:00:00,0.0,39.0,43.8833333333333,280.716666666667
2022-10-05 07:00:00,31.6333333333333,34.0,47.75,280.25
2022-10-05 08:00:00,287.983333333333,40.3333333333333,45.55,281.583333333333
2022-10-05 09:00:00,509.116666666667,36.5,44.2333333333333,283.833333333333
2022-10-05 10:00:00,667.183333333333,35.0,43.75,284.666666666667
2022-10-05 11:00:00,728.466666666667,37.1666666666667,44.6833333333333,285.316666666667
2022-10-05 12:00:00,825.2,38.6666666666667,44.7,286.183333333333
2022-10-05 13:00:00,809.716666666667,32.1666666666667,43.2666666666667,286.533333333333
2022-10-05 14:00:00,708.466666666667,30.8333333333333,42.85,286.216666666667
2022-10-05 15:00:00,548.6,28.6666666666667,42.9333333333333,285.95
2022-10-05 16:00:00,538.3,29.8333333333333,44.1333333333333,286.366666666667
2022-10-05 17:00:00,347.433333333333,32.8333333333333,43.4166666666667,286.35
2022-10-05 18:00:00,55.9666666666667,20.8333333333333,40.3166666666667,285.6
2022-10-05 19:00:00,0.35,31.8333333333333,37.75,285.016666666667
2022-10-05 20:00:00,0.0,46.3333333333333,39.2833333333333,284.466666666667
2022-10-05 21:00:00,0.0,52.5,46.4666666666667,283.0
2022-10-05 22:00:00,0.0,54.3333333333333,50.8833333333333,282.05
2022-10-05 23:00:00,0.0,62.6666666666667,50.7166666666667,282.116666666667
2022-10-06 00:00:00,0.0,59.5,54.7333333333333,281.333333333333
2022-10-06 01:00:00,0.0,59.0,58.6166666666667,280.4
2022-10-06 02:00:00,0.0,46.5,59.7666666666667,280.016666666667
2022-10-06 03:00:00,0.0,39.6666666666667,56.85,279.633333333333
2022-10-06 04:00:00,0.0,42.6666666666667,59.5333333333333,278.983333333333
2022-10-06 05:00:00,0.0,36.0,61.6833333333333,278.65
2022-10-06 06:00:00,0.0,50.6666666666667,63.7833333333333,278.083333333333
2022-10-06 07:00:00,23.4166666666667,48.5,66.1833333333333,277.833333333333
2022-10-06 08:00:00,279.883333333333,57.3333333333333,62.65,278.933333333333
2022-10-06 09:00:00,504.65,63.0,63.8,279.233333333333
2022-10-06 10:00:00,663.033333333333,49.1666666666667,64.3,279.583333333333
2022-10-06 11:00:00,770.5,51.0,63.3666666666667,280.166666666667
2022-10-06 12:00:00,825.783333333333,55.8333333333333,61.7333333333333,280.55
2022-10-06 13:00:00,823.566666666667,48.5,59.4166666666667,281.45
2022-10-06 14:00:00,770.966666666667,49.3333333333333,63.5666666666667,281.183333333333
2022-10-06 15:00:00,668.25,39.3333333333333,65.4333333333333,280.9
2022-10-06 16:00:00,515.85,47.0,64.95,280.65
2022-10-06 17:00:00,267.616666666667,45.5,66.2333333333333,280.233333333333
2022-10-06 18:00:00,41.6166666666667,50.5,67.0833333333333,279.55
2022-10-06 19:00:00,0.0,58.3333333333333,63.9666666666667,279.9
2022-10-06 20:00:00,0.0,60.0,59.1666666666667,280.733333333333
2022-10-06 21:00:00,0.0,65.3333333333333,58.35,280.833333333333
2022-10-06 22:00:00,0.0,44.8333333333333,55.6666666666667,281.0
2022-10-06 23:00:00,0.0,44.6666666666667,50.2666666666667,280.95
2022-10-07 00:00:00,0.0,47.6666666666667,43.5166666666667,280.85
2022-10-07 01:00:00,0.0,48.8333333333333,34.85,281.2
2022-10-07 02:00:00,0.0,62.5,29.15,281.55
2022-10-07 03:00:00,0.0,44.1666666666667,35.8666666666667,280.483333333333
2022-10-07 04:00:00,0.0,40.1666666666667,35.9166666666667,280.116666666667
2022-10-07 05:00:00,0.0,61.1666666666667,32.9833333333333,280.2
2022-10-07 06:00:00,0.0,71.3333333333333,33.5666666666667,279.783333333333
2022-10-07 07:00:00,28.75,34.0,31.5333333333333,280.15
2022-10-07 08:00:00,272.433333333333,20.6666666666667,28.4,281.833333333333
2022-10-07 09:00:00,503.566666666667,23.5,46.6666666666667,282.983333333333
2022-10-07 10:00:00,656.166666666667,39.6666666666667,52.2666666666667,282.75
2022-10-07 11:00:00,766.666666666667,47.6666666666667,49.45,283.85
2022-10-07 12:00:00,820.833333333333,47.1666666666667,46.9333333333333,283.716666666667
2022-10-07 13:00:00,820.2,54.8333333333333,45.3,284.133333333333
2022-10-07 14:00:00,767.883333333333,48.1666666666667,46.4833333333333,284.016666666667
2022-10-07 15:00:00,664.083333333333,47.6666666666667,48.7,284.216666666667
2022-10-07 16:00:00,515.75,43.3333333333333,49.6,283.733333333333
2022-10-07 17:00:00,292.316666666667,47.8333333333333,51.8,283.15
2022-10-07 18:00:00,31.95,47.8333333333333,53.6,281.716666666667
2022-10-07 19:00:00,0.0,47.1666666666667,52.3666666666667,281.416666666667
2022-10-07 20:00:00,0.0,52.6666666666667,50.5166666666667,281.3
2022-10-07 21:00:00,0.0,49.6666666666667,49.9,280.966666666667
2022-10-07 22:00:00,0.0,53.0,51.45,280.466666666667
2022-10-07 23:00:00,0.0,75.1666666666667,51.8,279.983333333333
2022-10-08 00:00:00,0.0,67.6666666666667,43.4666666666667,280.866666666667
2022-10-08 01:00:00,0.0,61.5,51.0333333333333,279.383333333333
2022-10-08 02:00:00,0.0,51.8333333333333,54.2333333333333,278.85
2022-10-08 03:00:00,0.0,38.5,57.1833333333333,278.433333333333
2022-10-08 04:00:00,0.0,44.0,67.35,277.583333333333
2022-10-08 05:00:00,0.0,40.3333333333333,71.8666666666667,277.133333333333
2022-10-08 06:00:00,0.0,43.8333333333333,75.85,276.583333333333
2022-10-08 07:00:00,28.1833333333333,41.6666666666667,80.2,276.433333333333
2022-10-08 08:00:00,291.333333333333,41.1666666666667,85.4166666666667,277.216666666667
2022-10-08 09:00:00,365.833333333333,47.0,93.95,277.1
2022-10-08 10:00:00,355.95,51.6666666666667,98.35,276.75
2022-10-08 11:00:00,748.016666666667,49.5,94.7166666666667,278.166666666667
2022-10-08 12:00:00,989.083333333333,57.8333333333333,91.3666666666667,279.016666666667
2022-10-08 13:00:00,552.633333333333,51.3333333333333,91.1833333333333,278.683333333333
2022-10-08 14:00:00,135.1,58.5,99.55,277.266666666667
2022-10-08 15:00:00,146.266666666667,67.8333333333333,100.2,277.0
2022-10-08 16:00:00,88.65,67.1666666666667,100.166666666667,277.216666666667
2022-10-08 17:00:00,20.8,76.8333333333333,100.166666666667,276.6
2022-10-08 18:00:00,4.33333333333333,66.6666666666667,100.166666666667,276.366666666667
2022-10-08 19:00:00,0.0,48.3333333333333,100.166666666667,276.15
2022-10-08 20:00:00,0.0,64.3333333333333,100.166666666667,275.5
2022-10-08 21:00:00,0.0,49.8333333333333,100.116666666667,274.883333333333
2022-10-08 22:00:00,0.0,29.0,100.1,274.4
2022-10-08 23:00:00,0.0,28.8333333333333,100.1,274.566666666667
2022-10-09 00:00:00,0.0,30.3333333333333,100.1,274.55
2022-10-09 01:00:00,0.0,33.1666666666667,100.1,274.733333333333
2022-10-09 02:00:00,0.0,47.3333333333333,100.133333333333,274.833333333333
2022-10-09 03:00:00,0.0,42.8333333333333,100.066666666667,275.1
2022-10-09 04:00:00,0.0,54.3333333333333,96.8,275.666666666667
2022-10-09 05:00:00,0.0,49.1666666666667,91.05,276.466666666667
2022-10-09 06:00:00,0.0,27.0,90.0333333333334,276.466666666667
2022-10-09 07:00:00,4.08333333333333,58.0,90.1833333333333,276.966666666667
2022-10-09 08:00:00,27.8666666666667,60.8333333333333,90.2,276.733333333333
2022-10-09 09:00:00,49.2166666666667,45.0,95.5166666666667,276.033333333333
2022-10-09 10:00:00,130.583333333333,70.6666666666667,96.6333333333333,275.95
2022-10-09 11:00:00,211.233333333333,54.5,99.6833333333333,276.116666666667
2022-10-09 12:00:00,421.2,63.6666666666667,92.6666666666667,276.633333333333
2022-10-09 13:00:00,398.866666666667,61.3333333333333,86.8166666666667,277.4
2022-10-09 14:00:00,381.65,55.3333333333333,85.0833333333333,277.783333333333
2022-10-09 15:00:00,299.416666666667,39.6666666666667,83.8666666666667,278.166666666667
2022-10-09 16:00:00,234.333333333333,49.6666666666667,87.6166666666667,277.733333333333
2022-10-09 17:00:00,137.083333333333,50.1666666666667,82.9,277.483333333333
2022-10-09 18:00:00,20.9333333333333,79.0,78.9333333333333,276.95
2022-10-09 19:00:00,0.0,73.1666666666667,74.4333333333333,276.833333333333
2022-10-09 20:00:00,0.0,72.5,69.8833333333333,276.883333333333
2022-10-09 21:00:00,0.0,60.8333333333333,61.2833333333333,277.45
2022-10-09 22:00:00,0.0,83.5,56.2,277.65
2022-10-09 23:00:00,0.0,83.6666666666667,57.15,277.466666666667
2022-10-10 00:00:00,0.0,88.8333333333334,58.1166666666667,277.116666666667
2022-10-10 01:00:00,0.0,94.8333333333333,56.2333333333334,277.066666666667
2022-10-10 02:00:00,0.0,52.6666666666667,58.9,276.683333333333
2022-10-10 03:00:00,0.0,67.0,68.9666666666667,275.85
2022-10-10 04:00:00,0.0,73.3333333333333,69.9333333333333,275.666666666667
2022-10-10 05:00:00,0.0,76.0,61.7333333333333,276.566666666667
2022-10-10 06:00:00,0.0,72.6666666666667,66.3666666666667,276.1
2022-10-10 07:00:00,10.6333333333333,47.6666666666667,68.95,276.0
2022-10-10 08:00:00,105.233333333333,59.6666666666667,64.0833333333333,276.483333333333
2022-10-10 09:00:00,229.783333333333,58.8333333333333,64.85,277.033333333333
2022-10-10 10:00:00,411.033333333333,51.8333333333333,78.5833333333333,277.766666666667
2022-10-10 11:00:00,614.283333333334,47.3333333333333,84.7,278.316666666667
2022-10-10 12:00:00,747.483333333333,45.5,75.9833333333333,278.483333333333
2022-10-10 13:00:00,823.316666666667,54.6666666666667,77.4,278.65
2022-10-10 14:00:00,780.966666666667,51.8333333333333,77.0,279.216666666667
2022-10-10 15:00:00,495.066666666667,59.5,83.1333333333333,278.466666666667
2022-10-10 16:00:00,81.3,48.5,98.25,277.366666666667
2022-10-10 17:00:00,43.25,32.0,100.1,276.7
2022-10-10 18:00:00,2.66666666666667,56.0,100.2,275.9
2022-10-10 19:00:00,0.0,53.6666666666667,100.133333333333,275.95
2022-10-10 20:00:00,0.0,64.5,100.033333333333,275.966666666667
2022-10-10 21:00:00,0.0,45.3333333333333,100.166666666667,275.466666666667
2022-10-10 22:00:00,0.0,21.0,100.1,275.083333333333
2022-10-10 23:00:00,0.0,24.5,98.85,275.25
2022-10-11 00:00:00,0.0,32.1666666666667,90.3666666666667,275.616666666667
2022-10-11 01:00:00,0.0,44.3333333333333,99.15,274.816666666667
2022-10-11 02:00:00,0.0,58.6666666666667,100.183333333333,274.55
2022-10-11 03:00:00,0.0,29.5,99.85,274.5
2022-10-11 04:00:00,0.0,54.3333333333333,98.8333333333333,273.933333333333
2022-10-11 05:00:00,0.0,45.6666666666667,98.6,274.033333333333
2022-10-11 06:00:00,0.0,36.8333333333333,89.2666666666667,274.35
2022-10-11 07:00:00,22.65,46.8333333333333,80.1833333333333,274.483333333333
2022-10-11 08:00:00,144.966666666667,52.6666666666667,82.1666666666667,274.95
2022-10-11 09:00:00,399.983333333333,42.0,88.3666666666667,275.35
2022-10-11 10:00:00,478.466666666667,48.0,93.0666666666667,275.866666666667
2022-10-11 11:00:00,689.216666666667,51.1666666666667,80.55,277.133333333333
2022-10-11 12:00:00,604.65,51.3333333333333,78.9166666666667,277.4
2022-10-11 13:00:00,661.016666666667,49.6666666666667,81.1166666666667,277.616666666667
2022-10-11 14:00:00,666.416666666667,46.8333333333333,78.9833333333333,277.983333333333
2022-10-11 15:00:00,529.066666666667,51.3333333333333,83.8166666666667,277.833333333333
2022-10-11 16:00:00,321.266666666667,77.6666666666667,93.9666666666667,277.166666666667
2022-10-11 17:00:00,115.55,86.3333333333333,94.3166666666667,276.616666666667
2022-10-11 18:00:00,11.15,90.0,96.75,276.016666666667
2022-10-11 19:00:00,0.0,102.5,93.0166666666667,276.066666666667
2022-10-11 20:00:00,0.0,82.5,97.1166666666667,275.383333333333
2022-10-11 21:00:00,0.0,45.3333333333333,96.05,275.183333333333
2022-10-11 22:00:00,0.0,38.3333333333333,90.8333333333333,275.65
2022-10-11 23:00:00,0.0,63.1666666666667,80.45,276.366666666667
2022-10-12 00:00:00,0.0,100.0,76.3666666666667,276.6
2022-10-12 01:00:00,0.0,85.3333333333333,76.6,276.55
2022-10-12 02:00:00,0.0,82.0,78.7833333333333,276.466666666667
2022-10-12 03:00:00,0.0,77.5,88.1666666666667,275.933333333333
2022-10-12 04:00:00,0.0,58.3333333333333,94.9666666666667,275.4
2022-10-12 05:00:00,0.0,68.3333333333333,97.2,275.25
2022-10-12 06:00:00,0.0,94.1666666666667,97.6833333333333,275.15
2022-10-12 07:00:00,4.65,44.5,99.75,274.816666666667
2022-10-12 08:00:00,221.216666666667,43.1666666666667,98.9,275.483333333333
2022-10-12 09:00:00,227.666666666667,51.3333333333333,99.85,275.816666666667
2022-10-12 10:00:00,488.483333333333,47.8333333333333,99.15,276.416666666667
2022-10-12 11:00:00,747.033333333333,50.6666666666667,99.9333333333333,276.966666666667
2022-10-12 12:00:00,766.283333333333,48.8333333333333,91.7666666666667,277.066666666667
2022-10-12 13:00:00,966.733333333334,49.0,81.6333333333333,278.516666666667
2022-10-12 14:00:00,941.75,50.3333333333333,83.4666666666667,278.85
2022-10-12 15:00:00,766.5,45.0,94.3833333333333,278.3
2022-10-12 16:00:00,542.716666666667,47.6666666666667,94.8833333333333,277.933333333333
2022-10-12 17:00:00,156.883333333333,36.0,95.7833333333333,277.266666666667
2022-10-12 18:00:00,15.0666666666667,59.5,95.6833333333333,276.5
2022-10-12 19:00:00,0.0,77.6666666666667,97.7666666666667,276.133333333333
2022-10-12 20:00:00,0.0,66.0,100.05,275.716666666667
2022-10-12 21:00:00,0.0,68.6666666666667,100.15,275.55
2022-10-12 22:00:00,0.0,69.3333333333333,98.2,275.483333333333
2022-10-12 23:00:00,0.0,66.5,98.6833333333333,275.35
2022-10-13 00:00:00,0.0,68.6666666666667,95.9333333333333,275.35
2022-10-13 01:00:00,0.0,63.6666666666667,83.9,275.6
2022-10-13 02:00:00,0.0,54.5,83.65,275.183333333333
2022-10-13 03:00:00,0.0,60.0,78.5166666666667,275.183333333333
2022-10-13 04:00:00,0.0,73.3333333333333,85.8,274.6
2022-10-13 05:00:00,0.0,66.5,72.1,275.2
2022-10-13 06:00:00,0.0,65.0,71.3666666666667,274.916666666667
2022-10-13 07:00:00,20.0833333333333,66.5,78.75,274.35
2022-10-13 08:00:00,255.333333333333,53.8333333333333,68.7666666666667,275.916666666667
2022-10-13 09:00:00,482.866666666667,60.5,63.55,276.95
2022-10-13 10:00:00,613.766666666667,55.3333333333333,61.7,277.15
2022-10-13 11:00:00,691.766666666667,54.6666666666667,65.15,277.5
2022-10-13 12:00:00,781.733333333334,53.6666666666667,68.1666666666667,277.95
2022-10-13 13:00:00,579.383333333333,43.0,75.8166666666667,277.616666666667
2022-10-13 14:00:00,474.483333333333,43.1666666666667,86.55,277.3
2022-10-13 15:00:00,487.05,48.6666666666667,90.4833333333333,277.383333333333
2022-10-13 16:00:00,194.233333333333,63.5,95.2333333333334,276.733333333333
2022-10-13 17:00:00,123.2,54.1666666666667,96.9,276.383333333333
2022-10-13 18:00:00,14.9333333333333,62.5,99.5333333333333,275.7
2022-10-13 19:00:00,0.0,48.5,100.183333333333,275.3
2022-10-13 20:00:00,0.0,19.8333333333333,100.116666666667,274.8
2022-10-13 21:00:00,0.0,12.0,100.1,274.383333333333
2022-10-13 22:00:00,0.0,35.1666666666667,100.1,274.233333333333
2022-10-13 23:00:00,0.0,72.6666666666667,99.6833333333333,274.233333333333
2022-10-14 00:00:00,0.0,90.6666666666667,92.25,275.216666666667
2022-10-14 01:00:00,0.0,75.1666666666667,100.116666666667,273.6
2022-10-14 02:00:00,0.0,103.166666666667,100.1,273.383333333333
2022-10-14 03:00:00,0.0,55.5,100.1,273.283333333333
2022-10-14 04:00:00,0.0,81.1666666666667,100.1,273.25
2022-10-14 05:00:00,0.0,54.6666666666667,100.1,273.166666666667
2022-10-14 06:00:00,0.0,54.0,100.1,273.066666666667
2022-10-14 07:00:00,2.21666666666667,56.3333333333333,100.1,272.9
2022-10-14 08:00:00,44.55,84.5,100.1,272.916666666667
2022-10-14 09:00:00,246.316666666667,52.6666666666667,100.116666666667,273.866666666667
2022-10-14 10:00:00,516.716666666667,66.0,93.3,274.816666666667
2022-10-14 11:00:00,618.266666666667,52.3333333333333,90.5833333333333,275.883333333333
2022-10-14 12:00:00,706.616666666667,49.0,81.9666666666667,276.55
2022-10-14 13:00:00,525.05,46.0,83.7833333333333,277.216666666667
2022-10-14 14:00:00,298.2,43.3333333333333,90.8833333333333,277.066666666667
2022-10-14 15:00:00,251.7,44.8333333333333,96.1833333333333,276.8
2022-10-14 16:00:00,166.95,32.8333333333333,92.1666666666667,276.533333333333
2022-10-14 17:00:00,51.7333333333333,19.0,98.8166666666667,276.083333333333
2022-10-14 18:00:00,4.68333333333333,44.8333333333333,100.166666666667,275.383333333333
2022-10-14 19:00:00,0.0,39.5,100.2,275.383333333333
2022-10-14 20:00:00,0.0,35.5,98.7,275.366666666667
2022-10-14 21:00:00,0.0,24.1666666666667,81.0333333333334,276.233333333333
2022-10-14 22:00:00,0.0,18.1666666666667,71.9666666666667,276.7
2022-10-14 23:00:00,0.0,11.8333333333333,84.9166666666667,276.133333333333
2022-10-15 00:00:00,0.0,15.8333333333333,94.7333333333333,275.516666666667
2022-10-15 01:00:00,0.0,60.8333333333333,93.95,276.0
2022-10-15 02:00:00,0.0,72.0,90.3,276.883333333333
2022-10-15 03:00:00,0.0,62.3333333333333,89.6666666666667,277.366666666667
2022-10-15 04:00:00,0.0,64.8333333333333,87.4,276.916666666667
2022-10-15 05:00:00,0.0,73.3333333333333,89.3166666666667,277.516666666667
2022-10-15 06:00:00,0.0,60.8333333333333,82.6166666666667,277.833333333333
2022-10-15 07:00:00,5.2,53.6666666666667,85.3333333333333,277.65
2022-10-15 08:00:00,67.15,48.0,87.6166666666667,277.6
2022-10-15 09:00:00,114.05,53.6666666666667,91.1166666666667,277.466666666667
2022-10-15 10:00:00,199.416666666667,48.0,85.35,278.083333333333
2022-10-15 11:00:00,431.883333333333,57.3333333333333,77.2166666666667,278.516666666667
2022-10-15 12:00:00,759.083333333333,46.5,74.0166666666667,279.666666666667
2022-10-15 13:00:00,635.9,38.3333333333333,92.6333333333333,279.516666666667
2022-10-15 14:00:00,435.9,26.1666666666667,100.183333333333,278.7
2022-10-15 15:00:00,298.3,30.8333333333333,100.183333333333,278.533333333333
2022-10-15 16:00:00,152.75,19.1666666666667,100.183333333333,278.066666666667
2022-10-15 17:00:00,79.0833333333334,13.8333333333333,100.2,278.15
2022-10-15 18:00:00,15.15,20.5,92.2166666666667,278.7
2022-10-15 19:00:00,0.0,24.8333333333333,87.0,278.883333333333
2022-10-15 20:00:00,0.0,69.5,70.5666666666667,279.666666666667
2022-10-15 21:00:00,0.0,68.0,67.35,279.716666666667
2022-10-15 22:00:00,0.0,46.6666666666667,67.8666666666667,279.4
2022-10-15 23:00:00,0.0,46.3333333333333,61.0333333333333,279.55
2022-10-16 00:00:00,0.0,35.5,52.05,279.866666666667
2022-10-16 01:00:00,0.0,33.0,49.85,279.7
2022-10-16 02:00:00,0.0,20.0,48.0666666666667,279.6
2022-10-16 03:00:00,0.0,14.8333333333333,48.2166666666667,279.583333333333
2022-10-16 04:00:00,0.0,31.1666666666667,44.7333333333333,279.966666666667
2022-10-16 05:00:00,0.0,45.0,45.6833333333333,279.8
2022-10-16 06:00:00,0.0,38.3333333333333,45.9333333333333,279.733333333333
2022-10-16 07:00:00,10.2,47.3333333333333,43.5833333333333,279.716666666667
2022-10-16 08:00:00,204.816666666667,44.1666666666667,41.8166666666667,280.283333333333
2022-10-16 09:00:00,272.683333333333,40.6666666666667,38.7,280.9
2022-10-16 10:00:00,364.633333333333,95.1666666666667,39.6166666666667,281.016666666667
2022-10-16 11:00:00,625.833333333333,92.0,37.5166666666667,281.983333333333
2022-10-16 12:00:00,762.666666666667,43.1666666666667,40.1833333333333,282.85
2022-10-16 13:00:00,762.383333333333,35.1666666666667,49.1,283.0
2022-10-16 14:00:00,710.616666666667,35.0,44.5833333333334,283.2
2022-10-16 15:00:00,604.9,45.8333333333333,51.3166666666667,282.716666666667
2022-10-16 16:00:00,454.95,39.5,56.5,282.1
2022-10-16 17:00:00,188.233333333333,56.0,48.5333333333333,282.116666666667
2022-10-16 18:00:00,6.58333333333333,37.5,42.8666666666667,281.366666666667
2022-10-16 19:00:00,0.0,35.0,43.75,281.066666666667
2022-10-16 20:00:00,0.0,29.1666666666667,43.0,281.233333333333
2022-10-16 21:00:00,0.0,26.8333333333333,42.45,281.183333333333
2022-10-16 22:00:00,0.0,32.0,38.15,281.283333333333
2022-10-16 23:00:00,0.0,46.3333333333333,32.9166666666667,281.6
2022-10-17 00:00:00,0.0,38.1666666666667,32.95,281.25
2022-10-17 01:00:00,0.0,51.8333333333333,31.6666666666667,280.916666666667
2022-10-17 02:00:00,0.0,62.1666666666667,25.1166666666667,281.566666666667
2022-10-17 03:00:00,0.0,51.1666666666667,22.9666666666667,281.683333333333
2022-10-17 04:00:00,0.0,48.5,19.3166666666667,281.85
2022-10-17 05:00:00,0.0,46.5,19.0666666666667,281.483333333333
2022-10-17 06:00:00,0.0,50.8333333333333,18.6666666666667,281.516666666667
2022-10-17 07:00:00,11.65,41.6666666666667,17.15,281.816666666667
2022-10-17 08:00:00,184.3,50.8333333333333,16.6666666666667,282.516666666667
2022-10-17 09:00:00,417.866666666667,68.3333333333333,16.9333333333333,283.183333333333
2022-10-17 10:00:00,612.483333333333,44.6666666666667,17.1,283.933333333333
2022-10-17 11:00:00,724.116666666667,50.3333333333333,20.5,283.833333333333
2022-10-17 12:00:00,781.15,52.5,21.5666666666667,284.633333333333
2022-10-17 13:00:00,774.85,51.3333333333333,21.55,285.483333333333
2022-10-17 14:00:00,717.516666666667,52.6666666666667,28.65,285.566666666667
2022-10-17 15:00:00,604.566666666667,46.3333333333333,30.1166666666667,284.933333333333
2022-10-17 16:00:00,457.066666666667,38.1666666666667,32.6833333333333,284.65
2022-10-17 17:00:00,184.716666666667,30.8333333333333,33.9333333333333,284.016666666667
2022-10-17 18:00:00,5.68333333333333,36.5,36.35,282.733333333333
2022-10-17 19:00:00,0.0,52.3333333333333,38.55,281.716666666667
2022-10-17 20:00:00,0.0,53.5,39.0166666666667,281.5
2022-10-17 21:00:00,0.0,29.0,38.3333333333333,281.166666666667
2022-10-17 22:00:00,0.0,26.3333333333333,38.5666666666667,280.85
2022-10-17 23:00:00,0.0,31.3333333333333,39.3833333333333,280.55
2022-10-18 00:00:00,0.0,29.3333333333333,37.8,280.933333333333
2022-10-18 01:00:00,0.0,44.0,37.3333333333333,281.283333333333
2022-10-18 02:00:00,0.0,22.0,38.7,280.866666666667
2022-10-18 03:00:00,0.0,-3.33333333333333,40.6166666666667,280.016666666667
2022-10-18 04:00:00,0.0,-8.0,41.8333333333333,279.433333333333
2022-10-18 05:00:00,0.0,6.16666666666667,43.6,279.033333333333
2022-10-18 06:00:00,0.0,47.0,42.2166666666667,279.183333333333
2022-10-18 07:00:00,9.08333333333333,54.6666666666667,41.5666666666667,279.3
2022-10-18 08:00:00,150.616666666667,48.1666666666667,42.45,279.833333333333
2022-10-18 09:00:00,430.183333333333,19.0,44.0666666666667,281.15
2022-10-18 10:00:00,572.45,25.6666666666667,44.5166666666667,281.633333333333
2022-10-18 11:00:00,682.516666666667,29.8333333333333,47.6,282.083333333333
2022-10-18 12:00:00,740.783333333333,36.5,49.2166666666667,282.283333333333
2022-10-18 13:00:00,754.9,28.6666666666667,52.2,282.133333333333
2022-10-18 14:00:00,478.766666666667,34.0,57.2666666666667,281.633333333333
2022-10-18 15:00:00,482.0,33.6666666666667,59.7333333333333,281.65
2022-10-18 16:00:00,246.033333333333,50.8333333333333,64.25,281.033333333333
2022-10-18 17:00:00,82.6166666666667,53.5,71.65,280.216666666667
2022-10-18 18:00:00,5.01666666666667,44.0,76.35,279.683333333333
2022-10-18 19:00:00,0.0,40.8333333333333,90.25,278.566666666667
2022-10-18 20:00:00,0.0,39.1666666666667,90.05,278.7
2022-10-18 21:00:00,0.0,36.1666666666667,95.7,278.216666666667
2022-10-18 22:00:00,0.0,22.0,96.7833333333333,278.116666666667
2022-10-18 23:00:00,0.0,62.5,81.35,278.6
2022-10-19 00:00:00,0.0,59.3333333333333,84.4833333333333,278.1
2022-10-19 01:00:00,0.0,57.5,82.5333333333333,277.833333333333
2022-10-19 02:00:00,0.0,59.8333333333333,75.4166666666667,278.116666666667
2022-10-19 03:00:00,0.0,51.3333333333333,77.3333333333333,277.75
2022-10-19 04:00:00,0.0,55.3333333333333,75.4333333333333,277.75
2022-10-19 05:00:00,0.0,50.3333333333333,75.5166666666667,277.683333333333
2022-10-19 06:00:00,0.0,46.3333333333333,75.1666666666667,277.633333333333
2022-10-19 07:00:00,6.55,43.0,74.95,277.466666666667
2022-10-19 08:00:00,155.166666666667,40.8333333333333,72.8166666666667,277.916666666667
2022-10-19 09:00:00,452.3,43.5,66.8666666666667,278.45
2022-10-19 10:00:00,597.7,41.6666666666667,60.25,279.616666666667
2022-10-19 11:00:00,704.383333333333,48.3333333333333,67.9666666666667,280.416666666667
2022-10-19 12:00:00,756.9,36.5,65.9333333333333,281.0
2022-10-19 13:00:00,762.266666666667,39.1666666666667,71.2166666666667,280.816666666667
2022-10-19 14:00:00,705.95,40.0,70.15,280.683333333333
2022-10-19 15:00:00,594.883333333333,36.1666666666667,65.5,280.833333333333
2022-10-19 16:00:00,442.933333333333,35.5,65.7166666666667,280.85
2022-10-19 17:00:00,151.55,21.3333333333333,68.6333333333333,280.216666666667
2022-10-19 18:00:00,4.91666666666667,45.3333333333333,71.45,278.716666666667
2022-10-19 19:00:00,0.0,74.0,69.0166666666667,278.383333333333
2022-10-19 20:00:00,0.0,83.3333333333333,67.1833333333333,278.0
2022-10-19 21:00:00,0.0,67.8333333333333,61.95,278.45
2022-10-19 22:00:00,0.0,61.5,48.1,279.583333333333
2022-10-19 23:00:00,0.0,67.8333333333333,40.75,280.25
2022-10-20 00:00:00,0.0,43.8333333333333,38.6166666666667,280.816666666667
2022-10-20 01:00:00,0.0,41.0,33.2333333333333,281.2
2022-10-20 02:00:00,0.0,59.3333333333333,30.5,281.1
2022-10-20 03:00:00,0.0,55.1666666666667,31.25,280.85
2022-10-20 04:00:00,0.0,58.1666666666667,31.1333333333333,280.75
2022-10-20 05:00:00,0.0,41.5,30.3833333333333,280.9
2022-10-20 06:00:00,0.0,51.1666666666667,34.9,280.283333333333
2022-10-20 07:00:00,8.4,56.1666666666667,39.6166666666667,280.116666666667
2022-10-20 08:00:00,158.6,76.8333333333333,40.7666666666667,280.616666666667
2022-10-20 09:00:00,397.35,58.6666666666667,39.4833333333333,281.366666666667
2022-10-20 10:00:00,579.516666666667,38.6666666666667,37.1833333333333,282.966666666667
2022-10-20 11:00:00,680.45,39.5,35.1166666666667,283.966666666667
2022-10-20 12:00:00,710.583333333333,29.8333333333333,37.2166666666667,284.566666666667
2022-10-20 13:00:00,484.233333333333,37.1666666666667,37.55,284.0
2022-10-20 14:00:00,548.933333333333,43.3333333333333,40.5,284.183333333333
2022-10-20 15:00:00,385.316666666667,46.1666666666667,42.5833333333333,283.533333333333
2022-10-20 16:00:00,198.5,45.1666666666667,42.2666666666667,283.416666666667
2022-10-20 17:00:00,53.6166666666667,60.6666666666667,37.6666666666667,283.216666666667
2022-10-20 18:00:00,2.8,34.3333333333333,40.8333333333333,282.95
2022-10-20 19:00:00,0.0,11.3333333333333,45.8166666666667,282.8
2022-10-20 20:00:00,0.0,8.5,46.4833333333333,282.766666666667
2022-10-20 21:00:00,0.0,10.0,47.5166666666667,282.533333333333
2022-10-20 22:00:00,0.0,21.3333333333333,48.6666666666667,282.533333333333
2022-10-20 23:00:00,0.0,25.1666666666667,49.4,282.5
2022-10-21 00:00:00,0.0,23.1666666666667,53.25,281.833333333333
2022-10-21 01:00:00,0.0,25.5,54.4666666666667,281.633333333333
2022-10-21 02:00:00,0.0,37.3333333333333,57.3166666666667,281.15
2022-10-21 03:00:00,0.0,19.1666666666667,58.65,280.95
2022-10-21 04:00:00,0.0,13.6666666666667,59.4666666666667,280.7
2022-10-21 05:00:00,0.0,21.5,57.1166666666667,281.016666666667
2022-10-21 06:00:00,0.0,25.5,55.9666666666667,281.25
2022-10-21 07:00:00,2.1,32.5,56.7,281.15
2022-10-21 08:00:00,37.0,39.8333333333333,59.2666666666667,280.783333333333
2022-10-21 09:00:00,137.25,41.6666666666667,57.4666666666667,281.116666666667
2022-10-21 10:00:00,416.45,40.5,65.0833333333333,280.4
2022-10-21 11:00:00,501.666666666667,42.0,67.2166666666667,280.3
2022-10-21 12:00:00,449.433333333333,34.8333333333333,71.2333333333333,279.983333333333
2022-10-21 13:00:00,295.15,35.0,82.3666666666667,278.9
2022-10-21 14:00:00,437.983333333333,39.3333333333333,81.1833333333333,279.166666666667
2022-10-21 15:00:00,406.466666666667,41.3333333333333,84.05,278.983333333333
2022-10-21 16:00:00,100.85,53.0,93.45,277.783333333333
2022-10-21 17:00:00,44.6333333333333,54.0,93.1666666666667,277.75
2022-10-21 18:00:00,1.35,42.6666666666667,98.1333333333333,277.283333333333
2022-10-21 19:00:00,0.0,37.1666666666667,95.5166666666667,277.55
2022-10-21 20:00:00,0.0,36.5,96.75,277.483333333333
2022-10-21 21:00:00,0.0,53.5,89.8666666666667,278.15
2022-10-21 22:00:00,0.0,74.0,85.9,278.35
2022-10-21 23:00:00,0.0,72.8333333333333,86.0833333333333,278.283333333333
2022-10-22 00:00:00,0.0,24.0,84.45,278.383333333333
2022-10-22 01:00:00,0.0,-14.6666666666667,83.8,278.333333333333
2022-10-22 02:00:00,0.0,-10.5,83.5333333333334,278.3
2022-10-22 03:00:00,0.0,-3.83333333333333,86.0833333333333,278.133333333333
2022-10-22 04:00:00,0.0,18.6666666666667,86.1666666666667,278.15
2022-10-22 05:00:00,0.0,66.1666666666667,100.1,276.1
2022-10-22 06:00:00,0.0,62.1666666666667,100.133333333333,274.616666666667
2022-10-22 07:00:00,0.666666666666667,62.6666666666667,100.133333333333,274.333333333333
2022-10-22 08:00:00,31.1,70.0,100.116666666667,274.383333333333
2022-10-22 09:00:00,43.8,52.6666666666667,100.133333333333,274.15
2022-10-22 10:00:00,80.15,56.3333333333333,100.15,274.15
2022-10-22 11:00:00,104.95,57.0,100.133333333333,274.8
2022-10-22 12:00:00,148.733333333333,72.8333333333333,100.15,274.916666666667
2022-10-22 13:00:00,256.416666666667,77.0,100.116666666667,275.316666666667
2022-10-22 14:00:00,478.083333333333,73.8333333333333,100.15,275.866666666667
2022-10-22 15:00:00,313.083333333333,86.0,100.133333333333,275.5
2022-10-22 16:00:00,363.833333333333,64.0,97.5666666666667,276.0
2022-10-22 17:00:00,114.183333333333,70.1666666666667,81.3166666666667,276.5
2022-10-22 18:00:00,3.58333333333333,67.0,75.95,276.266666666667
2022-10-22 19:00:00,0.0,71.3333333333333,70.0,276.45
2022-10-22 20:00:00,0.0,66.8333333333333,64.0,276.416666666667
2022-10-22 21:00:00,0.0,63.1666666666667,51.6833333333333,277.083333333333
2022-10-22 22:00:00,0.0,63.1666666666667,46.2833333333333,277.6
2022-10-22 23:00:00,0.0,45.0,40.8666666666667,277.85
2022-10-23 00:00:00,0.0,49.8333333333333,39.7833333333333,277.85
2022-10-23 01:00:00,0.0,36.3333333333333,39.7333333333333,277.9
2022-10-23 02:00:00,0.0,41.8333333333333,44.4666666666667,278.016666666667
2022-10-23 03:00:00,0.0,52.3333333333333,52.0666666666667,277.683333333333
2022-10-23 04:00:00,0.0,54.6666666666667,58.5333333333333,277.833333333333
2022-10-23 05:00:00,0.0,47.6666666666667,57.3333333333333,278.583333333333
2022-10-23 06:00:00,0.0,45.5,58.0833333333333,278.85
2022-10-23 07:00:00,3.43333333333333,31.5,57.8,279.066666666667
2022-10-23 08:00:00,148.933333333333,34.3333333333333,59.3,279.183333333333
2022-10-23 09:00:00,432.333333333333,37.1666666666667,56.4166666666667,279.916666666667
2022-10-23 10:00:00,517.166666666667,42.1666666666667,57.3833333333333,280.333333333333
2022-10-23 11:00:00,578.416666666667,46.3333333333333,57.2666666666667,280.733333333333
2022-10-23 12:00:00,619.266666666667,42.8333333333333,55.0,281.283333333333
2022-10-23 13:00:00,678.783333333333,34.1666666666667,58.15,281.75
2022-10-23 14:00:00,631.0,31.0,56.8333333333333,282.116666666667
2022-10-23 15:00:00,416.416666666667,42.5,57.75,281.75
2022-10-23 16:00:00,220.7,50.5,59.2833333333334,281.466666666667
2022-10-23 17:00:00,58.5333333333333,50.1666666666667,60.6333333333333,281.2
2022-10-23 18:00:00,3.01666666666667,42.1666666666667,63.2,280.7
2022-10-23 19:00:00,0.0,37.5,66.25,280.2
2022-10-23 20:00:00,0.0,46.5,64.5333333333333,280.4
2022-10-23 21:00:00,0.0,42.3333333333333,63.7666666666667,280.366666666667
2022-10-23 22:00:00,0.0,39.6666666666667,58.0,280.933333333333
2022-10-23 23:00:00,0.0,36.1666666666667,64.9666666666667,280.2
2022-10-24 00:00:00,0.0,35.5,63.1833333333333,280.516666666667
2022-10-24 01:00:00,0.0,38.6666666666667,72.5333333333333,279.683333333333
2022-10-24 02:00:00,0.0,41.8333333333333,72.7333333333333,279.683333333333
2022-10-24 03:00:00,0.0,38.6666666666667,75.2833333333333,279.55
2022-10-24 04:00:00,0.0,39.8333333333333,79.3666666666667,279.283333333333
2022-10-24 05:00:00,0.0,51.5,87.75,278.666666666667
2022-10-24 06:00:00,0.0,62.5,92.2666666666667,278.333333333333
2022-10-24 07:00:00,0.766666666666667,38.6666666666667,94.3,277.933333333333
2022-10-24 08:00:00,31.1,26.6666666666667,87.55,278.216666666667
2022-10-24 09:00:00,150.816666666667,33.0,86.3666666666667,278.583333333333
2022-10-24 10:00:00,326.483333333333,45.8333333333333,80.7166666666667,279.2
2022-10-24 11:00:00,193.333333333333,37.1666666666667,84.2333333333333,279.0
2022-10-24 12:00:00,385.283333333333,68.6666666666667,88.8833333333333,278.883333333333
2022-10-24 13:00:00,272.95,43.6666666666667,91.7166666666667,278.983333333333
2022-10-24 14:00:00,134.166666666667,37.0,99.7833333333334,278.033333333333
2022-10-24 15:00:00,78.3833333333334,35.0,100.166666666667,277.516666666667
2022-10-24 16:00:00,32.4666666666667,18.0,100.166666666667,276.55
2022-10-24 17:00:00,19.6,59.8333333333333,100.133333333333,275.2
2022-10-24 18:00:00,0.566666666666667,42.6666666666667,100.116666666667,274.516666666667
2022-10-24 19:00:00,0.0,66.8333333333333,100.116666666667,273.616666666667
2022-10-24 20:00:00,0.0,64.0,100.1,273.7
2022-10-24 21:00:00,0.0,80.5,100.1,273.783333333333
2022-10-24 22:00:00,0.0,24.1666666666667,100.1,274.233333333333
2022-10-24 23:00:00,0.0,-13.6666666666667,100.15,274.65
2022-10-25 00:00:00,0.0,-9.0,100.133333333333,274.833333333333
2022-10-25 01:00:00,0.0,25.0,98.5,275.2
2022-10-25 02:00:00,0.0,38.0,100.15,274.683333333333
2022-10-25 03:00:00,0.0,40.1666666666667,99.9166666666667,274.583333333333
2022-10-25 04:00:00,0.0,42.0,96.3666666666667,274.816666666667
2022-10-25 05:00:00,0.0,42.3333333333333,93.0166666666667,274.8
2022-10-25 06:00:00,0.0,48.3333333333333,93.4666666666667,274.866666666667
2022-10-25 07:00:00,2.65,52.3333333333333,94.7833333333334,274.566666666667
2022-10-25 08:00:00,139.683333333333,49.8333333333333,94.0333333333333,274.95
2022-10-25 09:00:00,439.433333333333,19.1666666666667,97.75,276.1
2022-10-25 10:00:00,562.583333333333,46.3333333333333,98.05,276.216666666667
2022-10-25 11:00:00,619.666666666667,48.6666666666667,86.4666666666667,277.316666666667
2022-10-25 12:00:00,387.716666666667,50.6666666666667,98.2666666666667,276.366666666667
2022-10-25 13:00:00,519.016666666667,37.8333333333333,95.3166666666667,277.183333333333
2022-10-25 14:00:00,658.9,43.0,95.25,277.816666666667
2022-10-25 15:00:00,553.2,36.8333333333333,84.9166666666667,277.966666666667
2022-10-25 16:00:00,403.483333333333,31.8333333333333,84.8833333333333,278.033333333333
2022-10-25 17:00:00,93.4333333333333,38.1666666666667,63.6166666666667,277.8
2022-10-25 18:00:00,2.23333333333333,75.5,63.3166666666667,277.1
2022-10-25 19:00:00,0.0,81.3333333333334,59.2666666666667,277.116666666667
2022-10-25 20:00:00,0.0,78.3333333333333,58.9666666666667,276.766666666667
2022-10-25 21:00:00,0.0,71.1666666666667,59.4,277.133333333333
2022-10-25 22:00:00,0.0,59.6666666666667,51.5666666666667,277.766666666667
2022-10-25 23:00:00,0.0,51.1666666666667,43.7166666666667,278.166666666667
2022-10-26 00:00:00,0.0,53.6666666666667,41.95,278.466666666667
2022-10-26 01:00:00,0.0,63.3333333333333,41.8166666666667,278.683333333333
2022-10-26 02:00:00,0.0,62.6666666666667,42.1666666666667,278.633333333333
2022-10-26 03:00:00,0.0,46.6666666666667,53.65,278.483333333333
2022-10-26 04:00:00,0.0,80.6666666666667,66.3166666666667,277.716666666667
2022-10-26 05:00:00,0.0,95.3333333333333,64.65,277.766666666667
2022-10-26 06:00:00,0.0,88.6666666666667,59.3666666666667,278.583333333333
2022-10-26 07:00:00,2.43333333333333,69.5,60.0333333333333,278.916666666667
2022-10-26 08:00:00,41.9,41.1666666666667,64.2,278.266666666667
2022-10-26 09:00:00,104.25,69.8333333333333,81.4666666666667,275.75
2022-10-26 10:00:00,159.016666666667,44.5,90.1,276.083333333333
2022-10-26 11:00:00,392.75,45.3333333333333,77.6,278.1
2022-10-26 12:00:00,266.1,85.0,90.45,277.516666666667
2022-10-26 13:00:00,512.916666666667,38.3333333333333,73.5666666666667,278.7
2022-10-26 14:00:00,248.5,57.1666666666667,69.5,278.983333333333
2022-10-26 15:00:00,225.683333333333,41.1666666666667,67.9,278.75
2022-10-26 16:00:00,94.0333333333333,37.6666666666667,62.5333333333333,278.916666666667
2022-10-26 17:00:00,30.4,61.8333333333333,62.7666666666667,278.883333333333
2022-10-26 18:00:00,1.35,69.6666666666667,64.5166666666667,278.55
2022-10-26 19:00:00,0.0,58.8333333333333,63.05,278.566666666667
2022-10-26 20:00:00,0.0,43.6666666666667,69.9,277.933333333333
2022-10-26 21:00:00,0.0,35.3333333333333,69.75,277.8
2022-10-26 22:00:00,0.0,34.1666666666667,68.9333333333333,277.55
2022-10-26 23:00:00,0.0,42.1666666666667,64.25,277.483333333333
2022-10-27 00:00:00,0.0,44.3333333333333,54.7333333333333,277.566666666667
2022-10-27 01:00:00,0.0,44.0,42.0333333333333,278.133333333333
2022-10-27 02:00:00,0.0,42.0,38.75,278.0
2022-10-27 03:00:00,0.0,40.0,32.6833333333333,278.216666666667
2022-10-27 04:00:00,0.0,39.5,31.2666666666667,278.033333333333
2022-10-27 05:00:00,0.0,36.3333333333333,33.45,277.483333333333
2022-10-27 06:00:00,0.0,43.8333333333333,29.2166666666667,277.666666666667
2022-10-27 07:00:00,2.88333333333333,39.3333333333333,26.8166666666667,278.1
2022-10-27 08:00:00,114.0,40.6666666666667,25.0,278.833333333333
2022-10-27 09:00:00,296.616666666667,50.5,38.85,279.75
2022-10-27 10:00:00,391.983333333333,71.0,48.1166666666667,280.15
2022-10-27 11:00:00,655.416666666667,38.6666666666667,48.3,281.5
2022-10-27 12:00:00,707.883333333333,33.8333333333333,47.45,282.266666666667
2022-10-27 13:00:00,743.016666666667,28.0,44.9666666666667,282.833333333333
2022-10-27 14:00:00,607.983333333334,28.3333333333333,42.4666666666667,282.616666666667
2022-10-27 15:00:00,569.983333333333,27.5,41.1333333333333,282.716666666667
2022-10-27 16:00:00,373.233333333333,32.6666666666667,42.3,282.383333333333
2022-10-27 17:00:00,90.6166666666667,16.5,46.8,281.3
2022-10-27 18:00:00,1.35,28.3333333333333,49.4833333333333,280.4
2022-10-27 19:00:00,0.0,70.8333333333333,51.5,280.25
2022-10-27 20:00:00,0.0,90.3333333333333,52.7666666666667,280.066666666667
2022-10-27 21:00:00,0.0,88.6666666666667,51.8833333333333,280.45
2022-10-27 22:00:00,0.0,78.0,51.0166666666667,280.716666666667
2022-10-27 23:00:00,0.0,63.8333333333333,53.6833333333333,280.433333333333
2022-10-28 00:00:00,0.0,51.3333333333333,52.9,280.466666666667
2022-10-28 01:00:00,0.0,38.0,53.1,280.283333333333
2022-10-28 02:00:00,0.0,27.8333333333333,50.3833333333333,280.533333333333
2022-10-28 03:00:00,0.0,25.5,48.9333333333333,280.7
2022-10-28 04:00:00,0.0,18.0,51.5166666666667,280.316666666667
2022-10-28 05:00:00,0.0,21.8333333333333,51.4,280.25
2022-10-28 06:00:00,0.0,25.0,50.9166666666667,280.266666666667
2022-10-28 07:00:00,4.75,32.1666666666667,50.65,280.366666666667
2022-10-28 08:00:00,112.6,38.0,51.1333333333333,280.583333333333
2022-10-28 09:00:00,239.65,39.5,48.35,281.55
2022-10-28 10:00:00,521.55,26.0,47.7333333333333,282.05
2022-10-28 11:00:00,627.066666666667,36.1666666666667,45.8833333333333,283.033333333333
2022-10-28 12:00:00,671.683333333333,33.1666666666667,46.1166666666667,283.733333333333
2022-10-28 13:00:00,696.233333333333,39.6666666666667,45.75,284.283333333333
2022-10-28 14:00:00,663.283333333333,49.3333333333333,45.0833333333333,284.333333333333
2022-10-28 15:00:00,408.65,53.3333333333333,46.0333333333333,283.85
2022-10-28 16:00:00,116.85,52.5,48.5833333333333,283.016666666667
2022-10-28 17:00:00,88.9166666666667,60.5,52.55,282.483333333333
2022-10-28 18:00:00,1.01666666666667,55.5,53.7,281.8
2022-10-28 19:00:00,0.0,54.8333333333333,54.05,281.383333333333
2022-10-28 20:00:00,0.0,53.5,51.4666666666667,281.75
2022-10-28 21:00:00,0.0,58.0,48.7,282.35
2022-10-28 22:00:00,0.0,34.6666666666667,48.4,282.166666666667
2022-10-28 23:00:00,0.0,28.6666666666667,48.4166666666667,282.016666666667
2022-10-29 00:00:00,0.0,33.1666666666667,48.6166666666667,281.85
2022-10-29 01:00:00,0.0,30.6666666666667,50.1833333333333,281.433333333333
2022-10-29 02:00:00,0.0,35.0,49.7833333333333,281.483333333333
2022-10-29 03:00:00,0.0,31.1666666666667,47.8666666666667,281.7
2022-10-29 04:00:00,0.0,21.8333333333333,47.2833333333333,281.6
2022-10-29 05:00:00,0.0,24.6666666666667,47.5833333333333,281.5
2022-10-29 06:00:00,0.0,29.6666666666667,49.1,281.283333333333
2022-10-29 07:00:00,2.21666666666667,25.1666666666667,50.25,281.2
2022-10-29 08:00:00,55.7333333333333,23.1666666666667,49.0333333333333,281.5
2022-10-29 09:00:00,304.366666666667,30.6666666666667,47.2333333333333,282.3
2022-10-29 10:00:00,493.983333333333,36.0,46.2833333333333,282.95
2022-10-29 11:00:00,640.383333333333,29.8333333333333,45.3,284.0
2022-10-29 12:00:00,682.65,31.1666666666667,45.4333333333333,284.233333333333
2022-10-29 13:00:00,692.316666666667,35.5,44.8333333333333,284.75
2022-10-29 14:00:00,632.533333333333,29.6666666666667,43.9666666666667,284.8
2022-10-29 15:00:00,473.666666666667,25.6666666666667,43.7833333333333,284.4
2022-10-29 16:00:00,231.45,9.33333333333333,43.65,284.033333333333
2022-10-29 17:00:00,85.3333333333333,13.0,44.8166666666667,283.666666666667
2022-10-29 18:00:00,0.783333333333333,15.1666666666667,49.0333333333333,282.433333333333
2022-10-29 19:00:00,0.0,33.3333333333333,49.7166666666667,282.316666666667
2022-10-29 20:00:00,0.0,30.3333333333333,48.55,282.583333333333
2022-10-29 21:00:00,0.0,33.8333333333333,47.85,282.55
2022-10-29 22:00:00,0.0,33.5,46.9166666666667,282.75
2022-10-29 23:00:00,0.0,32.0,46.2166666666667,282.55
2022-10-30 00:00:00,0.0,31.0,44.25,282.583333333333
2022-10-30 01:00:00,0.0,25.1666666666667,42.1166666666667,282.466666666667
2022-10-30 02:00:00,0.0,27.8333333333333,40.2333333333333,282.316666666667
2022-10-30 03:00:00,0.0,36.3333333333333,42.0333333333333,282.066666666667
2022-10-30 04:00:00,0.0,24.0,45.1666666666667,281.866666666667
2022-10-30 05:00:00,0.0,29.5,43.25,282.25
2022-10-30 06:00:00,0.0,50.3333333333333,43.0166666666667,282.0
2022-10-30 07:00:00,1.43333333333333,46.3333333333333,43.1,281.816666666667
2022-10-30 08:00:00,91.35,32.6666666666667,44.6666666666667,281.616666666667
2022-10-30 09:00:00,356.166666666667,24.5,44.0333333333333,282.216666666667
2022-10-30 10:00:00,518.6,28.6666666666667,41.9666666666667,282.75
2022-10-30 11:00:00,620.95,34.1666666666667,41.1166666666667,283.266666666667
2022-10-30 12:00:00,681.216666666667,42.0,40.3166666666667,283.816666666667
2022-10-30 13:00:00,675.333333333333,49.0,38.7666666666667,284.083333333333
2022-10-30 14:00:00,628.1,40.5,37.0833333333333,284.2
2022-10-30 15:00:00,519.3,33.6666666666667,38.1,284.433333333333
2022-10-30 16:00:00,328.75,33.1666666666667,39.85,283.983333333333
2022-10-30 17:00:00,73.9833333333333,23.1666666666667,44.6833333333333,282.35
2022-10-30 18:00:00,0.683333333333333,33.8333333333333,46.85,281.55
2022-10-30 19:00:00,0.0,36.8333333333333,47.5333333333333,281.55
2022-10-30 20:00:00,0.0,44.5,47.85,281.45
2022-10-30 21:00:00,0.0,40.3333333333333,48.9166666666667,281.466666666667
2022-10-30 22:00:00,0.0,40.5,49.7833333333333,281.283333333333
2022-10-30 23:00:00,0.0,50.1666666666667,46.95,281.35
2022-10-31 00:00:00,0.0,66.3333333333333,47.4,280.883333333333
2022-10-31 01:00:00,0.0,59.3333333333333,42.5166666666667,281.066666666667
2022-10-31 02:00:00,0.0,57.5,39.9833333333333,281.183333333333
2022-10-31 03:00:00,0.0,56.8333333333333,37.7666666666667,281.1
2022-10-31 04:00:00,0.0,53.5,36.0333333333333,281.1
2022-10-31 05:00:00,0.0,51.5,36.8666666666667,281.033333333333
2022-10-31 06:00:00,0.0,49.8333333333333,37.85,280.866666666667
2022-10-31 07:00:00,1.33333333333333,60.8333333333333,39.3333333333333,280.533333333333
2022-10-31 08:00:00,96.3333333333333,59.8333333333333,40.1166666666667,280.516666666667
2022-10-31 09:00:00,354.8,41.5,40.8,280.966666666667
2022-10-31 10:00:00,514.383333333333,34.6666666666667,39.6333333333333,281.266666666667
2022-10-31 11:00:00,649.65,38.1666666666667,39.2,281.533333333333
2022-10-31 12:00:00,673.85,34.5,35.5333333333333,282.033333333333
2022-10-31 13:00:00,666.883333333333,43.3333333333333,33.7,282.05
2022-10-31 14:00:00,619.1,43.8333333333333,33.6166666666667,282.183333333333
2022-10-31 15:00:00,308.166666666667,34.3333333333333,34.15,281.533333333333
2022-10-31 16:00:00,95.5333333333333,33.1666666666667,34.55,280.983333333333
2022-10-31 17:00:00,58.8166666666667,27.1666666666667,35.4333333333333,280.766666666667
2022-10-31 18:00:00,0.566666666666667,44.3333333333333,39.9333333333333,279.933333333333
2022-10-31 19:00:00,0.0,47.5,38.5,279.683333333333
2022-10-31 20:00:00,0.0,46.3333333333333,36.2,279.883333333333
2022-10-31 21:00:00,0.0,49.5,35.8333333333333,279.783333333333
2022-10-31 22:00:00,0.0,46.1666666666667,32.95,279.666666666667
2022-10-31 23:00:00,0.0,46.3333333333333,29.6166666666667,279.733333333333
2022-11-01 00:00:00,0.0,42.1666666666667,26.9833333333333,279.75
2022-11-01 01:00:00,0.0,48.5,27.9166666666667,279.35
2022-11-01 02:00:00,0.0,46.3333333333333,27.75,279.466666666667
2022-11-01 03:00:00,0.0,46.1666666666667,29.6333333333333,279.316666666667
2022-11-01 04:00:00,0.0,53.0,33.4833333333333,279.266666666667
2022-11-01 05:00:00,0.0,46.8333333333333,36.9,279.433333333333
2022-11-01 06:00:00,0.0,41.3333333333333,39.9166666666667,279.616666666667
2022-11-01 07:00:00,2.75,58.8333333333333,41.9166666666667,279.283333333333
2022-11-01 08:00:00,87.3333333333333,58.6666666666667,41.2333333333333,279.483333333333
2022-11-01 09:00:00,141.533333333333,67.6666666666667,40.3,279.7
2022-11-01 10:00:00,126.383333333333,70.6666666666667,44.1333333333333,279.3
2022-11-01 11:00:00,156.95,76.3333333333333,46.3333333333333,279.033333333333
2022-11-01 12:00:00,591.85,57.0,49.7166666666667,279.5
2022-11-01 13:00:00,273.516666666667,40.3333333333333,53.15,279.2
2022-11-01 14:00:00,121.066666666667,36.6666666666667,57.8166666666667,278.533333333333
2022-11-01 15:00:00,131.95,33.1666666666667,62.8333333333333,278.116666666667
2022-11-01 16:00:00,120.433333333333,42.1666666666667,73.3833333333334,277.283333333333
2022-11-01 17:00:00,22.0333333333333,51.1666666666667,77.65,277.116666666667
2022-11-01 18:00:00,0.0,37.6666666666667,77.1166666666667,276.933333333333
2022-11-01 19:00:00,0.0,54.6666666666667,82.85,275.9
2022-11-01 20:00:00,0.0,63.5,87.2166666666667,275.466666666667
2022-11-01 21:00:00,0.0,71.8333333333333,85.7833333333334,275.383333333333
2022-11-01 22:00:00,0.0,50.1666666666667,90.3833333333333,275.016666666667
2022-11-01 23:00:00,0.0,93.5,93.9666666666667,274.616666666667
2022-11-02 00:00:00,0.0,88.1666666666667,95.7833333333333,274.333333333333
2022-11-02 01:00:00,0.0,64.0,91.6333333333333,274.516666666667
2022-11-02 02:00:00,0.0,57.8333333333333,89.4166666666667,274.433333333333
2022-11-02 03:00:00,0.0,84.6666666666667,85.8,274.25
2022-11-02 04:00:00,0.0,92.3333333333333,76.2833333333333,274.266666666667
2022-11-02 05:00:00,0.0,85.8333333333333,93.4,273.65
2022-11-02 06:00:00,0.0,51.8333333333333,94.5333333333333,273.266666666667
2022-11-02 07:00:00,1.55,34.8333333333333,87.35,273.55
2022-11-02 08:00:00,92.5833333333333,63.0,89.1833333333333,273.75
2022-11-02 09:00:00,419.216666666667,49.0,97.4666666666667,274.3
2022-11-02 10:00:00,522.566666666667,63.8333333333333,97.7666666666667,274.6
2022-11-02 11:00:00,473.233333333333,43.3333333333333,100.033333333333,274.533333333333
2022-11-02 12:00:00,205.883333333333,35.3333333333333,100.15,273.933333333333
2022-11-02 13:00:00,246.683333333333,54.3333333333333,100.15,274.233333333333
2022-11-02 14:00:00,141.3,67.6666666666667,100.133333333333,273.983333333333
2022-11-02 15:00:00,72.2666666666667,37.3333333333333,100.116666666667,273.6
2022-11-02 16:00:00,45.8333333333333,27.5,100.133333333333,273.6
2022-11-02 17:00:00,16.8,31.6666666666667,100.166666666667,273.366666666667
2022-11-02 18:00:00,0.0,25.6666666666667,100.15,273.25
2022-11-02 19:00:00,0.0,65.5,99.9166666666667,273.183333333333
2022-11-02 20:00:00,0.0,46.5,86.6833333333334,274.383333333333
2022-11-02 21:00:00,0.0,29.0,70.9666666666667,274.966666666667
2022-11-02 22:00:00,0.0,30.3333333333333,64.1166666666667,275.15
2022-11-02 23:00:00,0.0,31.0,60.05,275.283333333333
2022-11-03 00:00:00,0.0,28.8333333333333,63.65,275.1
2022-11-03 01:00:00,0.0,24.3333333333333,63.0833333333333,275.1
2022-11-03 02:00:00,0.0,34.8333333333333,60.0333333333333,275.233333333333
2022-11-03 03:00:00,0.0,35.6666666666667,56.9833333333333,275.15
2022-11-03 04:00:00,0.0,43.6666666666667,57.6333333333333,275.166666666667
2022-11-03 05:00:00,0.0,51.3333333333333,64.3,274.983333333333
2022-11-03 06:00:00,0.0,31.1666666666667,57.75,274.933333333333
2022-11-03 07:00:00,1.76666666666667,45.5,52.35,274.933333333333
2022-11-03 08:00:00,72.7833333333334,45.8333333333333,51.8,274.866666666667
2022-11-03 09:00:00,289.716666666667,57.8333333333333,50.8666666666667,275.116666666667
2022-11-03 10:00:00,534.166666666667,66.6666666666667,50.3833333333333,275.666666666667
2022-11-03 11:00:00,608.4,55.8333333333333,49.6166666666667,276.216666666667
2022-11-03 12:00:00,681.916666666667,48.5,48.8166666666667,276.7
2022-11-03 13:00:00,656.55,40.5,54.7833333333333,276.8
2022-11-03 14:00:00,475.583333333333,41.5,57.15,276.583333333333
2022-11-03 15:00:00,388.833333333333,35.5,59.9166666666667,276.15
2022-11-03 16:00:00,115.2,18.8333333333333,65.3333333333333,275.45
2022-11-03 17:00:00,14.1333333333333,43.8333333333333,75.2833333333334,274.483333333333
2022-11-03 18:00:00,0.0,56.3333333333333,72.9666666666667,274.266666666667
2022-11-03 19:00:00,0.0,52.1666666666667,69.6833333333333,274.216666666667
2022-11-03 20:00:00,0.0,44.1666666666667,73.6166666666667,274.3
2022-11-03 21:00:00,0.0,30.3333333333333,75.75,274.6
2022-11-03 22:00:00,0.0,43.8333333333333,76.3,274.55
2022-11-03 23:00:00,0.0,29.8333333333333,81.8833333333333,273.95
2022-11-04 00:00:00,0.0,30.3333333333333,75.45,274.416666666667
2022-11-04 01:00:00,0.0,28.1666666666667,81.5833333333333,274.15
2022-11-04 02:00:00,0.0,67.1666666666667,86.6666666666667,273.716666666667
2022-11-04 03:00:00,0.0,68.0,89.5,273.483333333333
2022-11-04 04:00:00,0.0,85.1666666666667,100.1,272.133333333333
2022-11-04 05:00:00,0.0,82.5,100.1,271.716666666667
2022-11-04 06:00:00,0.0,76.8333333333333,100.1,270.066666666667
2022-11-04 07:00:00,0.0,101.0,100.1,268.716666666667
2022-11-04 08:00:00,7.21666666666667,142.666666666667,100.1,268.0
2022-11-04 09:00:00,49.7,232.666666666667,100.083333333333,267.45
2022-11-04 10:00:00,57.5,281.0,100.1,267.333333333333
2022-11-04 11:00:00,76.8166666666667,339.166666666667,100.083333333333,267.483333333333
2022-11-04 12:00:00,189.866666666667,382.166666666667,100.1,267.916666666667
2022-11-04 13:00:00,328.35,405.0,100.1,267.633333333333
2022-11-04 14:00:00,332.616666666667,388.0,100.116666666667,267.883333333333
2022-11-04 15:00:00,287.466666666667,410.833333333333,100.133333333333,267.583333333333
2022-11-04 16:00:00,103.183333333333,411.666666666667,100.116666666667,267.033333333333
2022-11-04 17:00:00,20.3166666666667,405.5,100.083333333333,266.516666666667
2022-11-04 18:00:00,0.0,401.833333333333,100.1,266.266666666667
2022-11-04 19:00:00,0.0,398.333333333333,100.1,266.066666666667
2022-11-04 20:00:00,0.0,396.166666666667,100.1,265.783333333333
2022-11-04 21:00:00,0.0,388.5,99.7333333333333,265.6
2022-11-04 22:00:00,0.0,384.0,99.55,265.5
2022-11-04 23:00:00,0.0,379.666666666667,98.0166666666667,265.65
2022-11-05 00:00:00,0.0,374.5,96.9833333333333,265.516666666667
2022-11-05 01:00:00,0.0,372.333333333333,97.6666666666667,265.533333333333
2022-11-05 02:00:00,0.0,369.833333333333,98.0833333333333,265.633333333333
2022-11-05 03:00:00,0.0,367.5,96.5666666666667,265.85
2022-11-05 04:00:00,0.0,364.833333333333,94.8833333333334,266.266666666667
2022-11-05 05:00:00,0.0,359.5,98.3166666666667,266.183333333333
2022-11-05 06:00:00,0.0,352.833333333333,99.9833333333333,266.283333333333
2022-11-05 07:00:00,0.0,348.333333333333,100.1,266.216666666667
2022-11-05 08:00:00,19.6833333333333,346.833333333333,100.1,266.65
2022-11-05 09:00:00,125.383333333333,342.666666666667,100.083333333333,266.95
2022-11-05 10:00:00,313.183333333333,338.333333333333,99.5166666666667,267.966666666667
2022-11-05 11:00:00,426.083333333333,324.333333333333,98.6166666666667,268.816666666667
2022-11-05 12:00:00,561.5,329.5,97.7333333333333,268.65
2022-11-05 13:00:00,431.916666666667,326.166666666667,100.083333333333,268.25
2022-11-05 14:00:00,459.866666666667,319.5,99.7833333333333,268.7
2022-11-05 15:00:00,390.966666666667,320.0,99.1833333333334,268.766666666667
2022-11-05 16:00:00,109.4,324.666666666667,100.066666666667,267.733333333333
2022-11-05 17:00:00,25.5,319.166666666667,100.1,267.633333333333
2022-11-05 18:00:00,0.0,316.166666666667,100.1,267.3
2022-11-05 19:00:00,0.0,308.833333333333,100.1,267.283333333333
2022-11-05 20:00:00,0.0,307.333333333333,100.1,267.083333333333
2022-11-05 21:00:00,0.0,303.333333333333,100.1,267.066666666667
2022-11-05 22:00:00,0.0,303.666666666667,100.1,266.55
2022-11-05 23:00:00,0.0,300.333333333333,100.1,266.266666666667
2022-11-06 00:00:00,0.0,302.166666666667,100.1,265.883333333333
2022-11-06 01:00:00,0.0,300.5,97.9333333333333,265.733333333333
2022-11-06 02:00:00,0.0,303.333333333333,95.4166666666667,265.816666666667
2022-11-06 03:00:00,0.0,304.666666666667,89.7666666666667,266.166666666667
2022-11-06 04:00:00,0.0,308.833333333333,69.6666666666667,266.783333333333
2022-11-06 05:00:00,0.0,300.0,53.0833333333333,267.666666666667
2022-11-06 06:00:00,0.0,288.833333333333,44.7166666666667,268.116666666667
2022-11-06 07:00:00,0.883333333333333,283.666666666667,35.5333333333333,268.916666666667
2022-11-06 08:00:00,79.7666666666667,275.333333333333,31.2666666666667,269.666666666667
2022-11-06 09:00:00,365.466666666667,271.0,19.1333333333333,271.966666666667
2022-11-06 10:00:00,504.683333333333,262.666666666667,17.0666666666667,273.633333333333
2022-11-06 11:00:00,593.283333333333,249.166666666667,11.1333333333333,275.333333333333
2022-11-06 12:00:00,633.533333333334,240.833333333333,12.15,276.066666666667
2022-11-06 13:00:00,650.1,239.833333333333,11.9166666666667,277.35
2022-11-06 14:00:00,550.083333333333,249.0,10.5666666666667,277.466666666667
2022-11-06 15:00:00,482.166666666667,245.666666666667,13.0833333333333,277.9
2022-11-06 16:00:00,276.416666666667,255.666666666667,12.5666666666667,276.966666666667
2022-11-06 17:00:00,31.8333333333333,264.166666666667,19.65,275.8
2022-11-06 18:00:00,0.0,262.0,27.3833333333333,276.05
2022-11-06 19:00:00,0.0,261.666666666667,38.7833333333333,276.016666666667
2022-11-06 20:00:00,0.0,258.666666666667,39.8833333333333,275.65
2022-11-06 21:00:00,0.0,257.666666666667,42.6833333333333,275.533333333333
2022-11-06 22:00:00,0.0,256.666666666667,48.3333333333333,275.45
2022-11-06 23:00:00,0.0,258.833333333333,50.8166666666667,275.85
2022-11-07 00:00:00,0.0,257.166666666667,50.25,275.35
2022-11-07 01:00:00,0.0,254.0,46.1666666666667,273.516666666667
2022-11-07 02:00:00,0.0,253.0,46.15,273.016666666667
2022-11-07 03:00:00,0.0,251.666666666667,53.8666666666667,273.35
2022-11-07 04:00:00,0.0,251.333333333333,59.6,272.366666666667
2022-11-07 05:00:00,0.0,247.5,65.4,271.733333333333
2022-11-07 06:00:00,0.0,244.166666666667,68.0,271.766666666667
2022-11-07 07:00:00,0.1,246.5,64.9,272.733333333333
2022-11-07 08:00:00,57.9,244.333333333333,63.25,272.433333333333
2022-11-07 09:00:00,345.466666666667,240.333333333333,46.8,274.366666666667
2022-11-07 10:00:00,490.6,236.5,36.1333333333333,275.6
2022-11-07 11:00:00,619.65,227.0,29.2666666666667,277.15
2022-11-07 12:00:00,609.083333333333,233.5,30.05,276.8
2022-11-07 13:00:00,652.75,233.166666666667,29.0666666666667,277.083333333333
2022-11-07 14:00:00,468.6,224.5,28.2833333333333,277.666666666667
2022-11-07 15:00:00,479.583333333333,220.666666666667,28.2166666666667,278.1
2022-11-07 16:00:00,289.516666666667,228.5,30.8,277.183333333333
2022-11-07 17:00:00,42.4,233.0,33.0166666666667,276.25
2022-11-07 18:00:00,0.233333333333333,233.0,34.9166666666667,275.35
2022-11-07 19:00:00,0.0,228.666666666667,30.5666666666667,275.8
2022-11-07 20:00:00,0.0,226.0,29.4833333333333,275.666666666667
2022-11-07 21:00:00,0.0,226.0,25.0333333333333,276.1
2022-11-07 22:00:00,0.0,224.833333333333,20.9333333333333,276.566666666667
2022-11-07 23:00:00,0.0,221.166666666667,19.4333333333333,276.55
2022-11-08 00:00:00,0.0,224.666666666667,18.85,276.416666666667
2022-11-08 01:00:00,0.0,224.333333333333,20.6166666666667,275.733333333333
2022-11-08 02:00:00,0.0,220.333333333333,22.95,275.333333333333
2022-11-08 03:00:00,0.0,219.5,19.4166666666667,275.933333333333
2022-11-08 04:00:00,0.0,216.0,19.9833333333333,275.783333333333
2022-11-08 05:00:00,0.0,218.5,16.2,276.866666666667
2022-11-08 06:00:00,0.0,215.666666666667,19.3166666666667,276.633333333333
2022-11-08 07:00:00,0.433333333333333,209.5,22.5166666666667,276.866666666667
2022-11-08 08:00:00,72.0,212.333333333333,19.75,277.566666666667
2022-11-08 09:00:00,317.266666666667,204.333333333333,20.1,278.2
2022-11-08 10:00:00,459.9,203.333333333333,22.6833333333333,278.616666666667
2022-11-08 11:00:00,425.083333333333,204.0,18.2666666666667,279.566666666667
2022-11-08 12:00:00,518.816666666667,195.5,19.85,279.9
2022-11-08 13:00:00,604.266666666667,175.666666666667,22.7666666666667,281.133333333333
2022-11-08 14:00:00,602.75,174.833333333333,35.7666666666667,279.9
2022-11-08 15:00:00,491.5,192.833333333333,36.9,278.766666666667
2022-11-08 16:00:00,125.85,206.333333333333,32.4166666666667,277.8
2022-11-08 17:00:00,41.5833333333333,205.666666666667,30.2833333333333,277.4
2022-11-08 18:00:00,0.0,207.166666666667,35.5,276.0
2022-11-08 19:00:00,0.0,205.833333333333,31.8666666666667,275.466666666667
2022-11-08 20:00:00,0.0,204.833333333333,31.9,275.3
2022-11-08 21:00:00,0.0,203.333333333333,29.3166666666667,275.466666666667
2022-11-08 22:00:00,0.0,199.0,26.35,276.166666666667
2022-11-08 23:00:00,0.0,194.333333333333,27.8166666666667,276.4
2022-11-09 00:00:00,0.0,192.5,28.6833333333333,276.5
2022-11-09 01:00:00,0.0,193.833333333333,29.9666666666667,276.55
2022-11-09 02:00:00,0.0,193.5,35.0166666666667,276.733333333333
2022-11-09 03:00:00,0.0,191.833333333333,38.75,276.533333333333
2022-11-09 04:00:00,0.0,194.833333333333,39.2666666666667,276.616666666667
2022-11-09 05:00:00,0.0,193.5,44.0,275.916666666667
2022-11-09 06:00:00,0.0,199.666666666667,46.4166666666667,274.883333333333
2022-11-09 07:00:00,0.1,199.0,47.1333333333333,275.133333333333
2022-11-09 08:00:00,49.4666666666667,196.166666666667,49.1166666666667,276.066666666667
2022-11-09 09:00:00,316.0,187.333333333333,41.1166666666667,276.6
2022-11-09 10:00:00,508.7,176.0,44.0333333333333,276.25
2022-11-09 11:00:00,584.916666666667,180.166666666667,44.8,276.383333333333
2022-11-09 12:00:00,638.533333333333,179.0,45.0,276.816666666667
2022-11-09 13:00:00,576.716666666667,179.0,48.5833333333333,276.633333333333
2022-11-09 14:00:00,577.416666666667,173.5,50.1666666666667,276.733333333333
2022-11-09 15:00:00,463.6,181.166666666667,49.8,276.733333333333
2022-11-09 16:00:00,249.016666666667,182.0,53.15,276.133333333333
2022-11-09 17:00:00,24.85,185.5,60.7,275.516666666667
2022-11-09 18:00:00,0.0,186.666666666667,66.95,274.833333333333
2022-11-09 19:00:00,0.0,183.833333333333,67.0,275.233333333333
2022-11-09 20:00:00,0.0,183.833333333333,74.0166666666667,274.316666666667
2022-11-09 21:00:00,0.0,184.333333333333,74.3333333333333,274.083333333333
2022-11-09 22:00:00,0.0,183.833333333333,73.7666666666667,274.083333333333
2022-11-09 23:00:00,0.0,183.5,79.8666666666667,273.516666666667
2022-11-10 00:00:00,0.0,183.5,89.4333333333333,272.633333333333
2022-11-10 01:00:00,0.0,183.166666666667,96.5,272.283333333333
2022-11-10 02:00:00,0.0,181.166666666667,100.116666666667,271.816666666667
2022-11-10 03:00:00,0.0,183.0,100.1,271.416666666667
2022-11-10 04:00:00,0.0,182.0,100.1,272.033333333333
2022-11-10 05:00:00,0.0,184.5,100.1,272.033333333333
2022-11-10 06:00:00,0.0,188.666666666667,100.1,271.766666666667
2022-11-10 07:00:00,0.0,192.5,100.1,271.483333333333
2022-11-10 08:00:00,6.65,190.166666666667,100.1,271.333333333333
2022-11-10 09:00:00,54.9,187.333333333333,100.116666666667,271.35
2022-11-10 10:00:00,137.166666666667,183.666666666667,100.133333333333,271.683333333333
2022-11-10 11:00:00,330.7,180.333333333333,100.133333333333,272.05
2022-11-10 12:00:00,372.733333333333,172.166666666667,100.133333333333,272.266666666667
2022-11-10 13:00:00,314.716666666667,173.333333333333,100.133333333333,272.716666666667
2022-11-10 14:00:00,213.133333333333,192.0,100.15,272.633333333333
2022-11-10 15:00:00,218.883333333333,194.0,100.116666666667,271.966666666667
2022-11-10 16:00:00,210.216666666667,187.666666666667,100.1,272.316666666667
2022-11-10 17:00:00,23.0333333333333,191.333333333333,99.9666666666667,271.6
2022-11-10 18:00:00,0.0,204.833333333333,90.7666666666667,271.266666666667
2022-11-10 19:00:00,0.0,194.0,44.6166666666667,273.266666666667
2022-11-10 20:00:00,0.0,182.833333333333,39.8333333333333,273.516666666667
2022-11-10 21:00:00,0.0,180.0,27.7333333333333,274.616666666667
2022-11-10 22:00:00,0.0,174.166666666667,30.55,275.7
2022-11-10 23:00:00,0.0,176.166666666667,40.8666666666667,275.583333333333
2022-11-11 00:00:00,0.0,178.333333333333,40.5666666666667,276.066666666667
2022-11-11 01:00:00,0.0,182.5,40.35,276.433333333333
2022-11-11 02:00:00,0.0,187.5,40.8333333333333,276.133333333333
2022-11-11 03:00:00,0.0,176.333333333333,42.0666666666667,276.5
2022-11-11 04:00:00,0.0,180.166666666667,39.3,277.316666666667
2022-11-11 05:00:00,0.0,189.5,39.4166666666667,277.066666666667
2022-11-11 06:00:00,0.0,192.5,38.45,277.516666666667
2022-11-11 07:00:00,0.0,186.166666666667,39.4,277.316666666667
2022-11-11 08:00:00,36.7666666666667,182.833333333333,36.8666666666667,277.983333333333
2022-11-11 09:00:00,198.866666666667,184.333333333333,34.4833333333333,278.8
2022-11-11 10:00:00,496.916666666667,178.333333333333,35.1833333333333,279.666666666667
2022-11-11 11:00:00,515.483333333333,172.0,35.45,280.95
2022-11-11 12:00:00,498.266666666667,181.166666666667,34.45,280.766666666667
2022-11-11 13:00:00,532.966666666667,172.0,36.1666666666667,281.733333333333
2022-11-11 14:00:00,468.35,169.833333333333,38.05,281.35
2022-11-11 15:00:00,380.566666666667,183.666666666667,37.6333333333333,280.633333333333
2022-11-11 16:00:00,130.466666666667,182.666666666667,41.6,280.1
2022-11-11 17:00:00,21.2666666666667,191.166666666667,41.5666666666667,278.983333333333
2022-11-11 18:00:00,0.0,186.5,39.7,277.816666666667
2022-11-11 19:00:00,0.0,182.333333333333,39.3166666666667,278.283333333333
2022-11-11 20:00:00,0.0,177.666666666667,30.25,278.883333333333
2022-11-11 21:00:00,0.0,185.166666666667,30.35,278.533333333333
2022-11-11 22:00:00,0.0,176.833333333333,28.0166666666667,278.583333333333
2022-11-11 23:00:00,0.0,178.5,24.4666666666667,278.716666666667
2022-11-12 00:00:00,0.0,182.833333333333,19.7666666666667,279.283333333333
2022-11-12 01:00:00,0.0,191.166666666667,17.35,279.483333333333
2022-11-12 02:00:00,0.0,189.166666666667,17.1833333333333,279.7
2022-11-12 03:00:00,0.0,181.666666666667,17.05,280.05
2022-11-12 04:00:00,0.0,176.0,18.7,279.483333333333
2022-11-12 05:00:00,0.0,180.0,17.3,279.6
2022-11-12 06:00:00,0.0,184.0,14.3,280.183333333333
2022-11-12 07:00:00,0.0,184.833333333333,16.1,279.483333333333
2022-11-12 08:00:00,19.8833333333333,176.833333333333,14.2833333333333,279.833333333333
2022-11-12 09:00:00,123.583333333333,176.0,12.9833333333333,280.266666666667
2022-11-12 10:00:00,268.216666666667,172.5,16.6833333333333,280.2
2022-11-12 11:00:00,386.883333333333,176.0,13.6333333333333,281.283333333333
2022-11-12 12:00:00,524.05,170.666666666667,24.4166666666667,281.966666666667
2022-11-12 13:00:00,504.15,171.0,25.5166666666667,281.816666666667
2022-11-12 14:00:00,385.116666666667,168.833333333333,24.2166666666667,282.066666666667
2022-11-12 15:00:00,183.933333333333,176.0,26.6666666666667,280.733333333333
2022-11-12 16:00:00,86.1,180.0,31.3666666666667,279.566666666667
2022-11-12 17:00:00,21.4,182.666666666667,28.75,278.766666666667
2022-11-12 18:00:00,0.0,179.166666666667,31.6833333333333,278.183333333333
2022-11-12 19:00:00,0.0,180.666666666667,25.3166666666667,278.416666666667
2022-11-12 20:00:00,0.0,174.666666666667,29.0,277.8
2022-11-12 21:00:00,0.0,173.333333333333,27.5,277.55
2022-11-12 22:00:00,0.0,171.166666666667,25.55,277.783333333333
2022-11-12 23:00:00,0.0,169.0,23.3833333333333,278.05
2022-11-13 00:00:00,0.0,168.166666666667,25.8,277.55
2022-11-13 01:00:00,0.0,168.166666666667,25.2666666666667,277.683333333333
2022-11-13 02:00:00,0.0,168.666666666667,27.4166666666667,277.633333333333
2022-11-13 03:00:00,0.0,174.0,28.85,277.266666666667
2022-11-13 04:00:00,0.0,170.0,34.4166666666667,277.083333333333
2022-11-13 05:00:00,0.0,174.5,29.3666666666667,277.066666666667
2022-11-13 06:00:00,0.0,174.0,29.95,276.766666666667
2022-11-13 07:00:00,0.0,173.666666666667,34.4166666666667,277.216666666667
2022-11-13 08:00:00,40.35,175.666666666667,38.6166666666667,277.816666666667
2022-11-13 09:00:00,277.65,175.166666666667,27.0333333333333,278.383333333333
2022-11-13 10:00:00,478.65,175.0,22.1166666666667,277.466666666667
2022-11-13 11:00:00,581.566666666667,174.166666666667,34.1333333333333,275.366666666667
2022-11-13 12:00:00,633.5,171.5,36.3833333333333,275.533333333333
2022-11-13 13:00:00,632.783333333333,168.166666666667,21.0833333333333,277.566666666667
2022-11-13 14:00:00,541.433333333333,169.333333333333,21.2666666666667,277.4
2022-11-13 15:00:00,444.7,173.833333333333,29.7833333333333,276.583333333333
2022-11-13 16:00:00,264.183333333333,174.0,35.1166666666667,276.533333333333
2022-11-13 17:00:00,26.2833333333333,173.166666666667,42.3833333333333,275.15
2022-11-13 18:00:00,0.0,167.5,46.9,274.483333333333
2022-11-13 19:00:00,0.0,166.5,46.7833333333333,274.283333333333
2022-11-13 20:00:00,0.0,165.166666666667,49.95,273.616666666667
2022-11-13 21:00:00,0.0,164.333333333333,52.2166666666667,273.683333333333
2022-11-13 22:00:00,0.0,164.333333333333,55.1833333333333,273.516666666667
2022-11-13 23:00:00,0.0,167.166666666667,60.4,272.866666666667
2022-11-14 00:00:00,0.0,168.333333333333,68.2333333333333,272.233333333333
2022-11-14 01:00:00,0.0,170.833333333333,74.9166666666667,271.866666666667
2022-11-14 02:00:00,0.0,171.0,86.8666666666667,271.1
2022-11-14 03:00:00,0.0,174.666666666667,91.9833333333333,270.65
2022-11-14 04:00:00,0.0,174.333333333333,87.8,270.633333333333
2022-11-14 05:00:00,0.0,173.666666666667,85.6166666666667,270.55
2022-11-14 06:00:00,0.0,168.333333333333,76.3666666666667,271.0
2022-11-14 07:00:00,0.0,170.166666666667,78.3666666666667,270.816666666667
2022-11-14 08:00:00,13.4666666666667,165.333333333333,77.7166666666667,270.883333333333
2022-11-14 09:00:00,238.9,164.5,74.75,270.966666666667
2022-11-14 10:00:00,583.3,162.5,70.8833333333333,271.65
2022-11-14 11:00:00,539.966666666667,166.0,67.1833333333333,271.9
2022-11-14 12:00:00,638.85,167.5,64.6,272.25
2022-11-14 13:00:00,501.816666666667,169.166666666667,65.15,271.966666666667
2022-11-14 14:00:00,563.416666666667,163.666666666667,63.1166666666667,272.183333333333
2022-11-14 15:00:00,468.5,160.666666666667,59.8,272.483333333333
2022-11-14 16:00:00,257.5,161.166666666667,58.0833333333333,272.616666666667
2022-11-14 17:00:00,16.9333333333333,161.5,64.8166666666667,271.5
2022-11-14 18:00:00,0.0,165.0,73.3166666666667,270.416666666667
2022-11-14 19:00:00,0.0,166.333333333333,72.2666666666667,270.183333333333
2022-11-14 20:00:00,0.0,163.166666666667,67.7333333333333,271.0
2022-11-14 21:00:00,0.0,160.5,65.7833333333333,271.283333333333
2022-11-14 22:00:00,0.0,159.833333333333,63.4833333333333,271.983333333333
2022-11-14 23:00:00,0.0,160.0,64.1,272.0
2022-11-15 00:00:00,0.0,162.166666666667,66.4166666666667,271.683333333333
2022-11-15 01:00:00,0.0,160.666666666667,65.6833333333333,271.733333333333
2022-11-15 02:00:00,0.0,157.333333333333,64.8333333333333,271.916666666667
2022-11-15 03:00:00,0.0,157.5,63.2333333333333,272.133333333333
2022-11-15 04:00:00,0.0,159.5,63.1333333333333,272.0
2022-11-15 05:00:00,0.0,160.333333333333,62.7333333333333,271.883333333333
2022-11-15 06:00:00,0.0,156.666666666667,61.05,272.133333333333
2022-11-15 07:00:00,0.0,156.5,62.3166666666667,271.966666666667
2022-11-15 08:00:00,30.9833333333333,156.0,51.3,273.133333333333
2022-11-15 09:00:00,251.983333333333,154.833333333333,45.45,274.35
2022-11-15 10:00:00,457.1,155.166666666667,43.4,275.633333333333
2022-11-15 11:00:00,557.233333333333,163.166666666667,42.0333333333333,275.8
2022-11-15 12:00:00,612.166666666667,163.166666666667,41.6166666666667,276.183333333333
2022-11-15 13:00:00,607.1,162.0,44.7166666666667,276.4
2022-11-15 14:00:00,564.283333333333,156.666666666667,47.6666666666667,276.833333333333
2022-11-15 15:00:00,384.466666666667,159.666666666667,52.8333333333333,276.016666666667
2022-11-15 16:00:00,101.983333333333,160.5,58.0833333333333,275.033333333333
2022-11-15 17:00:00,17.2833333333333,162.5,62.7,273.816666666667
2022-11-15 18:00:00,0.0,163.166666666667,63.65,273.9
2022-11-15 19:00:00,0.0,161.0,63.8833333333333,274.266666666667
2022-11-15 20:00:00,0.0,160.833333333333,65.95,274.033333333333
2022-11-15 21:00:00,0.0,160.5,65.7333333333333,273.966666666667
2022-11-15 22:00:00,0.0,160.0,63.5333333333333,274.283333333333
2022-11-15 23:00:00,0.0,162.333333333333,65.45,273.866666666667
2022-11-16 00:00:00,0.0,160.166666666667,64.25,274.133333333333
2022-11-16 01:00:00,0.0,161.666666666667,64.0833333333333,274.416666666667
2022-11-16 02:00:00,0.0,160.0,63.05,274.733333333333
2022-11-16 03:00:00,0.0,160.0,67.3833333333333,274.35
2022-11-16 04:00:00,0.0,162.0,65.25,274.916666666667
2022-11-16 05:00:00,0.0,154.5,87.2166666666667,273.516666666667
2022-11-16 06:00:00,0.0,153.0,100.1,272.216666666667
2022-11-16 07:00:00,0.0,168.0,100.1,272.183333333333
2022-11-16 08:00:00,3.1,183.333333333333,100.1,272.05
2022-11-16 09:00:00,26.3166666666667,185.333333333333,100.133333333333,271.45
2022-11-16 10:00:00,66.5833333333333,186.833333333333,100.116666666667,271.533333333333
2022-11-16 11:00:00,136.05,185.333333333333,100.116666666667,272.066666666667
2022-11-16 12:00:00,83.2833333333334,194.166666666667,100.116666666667,271.6
2022-11-16 13:00:00,84.4833333333333,201.666666666667,100.133333333333,271.216666666667
2022-11-16 14:00:00,66.45,201.166666666667,100.116666666667,270.966666666667
2022-11-16 15:00:00,55.4166666666667,216.833333333333,100.1,270.683333333333
2022-11-16 16:00:00,20.25,234.833333333333,100.116666666667,270.416666666667
2022-11-16 17:00:00,4.68333333333333,247.333333333333,100.1,269.816666666667
2022-11-16 18:00:00,0.0,253.666666666667,100.116666666667,269.466666666667
2022-11-16 19:00:00,0.0,255.666666666667,100.1,268.7
2022-11-16 20:00:00,0.0,254.166666666667,100.1,268.65
2022-11-16 21:00:00,0.0,260.5,83.0,268.833333333333
2022-11-16 22:00:00,0.0,253.833333333333,58.55,270.1
2022-11-16 23:00:00,0.0,253.0,52.0833333333333,270.316666666667
2022-11-17 00:00:00,0.0,251.666666666667,45.75,270.783333333333
2022-11-17 01:00:00,0.0,254.5,40.5166666666667,271.45
2022-11-17 02:00:00,0.0,249.0,36.3666666666667,272.583333333333
2022-11-17 03:00:00,0.0,247.333333333333,38.9666666666667,272.533333333333
2022-11-17 04:00:00,0.0,246.833333333333,43.45,272.65
2022-11-17 05:00:00,0.0,248.333333333333,45.3666666666667,272.616666666667
2022-11-17 06:00:00,0.0,246.833333333333,48.0666666666667,273.716666666667
2022-11-17 07:00:00,0.0,242.666666666667,48.8833333333333,274.05
2022-11-17 08:00:00,20.7833333333333,241.666666666667,56.2,273.866666666667
2022-11-17 09:00:00,182.516666666667,242.0,55.05,274.183333333333
2022-11-17 10:00:00,471.0,244.666666666667,52.35,274.5
2022-11-17 11:00:00,569.016666666667,242.833333333333,55.3333333333333,274.316666666667
2022-11-17 12:00:00,592.516666666667,231.333333333333,67.2166666666667,274.233333333333
2022-11-17 13:00:00,539.05,233.0,83.85,272.783333333333
2022-11-17 14:00:00,626.233333333334,227.666666666667,83.4166666666667,273.016666666667
2022-11-17 15:00:00,269.666666666667,233.5,92.5666666666667,271.9
2022-11-17 16:00:00,119.7,237.166666666667,98.4,271.333333333333
2022-11-17 17:00:00,24.25,242.833333333333,100.15,270.433333333333
2022-11-17 18:00:00,0.0,244.5,71.0666666666667,271.95
2022-11-17 19:00:00,0.0,241.833333333333,53.9333333333333,272.65
2022-11-17 20:00:00,0.0,239.833333333333,46.5333333333333,273.033333333333
2022-11-17 21:00:00,0.0,239.666666666667,43.6,272.933333333333
2022-11-17 22:00:00,0.0,242.166666666667,55.3333333333333,271.733333333333
2022-11-17 23:00:00,0.0,243.333333333333,66.7,271.116666666667
2022-11-18 00:00:00,0.0,241.166666666667,65.6833333333333,271.266666666667
2022-11-18 01:00:00,0.0,241.5,65.4833333333333,271.266666666667
2022-11-18 02:00:00,0.0,241.5,64.3166666666667,271.333333333333
2022-11-18 03:00:00,0.0,241.166666666667,60.2,271.933333333333
2022-11-18 04:00:00,0.0,239.666666666667,60.0833333333333,271.95
2022-11-18 05:00:00,0.0,238.5,63.3833333333334,271.916666666667
2022-11-18 06:00:00,0.0,240.833333333333,89.5333333333334,269.633333333333
2022-11-18 07:00:00,0.0,252.333333333333,100.1,268.05
2022-11-18 08:00:00,10.3333333333333,264.333333333333,90.7666666666667,268.2
2022-11-18 09:00:00,51.9833333333333,261.0,81.0833333333333,268.483333333333
2022-11-18 10:00:00,150.616666666667,258.166666666667,71.4,268.683333333333
2022-11-18 11:00:00,256.9,258.0,82.5,268.483333333333
2022-11-18 12:00:00,214.5,255.5,95.7333333333333,268.316666666667
2022-11-18 13:00:00,402.866666666667,258.5,92.9333333333333,268.383333333333
2022-11-18 14:00:00,394.783333333333,265.166666666667,86.1166666666667,268.4
2022-11-18 15:00:00,147.966666666667,272.0,99.0333333333334,267.7
2022-11-18 16:00:00,116.65,295.833333333333,91.1333333333333,267.833333333333
2022-11-18 17:00:00,12.7166666666667,294.666666666667,89.5333333333334,267.666666666667
2022-11-18 18:00:00,0.0,284.5,94.9166666666667,267.35
2022-11-18 19:00:00,0.0,294.166666666667,93.0833333333333,267.3
2022-11-18 20:00:00,0.0,295.5,80.5833333333333,267.533333333333
2022-11-18 21:00:00,0.0,294.666666666667,92.1833333333333,267.0
2022-11-18 22:00:00,0.0,293.0,96.3,266.6
2022-11-18 23:00:00,0.0,293.333333333333,97.5333333333333,266.166666666667
2022-11-19 00:00:00,0.0,292.333333333333,92.7333333333333,265.883333333333
2022-11-19 01:00:00,0.0,289.5,89.5833333333333,265.733333333333
2022-11-19 02:00:00,0.0,287.5,71.5666666666667,266.066666666667
2022-11-19 03:00:00,0.0,286.166666666667,73.15,265.85
2022-11-19 04:00:00,0.0,285.833333333333,72.6833333333334,265.766666666667
2022-11-19 05:00:00,0.0,284.333333333333,74.5,265.3
2022-11-19 06:00:00,0.0,284.666666666667,77.0833333333333,264.916666666667
2022-11-19 07:00:00,0.0,281.333333333333,72.6,265.016666666667
2022-11-19 08:00:00,14.5333333333333,278.333333333333,67.7666666666667,265.15
2022-11-19 09:00:00,303.45,265.666666666667,61.65,266.7
2022-11-19 10:00:00,490.0,261.166666666667,63.75,267.533333333333
2022-11-19 11:00:00,575.483333333333,261.333333333333,66.35,267.4
2022-11-19 12:00:00,628.716666666667,263.5,71.3333333333333,267.183333333333
2022-11-19 13:00:00,617.666666666667,259.833333333333,69.5666666666667,267.783333333333
2022-11-19 14:00:00,553.15,258.333333333333,72.85,267.7
2022-11-19 15:00:00,487.833333333333,258.0,78.6666666666667,267.433333333333
2022-11-19 16:00:00,284.283333333333,267.0,82.7333333333333,266.866666666667
2022-11-19 17:00:00,22.3833333333333,269.833333333333,90.45,265.8
2022-11-19 18:00:00,0.0,271.333333333333,96.8333333333333,265.683333333333
2022-11-19 19:00:00,0.0,268.5,100.083333333333,265.366666666667
2022-11-19 20:00:00,0.0,258.166666666667,100.083333333333,265.3
2022-11-19 21:00:00,0.0,258.333333333333,100.083333333333,265.55
2022-11-19 22:00:00,0.0,266.833333333333,100.1,265.483333333333
2022-11-19 23:00:00,0.0,266.666666666667,100.1,265.316666666667
2022-11-20 00:00:00,0.0,271.0,100.1,264.733333333333
2022-11-20 01:00:00,0.0,267.833333333333,100.083333333333,264.383333333333
2022-11-20 02:00:00,0.0,261.666666666667,100.066666666667,264.183333333333
2022-11-20 03:00:00,0.0,264.833333333333,100.1,263.933333333333
2022-11-20 04:00:00,0.0,264.5,99.6666666666667,264.2
2022-11-20 05:00:00,0.0,258.5,98.05,264.383333333333
2022-11-20 06:00:00,0.0,249.666666666667,100.033333333333,264.283333333333
2022-11-20 07:00:00,0.0,257.666666666667,100.083333333333,264.366666666667
2022-11-20 08:00:00,8.21666666666667,262.833333333333,100.1,264.483333333333
2022-11-20 09:00:00,56.8,256.333333333333,100.05,264.733333333333
2022-11-20 10:00:00,169.4,249.333333333333,99.95,265.166666666667
2022-11-20 11:00:00,412.116666666667,265.666666666667,95.5166666666667,265.2
2022-11-20 12:00:00,791.95,266.666666666667,77.8,265.9
2022-11-20 13:00:00,789.6,264.0,73.4833333333333,266.316666666667
2022-11-20 14:00:00,773.366666666667,255.333333333333,74.0166666666667,266.816666666667
2022-11-20 15:00:00,577.183333333333,246.5,92.1,266.8
2022-11-20 16:00:00,143.883333333333,250.5,93.1,265.783333333333
2022-11-20 17:00:00,10.6,257.666666666667,96.6666666666667,264.983333333333
2022-11-20 18:00:00,0.0,258.0,100.05,264.516666666667
2022-11-20 19:00:00,0.0,265.833333333333,75.7833333333334,264.983333333333
2022-11-20 20:00:00,0.0,258.166666666667,52.7333333333333,265.8
2022-11-20 21:00:00,0.0,257.5,51.4333333333333,265.7
2022-11-20 22:00:00,0.0,255.833333333333,39.4,266.283333333333
2022-11-20 23:00:00,0.0,257.333333333333,44.3833333333333,266.15
2022-11-21 00:00:00,0.0,244.833333333333,57.5166666666667,266.283333333333
2022-11-21 01:00:00,0.0,243.666666666667,88.25,265.016666666667
2022-11-21 02:00:00,0.0,242.166666666667,74.0,265.533333333333
2022-11-21 03:00:00,0.0,242.5,87.6,264.8
2022-11-21 04:00:00,0.0,241.833333333333,93.3666666666667,264.166666666667
2022-11-21 05:00:00,0.0,259.166666666667,74.8666666666667,264.9
2022-11-21 06:00:00,0.0,259.0,88.3666666666667,264.4
2022-11-21 07:00:00,0.0,261.166666666667,81.2833333333334,264.75
2022-11-21 08:00:00,7.43333333333333,259.833333333333,87.85,264.683333333333
2022-11-21 09:00:00,82.8333333333333,263.5,88.0166666666667,264.883333333333
2022-11-21 10:00:00,251.7,262.5,86.7166666666667,264.866666666667
2022-11-21 11:00:00,553.933333333333,249.166666666667,79.8333333333333,265.533333333333
2022-11-21 12:00:00,621.45,247.666666666667,78.3833333333334,266.083333333333
2022-11-21 13:00:00,624.55,247.5,69.2,266.45
2022-11-21 14:00:00,536.633333333333,246.666666666667,57.7333333333333,267.683333333333
2022-11-21 15:00:00,427.416666666667,246.5,38.1333333333333,269.166666666667
2022-11-21 16:00:00,183.45,245.0,35.4333333333333,269.566666666667
2022-11-21 17:00:00,12.7166666666667,247.0,33.6333333333333,269.366666666667
2022-11-21 18:00:00,0.0,247.333333333333,34.1666666666667,269.316666666667
2022-11-21 19:00:00,0.0,243.333333333333,34.3666666666667,269.233333333333
2022-11-21 20:00:00,0.0,240.833333333333,33.3833333333333,269.5
2022-11-21 21:00:00,0.0,237.5,39.2333333333333,269.75
2022-11-21 22:00:00,0.0,238.166666666667,46.0666666666667,269.05
2022-11-21 23:00:00,0.0,238.333333333333,54.4166666666667,268.516666666667
2022-11-22 00:00:00,0.0,238.833333333333,64.6,268.533333333333
2022-11-22 01:00:00,0.0,241.0,61.85,269.583333333333
2022-11-22 02:00:00,0.0,241.166666666667,66.1166666666667,269.416666666667
2022-11-22 03:00:00,0.0,241.5,67.3333333333333,269.35
2022-11-22 04:00:00,0.0,241.833333333333,69.05,269.466666666667
2022-11-22 05:00:00,0.0,243.0,76.5166666666667,269.016666666667
2022-11-22 06:00:00,0.0,240.833333333333,96.8166666666667,267.9
2022-11-22 07:00:00,0.0,238.5,100.083333333333,266.833333333333
2022-11-22 08:00:00,1.55,241.0,100.1,265.933333333333
2022-11-22 09:00:00,13.7666666666667,307.333333333333,100.066666666667,266.166666666667
2022-11-22 10:00:00,57.55,362.5,100.083333333333,266.066666666667
2022-11-22 11:00:00,98.8,390.0,100.1,266.033333333333
2022-11-22 12:00:00,125.266666666667,422.333333333333,100.05,265.866666666667
2022-11-22 13:00:00,165.966666666667,447.5,100.083333333333,265.766666666667
2022-11-22 14:00:00,145.85,473.166666666667,100.083333333333,265.366666666667
2022-11-22 15:00:00,101.75,493.0,100.1,264.833333333333
2022-11-22 16:00:00,49.0666666666667,499.166666666667,100.066666666667,264.533333333333
2022-11-22 17:00:00,6.91666666666667,505.0,100.066666666667,264.133333333333
2022-11-22 18:00:00,0.0,510.833333333333,100.083333333333,263.716666666667
2022-11-22 19:00:00,0.0,504.333333333333,100.083333333333,263.433333333333
2022-11-22 20:00:00,0.0,506.833333333333,100.066666666667,263.533333333333
2022-11-22 21:00:00,0.0,509.833333333333,100.1,263.516666666667
2022-11-22 22:00:00,0.0,505.5,100.1,263.583333333333
2022-11-22 23:00:00,0.0,500.166666666667,100.1,263.716666666667
2022-11-23 00:00:00,0.0,493.833333333333,100.1,263.8
2022-11-23 01:00:00,0.0,494.5,100.083333333333,263.85
2022-11-23 02:00:00,0.0,490.5,100.1,264.033333333333
2022-11-23 03:00:00,0.0,488.666666666667,100.083333333333,264.2
2022-11-23 04:00:00,0.0,481.666666666667,100.1,264.116666666667
2022-11-23 05:00:00,0.0,482.0,100.1,264.083333333333
2022-11-23 06:00:00,0.0,483.833333333333,100.1,263.983333333333
2022-11-23 07:00:00,0.0,485.5,100.1,263.9
2022-11-23 08:00:00,7.1,487.0,100.1,263.65
2022-11-23 09:00:00,108.216666666667,485.833333333333,100.033333333333,263.183333333333
2022-11-23 10:00:00,399.383333333333,481.5,100.083333333333,264.683333333333
2022-11-23 11:00:00,448.266666666667,461.333333333333,100.15,266.316666666667
2022-11-23 12:00:00,524.8,462.5,100.15,266.183333333333
2022-11-23 13:00:00,576.983333333333,459.833333333333,100.133333333333,266.333333333333
2022-11-23 14:00:00,594.116666666667,460.166666666667,93.5166666666667,266.766666666667
2022-11-23 15:00:00,469.516666666667,474.166666666667,69.0333333333334,267.283333333333
2022-11-23 16:00:00,234.266666666667,471.0,59.2666666666667,267.233333333333
2022-11-23 17:00:00,10.0333333333333,485.166666666667,37.1,266.683333333333
2022-11-23 18:00:00,0.0,482.5,31.5833333333333,266.833333333333
2022-11-23 19:00:00,0.0,471.5,40.9166666666667,267.883333333333
2022-11-23 20:00:00,0.0,469.5,58.9666666666667,269.25
2022-11-23 21:00:00,0.0,469.833333333333,92.5333333333334,268.183333333333
2022-11-23 22:00:00,0.0,466.833333333333,95.1666666666667,267.25
2022-11-23 23:00:00,0.0,455.333333333333,78.8666666666667,268.316666666667
2022-11-24 00:00:00,0.0,414.333333333333,66.3333333333333,267.866666666667
2022-11-24 01:00:00,0.0,393.833333333333,63.7666666666667,267.033333333333
2022-11-24 02:00:00,0.0,383.5,63.55,266.95
2022-11-24 03:00:00,0.0,360.333333333333,70.7833333333333,267.016666666667
2022-11-24 04:00:00,0.0,357.333333333333,75.0833333333334,267.0
2022-11-24 05:00:00,0.0,356.0,77.2666666666667,266.716666666667
2022-11-24 06:00:00,0.0,355.333333333333,78.9666666666667,266.55
2022-11-24 07:00:00,0.0,354.833333333333,74.9833333333333,266.5
2022-11-24 08:00:00,14.5166666666667,352.833333333333,76.7333333333333,266.166666666667
2022-11-24 09:00:00,158.766666666667,350.666666666667,78.9333333333333,266.1
2022-11-24 10:00:00,251.683333333333,349.166666666667,74.6166666666667,266.566666666667
2022-11-24 11:00:00,281.45,347.666666666667,81.6833333333334,266.616666666667
2022-11-24 12:00:00,567.466666666667,345.5,83.1333333333333,267.15
2022-11-24 13:00:00,380.116666666667,350.333333333333,86.7166666666667,267.066666666667
2022-11-24 14:00:00,459.45,345.5,96.7166666666667,266.916666666667
2022-11-24 15:00:00,338.416666666667,344.666666666667,80.7,266.966666666667
2022-11-24 16:00:00,119.983333333333,330.666666666667,67.6666666666667,267.033333333333
2022-11-24 17:00:00,14.5333333333333,321.5,67.85,266.933333333333
2022-11-24 18:00:00,0.0,312.333333333333,62.8666666666667,266.783333333333
2022-11-24 19:00:00,0.0,303.666666666667,58.4,266.283333333333
2022-11-24 20:00:00,0.0,294.833333333333,43.75,266.65
2022-11-24 21:00:00,0.0,267.166666666667,32.9,267.283333333333
2022-11-24 22:00:00,0.0,264.833333333333,22.1,268.35
2022-11-24 23:00:00,0.0,263.166666666667,17.7833333333333,268.983333333333
2022-11-25 00:00:00,0.0,262.0,17.75,269.0
2022-11-25 01:00:00,0.0,260.666666666667,17.4,268.95
2022-11-25 02:00:00,0.0,264.666666666667,16.2333333333333,269.35
2022-11-25 03:00:00,0.0,264.833333333333,16.6,269.75
2022-11-25 04:00:00,0.0,265.5,16.7666666666667,270.466666666667
2022-11-25 05:00:00,0.0,267.333333333333,17.2,270.366666666667
2022-11-25 06:00:00,0.0,263.333333333333,18.55,270.583333333333
2022-11-25 07:00:00,0.0,260.166666666667,20.0833333333333,270.2
2022-11-25 08:00:00,11.65,260.166666666667,20.15,270.166666666667
2022-11-25 09:00:00,154.933333333333,260.166666666667,16.6666666666667,271.116666666667
2022-11-25 10:00:00,419.316666666667,243.5,21.2833333333333,271.633333333333
2022-11-25 11:00:00,571.216666666667,234.166666666667,25.9833333333333,272.383333333333
2022-11-25 12:00:00,591.266666666667,239.833333333333,28.1333333333333,272.25
2022-11-25 13:00:00,600.566666666667,239.166666666667,32.2333333333333,271.783333333333
2022-11-25 14:00:00,545.75,244.666666666667,29.1,271.55
2022-11-25 15:00:00,394.116666666667,248.0,31.4833333333333,271.35
2022-11-25 16:00:00,137.983333333333,258.0,35.75,270.466666666667
2022-11-25 17:00:00,10.15,268.333333333333,36.65,269.3
2022-11-25 18:00:00,0.0,268.666666666667,39.8,268.466666666667
2022-11-25 19:00:00,0.0,268.5,42.3833333333333,267.983333333333
2022-11-25 20:00:00,0.0,268.5,45.35,268.266666666667
2022-11-25 21:00:00,0.0,269.666666666667,50.55,267.633333333333
2022-11-25 22:00:00,0.0,269.166666666667,58.95,267.233333333333
2022-11-25 23:00:00,0.0,269.0,73.7333333333333,266.45
2022-11-26 00:00:00,0.0,268.5,90.0,266.083333333333
2022-11-26 01:00:00,0.0,269.5,99.6333333333333,265.9
2022-11-26 02:00:00,0.0,274.166666666667,100.1,266.133333333333
2022-11-26 03:00:00,0.0,262.666666666667,100.1,265.833333333333
2022-11-26 04:00:00,0.0,259.5,100.1,265.683333333333
2022-11-26 05:00:00,0.0,248.166666666667,100.1,265.3
2022-11-26 06:00:00,0.0,256.0,100.1,265.083333333333
2022-11-26 07:00:00,0.0,259.166666666667,100.1,264.883333333333
2022-11-26 08:00:00,4.88333333333333,264.5,100.1,264.316666666667
2022-11-26 09:00:00,137.083333333333,265.0,100.1,264.466666666667
2022-11-26 10:00:00,302.166666666667,256.0,100.083333333333,265.166666666667
2022-11-26 11:00:00,224.216666666667,256.833333333333,100.1,265.283333333333
2022-11-26 12:00:00,368.066666666667,258.333333333333,100.083333333333,265.616666666667
2022-11-26 13:00:00,344.533333333333,256.0,100.083333333333,265.616666666667
2022-11-26 14:00:00,279.25,256.5,100.083333333333,265.516666666667
2022-11-26 15:00:00,405.333333333333,249.333333333333,99.2166666666667,266.0
2022-11-26 16:00:00,71.9666666666667,250.833333333333,99.9833333333333,265.433333333333
2022-11-26 17:00:00,9.46666666666667,251.166666666667,98.3333333333333,264.916666666667
2022-11-26 18:00:00,0.0,249.0,88.0333333333334,264.466666666667
2022-11-26 19:00:00,0.0,249.333333333333,69.7166666666667,264.6
2022-11-26 20:00:00,0.0,245.5,51.65,264.833333333333
2022-11-26 21:00:00,0.0,247.166666666667,52.3166666666667,264.583333333333
2022-11-26 22:00:00,0.0,246.0,42.6333333333333,265.066666666667
2022-11-26 23:00:00,0.0,244.166666666667,22.5666666666667,266.45
2022-11-27 00:00:00,0.0,247.5,17.2666666666667,266.883333333333
2022-11-27 01:00:00,0.0,240.5,21.5833333333333,266.883333333333
2022-11-27 02:00:00,0.0,244.833333333333,21.5833333333333,267.133333333333
2022-11-27 03:00:00,0.0,247.0,18.5166666666667,267.616666666667
2022-11-27 04:00:00,0.0,255.5,15.1333333333333,267.9
2022-11-27 05:00:00,0.0,263.166666666667,13.1333333333333,268.1
2022-11-27 06:00:00,0.0,260.5,14.3333333333333,268.133333333333
2022-11-27 07:00:00,0.0,253.833333333333,17.8666666666667,268.033333333333
2022-11-27 08:00:00,9.08333333333333,255.166666666667,16.7833333333333,268.383333333333
2022-11-27 09:00:00,176.816666666667,257.833333333333,12.6166666666667,269.516666666667
2022-11-27 10:00:00,424.733333333333,254.833333333333,12.4666666666667,270.616666666667
2022-11-27 11:00:00,522.466666666667,256.0,13.15,271.35
2022-11-27 12:00:00,584.85,253.0,14.2333333333333,272.15
2022-11-27 13:00:00,586.3,250.0,20.4666666666667,272.333333333333
2022-11-27 14:00:00,535.633333333333,251.0,22.6166666666667,272.333333333333
2022-11-27 15:00:00,429.933333333333,250.666666666667,24.1666666666667,271.966666666667
2022-11-27 16:00:00,180.15,255.333333333333,22.35,271.533333333333
2022-11-27 17:00:00,9.25,264.166666666667,24.1666666666667,270.433333333333
2022-11-27 18:00:00,0.0,262.5,25.8,270.483333333333
2022-11-27 19:00:00,0.0,262.166666666667,29.3166666666667,270.766666666667
2022-11-27 20:00:00,0.0,255.833333333333,30.4,271.533333333333
2022-11-27 21:00:00,0.0,258.833333333333,26.1833333333333,272.05
2022-11-27 22:00:00,0.0,258.666666666667,29.0666666666667,271.933333333333
2022-11-27 23:00:00,0.0,253.5,29.1166666666667,272.216666666667
2022-11-28 00:00:00,0.0,258.5,24.6166666666667,272.95
2022-11-28 01:00:00,0.0,256.333333333333,24.9,272.65
2022-11-28 02:00:00,0.0,261.0,26.1333333333333,272.466666666667
2022-11-28 03:00:00,0.0,260.333333333333,29.3333333333333,272.25
2022-11-28 04:00:00,0.0,259.833333333333,31.8833333333333,271.933333333333
2022-11-28 05:00:00,0.0,259.0,30.7666666666667,271.75
2022-11-28 06:00:00,0.0,261.333333333333,38.45,271.55
2022-11-28 07:00:00,0.0,264.0,64.7166666666667,270.45
2022-11-28 08:00:00,2.78333333333333,265.833333333333,88.2833333333334,269.383333333333
2022-11-28 09:00:00,42.1,268.0,99.8666666666667,268.516666666667
2022-11-28 10:00:00,140.833333333333,270.333333333333,99.2166666666667,268.7
2022-11-28 11:00:00,188.95,266.666666666667,85.2333333333333,270.483333333333
2022-11-28 12:00:00,222.1,262.166666666667,91.6166666666667,270.75
2022-11-28 13:00:00,220.783333333333,260.666666666667,100.1,269.866666666667
2022-11-28 14:00:00,158.666666666667,263.0,99.15,270.166666666667
2022-11-28 15:00:00,100.416666666667,272.5,100.183333333333,269.716666666667
2022-11-28 16:00:00,41.4,285.166666666667,100.1,269.316666666667
2022-11-28 17:00:00,4.7,288.333333333333,100.1,268.983333333333
2022-11-28 18:00:00,0.0,291.333333333333,100.1,268.816666666667
2022-11-28 19:00:00,0.0,291.166666666667,100.1,268.75
2022-11-28 20:00:00,0.0,292.5,100.1,268.633333333333
2022-11-28 21:00:00,0.0,293.833333333333,100.1,268.516666666667
2022-11-28 22:00:00,0.0,296.333333333333,100.1,268.4
2022-11-28 23:00:00,0.0,298.0,100.1,268.2
2022-11-29 00:00:00,0.0,301.166666666667,100.1,268.05
2022-11-29 01:00:00,0.0,301.833333333333,100.083333333333,267.95
2022-11-29 02:00:00,0.0,303.166666666667,100.1,267.866666666667
2022-11-29 03:00:00,0.0,306.666666666667,100.1,267.766666666667
2022-11-29 04:00:00,0.0,308.666666666667,100.1,267.683333333333
2022-11-29 05:00:00,0.0,315.166666666667,100.1,267.533333333333
2022-11-29 06:00:00,0.0,320.166666666667,100.1,267.216666666667
2022-11-29 07:00:00,0.0,328.833333333333,100.1,267.233333333333
2022-11-29 08:00:00,1.35,341.166666666667,100.1,267.083333333333
2022-11-29 09:00:00,18.9833333333333,342.166666666667,100.083333333333,267.133333333333
2022-11-29 10:00:00,43.9,342.166666666667,100.1,267.233333333333
2022-11-29 11:00:00,65.7,343.333333333333,100.083333333333,267.283333333333
2022-11-29 12:00:00,83.5833333333333,351.333333333333,100.083333333333,267.466666666667
2022-11-29 13:00:00,73.8,360.333333333333,100.1,267.383333333333
2022-11-29 14:00:00,70.2666666666667,370.833333333333,100.1,267.533333333333
2022-11-29 15:00:00,46.6166666666667,379.833333333333,100.1,267.4
2022-11-29 16:00:00,17.4666666666667,390.166666666667,100.083333333333,267.05
2022-11-29 17:00:00,2.33333333333333,401.166666666667,100.066666666667,266.816666666667
2022-11-29 18:00:00,0.0,405.666666666667,100.083333333333,266.683333333333
2022-11-29 19:00:00,0.0,404.166666666667,100.1,266.6
2022-11-29 20:00:00,0.0,407.833333333333,100.1,266.566666666667
2022-11-29 21:00:00,0.0,410.0,100.1,266.55
2022-11-29 22:00:00,0.0,413.666666666667,100.1,266.5
2022-11-29 23:00:00,0.0,414.666666666667,100.1,266.45
2022-11-30 00:00:00,0.0,415.166666666667,100.1,266.55
2022-11-30 01:00:00,0.0,416.833333333333,100.083333333333,266.383333333333
2022-11-30 02:00:00,0.0,415.666666666667,100.1,266.233333333333
2022-11-30 03:00:00,0.0,414.5,100.1,266.233333333333
2022-11-30 04:00:00,0.0,413.166666666667,100.1,266.066666666667
2022-11-30 05:00:00,0.0,411.333333333333,100.1,265.866666666667
2022-11-30 06:00:00,0.0,410.5,100.1,265.333333333333
2022-11-30 07:00:00,0.0,413.0,100.1,265.166666666667
2022-11-30 08:00:00,1.4,414.166666666667,100.1,264.8
2022-11-30 09:00:00,21.5666666666667,407.166666666667,100.083333333333,264.95
2022-11-30 10:00:00,134.15,404.166666666667,100.083333333333,264.75
2022-11-30 11:00:00,145.2,393.0,100.1,266.033333333333
2022-11-30 12:00:00,121.366666666667,394.833333333333,100.1,266.283333333333
2022-11-30 13:00:00,94.0666666666667,392.833333333333,100.083333333333,266.516666666667
2022-11-30 14:00:00,119.3,391.833333333333,100.1,266.15
2022-11-30 15:00:00,61.2,389.166666666667,100.1,266.45
2022-11-30 16:00:00,18.5666666666667,396.833333333333,100.083333333333,265.066666666667
2022-11-30 17:00:00,2.68333333333333,398.5,100.066666666667,264.366666666667
2022-11-30 18:00:00,0.0,397.666666666667,100.05,264.516666666667
2022-11-30 19:00:00,0.0,401.833333333333,100.1,264.083333333333
2022-11-30 20:00:00,0.0,419.833333333333,99.4,264.533333333333
2022-11-30 21:00:00,0.0,413.0,94.55,264.2
2022-11-30 22:00:00,0.0,411.333333333333,76.6666666666667,265.916666666667
2022-11-30 23:00:00,0.0,407.666666666667,72.8,266.283333333333
2022-12-01 00:00:00,0.0,403.666666666667,80.0,266.466666666667
2022-12-01 01:00:00,0.0,403.666666666667,89.15,266.483333333333
2022-12-01 02:00:00,0.0,400.666666666667,84.4666666666667,266.616666666667
2022-12-01 03:00:00,0.0,392.833333333333,74.7666666666667,266.75
2022-12-01 04:00:00,0.0,391.166666666667,75.2666666666667,266.733333333333
2022-12-01 05:00:00,0.0,389.166666666667,79.6666666666667,266.383333333333
2022-12-01 06:00:00,0.0,387.666666666667,76.3166666666667,266.5
2022-12-01 07:00:00,0.0,387.5,81.95,266.466666666667
2022-12-01 08:00:00,2.65,383.5,76.7333333333333,267.033333333333
2022-12-01 09:00:00,37.7833333333333,382.166666666667,77.0833333333333,267.05
2022-12-01 10:00:00,73.1166666666667,382.833333333333,79.25,267.816666666667
2022-12-01 11:00:00,151.516666666667,374.0,72.5,268.583333333333
2022-12-01 12:00:00,233.15,366.5,65.4,270.066666666667
2022-12-01 13:00:00,280.816666666667,356.833333333333,71.2666666666667,270.0
2022-12-01 14:00:00,399.75,366.166666666667,74.4,269.55
2022-12-01 15:00:00,402.2,358.0,72.8333333333333,269.683333333333
2022-12-01 16:00:00,159.433333333333,368.0,84.9833333333333,268.383333333333
2022-12-01 17:00:00,10.7166666666667,378.666666666667,79.8166666666667,267.183333333333
2022-12-01 18:00:00,0.0,375.0,62.3,267.6
2022-12-01 19:00:00,0.0,374.0,52.1666666666667,267.783333333333
2022-12-01 20:00:00,0.0,371.833333333333,42.8833333333333,268.033333333333
2022-12-01 21:00:00,0.0,368.666666666667,38.2166666666667,268.3
2022-12-01 22:00:00,0.0,370.333333333333,43.9333333333333,268.966666666667
2022-12-01 23:00:00,0.0,372.5,50.7666666666667,269.2
2022-12-02 00:00:00,0.0,373.166666666667,68.9166666666667,268.983333333333
2022-12-02 01:00:00,0.0,370.5,76.75,268.85
2022-12-02 02:00:00,0.0,366.333333333333,73.9833333333333,268.366666666667
2022-12-02 03:00:00,0.0,365.833333333333,73.3833333333334,268.283333333333
2022-12-02 04:00:00,0.0,368.0,72.3,268.633333333333
2022-12-02 05:00:00,0.0,368.5,89.6333333333333,268.5
2022-12-02 06:00:00,0.0,371.666666666667,92.7,268.416666666667
2022-12-02 07:00:00,0.0,375.333333333333,89.6333333333333,268.283333333333
2022-12-02 08:00:00,6.08333333333333,378.0,91.0166666666667,267.95
2022-12-02 09:00:00,63.7833333333333,376.0,85.1333333333333,268.033333333333
2022-12-02 10:00:00,165.533333333333,372.333333333333,91.95,267.866666666667
2022-12-02 11:00:00,351.166666666667,365.5,91.3,268.5
2022-12-02 12:00:00,279.483333333333,372.666666666667,92.2833333333333,268.2
2022-12-02 13:00:00,443.9,371.166666666667,89.5666666666667,268.383333333333
2022-12-02 14:00:00,434.45,370.833333333333,82.1,268.4
2022-12-02 15:00:00,346.5,367.833333333333,82.9166666666667,267.983333333333
2022-12-02 16:00:00,143.1,373.5,88.5166666666667,266.95
2022-12-02 17:00:00,11.6,374.5,86.0333333333334,266.516666666667
2022-12-02 18:00:00,0.0,375.5,83.2333333333333,266.416666666667
2022-12-02 19:00:00,0.0,371.5,82.5333333333333,266.15
2022-12-02 20:00:00,0.0,373.0,83.9833333333333,265.8
2022-12-02 21:00:00,0.0,371.5,82.6,265.483333333333
2022-12-02 22:00:00,0.0,371.5,83.55,264.966666666667
2022-12-02 23:00:00,0.0,370.0,76.0,265.066666666667
2022-12-03 00:00:00,0.0,359.333333333333,70.2666666666667,265.366666666667
2022-12-03 01:00:00,0.0,343.333333333333,66.0833333333333,265.566666666667
2022-12-03 02:00:00,0.0,317.166666666667,64.4666666666667,265.533333333333
2022-12-03 03:00:00,0.0,306.5,62.1666666666667,265.866666666667
2022-12-03 04:00:00,0.0,298.833333333333,50.2166666666667,266.65
2022-12-03 05:00:00,0.0,300.166666666667,49.9333333333333,266.566666666667
2022-12-03 06:00:00,0.0,296.333333333333,47.2,266.783333333333
2022-12-03 07:00:00,0.0,295.0,43.2333333333333,267.266666666667
2022-12-03 08:00:00,2.98333333333333,295.666666666667,44.0166666666667,268.833333333333
2022-12-03 09:00:00,68.6666666666667,300.166666666667,57.4,268.7
2022-12-03 10:00:00,186.483333333333,295.166666666667,69.7666666666667,268.783333333333
2022-12-03 11:00:00,205.216666666667,300.0,73.2,269.15
2022-12-03 12:00:00,469.25,304.833333333333,74.4833333333333,269.883333333333
2022-12-03 13:00:00,428.033333333333,304.166666666667,72.7833333333333,270.0
2022-12-03 14:00:00,225.016666666667,307.5,75.6833333333333,269.85
2022-12-03 15:00:00,116.766666666667,298.666666666667,81.7166666666667,269.55
2022-12-03 16:00:00,54.1666666666667,298.166666666667,85.4333333333333,269.916666666667
2022-12-03 17:00:00,8.81666666666667,296.833333333333,83.5833333333333,270.05
2022-12-03 18:00:00,0.0,299.833333333333,80.7333333333333,270.216666666667
2022-12-03 19:00:00,0.0,300.833333333333,82.0166666666667,270.233333333333
2022-12-03 20:00:00,0.0,306.333333333333,80.8166666666667,270.183333333333
2022-12-03 21:00:00,0.0,307.666666666667,80.0666666666667,270.516666666667
2022-12-03 22:00:00,0.0,311.166666666667,78.5666666666667,270.766666666667
2022-12-03 23:00:00,0.0,307.666666666667,76.5666666666667,270.966666666667
2022-12-04 00:00:00,0.0,304.333333333333,77.5,271.15
2022-12-04 01:00:00,0.0,300.5,77.65,271.3
2022-12-04 02:00:00,0.0,296.166666666667,76.7833333333334,271.383333333333
2022-12-04 03:00:00,0.0,288.666666666667,70.3833333333333,271.616666666667
2022-12-04 04:00:00,0.0,289.5,73.1,271.35
2022-12-04 05:00:00,0.0,290.666666666667,73.2666666666667,271.2
2022-12-04 06:00:00,0.0,294.333333333333,75.8833333333333,270.883333333333
2022-12-04 07:00:00,0.0,286.833333333333,76.1166666666667,270.75
2022-12-04 08:00:00,4.53333333333333,284.166666666667,73.0666666666667,271.316666666667
2022-12-04 09:00:00,70.4666666666667,277.333333333333,87.7666666666667,270.65
2022-12-04 10:00:00,115.533333333333,283.0,94.35,270.383333333333
2022-12-04 11:00:00,161.75,284.333333333333,96.8333333333333,270.366666666667
2022-12-04 12:00:00,172.9,284.833333333333,98.3333333333333,270.416666666667
2022-12-04 13:00:00,172.633333333333,288.166666666667,100.166666666667,270.133333333333
2022-12-04 14:00:00,142.766666666667,300.333333333333,97.9666666666667,270.316666666667
2022-12-04 15:00:00,84.05,301.166666666667,98.7166666666667,270.183333333333
2022-12-04 16:00:00,34.9166666666667,313.5,99.8333333333333,270.2
2022-12-04 17:00:00,4.13333333333333,337.166666666667,94.6333333333333,270.266666666667
2022-12-04 18:00:00,0.0,312.666666666667,80.8666666666667,270.633333333333
2022-12-04 19:00:00,0.0,317.166666666667,78.9,270.3
2022-12-04 20:00:00,0.0,322.166666666667,77.2666666666667,269.933333333333
2022-12-04 21:00:00,0.0,326.333333333333,76.1333333333333,269.516666666667
2022-12-04 22:00:00,0.0,361.666666666667,67.0,269.6
2022-12-04 23:00:00,0.0,353.666666666667,66.55,269.383333333333
2022-12-05 00:00:00,0.0,315.833333333333,69.35,269.183333333333
2022-12-05 01:00:00,0.0,314.0,70.15,269.283333333333
2022-12-05 02:00:00,0.0,310.0,72.9,269.35
2022-12-05 03:00:00,0.0,282.333333333333,65.2833333333333,269.9
2022-12-05 04:00:00,0.0,279.0,68.4666666666667,269.916666666667
2022-12-05 05:00:00,0.0,279.833333333333,82.2333333333333,269.316666666667
2022-12-05 06:00:00,0.0,277.666666666667,90.1333333333333,268.983333333333
2022-12-05 07:00:00,0.0,277.0,91.1,268.916666666667
2022-12-05 08:00:00,2.55,286.666666666667,86.3666666666667,269.166666666667
2022-12-05 09:00:00,73.8833333333334,291.5,78.3166666666667,269.383333333333
2022-12-05 10:00:00,283.266666666667,292.166666666667,73.9166666666667,269.25
2022-12-05 11:00:00,423.083333333333,300.666666666667,66.9,269.25
2022-12-05 12:00:00,377.3,307.166666666667,72.9,268.9
2022-12-05 13:00:00,392.866666666667,307.833333333333,73.9833333333333,268.766666666667
2022-12-05 14:00:00,296.816666666667,307.5,80.3,268.383333333333
2022-12-05 15:00:00,182.666666666667,305.333333333333,100.066666666667,267.2
2022-12-05 16:00:00,52.2666666666667,302.0,100.1,266.616666666667
2022-12-05 17:00:00,3.56666666666667,313.0,100.083333333333,265.816666666667
2022-12-05 18:00:00,0.0,355.5,100.1,264.833333333333
2022-12-05 19:00:00,0.0,433.0,100.1,263.716666666667
2022-12-05 20:00:00,0.0,477.5,100.1,263.416666666667
2022-12-05 21:00:00,0.0,490.166666666667,100.1,263.1
2022-12-05 22:00:00,0.0,486.5,100.066666666667,262.866666666667
2022-12-05 23:00:00,0.0,482.333333333333,100.016666666667,262.283333333333
2022-12-06 00:00:00,0.0,476.0,100.0,262.016666666667
2022-12-06 01:00:00,0.0,470.333333333333,99.9666666666667,261.666666666667
2022-12-06 02:00:00,0.0,473.5,99.8,261.383333333333
2022-12-06 03:00:00,0.0,477.666666666667,99.15,261.383333333333
2022-12-06 04:00:00,0.0,473.5,97.5833333333334,261.333333333333
2022-12-06 05:00:00,0.0,474.166666666667,88.1666666666667,261.95
2022-12-06 06:00:00,0.0,478.0,78.3333333333333,262.683333333333
2022-12-06 07:00:00,0.0,477.0,71.4,263.016666666667
2022-12-06 08:00:00,3.1,471.333333333333,71.4833333333333,263.116666666667
2022-12-06 09:00:00,151.7,461.833333333333,68.6,264.883333333333
2022-12-06 10:00:00,362.266666666667,446.0,60.3166666666667,267.166666666667
2022-12-06 11:00:00,483.0,442.666666666667,51.6666666666667,268.383333333333
2022-12-06 12:00:00,574.3,439.166666666667,59.2333333333334,267.633333333333
2022-12-06 13:00:00,576.866666666667,446.333333333333,51.1166666666667,267.516666666667
2022-12-06 14:00:00,297.6,451.666666666667,56.8,267.033333333333
2022-12-06 15:00:00,218.033333333333,447.666666666667,58.55,267.166666666667
2022-12-06 16:00:00,193.466666666667,444.5,62.4,267.4
2022-12-06 17:00:00,9.48333333333333,448.833333333333,65.5666666666667,266.6
2022-12-06 18:00:00,0.0,447.0,67.0333333333334,266.3
2022-12-06 19:00:00,0.0,446.333333333333,67.6833333333333,266.566666666667
2022-12-06 20:00:00,0.0,445.5,68.85,266.516666666667
2022-12-06 21:00:00,0.0,444.666666666667,71.35,266.083333333333
2022-12-06 22:00:00,0.0,442.833333333333,70.6333333333333,266.066666666667
2022-12-06 23:00:00,0.0,443.5,69.3833333333333,266.083333333333
2022-12-07 00:00:00,0.0,441.5,69.6833333333333,265.85
2022-12-07 01:00:00,0.0,439.666666666667,70.7,265.683333333333
2022-12-07 02:00:00,0.0,439.333333333333,69.3333333333333,265.666666666667
2022-12-07 03:00:00,0.0,438.0,70.1166666666667,265.416666666667
2022-12-07 04:00:00,0.0,437.833333333333,70.5833333333333,265.233333333333
2022-12-07 05:00:00,0.0,435.166666666667,68.5166666666667,265.083333333333
2022-12-07 06:00:00,0.0,433.166666666667,68.9333333333333,264.85
2022-12-07 07:00:00,0.0,434.333333333333,67.3333333333333,265.133333333333
2022-12-07 08:00:00,3.21666666666667,433.666666666667,70.2666666666667,264.8
2022-12-07 09:00:00,87.3,431.0,68.8666666666667,264.966666666667
2022-12-07 10:00:00,356.7,423.833333333333,73.6333333333333,264.883333333333
2022-12-07 11:00:00,476.333333333333,422.166666666667,89.1333333333333,263.966666666667
2022-12-07 12:00:00,554.05,423.0,83.2833333333333,264.783333333333
2022-12-07 13:00:00,514.25,417.666666666667,96.3,263.733333333333
2022-12-07 14:00:00,428.8,420.333333333333,100.05,262.933333333333
2022-12-07 15:00:00,427.333333333333,411.5,81.1666666666667,265.1
2022-12-07 16:00:00,170.45,418.333333333333,51.3666666666667,265.683333333333
2022-12-07 17:00:00,7.18333333333333,424.166666666667,53.0666666666667,264.566666666667
2022-12-07 18:00:00,0.0,417.0,46.2166666666667,264.066666666667
2022-12-07 19:00:00,0.0,417.333333333333,38.6666666666667,264.333333333333
2022-12-07 20:00:00,0.0,416.166666666667,29.75,265.2
2022-12-07 21:00:00,0.0,415.166666666667,28.1333333333333,265.216666666667
2022-12-07 22:00:00,0.0,414.0,28.0333333333333,265.033333333333
2022-12-07 23:00:00,0.0,412.0,27.4166666666667,264.7
2022-12-08 00:00:00,0.0,409.5,25.2333333333333,264.966666666667
2022-12-08 01:00:00,0.0,413.333333333333,24.6,264.583333333333
2022-12-08 02:00:00,0.0,414.166666666667,23.7833333333333,264.5
2022-12-08 03:00:00,0.0,410.333333333333,22.0,265.033333333333
2022-12-08 04:00:00,0.0,404.833333333333,19.1166666666667,265.716666666667
2022-12-08 05:00:00,0.0,406.0,18.45,265.666666666667
2022-12-08 06:00:00,0.0,404.333333333333,19.0,265.933333333333
2022-12-08 07:00:00,0.0,406.333333333333,22.2666666666667,265.916666666667
2022-12-08 08:00:00,3.53333333333333,410.833333333333,21.05,266.133333333333
2022-12-08 09:00:00,126.383333333333,406.5,19.55,266.7
2022-12-08 10:00:00,389.5,403.166666666667,17.85,267.666666666667
2022-12-08 11:00:00,509.1,405.333333333333,20.0833333333333,268.066666666667
2022-12-08 12:00:00,571.933333333334,397.333333333333,23.2333333333333,267.95
2022-12-08 13:00:00,576.883333333333,387.333333333333,23.6,268.85
2022-12-08 14:00:00,527.3,390.166666666667,26.05,268.65
2022-12-08 15:00:00,423.266666666667,387.833333333333,28.1166666666667,268.683333333333
2022-12-08 16:00:00,164.916666666667,387.333333333333,28.8,268.3
2022-12-08 17:00:00,7.7,394.833333333333,31.15,267.116666666667
2022-12-08 18:00:00,0.0,394.0,29.6666666666667,267.133333333333
2022-12-08 19:00:00,0.0,394.0,29.7666666666667,266.833333333333
2022-12-08 20:00:00,0.0,396.666666666667,33.05,266.866666666667
2022-12-08 21:00:00,0.0,397.5,36.2,267.0
2022-12-08 22:00:00,0.0,395.0,34.15,266.9
2022-12-08 23:00:00,0.0,394.0,31.8,266.833333333333
2022-12-09 00:00:00,0.0,392.666666666667,35.1333333333333,267.066666666667
2022-12-09 01:00:00,0.0,390.666666666667,38.6666666666667,267.283333333333
2022-12-09 02:00:00,0.0,387.833333333333,40.5166666666667,268.433333333333
2022-12-09 03:00:00,0.0,384.5,43.9166666666667,268.433333333333
2022-12-09 04:00:00,0.0,385.5,60.9166666666667,268.166666666667
2022-12-09 05:00:00,0.0,385.666666666667,68.1666666666667,268.233333333333
2022-12-09 06:00:00,0.0,384.0,67.85,268.766666666667
2022-12-09 07:00:00,0.0,382.166666666667,66.1166666666667,269.016666666667
2022-12-09 08:00:00,1.21666666666667,381.5,69.95,268.933333333333
2022-12-09 09:00:00,42.2,380.166666666667,80.3333333333333,269.033333333333
2022-12-09 10:00:00,106.283333333333,378.333333333333,78.1333333333333,269.616666666667
2022-12-09 11:00:00,139.4,378.833333333333,81.8666666666667,270.233333333333
2022-12-09 12:00:00,146.266666666667,380.166666666667,81.9,270.666666666667
2022-12-09 13:00:00,346.6,373.833333333333,80.8,270.833333333333
2022-12-09 14:00:00,298.5,366.0,75.3666666666667,271.033333333333
2022-12-09 15:00:00,144.8,370.333333333333,93.5666666666667,270.083333333333
2022-12-09 16:00:00,64.65,370.833333333333,82.85,270.666666666667
2022-12-09 17:00:00,4.58333333333333,369.333333333333,93.9166666666667,270.05
2022-12-09 18:00:00,0.0,369.666666666667,99.5166666666667,269.266666666667
2022-12-09 19:00:00,0.0,374.0,100.116666666667,268.5
2022-12-09 20:00:00,0.0,384.666666666667,100.1,268.333333333333
2022-12-09 21:00:00,0.0,390.833333333333,100.1,268.183333333333
2022-12-09 22:00:00,0.0,391.833333333333,100.1,267.95
2022-12-09 23:00:00,0.0,389.333333333333,100.1,267.8
2022-12-10 00:00:00,0.0,386.333333333333,100.016666666667,267.483333333333
2022-12-10 01:00:00,0.0,386.333333333333,98.5666666666667,267.9
2022-12-10 02:00:00,0.0,385.666666666667,100.1,267.283333333333
2022-12-10 03:00:00,0.0,382.833333333333,100.083333333333,266.983333333333
2022-12-10 04:00:00,0.0,380.166666666667,100.066666666667,267.283333333333
2022-12-10 05:00:00,0.0,375.166666666667,100.1,267.266666666667
2022-12-10 06:00:00,0.0,376.666666666667,100.1,267.266666666667
2022-12-10 07:00:00,0.0,373.0,100.1,267.133333333333
2022-12-10 08:00:00,0.216666666666667,376.0,100.1,266.716666666667
2022-12-10 09:00:00,18.45,382.5,100.083333333333,266.466666666667
2022-12-10 10:00:00,71.6666666666667,384.666666666667,100.066666666667,266.616666666667
2022-12-10 11:00:00,141.45,384.166666666667,100.1,266.933333333333
2022-12-10 12:00:00,162.75,383.333333333333,100.083333333333,267.15
2022-12-10 13:00:00,147.533333333333,382.333333333333,100.1,267.183333333333
2022-12-10 14:00:00,102.616666666667,386.333333333333,100.083333333333,266.95
2022-12-10 15:00:00,68.05,381.666666666667,100.1,266.366666666667
2022-12-10 16:00:00,26.9,387.0,100.066666666667,265.816666666667
2022-12-10 17:00:00,3.8,393.833333333333,100.083333333333,265.266666666667
2022-12-10 18:00:00,0.0,391.666666666667,100.083333333333,264.016666666667
2022-12-10 19:00:00,0.0,395.666666666667,100.066666666667,262.85
2022-12-10 20:00:00,0.0,391.666666666667,100.016666666667,262.533333333333
2022-12-10 21:00:00,0.0,394.166666666667,100.033333333333,261.866666666667
2022-12-10 22:00:00,0.0,399.5,99.9833333333333,261.366666666667
2022-12-10 23:00:00,0.0,403.333333333333,99.8666666666667,260.916666666667
2022-12-11 00:00:00,0.0,406.333333333333,99.6166666666667,260.333333333333
2022-12-11 01:00:00,0.0,437.0,99.4666666666667,259.983333333333
2022-12-11 02:00:00,0.0,434.5,99.0666666666667,259.85
2022-12-11 03:00:00,0.0,439.0,98.6833333333333,259.416666666667
2022-12-11 04:00:00,0.0,453.0,98.1,258.9
2022-12-11 05:00:00,0.0,458.333333333333,97.8833333333333,258.6
2022-12-11 06:00:00,0.0,477.166666666667,97.55,258.316666666667
2022-12-11 07:00:00,0.0,491.333333333333,97.0833333333333,257.9
2022-12-11 08:00:00,0.0,496.166666666667,96.8833333333333,257.6
2022-12-11 09:00:00,12.4,496.666666666667,96.8333333333333,257.416666666667
2022-12-11 10:00:00,58.1333333333333,494.333333333333,97.7833333333334,258.416666666667
2022-12-11 11:00:00,107.616666666667,490.333333333333,97.3,259.6
2022-12-11 12:00:00,106.483333333333,490.833333333333,97.55,259.116666666667
2022-12-11 13:00:00,126.15,489.333333333333,96.9,259.083333333333
2022-12-11 14:00:00,154.516666666667,485.5,97.8333333333333,259.316666666667
2022-12-11 15:00:00,142.75,475.5,98.8666666666667,262.45
2022-12-11 16:00:00,72.6333333333333,466.0,97.4333333333333,261.7
2022-12-11 17:00:00,2.25,499.833333333334,94.7166666666667,255.466666666667
2022-12-11 18:00:00,0.0,507.0,93.0833333333333,254.05
2022-12-11 19:00:00,0.0,506.666666666667,92.3666666666667,253.883333333333
2022-12-11 20:00:00,0.0,500.0,92.8,253.416666666667
2022-12-11 21:00:00,0.0,496.0,92.8166666666667,253.466666666667
2022-12-11 22:00:00,0.0,492.166666666667,92.0833333333333,253.283333333333
2022-12-11 23:00:00,0.0,498.0,90.8333333333333,253.716666666667
2022-12-12 00:00:00,0.0,498.666666666667,89.2166666666667,253.616666666667
2022-12-12 01:00:00,0.0,496.166666666667,88.75,253.4
2022-12-12 02:00:00,0.0,494.333333333333,86.9,253.95
2022-12-12 03:00:00,0.0,493.5,78.55,254.6
2022-12-12 04:00:00,0.0,491.5,55.2833333333333,255.233333333333
2022-12-12 05:00:00,0.0,487.166666666667,34.25,256.25
2022-12-12 06:00:00,0.0,480.333333333333,26.5333333333333,256.783333333333
2022-12-12 07:00:00,0.0,477.833333333333,29.1666666666667,257.1
2022-12-12 08:00:00,1.55,472.5,35.7,257.05
2022-12-12 09:00:00,69.6666666666667,465.333333333333,40.9166666666667,257.45
2022-12-12 10:00:00,171.166666666667,470.5,47.5666666666667,257.616666666667
2022-12-12 11:00:00,469.583333333333,478.666666666667,52.6,257.9
2022-12-12 12:00:00,595.716666666667,473.833333333333,53.4,258.2
2022-12-12 13:00:00,595.666666666667,469.833333333333,52.0833333333333,258.333333333333
2022-12-12 14:00:00,543.516666666667,458.333333333333,52.45,258.383333333333
2022-12-12 15:00:00,436.6,451.666666666667,52.7166666666667,258.433333333333
2022-12-12 16:00:00,160.916666666667,458.833333333333,55.45,258.05
2022-12-12 17:00:00,8.05,457.333333333333,55.9166666666667,257.366666666667
2022-12-12 18:00:00,0.0,453.0,59.95,256.65
2022-12-12 19:00:00,0.0,453.166666666667,59.6666666666667,256.516666666667
2022-12-12 20:00:00,0.0,454.0,55.5833333333333,256.783333333333
2022-12-12 21:00:00,0.0,451.166666666667,42.5166666666667,257.316666666667
2022-12-12 22:00:00,0.0,451.833333333333,40.6833333333333,256.916666666667
2022-12-12 23:00:00,0.0,448.833333333333,34.15,257.383333333333
2022-12-13 00:00:00,0.0,446.0,30.5166666666667,257.666666666667
2022-12-13 01:00:00,0.0,443.166666666667,31.3666666666667,257.85
2022-12-13 02:00:00,0.0,443.833333333333,28.8333333333333,258.733333333333
2022-12-13 03:00:00,0.0,446.166666666667,25.6333333333333,259.366666666667
2022-12-13 04:00:00,0.0,446.166666666667,23.3666666666667,259.833333333333
2022-12-13 05:00:00,0.0,446.166666666667,27.4166666666667,260.216666666667
2022-12-13 06:00:00,0.0,448.333333333333,30.5833333333333,259.783333333333
2022-12-13 07:00:00,0.0,447.833333333333,32.0333333333333,259.683333333333
2022-12-13 08:00:00,3.0,446.5,33.6833333333333,259.933333333333
2022-12-13 09:00:00,87.0333333333334,444.166666666667,39.5333333333333,261.0
2022-12-13 10:00:00,192.433333333333,443.666666666667,52.0166666666667,261.433333333333
2022-12-13 11:00:00,335.966666666667,440.666666666667,56.0333333333333,261.5
2022-12-13 12:00:00,416.133333333333,437.833333333333,61.5,262.25
2022-12-13 13:00:00,393.233333333333,437.0,59.6333333333333,262.9
2022-12-13 14:00:00,296.566666666667,438.333333333333,71.35,263.55
2022-12-13 15:00:00,171.3,436.833333333333,74.2,264.466666666667
2022-12-13 16:00:00,58.1,437.833333333333,81.0833333333333,264.05
2022-12-13 17:00:00,6.36666666666667,436.0,78.9333333333333,265.7
2022-12-13 18:00:00,0.0,432.5,76.9166666666667,266.55
2022-12-13 19:00:00,0.0,429.333333333333,82.0,267.083333333333
2022-12-13 20:00:00,0.0,430.166666666667,81.9666666666667,267.583333333333
2022-12-13 21:00:00,0.0,429.0,78.6333333333333,268.666666666667
2022-12-13 22:00:00,0.0,430.0,75.6333333333333,268.966666666667
2022-12-13 23:00:00,0.0,429.166666666667,76.9833333333333,268.733333333333
2022-12-14 00:00:00,0.0,424.833333333333,74.5666666666667,269.416666666667
2022-12-14 01:00:00,0.0,415.166666666667,69.8833333333333,270.2
2022-12-14 02:00:00,0.0,410.166666666667,67.6166666666667,270.1
2022-12-14 03:00:00,0.0,410.166666666667,68.1333333333333,269.8
2022-12-14 04:00:00,0.0,410.666666666667,70.4666666666667,269.716666666667
2022-12-14 05:00:00,0.0,410.333333333333,71.1833333333333,269.55
2022-12-14 06:00:00,0.0,409.0,68.0333333333333,269.583333333333
2022-12-14 07:00:00,0.0,408.833333333333,62.4166666666667,270.066666666667
2022-12-14 08:00:00,2.88333333333333,408.833333333333,59.2666666666667,270.15
2022-12-14 09:00:00,51.4166666666667,405.333333333333,57.65,270.483333333333
2022-12-14 10:00:00,155.266666666667,404.5,55.7166666666667,271.133333333333
2022-12-14 11:00:00,320.5,403.333333333333,56.2,271.266666666667
2022-12-14 12:00:00,407.066666666667,400.833333333333,55.2166666666667,271.983333333333
2022-12-14 13:00:00,515.683333333333,396.5,53.5,272.683333333333
2022-12-14 14:00:00,418.116666666667,396.833333333333,52.0833333333333,272.883333333333
2022-12-14 15:00:00,263.516666666667,394.5,46.9166666666667,272.816666666667
2022-12-14 16:00:00,90.4,394.666666666667,46.3666666666667,272.566666666667
2022-12-14 17:00:00,10.8166666666667,395.0,49.3333333333333,272.316666666667
2022-12-14 18:00:00,0.0,394.0,54.0333333333333,272.066666666667
2022-12-14 19:00:00,0.0,394.666666666667,62.8,271.083333333333
2022-12-14 20:00:00,0.0,395.333333333333,61.0666666666667,270.833333333333
2022-12-14 21:00:00,0.0,394.833333333333,57.4166666666667,270.85
2022-12-14 22:00:00,0.0,395.0,57.5333333333333,270.666666666667
2022-12-14 23:00:00,0.0,393.5,57.0833333333333,270.85
2022-12-15 00:00:00,0.0,392.833333333333,58.8,270.9
2022-12-15 01:00:00,0.0,389.333333333333,58.4833333333333,271.383333333333
2022-12-15 02:00:00,0.0,351.833333333333,55.55,272.116666666667
2022-12-15 03:00:00,0.0,313.833333333333,56.3166666666667,272.1
2022-12-15 04:00:00,0.0,300.833333333333,52.0166666666667,271.933333333333
2022-12-15 05:00:00,0.0,259.166666666667,50.8166666666667,271.833333333333
2022-12-15 06:00:00,0.0,260.0,49.3166666666667,271.6
2022-12-15 07:00:00,0.0,261.0,47.4166666666667,271.483333333333
2022-12-15 08:00:00,2.66666666666667,261.333333333333,42.1333333333333,272.0
2022-12-15 09:00:00,57.4333333333333,261.0,37.9333333333333,271.933333333333
2022-12-15 10:00:00,176.733333333333,260.333333333333,34.6166666666667,272.433333333333
2022-12-15 11:00:00,356.933333333333,258.0,33.7833333333333,272.383333333333
2022-12-15 12:00:00,396.416666666667,259.0,29.3,273.066666666667
2022-12-15 13:00:00,379.433333333333,260.666666666667,28.15,273.233333333333
2022-12-15 14:00:00,201.433333333333,260.166666666667,31.0166666666667,272.95
2022-12-15 15:00:00,115.9,260.166666666667,30.0666666666667,272.983333333333
2022-12-15 16:00:00,49.4,261.333333333333,32.8166666666667,272.816666666667
2022-12-15 17:00:00,3.66666666666667,263.833333333333,43.4666666666667,272.25
2022-12-15 18:00:00,0.0,265.166666666667,67.5333333333333,270.883333333333
2022-12-15 19:00:00,0.0,267.833333333333,86.3333333333333,270.0
2022-12-15 20:00:00,0.0,267.0,79.9333333333333,270.216666666667
2022-12-15 21:00:00,0.0,264.666666666667,79.7166666666667,270.733333333333
2022-12-15 22:00:00,0.0,242.666666666667,72.1,271.583333333333
2022-12-15 23:00:00,0.0,222.5,70.75,271.633333333333
2022-12-16 00:00:00,0.0,218.0,81.7166666666667,271.566666666667
2022-12-16 01:00:00,0.0,217.666666666667,82.6666666666667,271.183333333333
2022-12-16 02:00:00,0.0,220.0,73.4,271.733333333333
2022-12-16 03:00:00,0.0,222.166666666667,74.8666666666667,271.7
2022-12-16 04:00:00,0.0,224.0,80.1833333333333,271.166666666667
2022-12-16 05:00:00,0.0,224.333333333333,85.2666666666667,270.566666666667
2022-12-16 06:00:00,0.0,225.833333333333,91.0166666666667,270.0
2022-12-16 07:00:00,0.0,223.5,79.05,271.083333333333
2022-12-16 08:00:00,0.666666666666667,223.166666666667,83.4333333333333,270.633333333333
2022-12-16 09:00:00,22.65,224.333333333333,99.8833333333334,268.933333333333
2022-12-16 10:00:00,83.35,220.166666666667,100.083333333333,268.7
2022-12-16 11:00:00,190.766666666667,215.333333333333,100.116666666667,268.9
2022-12-16 12:00:00,214.466666666667,209.333333333333,100.116666666667,269.316666666667
2022-12-16 13:00:00,159.55,209.166666666667,100.116666666667,269.2
2022-12-16 14:00:00,112.15,224.166666666667,100.1,268.833333333333
2022-12-16 15:00:00,73.2666666666667,227.833333333333,100.116666666667,268.066666666667
2022-12-16 16:00:00,29.7,232.5,100.1,267.166666666667
2022-12-16 17:00:00,3.03333333333333,240.666666666667,100.1,266.833333333333
2022-12-16 18:00:00,0.0,259.666666666667,100.083333333333,266.7
2022-12-16 19:00:00,0.0,296.333333333333,100.1,266.616666666667
2022-12-16 20:00:00,0.0,306.5,100.1,266.516666666667
2022-12-16 21:00:00,0.0,303.0,100.1,266.016666666667
2022-12-16 22:00:00,0.0,303.0,100.1,265.783333333333
2022-12-16 23:00:00,0.0,300.166666666667,100.1,265.783333333333
2022-12-17 00:00:00,0.0,298.333333333333,100.083333333333,265.483333333333
2022-12-17 01:00:00,0.0,293.166666666667,100.083333333333,264.783333333333
2022-12-17 02:00:00,0.0,291.833333333333,100.083333333333,264.183333333333
2022-12-17 03:00:00,0.0,306.166666666667,100.083333333333,263.516666666667
2022-12-17 04:00:00,0.0,296.333333333333,100.033333333333,262.816666666667
2022-12-17 05:00:00,0.0,276.5,100.016666666667,261.633333333333
2022-12-17 06:00:00,0.0,263.5,99.9833333333333,261.483333333333
2022-12-17 07:00:00,0.0,277.666666666667,99.6,261.1
2022-12-17 08:00:00,0.433333333333333,265.5,99.5833333333333,260.066666666667
2022-12-17 09:00:00,85.6833333333333,274.666666666667,98.5,260.066666666667
2022-12-17 10:00:00,208.633333333333,293.0,85.3333333333333,261.733333333333
2022-12-17 11:00:00,340.25,287.5,26.0333333333333,264.95
2022-12-17 12:00:00,408.716666666667,276.5,15.6,266.05
2022-12-17 13:00:00,433.666666666667,273.5,15.7166666666667,266.633333333333
2022-12-17 14:00:00,416.116666666667,269.0,11.3833333333333,267.433333333333
2022-12-17 15:00:00,279.283333333333,261.833333333333,8.46666666666667,268.466666666667
2022-12-17 16:00:00,117.85,268.333333333333,9.35,266.983333333333
2022-12-17 17:00:00,5.56666666666667,290.833333333333,11.2666666666667,264.75
2022-12-17 18:00:00,0.0,290.833333333333,9.5,264.616666666667
2022-12-17 19:00:00,0.0,289.166666666667,9.45,264.45
2022-12-17 20:00:00,0.0,290.333333333333,7.9,265.016666666667
2022-12-17 21:00:00,0.0,289.5,9.78333333333333,264.75
2022-12-17 22:00:00,0.0,288.5,9.63333333333333,264.983333333333
2022-12-17 23:00:00,0.0,281.5,11.5833333333333,264.966666666667
2022-12-18 00:00:00,0.0,286.333333333333,10.7666666666667,265.283333333333
2022-12-18 01:00:00,0.0,287.833333333333,11.3666666666667,265.883333333333
2022-12-18 02:00:00,0.0,286.5,14.1,265.766666666667
2022-12-18 03:00:00,0.0,284.333333333333,17.3166666666667,265.466666666667
2022-12-18 04:00:00,0.0,285.5,15.7666666666667,265.783333333333
2022-12-18 05:00:00,0.0,283.666666666667,14.45,266.583333333333
2022-12-18 06:00:00,0.0,284.833333333333,15.2,266.566666666667
2022-12-18 07:00:00,0.0,282.666666666667,16.0166666666667,266.666666666667
2022-12-18 08:00:00,1.55,280.5,14.3,267.05
2022-12-18 09:00:00,97.1166666666667,279.666666666667,12.0666666666667,267.883333333333
2022-12-18 10:00:00,358.15,275.0,10.05,269.666666666667
2022-12-18 11:00:00,493.316666666667,260.166666666667,8.56666666666667,271.6
2022-12-18 12:00:00,560.916666666667,273.833333333333,12.5,271.05
2022-12-18 13:00:00,569.316666666667,275.166666666667,10.3833333333333,271.583333333333
2022-12-18 14:00:00,523.75,267.333333333333,10.6333333333333,272.283333333333
2022-12-18 15:00:00,364.133333333333,272.166666666667,7.11666666666667,272.116666666667
2022-12-18 16:00:00,112.116666666667,271.333333333333,8.68333333333334,271.05
2022-12-18 17:00:00,12.95,270.333333333333,8.05,270.616666666667
2022-12-18 18:00:00,0.0,276.166666666667,5.31666666666667,271.066666666667
2022-12-18 19:00:00,0.0,268.0,7.36666666666667,270.9
2022-12-18 20:00:00,0.0,269.0,7.5,271.2
2022-12-18 21:00:00,0.0,264.833333333333,8.01666666666667,271.683333333333
2022-12-18 22:00:00,0.0,272.666666666667,8.48333333333333,272.1
2022-12-18 23:00:00,0.0,274.5,9.4,272.75
2022-12-19 00:00:00,0.0,271.0,11.55,273.016666666667
2022-12-19 01:00:00,0.0,270.666666666667,13.5,273.416666666667
2022-12-19 02:00:00,0.0,265.0,14.8333333333333,273.65
2022-12-19 03:00:00,0.0,261.5,18.1666666666667,273.683333333333
2022-12-19 04:00:00,0.0,263.0,18.8666666666667,274.283333333333
2022-12-19 05:00:00,0.0,266.166666666667,21.85,274.816666666667
2022-12-19 06:00:00,0.0,267.666666666667,26.3666666666667,274.1
2022-12-19 07:00:00,0.0,267.166666666667,26.2833333333333,274.15
2022-12-19 08:00:00,1.0,266.666666666667,29.1166666666667,273.633333333333
2022-12-19 09:00:00,33.5166666666667,266.166666666667,36.8833333333333,274.1
2022-12-19 10:00:00,110.75,263.833333333333,47.2333333333333,274.666666666667
2022-12-19 11:00:00,176.75,264.5,65.2166666666667,275.5
2022-12-19 12:00:00,226.533333333333,264.333333333333,71.8666666666667,276.133333333333
2022-12-19 13:00:00,307.366666666667,264.5,73.3666666666667,276.916666666667
2022-12-19 14:00:00,290.266666666667,263.0,70.4833333333333,277.5
2022-12-19 15:00:00,243.016666666667,261.166666666667,67.8833333333333,277.733333333333
2022-12-19 16:00:00,75.9833333333333,260.166666666667,68.8,277.216666666667
2022-12-19 17:00:00,7.68333333333333,265.333333333333,67.8166666666667,277.183333333333
2022-12-19 18:00:00,0.0,261.833333333333,61.8833333333333,277.25
2022-12-19 19:00:00,0.0,263.333333333333,57.65,277.633333333333
2022-12-19 20:00:00,0.0,263.666666666667,52.8333333333333,278.116666666667
2022-12-19 21:00:00,0.0,262.0,49.5166666666667,278.433333333333
2022-12-19 22:00:00,0.0,262.5,50.8333333333333,277.8
2022-12-19 23:00:00,0.0,264.0,48.45,278.45
2022-12-20 00:00:00,0.0,264.5,45.8166666666667,278.883333333333
2022-12-20 01:00:00,0.0,266.5,46.2666666666667,278.266666666667
2022-12-20 02:00:00,0.0,264.5,44.05,278.25
2022-12-20 03:00:00,0.0,263.333333333333,39.15,278.533333333333
2022-12-20 04:00:00,0.0,261.5,35.75,278.533333333333
2022-12-20 05:00:00,0.0,261.5,33.9833333333333,278.716666666667
2022-12-20 06:00:00,0.0,262.833333333333,40.5666666666667,277.266666666667
2022-12-20 07:00:00,0.0,259.666666666667,33.85,278.083333333333
2022-12-20 08:00:00,1.11666666666667,260.666666666667,32.9833333333333,277.983333333333
2022-12-20 09:00:00,52.9,259.333333333333,33.3166666666667,277.616666666667
2022-12-20 10:00:00,199.416666666667,254.833333333333,31.0,278.416666666667
2022-12-20 11:00:00,304.066666666667,256.0,28.8333333333333,279.05
2022-12-20 12:00:00,322.866666666667,255.166666666667,28.0833333333333,279.466666666667
2022-12-20 13:00:00,367.216666666667,248.666666666667,30.2166666666667,279.15
2022-12-20 14:00:00,376.65,251.0,31.75,278.866666666667
2022-12-20 15:00:00,409.566666666667,242.666666666667,32.7666666666667,279.1
2022-12-20 16:00:00,142.033333333333,247.5,38.5,277.533333333333
2022-12-20 17:00:00,10.3833333333333,253.5,34.5,277.283333333333
2022-12-20 18:00:00,0.0,251.666666666667,32.2833333333333,277.533333333333
2022-12-20 19:00:00,0.0,249.333333333333,33.4,277.7
2022-12-20 20:00:00,0.0,252.166666666667,39.2166666666667,277.766666666667
2022-12-20 21:00:00,0.0,256.166666666667,37.5833333333333,278.416666666667
2022-12-20 22:00:00,0.0,254.333333333333,38.3666666666667,278.7
2022-12-20 23:00:00,0.0,257.833333333333,39.8166666666667,278.933333333333
2022-12-21 00:00:00,0.0,255.333333333333,37.95,279.433333333333
2022-12-21 01:00:00,0.0,254.666666666667,39.15,279.45
2022-12-21 02:00:00,0.0,252.833333333333,48.1166666666667,277.15
2022-12-21 03:00:00,0.0,253.666666666667,49.8333333333333,275.55
2022-12-21 04:00:00,0.0,250.833333333333,53.7166666666667,274.316666666667
2022-12-21 05:00:00,0.0,250.666666666667,53.75,274.033333333333
2022-12-21 06:00:00,0.0,253.5,58.6666666666667,273.216666666667
2022-12-21 07:00:00,0.0,254.0,64.1166666666667,272.216666666667
2022-12-21 08:00:00,0.55,254.833333333333,66.7666666666667,271.75
2022-12-21 09:00:00,34.2166666666667,254.666666666667,69.95,271.516666666667
2022-12-21 10:00:00,85.9,253.666666666667,73.3666666666667,271.266666666667
2022-12-21 11:00:00,234.433333333333,249.5,77.1833333333333,271.166666666667
2022-12-21 12:00:00,294.683333333333,247.166666666667,79.6166666666667,271.316666666667
2022-12-21 13:00:00,295.616666666667,249.5,84.2833333333333,271.366666666667
2022-12-21 14:00:00,203.216666666667,252.5,84.1666666666667,271.783333333333
2022-12-21 15:00:00,166.416666666667,252.0,76.5833333333333,272.9
2022-12-21 16:00:00,161.65,251.333333333333,91.15,271.45
2022-12-21 17:00:00,11.7,257.0,88.7833333333333,271.533333333333
2022-12-21 18:00:00,0.0,255.833333333333,78.0666666666667,272.3
2022-12-21 19:00:00,0.0,253.5,77.1333333333334,272.233333333333
2022-12-21 20:00:00,0.0,252.833333333333,72.5666666666667,272.65
2022-12-21 21:00:00,0.0,251.166666666667,68.6,272.666666666667
2022-12-21 22:00:00,0.0,252.333333333333,72.6666666666667,272.283333333333
2022-12-21 23:00:00,0.0,254.0,74.0833333333333,272.0
2022-12-22 00:00:00,0.0,255.0,69.7333333333334,272.133333333333
2022-12-22 01:00:00,0.0,254.833333333333,65.15,272.55
2022-12-22 02:00:00,0.0,252.833333333333,59.5,273.016666666667
2022-12-22 03:00:00,0.0,253.5,60.25,272.85
2022-12-22 04:00:00,0.0,253.666666666667,59.7333333333333,272.333333333333
2022-12-22 05:00:00,0.0,255.666666666667,66.6666666666667,271.95
2022-12-22 06:00:00,0.0,255.5,66.2166666666667,271.833333333333
2022-12-22 07:00:00,0.0,255.333333333333,58.7,272.5
2022-12-22 08:00:00,1.1,254.5,53.7833333333333,272.816666666667
2022-12-22 09:00:00,87.35,254.5,54.3666666666667,272.433333333333
2022-12-22 10:00:00,249.6,251.666666666667,54.8,272.116666666667
2022-12-22 11:00:00,420.633333333333,247.5,61.7,272.016666666667
2022-12-22 12:00:00,507.4,249.0,57.1,272.366666666667
2022-12-22 13:00:00,363.9,232.5,39.0166666666667,272.45
2022-12-22 14:00:00,169.283333333333,223.333333333333,47.1,271.666666666667
2022-12-22 15:00:00,130.316666666667,226.833333333333,56.4833333333333,271.05
2022-12-22 16:00:00,42.7166666666667,228.833333333333,66.15,270.333333333333
2022-12-22 17:00:00,5.81666666666667,230.333333333333,59.1333333333333,270.766666666667
2022-12-22 18:00:00,0.0,231.0,52.2,270.9
2022-12-22 19:00:00,0.0,219.833333333333,44.2166666666667,271.016666666667
2022-12-22 20:00:00,0.0,211.333333333333,40.9833333333333,271.166666666667
2022-12-22 21:00:00,0.0,211.333333333333,44.9333333333333,271.233333333333
2022-12-22 22:00:00,0.0,213.166666666667,55.1666666666667,271.183333333333
2022-12-22 23:00:00,0.0,212.833333333333,59.0,271.633333333333
2022-12-23 00:00:00,0.0,212.333333333333,64.5166666666667,271.9
2022-12-23 01:00:00,0.0,214.166666666667,92.9333333333333,270.633333333333
2022-12-23 02:00:00,0.0,215.833333333333,95.7166666666667,271.383333333333
2022-12-23 03:00:00,0.0,220.833333333333,96.8166666666667,271.8
2022-12-23 04:00:00,0.0,221.333333333333,99.2166666666667,271.883333333333
2022-12-23 05:00:00,0.0,232.0,100.066666666667,271.866666666667
2022-12-23 06:00:00,0.0,248.333333333333,99.85,271.683333333333
2022-12-23 07:00:00,0.0,252.0,98.4,271.966666666667
2022-12-23 08:00:00,1.21666666666667,256.833333333333,99.65,271.783333333333
2022-12-23 09:00:00,53.65,253.0,93.0166666666667,272.6
2022-12-23 10:00:00,198.433333333333,272.833333333333,85.7833333333334,273.133333333333
2022-12-23 11:00:00,372.5,293.5,84.5833333333333,273.35
2022-12-23 12:00:00,338.3,290.5,86.6,273.333333333333
2022-12-23 13:00:00,330.5,286.333333333333,94.5166666666667,272.916666666667
2022-12-23 14:00:00,222.216666666667,293.666666666667,84.2,274.133333333333
2022-12-23 15:00:00,118.65,288.166666666667,85.5833333333333,274.366666666667
2022-12-23 16:00:00,45.2,279.0,92.6833333333333,274.15
2022-12-23 17:00:00,4.25,285.5,99.35,273.7
2022-12-23 18:00:00,0.0,288.833333333333,99.4,273.6
2022-12-23 19:00:00,0.0,297.166666666667,92.5,273.883333333333
2022-12-23 20:00:00,0.0,291.666666666667,92.45,273.7
2022-12-23 21:00:00,0.0,298.333333333333,99.5666666666667,273.116666666667
2022-12-23 22:00:00,0.0,316.0,91.3833333333333,272.666666666667
2022-12-23 23:00:00,0.0,320.333333333333,100.1,271.816666666667
2022-12-24 00:00:00,0.0,338.833333333333,95.8166666666667,271.966666666667
2022-12-24 01:00:00,0.0,354.5,70.2166666666667,272.266666666667
2022-12-24 02:00:00,0.0,330.833333333333,81.5,271.483333333333
2022-12-24 03:00:00,0.0,327.5,99.85,270.766666666667
2022-12-24 04:00:00,0.0,338.166666666667,100.1,270.666666666667
2022-12-24 05:00:00,0.0,351.0,98.4333333333333,270.5
2022-12-24 06:00:00,0.0,356.0,100.1,270.2
2022-12-24 07:00:00,0.0,358.166666666667,100.1,269.9
2022-12-24 08:00:00,0.766666666666667,367.0,100.1,269.316666666667
2022-12-24 09:00:00,28.5333333333333,374.166666666667,100.1,269.133333333333
2022-12-24 10:00:00,113.716666666667,378.666666666667,100.1,269.2
2022-12-24 11:00:00,172.633333333333,376.5,100.083333333333,269.183333333333
2022-12-24 12:00:00,200.316666666667,381.666666666667,100.1,269.216666666667
2022-12-24 13:00:00,157.883333333333,377.5,100.083333333333,269.016666666667
2022-12-24 14:00:00,134.5,385.0,99.25,270.216666666667
2022-12-24 15:00:00,78.0666666666667,382.5,95.7,271.05
2022-12-24 16:00:00,42.7333333333333,378.666666666667,98.0,270.716666666667
2022-12-24 17:00:00,5.23333333333333,375.666666666667,100.116666666667,270.066666666667
2022-12-24 18:00:00,0.0,379.0,94.3333333333333,271.7
2022-12-24 19:00:00,0.0,380.833333333333,91.2833333333334,272.066666666667
2022-12-24 20:00:00,0.0,380.333333333333,89.7,272.7
2022-12-24 21:00:00,0.0,378.333333333333,93.9666666666667,272.466666666667
2022-12-24 22:00:00,0.0,374.0,98.3333333333333,272.15
2022-12-24 23:00:00,0.0,377.833333333333,84.3666666666667,273.583333333333
2022-12-25 00:00:00,0.0,376.5,87.4,273.45
2022-12-25 01:00:00,0.0,372.0,95.45,272.4
2022-12-25 02:00:00,0.0,369.0,100.1,271.85
2022-12-25 03:00:00,0.0,372.333333333333,100.116666666667,272.05
2022-12-25 04:00:00,0.0,374.833333333333,96.05,272.166666666667
2022-12-25 05:00:00,0.0,373.166666666667,83.5166666666667,273.466666666667
2022-12-25 06:00:00,0.0,375.833333333333,87.0666666666667,272.466666666667
2022-12-25 07:00:00,0.0,373.166666666667,69.7333333333333,273.733333333333
2022-12-25 08:00:00,1.55,367.5,63.4,274.466666666667
2022-12-25 09:00:00,83.0,365.666666666667,52.9,275.65
2022-12-25 10:00:00,316.4,361.0,47.0833333333333,276.416666666667
2022-12-25 11:00:00,463.783333333333,356.0,38.2166666666667,277.3
2022-12-25 12:00:00,536.683333333333,354.5,34.05,277.8
2022-12-25 13:00:00,541.283333333333,353.5,34.9666666666667,278.183333333333
2022-12-25 14:00:00,510.183333333333,350.833333333333,31.5333333333333,278.383333333333
2022-12-25 15:00:00,417.883333333333,347.166666666667,29.7333333333333,278.816666666667
2022-12-25 16:00:00,134.883333333333,350.833333333333,28.2166666666667,278.5
2022-12-25 17:00:00,12.15,352.333333333333,27.4833333333333,278.2
2022-12-25 18:00:00,0.0,350.333333333333,27.4166666666667,277.883333333333
2022-12-25 19:00:00,0.0,350.5,25.9333333333333,277.916666666667
2022-12-25 20:00:00,0.0,348.666666666667,24.95,277.766666666667
2022-12-25 21:00:00,0.0,347.166666666667,21.4166666666667,278.233333333333
2022-12-25 22:00:00,0.0,347.166666666667,22.0666666666667,278.05
2022-12-25 23:00:00,0.0,347.833333333333,23.95,277.833333333333
2022-12-26 00:00:00,0.0,346.0,24.0333333333333,277.766666666667
2022-12-26 01:00:00,0.0,346.333333333333,23.7666666666667,277.7
2022-12-26 02:00:00,0.0,345.166666666667,23.9166666666667,277.483333333333
2022-12-26 03:00:00,0.0,345.0,24.1166666666667,277.4
2022-12-26 04:00:00,0.0,342.5,26.1,277.0
2022-12-26 05:00:00,0.0,343.666666666667,26.25,276.85
2022-12-26 06:00:00,0.0,340.5,27.7333333333333,276.233333333333
2022-12-26 07:00:00,0.0,341.333333333333,27.7833333333333,276.116666666667
2022-12-26 08:00:00,1.66666666666667,342.5,28.4666666666667,276.1
2022-12-26 09:00:00,66.8833333333333,340.833333333333,35.0833333333333,274.516666666667
2022-12-26 10:00:00,183.533333333333,339.0,34.6666666666667,275.166666666667
2022-12-26 11:00:00,417.316666666667,334.666666666667,38.55,274.916666666667
2022-12-26 12:00:00,417.783333333333,335.0,38.9333333333333,275.516666666667
2022-12-26 13:00:00,451.9,334.333333333333,49.9166666666667,274.583333333333
2022-12-26 14:00:00,505.166666666667,334.166666666667,56.8333333333333,273.8
2022-12-26 15:00:00,350.9,329.333333333333,64.4833333333333,273.233333333333
2022-12-26 16:00:00,155.183333333333,335.5,63.4833333333333,272.816666666667
2022-12-26 17:00:00,12.9333333333333,338.333333333333,59.7666666666667,272.733333333333
2022-12-26 18:00:00,0.0,338.833333333333,69.5833333333333,271.5
2022-12-26 19:00:00,0.0,339.833333333333,63.2833333333333,272.083333333333
2022-12-26 20:00:00,0.0,337.333333333333,77.2666666666667,270.7
2022-12-26 21:00:00,0.0,336.5,100.1,268.35
2022-12-26 22:00:00,0.0,339.166666666667,97.0666666666667,268.783333333333
2022-12-26 23:00:00,0.0,342.166666666667,92.5,269.3
2022-12-27 00:00:00,0.0,340.5,82.35,269.833333333333
2022-12-27 01:00:00,0.0,338.666666666667,70.85,270.466666666667
2022-12-27 02:00:00,0.0,337.666666666667,74.3333333333333,270.033333333333
2022-12-27 03:00:00,0.0,337.833333333333,70.0666666666667,269.766666666667
2022-12-27 04:00:00,0.0,333.0,98.15,268.15
2022-12-27 05:00:00,0.0,328.833333333333,99.4833333333333,268.183333333333
2022-12-27 06:00:00,0.0,335.833333333333,98.3,268.066666666667
2022-12-27 07:00:00,0.0,340.166666666667,83.4166666666667,267.8
2022-12-27 08:00:00,0.666666666666667,339.0,77.9833333333333,267.416666666667
2022-12-27 09:00:00,38.1,338.166666666667,74.3333333333333,267.25
2022-12-27 10:00:00,124.8,338.666666666667,73.3666666666667,267.216666666667
2022-12-27 11:00:00,224.1,336.5,88.5,266.883333333333
2022-12-27 12:00:00,314.366666666667,336.833333333333,85.7333333333333,266.833333333333
2022-12-27 13:00:00,298.616666666667,336.5,94.55,266.6
2022-12-27 14:00:00,363.816666666667,336.333333333333,89.9166666666667,266.716666666667
2022-12-27 15:00:00,323.75,335.833333333333,83.5666666666667,266.85
2022-12-27 16:00:00,100.5,337.0,100.1,265.666666666667
2022-12-27 17:00:00,13.8333333333333,339.666666666667,83.8666666666667,265.65
2022-12-27 18:00:00,0.0,335.5,100.083333333333,265.05
2022-12-27 19:00:00,0.0,342.333333333333,72.7333333333333,265.633333333333
2022-12-27 20:00:00,0.0,335.5,33.3333333333333,267.2
2022-12-27 21:00:00,0.0,333.666666666667,22.5166666666667,268.1
2022-12-27 22:00:00,0.0,333.5,22.2666666666667,268.416666666667
2022-12-27 23:00:00,0.0,333.666666666667,28.3666666666667,267.283333333333
2022-12-28 00:00:00,0.0,333.0,20.1166666666667,267.583333333333
2022-12-28 01:00:00,0.0,326.5,19.0666666666667,267.916666666667
2022-12-28 02:00:00,0.0,327.833333333333,17.7666666666667,268.5
2022-12-28 03:00:00,0.0,326.666666666667,15.4833333333333,268.3
2022-12-28 04:00:00,0.0,331.833333333333,13.7333333333333,268.316666666667
2022-12-28 05:00:00,0.0,335.166666666667,13.3166666666667,268.816666666667
2022-12-28 06:00:00,0.0,335.333333333333,19.05,269.333333333333
2022-12-28 07:00:00,0.0,335.666666666667,30.85,269.883333333333
2022-12-28 08:00:00,1.01666666666667,335.666666666667,35.2333333333333,270.116666666667
2022-12-28 09:00:00,70.5666666666667,331.666666666667,38.9,270.9
2022-12-28 10:00:00,291.35,327.0,40.3833333333333,271.433333333333
2022-12-28 11:00:00,400.766666666667,322.666666666667,40.7166666666667,272.216666666667
2022-12-28 12:00:00,490.466666666667,321.833333333333,38.4666666666667,272.666666666667
2022-12-28 13:00:00,528.566666666667,328.0,39.1833333333333,272.416666666667
2022-12-28 14:00:00,477.783333333333,329.666666666667,39.4666666666667,272.6
2022-12-28 15:00:00,333.966666666667,327.5,39.8,272.9
2022-12-28 16:00:00,214.483333333333,327.166666666667,41.3666666666667,273.1
2022-12-28 17:00:00,15.2833333333333,330.666666666667,44.4333333333333,272.466666666667
2022-12-28 18:00:00,0.0,330.333333333333,43.5166666666667,272.8
2022-12-28 19:00:00,0.0,329.666666666667,41.65,272.866666666667
2022-12-28 20:00:00,0.0,331.666666666667,43.7,272.466666666667
2022-12-28 21:00:00,0.0,328.5,43.5,272.683333333333
2022-12-28 22:00:00,0.0,329.833333333333,44.8166666666667,272.15
2022-12-28 23:00:00,0.0,331.333333333333,43.1333333333333,272.283333333333
2022-12-29 00:00:00,0.0,333.166666666667,47.7333333333333,270.683333333333
2022-12-29 01:00:00,0.0,329.166666666667,32.3666666666667,272.0
2022-12-29 02:00:00,0.0,329.5,37.1166666666667,270.866666666667
2022-12-29 03:00:00,0.0,330.5,30.4333333333333,270.733333333333
2022-12-29 04:00:00,0.0,324.666666666667,26.7,270.866666666667
2022-12-29 05:00:00,0.0,329.0,25.5166666666667,271.283333333333
2022-12-29 06:00:00,0.0,329.666666666667,27.5,270.883333333333
2022-12-29 07:00:00,0.0,324.666666666667,22.9166666666667,270.916666666667
2022-12-29 08:00:00,1.33333333333333,328.166666666667,23.2,271.066666666667
2022-12-29 09:00:00,88.45,325.166666666667,25.2333333333333,270.716666666667
2022-12-29 10:00:00,339.35,318.333333333333,22.0666666666667,272.633333333333
2022-12-29 11:00:00,546.733333333333,304.666666666667,25.9166666666667,273.65
2022-12-29 12:00:00,485.333333333333,308.5,33.6833333333333,273.316666666667
2022-12-29 13:00:00,427.35,317.666666666667,30.8166666666667,272.816666666667
2022-12-29 14:00:00,410.783333333333,307.833333333333,30.05,273.35
2022-12-29 15:00:00,344.6,315.666666666667,32.2166666666667,272.55
2022-12-29 16:00:00,182.366666666667,322.833333333333,30.1333333333333,272.183333333333
2022-12-29 17:00:00,10.9333333333333,326.166666666667,35.0333333333333,271.633333333333
2022-12-29 18:00:00,0.0,326.833333333333,42.1833333333333,271.2
2022-12-29 19:00:00,0.0,325.666666666667,42.6833333333333,271.466666666667
2022-12-29 20:00:00,0.0,328.333333333333,41.8833333333333,271.866666666667
2022-12-29 21:00:00,0.0,327.0,43.0666666666667,271.683333333333
2022-12-29 22:00:00,0.0,328.666666666667,46.0,271.016666666667
2022-12-29 23:00:00,0.0,329.166666666667,45.0166666666667,271.3
2022-12-30 00:00:00,0.0,328.166666666667,46.3833333333333,271.483333333333
2022-12-30 01:00:00,0.0,327.5,49.95,271.35
2022-12-30 02:00:00,0.0,329.0,57.0333333333333,270.85
2022-12-30 03:00:00,0.0,329.333333333333,57.1666666666667,270.833333333333
2022-12-30 04:00:00,0.0,330.5,72.8833333333333,268.383333333333
2022-12-30 05:00:00,0.0,332.333333333333,82.65,267.183333333333
2022-12-30 06:00:00,0.0,331.0,76.35,267.933333333333
2022-12-30 07:00:00,0.0,332.0,79.3333333333333,267.583333333333
2022-12-30 08:00:00,1.11666666666667,328.666666666667,79.1666666666667,267.766666666667
2022-12-30 09:00:00,78.5666666666667,325.666666666667,67.95,270.116666666667
2022-12-30 10:00:00,313.916666666667,321.5,62.0333333333333,271.3
2022-12-30 11:00:00,382.983333333333,324.666666666667,60.3666666666667,271.566666666667
2022-12-30 12:00:00,543.166666666667,322.5,57.15,272.166666666667
2022-12-30 13:00:00,559.883333333333,326.166666666667,57.0833333333333,271.833333333333
2022-12-30 14:00:00,518.066666666667,324.333333333333,56.6833333333333,271.666666666667
2022-12-30 15:00:00,317.616666666667,324.833333333333,52.7833333333333,271.7
2022-12-30 16:00:00,108.55,324.833333333333,50.2333333333333,271.666666666667
2022-12-30 17:00:00,13.2666666666667,327.0,46.3833333333333,271.866666666667
2022-12-30 18:00:00,0.0,324.333333333333,56.0833333333333,272.35
2022-12-30 19:00:00,0.0,328.5,85.6333333333333,271.716666666667
2022-12-30 20:00:00,0.0,328.833333333333,84.9333333333333,272.283333333333
2022-12-30 21:00:00,0.0,326.5,72.55,272.933333333333
2022-12-30 22:00:00,0.0,323.166666666667,64.8166666666667,274.066666666667
2022-12-30 23:00:00,0.0,323.666666666667,66.0333333333334,274.633333333333
2022-12-31 00:00:00,0.0,322.166666666667,68.0833333333333,275.133333333333
2022-12-31 01:00:00,0.0,317.0,70.5666666666667,274.9
2022-12-31 02:00:00,0.0,319.833333333333,71.25,275.1
2022-12-31 03:00:00,0.0,322.5,69.4333333333333,275.416666666667
2022-12-31 04:00:00,0.0,322.333333333333,69.4,275.3
2022-12-31 05:00:00,0.0,318.833333333333,73.2166666666667,274.633333333333
2022-12-31 06:00:00,0.0,314.5,68.15,274.55
2022-12-31 07:00:00,0.0,316.833333333333,62.65,275.15
2022-12-31 08:00:00,0.533333333333333,316.5,62.5666666666667,275.35
2022-12-31 09:00:00,26.9833333333333,316.5,60.6,275.966666666667
2022-12-31 10:00:00,67.05,316.5,59.1833333333333,276.5
2022-12-31 11:00:00,92.4833333333333,316.833333333333,59.5,276.716666666667
2022-12-31 12:00:00,138.916666666667,316.666666666667,55.5166666666667,276.916666666667
2022-12-31 13:00:00,447.216666666667,313.833333333333,48.9166666666667,277.8
2022-12-31 14:00:00,284.15,315.5,44.8,278.033333333333
2022-12-31 15:00:00,238.616666666667,315.166666666667,41.2666666666667,278.466666666667
2022-12-31 16:00:00,102.85,314.833333333333,38.5166666666667,278.616666666667
2022-12-31 17:00:00,13.5833333333333,313.833333333333,37.6833333333333,278.533333333333
2022-12-31 18:00:00,0.0,314.333333333333,35.1666666666667,278.633333333333
2022-12-31 19:00:00,0.0,313.5,31.4833333333333,279.016666666667
2022-12-31 20:00:00,0.0,311.666666666667,28.2833333333333,279.8
2022-12-31 21:00:00,0.0,310.5,28.0833333333333,279.883333333333
2022-12-31 22:00:00,0.0,310.833333333333,30.3166666666667,279.233333333333
2022-12-31 23:00:00,0.0,310.5,35.7833333333333,277.966666666667
2023-01-01 00:00:00,0.0,308.166666666667,37.3833333333333,277.716666666667
2023-01-01 01:00:00,0.0,308.166666666667,36.8333333333333,278.266666666667
2023-01-01 02:00:00,0.0,308.333333333333,37.75,278.333333333333
2023-01-01 03:00:00,0.0,305.333333333333,42.5666666666667,277.1
2023-01-01 04:00:00,0.0,304.5,42.8833333333333,277.083333333333
2023-01-01 05:00:00,0.0,307.666666666667,44.7333333333333,277.216666666667
2023-01-01 06:00:00,0.0,308.5,46.2166666666667,277.383333333333
2023-01-01 07:00:00,0.0,305.0,50.7,276.066666666667
2023-01-01 08:00:00,0.666666666666667,304.333333333333,53.95,275.25
2023-01-01 09:00:00,34.2166666666667,297.0,55.1,275.566666666667
2023-01-01 10:00:00,256.766666666667,297.5,53.1666666666667,276.5
2023-01-01 11:00:00,472.533333333333,294.5,48.2666666666667,278.166666666667
2023-01-01 12:00:00,508.483333333333,281.333333333333,44.0,279.75
2023-01-01 13:00:00,494.683333333333,291.0,48.9,278.583333333333
2023-01-01 14:00:00,480.05,276.5,47.8166666666667,279.116666666667
2023-01-01 15:00:00,386.233333333333,288.5,42.1166666666667,278.65
2023-01-01 16:00:00,162.783333333333,294.5,52.1,277.15
2023-01-01 17:00:00,15.7666666666667,302.166666666667,57.3,275.6
2023-01-01 18:00:00,0.0,299.166666666667,57.85,275.0
2023-01-01 19:00:00,0.0,303.166666666667,55.2166666666667,275.033333333333
2023-01-01 20:00:00,0.0,301.166666666667,43.6833333333333,276.05
2023-01-01 21:00:00,0.0,297.0,38.9,276.0
2023-01-01 22:00:00,0.0,292.5,33.65,276.316666666667
2023-01-01 23:00:00,0.0,291.5,32.3333333333333,276.233333333333
2023-01-02 00:00:00,0.0,288.166666666667,36.7833333333333,275.15
2023-01-02 01:00:00,0.0,289.166666666667,35.5,275.25
2023-01-02 02:00:00,0.0,291.833333333333,34.5333333333333,275.383333333333
2023-01-02 03:00:00,0.0,287.833333333333,32.2833333333333,275.6
2023-01-02 04:00:00,0.0,292.5,29.1,276.0
2023-01-02 05:00:00,0.0,291.5,27.1333333333333,276.016666666667
2023-01-02 06:00:00,0.0,295.5,24.7333333333333,276.566666666667
2023-01-02 07:00:00,0.0,293.166666666667,26.2666666666667,276.333333333333
2023-01-02 08:00:00,0.55,293.666666666667,27.95,275.983333333333
2023-01-02 09:00:00,75.9833333333333,290.5,27.4166666666667,276.166666666667
2023-01-02 10:00:00,323.233333333333,294.833333333333,26.4666666666667,276.816666666667
2023-01-02 11:00:00,474.066666666667,297.166666666667,24.4833333333333,277.5
2023-01-02 12:00:00,529.266666666667,301.0,25.35,277.516666666667
2023-01-02 13:00:00,564.833333333333,302.5,29.5166666666667,277.333333333333
2023-01-02 14:00:00,467.816666666667,304.166666666667,33.3833333333333,277.016666666667
2023-01-02 15:00:00,255.716666666667,302.833333333333,38.25,276.283333333333
2023-01-02 16:00:00,142.45,302.833333333333,38.2166666666667,275.766666666667
2023-01-02 17:00:00,17.7333333333333,302.666666666667,41.8333333333333,274.683333333333
2023-01-02 18:00:00,0.0,297.833333333333,39.6166666666667,274.733333333333
2023-01-02 19:00:00,0.0,305.666666666667,42.1166666666667,274.016666666667
2023-01-02 20:00:00,0.0,308.166666666667,56.5166666666667,272.8
2023-01-02 21:00:00,0.0,307.5,69.25,271.266666666667
2023-01-02 22:00:00,0.0,308.833333333333,72.4666666666667,270.866666666667
2023-01-02 23:00:00,0.0,306.0,77.0166666666667,270.433333333333
2023-01-03 00:00:00,0.0,305.5,84.25,269.75
2023-01-03 01:00:00,0.0,307.166666666667,89.9166666666667,269.3
2023-01-03 02:00:00,0.0,303.666666666667,94.7666666666667,269.0
2023-01-03 03:00:00,0.0,307.666666666667,96.45,269.1
2023-01-03 04:00:00,0.0,312.833333333333,96.6666666666667,269.033333333333
2023-01-03 05:00:00,0.0,311.166666666667,92.7666666666667,269.516666666667
2023-01-03 06:00:00,0.0,310.833333333333,95.2166666666667,269.2
2023-01-03 07:00:00,0.0,312.666666666667,96.1,269.433333333333
2023-01-03 08:00:00,0.1,311.833333333333,95.05,269.766666666667
2023-01-03 09:00:00,23.3166666666667,312.166666666667,90.7833333333333,270.4
2023-01-03 10:00:00,114.7,307.666666666667,86.1333333333333,270.7
2023-01-03 11:00:00,221.066666666667,305.666666666667,77.0166666666667,272.15
2023-01-03 12:00:00,305.566666666667,300.333333333333,79.3333333333333,271.933333333333
2023-01-03 13:00:00,390.1,301.333333333333,87.6166666666667,271.25
2023-01-03 14:00:00,291.133333333333,306.166666666667,100.016666666667,269.6
2023-01-03 15:00:00,221.766666666667,301.0,100.133333333333,270.0
2023-01-03 16:00:00,69.0833333333333,307.833333333333,100.116666666667,269.483333333333
2023-01-03 17:00:00,7.36666666666667,312.0,100.083333333333,269.533333333333
2023-01-03 18:00:00,0.0,322.5,100.116666666667,269.466666666667
2023-01-03 19:00:00,0.0,323.166666666667,100.1,269.583333333333
2023-01-03 20:00:00,0.0,329.5,100.1,269.35
2023-01-03 21:00:00,0.0,332.333333333333,98.5666666666667,269.466666666667
2023-01-03 22:00:00,0.0,329.166666666667,85.35,269.866666666667
2023-01-03 23:00:00,0.0,328.166666666667,76.4,269.616666666667
2023-01-04 00:00:00,0.0,322.833333333333,72.7666666666667,269.5
2023-01-04 01:00:00,0.0,324.0,70.6166666666667,269.116666666667
2023-01-04 02:00:00,0.0,320.333333333333,69.25,268.883333333333
2023-01-04 03:00:00,0.0,319.5,70.9833333333333,268.75
2023-01-04 04:00:00,0.0,319.833333333333,57.3833333333333,268.65
2023-01-04 05:00:00,0.0,323.166666666667,56.0833333333333,268.666666666667
2023-01-04 06:00:00,0.0,326.833333333333,55.5833333333333,268.65
2023-01-04 07:00:00,0.0,332.666666666667,37.35,269.333333333333
2023-01-04 08:00:00,0.666666666666667,325.333333333333,25.4,270.016666666667
2023-01-04 09:00:00,97.1333333333333,325.833333333333,24.4833333333333,270.716666666667
2023-01-04 10:00:00,336.15,322.333333333333,25.75,271.966666666667
2023-01-04 11:00:00,461.65,324.5,29.6333333333333,272.433333333333
2023-01-04 12:00:00,462.35,322.333333333333,35.2833333333333,272.7
2023-01-04 13:00:00,398.666666666667,318.166666666667,42.0,272.433333333333
2023-01-04 14:00:00,390.566666666667,307.0,46.2333333333333,272.85
2023-01-04 15:00:00,217.716666666667,306.666666666667,51.0666666666667,272.683333333333
2023-01-04 16:00:00,98.9833333333333,306.666666666667,56.1666666666667,272.516666666667
2023-01-04 17:00:00,18.4833333333333,306.5,59.6833333333333,272.4
2023-01-04 18:00:00,0.0,308.833333333333,60.6166666666667,272.166666666667
2023-01-04 19:00:00,0.0,308.666666666667,58.6,272.066666666667
2023-01-04 20:00:00,0.0,307.833333333333,54.6666666666667,272.1
2023-01-04 21:00:00,0.0,308.833333333333,50.45,272.166666666667
2023-01-04 22:00:00,0.0,308.333333333333,50.15,272.116666666667
2023-01-04 23:00:00,0.0,305.833333333333,46.0833333333333,272.483333333333
2023-01-05 00:00:00,0.0,307.833333333333,49.9833333333333,272.8
2023-01-05 01:00:00,0.0,299.166666666667,59.1333333333333,272.9
2023-01-05 02:00:00,0.0,279.833333333333,60.1666666666667,273.233333333333
2023-01-05 03:00:00,0.0,271.333333333333,67.6833333333333,273.316666666667
2023-01-05 04:00:00,0.0,259.833333333333,65.05,273.2
2023-01-05 05:00:00,0.0,262.333333333333,69.55,273.233333333333
2023-01-05 06:00:00,0.0,261.666666666667,75.5833333333333,273.466666666667
2023-01-05 07:00:00,0.0,251.0,72.7166666666667,273.983333333333
2023-01-05 08:00:00,0.0,245.833333333333,71.1833333333333,274.016666666667
2023-01-05 09:00:00,29.0833333333333,234.666666666667,72.8,273.733333333333
2023-01-05 10:00:00,243.1,218.5,61.1,273.566666666667
2023-01-05 11:00:00,312.266666666667,215.5,58.4,273.283333333333
2023-01-05 12:00:00,509.783333333333,213.0,57.8166666666667,273.083333333333
2023-01-05 13:00:00,538.716666666667,224.0,56.4,273.0
2023-01-05 14:00:00,560.416666666667,231.833333333333,59.15,273.033333333333
2023-01-05 15:00:00,379.316666666667,236.0,62.4166666666667,272.683333333333
2023-01-05 16:00:00,105.516666666667,225.333333333333,68.5833333333333,271.75
2023-01-05 17:00:00,12.15,225.666666666667,73.2333333333333,270.983333333333
2023-01-05 18:00:00,0.0,223.5,75.0333333333333,270.583333333333
2023-01-05 19:00:00,0.0,225.833333333333,72.6333333333334,270.633333333333
2023-01-05 20:00:00,0.0,227.0,81.15,269.783333333333
2023-01-05 21:00:00,0.0,239.0,84.5666666666667,269.216666666667
2023-01-05 22:00:00,0.0,229.166666666667,88.9333333333333,268.733333333333
2023-01-05 23:00:00,0.0,235.0,81.0833333333333,269.533333333333
2023-01-06 00:00:00,0.0,235.666666666667,79.95,269.0
2023-01-06 01:00:00,0.0,238.833333333333,76.1333333333333,269.033333333333
2023-01-06 02:00:00,0.0,241.5,41.35,271.616666666667
2023-01-06 03:00:00,0.0,245.5,40.2666666666667,271.516666666667
2023-01-06 04:00:00,0.0,242.5,24.8833333333333,272.7
2023-01-06 05:00:00,0.0,248.166666666667,21.7,273.033333333333
2023-01-06 06:00:00,0.0,239.5,20.5,273.75
2023-01-06 07:00:00,0.0,223.5,20.9833333333333,273.833333333333
2023-01-06 08:00:00,1.88333333333333,217.166666666667,19.4833333333333,274.0
2023-01-06 09:00:00,73.2,213.833333333333,19.8666666666667,274.016666666667
2023-01-06 10:00:00,338.166666666667,210.166666666667,18.6,275.55
2023-01-06 11:00:00,457.55,219.833333333333,19.2666666666667,276.216666666667
2023-01-06 12:00:00,541.583333333333,212.333333333333,19.5333333333333,277.0
2023-01-06 13:00:00,567.766666666667,215.666666666667,20.5666666666667,277.45
2023-01-06 14:00:00,538.2,238.166666666667,19.1166666666667,276.816666666667
2023-01-06 15:00:00,450.066666666667,220.5,20.0,276.833333333333
2023-01-06 16:00:00,238.833333333333,207.833333333333,19.5333333333333,276.666666666667
2023-01-06 17:00:00,16.1666666666667,201.666666666667,21.7333333333333,275.566666666667
2023-01-06 18:00:00,0.0,195.0,18.4833333333333,275.716666666667
2023-01-06 19:00:00,0.0,195.0,19.35,275.25
2023-01-06 20:00:00,0.0,205.833333333333,20.1333333333333,274.883333333333
2023-01-06 21:00:00,0.0,209.0,23.5333333333333,273.85
2023-01-06 22:00:00,0.0,217.666666666667,28.3,272.7
2023-01-06 23:00:00,0.0,223.833333333333,27.5,272.633333333333
2023-01-07 00:00:00,0.0,227.666666666667,24.2833333333333,273.183333333333
2023-01-07 01:00:00,0.0,215.333333333333,22.7833333333333,273.433333333333
2023-01-07 02:00:00,0.0,207.333333333333,20.2,274.066666666667
2023-01-07 03:00:00,0.0,211.333333333333,23.9333333333333,273.1
2023-01-07 04:00:00,0.0,221.666666666667,24.4,272.833333333333
2023-01-07 05:00:00,0.0,221.5,26.5,272.216666666667
2023-01-07 06:00:00,0.0,211.666666666667,25.8833333333333,272.016666666667
2023-01-07 07:00:00,0.0,218.166666666667,22.7,272.85
2023-01-07 08:00:00,1.78333333333333,213.0,17.9333333333333,274.166666666667
2023-01-07 09:00:00,51.8833333333333,199.166666666667,16.7333333333333,274.583333333333
2023-01-07 10:00:00,196.766666666667,201.333333333333,16.4833333333333,275.2
2023-01-07 11:00:00,412.85,216.166666666667,14.8333333333333,275.983333333333
2023-01-07 12:00:00,559.616666666667,230.166666666667,15.8333333333333,276.416666666667
2023-01-07 13:00:00,557.166666666667,247.833333333333,18.3666666666667,276.083333333333
2023-01-07 14:00:00,427.116666666667,247.833333333333,22.6666666666667,276.033333333333
2023-01-07 15:00:00,464.816666666667,248.333333333333,26.0333333333333,276.166666666667
2023-01-07 16:00:00,248.7,244.0,27.5,276.05
2023-01-07 17:00:00,14.7166666666667,246.0,30.7666666666667,274.883333333333
2023-01-07 18:00:00,0.0,231.0,30.1166666666667,274.466666666667
2023-01-07 19:00:00,0.0,230.0,28.7666666666667,274.3
2023-01-07 20:00:00,0.0,216.666666666667,29.3,273.6
2023-01-07 21:00:00,0.0,242.833333333333,31.7,272.7
2023-01-07 22:00:00,0.0,237.666666666667,28.3833333333333,272.983333333333
2023-01-07 23:00:00,0.0,227.666666666667,24.2666666666667,273.55
2023-01-08 00:00:00,0.0,223.5,22.0333333333333,273.216666666667
2023-01-08 01:00:00,0.0,209.5,17.8666666666667,273.883333333333
2023-01-08 02:00:00,0.0,210.0,22.7,272.516666666667
2023-01-08 03:00:00,0.0,212.166666666667,18.0166666666667,273.083333333333
2023-01-08 04:00:00,0.0,215.833333333333,18.1166666666667,273.166666666667
2023-01-08 05:00:00,0.0,208.5,13.95,274.166666666667
2023-01-08 06:00:00,0.0,202.666666666667,15.0333333333333,274.05
2023-01-08 07:00:00,0.0,197.666666666667,18.4,273.583333333333
2023-01-08 08:00:00,1.56666666666667,194.833333333333,23.8833333333333,273.033333333333
2023-01-08 09:00:00,38.1166666666667,198.833333333333,28.7166666666667,272.883333333333
2023-01-08 10:00:00,137.033333333333,194.333333333333,32.9,272.8
2023-01-08 11:00:00,296.35,188.5,42.1166666666667,272.116666666667
2023-01-08 12:00:00,390.083333333333,191.0,46.7,271.633333333333
2023-01-08 13:00:00,434.916666666667,191.0,55.0666666666667,271.266666666667
2023-01-08 14:00:00,218.933333333333,199.166666666667,69.9166666666667,269.616666666667
2023-01-08 15:00:00,93.25,205.333333333333,92.3,268.9
2023-01-08 16:00:00,106.183333333333,202.333333333333,75.3666666666667,270.283333333333
2023-01-08 17:00:00,21.7166666666667,212.5,71.2833333333334,270.45
2023-01-08 18:00:00,0.0,224.666666666667,73.4833333333333,270.1
2023-01-08 19:00:00,0.0,223.666666666667,75.6333333333333,269.85
2023-01-08 20:00:00,0.0,230.5,75.4833333333333,270.066666666667
2023-01-08 21:00:00,0.0,230.166666666667,78.7666666666667,270.033333333333
2023-01-08 22:00:00,0.0,222.833333333333,72.7333333333333,270.483333333333
2023-01-08 23:00:00,0.0,206.166666666667,74.95,270.3
2023-01-09 00:00:00,0.0,207.5,71.8833333333333,270.516666666667
2023-01-09 01:00:00,0.0,209.333333333333,66.7833333333334,270.683333333333
2023-01-09 02:00:00,0.0,204.0,68.7833333333334,270.333333333333
2023-01-09 03:00:00,0.0,213.833333333333,67.9166666666667,270.566666666667
2023-01-09 04:00:00,0.0,210.333333333333,68.9,270.4
2023-01-09 05:00:00,0.0,203.666666666667,76.1833333333333,269.75
2023-01-09 06:00:00,0.0,195.166666666667,91.0333333333334,268.416666666667
2023-01-09 07:00:00,0.0,169.666666666667,100.1,267.35
2023-01-09 08:00:00,0.0,177.833333333333,100.1,267.416666666667
2023-01-09 09:00:00,12.1166666666667,216.666666666667,95.4,266.1
2023-01-09 10:00:00,94.4666666666667,223.833333333333,93.6833333333333,265.35
2023-01-09 11:00:00,135.933333333333,221.166666666667,100.033333333333,264.833333333333
2023-01-09 12:00:00,271.466666666667,212.5,85.7833333333333,265.033333333333
2023-01-09 13:00:00,340.4,219.166666666667,82.3166666666667,265.25
2023-01-09 14:00:00,217.666666666667,225.5,99.6,264.816666666667
2023-01-09 15:00:00,113.65,229.166666666667,100.1,264.616666666667
2023-01-09 16:00:00,67.2,235.5,100.083333333333,264.3
2023-01-09 17:00:00,22.4666666666667,251.5,99.8166666666667,263.916666666667
2023-01-09 18:00:00,0.0,254.5,99.9666666666667,263.833333333333
2023-01-09 19:00:00,0.0,258.333333333333,96.2,263.616666666667
2023-01-09 20:00:00,0.0,257.5,98.9166666666667,263.433333333333
2023-01-09 21:00:00,0.0,261.0,89.55,263.4
2023-01-09 22:00:00,0.0,264.833333333333,94.5333333333333,263.183333333333
2023-01-09 23:00:00,0.0,274.5,98.3833333333333,262.816666666667
2023-01-10 00:00:00,0.0,282.5,96.8833333333333,262.933333333333
2023-01-10 01:00:00,0.0,283.833333333333,99.0,262.95
2023-01-10 02:00:00,0.0,291.333333333333,100.05,262.9
2023-01-10 03:00:00,0.0,300.333333333333,100.033333333333,262.833333333333
2023-01-10 04:00:00,0.0,288.333333333333,99.9333333333333,262.65
2023-01-10 05:00:00,0.0,306.5,100.05,262.733333333333
2023-01-10 06:00:00,0.0,330.666666666667,100.0,262.816666666667
2023-01-10 07:00:00,0.0,357.5,100.033333333333,262.833333333333
2023-01-10 08:00:00,0.333333333333333,373.0,100.033333333333,262.9
2023-01-10 09:00:00,45.2166666666667,357.166666666667,100.066666666667,263.033333333333
2023-01-10 10:00:00,118.283333333333,330.166666666667,100.05,262.916666666667
2023-01-10 11:00:00,330.133333333333,316.0,99.8333333333333,263.366666666667
2023-01-10 12:00:00,551.616666666667,309.666666666667,99.8666666666667,264.233333333333
2023-01-10 13:00:00,580.266666666667,315.166666666667,98.9833333333333,263.933333333333
2023-01-10 14:00:00,536.25,299.333333333333,98.75,264.6
2023-01-10 15:00:00,381.966666666667,305.833333333333,99.1666666666667,264.083333333333
2023-01-10 16:00:00,134.35,310.666666666667,99.8,263.166666666667
2023-01-10 17:00:00,22.6833333333333,313.333333333333,99.95,262.45
2023-01-10 18:00:00,0.0,312.5,99.4333333333334,261.616666666667
2023-01-10 19:00:00,0.0,326.666666666667,96.45,260.766666666667
2023-01-10 20:00:00,0.0,337.0,73.3333333333333,261.666666666667
2023-01-10 21:00:00,0.0,333.666666666667,45.4166666666667,263.05
2023-01-10 22:00:00,0.0,328.666666666667,30.7666666666667,264.633333333333
2023-01-10 23:00:00,0.0,315.166666666667,18.3,265.883333333333
2023-01-11 00:00:00,0.0,308.166666666667,26.8833333333333,267.283333333333
2023-01-11 01:00:00,0.0,308.333333333333,61.9,268.433333333333
2023-01-11 02:00:00,0.0,308.5,77.0,268.916666666667
2023-01-11 03:00:00,0.0,308.166666666667,84.2,269.416666666667
2023-01-11 04:00:00,0.0,307.333333333333,86.0833333333333,269.766666666667
2023-01-11 05:00:00,0.0,305.333333333333,88.3666666666667,270.1
2023-01-11 06:00:00,0.0,302.5,90.4,269.633333333333
2023-01-11 07:00:00,0.0,302.833333333333,81.45,270.316666666667
2023-01-11 08:00:00,1.33333333333333,301.166666666667,72.9166666666667,270.466666666667
2023-01-11 09:00:00,51.3333333333333,303.0,72.5,270.5
2023-01-11 10:00:00,149.233333333333,299.166666666667,62.6166666666667,271.716666666667
2023-01-11 11:00:00,245.883333333333,293.666666666667,57.4333333333333,271.833333333333
2023-01-11 12:00:00,340.283333333333,295.0,47.4833333333333,272.783333333333
2023-01-11 13:00:00,453.45,287.333333333333,39.8,273.716666666667
2023-01-11 14:00:00,320.0,291.0,39.5666666666667,273.483333333333
2023-01-11 15:00:00,182.216666666667,290.833333333333,46.1666666666667,273.116666666667
2023-01-11 16:00:00,71.7166666666667,292.166666666667,56.9666666666667,271.866666666667
2023-01-11 17:00:00,12.05,296.666666666667,62.4166666666667,271.116666666667
2023-01-11 18:00:00,0.0,295.833333333333,66.05,271.066666666667
2023-01-11 19:00:00,0.0,295.166666666667,80.4666666666667,270.216666666667
2023-01-11 20:00:00,0.0,297.333333333333,98.8833333333334,268.766666666667
2023-01-11 21:00:00,0.0,314.333333333333,90.1166666666667,268.55
2023-01-11 22:00:00,0.0,317.166666666667,92.6666666666667,268.1
2023-01-11 23:00:00,0.0,320.333333333333,99.7166666666667,267.583333333333
2023-01-12 00:00:00,0.0,324.333333333333,99.2666666666667,267.516666666667
2023-01-12 01:00:00,0.0,325.0,100.083333333333,267.233333333333
2023-01-12 02:00:00,0.0,330.833333333333,100.1,266.85
2023-01-12 03:00:00,0.0,333.833333333333,100.083333333333,266.316666666667
2023-01-12 04:00:00,0.0,333.666666666667,99.85,265.65
2023-01-12 05:00:00,0.0,332.0,88.4833333333333,265.016666666667
2023-01-12 06:00:00,0.0,328.0,73.6833333333333,264.9
2023-01-12 07:00:00,0.0,326.166666666667,55.0333333333333,265.266666666667
2023-01-12 08:00:00,1.98333333333333,327.0,49.6,265.75
2023-01-12 09:00:00,25.4333333333333,326.333333333333,50.65,266.5
2023-01-12 10:00:00,180.766666666667,321.0,48.1833333333333,267.2
2023-01-12 11:00:00,208.316666666667,324.5,48.25,267.8
2023-01-12 12:00:00,348.166666666667,324.333333333333,48.9166666666667,268.516666666667
2023-01-12 13:00:00,594.166666666667,317.333333333333,43.2,269.533333333333
2023-01-12 14:00:00,496.716666666667,332.666666666667,36.9,270.216666666667
2023-01-12 15:00:00,286.816666666667,350.666666666667,36.25,270.583333333333
2023-01-12 16:00:00,112.416666666667,378.5,32.25,271.083333333333
2023-01-12 17:00:00,23.7333333333333,338.666666666667,28.15,271.433333333333
2023-01-12 18:00:00,0.0,301.333333333333,29.5,271.633333333333
2023-01-12 19:00:00,0.0,291.0,24.6833333333333,271.983333333333
2023-01-12 20:00:00,0.0,269.333333333333,24.65,272.4
2023-01-12 21:00:00,0.0,266.5,23.0166666666667,272.6
2023-01-12 22:00:00,0.0,267.5,20.2333333333333,272.75
2023-01-12 23:00:00,0.0,266.333333333333,19.8333333333333,272.9
2023-01-13 00:00:00,0.0,269.333333333333,23.0333333333333,272.733333333333
2023-01-13 01:00:00,0.0,268.166666666667,26.1,272.933333333333
2023-01-13 02:00:00,0.0,268.166666666667,27.0833333333333,272.766666666667
2023-01-13 03:00:00,0.0,267.333333333333,31.1666666666667,271.916666666667
2023-01-13 04:00:00,0.0,265.333333333333,33.4166666666667,271.033333333333
2023-01-13 05:00:00,0.0,268.833333333333,32.9666666666667,271.033333333333
2023-01-13 06:00:00,0.0,269.5,33.1166666666667,270.9
2023-01-13 07:00:00,0.0,266.333333333333,36.8166666666667,269.9
2023-01-13 08:00:00,0.883333333333333,268.0,34.5166666666667,270.283333333333
2023-01-13 09:00:00,38.0,268.333333333333,35.05,271.483333333333
2023-01-13 10:00:00,108.916666666667,266.333333333333,46.9166666666667,270.966666666667
2023-01-13 11:00:00,285.016666666667,267.5,59.9833333333334,270.533333333333
2023-01-13 12:00:00,399.55,265.833333333333,54.75,270.816666666667
2023-01-13 13:00:00,542.516666666667,263.833333333333,50.95,270.716666666667
2023-01-13 14:00:00,480.033333333333,261.666666666667,49.2333333333334,270.933333333333
2023-01-13 15:00:00,167.65,264.0,54.1333333333334,270.116666666667
2023-01-13 16:00:00,83.4,266.0,63.3166666666667,269.266666666667
2023-01-13 17:00:00,21.0166666666667,264.5,79.6666666666667,268.133333333333
2023-01-13 18:00:00,0.0,258.0,90.75,267.45
2023-01-13 19:00:00,0.0,259.333333333333,87.7666666666667,267.066666666667
2023-01-13 20:00:00,0.0,259.166666666667,74.1,266.916666666667
2023-01-13 21:00:00,0.0,260.0,70.4166666666667,266.6
2023-01-13 22:00:00,0.0,262.166666666667,93.1,265.616666666667
2023-01-13 23:00:00,0.0,259.166666666667,94.4,265.633333333333
2023-01-14 00:00:00,0.0,255.166666666667,99.1166666666667,265.65
2023-01-14 01:00:00,0.0,266.166666666667,76.7,265.65
2023-01-14 02:00:00,0.0,265.333333333333,84.5166666666667,265.033333333333
2023-01-14 03:00:00,0.0,264.833333333333,69.6833333333333,264.933333333333
2023-01-14 04:00:00,0.0,263.5,69.1666666666667,265.1
2023-01-14 05:00:00,0.0,262.166666666667,74.5666666666667,264.766666666667
2023-01-14 06:00:00,0.0,259.666666666667,81.8666666666667,264.266666666667
2023-01-14 07:00:00,0.0,256.0,61.0166666666667,264.783333333333
2023-01-14 08:00:00,1.78333333333333,253.333333333333,48.2,265.4
2023-01-14 09:00:00,84.4666666666667,252.833333333333,35.3166666666667,266.5
2023-01-14 10:00:00,354.15,254.0,32.8,267.766666666667
2023-01-14 11:00:00,499.883333333333,251.333333333333,39.6666666666667,268.583333333333
2023-01-14 12:00:00,558.75,252.666666666667,38.7,269.85
2023-01-14 13:00:00,400.433333333333,253.166666666667,39.8666666666667,270.233333333333
2023-01-14 14:00:00,449.466666666667,252.333333333333,45.4333333333333,270.733333333333
2023-01-14 15:00:00,439.266666666667,245.166666666667,40.9,271.55
2023-01-14 16:00:00,220.333333333333,248.0,34.25,271.733333333333
2023-01-14 17:00:00,35.4166666666667,251.833333333333,35.5,271.266666666667
2023-01-14 18:00:00,0.0,251.166666666667,38.25,271.05
2023-01-14 19:00:00,0.0,251.333333333333,41.6833333333333,270.683333333333
2023-01-14 20:00:00,0.0,253.333333333333,39.6333333333333,270.983333333333
2023-01-14 21:00:00,0.0,251.0,38.85,271.433333333333
2023-01-14 22:00:00,0.0,249.5,40.5166666666667,271.8
2023-01-14 23:00:00,0.0,250.666666666667,45.6,272.05
2023-01-15 00:00:00,0.0,251.666666666667,51.9666666666667,272.733333333333
2023-01-15 01:00:00,0.0,253.0,58.8333333333333,272.966666666667
2023-01-15 02:00:00,0.0,252.5,68.35,272.55
2023-01-15 03:00:00,0.0,250.833333333333,76.8166666666667,273.233333333333
2023-01-15 04:00:00,0.0,251.666666666667,68.1833333333333,274.466666666667
2023-01-15 05:00:00,0.0,250.333333333333,62.4333333333333,275.166666666667
2023-01-15 06:00:00,0.0,250.666666666667,56.9166666666667,275.45
2023-01-15 07:00:00,0.0,252.5,56.0166666666667,274.9
2023-01-15 08:00:00,0.55,250.5,51.8666666666667,275.1
2023-01-15 09:00:00,35.55,254.333333333333,53.7166666666667,274.266666666667
2023-01-15 10:00:00,144.05,253.833333333333,56.15,274.083333333333
2023-01-15 11:00:00,309.266666666667,251.833333333333,55.9666666666667,273.983333333333
2023-01-15 12:00:00,462.666666666667,248.0,57.15,273.766666666667
2023-01-15 13:00:00,388.783333333333,252.166666666667,59.1,273.083333333333
2023-01-15 14:00:00,212.433333333333,252.333333333333,65.1333333333333,271.766666666667
2023-01-15 15:00:00,140.666666666667,253.166666666667,87.1666666666667,268.55
2023-01-15 16:00:00,49.7333333333333,254.0,99.35,267.233333333333
2023-01-15 17:00:00,11.3666666666667,243.5,100.1,266.666666666667
2023-01-15 18:00:00,0.0,252.0,100.1,266.066666666667
2023-01-15 19:00:00,0.0,307.666666666667,100.1,265.05
2023-01-15 20:00:00,0.0,316.0,100.1,264.266666666667
2023-01-15 21:00:00,0.0,316.833333333333,100.1,263.5
2023-01-15 22:00:00,0.0,322.333333333333,92.1166666666667,262.916666666667
2023-01-15 23:00:00,0.0,316.5,58.9,263.583333333333
2023-01-16 00:00:00,0.0,311.666666666667,59.7333333333333,263.25
2023-01-16 01:00:00,0.0,305.666666666667,36.45,263.133333333333
2023-01-16 02:00:00,0.0,301.666666666667,28.3,263.2
2023-01-16 03:00:00,0.0,294.0,24.7,263.016666666667
2023-01-16 04:00:00,0.0,298.5,25.2,262.716666666667
2023-01-16 05:00:00,0.0,301.0,39.4333333333333,261.966666666667
2023-01-16 06:00:00,0.0,293.5,31.2666666666667,261.9
2023-01-16 07:00:00,0.0,293.166666666667,25.8,263.033333333333
2023-01-16 08:00:00,1.45,294.333333333333,24.4333333333333,263.4
2023-01-16 09:00:00,92.8833333333333,255.5,21.3,265.216666666667
2023-01-16 10:00:00,378.5,247.166666666667,31.9166666666667,265.55
2023-01-16 11:00:00,521.9,247.333333333333,39.4166666666667,265.333333333333
2023-01-16 12:00:00,604.733333333333,246.833333333333,46.55,264.75
2023-01-16 13:00:00,586.9,246.166666666667,56.1,264.283333333333
2023-01-16 14:00:00,559.55,245.5,60.95,264.116666666667
2023-01-16 15:00:00,315.633333333333,245.333333333333,59.2833333333333,264.2
2023-01-16 16:00:00,113.983333333333,248.0,62.8833333333333,263.966666666667
2023-01-16 17:00:00,30.6333333333333,247.666666666667,66.2666666666667,263.85
2023-01-16 18:00:00,0.0,247.333333333333,67.4,263.733333333333
2023-01-16 19:00:00,0.0,248.166666666667,62.05,263.95
2023-01-16 20:00:00,0.0,247.666666666667,60.2833333333333,263.883333333333
2023-01-16 21:00:00,0.0,247.833333333333,55.5,263.716666666667
2023-01-16 22:00:00,0.0,248.0,44.1666666666667,263.933333333333
2023-01-16 23:00:00,0.0,247.833333333333,52.3666666666667,263.383333333333
2023-01-17 00:00:00,0.0,247.166666666667,58.9,262.716666666667
2023-01-17 01:00:00,0.0,246.0,49.4,262.633333333333
2023-01-17 02:00:00,0.0,244.666666666667,46.1666666666667,262.666666666667
2023-01-17 03:00:00,0.0,245.333333333333,45.3,262.5
2023-01-17 04:00:00,0.0,245.0,48.3666666666667,261.483333333333
2023-01-17 05:00:00,0.0,245.833333333333,50.0,261.55
2023-01-17 06:00:00,0.0,241.833333333333,53.9333333333333,260.933333333333
2023-01-17 07:00:00,0.0,241.833333333333,54.7166666666667,260.85
2023-01-17 08:00:00,1.33333333333333,242.333333333333,58.2166666666667,260.866666666667
2023-01-17 09:00:00,47.6,245.0,58.35,261.216666666667
2023-01-17 10:00:00,170.533333333333,248.5,62.45,261.783333333333
2023-01-17 11:00:00,318.05,247.333333333333,57.6166666666667,262.416666666667
2023-01-17 12:00:00,325.85,246.333333333333,57.05,262.833333333333
2023-01-17 13:00:00,318.333333333333,246.333333333333,66.1833333333333,262.6
2023-01-17 14:00:00,401.316666666667,240.5,66.3833333333333,263.266666666667
2023-01-17 15:00:00,323.7,241.833333333333,72.0166666666667,263.4
2023-01-17 16:00:00,105.366666666667,245.166666666667,68.5333333333333,263.616666666667
2023-01-17 17:00:00,31.25,248.5,67.9166666666667,264.333333333333
2023-01-17 18:00:00,0.45,246.5,70.35,264.05
2023-01-17 19:00:00,0.0,248.166666666667,70.25,264.083333333333
2023-01-17 20:00:00,0.0,247.166666666667,84.6833333333333,263.716666666667
2023-01-17 21:00:00,0.0,235.166666666667,99.7,262.733333333333
2023-01-17 22:00:00,0.0,223.0,94.4166666666667,262.666666666667
2023-01-17 23:00:00,0.0,221.0,87.75,262.583333333333
2023-01-18 00:00:00,0.0,225.5,76.4166666666667,262.5
2023-01-18 01:00:00,0.0,228.666666666667,91.3833333333333,261.7
2023-01-18 02:00:00,0.0,229.5,98.7666666666667,260.95
2023-01-18 03:00:00,0.0,235.166666666667,99.9833333333333,261.183333333333
2023-01-18 04:00:00,0.0,239.833333333333,99.9833333333333,261.283333333333
2023-01-18 05:00:00,0.0,243.5,99.8,261.4
2023-01-18 06:00:00,0.0,241.833333333333,99.15,261.1
2023-01-18 07:00:00,0.0,238.833333333333,95.65,260.883333333333
2023-01-18 08:00:00,1.21666666666667,246.333333333333,85.25,260.55
2023-01-18 09:00:00,47.8666666666667,249.0,75.2,261.316666666667
2023-01-18 10:00:00,209.3,237.5,84.2166666666667,261.283333333333
2023-01-18 11:00:00,404.666666666667,219.833333333333,78.75,263.516666666667
2023-01-18 12:00:00,592.816666666667,231.5,96.5,262.55
2023-01-18 13:00:00,926.066666666667,224.5,84.1166666666667,263.75
2023-01-18 14:00:00,923.033333333333,225.0,85.9333333333333,263.566666666667
2023-01-18 15:00:00,544.283333333334,234.833333333333,100.016666666667,262.8
2023-01-18 16:00:00,182.566666666667,234.833333333333,100.066666666667,262.25
2023-01-18 17:00:00,37.95,238.666666666667,99.9166666666667,261.95
2023-01-18 18:00:00,0.35,245.5,99.9,261.433333333333
2023-01-18 19:00:00,0.0,244.333333333333,99.2833333333333,261.05
2023-01-18 20:00:00,0.0,243.166666666667,98.3333333333333,260.283333333333
2023-01-18 21:00:00,0.0,241.666666666667,98.9333333333333,260.65
2023-01-18 22:00:00,0.0,258.333333333333,98.6166666666667,260.55
2023-01-18 23:00:00,0.0,290.166666666667,98.4833333333333,260.45
2023-01-19 00:00:00,0.0,323.166666666667,98.1,260.1
2023-01-19 01:00:00,0.0,313.5,97.85,259.733333333333
2023-01-19 02:00:00,0.0,349.333333333333,97.2333333333333,259.216666666667
2023-01-19 03:00:00,0.0,351.0,96.6833333333333,258.683333333333
2023-01-19 04:00:00,0.0,348.0,96.2666666666667,258.3
2023-01-19 05:00:00,0.0,354.333333333333,96.0833333333333,258.166666666667
2023-01-19 06:00:00,0.0,359.0,95.6166666666667,257.766666666667
2023-01-19 07:00:00,0.0,357.0,95.55,257.633333333333
2023-01-19 08:00:00,0.866666666666667,353.0,95.3666666666667,257.5
2023-01-19 09:00:00,29.1,345.166666666667,95.6833333333333,257.666666666667
2023-01-19 10:00:00,91.5833333333333,330.833333333333,96.7833333333333,258.866666666667
2023-01-19 11:00:00,98.05,337.666666666667,97.3166666666667,259.55
2023-01-19 12:00:00,98.5166666666667,351.666666666667,97.9666666666667,260.25
2023-01-19 13:00:00,126.616666666667,353.0,98.8833333333333,261.733333333333
2023-01-19 14:00:00,107.666666666667,374.0,98.75,261.216666666667
2023-01-19 15:00:00,74.7333333333333,378.833333333333,97.1333333333333,259.883333333333
2023-01-19 16:00:00,42.7,384.166666666667,97.3833333333333,259.75
2023-01-19 17:00:00,7.55,403.5,96.1,258.116666666667
2023-01-19 18:00:00,0.0,409.333333333333,95.4333333333333,257.333333333333
2023-01-19 19:00:00,0.0,412.166666666667,95.05,257.183333333333
2023-01-19 20:00:00,0.0,421.166666666667,94.4833333333333,256.683333333333
2023-01-19 21:00:00,0.0,420.333333333333,93.9166666666667,256.25
2023-01-19 22:00:00,0.0,414.0,93.0666666666667,255.45
2023-01-19 23:00:00,0.0,410.166666666667,93.3333333333333,255.733333333333
2023-01-20 00:00:00,0.0,410.333333333333,92.5666666666667,255.183333333333
2023-01-20 01:00:00,0.0,407.833333333333,92.6666666666667,255.233333333333
2023-01-20 02:00:00,0.0,403.5,92.95,255.5
2023-01-20 03:00:00,0.0,399.5,93.1166666666667,255.633333333333
2023-01-20 04:00:00,0.0,395.666666666667,92.65,255.533333333333
2023-01-20 05:00:00,0.0,387.0,91.3,254.083333333333
2023-01-20 06:00:00,0.0,383.166666666667,91.8166666666667,254.633333333333
2023-01-20 07:00:00,0.0,381.166666666667,91.7166666666667,254.6
2023-01-20 08:00:00,0.0,379.5,91.45,254.383333333333
2023-01-20 09:00:00,13.2166666666667,376.0,92.2,254.933333333333
2023-01-20 10:00:00,45.2166666666667,363.0,93.6333333333333,256.283333333333
2023-01-20 11:00:00,83.8166666666667,369.333333333333,93.2,256.183333333333
2023-01-20 12:00:00,87.4833333333333,344.333333333333,96.3333333333333,258.95
2023-01-20 13:00:00,105.816666666667,327.166666666667,97.8833333333333,260.383333333333
2023-01-20 14:00:00,100.183333333333,333.666666666667,99.25,262.083333333333
2023-01-20 15:00:00,70.6333333333333,359.166666666667,96.9,259.866666666667
2023-01-20 16:00:00,42.1833333333333,374.166666666667,95.7166666666667,258.183333333333
2023-01-20 17:00:00,11.8166666666667,391.666666666667,94.7166666666667,257.05
2023-01-20 18:00:00,0.0,394.333333333333,94.4166666666667,256.65
2023-01-20 19:00:00,0.0,394.333333333333,94.2166666666667,256.5
2023-01-20 20:00:00,0.0,393.5,94.0333333333333,256.416666666667
2023-01-20 21:00:00,0.0,394.833333333333,94.25,256.5
2023-01-20 22:00:00,0.0,385.5,94.2666666666667,256.583333333333
2023-01-20 23:00:00,0.0,367.0,94.5666666666667,256.816666666667
2023-01-21 00:00:00,0.0,365.166666666667,94.4333333333333,256.8
2023-01-21 01:00:00,0.0,351.666666666667,94.4833333333333,256.75
2023-01-21 02:00:00,0.0,354.0,94.5,256.766666666667
2023-01-21 03:00:00,0.0,340.666666666667,94.4333333333333,256.766666666667
2023-01-21 04:00:00,0.0,332.666666666667,94.35,256.75
2023-01-21 05:00:00,0.0,327.0,94.3833333333333,256.75
2023-01-21 06:00:00,0.0,321.666666666667,94.35,256.666666666667
2023-01-21 07:00:00,0.0,313.666666666667,94.2833333333333,256.666666666667
2023-01-21 08:00:00,1.11666666666667,305.5,94.4166666666667,256.766666666667
2023-01-21 09:00:00,34.65,295.0,94.5666666666667,256.8
2023-01-21 10:00:00,150.816666666667,298.666666666667,94.55,256.916666666667
2023-01-21 11:00:00,235.966666666667,287.166666666667,94.7166666666667,257.133333333333
2023-01-21 12:00:00,371.866666666667,284.666666666667,94.9833333333333,257.433333333333
2023-01-21 13:00:00,376.333333333333,276.0,95.3166666666667,257.816666666667
2023-01-21 14:00:00,272.05,275.0,95.5666666666667,258.033333333333
2023-01-21 15:00:00,142.85,284.666666666667,95.5333333333333,257.883333333333
2023-01-21 16:00:00,96.05,286.166666666667,95.5666666666667,257.733333333333
2023-01-21 17:00:00,34.6166666666667,287.166666666667,95.4666666666667,257.75
2023-01-21 18:00:00,0.1,296.166666666667,95.1166666666667,257.366666666667
2023-01-21 19:00:00,0.0,303.0,94.7666666666667,257.083333333333
2023-01-21 20:00:00,0.0,304.166666666667,94.5666666666667,256.9
2023-01-21 21:00:00,0.0,305.333333333333,94.5166666666667,256.8
2023-01-21 22:00:00,0.0,308.5,94.6,256.933333333333
2023-01-21 23:00:00,0.0,310.0,94.3833333333333,256.733333333333
2023-01-22 00:00:00,0.0,315.166666666667,94.25,256.65
2023-01-22 01:00:00,0.0,318.333333333333,94.5,256.833333333333
2023-01-22 02:00:00,0.0,322.0,94.9666666666667,257.3
2023-01-22 03:00:00,0.0,321.666666666667,95.2666666666667,257.6
2023-01-22 04:00:00,0.0,327.333333333333,95.0333333333333,257.333333333333
2023-01-22 05:00:00,0.0,327.833333333333,95.15,257.466666666667
2023-01-22 06:00:00,0.0,318.833333333333,94.9833333333333,257.333333333333
2023-01-22 07:00:00,0.0,310.833333333333,94.6,256.916666666667
2023-01-22 08:00:00,0.883333333333333,315.166666666667,95.1833333333333,257.466666666667
2023-01-22 09:00:00,41.3333333333333,318.166666666667,95.3833333333333,257.633333333333
2023-01-22 10:00:00,147.466666666667,309.0,96.5666666666667,258.65
2023-01-22 11:00:00,362.616666666667,276.666666666667,99.65,264.9
2023-01-22 12:00:00,198.633333333333,258.833333333333,99.9833333333333,264.9
2023-01-22 13:00:00,237.733333333333,275.5,99.4166666666667,262.033333333333
2023-01-22 14:00:00,212.783333333333,272.833333333333,99.0,262.05
2023-01-22 15:00:00,133.766666666667,273.666666666667,98.3,260.716666666667
2023-01-22 16:00:00,136.433333333333,291.166666666667,98.5333333333334,260.55
2023-01-22 17:00:00,32.85,290.166666666667,97.9833333333333,260.45
2023-01-22 18:00:00,1.13333333333333,310.166666666667,96.0333333333334,257.766666666667
2023-01-22 19:00:00,0.0,307.166666666667,96.4166666666667,258.133333333333
2023-01-22 20:00:00,0.0,304.0,96.65,258.533333333333
2023-01-22 21:00:00,0.0,304.333333333333,97.15,259.033333333333
2023-01-22 22:00:00,0.0,312.5,97.1333333333333,259.0
2023-01-22 23:00:00,0.0,307.5,97.0,259.05
2023-01-23 00:00:00,0.0,309.833333333333,97.5833333333333,259.516666666667
2023-01-23 01:00:00,0.0,302.0,97.3333333333333,259.366666666667
2023-01-23 02:00:00,0.0,300.333333333333,98.15,260.116666666667
2023-01-23 03:00:00,0.0,310.666666666667,98.3666666666667,260.55
2023-01-23 04:00:00,0.0,322.333333333333,98.8333333333333,260.983333333333
2023-01-23 05:00:00,0.0,321.5,98.5666666666667,261.0
2023-01-23 06:00:00,0.0,314.333333333333,98.3166666666667,260.983333333333
2023-01-23 07:00:00,0.0,317.666666666667,97.9833333333334,260.6
2023-01-23 08:00:00,1.0,321.833333333333,98.7833333333334,261.133333333333
2023-01-23 09:00:00,26.7666666666667,317.833333333333,97.2166666666667,261.133333333333
2023-01-23 10:00:00,71.6833333333333,311.833333333333,98.8833333333334,261.4
2023-01-23 11:00:00,145.816666666667,307.666666666667,99.1666666666667,261.95
2023-01-23 12:00:00,212.933333333333,282.833333333333,99.8333333333333,264.883333333333
2023-01-23 13:00:00,205.983333333333,302.833333333333,99.1333333333333,263.366666666667
2023-01-23 14:00:00,149.033333333333,300.833333333333,99.4833333333333,263.616666666667
2023-01-23 15:00:00,218.216666666667,299.333333333333,99.9,264.6
2023-01-23 16:00:00,99.6666666666667,306.5,99.3,264.016666666667
2023-01-23 17:00:00,33.9833333333333,318.0,99.7333333333333,263.283333333333
2023-01-23 18:00:00,0.45,318.0,99.9666666666667,262.733333333333
2023-01-23 19:00:00,0.0,310.833333333333,100.066666666667,262.716666666667
2023-01-23 20:00:00,0.0,316.5,100.1,263.45
2023-01-23 21:00:00,0.0,331.166666666667,100.1,264.55
2023-01-23 22:00:00,0.0,333.666666666667,100.1,264.816666666667
2023-01-23 23:00:00,0.0,337.333333333333,100.1,264.916666666667
2023-01-24 00:00:00,0.0,336.5,99.9666666666667,264.733333333333
2023-01-24 01:00:00,0.0,334.333333333333,98.8,264.55
2023-01-24 02:00:00,0.0,337.0,98.15,264.75
2023-01-24 03:00:00,0.0,327.166666666667,95.5,264.1
2023-01-24 04:00:00,0.0,322.833333333333,91.55,264.2
2023-01-24 05:00:00,0.0,327.5,87.35,265.133333333333
2023-01-24 06:00:00,0.0,326.333333333333,83.7666666666667,265.133333333333
2023-01-24 07:00:00,0.0,327.666666666667,80.6166666666667,265.583333333333
2023-01-24 08:00:00,2.0,323.166666666667,77.55,265.7
2023-01-24 09:00:00,62.8833333333333,324.0,77.1333333333334,265.4
2023-01-24 10:00:00,291.233333333333,312.0,69.5166666666667,267.5
2023-01-24 11:00:00,210.0,312.5,68.35,267.6
2023-01-24 12:00:00,322.383333333333,315.166666666667,69.1333333333333,268.033333333333
2023-01-24 13:00:00,470.433333333333,316.0,64.8833333333333,268.9
2023-01-24 14:00:00,466.9,309.0,62.0,269.45
2023-01-24 15:00:00,285.95,313.833333333333,64.55,268.816666666667
2023-01-24 16:00:00,133.733333333333,316.333333333333,69.15,268.333333333333
2023-01-24 17:00:00,41.4,318.666666666667,73.75,267.533333333333
2023-01-24 18:00:00,1.45,318.333333333333,73.05,267.166666666667
2023-01-24 19:00:00,0.0,318.0,72.5833333333333,266.9
2023-01-24 20:00:00,0.0,319.166666666667,74.7166666666667,266.95
2023-01-24 21:00:00,0.0,320.0,74.8,266.883333333333
2023-01-24 22:00:00,0.0,317.333333333333,70.3333333333333,267.216666666667
2023-01-24 23:00:00,0.0,318.166666666667,66.35,268.033333333333
2023-01-25 00:00:00,0.0,317.666666666667,60.85,268.3
2023-01-25 01:00:00,0.0,315.833333333333,60.9333333333333,268.3
2023-01-25 02:00:00,0.0,316.5,60.7,268.183333333333
2023-01-25 03:00:00,0.0,314.333333333333,51.7833333333334,268.383333333333
2023-01-25 04:00:00,0.0,315.0,44.7,268.85
2023-01-25 05:00:00,0.0,310.833333333333,47.25,267.916666666667
2023-01-25 06:00:00,0.0,316.5,52.2833333333333,267.016666666667
2023-01-25 07:00:00,0.0,314.833333333333,50.8833333333333,266.95
2023-01-25 08:00:00,2.1,313.833333333333,49.55,267.0
2023-01-25 09:00:00,84.6666666666667,312.0,43.5333333333333,267.683333333333
2023-01-25 10:00:00,237.133333333333,308.166666666667,44.2166666666667,268.583333333333
2023-01-25 11:00:00,510.316666666667,301.5,42.3166666666667,269.083333333333
2023-01-25 12:00:00,628.05,294.333333333333,46.95,269.333333333333
2023-01-25 13:00:00,660.416666666667,294.166666666667,43.7833333333333,270.066666666667
2023-01-25 14:00:00,639.05,283.333333333333,41.7833333333333,271.233333333333
2023-01-25 15:00:00,553.316666666667,290.0,44.65,270.466666666667
2023-01-25 16:00:00,395.2,292.0,44.95,269.283333333333
2023-01-25 17:00:00,89.8833333333333,297.666666666667,37.05,267.9
2023-01-25 18:00:00,2.01666666666667,302.5,34.7166666666667,267.05
2023-01-25 19:00:00,0.0,296.833333333333,31.8333333333333,266.916666666667
2023-01-25 20:00:00,0.0,300.166666666667,30.3666666666667,266.85
2023-01-25 21:00:00,0.0,305.0,29.9833333333333,266.583333333333
2023-01-25 22:00:00,0.0,308.833333333333,29.85,266.65
2023-01-25 23:00:00,0.0,303.5,30.9666666666667,265.816666666667
2023-01-26 00:00:00,0.0,301.833333333333,29.9166666666667,265.65
2023-01-26 01:00:00,0.0,293.333333333333,31.2833333333333,265.166666666667
2023-01-26 02:00:00,0.0,296.833333333333,29.2833333333333,265.45
2023-01-26 03:00:00,0.0,303.333333333333,27.7833333333333,265.633333333333
2023-01-26 04:00:00,0.0,305.333333333333,28.1666666666667,265.366666666667
2023-01-26 05:00:00,0.0,303.833333333333,28.75,264.9
2023-01-26 06:00:00,0.0,298.0,29.3666666666667,264.483333333333
2023-01-26 07:00:00,0.0,297.166666666667,30.9166666666667,264.383333333333
2023-01-26 08:00:00,3.33333333333333,301.166666666667,33.0666666666667,263.683333333333
2023-01-26 09:00:00,132.583333333333,298.833333333333,33.2166666666667,264.3
2023-01-26 10:00:00,426.516666666667,295.833333333333,34.35,265.166666666667
2023-01-26 11:00:00,563.45,282.333333333333,33.0666666666667,267.083333333333
2023-01-26 12:00:00,626.833333333333,299.166666666667,37.7833333333333,265.883333333333
2023-01-26 13:00:00,671.133333333333,287.666666666667,52.6166666666667,266.666666666667
2023-01-26 14:00:00,629.883333333333,292.666666666667,54.5666666666667,265.883333333333
2023-01-26 15:00:00,540.6,295.166666666667,52.35,265.083333333333
2023-01-26 16:00:00,392.45,296.0,51.8333333333333,264.9
2023-01-26 17:00:00,100.533333333333,301.833333333333,57.5833333333333,263.783333333333
2023-01-26 18:00:00,2.68333333333333,306.333333333333,64.2166666666667,262.483333333333
2023-01-26 19:00:00,0.0,306.666666666667,63.7,262.05
2023-01-26 20:00:00,0.0,305.5,61.4166666666667,262.033333333333
2023-01-26 21:00:00,0.0,303.5,58.4666666666667,261.916666666667
2023-01-26 22:00:00,0.0,304.0,57.9333333333333,261.633333333333
2023-01-26 23:00:00,0.0,305.333333333333,48.8833333333333,261.816666666667
2023-01-27 00:00:00,0.0,304.666666666667,42.5666666666667,261.716666666667
2023-01-27 01:00:00,0.0,305.166666666667,44.45,261.65
2023-01-27 02:00:00,0.0,304.5,44.15,261.4
2023-01-27 03:00:00,0.0,304.0,47.4666666666667,260.716666666667
2023-01-27 04:00:00,0.0,299.666666666667,47.7666666666667,260.166666666667
2023-01-27 05:00:00,0.0,305.0,44.0333333333333,259.716666666667
2023-01-27 06:00:00,0.0,306.0,37.7333333333333,260.3
2023-01-27 07:00:00,0.0,301.5,36.1333333333333,261.15
2023-01-27 08:00:00,3.98333333333333,297.666666666667,37.75,260.916666666667
2023-01-27 09:00:00,120.266666666667,297.833333333333,33.7666666666667,261.7
2023-01-27 10:00:00,328.933333333333,294.333333333333,38.1833333333333,261.5
2023-01-27 11:00:00,548.583333333333,294.0,36.3166666666667,261.766666666667
2023-01-27 12:00:00,475.266666666667,288.166666666667,58.4833333333333,261.25
2023-01-27 13:00:00,377.116666666667,291.333333333333,65.5333333333333,260.666666666667
2023-01-27 14:00:00,413.0,287.5,67.5333333333333,260.983333333333
2023-01-27 15:00:00,469.35,283.333333333333,84.3,259.783333333333
2023-01-27 16:00:00,221.666666666667,289.666666666667,99.2833333333333,257.816666666667
2023-01-27 17:00:00,51.6333333333333,292.833333333333,97.35,257.433333333333
2023-01-27 18:00:00,2.25,293.666666666667,96.55,257.133333333333
2023-01-27 19:00:00,0.0,293.5,95.9,257.1
2023-01-27 20:00:00,0.0,292.666666666667,95.5833333333333,257.05
2023-01-27 21:00:00,0.0,291.833333333333,94.8666666666667,256.833333333333
2023-01-27 22:00:00,0.0,293.333333333333,94.65,256.7
2023-01-27 23:00:00,0.0,298.5,94.65,257.216666666667
2023-01-28 00:00:00,0.0,298.833333333333,95.3166666666667,258.0
2023-01-28 01:00:00,0.0,298.833333333333,95.65,258.266666666667
2023-01-28 02:00:00,0.0,297.833333333333,95.75,258.466666666667
2023-01-28 03:00:00,0.0,296.666666666667,95.6833333333333,258.183333333333
2023-01-28 04:00:00,0.0,297.0,95.55,258.033333333333
2023-01-28 05:00:00,0.0,296.333333333333,95.35,257.9
2023-01-28 06:00:00,0.0,294.166666666667,95.3833333333333,257.65
2023-01-28 07:00:00,0.0,299.833333333333,96.3,258.916666666667
2023-01-28 08:00:00,2.55,300.5,94.25,260.466666666667
2023-01-28 09:00:00,57.3666666666667,296.166666666667,87.7166666666667,261.233333333333
2023-01-28 10:00:00,154.416666666667,290.833333333333,91.35,260.0
2023-01-28 11:00:00,366.85,290.0,83.6833333333333,260.733333333333
2023-01-28 12:00:00,526.7,286.0,80.2833333333333,261.883333333333
2023-01-28 13:00:00,613.4,287.166666666667,94.3666666666667,261.433333333333
2023-01-28 14:00:00,588.95,276.666666666667,89.2666666666667,262.883333333333
2023-01-28 15:00:00,400.716666666667,284.5,99.85,261.033333333333
2023-01-28 16:00:00,230.716666666667,289.666666666667,97.6,261.766666666667
2023-01-28 17:00:00,58.2833333333333,293.0,100.066666666667,260.95
2023-01-28 18:00:00,3.0,290.0,99.9666666666667,260.483333333333
2023-01-28 19:00:00,0.0,291.833333333333,99.55,260.233333333333
2023-01-28 20:00:00,0.0,293.333333333333,95.4,260.05
2023-01-28 21:00:00,0.0,291.0,74.65,260.483333333333
2023-01-28 22:00:00,0.0,286.0,42.3666666666667,261.716666666667
2023-01-28 23:00:00,0.0,285.5,41.25,262.066666666667
2023-01-29 00:00:00,0.0,286.5,42.8166666666667,262.25
2023-01-29 01:00:00,0.0,288.666666666667,41.9166666666667,262.533333333333
2023-01-29 02:00:00,0.0,285.5,43.5,262.216666666667
2023-01-29 03:00:00,0.0,282.166666666667,44.65,262.3
2023-01-29 04:00:00,0.0,288.166666666667,46.3166666666667,262.6
2023-01-29 05:00:00,0.0,282.5,52.05,263.85
2023-01-29 06:00:00,0.0,286.666666666667,51.2833333333333,264.183333333333
2023-01-29 07:00:00,0.0,289.833333333333,50.8833333333333,264.616666666667
2023-01-29 08:00:00,4.2,285.333333333333,56.7333333333333,263.85
2023-01-29 09:00:00,159.583333333333,282.833333333333,58.2333333333333,264.283333333333
2023-01-29 10:00:00,435.966666666667,283.833333333333,57.5833333333333,265.516666666667
2023-01-29 11:00:00,573.016666666667,282.666666666667,49.4666666666667,267.25
2023-01-29 12:00:00,656.833333333333,279.833333333333,40.8333333333333,268.466666666667
2023-01-29 13:00:00,684.65,270.0,47.6666666666667,269.566666666667
2023-01-29 14:00:00,654.883333333333,262.5,53.5666666666667,268.616666666667
2023-01-29 15:00:00,542.75,280.833333333333,56.7833333333333,267.233333333333
2023-01-29 16:00:00,310.733333333333,286.5,59.1,266.533333333333
2023-01-29 17:00:00,80.65,286.833333333333,27.3833333333333,267.816666666667
2023-01-29 18:00:00,3.45,285.833333333333,23.4666666666667,267.233333333333
2023-01-29 19:00:00,0.0,287.5,20.2666666666667,267.05
2023-01-29 20:00:00,0.0,286.333333333333,19.7333333333333,266.833333333333
2023-01-29 21:00:00,0.0,286.5,15.5833333333333,266.733333333333
2023-01-29 22:00:00,0.0,281.5,17.6833333333333,266.983333333333
2023-01-29 23:00:00,0.0,285.666666666667,15.2,267.266666666667
2023-01-30 00:00:00,0.0,280.166666666667,21.9,266.1
2023-01-30 01:00:00,0.0,279.333333333333,18.75,266.05
2023-01-30 02:00:00,0.0,286.0,17.05,266.6
2023-01-30 03:00:00,0.0,281.333333333333,27.85,266.716666666667
2023-01-30 04:00:00,0.0,287.0,29.9333333333333,267.766666666667
2023-01-30 05:00:00,0.0,285.333333333333,28.4166666666667,267.766666666667
2023-01-30 06:00:00,0.0,286.5,29.3166666666667,266.616666666667
2023-01-30 07:00:00,0.0,289.833333333333,29.8833333333333,267.266666666667
2023-01-30 08:00:00,4.43333333333333,289.0,29.75,267.683333333333
2023-01-30 09:00:00,87.4833333333334,287.166666666667,27.6166666666667,267.683333333333
2023-01-30 10:00:00,284.9,283.5,26.6333333333333,267.766666666667
2023-01-30 11:00:00,538.616666666667,280.166666666667,27.1833333333333,268.766666666667
2023-01-30 12:00:00,620.633333333333,278.166666666667,31.9333333333333,269.216666666667
2023-01-30 13:00:00,686.233333333333,282.5,39.6833333333333,268.733333333333
2023-01-30 14:00:00,651.45,284.666666666667,42.1166666666667,268.966666666667
2023-01-30 15:00:00,566.65,276.166666666667,41.2833333333333,268.75
2023-01-30 16:00:00,237.216666666667,267.5,47.05,268.2
2023-01-30 17:00:00,64.95,265.833333333333,51.0833333333333,267.166666666667
2023-01-30 18:00:00,3.91666666666667,256.666666666667,58.4333333333333,265.933333333333
2023-01-30 19:00:00,0.0,257.166666666667,77.3833333333333,264.583333333333
2023-01-30 20:00:00,0.0,252.666666666667,87.1166666666667,263.933333333333
2023-01-30 21:00:00,0.0,254.0,95.3833333333333,263.15
2023-01-30 22:00:00,0.0,258.833333333333,99.8666666666667,262.283333333333
2023-01-30 23:00:00,0.0,270.166666666667,99.35,261.416666666667
2023-01-31 00:00:00,0.0,298.833333333333,97.55,260.733333333333
2023-01-31 01:00:00,0.0,312.333333333333,81.8833333333333,260.983333333333
2023-01-31 02:00:00,0.0,317.666666666667,79.8833333333333,260.9
2023-01-31 03:00:00,0.0,314.333333333333,80.7333333333333,260.666666666667
2023-01-31 04:00:00,0.0,311.0,75.15,260.633333333333
2023-01-31 05:00:00,0.0,308.333333333333,59.5166666666667,260.983333333333
2023-01-31 06:00:00,0.0,305.666666666667,50.0666666666667,261.166666666667
2023-01-31 07:00:00,0.0,302.833333333333,38.3,261.583333333333
2023-01-31 08:00:00,5.31666666666667,299.833333333333,37.2666666666667,261.433333333333
2023-01-31 09:00:00,185.5,296.166666666667,32.9666666666667,262.033333333333
2023-01-31 10:00:00,451.516666666667,291.833333333333,30.0,262.916666666667
2023-01-31 11:00:00,583.716666666667,287.333333333333,18.8166666666667,265.35
2023-01-31 12:00:00,663.05,286.0,30.1666666666667,265.683333333333
2023-01-31 13:00:00,692.333333333333,292.0,27.4666666666667,265.716666666667
2023-01-31 14:00:00,738.783333333333,282.0,33.2333333333333,266.633333333333
2023-01-31 15:00:00,565.383333333333,293.0,26.5333333333333,266.333333333333
2023-01-31 16:00:00,335.65,277.333333333333,30.5333333333333,266.133333333333
2023-01-31 17:00:00,77.4166666666667,270.666666666667,42.35,266.916666666667
2023-01-31 18:00:00,5.7,265.166666666667,51.4833333333333,267.033333333333
2023-01-31 19:00:00,0.0,257.166666666667,56.9166666666667,266.183333333333
2023-01-31 20:00:00,0.0,251.5,72.3,265.666666666667
2023-01-31 21:00:00,0.0,251.833333333333,76.9,265.3
2023-01-31 22:00:00,0.0,251.166666666667,75.55,265.283333333333
2023-01-31 23:00:00,0.0,250.833333333333,75.1333333333333,265.466666666667
2023-02-01 00:00:00,0.0,252.0,77.1166666666667,265.333333333333
2023-02-01 01:00:00,0.0,251.0,74.8,265.516666666667
2023-02-01 02:00:00,0.0,249.666666666667,71.1833333333333,265.55
2023-02-01 03:00:00,0.0,249.166666666667,64.0333333333333,265.616666666667
2023-02-01 04:00:00,0.0,248.0,56.3333333333333,265.466666666667
2023-02-01 05:00:00,0.0,249.333333333333,52.9,265.433333333333
2023-02-01 06:00:00,0.0,249.166666666667,43.1166666666667,265.833333333333
2023-02-01 07:00:00,0.0,238.5,36.8833333333333,266.066666666667
2023-02-01 08:00:00,6.0,228.0,43.4833333333333,265.483333333333
2023-02-01 09:00:00,182.616666666667,230.166666666667,43.8833333333333,265.433333333333
2023-02-01 10:00:00,504.133333333333,230.833333333333,47.8166666666667,265.366666666667
2023-02-01 11:00:00,356.633333333333,230.333333333333,60.1166666666667,264.9
2023-02-01 12:00:00,334.966666666667,234.333333333333,70.75,264.533333333333
2023-02-01 13:00:00,449.466666666667,231.666666666667,63.6,264.916666666667
2023-02-01 14:00:00,477.266666666667,233.666666666667,57.9666666666667,265.1
2023-02-01 15:00:00,370.816666666667,235.333333333333,56.8333333333333,265.083333333333
2023-02-01 16:00:00,181.033333333333,214.166666666667,58.0333333333333,264.9
2023-02-01 17:00:00,64.4,200.5,60.3,264.716666666667
2023-02-01 18:00:00,3.9,225.666666666667,57.5666666666667,264.65
2023-02-01 19:00:00,0.0,233.166666666667,62.2166666666667,264.3
2023-02-01 20:00:00,0.0,234.833333333333,68.1833333333333,264.033333333333
2023-02-01 21:00:00,0.0,234.166666666667,65.2333333333333,264.066666666667
2023-02-01 22:00:00,0.0,234.833333333333,66.7166666666667,263.933333333333
2023-02-01 23:00:00,0.0,234.166666666667,78.0,263.366666666667
2023-02-02 00:00:00,0.0,222.666666666667,77.4833333333333,263.183333333333
2023-02-02 01:00:00,0.0,206.833333333333,79.9166666666667,263.05
2023-02-02 02:00:00,0.0,202.166666666667,88.0833333333333,262.616666666667
2023-02-02 03:00:00,0.0,197.833333333333,88.4333333333333,262.45
2023-02-02 04:00:00,0.0,214.5,98.3833333333333,262.15
2023-02-02 05:00:00,0.0,230.0,99.7166666666667,262.333333333333
2023-02-02 06:00:00,0.0,238.666666666667,99.9166666666667,262.466666666667
2023-02-02 07:00:00,0.0,258.0,100.033333333333,262.5
2023-02-02 08:00:00,1.66666666666667,284.333333333333,100.083333333333,262.683333333333
2023-02-02 09:00:00,32.4333333333333,284.333333333333,100.05,262.933333333333
2023-02-02 10:00:00,78.5666666666667,313.333333333333,100.066666666667,263.133333333333
2023-02-02 11:00:00,142.033333333333,374.0,100.066666666667,263.25
2023-02-02 12:00:00,252.683333333333,380.0,100.05,263.416666666667
2023-02-02 13:00:00,362.2,388.5,100.1,263.683333333333
2023-02-02 14:00:00,308.183333333333,440.166666666667,100.05,263.833333333333
2023-02-02 15:00:00,183.533333333333,456.666666666667,100.083333333333,263.75
2023-02-02 16:00:00,90.8833333333333,466.166666666667,100.083333333333,263.75
2023-02-02 17:00:00,28.0666666666667,471.0,100.066666666667,263.7
2023-02-02 18:00:00,1.35,477.333333333333,100.033333333333,263.683333333333
2023-02-02 19:00:00,0.0,482.666666666667,100.1,263.7
2023-02-02 20:00:00,0.0,496.666666666667,100.1,263.833333333333
2023-02-02 21:00:00,0.0,496.666666666667,100.1,264.016666666667
2023-02-02 22:00:00,0.0,524.166666666667,100.1,264.316666666667
2023-02-02 23:00:00,0.0,535.166666666667,100.1,264.333333333333
2023-02-03 00:00:00,0.0,494.833333333333,100.1,264.333333333333
2023-02-03 01:00:00,0.0,447.0,100.083333333333,264.333333333333
2023-02-03 02:00:00,0.0,425.333333333333,100.1,264.15
2023-02-03 03:00:00,0.0,408.333333333333,97.8333333333333,264.283333333333
2023-02-03 04:00:00,0.0,389.166666666667,74.9166666666667,265.233333333333
2023-02-03 05:00:00,0.0,384.666666666667,66.4166666666667,265.783333333333
2023-02-03 06:00:00,0.0,384.666666666667,58.95,266.383333333333
2023-02-03 07:00:00,0.0,382.666666666667,48.65,266.933333333333
2023-02-03 08:00:00,10.4333333333333,383.0,51.1666666666667,267.033333333333
2023-02-03 09:00:00,157.05,374.833333333333,48.15,268.316666666667
2023-02-03 10:00:00,342.383333333333,362.666666666667,42.3666666666667,268.616666666667
2023-02-03 11:00:00,519.95,314.5,31.75,269.45
2023-02-03 12:00:00,632.866666666667,292.333333333333,30.6666666666667,270.083333333333
2023-02-03 13:00:00,627.316666666667,281.5,28.5333333333333,270.283333333333
2023-02-03 14:00:00,465.266666666667,261.666666666667,29.8833333333333,270.116666666667
2023-02-03 15:00:00,294.85,231.5,29.7333333333333,269.866666666667
2023-02-03 16:00:00,220.7,210.0,32.3166666666667,269.65
2023-02-03 17:00:00,56.0666666666667,205.5,34.8833333333333,269.45
2023-02-03 18:00:00,2.8,202.333333333333,49.5333333333333,268.95
2023-02-03 19:00:00,0.0,198.5,98.8666666666667,266.533333333333
2023-02-03 20:00:00,0.0,213.5,100.1,266.666666666667
2023-02-03 21:00:00,0.0,239.666666666667,100.1,266.95
2023-02-03 22:00:00,0.0,261.0,100.1,267.05
2023-02-03 23:00:00,0.0,295.166666666667,100.1,267.116666666667
2023-02-04 00:00:00,0.0,328.5,100.1,267.1
2023-02-04 01:00:00,0.0,365.333333333333,100.083333333333,266.816666666667
2023-02-04 02:00:00,0.0,393.5,100.1,266.716666666667
2023-02-04 03:00:00,0.0,426.5,100.1,266.55
2023-02-04 04:00:00,0.0,445.333333333333,100.1,266.533333333333
2023-02-04 05:00:00,0.0,519.0,100.1,266.3
2023-02-04 06:00:00,0.0,555.0,100.1,266.216666666667
2023-02-04 07:00:00,0.0,574.5,100.1,265.866666666667
2023-02-04 08:00:00,10.4,583.166666666667,100.1,265.55
2023-02-04 09:00:00,107.033333333333,570.333333333333,100.05,265.5
2023-02-04 10:00:00,382.833333333333,546.833333333333,100.083333333333,265.883333333333
2023-02-04 11:00:00,642.216666666667,519.666666666667,100.15,267.9
2023-02-04 12:00:00,669.766666666667,522.5,100.15,267.066666666667
2023-02-04 13:00:00,750.816666666667,516.833333333333,100.15,267.233333333333
2023-02-04 14:00:00,695.666666666667,511.166666666667,100.116666666667,266.883333333333
2023-02-04 15:00:00,518.833333333333,509.5,100.116666666667,266.483333333333
2023-02-04 16:00:00,296.25,513.166666666667,100.116666666667,265.366666666667
2023-02-04 17:00:00,90.7,512.833333333333,100.083333333333,264.1
2023-02-04 18:00:00,7.03333333333333,511.666666666667,100.1,263.4
2023-02-04 19:00:00,0.0,508.0,100.1,263.033333333333
2023-02-04 20:00:00,0.0,503.5,100.1,262.866666666667
2023-02-04 21:00:00,0.0,501.0,100.1,262.433333333333
2023-02-04 22:00:00,0.0,497.166666666667,100.083333333333,261.933333333333
2023-02-04 23:00:00,0.0,500.666666666667,99.7166666666667,261.033333333333
2023-02-05 00:00:00,0.0,493.833333333333,99.8666666666667,261.1
2023-02-05 01:00:00,0.0,491.0,99.9333333333333,261.15
2023-02-05 02:00:00,0.0,488.0,99.6333333333333,260.983333333333
2023-02-05 03:00:00,0.0,484.833333333333,99.0833333333333,260.333333333333
2023-02-05 04:00:00,0.0,483.5,98.7333333333333,259.866666666667
2023-02-05 05:00:00,0.0,480.333333333333,99.0166666666667,260.2
2023-02-05 06:00:00,0.0,479.833333333333,98.65,259.933333333333
2023-02-05 07:00:00,0.0,481.666666666667,98.1666666666667,259.416666666667
2023-02-05 08:00:00,10.65,499.666666666667,98.8333333333333,260.1
2023-02-05 09:00:00,312.016666666667,489.833333333333,98.6166666666667,260.666666666667
2023-02-05 10:00:00,546.9,495.833333333333,97.7,261.533333333333
2023-02-05 11:00:00,645.683333333333,491.833333333333,92.7166666666667,261.7
2023-02-05 12:00:00,721.8,477.666666666667,91.2666666666667,262.816666666667
2023-02-05 13:00:00,579.133333333333,471.0,94.1333333333333,264.0
2023-02-05 14:00:00,433.133333333333,464.0,94.9666666666667,262.816666666667
2023-02-05 15:00:00,393.766666666667,455.833333333333,98.1333333333333,262.35
2023-02-05 16:00:00,194.6,459.666666666667,96.2833333333334,261.966666666667
2023-02-05 17:00:00,76.3,456.666666666667,97.7166666666667,261.6
2023-02-05 18:00:00,5.03333333333333,450.833333333333,100.0,261.083333333333
2023-02-05 19:00:00,0.0,449.333333333333,99.7666666666667,260.933333333333
2023-02-05 20:00:00,0.0,447.166666666667,99.6666666666667,260.883333333333
2023-02-05 21:00:00,0.0,444.833333333333,99.7833333333333,261.333333333333
2023-02-05 22:00:00,0.0,443.333333333333,99.4833333333333,260.883333333333
2023-02-05 23:00:00,0.0,443.333333333333,99.2333333333333,260.566666666667
2023-02-06 00:00:00,0.0,441.333333333333,99.6333333333333,261.016666666667
2023-02-06 01:00:00,0.0,436.333333333333,99.8833333333333,261.366666666667
2023-02-06 02:00:00,0.0,439.5,99.6,261.0
2023-02-06 03:00:00,0.0,438.166666666667,99.8166666666667,261.2
2023-02-06 04:00:00,0.0,435.333333333333,99.35,260.783333333333
2023-02-06 05:00:00,0.0,429.333333333333,98.1833333333334,259.65
2023-02-06 06:00:00,0.0,430.166666666667,98.2666666666667,259.416666666667
2023-02-06 07:00:00,0.0,440.666666666667,95.55,258.8
2023-02-06 08:00:00,13.2,443.333333333333,81.6166666666667,258.716666666667
2023-02-06 09:00:00,267.216666666667,441.0,71.35,260.066666666667
2023-02-06 10:00:00,469.85,437.833333333333,54.95,261.766666666667
2023-02-06 11:00:00,629.616666666667,412.166666666667,70.7,263.416666666667
2023-02-06 12:00:00,697.35,403.666666666667,95.7,261.4
2023-02-06 13:00:00,674.883333333333,405.666666666667,89.4666666666667,262.283333333333
2023-02-06 14:00:00,578.983333333333,413.333333333333,95.7166666666667,261.5
2023-02-06 15:00:00,689.466666666667,411.333333333333,92.6833333333333,261.516666666667
2023-02-06 16:00:00,409.15,420.5,93.1666666666666,260.933333333333
2023-02-06 17:00:00,118.4,421.833333333333,93.35,260.85
2023-02-06 18:00:00,5.8,425.5,99.9,260.266666666667
2023-02-06 19:00:00,0.0,443.5,98.5333333333333,259.583333333333
2023-02-06 20:00:00,0.0,465.166666666667,97.9,259.233333333333
2023-02-06 21:00:00,0.0,467.5,97.3,258.783333333333
2023-02-06 22:00:00,0.0,468.0,96.7166666666667,258.2
2023-02-06 23:00:00,0.0,460.666666666667,96.9166666666667,258.016666666667
2023-02-07 00:00:00,0.0,461.166666666667,95.25,257.816666666667
2023-02-07 01:00:00,0.0,460.833333333333,91.8833333333333,258.166666666667
2023-02-07 02:00:00,0.0,455.833333333333,84.4666666666667,258.083333333333
2023-02-07 03:00:00,0.0,455.333333333333,66.6833333333333,258.95
2023-02-07 04:00:00,0.0,453.666666666667,55.2833333333333,259.433333333333
2023-02-07 05:00:00,0.0,447.0,48.3666666666667,260.3
2023-02-07 06:00:00,0.0,433.833333333333,45.15,260.666666666667
2023-02-07 07:00:00,0.0,433.333333333333,37.9666666666667,261.266666666667
2023-02-07 08:00:00,13.9833333333333,431.833333333333,30.6,261.816666666667
2023-02-07 09:00:00,249.733333333333,426.5,28.8666666666667,262.783333333333
2023-02-07 10:00:00,494.5,419.833333333333,26.3,263.8
2023-02-07 11:00:00,635.7,411.5,21.7833333333333,265.7
2023-02-07 12:00:00,724.416666666667,414.5,24.85,266.216666666667
2023-02-07 13:00:00,746.716666666667,413.666666666667,49.25,265.55
2023-02-07 14:00:00,702.65,419.833333333333,59.4166666666667,263.583333333333
2023-02-07 15:00:00,620.15,420.166666666667,54.1666666666667,264.033333333333
2023-02-07 16:00:00,485.55,415.0,56.6666666666667,264.266666666667
2023-02-07 17:00:00,220.816666666667,409.333333333333,60.3833333333333,263.383333333333
2023-02-07 18:00:00,8.48333333333333,424.333333333333,71.8166666666667,260.8
2023-02-07 19:00:00,0.0,425.666666666667,68.5333333333333,260.25
2023-02-07 20:00:00,0.0,420.166666666667,68.2,259.883333333333
2023-02-07 21:00:00,0.0,417.166666666667,49.9,260.6
2023-02-07 22:00:00,0.0,425.666666666667,44.0,260.666666666667
2023-02-07 23:00:00,0.0,429.0,54.1833333333333,259.883333333333
2023-02-08 00:00:00,0.0,418.666666666667,46.4,259.816666666667
2023-02-08 01:00:00,0.0,421.0,37.6833333333333,259.933333333333
2023-02-08 02:00:00,0.0,423.833333333333,37.0,259.8
2023-02-08 03:00:00,0.0,415.333333333333,28.3166666666667,259.866666666667
2023-02-08 04:00:00,0.0,414.666666666667,22.7666666666667,260.5
2023-02-08 05:00:00,0.0,418.166666666667,20.25,261.25
2023-02-08 06:00:00,0.0,417.666666666667,20.9,261.166666666667
2023-02-08 07:00:00,0.0,416.833333333333,20.0,261.25
2023-02-08 08:00:00,15.3166666666667,420.0,18.9333333333333,261.6
2023-02-08 09:00:00,259.2,411.166666666667,19.1166666666667,262.966666666667
2023-02-08 10:00:00,500.116666666667,399.0,18.3666666666667,264.616666666667
2023-02-08 11:00:00,640.6,385.666666666667,17.25,266.016666666667
2023-02-08 12:00:00,728.666666666667,400.166666666667,17.0333333333333,265.633333333333
2023-02-08 13:00:00,757.816666666667,368.666666666667,29.1166666666667,267.2
2023-02-08 14:00:00,727.95,387.666666666667,29.65,265.85
2023-02-08 15:00:00,645.133333333333,396.666666666667,48.05,264.2
2023-02-08 16:00:00,500.4,401.666666666667,36.8833333333333,264.3
2023-02-08 17:00:00,238.716666666667,402.166666666667,27.1833333333333,264.666666666667
2023-02-08 18:00:00,8.48333333333333,408.0,23.3,263.266666666667
2023-02-08 19:00:00,0.0,407.666666666667,9.83333333333333,264.083333333333
2023-02-08 20:00:00,0.0,406.5,5.91666666666667,264.316666666667
2023-02-08 21:00:00,0.0,406.833333333333,4.61666666666667,264.716666666667
2023-02-08 22:00:00,0.0,401.333333333333,6.53333333333333,264.233333333333
2023-02-08 23:00:00,0.0,402.666666666667,5.95,264.65
2023-02-09 00:00:00,0.0,403.5,5.83333333333333,264.5
2023-02-09 01:00:00,0.0,404.333333333333,6.91666666666667,263.7
2023-02-09 02:00:00,0.0,408.333333333333,5.23333333333333,264.066666666667
2023-02-09 03:00:00,0.0,404.666666666667,5.05,264.483333333333
2023-02-09 04:00:00,0.0,402.166666666667,5.61666666666667,264.466666666667
2023-02-09 05:00:00,0.0,398.666666666667,9.41666666666667,264.35
2023-02-09 06:00:00,0.0,403.333333333333,11.3666666666667,264.7
2023-02-09 07:00:00,0.0,402.333333333333,13.05,263.95
2023-02-09 08:00:00,15.3166666666667,404.666666666667,13.0333333333333,263.55
2023-02-09 09:00:00,259.633333333333,398.0,12.7666666666667,265.05
2023-02-09 10:00:00,501.533333333333,384.833333333333,14.3,266.15
2023-02-09 11:00:00,641.166666666667,382.333333333333,17.0666666666667,266.283333333333
2023-02-09 12:00:00,729.766666666667,355.666666666667,22.75,268.7
2023-02-09 13:00:00,754.583333333333,373.833333333333,35.65,267.466666666667
2023-02-09 14:00:00,711.716666666667,386.0,43.8166666666667,266.016666666667
2023-02-09 15:00:00,633.133333333333,393.0,44.6833333333333,265.416666666667
2023-02-09 16:00:00,509.85,382.166666666667,35.9833333333333,265.983333333333
2023-02-09 17:00:00,244.5,380.666666666667,44.5,264.883333333333
2023-02-09 18:00:00,9.81666666666667,404.333333333333,50.1166666666667,262.45
2023-02-09 19:00:00,0.0,402.0,46.9833333333333,261.733333333333
2023-02-09 20:00:00,0.0,399.666666666667,49.6666666666667,261.2
2023-02-09 21:00:00,0.0,400.5,40.9666666666667,261.966666666667
2023-02-09 22:00:00,0.0,394.0,27.75,261.9
2023-02-09 23:00:00,0.0,395.833333333333,21.6833333333333,263.35
2023-02-10 00:00:00,0.0,391.5,20.65,263.916666666667
2023-02-10 01:00:00,0.0,393.0,20.25,264.083333333333
2023-02-10 02:00:00,0.0,394.333333333333,19.4166666666667,264.3
2023-02-10 03:00:00,0.0,399.666666666667,20.7833333333333,263.916666666667
2023-02-10 04:00:00,0.0,399.666666666667,22.45,263.466666666667
2023-02-10 05:00:00,0.0,393.0,25.1166666666667,262.5
2023-02-10 06:00:00,0.0,398.0,24.2,262.75
2023-02-10 07:00:00,0.0,396.5,24.15,262.816666666667
2023-02-10 08:00:00,17.5333333333333,394.333333333333,21.7,263.983333333333
2023-02-10 09:00:00,261.083333333333,393.166666666667,22.7833333333333,264.516666666667
2023-02-10 10:00:00,502.883333333333,389.5,20.9833333333333,265.65
2023-02-10 11:00:00,640.05,389.0,22.8833333333333,266.5
2023-02-10 12:00:00,726.1,369.0,26.1,268.833333333333
2023-02-10 13:00:00,753.683333333333,365.333333333333,33.1166666666667,269.3
2023-02-10 14:00:00,724.316666666667,352.833333333333,24.55,270.35
2023-02-10 15:00:00,636.583333333333,376.833333333333,35.5333333333333,268.983333333333
2023-02-10 16:00:00,498.95,373.166666666667,28.8166666666667,269.416666666667
2023-02-10 17:00:00,229.366666666667,382.833333333333,19.55,269.1
2023-02-10 18:00:00,10.1333333333333,394.166666666667,21.0666666666667,266.983333333333
2023-02-10 19:00:00,0.0,392.666666666667,23.1,266.7
2023-02-10 20:00:00,0.0,394.333333333333,21.7166666666667,266.533333333333
2023-02-10 21:00:00,0.0,395.333333333333,24.4,266.216666666667
2023-02-10 22:00:00,0.0,394.166666666667,24.3833333333333,266.466666666667
2023-02-10 23:00:00,0.0,397.0,21.8,267.516666666667
2023-02-11 00:00:00,0.0,390.833333333333,20.5166666666667,267.666666666667
2023-02-11 01:00:00,0.0,385.166666666667,19.8,267.383333333333
2023-02-11 02:00:00,0.0,394.166666666667,16.6666666666667,268.166666666667
2023-02-11 03:00:00,0.0,393.833333333333,17.95,267.883333333333
2023-02-11 04:00:00,0.0,394.833333333333,17.35,267.95
2023-02-11 05:00:00,0.0,396.333333333333,17.3333333333333,267.883333333333
2023-02-11 06:00:00,0.0,397.333333333333,18.5166666666667,268.166666666667
2023-02-11 07:00:00,0.0,393.333333333333,24.75,267.733333333333
2023-02-11 08:00:00,14.5333333333333,390.166666666667,40.3666666666667,268.116666666667
2023-02-11 09:00:00,88.7833333333334,390.0,47.2833333333333,268.333333333333
2023-02-11 10:00:00,193.35,391.5,45.6,269.783333333333
2023-02-11 11:00:00,246.016666666667,393.0,56.5166666666667,270.333333333333
2023-02-11 12:00:00,410.316666666667,389.5,59.2666666666667,270.566666666667
2023-02-11 13:00:00,452.016666666667,380.0,60.75,271.716666666667
2023-02-11 14:00:00,435.866666666667,384.0,63.6,271.7
2023-02-11 15:00:00,327.683333333333,389.5,78.0833333333333,270.783333333333
2023-02-11 16:00:00,212.133333333333,397.5,94.6333333333333,269.833333333333
2023-02-11 17:00:00,93.05,397.5,87.3166666666667,270.516666666667
2023-02-11 18:00:00,13.8166666666667,398.5,93.05,269.933333333333
2023-02-11 19:00:00,0.0,398.166666666667,91.7166666666667,269.616666666667
2023-02-11 20:00:00,0.0,397.5,86.3166666666667,268.75
2023-02-11 21:00:00,0.0,396.0,82.55,268.683333333333
2023-02-11 22:00:00,0.0,394.833333333333,78.2,268.55
2023-02-11 23:00:00,0.0,394.0,68.9666666666667,269.033333333333
2023-02-12 00:00:00,0.0,392.333333333333,64.8,269.066666666667
2023-02-12 01:00:00,0.0,394.0,60.1333333333333,269.5
2023-02-12 02:00:00,0.0,391.833333333333,55.6333333333333,269.35
2023-02-12 03:00:00,0.0,392.333333333333,53.1333333333333,269.766666666667
2023-02-12 04:00:00,0.0,389.5,60.7166666666667,269.25
2023-02-12 05:00:00,0.0,388.333333333333,66.3666666666667,269.133333333333
2023-02-12 06:00:00,0.0,390.833333333333,67.45,268.65
2023-02-12 07:00:00,0.0,386.5,68.2333333333333,268.116666666667
2023-02-12 08:00:00,23.8666666666667,385.833333333333,69.1333333333333,267.933333333333
2023-02-12 09:00:00,229.333333333333,388.833333333333,63.4666666666667,269.366666666667
2023-02-12 10:00:00,463.083333333333,386.333333333333,62.6166666666667,269.9
2023-02-12 11:00:00,627.75,385.666666666667,63.2333333333333,270.8
2023-02-12 12:00:00,718.0,371.333333333333,57.85,273.066666666667
2023-02-12 13:00:00,737.366666666667,368.833333333333,60.0833333333333,273.316666666667
2023-02-12 14:00:00,710.15,365.5,61.7,273.233333333333
2023-02-12 15:00:00,620.683333333333,370.5,63.2,273.183333333333
2023-02-12 16:00:00,488.283333333333,373.5,66.7666666666667,272.416666666667
2023-02-12 17:00:00,256.8,377.5,71.5166666666667,271.633333333333
2023-02-12 18:00:00,15.9,383.0,69.6,271.533333333333
2023-02-12 19:00:00,0.0,374.333333333333,64.6166666666667,271.8
2023-02-12 20:00:00,0.0,372.666666666667,59.8333333333333,271.966666666667
2023-02-12 21:00:00,0.0,374.166666666667,55.2333333333333,272.0
2023-02-12 22:00:00,0.0,373.5,49.6,272.5
2023-02-12 23:00:00,0.0,370.666666666667,46.9,272.466666666667
2023-02-13 00:00:00,0.0,383.333333333333,47.5,272.15
2023-02-13 01:00:00,0.0,372.333333333333,46.1666666666667,271.95
2023-02-13 02:00:00,0.0,372.833333333333,43.1666666666667,272.633333333333
2023-02-13 03:00:00,0.0,365.166666666667,42.3333333333333,272.516666666667
2023-02-13 04:00:00,0.0,369.0,40.5,272.616666666667
2023-02-13 05:00:00,0.0,365.833333333333,35.9666666666667,273.2
2023-02-13 06:00:00,0.0,372.333333333333,33.6,273.033333333333
2023-02-13 07:00:00,0.0,377.666666666667,32.2333333333333,273.016666666667
2023-02-13 08:00:00,23.0833333333333,376.833333333333,32.5833333333333,273.133333333333
2023-02-13 09:00:00,288.533333333333,365.166666666667,30.7,274.5
2023-02-13 10:00:00,511.45,359.166666666667,32.7333333333333,275.2
2023-02-13 11:00:00,648.616666666667,366.666666666667,35.8666666666667,274.85
2023-02-13 12:00:00,732.433333333333,367.166666666667,33.2166666666667,275.55
2023-02-13 13:00:00,744.7,354.333333333333,36.25,275.9
2023-02-13 14:00:00,710.483333333333,353.666666666667,34.8833333333333,276.166666666667
2023-02-13 15:00:00,629.25,361.166666666667,36.1333333333333,275.483333333333
2023-02-13 16:00:00,499.633333333333,349.5,36.8,275.9
2023-02-13 17:00:00,268.183333333333,359.5,39.45,274.9
2023-02-13 18:00:00,18.4833333333333,371.333333333333,43.9166666666667,272.916666666667
2023-02-13 19:00:00,0.0,371.166666666667,41.75,272.15
2023-02-13 20:00:00,0.0,371.833333333333,38.9,272.266666666667
2023-02-13 21:00:00,0.0,368.0,29.9833333333333,272.333333333333
2023-02-13 22:00:00,0.0,368.666666666667,11.9333333333333,274.1
2023-02-13 23:00:00,0.0,372.666666666667,11.8833333333333,273.766666666667
2023-02-14 00:00:00,0.0,365.833333333333,14.4666666666667,273.616666666667
2023-02-14 01:00:00,0.0,362.166666666667,14.3333333333333,273.766666666667
2023-02-14 02:00:00,0.0,362.666666666667,15.2,273.483333333333
2023-02-14 03:00:00,0.0,366.666666666667,13.8166666666667,274.133333333333
2023-02-14 04:00:00,0.0,371.833333333333,14.9166666666667,273.65
2023-02-14 05:00:00,0.0,360.833333333333,16.95,273.333333333333
2023-02-14 06:00:00,0.0,366.333333333333,14.35,273.916666666667
2023-02-14 07:00:00,0.0,362.833333333333,16.7333333333333,273.533333333333
2023-02-14 08:00:00,25.2,365.666666666667,12.4666666666667,275.166666666667
2023-02-14 09:00:00,298.45,361.5,11.5666666666667,277.1
2023-02-14 10:00:00,519.566666666667,362.166666666667,14.4,277.983333333333
2023-02-14 11:00:00,655.183333333334,358.0,15.8,278.75
2023-02-14 12:00:00,736.433333333333,358.0,20.5,278.133333333333
2023-02-14 13:00:00,762.383333333333,359.166666666667,23.6666666666667,278.25
2023-02-14 14:00:00,728.6,357.833333333333,23.9833333333333,277.983333333333
2023-02-14 15:00:00,646.7,357.833333333333,25.25,277.883333333333
2023-02-14 16:00:00,507.4,348.333333333333,26.45,277.716666666667
2023-02-14 17:00:00,282.3,355.0,30.15,276.4
2023-02-14 18:00:00,20.1666666666667,367.5,28.1333333333333,275.083333333333
2023-02-14 19:00:00,0.0,363.666666666667,24.7666666666667,274.616666666667
2023-02-14 20:00:00,0.0,365.333333333333,21.5666666666667,274.716666666667
2023-02-14 21:00:00,0.0,364.333333333333,21.3833333333333,274.3
2023-02-14 22:00:00,0.0,362.666666666667,17.9166666666667,274.583333333333
2023-02-14 23:00:00,0.0,358.0,16.1,274.483333333333
2023-02-15 00:00:00,0.0,356.833333333333,15.7666666666667,274.25
2023-02-15 01:00:00,0.0,358.333333333333,15.4166666666667,274.466666666667
2023-02-15 02:00:00,0.0,356.5,13.9166666666667,274.866666666667
2023-02-15 03:00:00,0.0,363.166666666667,12.2,275.266666666667
2023-02-15 04:00:00,0.0,364.166666666667,13.2333333333333,275.1
2023-02-15 05:00:00,0.0,363.333333333333,13.6166666666667,274.633333333333
2023-02-15 06:00:00,0.0,366.666666666667,12.3166666666667,275.116666666667
2023-02-15 07:00:00,0.0,365.833333333333,11.15,275.4
2023-02-15 08:00:00,28.55,366.5,11.2166666666667,275.166666666667
2023-02-15 09:00:00,308.566666666667,359.333333333333,11.4,276.8
2023-02-15 10:00:00,525.683333333333,354.5,16.2666666666667,277.016666666667
2023-02-15 11:00:00,660.95,348.833333333333,21.1833333333333,277.133333333333
2023-02-15 12:00:00,736.883333333333,356.166666666667,20.0166666666667,277.033333333333
2023-02-15 13:00:00,758.266666666667,347.666666666667,19.15,278.283333333333
2023-02-15 14:00:00,740.266666666667,349.0,19.4666666666667,278.283333333333
2023-02-15 15:00:00,650.466666666667,349.0,20.05,278.583333333333
2023-02-15 16:00:00,511.616666666667,350.5,24.0333333333333,277.983333333333
2023-02-15 17:00:00,285.966666666667,348.333333333333,27.3166666666667,277.366666666667
2023-02-15 18:00:00,21.4,363.166666666667,30.2666666666667,275.016666666667
2023-02-15 19:00:00,0.0,367.333333333333,25.8666666666667,274.683333333333
2023-02-15 20:00:00,0.0,363.333333333333,26.1333333333333,274.266666666667
2023-02-15 21:00:00,0.0,357.5,26.9166666666667,273.766666666667
2023-02-15 22:00:00,0.0,357.5,26.5,273.65
2023-02-15 23:00:00,0.0,356.5,28.3666666666667,273.133333333333
2023-02-16 00:00:00,0.0,355.666666666667,28.0833333333333,272.933333333333
2023-02-16 01:00:00,0.0,356.166666666667,26.9833333333333,273.133333333333
2023-02-16 02:00:00,0.0,360.5,27.2,272.833333333333
2023-02-16 03:00:00,0.0,356.166666666667,27.0333333333333,272.933333333333
2023-02-16 04:00:00,0.0,360.833333333333,26.55,272.883333333333
2023-02-16 05:00:00,0.0,359.166666666667,25.2833333333333,273.2
2023-02-16 06:00:00,0.0,360.666666666667,24.4833333333333,273.366666666667
2023-02-16 07:00:00,0.0,366.5,25.0666666666667,272.833333333333
2023-02-16 08:00:00,26.2,366.0,26.9,272.216666666667
2023-02-16 09:00:00,247.3,359.333333333333,29.0166666666667,272.316666666667
2023-02-16 10:00:00,449.466666666667,346.833333333333,24.6833333333333,274.65
2023-02-16 11:00:00,608.283333333333,337.0,30.4333333333333,274.6
2023-02-16 12:00:00,719.466666666667,352.166666666667,36.65,274.033333333333
2023-02-16 13:00:00,816.183333333333,352.0,39.1166666666667,274.15
2023-02-16 14:00:00,719.733333333333,353.5,36.4166666666667,274.35
2023-02-16 15:00:00,646.233333333333,353.666666666667,37.3666666666667,274.133333333333
2023-02-16 16:00:00,513.516666666667,352.666666666667,37.45,273.966666666667
2023-02-16 17:00:00,291.416666666667,346.0,37.8833333333333,273.75
2023-02-16 18:00:00,22.85,363.333333333333,44.9666666666667,271.566666666667
2023-02-16 19:00:00,0.0,366.0,40.4,271.166666666667
2023-02-16 20:00:00,0.0,365.0,35.25,270.933333333333
2023-02-16 21:00:00,0.0,365.666666666667,29.6166666666667,271.1
2023-02-16 22:00:00,0.0,364.666666666667,36.55,270.516666666667
2023-02-16 23:00:00,0.0,366.833333333333,38.8666666666667,270.4
2023-02-17 00:00:00,0.0,366.166666666667,42.1833333333333,270.233333333333
2023-02-17 01:00:00,0.0,365.833333333333,45.3666666666667,270.216666666667
2023-02-17 02:00:00,0.0,366.0,47.7833333333333,270.333333333333
2023-02-17 03:00:00,0.0,366.0,49.3666666666667,270.1
2023-02-17 04:00:00,0.0,365.5,50.7666666666667,269.983333333333
2023-02-17 05:00:00,0.0,365.666666666667,51.7166666666667,270.1
2023-02-17 06:00:00,0.0,365.833333333333,55.6833333333333,269.966666666667
2023-02-17 07:00:00,0.0,365.0,57.7166666666667,270.15
2023-02-17 08:00:00,19.4,366.833333333333,60.3166666666667,270.483333333333
2023-02-17 09:00:00,98.35,367.166666666667,64.0,270.766666666667
2023-02-17 10:00:00,263.433333333333,366.5,69.4333333333333,271.2
2023-02-17 11:00:00,435.45,365.0,67.35,272.016666666667
2023-02-17 12:00:00,293.933333333333,365.666666666667,65.6333333333333,272.716666666667
2023-02-17 13:00:00,343.083333333333,364.833333333333,65.6,272.6
2023-02-17 14:00:00,307.616666666667,364.166666666667,63.9666666666667,272.95
2023-02-17 15:00:00,455.966666666667,363.666666666667,64.65,273.65
2023-02-17 16:00:00,324.25,364.166666666667,64.3666666666667,273.533333333333
2023-02-17 17:00:00,82.3,366.0,70.8166666666667,273.15
2023-02-17 18:00:00,15.4833333333333,365.666666666667,78.9166666666667,272.433333333333
2023-02-17 19:00:00,0.0,365.666666666667,80.0333333333333,272.65
2023-02-17 20:00:00,0.0,365.166666666667,77.5833333333333,272.95
2023-02-17 21:00:00,0.0,361.333333333333,82.0166666666667,271.933333333333
2023-02-17 22:00:00,0.0,364.666666666667,80.3166666666667,272.416666666667
2023-02-17 23:00:00,0.0,364.5,78.2,272.7
2023-02-18 00:00:00,0.0,364.166666666667,77.6166666666667,272.7
2023-02-18 01:00:00,0.0,364.833333333333,78.8,272.5
2023-02-18 02:00:00,0.0,365.166666666667,76.35,272.666666666667
2023-02-18 03:00:00,0.0,363.833333333333,75.3333333333334,272.5
2023-02-18 04:00:00,0.0,362.166666666667,68.8,273.3
2023-02-18 05:00:00,0.0,361.5,61.9,273.9
2023-02-18 06:00:00,0.0,362.5,60.5333333333334,273.866666666667
2023-02-18 07:00:00,0.0,362.666666666667,56.3333333333333,274.233333333333
2023-02-18 08:00:00,30.55,361.166666666667,51.45,274.566666666667
2023-02-18 09:00:00,280.65,358.833333333333,45.0833333333333,275.166666666667
2023-02-18 10:00:00,445.0,356.5,39.5666666666667,275.166666666667
2023-02-18 11:00:00,677.95,353.5,32.15,275.6
2023-02-18 12:00:00,739.366666666667,355.5,39.35,275.216666666667
2023-02-18 13:00:00,601.933333333333,353.666666666667,39.4833333333333,275.266666666667
2023-02-18 14:00:00,660.883333333333,347.5,35.5333333333333,275.95
2023-02-18 15:00:00,484.333333333334,346.833333333333,34.3166666666667,276.066666666667
2023-02-18 16:00:00,526.933333333333,344.0,31.8833333333333,276.3
2023-02-18 17:00:00,319.183333333333,343.333333333333,30.25,276.233333333333
2023-02-18 18:00:00,27.2833333333333,344.0,32.3833333333333,275.466666666667
2023-02-18 19:00:00,0.0,345.166666666667,32.2333333333333,275.016666666667
2023-02-18 20:00:00,0.0,344.333333333333,32.3833333333333,274.9
2023-02-18 21:00:00,0.0,344.833333333333,33.85,274.783333333333
2023-02-18 22:00:00,0.0,344.166666666667,34.2833333333333,274.666666666667
2023-02-18 23:00:00,0.0,343.166666666667,33.2833333333333,274.483333333333
2023-02-19 00:00:00,0.0,342.5,31.4833333333333,274.466666666667
2023-02-19 01:00:00,0.0,339.666666666667,30.25,274.366666666667
2023-02-19 02:00:00,0.0,340.833333333333,30.0,274.2
2023-02-19 03:00:00,0.0,339.0,30.6333333333333,274.033333333333
2023-02-19 04:00:00,0.0,335.833333333333,29.3333333333333,274.033333333333
2023-02-19 05:00:00,0.0,331.166666666667,29.85,273.966666666667
2023-02-19 06:00:00,0.0,325.333333333333,33.1,273.6
2023-02-19 07:00:00,0.0,325.5,39.1166666666667,273.466666666667
2023-02-19 08:00:00,12.4166666666667,329.5,51.45,272.6
2023-02-19 09:00:00,226.766666666667,325.666666666667,59.25,272.483333333333
2023-02-19 10:00:00,519.8,324.333333333333,60.8666666666667,272.616666666667
2023-02-19 11:00:00,611.633333333333,321.5,54.1666666666667,272.45
2023-02-19 12:00:00,738.983333333333,305.833333333333,50.25,272.266666666667
2023-02-19 13:00:00,768.633333333333,303.166666666667,46.9666666666667,272.283333333333
2023-02-19 14:00:00,745.3,303.833333333333,46.4833333333333,272.366666666667
2023-02-19 15:00:00,690.8,304.0,45.6,272.4
2023-02-19 16:00:00,550.75,304.833333333333,44.7666666666667,272.266666666667
2023-02-19 17:00:00,289.25,302.333333333333,45.7833333333333,271.733333333333
2023-02-19 18:00:00,29.95,304.333333333333,48.3833333333333,271.133333333333
2023-02-19 19:00:00,0.0,303.666666666667,51.85,270.733333333333
2023-02-19 20:00:00,0.0,301.333333333333,50.5666666666667,270.7
2023-02-19 21:00:00,0.0,304.5,56.3666666666667,270.133333333333
2023-02-19 22:00:00,0.0,306.5,66.2166666666667,268.966666666667
2023-02-19 23:00:00,0.0,305.833333333333,78.9333333333333,268.1
2023-02-20 00:00:00,0.0,308.0,82.4666666666667,268.216666666667
2023-02-20 01:00:00,0.0,307.166666666667,86.2,268.25
2023-02-20 02:00:00,0.0,307.0,86.65,268.316666666667
2023-02-20 03:00:00,0.0,308.5,88.1666666666667,268.25
2023-02-20 04:00:00,0.0,308.833333333333,94.4,267.483333333333
2023-02-20 05:00:00,0.0,307.5,88.05,267.966666666667
2023-02-20 06:00:00,0.0,305.833333333333,67.4333333333333,269.816666666667
2023-02-20 07:00:00,0.0,306.0,63.7166666666667,269.866666666667
2023-02-20 08:00:00,42.7666666666667,304.666666666667,60.2833333333333,270.3
2023-02-20 09:00:00,174.733333333333,303.166666666667,57.7,271.25
2023-02-20 10:00:00,503.9,300.0,55.25,272.8
2023-02-20 11:00:00,651.966666666667,285.666666666667,57.3,274.116666666667
2023-02-20 12:00:00,748.533333333333,285.833333333333,57.9666666666667,274.133333333333
2023-02-20 13:00:00,738.483333333333,292.666666666667,57.3666666666667,274.35
2023-02-20 14:00:00,465.266666666667,294.333333333333,58.5,273.966666666667
2023-02-20 15:00:00,514.933333333333,284.833333333333,57.9833333333333,274.266666666667
2023-02-20 16:00:00,530.05,273.166666666667,50.5,275.583333333333
2023-02-20 17:00:00,135.966666666667,295.166666666667,41.6833333333333,274.983333333333
2023-02-20 18:00:00,31.4,292.0,44.5,274.366666666667
2023-02-20 19:00:00,0.0,291.333333333333,42.7,274.033333333333
2023-02-20 20:00:00,0.0,291.5,46.6,273.433333333333
2023-02-20 21:00:00,0.0,287.833333333333,37.2833333333333,274.433333333333
2023-02-20 22:00:00,0.0,289.5,37.4,273.733333333333
2023-02-20 23:00:00,0.0,289.333333333333,30.3666666666667,274.066666666667
2023-02-21 00:00:00,0.0,286.333333333333,24.75,274.4
2023-02-21 01:00:00,0.0,289.5,23.4666666666667,274.383333333333
2023-02-21 02:00:00,0.0,290.666666666667,21.1,274.516666666667
2023-02-21 03:00:00,0.0,289.333333333333,17.95,274.566666666667
2023-02-21 04:00:00,0.0,292.166666666667,15.1166666666667,274.616666666667
2023-02-21 05:00:00,0.0,291.5,13.3833333333333,274.233333333333
2023-02-21 06:00:00,0.0,293.0,11.8666666666667,274.4
2023-02-21 07:00:00,0.0,291.0,13.2666666666667,274.283333333333
2023-02-21 08:00:00,48.7666666666667,295.0,13.9666666666667,274.0
2023-02-21 09:00:00,355.716666666667,283.666666666667,16.1166666666667,274.95
2023-02-21 10:00:00,553.45,271.666666666667,20.7833333333333,275.65
2023-02-21 11:00:00,670.183333333333,266.333333333333,26.4833333333333,276.266666666667
2023-02-21 12:00:00,742.8,262.833333333333,25.4333333333333,277.466666666667
2023-02-21 13:00:00,759.683333333333,275.0,30.9666666666667,276.216666666667
2023-02-21 14:00:00,734.5,281.666666666667,30.6166666666667,276.133333333333
2023-02-21 15:00:00,673.266666666667,282.333333333333,32.9666666666667,275.45
2023-02-21 16:00:00,531.666666666667,290.166666666667,33.4333333333333,275.35
2023-02-21 17:00:00,317.116666666667,291.0,34.9166666666667,275.0
2023-02-21 18:00:00,36.2833333333333,300.666666666667,39.5333333333333,273.383333333333
2023-02-21 19:00:00,0.0,301.833333333333,35.95,273.633333333333
2023-02-21 20:00:00,0.0,298.333333333333,35.9,273.4
2023-02-21 21:00:00,0.0,293.166666666667,33.1,273.483333333333
2023-02-21 22:00:00,0.0,289.666666666667,34.3666666666667,273.033333333333
2023-02-21 23:00:00,0.0,282.5,32.1833333333333,273.583333333333
2023-02-22 00:00:00,0.0,295.333333333333,35.95,273.416666666667
2023-02-22 01:00:00,0.0,289.666666666667,35.9833333333333,273.65
2023-02-22 02:00:00,0.0,287.666666666667,33.15,273.316666666667
2023-02-22 03:00:00,0.0,287.166666666667,26.5,273.066666666667
2023-02-22 04:00:00,0.0,288.0,20.9666666666667,273.266666666667
2023-02-22 05:00:00,0.0,283.666666666667,20.1833333333333,273.383333333333
2023-02-22 06:00:00,0.0,285.333333333333,20.5,273.2
2023-02-22 07:00:00,0.1,280.833333333333,19.2166666666667,273.4
2023-02-22 08:00:00,34.65,289.666666666667,17.7833333333333,273.6
2023-02-22 09:00:00,285.0,277.833333333333,17.7,274.533333333333
2023-02-22 10:00:00,503.566666666667,271.166666666667,21.3,276.033333333333
2023-02-22 11:00:00,484.116666666667,268.833333333333,25.2,275.866666666667
2023-02-22 12:00:00,621.066666666667,260.5,27.5166666666667,276.283333333333
2023-02-22 13:00:00,583.483333333333,271.0,28.7666666666667,275.783333333333
2023-02-22 14:00:00,647.666666666667,276.5,34.0,275.6
2023-02-22 15:00:00,660.366666666667,260.833333333333,32.9833333333333,276.566666666667
2023-02-22 16:00:00,490.833333333333,275.833333333333,36.6833333333333,275.416666666667
2023-02-22 17:00:00,289.266666666667,280.666666666667,37.3833333333333,275.05
2023-02-22 18:00:00,43.3333333333333,279.0,39.2833333333333,274.1
2023-02-22 19:00:00,0.0,277.666666666667,41.35,273.183333333333
2023-02-22 20:00:00,0.0,277.833333333333,40.7,273.016666666667
2023-02-22 21:00:00,0.0,278.333333333333,43.05,272.6
2023-02-22 22:00:00,0.0,278.333333333333,50.4166666666667,271.716666666667
2023-02-22 23:00:00,0.0,279.5,54.1333333333333,271.266666666667
2023-02-23 00:00:00,0.0,280.166666666667,59.1333333333333,270.133333333333
2023-02-23 01:00:00,0.0,280.666666666667,64.7166666666667,269.5
2023-02-23 02:00:00,0.0,278.666666666667,71.05,269.0
2023-02-23 03:00:00,0.0,280.0,77.7333333333333,268.316666666667
2023-02-23 04:00:00,0.0,280.166666666667,82.4166666666667,268.0
2023-02-23 05:00:00,0.0,281.666666666667,87.2833333333334,267.883333333333
2023-02-23 06:00:00,0.0,280.833333333333,88.3833333333333,267.616666666667
2023-02-23 07:00:00,0.0,279.833333333333,90.45,267.283333333333
2023-02-23 08:00:00,62.25,278.333333333333,86.0333333333333,267.65
2023-02-23 09:00:00,276.016666666667,271.166666666667,81.75,269.05
2023-02-23 10:00:00,467.483333333333,267.166666666667,87.0,269.016666666667
2023-02-23 11:00:00,607.966666666667,263.333333333333,84.15,269.916666666667
2023-02-23 12:00:00,609.316666666667,275.5,88.5833333333333,269.65
2023-02-23 13:00:00,529.816666666667,274.833333333333,90.0666666666667,269.966666666667
2023-02-23 14:00:00,501.25,277.333333333333,94.95,269.766666666667
2023-02-23 15:00:00,343.4,277.5,98.4,269.616666666667
2023-02-23 16:00:00,136.183333333333,279.166666666667,100.066666666667,269.133333333333
2023-02-23 17:00:00,126.066666666667,282.0,100.15,269.016666666667
2023-02-23 18:00:00,31.8,283.0,100.133333333333,268.6
2023-02-23 19:00:00,0.0,286.333333333333,99.7,268.433333333333
2023-02-23 20:00:00,0.0,285.333333333333,96.05,268.7
2023-02-23 21:00:00,0.0,282.833333333333,86.6166666666667,268.95
2023-02-23 22:00:00,0.0,283.166666666667,81.4666666666667,268.833333333333
2023-02-23 23:00:00,0.0,284.666666666667,82.85,268.383333333333
2023-02-24 00:00:00,0.0,283.166666666667,79.3666666666667,268.433333333333
2023-02-24 01:00:00,0.0,284.5,75.75,268.616666666667
2023-02-24 02:00:00,0.0,283.333333333333,69.9,268.983333333333
2023-02-24 03:00:00,0.0,283.333333333333,71.3166666666667,268.683333333333
2023-02-24 04:00:00,0.0,283.166666666667,69.15,268.316666666667
2023-02-24 05:00:00,0.0,282.0,68.0166666666667,268.25
2023-02-24 06:00:00,0.0,282.0,67.45,268.3
2023-02-24 07:00:00,0.0,284.166666666667,64.6333333333334,268.683333333333
2023-02-24 08:00:00,34.55,284.666666666667,64.6833333333333,268.733333333333
2023-02-24 09:00:00,289.116666666667,284.0,62.3,269.416666666667
2023-02-24 10:00:00,545.183333333333,283.833333333333,61.65,269.75
2023-02-24 11:00:00,619.666666666667,282.166666666667,58.35,270.483333333333
2023-02-24 12:00:00,794.283333333333,281.5,62.65,271.1
2023-02-24 13:00:00,808.216666666667,284.833333333333,58.8333333333333,271.266666666667
2023-02-24 14:00:00,529.7,282.5,56.95,271.116666666667
2023-02-24 15:00:00,573.5,283.5,55.0,271.433333333333
2023-02-24 16:00:00,280.166666666667,283.833333333333,57.2333333333333,271.15
2023-02-24 17:00:00,101.516666666667,284.333333333333,55.4666666666667,271.116666666667
2023-02-24 18:00:00,20.6166666666667,284.0,60.1833333333333,270.616666666667
2023-02-24 19:00:00,0.1,285.833333333333,63.7333333333333,270.116666666667
2023-02-24 20:00:00,0.0,283.666666666667,61.9166666666667,269.966666666667
2023-02-24 21:00:00,0.0,286.5,62.9,269.683333333333
2023-02-24 22:00:00,0.0,285.333333333333,63.15,269.516666666667
2023-02-24 23:00:00,0.0,285.333333333333,64.6666666666667,269.35
2023-02-25 00:00:00,0.0,286.0,64.95,269.433333333333
2023-02-25 01:00:00,0.0,284.5,87.6833333333333,268.266666666667
2023-02-25 02:00:00,0.0,286.166666666667,99.4333333333334,267.666666666667
2023-02-25 03:00:00,0.0,289.833333333333,88.9,268.4
2023-02-25 04:00:00,0.0,290.833333333333,99.8666666666667,267.683333333333
2023-02-25 05:00:00,0.0,303.333333333333,99.35,267.35
2023-02-25 06:00:00,0.0,297.666666666667,100.1,266.25
2023-02-25 07:00:00,0.1,333.5,99.7666666666667,266.133333333333
2023-02-25 08:00:00,37.2166666666667,345.333333333333,93.4833333333333,266.45
2023-02-25 09:00:00,225.983333333333,381.166666666667,82.7166666666667,266.766666666667
2023-02-25 10:00:00,459.666666666667,358.833333333333,90.7666666666667,266.233333333333
2023-02-25 11:00:00,630.866666666667,343.333333333333,81.25,266.916666666667
2023-02-25 12:00:00,741.816666666667,329.5,88.0333333333334,266.766666666667
2023-02-25 13:00:00,798.366666666667,326.833333333333,93.05,266.6
2023-02-25 14:00:00,777.3,318.5,97.4166666666667,266.95
2023-02-25 15:00:00,560.716666666667,322.833333333333,100.083333333333,266.366666666667
2023-02-25 16:00:00,317.05,323.166666666667,99.1833333333333,265.966666666667
2023-02-25 17:00:00,110.1,322.0,98.85,265.483333333333
2023-02-25 18:00:00,26.6166666666667,320.833333333333,98.7166666666667,264.833333333333
2023-02-25 19:00:00,0.0,317.166666666667,100.066666666667,263.883333333333
2023-02-25 20:00:00,0.0,311.666666666667,100.1,262.983333333333
2023-02-25 21:00:00,0.0,306.333333333333,100.05,262.083333333333
2023-02-25 22:00:00,0.0,309.166666666667,99.4833333333333,261.4
2023-02-25 23:00:00,0.0,333.166666666667,98.7,260.55
2023-02-26 00:00:00,0.0,391.5,98.3166666666667,260.15
2023-02-26 01:00:00,0.0,426.0,98.2666666666667,259.95
2023-02-26 02:00:00,0.0,453.5,97.9166666666667,259.683333333333
2023-02-26 03:00:00,0.0,479.666666666667,97.7,259.483333333333
2023-02-26 04:00:00,0.0,499.5,97.3166666666667,259.233333333333
2023-02-26 05:00:00,0.0,506.833333333333,96.7,258.483333333333
2023-02-26 06:00:00,0.0,521.0,95.5666666666667,257.583333333333
2023-02-26 07:00:00,0.0,511.5,95.2666666666667,257.133333333333
2023-02-26 08:00:00,50.8833333333333,504.166666666667,94.25,256.533333333333
2023-02-26 09:00:00,254.9,483.5,94.2333333333333,256.65
2023-02-26 10:00:00,389.966666666667,419.333333333333,94.0,256.35
2023-02-26 11:00:00,603.066666666667,329.333333333333,93.7166666666667,256.2
2023-02-26 12:00:00,540.783333333333,284.166666666667,93.4833333333333,255.833333333333
2023-02-26 13:00:00,704.716666666667,287.333333333333,93.6666666666667,256.2
2023-02-26 14:00:00,725.7,287.833333333333,93.8,256.366666666667
2023-02-26 15:00:00,575.533333333334,288.0,94.05,256.35
2023-02-26 16:00:00,460.05,287.333333333333,94.0333333333333,256.2
2023-02-26 17:00:00,225.933333333333,291.166666666667,94.0666666666667,256.066666666667
2023-02-26 18:00:00,33.8333333333333,289.666666666667,94.0833333333334,256.066666666667
2023-02-26 19:00:00,0.0,288.166666666667,94.0,256.05
2023-02-26 20:00:00,0.0,291.666666666667,93.9833333333333,255.95
2023-02-26 21:00:00,0.0,292.0,94.0333333333333,256.05
2023-02-26 22:00:00,0.0,290.5,94.1833333333333,256.233333333333
2023-02-26 23:00:00,0.0,280.5,94.2333333333333,256.333333333333
2023-02-27 00:00:00,0.0,283.833333333333,93.9,256.066666666667
2023-02-27 01:00:00,0.0,279.0,93.95,256.116666666667
2023-02-27 02:00:00,0.0,295.833333333333,93.3333333333333,255.7
2023-02-27 03:00:00,0.0,297.5,93.5,255.716666666667
2023-02-27 04:00:00,0.0,292.5,93.9166666666667,256.05
2023-02-27 05:00:00,0.0,291.333333333333,94.0166666666667,256.166666666667
2023-02-27 06:00:00,0.0,279.0,94.2333333333333,256.366666666667
2023-02-27 07:00:00,0.55,267.833333333333,94.4,256.516666666667
2023-02-27 08:00:00,40.7666666666667,268.666666666667,94.1166666666667,256.4
2023-02-27 09:00:00,281.333333333333,259.5,96.7666666666667,258.983333333333
2023-02-27 10:00:00,379.216666666667,246.833333333333,99.2,262.5
2023-02-27 11:00:00,439.183333333333,238.666666666667,99.7333333333334,263.8
2023-02-27 12:00:00,476.783333333333,199.333333333333,100.116666666667,267.4
2023-02-27 13:00:00,512.05,184.5,100.116666666667,267.883333333333
2023-02-27 14:00:00,539.5,178.833333333333,100.133333333333,269.783333333333
2023-02-27 15:00:00,469.9,203.166666666667,100.133333333333,268.3
2023-02-27 16:00:00,305.383333333333,232.5,100.1,266.383333333333
2023-02-27 17:00:00,168.566666666667,255.333333333333,100.1,264.383333333333
2023-02-27 18:00:00,39.3,279.333333333333,99.45,261.85
2023-02-27 19:00:00,0.35,301.833333333333,98.2,259.616666666667
2023-02-27 20:00:00,0.0,310.5,99.2,260.283333333333
2023-02-27 21:00:00,0.0,309.833333333333,99.1666666666667,260.616666666667
2023-02-27 22:00:00,0.0,305.5,98.7333333333333,260.366666666667
2023-02-27 23:00:00,0.0,309.166666666667,98.7,260.1
2023-02-28 00:00:00,0.0,314.333333333333,98.9666666666667,260.45
2023-02-28 01:00:00,0.0,313.0,99.4333333333333,261.166666666667
2023-02-28 02:00:00,0.0,313.5,99.9166666666667,262.016666666667
2023-02-28 03:00:00,0.0,317.666666666667,99.6,261.7
2023-02-28 04:00:00,0.0,310.166666666667,100.083333333333,262.9
2023-02-28 05:00:00,0.0,312.0,99.9833333333333,262.4
2023-02-28 06:00:00,0.0,308.666666666667,99.9333333333333,262.1
2023-02-28 07:00:00,1.43333333333333,311.833333333333,100.0,262.133333333333
2023-02-28 08:00:00,123.516666666667,307.166666666667,100.1,263.15
2023-02-28 09:00:00,430.416666666667,290.333333333333,100.1,265.166666666667
2023-02-28 10:00:00,621.6,264.0,99.8,267.483333333333
2023-02-28 11:00:00,758.116666666667,242.333333333333,99.9833333333333,269.966666666667
2023-02-28 12:00:00,846.533333333333,246.5,99.7333333333333,270.55
2023-02-28 13:00:00,801.966666666667,246.5,100.05,269.0
2023-02-28 14:00:00,535.266666666667,269.333333333333,100.15,267.883333333333
2023-02-28 15:00:00,453.15,282.166666666667,100.166666666667,267.133333333333
2023-02-28 16:00:00,466.7,280.666666666667,100.116666666667,267.833333333333
2023-02-28 17:00:00,315.966666666667,278.666666666667,100.116666666667,268.05
2023-02-28 18:00:00,95.0666666666667,280.333333333333,99.9,266.483333333333
2023-02-28 19:00:00,0.783333333333333,303.833333333333,99.7,264.2
2023-02-28 20:00:00,0.0,298.833333333333,98.35,264.15
2023-02-28 21:00:00,0.0,288.0,95.5833333333333,264.133333333333
2023-02-28 22:00:00,0.0,296.5,90.4666666666667,264.566666666667
2023-02-28 23:00:00,0.0,290.666666666667,82.6833333333333,265.6
2023-03-01 00:00:00,0.0,294.666666666667,76.1833333333333,265.15
2023-03-01 01:00:00,0.0,283.5,68.5,264.733333333333
2023-03-01 02:00:00,0.0,282.833333333333,62.1,265.25
2023-03-01 03:00:00,0.0,282.833333333333,58.9833333333333,265.283333333333
2023-03-01 04:00:00,0.0,289.833333333333,52.9333333333333,265.75
2023-03-01 05:00:00,0.0,277.833333333333,50.1833333333333,265.416666666667
2023-03-01 06:00:00,0.0,286.0,47.8166666666667,266.2
2023-03-01 07:00:00,1.21666666666667,292.333333333333,40.3,267.2
2023-03-01 08:00:00,113.683333333333,292.666666666667,38.9,267.816666666667
2023-03-01 09:00:00,431.183333333333,289.0,41.6166666666667,268.6
2023-03-01 10:00:00,612.05,289.666666666667,45.75,269.216666666667
2023-03-01 11:00:00,742.783333333333,290.166666666667,51.0166666666667,269.1
2023-03-01 12:00:00,390.45,297.333333333333,55.0,269.5
2023-03-01 13:00:00,407.65,300.666666666667,66.3,269.35
2023-03-01 14:00:00,365.85,300.333333333333,73.4666666666667,269.35
2023-03-01 15:00:00,299.816666666667,294.333333333333,74.4833333333333,269.383333333333
2023-03-01 16:00:00,441.316666666667,285.0,68.0833333333333,270.083333333333
2023-03-01 17:00:00,241.716666666667,278.833333333333,69.9166666666667,269.7
2023-03-01 18:00:00,51.6333333333333,281.5,71.2,269.333333333333
2023-03-01 19:00:00,0.45,280.5,68.0666666666667,269.366666666667
2023-03-01 20:00:00,0.0,280.666666666667,63.7666666666667,269.45
2023-03-01 21:00:00,0.0,281.833333333333,69.2333333333333,269.266666666667
2023-03-01 22:00:00,0.0,284.166666666667,74.8166666666667,268.9
2023-03-01 23:00:00,0.0,272.5,74.7166666666667,268.65
2023-03-02 00:00:00,0.0,274.666666666667,80.7,267.883333333333
2023-03-02 01:00:00,0.0,273.666666666667,78.4833333333333,267.583333333333
2023-03-02 02:00:00,0.0,272.666666666667,78.2666666666667,267.466666666667
2023-03-02 03:00:00,0.0,274.5,91.6833333333333,266.733333333333
2023-03-02 04:00:00,0.0,273.833333333333,91.2166666666667,266.633333333333
2023-03-02 05:00:00,0.0,271.666666666667,79.4,267.116666666667
2023-03-02 06:00:00,0.0,273.333333333333,75.7,267.033333333333
2023-03-02 07:00:00,1.21666666666667,272.833333333333,77.3666666666667,266.616666666667
2023-03-02 08:00:00,45.75,274.333333333333,77.9333333333333,266.433333333333
2023-03-02 09:00:00,179.95,274.5,80.1,266.45
2023-03-02 10:00:00,372.316666666667,266.666666666667,76.8833333333333,266.95
2023-03-02 11:00:00,395.866666666667,263.5,72.9666666666667,267.416666666667
2023-03-02 12:00:00,619.733333333333,254.333333333333,70.8,268.45
2023-03-02 13:00:00,841.55,262.5,68.0,268.633333333333
2023-03-02 14:00:00,738.583333333333,261.166666666667,69.5333333333334,269.066666666667
2023-03-02 15:00:00,725.35,260.333333333333,69.3666666666667,269.466666666667
2023-03-02 16:00:00,401.666666666667,263.166666666667,69.4166666666667,269.3
2023-03-02 17:00:00,190.783333333333,268.166666666667,67.55,268.966666666667
2023-03-02 18:00:00,50.4666666666667,269.666666666667,67.9333333333333,268.2
2023-03-02 19:00:00,1.01666666666667,272.666666666667,70.3666666666667,267.633333333333
2023-03-02 20:00:00,0.0,272.833333333333,73.55,266.866666666667
2023-03-02 21:00:00,0.0,269.333333333333,74.35,266.266666666667
2023-03-02 22:00:00,0.0,272.5,75.1,266.466666666667
2023-03-02 23:00:00,0.0,269.666666666667,74.5166666666667,266.183333333333
2023-03-03 00:00:00,0.0,272.166666666667,76.0833333333333,265.833333333333
2023-03-03 01:00:00,0.0,273.166666666667,78.0833333333333,266.05
2023-03-03 02:00:00,0.0,270.833333333333,80.0666666666667,266.016666666667
2023-03-03 03:00:00,0.0,272.833333333333,82.65,266.1
2023-03-03 04:00:00,0.0,279.0,82.2,266.283333333333
2023-03-03 05:00:00,0.0,275.833333333333,81.4333333333333,266.083333333333
2023-03-03 06:00:00,0.0,283.666666666667,77.4333333333333,266.766666666667
2023-03-03 07:00:00,1.45,282.833333333333,75.4,266.916666666667
2023-03-03 08:00:00,42.5666666666667,282.5,79.0333333333334,266.65
2023-03-03 09:00:00,235.683333333333,274.166666666667,77.6,266.933333333333
2023-03-03 10:00:00,501.983333333333,276.0,78.2166666666667,267.45
2023-03-03 11:00:00,674.683333333333,252.333333333333,76.7166666666667,268.616666666667
2023-03-03 12:00:00,579.366666666667,265.333333333333,93.1666666666666,267.116666666667
2023-03-03 13:00:00,474.716666666667,267.833333333333,98.1666666666667,267.166666666667
2023-03-03 14:00:00,411.55,270.666666666667,98.7,267.316666666667
2023-03-03 15:00:00,188.45,276.666666666667,100.066666666667,266.666666666667
2023-03-03 16:00:00,142.3,276.5,100.1,266.533333333333
2023-03-03 17:00:00,78.6166666666667,277.5,100.083333333333,266.55
2023-03-03 18:00:00,30.7333333333333,278.666666666667,100.1,266.3
2023-03-03 19:00:00,0.9,279.833333333333,100.1,266.283333333333
2023-03-03 20:00:00,0.0,281.5,100.1,266.133333333333
2023-03-03 21:00:00,0.0,286.833333333333,100.1,265.766666666667
2023-03-03 22:00:00,0.0,286.666666666667,100.1,265.666666666667
2023-03-03 23:00:00,0.0,286.666666666667,100.1,265.333333333333
2023-03-04 00:00:00,0.0,286.333333333333,100.083333333333,264.566666666667
2023-03-04 01:00:00,0.0,287.166666666667,100.05,264.25
2023-03-04 02:00:00,0.0,283.0,99.5,263.783333333333
2023-03-04 03:00:00,0.0,292.0,97.1166666666667,263.816666666667
2023-03-04 04:00:00,0.0,284.5,81.9,263.8
2023-03-04 05:00:00,0.0,282.0,66.5666666666667,264.266666666667
2023-03-04 06:00:00,0.0,280.666666666667,49.5,264.733333333333
2023-03-04 07:00:00,3.88333333333333,274.833333333333,45.2166666666667,264.416666666667
2023-03-04 08:00:00,145.183333333333,276.5,38.9166666666667,265.283333333333
2023-03-04 09:00:00,383.066666666667,276.0,27.9,267.15
2023-03-04 10:00:00,591.266666666667,270.333333333333,26.25,268.383333333333
2023-03-04 11:00:00,775.316666666667,271.166666666667,65.8333333333333,267.7
2023-03-04 12:00:00,862.833333333333,254.666666666667,62.9333333333333,269.083333333333
2023-03-04 13:00:00,883.666666666667,261.666666666667,64.4,269.233333333333
2023-03-04 14:00:00,848.9,269.833333333333,67.55,268.916666666667
2023-03-04 15:00:00,756.316666666667,274.5,72.4833333333333,268.533333333333
2023-03-04 16:00:00,612.016666666667,272.0,69.2333333333333,268.983333333333
2023-03-04 17:00:00,420.933333333333,276.333333333333,73.1166666666667,268.55
2023-03-04 18:00:00,99.75,281.0,87.1333333333334,267.516666666667
2023-03-04 19:00:00,1.46666666666667,288.833333333333,97.5833333333333,266.0
2023-03-04 20:00:00,0.0,283.333333333333,100.066666666667,265.366666666667
2023-03-04 21:00:00,0.0,287.333333333333,95.9333333333333,265.333333333333
2023-03-04 22:00:00,0.0,279.833333333333,76.5666666666667,265.333333333333
2023-03-04 23:00:00,0.0,280.166666666667,52.4166666666667,265.383333333333
2023-03-05 00:00:00,0.0,284.666666666667,50.45,265.116666666667
2023-03-05 01:00:00,0.0,281.833333333333,48.1166666666667,265.366666666667
2023-03-05 02:00:00,0.0,276.166666666667,47.3,264.833333333333
2023-03-05 03:00:00,0.0,279.5,47.3333333333333,264.816666666667
2023-03-05 04:00:00,0.0,276.5,39.9666666666667,265.65
2023-03-05 05:00:00,0.0,273.0,39.0333333333333,265.683333333333
2023-03-05 06:00:00,0.0,276.333333333333,36.3833333333333,265.766666666667
2023-03-05 07:00:00,4.21666666666667,283.0,30.1166666666667,266.133333333333
2023-03-05 08:00:00,142.016666666667,283.833333333333,24.7,266.7
2023-03-05 09:00:00,407.983333333333,280.5,31.6166666666667,266.4
2023-03-05 10:00:00,638.616666666667,282.333333333333,21.7833333333333,267.283333333333
2023-03-05 11:00:00,790.116666666667,276.833333333333,34.2833333333333,267.416666666667
2023-03-05 12:00:00,868.183333333333,273.833333333333,70.9,266.8
2023-03-05 13:00:00,883.0,274.5,77.2666666666667,267.3
2023-03-05 14:00:00,847.45,270.333333333333,84.0666666666667,267.533333333333
2023-03-05 15:00:00,762.416666666667,278.5,75.0166666666667,267.75
2023-03-05 16:00:00,615.566666666667,277.833333333333,74.5833333333333,267.75
2023-03-05 17:00:00,433.7,280.333333333333,66.0333333333333,267.583333333333
2023-03-05 18:00:00,108.883333333333,283.333333333333,39.15,267.816666666667
2023-03-05 19:00:00,2.46666666666667,284.333333333333,39.4333333333333,267.066666666667
2023-03-05 20:00:00,0.0,282.666666666667,32.8166666666667,266.883333333333
2023-03-05 21:00:00,0.0,280.833333333333,25.3,266.9
2023-03-05 22:00:00,0.0,279.5,20.0666666666667,266.7
2023-03-05 23:00:00,0.0,278.666666666667,18.5,266.466666666667
2023-03-06 00:00:00,0.0,278.666666666667,16.25,266.516666666667
2023-03-06 01:00:00,0.0,276.666666666667,17.1666666666667,266.383333333333
2023-03-06 02:00:00,0.0,279.833333333333,19.8166666666667,266.05
2023-03-06 03:00:00,0.0,277.666666666667,24.2666666666667,265.383333333333
2023-03-06 04:00:00,0.0,281.0,27.5,265.1
2023-03-06 05:00:00,0.0,281.333333333333,30.4666666666667,265.1
2023-03-06 06:00:00,0.0,280.333333333333,30.7333333333333,265.5
2023-03-06 07:00:00,3.55,279.166666666667,31.9,265.65
2023-03-06 08:00:00,83.55,279.0,33.0166666666667,265.816666666667
2023-03-06 09:00:00,219.066666666667,278.0,33.5666666666667,266.166666666667
2023-03-06 10:00:00,425.216666666667,277.833333333333,35.8,266.366666666667
2023-03-06 11:00:00,588.633333333333,277.5,41.95,266.683333333333
2023-03-06 12:00:00,647.916666666667,278.833333333333,54.1666666666667,266.183333333333
2023-03-06 13:00:00,748.816666666667,279.833333333333,61.2166666666667,266.45
2023-03-06 14:00:00,667.3,279.833333333333,53.5,267.0
2023-03-06 15:00:00,732.6,273.833333333333,68.1166666666667,267.033333333333
2023-03-06 16:00:00,650.316666666667,275.5,73.8333333333333,266.616666666667
2023-03-06 17:00:00,387.25,274.0,90.9833333333333,265.916666666667
2023-03-06 18:00:00,82.8166666666667,283.666666666667,98.8333333333333,264.683333333333
2023-03-06 19:00:00,1.8,285.166666666667,97.4333333333333,264.083333333333
2023-03-06 20:00:00,0.0,283.5,76.4,264.65
2023-03-06 21:00:00,0.0,283.166666666667,94.4666666666667,263.283333333333
2023-03-06 22:00:00,0.0,281.333333333333,100.0,262.75
2023-03-06 23:00:00,0.0,280.333333333333,100.0,262.466666666667
2023-03-07 00:00:00,0.0,281.666666666667,99.0,262.433333333333
2023-03-07 01:00:00,0.0,291.333333333333,89.0666666666667,263.1
2023-03-07 02:00:00,0.0,284.833333333333,63.0333333333333,264.15
2023-03-07 03:00:00,0.0,281.0,50.8666666666667,264.733333333333
2023-03-07 04:00:00,0.0,280.5,42.7,265.266666666667
2023-03-07 05:00:00,0.0,279.666666666667,42.7,265.283333333333
2023-03-07 06:00:00,0.0,280.833333333333,42.8166666666667,265.283333333333
2023-03-07 07:00:00,3.55,279.833333333333,38.9,265.6
2023-03-07 08:00:00,154.716666666667,279.666666666667,36.6666666666667,265.933333333333
2023-03-07 09:00:00,455.3,282.0,39.2,266.833333333333
2023-03-07 10:00:00,626.066666666667,285.0,32.7833333333333,267.75
2023-03-07 11:00:00,789.6,280.0,48.75,267.983333333333
2023-03-07 12:00:00,864.9,280.666666666667,56.3,268.683333333333
2023-03-07 13:00:00,848.783333333333,285.666666666667,51.95,269.066666666667
2023-03-07 14:00:00,825.3,284.666666666667,49.2333333333333,269.35
2023-03-07 15:00:00,691.15,284.333333333333,35.05,269.883333333333
2023-03-07 16:00:00,449.7,285.5,35.1166666666667,269.466666666667
2023-03-07 17:00:00,184.766666666667,285.166666666667,40.1166666666667,268.783333333333
2023-03-07 18:00:00,59.8333333333333,286.0,48.75,268.016666666667
2023-03-07 19:00:00,1.56666666666667,285.666666666667,51.8833333333333,267.75
2023-03-07 20:00:00,0.0,287.5,59.1166666666667,267.183333333333
2023-03-07 21:00:00,0.0,287.833333333333,66.1,266.75
2023-03-07 22:00:00,0.0,289.0,69.85,266.6
2023-03-07 23:00:00,0.0,290.166666666667,65.65,266.65
2023-03-08 00:00:00,0.0,289.5,65.7833333333334,266.9
2023-03-08 01:00:00,0.0,288.666666666667,86.6333333333333,265.466666666667
2023-03-08 02:00:00,0.0,286.166666666667,58.4166666666667,266.55
2023-03-08 03:00:00,0.0,286.666666666667,53.55,266.416666666667
2023-03-08 04:00:00,0.0,287.166666666667,70.1333333333334,265.4
2023-03-08 05:00:00,0.0,285.833333333333,64.8666666666667,265.933333333333
2023-03-08 06:00:00,0.0,282.5,43.1833333333333,268.15
2023-03-08 07:00:00,5.96666666666667,283.5,45.0166666666667,268.166666666667
2023-03-08 08:00:00,97.0166666666667,282.666666666667,42.65,268.916666666667
2023-03-08 09:00:00,279.35,282.166666666667,48.6666666666667,269.216666666667
2023-03-08 10:00:00,598.266666666667,280.333333333333,54.45,269.45
2023-03-08 11:00:00,596.766666666667,277.166666666667,66.55,269.85
2023-03-08 12:00:00,544.466666666667,276.0,80.4333333333334,269.983333333333
2023-03-08 13:00:00,579.3,274.666666666667,75.4333333333333,270.833333333333
2023-03-08 14:00:00,521.266666666667,271.0,70.7,271.566666666667
2023-03-08 15:00:00,457.883333333333,273.166666666667,71.0333333333333,271.55
2023-03-08 16:00:00,455.65,271.666666666667,71.3666666666667,271.583333333333
2023-03-08 17:00:00,291.516666666667,273.166666666667,57.8,272.3
2023-03-08 18:00:00,67.7333333333333,276.0,59.0833333333333,271.5
2023-03-08 19:00:00,1.35,274.0,64.65,270.9
2023-03-08 20:00:00,0.0,277.833333333333,94.2,269.433333333333
2023-03-08 21:00:00,0.0,279.166666666667,84.1166666666667,270.316666666667
2023-03-08 22:00:00,0.0,277.5,89.4833333333333,270.566666666667
2023-03-08 23:00:00,0.0,271.166666666667,64.95,272.2
2023-03-09 00:00:00,0.0,271.166666666667,57.4,272.733333333333
2023-03-09 01:00:00,0.0,275.333333333333,72.5,271.783333333333
2023-03-09 02:00:00,0.0,279.5,98.25,269.95
2023-03-09 03:00:00,0.0,279.833333333333,100.1,269.666666666667
2023-03-09 04:00:00,0.0,283.833333333333,91.45,270.483333333333
2023-03-09 05:00:00,0.0,272.666666666667,53.9333333333333,272.533333333333
2023-03-09 06:00:00,0.0,280.0,55.8833333333333,272.283333333333
2023-03-09 07:00:00,9.65,280.166666666667,59.2,271.866666666667
2023-03-09 08:00:00,102.433333333333,280.0,56.7666666666667,271.883333333333
2023-03-09 09:00:00,140.65,279.0,91.65,269.766666666667
2023-03-09 10:00:00,340.5,275.0,99.2333333333333,269.816666666667
2023-03-09 11:00:00,583.166666666667,286.333333333333,91.1333333333333,270.066666666667
2023-03-09 12:00:00,944.716666666667,287.833333333333,87.8666666666667,270.5
2023-03-09 13:00:00,929.933333333334,285.0,76.9,270.983333333333
2023-03-09 14:00:00,958.7,278.5,72.3333333333333,271.566666666667
2023-03-09 15:00:00,937.583333333333,271.166666666667,69.4833333333333,271.983333333333
2023-03-09 16:00:00,720.3,274.333333333333,57.5,271.883333333333
2023-03-09 17:00:00,415.583333333333,275.833333333333,54.65,271.833333333333
2023-03-09 18:00:00,71.1833333333334,276.666666666667,55.75,271.333333333333
2023-03-09 19:00:00,2.78333333333333,278.5,52.1666666666667,271.083333333333
2023-03-09 20:00:00,0.0,277.833333333333,46.55,270.966666666667
2023-03-09 21:00:00,0.0,275.666666666667,42.1333333333333,270.65
2023-03-09 22:00:00,0.0,279.333333333333,40.4333333333333,270.783333333333
2023-03-09 23:00:00,0.0,277.166666666667,42.0,271.066666666667
2023-03-10 00:00:00,0.0,275.666666666667,49.25,270.933333333333
2023-03-10 01:00:00,0.0,275.833333333333,51.05,271.183333333333
2023-03-10 02:00:00,0.0,276.166666666667,51.65,271.3
2023-03-10 03:00:00,0.0,278.0,60.95,270.7
2023-03-10 04:00:00,0.0,276.666666666667,59.7833333333333,270.75
2023-03-10 05:00:00,0.0,274.833333333333,64.0166666666667,270.333333333333
2023-03-10 06:00:00,0.0,275.5,60.6666666666667,270.15
2023-03-10 07:00:00,2.0,276.0,65.75,269.866666666667
2023-03-10 08:00:00,46.7333333333333,277.166666666667,77.9833333333333,269.15
2023-03-10 09:00:00,175.066666666667,278.666666666667,81.2333333333333,269.283333333333
2023-03-10 10:00:00,583.183333333333,270.333333333333,84.7,270.066666666667
2023-03-10 11:00:00,780.066666666667,271.333333333333,77.1666666666667,271.15
2023-03-10 12:00:00,791.533333333333,269.0,70.7,271.666666666667
2023-03-10 13:00:00,545.95,274.333333333333,83.9833333333333,270.583333333333
2023-03-10 14:00:00,616.433333333333,272.666666666667,76.6833333333333,270.4
2023-03-10 15:00:00,576.3,276.0,70.1666666666667,270.316666666667
2023-03-10 16:00:00,207.583333333333,276.333333333333,81.5166666666667,269.65
2023-03-10 17:00:00,112.316666666667,273.5,98.5166666666667,268.766666666667
2023-03-10 18:00:00,39.9666666666667,276.666666666667,99.7666666666667,268.266666666667
2023-03-10 19:00:00,3.25,292.666666666667,81.45,268.216666666667
2023-03-10 20:00:00,0.0,299.5,94.7,267.033333333333
2023-03-10 21:00:00,0.0,303.833333333333,69.0166666666667,267.4
2023-03-10 22:00:00,0.0,304.333333333333,64.8166666666667,267.533333333333
2023-03-10 23:00:00,0.0,292.666666666667,71.15,267.216666666667
2023-03-11 00:00:00,0.0,278.0,70.1333333333333,267.0
2023-03-11 01:00:00,0.0,276.666666666667,77.5333333333333,266.483333333333
2023-03-11 02:00:00,0.0,275.833333333333,75.3166666666667,266.366666666667
2023-03-11 03:00:00,0.0,276.5,78.9833333333333,265.966666666667
2023-03-11 04:00:00,0.0,275.166666666667,82.35,265.666666666667
2023-03-11 05:00:00,0.0,275.5,88.6166666666667,265.283333333333
2023-03-11 06:00:00,0.0,273.5,86.4,265.116666666667
2023-03-11 07:00:00,8.41666666666667,272.666666666667,78.2833333333333,265.35
2023-03-11 08:00:00,153.583333333333,272.166666666667,78.6666666666667,265.133333333333
2023-03-11 09:00:00,384.2,271.5,78.4833333333334,265.333333333333
2023-03-11 10:00:00,526.35,270.333333333333,77.2333333333333,265.716666666667
2023-03-11 11:00:00,720.25,269.833333333333,75.0166666666667,266.133333333333
2023-03-11 12:00:00,858.55,272.333333333333,75.2333333333333,266.6
2023-03-11 13:00:00,778.783333333333,271.833333333333,76.5666666666667,266.783333333333
2023-03-11 14:00:00,772.533333333333,268.5,73.5,267.35
2023-03-11 15:00:00,768.083333333333,268.666666666667,65.15,267.966666666667
2023-03-11 16:00:00,570.066666666667,268.5,68.3666666666667,267.716666666667
2023-03-11 17:00:00,135.55,268.833333333333,70.2833333333334,267.366666666667
2023-03-11 18:00:00,38.2666666666667,268.833333333333,79.0333333333334,267.35
2023-03-11 19:00:00,1.9,272.0,87.5,267.133333333333
2023-03-11 20:00:00,0.0,274.333333333333,99.2166666666667,265.85
2023-03-11 21:00:00,0.0,274.666666666667,99.75,265.95
2023-03-11 22:00:00,0.0,270.666666666667,99.3833333333333,265.483333333333
2023-03-11 23:00:00,0.0,297.666666666667,91.5166666666667,266.433333333333
2023-03-12 00:00:00,0.0,269.166666666667,89.4666666666667,266.833333333333
2023-03-12 01:00:00,0.0,268.666666666667,88.6,266.833333333333
2023-03-12 02:00:00,0.0,273.166666666667,96.0666666666667,266.533333333333
2023-03-12 03:00:00,0.0,272.666666666667,92.15,266.966666666667
2023-03-12 04:00:00,0.0,271.5,93.7666666666667,266.9
2023-03-12 05:00:00,0.0,276.833333333333,99.9333333333333,266.583333333333
2023-03-12 06:00:00,0.0,275.5,99.2666666666667,266.666666666667
2023-03-12 07:00:00,4.75,280.666666666667,96.2,266.95
2023-03-12 08:00:00,71.6666666666667,311.166666666667,92.3,267.316666666667
2023-03-12 09:00:00,214.883333333333,334.833333333333,87.4,268.05
2023-03-12 10:00:00,475.45,335.5,80.4333333333334,268.666666666667
2023-03-12 11:00:00,592.2,326.0,85.9166666666667,268.716666666667
2023-03-12 12:00:00,744.816666666667,290.833333333333,78.15,268.85
2023-03-12 13:00:00,706.233333333334,271.333333333333,85.15,268.766666666667
2023-03-12 14:00:00,785.5,267.333333333333,79.2,269.7
2023-03-12 15:00:00,517.766666666667,264.666666666667,88.8666666666667,269.383333333333
2023-03-12 16:00:00,322.066666666667,269.166666666667,79.7,269.85
2023-03-12 17:00:00,138.1,267.666666666667,69.5166666666667,269.883333333333
2023-03-12 18:00:00,58.15,262.833333333333,60.3333333333333,269.85
2023-03-12 19:00:00,4.0,263.5,53.7,270.05
2023-03-12 20:00:00,0.0,264.166666666667,41.2333333333333,270.533333333333
2023-03-12 21:00:00,0.0,260.666666666667,27.5333333333333,271.25
2023-03-12 22:00:00,0.0,257.5,18.1666666666667,272.183333333333
2023-03-12 23:00:00,0.0,255.333333333333,14.9,272.583333333333
2023-03-13 00:00:00,0.0,252.833333333333,14.6333333333333,272.833333333333
2023-03-13 01:00:00,0.0,250.666666666667,13.4666666666667,272.95
2023-03-13 02:00:00,0.0,252.166666666667,13.3333333333333,273.033333333333
2023-03-13 03:00:00,0.0,257.0,17.55,273.35
2023-03-13 04:00:00,0.0,258.166666666667,21.9,273.55
2023-03-13 05:00:00,0.0,260.166666666667,23.9833333333333,273.566666666667
2023-03-13 06:00:00,0.0,258.666666666667,27.3333333333333,274.166666666667
2023-03-13 07:00:00,6.31666666666667,257.166666666667,37.5,274.266666666667
2023-03-13 08:00:00,106.7,256.833333333333,46.5666666666667,274.683333333333
2023-03-13 09:00:00,278.933333333333,257.666666666667,53.1166666666667,275.2
2023-03-13 10:00:00,438.883333333333,255.166666666667,61.7833333333333,274.866666666667
2023-03-13 11:00:00,439.033333333333,256.166666666667,75.05,275.066666666667
2023-03-13 12:00:00,683.7,257.5,72.8333333333334,275.883333333333
2023-03-13 13:00:00,797.033333333333,258.666666666667,59.7833333333333,277.4
2023-03-13 14:00:00,727.833333333333,246.5,50.5833333333333,278.083333333333
2023-03-13 15:00:00,586.816666666667,245.5,44.55,278.316666666667
2023-03-13 16:00:00,550.4,242.666666666667,38.2333333333333,278.9
2023-03-13 17:00:00,353.516666666667,240.833333333333,36.5166666666667,278.466666666667
2023-03-13 18:00:00,184.466666666667,230.333333333333,38.7,277.75
2023-03-13 19:00:00,6.03333333333333,228.333333333333,37.5833333333333,276.966666666667
2023-03-13 20:00:00,0.0,231.333333333333,43.7833333333333,275.4
2023-03-13 21:00:00,0.0,228.166666666667,50.7833333333333,274.25
2023-03-13 22:00:00,0.0,225.0,58.1166666666667,273.516666666667
2023-03-13 23:00:00,0.0,220.166666666667,60.45,273.8
2023-03-14 00:00:00,0.0,221.666666666667,60.8,274.416666666667
2023-03-14 01:00:00,0.0,224.5,64.4166666666667,274.383333333333
2023-03-14 02:00:00,0.0,230.333333333333,81.7,272.383333333333
2023-03-14 03:00:00,0.0,231.166666666667,85.2666666666667,272.183333333333
2023-03-14 04:00:00,0.0,232.0,90.8666666666667,272.066666666667
2023-03-14 05:00:00,0.0,227.166666666667,98.4833333333334,271.05
2023-03-14 06:00:00,0.0,231.833333333333,100.1,270.166666666667
2023-03-14 07:00:00,2.55,278.5,100.1,269.966666666667
2023-03-14 08:00:00,19.3166666666667,299.333333333333,100.1,270.116666666667
2023-03-14 09:00:00,101.716666666667,317.833333333333,100.083333333333,269.95
2023-03-14 10:00:00,279.333333333333,371.666666666667,100.083333333333,269.9
2023-03-14 11:00:00,471.45,377.5,100.116666666667,270.166666666667
2023-03-14 12:00:00,844.966666666667,391.5,98.8333333333333,270.583333333333
2023-03-14 13:00:00,946.816666666667,373.666666666667,96.6166666666667,270.916666666667
2023-03-14 14:00:00,921.783333333333,349.833333333333,98.2666666666667,270.783333333333
2023-03-14 15:00:00,449.9,333.5,100.166666666667,271.066666666667
2023-03-14 16:00:00,294.3,343.0,99.8666666666667,270.066666666667
2023-03-14 17:00:00,148.45,347.5,94.8833333333333,268.933333333333
2023-03-14 18:00:00,89.7666666666667,339.833333333333,67.15,268.366666666667
2023-03-14 19:00:00,5.25,320.833333333333,64.0833333333333,267.433333333333
2023-03-14 20:00:00,0.0,323.166666666667,87.2666666666667,266.4
2023-03-14 21:00:00,0.0,323.5,80.75,266.116666666667
2023-03-14 22:00:00,0.0,324.166666666667,93.6333333333333,265.466666666667
2023-03-14 23:00:00,0.0,323.333333333333,97.8333333333334,264.866666666667
2023-03-15 00:00:00,0.0,322.5,89.2666666666667,264.633333333333
2023-03-15 01:00:00,0.0,322.0,80.0166666666667,264.15
2023-03-15 02:00:00,0.0,321.5,78.7,263.766666666667
2023-03-15 03:00:00,0.0,321.166666666667,86.0333333333334,263.483333333333
2023-03-15 04:00:00,0.0,321.833333333333,90.7333333333333,263.366666666667
2023-03-15 05:00:00,0.0,321.166666666667,100.033333333333,263.0
2023-03-15 06:00:00,0.0,323.666666666667,100.066666666667,261.8
2023-03-15 07:00:00,8.41666666666667,322.5,99.95,261.033333333333
2023-03-15 08:00:00,185.516666666667,336.833333333333,95.4,260.216666666667
2023-03-15 09:00:00,564.7,344.166666666667,67.2833333333334,260.766666666667
2023-03-15 10:00:00,753.416666666667,339.166666666667,57.6666666666667,261.383333333333
2023-03-15 11:00:00,810.633333333333,334.333333333333,68.9833333333333,260.916666666667
2023-03-15 12:00:00,968.766666666667,324.666666666667,57.7333333333333,261.95
2023-03-15 13:00:00,988.983333333333,314.666666666667,45.35,263.033333333333
2023-03-15 14:00:00,876.35,327.166666666667,39.7666666666667,262.883333333333
2023-03-15 15:00:00,744.816666666667,328.833333333333,44.1,262.683333333333
2023-03-15 16:00:00,429.0,331.0,47.55,262.383333333333
2023-03-15 17:00:00,214.416666666667,329.0,55.05,262.266666666667
2023-03-15 18:00:00,63.0833333333333,328.333333333333,75.85,261.483333333333
2023-03-15 19:00:00,4.8,325.333333333333,75.3833333333333,261.1
2023-03-15 20:00:00,0.0,327.333333333333,70.0833333333333,261.133333333333
2023-03-15 21:00:00,0.0,326.666666666667,70.4,260.966666666667
2023-03-15 22:00:00,0.0,325.833333333333,74.75,260.6
2023-03-15 23:00:00,0.0,325.166666666667,77.1666666666667,260.516666666667
2023-03-16 00:00:00,0.0,320.5,80.7666666666667,260.016666666667
2023-03-16 01:00:00,0.0,324.0,81.7833333333334,260.183333333333
2023-03-16 02:00:00,0.0,325.333333333333,83.4333333333333,259.95
2023-03-16 03:00:00,0.0,325.166666666667,79.4666666666667,260.216666666667
2023-03-16 04:00:00,0.0,325.833333333333,74.6,260.3
2023-03-16 05:00:00,0.0,326.0,66.0833333333333,260.633333333333
2023-03-16 06:00:00,0.0,323.833333333333,43.8333333333333,262.083333333333
2023-03-16 07:00:00,20.7666666666667,325.0,32.7166666666667,263.05
2023-03-16 08:00:00,258.65,318.5,20.6333333333333,265.7
2023-03-16 09:00:00,538.2,314.0,15.35,267.883333333333
2023-03-16 10:00:00,706.433333333333,307.166666666667,14.9333333333333,269.366666666667
2023-03-16 11:00:00,847.85,307.0,15.7,270.45
2023-03-16 12:00:00,927.116666666667,312.5,20.6,270.566666666667
2023-03-16 13:00:00,940.833333333333,310.0,34.3166666666667,270.75
2023-03-16 14:00:00,882.883333333333,299.833333333333,43.75,271.233333333333
2023-03-16 15:00:00,793.533333333333,292.0,41.4333333333333,272.166666666667
2023-03-16 16:00:00,663.366666666667,304.333333333333,43.4333333333333,271.566666666667
2023-03-16 17:00:00,477.3,306.166666666667,44.8833333333333,271.516666666667
2023-03-16 18:00:00,194.133333333333,307.666666666667,45.7333333333333,271.316666666667
2023-03-16 19:00:00,7.58333333333333,319.5,45.3,271.083333333333
2023-03-16 20:00:00,0.0,320.833333333333,48.2833333333333,270.9
2023-03-16 21:00:00,0.0,317.166666666667,50.9333333333333,270.95
2023-03-16 22:00:00,0.0,320.5,53.25,271.1
2023-03-16 23:00:00,0.0,319.333333333333,55.0166666666667,271.533333333333
2023-03-17 00:00:00,0.0,317.166666666667,54.7,272.433333333333
2023-03-17 01:00:00,0.0,318.833333333333,47.65,273.483333333333
2023-03-17 02:00:00,0.0,318.166666666667,29.75,274.6
2023-03-17 03:00:00,0.0,311.166666666667,17.05,275.283333333333
2023-03-17 04:00:00,0.0,312.166666666667,20.1166666666667,274.216666666667
2023-03-17 05:00:00,0.0,308.833333333333,19.8666666666667,274.816666666667
2023-03-17 06:00:00,0.0,312.666666666667,20.3666666666667,275.733333333333
2023-03-17 07:00:00,14.1,315.333333333333,19.5,276.65
2023-03-17 08:00:00,148.033333333333,314.5,19.7666666666667,277.083333333333
2023-03-17 09:00:00,543.55,314.333333333333,20.0333333333333,278.133333333333
2023-03-17 10:00:00,702.15,310.333333333333,23.5666666666667,278.833333333333
2023-03-17 11:00:00,833.866666666667,296.666666666667,20.7333333333333,280.65
2023-03-17 12:00:00,881.45,289.333333333333,21.85,281.35
2023-03-17 13:00:00,881.016666666667,286.666666666667,30.65,280.333333333333
2023-03-17 14:00:00,870.55,277.0,30.05,281.016666666667
2023-03-17 15:00:00,743.583333333333,272.666666666667,33.0666666666667,280.416666666667
2023-03-17 16:00:00,637.766666666667,272.833333333333,34.2833333333333,279.583333333333
2023-03-17 17:00:00,406.133333333333,272.5,36.85,279.2
2023-03-17 18:00:00,115.75,281.666666666667,38.5833333333333,278.283333333333
2023-03-17 19:00:00,8.03333333333333,286.833333333333,34.2333333333333,278.233333333333
2023-03-17 20:00:00,0.0,285.666666666667,34.25,277.9
2023-03-17 21:00:00,0.0,279.833333333333,29.8833333333333,278.316666666667
2023-03-17 22:00:00,0.0,279.166666666667,26.1833333333333,278.166666666667
2023-03-17 23:00:00,0.0,277.0,24.5,277.666666666667
2023-03-18 00:00:00,0.0,283.333333333333,31.35,276.266666666667
2023-03-18 01:00:00,0.0,282.666666666667,36.9666666666667,275.266666666667
2023-03-18 02:00:00,0.0,281.666666666667,43.95,274.35
2023-03-18 03:00:00,0.0,278.833333333333,51.0333333333333,273.55
2023-03-18 04:00:00,0.0,279.333333333333,54.3666666666667,272.95
2023-03-18 05:00:00,0.0,280.833333333333,56.6666666666667,272.483333333333
2023-03-18 06:00:00,0.0,282.833333333333,58.45,272.05
2023-03-18 07:00:00,17.4166666666667,283.166666666667,60.05,271.716666666667
2023-03-18 08:00:00,142.033333333333,279.5,59.6833333333333,271.9
2023-03-18 09:00:00,493.333333333333,265.833333333333,53.3,274.05
2023-03-18 10:00:00,661.883333333333,265.833333333333,54.8166666666667,274.516666666667
2023-03-18 11:00:00,745.166666666667,263.0,55.8166666666667,274.983333333333
2023-03-18 12:00:00,903.533333333333,264.5,52.8833333333333,276.433333333333
2023-03-18 13:00:00,946.833333333333,264.666666666667,55.5666666666667,276.133333333333
2023-03-18 14:00:00,905.683333333333,260.833333333333,54.8666666666667,276.366666666667
2023-03-18 15:00:00,810.783333333333,257.666666666667,52.95,276.783333333333
2023-03-18 16:00:00,636.783333333333,254.333333333333,53.6,276.683333333333
2023-03-18 17:00:00,334.266666666667,260.833333333333,57.7666666666667,275.9
2023-03-18 18:00:00,223.9,259.5,56.8833333333333,275.683333333333
2023-03-18 19:00:00,7.7,268.333333333333,49.8166666666667,275.216666666667
2023-03-18 20:00:00,0.0,266.333333333333,53.15,274.45
2023-03-18 21:00:00,0.0,265.166666666667,50.7166666666667,274.366666666667
2023-03-18 22:00:00,0.0,266.0,50.2,274.433333333333
2023-03-18 23:00:00,0.0,266.5,51.0833333333333,274.283333333333
2023-03-19 00:00:00,0.0,267.5,51.1,274.033333333333
2023-03-19 01:00:00,0.0,265.0,49.6666666666667,274.216666666667
2023-03-19 02:00:00,0.0,269.0,49.7333333333333,273.933333333333
2023-03-19 03:00:00,0.0,265.5,54.7166666666667,273.316666666667
2023-03-19 04:00:00,0.0,268.5,61.3166666666667,272.516666666667
2023-03-19 05:00:00,0.0,269.833333333333,65.7333333333333,271.983333333333
2023-03-19 06:00:00,0.0,269.666666666667,68.1666666666667,271.466666666667
2023-03-19 07:00:00,23.3166666666667,272.666666666667,69.0833333333333,271.283333333333
2023-03-19 08:00:00,240.2,262.0,68.4833333333333,272.016666666667
2023-03-19 09:00:00,523.15,249.0,70.5,273.366666666667
2023-03-19 10:00:00,842.85,250.5,80.6333333333333,272.816666666667
2023-03-19 11:00:00,1126.48333333333,258.166666666667,83.2166666666667,272.583333333333
2023-03-19 12:00:00,1153.71666666667,251.166666666667,73.85,273.6
2023-03-19 13:00:00,1042.88333333333,252.333333333333,67.8,273.8
2023-03-19 14:00:00,850.416666666667,252.5,60.1,274.283333333333
2023-03-19 15:00:00,484.3,253.0,68.1666666666667,273.35
2023-03-19 16:00:00,362.1,251.5,79.35,272.5
2023-03-19 17:00:00,224.716666666667,251.0,82.9833333333333,272.316666666667
2023-03-19 18:00:00,92.1,252.333333333333,88.4,271.75
2023-03-19 19:00:00,12.6,252.333333333333,99.9833333333333,270.783333333333
2023-03-19 20:00:00,0.0,253.0,100.1,270.283333333333
2023-03-19 21:00:00,0.0,249.833333333333,100.1,269.95
2023-03-19 22:00:00,0.0,252.833333333333,100.1,269.9
2023-03-19 23:00:00,0.0,245.0,100.1,269.866666666667
2023-03-20 00:00:00,0.0,256.5,100.1,269.75
2023-03-20 01:00:00,0.0,247.5,100.1,269.5
2023-03-20 02:00:00,0.0,251.5,100.1,269.516666666667
2023-03-20 03:00:00,0.0,260.333333333333,100.1,269.283333333333
2023-03-20 04:00:00,0.0,270.0,100.1,269.116666666667
2023-03-20 05:00:00,0.0,270.0,100.1,269.05
2023-03-20 06:00:00,0.0,270.5,100.1,269.05
2023-03-20 07:00:00,10.4333333333333,273.666666666667,100.1,269.083333333333
2023-03-20 08:00:00,80.35,272.666666666667,100.1,269.033333333333
2023-03-20 09:00:00,230.416666666667,265.333333333333,100.1,269.366666666667
2023-03-20 10:00:00,412.683333333333,257.5,100.116666666667,269.633333333333
2023-03-20 11:00:00,599.183333333333,256.333333333333,100.1,270.683333333333
2023-03-20 12:00:00,623.45,261.0,100.133333333333,270.766666666667
2023-03-20 13:00:00,728.266666666667,264.5,100.133333333333,270.983333333333
2023-03-20 14:00:00,542.933333333333,266.333333333333,100.116666666667,271.05
2023-03-20 15:00:00,509.3,265.333333333333,100.15,270.866666666667
2023-03-20 16:00:00,339.716666666667,264.0,100.116666666667,270.883333333333
2023-03-20 17:00:00,265.366666666667,267.5,100.1,270.583333333333
2023-03-20 18:00:00,143.633333333333,272.333333333333,100.133333333333,270.116666666667
2023-03-20 19:00:00,6.36666666666667,277.666666666667,100.116666666667,269.05
2023-03-20 20:00:00,0.0,275.0,100.1,268.5
2023-03-20 21:00:00,0.0,280.333333333333,100.1,268.233333333333
2023-03-20 22:00:00,0.0,286.333333333333,97.9333333333333,268.083333333333
2023-03-20 23:00:00,0.0,282.5,72.3833333333333,269.3
2023-03-21 00:00:00,0.0,278.0,61.65,269.833333333333
2023-03-21 01:00:00,0.0,279.0,51.3833333333333,270.766666666667
2023-03-21 02:00:00,0.0,279.166666666667,47.4333333333333,271.05
2023-03-21 03:00:00,0.0,277.5,48.25,270.9
2023-03-21 04:00:00,0.0,281.333333333333,56.6666666666667,270.266666666667
2023-03-21 05:00:00,0.0,279.0,48.3,271.033333333333
2023-03-21 06:00:00,0.0,277.5,53.35,271.266666666667
2023-03-21 07:00:00,49.2333333333333,276.5,53.3666666666667,271.65
2023-03-21 08:00:00,109.383333333333,271.5,53.6,272.05
2023-03-21 09:00:00,285.016666666667,269.0,52.35,273.05
2023-03-21 10:00:00,499.266666666667,259.5,57.1333333333333,274.033333333333
2023-03-21 11:00:00,635.983333333333,246.833333333333,65.15,274.816666666667
2023-03-21 12:00:00,621.216666666667,253.0,78.6166666666667,273.95
2023-03-21 13:00:00,650.75,240.666666666667,70.55,274.616666666667
2023-03-21 14:00:00,593.266666666667,249.833333333333,72.2333333333333,273.916666666667
2023-03-21 15:00:00,556.633333333333,240.333333333333,70.35,274.8
2023-03-21 16:00:00,371.1,252.166666666667,77.3333333333333,273.95
2023-03-21 17:00:00,260.583333333333,251.0,79.7166666666667,274.016666666667
2023-03-21 18:00:00,96.4333333333333,257.166666666667,83.5833333333333,273.566666666667
2023-03-21 19:00:00,8.7,261.5,87.7166666666667,273.033333333333
2023-03-21 20:00:00,0.0,261.333333333333,88.3166666666667,272.9
2023-03-21 21:00:00,0.0,261.0,88.0833333333333,272.816666666667
2023-03-21 22:00:00,0.0,261.666666666667,91.0833333333333,272.483333333333
2023-03-21 23:00:00,0.0,260.833333333333,91.9,272.366666666667
2023-03-22 00:00:00,0.0,261.0,93.6666666666667,272.116666666667
2023-03-22 01:00:00,0.0,261.666666666667,93.9,271.95
2023-03-22 02:00:00,0.0,261.833333333333,88.4333333333333,272.066666666667
2023-03-22 03:00:00,0.0,259.5,92.7833333333333,271.266666666667
2023-03-22 04:00:00,0.0,258.333333333333,89.2666666666667,271.316666666667
2023-03-22 05:00:00,0.0,256.333333333333,71.2,272.483333333333
2023-03-22 06:00:00,0.0,255.333333333333,65.2666666666667,272.883333333333
2023-03-22 07:00:00,48.9,254.666666666667,67.15,272.5
2023-03-22 08:00:00,318.45,248.0,61.95,273.55
2023-03-22 09:00:00,562.566666666667,246.0,66.2166666666667,274.466666666667
2023-03-22 10:00:00,739.45,236.833333333333,68.0,275.633333333333
2023-03-22 11:00:00,868.183333333333,228.166666666667,66.55,276.65
2023-03-22 12:00:00,928.55,248.5,69.3166666666667,276.133333333333
2023-03-22 13:00:00,960.033333333333,252.333333333333,66.4333333333333,276.6
2023-03-22 14:00:00,955.4,249.5,62.8666666666667,276.916666666667
2023-03-22 15:00:00,855.916666666667,243.833333333333,57.65,277.266666666667
2023-03-22 16:00:00,683.783333333333,239.333333333333,56.0166666666667,277.5
2023-03-22 17:00:00,430.916666666667,234.333333333333,59.2,277.316666666667
2023-03-22 18:00:00,185.766666666667,238.166666666667,65.75,276.483333333333
2023-03-22 19:00:00,14.8333333333333,245.666666666667,71.7833333333334,275.25
2023-03-22 20:00:00,0.0,244.833333333333,66.6,275.083333333333
2023-03-22 21:00:00,0.0,240.833333333333,67.0166666666667,274.966666666667
2023-03-22 22:00:00,0.0,241.333333333333,68.8166666666667,274.583333333333
2023-03-22 23:00:00,0.0,240.833333333333,65.6166666666667,274.35
2023-03-23 00:00:00,0.0,242.666666666667,56.3333333333333,274.5
2023-03-23 01:00:00,0.0,243.0,47.7,274.683333333333
2023-03-23 02:00:00,0.0,244.5,40.0,274.75
2023-03-23 03:00:00,0.0,243.333333333333,41.8666666666667,273.933333333333
2023-03-23 04:00:00,0.0,244.166666666667,46.3666666666667,273.0
2023-03-23 05:00:00,0.0,246.666666666667,51.7666666666667,272.866666666667
2023-03-23 06:00:00,0.0,246.166666666667,58.7,272.333333333333
2023-03-23 07:00:00,40.6666666666667,244.5,56.3166666666667,272.316666666667
2023-03-23 08:00:00,130.85,242.0,52.5666666666667,273.166666666667
2023-03-23 09:00:00,344.5,239.666666666667,57.3,274.016666666667
2023-03-23 10:00:00,649.766666666667,227.333333333333,66.3,275.133333333333
2023-03-23 11:00:00,750.266666666667,240.166666666667,71.0666666666667,275.1
2023-03-23 12:00:00,967.4,240.833333333333,69.3333333333333,275.983333333333
2023-03-23 13:00:00,984.716666666667,239.666666666667,68.9166666666667,276.15
2023-03-23 14:00:00,927.4,229.333333333333,63.7,276.85
2023-03-23 15:00:00,837.7,223.0,62.3333333333333,277.233333333333
2023-03-23 16:00:00,585.85,232.0,64.4,277.1
2023-03-23 17:00:00,412.75,230.333333333333,63.85,277.516666666667
2023-03-23 18:00:00,116.216666666667,242.5,75.0,276.05
2023-03-23 19:00:00,12.3833333333333,243.833333333333,77.05,275.483333333333
2023-03-23 20:00:00,0.0,242.5,68.95,276.166666666667
2023-03-23 21:00:00,0.0,241.833333333333,64.0,276.75
2023-03-23 22:00:00,0.0,242.833333333333,65.1833333333333,276.583333333333
2023-03-23 23:00:00,0.0,241.166666666667,66.65,276.25
2023-03-24 00:00:00,0.0,241.833333333333,66.85,276.25
2023-03-24 01:00:00,0.0,243.5,71.85,275.583333333333
2023-03-24 02:00:00,0.0,242.166666666667,70.95,275.65
2023-03-24 03:00:00,0.0,242.833333333333,66.7833333333333,275.933333333333
2023-03-24 04:00:00,0.0,242.333333333333,61.2,276.233333333333
2023-03-24 05:00:00,0.0,242.333333333333,78.6166666666667,274.483333333333
2023-03-24 06:00:00,0.0,240.166666666667,66.7,275.366666666667
2023-03-24 07:00:00,26.9666666666667,241.833333333333,65.3833333333333,275.65
2023-03-24 08:00:00,136.85,242.0,61.15,276.3
2023-03-24 09:00:00,301.333333333333,241.5,59.9333333333333,276.85
2023-03-24 10:00:00,479.333333333334,234.166666666667,60.4166666666667,277.266666666667
2023-03-24 11:00:00,567.166666666667,239.333333333333,69.45,276.666666666667
2023-03-24 12:00:00,467.483333333333,227.166666666667,74.4833333333333,276.116666666667
2023-03-24 13:00:00,341.866666666667,217.666666666667,98.4333333333333,274.183333333333
2023-03-24 14:00:00,477.033333333333,227.166666666667,100.2,274.35
2023-03-24 15:00:00,487.8,227.666666666667,99.7166666666667,274.866666666667
2023-03-24 16:00:00,472.25,210.5,96.05,275.6
2023-03-24 17:00:00,208.233333333333,221.0,94.6333333333333,275.083333333333
2023-03-24 18:00:00,77.95,217.666666666667,86.5833333333333,274.766666666667
2023-03-24 19:00:00,3.03333333333333,218.833333333333,97.4,273.066666666667
2023-03-24 20:00:00,0.0,231.833333333333,100.1,271.4
2023-03-24 21:00:00,0.0,272.333333333333,100.1,271.2
2023-03-24 22:00:00,0.0,272.333333333333,100.1,270.883333333333
2023-03-24 23:00:00,0.0,266.833333333333,100.1,271.0
2023-03-25 00:00:00,0.0,279.333333333333,100.1,270.883333333333
2023-03-25 01:00:00,0.0,304.0,96.9833333333333,270.166666666667
2023-03-25 02:00:00,0.0,298.666666666667,100.066666666667,269.6
2023-03-25 03:00:00,0.0,294.0,100.1,269.583333333333
2023-03-25 04:00:00,0.0,302.666666666667,100.1,268.216666666667
2023-03-25 05:00:00,0.0,306.666666666667,98.8333333333333,267.6
2023-03-25 06:00:00,0.0,298.833333333333,97.9166666666667,267.75
2023-03-25 07:00:00,37.65,298.666666666667,88.2833333333334,267.983333333333
2023-03-25 08:00:00,243.9,297.0,88.2833333333334,268.1
2023-03-25 09:00:00,443.666666666667,289.5,96.5166666666667,268.183333333333
2023-03-25 10:00:00,608.85,293.833333333333,93.85,267.95
2023-03-25 11:00:00,939.033333333333,300.833333333333,84.5333333333334,268.433333333333
2023-03-25 12:00:00,777.283333333333,305.666666666667,84.5666666666667,268.4
2023-03-25 13:00:00,490.05,304.833333333333,87.3833333333334,268.0
2023-03-25 14:00:00,496.9,305.833333333333,84.1333333333333,267.9
2023-03-25 15:00:00,423.1,304.666666666667,81.9833333333333,268.066666666667
2023-03-25 16:00:00,327.733333333333,303.833333333333,92.7166666666667,267.266666666667
2023-03-25 17:00:00,197.333333333333,303.0,86.8833333333333,267.583333333333
2023-03-25 18:00:00,80.4333333333334,299.666666666667,71.7,268.083333333333
2023-03-25 19:00:00,10.8166666666667,291.166666666667,67.1,267.866666666667
2023-03-25 20:00:00,0.0,287.666666666667,63.1833333333333,267.666666666667
2023-03-25 21:00:00,0.0,280.0,65.7,267.666666666667
2023-03-25 22:00:00,0.0,278.0,75.9,267.166666666667
2023-03-25 23:00:00,0.0,276.833333333333,72.65,267.2
2023-03-26 00:00:00,0.0,275.166666666667,65.0833333333333,267.533333333333
2023-03-26 01:00:00,0.0,267.333333333333,65.9333333333333,267.566666666667
2023-03-26 02:00:00,0.0,271.0,64.7,267.466666666667
2023-03-26 03:00:00,0.0,270.5,60.75,267.75
2023-03-26 04:00:00,0.0,266.833333333333,58.0666666666667,268.116666666667
2023-03-26 05:00:00,0.0,268.166666666667,63.3333333333333,267.816666666667
2023-03-26 06:00:00,0.0,266.333333333333,62.3333333333333,267.85
2023-03-26 07:00:00,34.65,266.5,55.9833333333333,268.75
2023-03-26 08:00:00,394.833333333333,265.166666666667,53.4166666666667,270.133333333333
2023-03-26 09:00:00,524.233333333333,262.833333333333,50.6166666666667,271.05
2023-03-26 10:00:00,608.416666666667,262.333333333333,52.4333333333333,271.233333333333
2023-03-26 11:00:00,812.2,262.0,56.0333333333333,271.1
2023-03-26 12:00:00,741.933333333333,252.333333333333,62.3,270.916666666667
2023-03-26 13:00:00,565.733333333333,245.833333333333,76.5333333333333,270.116666666667
2023-03-26 14:00:00,429.916666666667,244.0,84.3833333333333,269.35
2023-03-26 15:00:00,193.916666666667,245.5,95.0,268.916666666667
2023-03-26 16:00:00,257.35,270.166666666667,100.1,268.433333333333
2023-03-26 17:00:00,108.616666666667,297.333333333333,100.1,267.75
2023-03-26 18:00:00,65.4,322.833333333333,94.4,267.25
2023-03-26 19:00:00,11.2666666666667,320.0,80.8666666666667,267.55
2023-03-26 20:00:00,0.0,318.0,100.1,266.816666666667
2023-03-26 21:00:00,0.0,352.5,94.7666666666666,265.7
2023-03-26 22:00:00,0.0,378.666666666667,96.2666666666667,265.566666666667
2023-03-26 23:00:00,0.0,372.833333333333,96.1666666666667,265.066666666667
2023-03-27 00:00:00,0.0,370.333333333333,90.3,264.983333333333
2023-03-27 01:00:00,0.0,367.5,92.4833333333333,264.866666666667
2023-03-27 02:00:00,0.0,369.0,96.1833333333333,264.683333333333
2023-03-27 03:00:00,0.0,383.0,92.3166666666667,264.816666666667
2023-03-27 04:00:00,0.0,379.833333333333,99.55,264.433333333333
2023-03-27 05:00:00,0.0,393.666666666667,100.016666666667,264.283333333333
2023-03-27 06:00:00,0.0,416.666666666667,100.083333333333,264.383333333333
2023-03-27 07:00:00,14.1166666666667,454.166666666667,100.083333333333,264.583333333333
2023-03-27 08:00:00,86.1666666666667,449.5,100.1,264.566666666667
2023-03-27 09:00:00,184.0,449.333333333333,100.05,264.166666666667
2023-03-27 10:00:00,425.75,454.333333333333,100.083333333333,263.783333333333
2023-03-27 11:00:00,600.166666666667,471.166666666667,100.083333333333,263.9
2023-03-27 12:00:00,631.4,493.666666666667,100.083333333333,263.983333333333
2023-03-27 13:00:00,623.216666666667,501.0,100.083333333333,264.3
2023-03-27 14:00:00,678.45,513.833333333333,99.3,263.333333333333
2023-03-27 15:00:00,604.7,510.666666666667,99.4666666666667,261.9
2023-03-27 16:00:00,557.216666666667,525.666666666667,95.9166666666667,261.233333333333
2023-03-27 17:00:00,316.183333333333,641.166666666667,94.7166666666667,261.0
2023-03-27 18:00:00,98.3,636.5,99.1333333333333,260.583333333333
2023-03-27 19:00:00,12.4833333333333,648.666666666667,99.9833333333333,260.3
2023-03-27 20:00:00,0.0,662.0,99.0666666666667,259.116666666667
2023-03-27 21:00:00,0.0,654.5,97.9833333333333,258.816666666667
2023-03-27 22:00:00,0.0,643.0,99.3833333333333,258.833333333333
2023-03-27 23:00:00,0.0,641.166666666667,99.8,258.966666666667
2023-03-28 00:00:00,0.0,646.333333333333,99.8666666666667,259.233333333333
2023-03-28 01:00:00,0.0,655.5,99.8,259.266666666667
2023-03-28 02:00:00,0.0,648.333333333333,99.3833333333333,258.75
2023-03-28 03:00:00,0.0,636.166666666667,99.3166666666667,258.566666666667
2023-03-28 04:00:00,0.0,617.0,99.5833333333333,258.85
2023-03-28 05:00:00,0.0,622.0,99.6166666666667,259.0
2023-03-28 06:00:00,0.433333333333333,617.333333333333,99.6833333333333,259.05
2023-03-28 07:00:00,72.0833333333333,619.166666666667,99.3333333333333,258.966666666667
2023-03-28 08:00:00,420.533333333333,609.5,98.4833333333334,259.766666666667
2023-03-28 09:00:00,665.616666666667,622.333333333333,96.2833333333334,259.416666666667
2023-03-28 10:00:00,827.3,631.833333333333,95.2,260.166666666667
2023-03-28 11:00:00,805.85,615.666666666667,94.7166666666667,261.75
2023-03-28 12:00:00,953.466666666667,603.333333333333,97.2833333333334,263.35
2023-03-28 13:00:00,949.5,611.333333333333,91.0666666666667,263.0
2023-03-28 14:00:00,959.833333333333,597.333333333333,89.6,264.15
2023-03-28 15:00:00,816.116666666667,597.833333333333,84.3,264.783333333333
2023-03-28 16:00:00,701.866666666667,593.166666666667,80.9333333333333,265.266666666667
2023-03-28 17:00:00,489.066666666667,588.833333333333,80.6,264.916666666667
2023-03-28 18:00:00,217.9,598.166666666667,69.0333333333333,263.633333333333
2023-03-28 19:00:00,15.05,607.166666666667,49.9833333333333,262.783333333333
2023-03-28 20:00:00,0.0,602.666666666667,36.65,263.633333333333
2023-03-28 21:00:00,0.0,581.666666666667,18.2166666666667,265.2
2023-03-28 22:00:00,0.0,580.5,15.1166666666667,266.866666666667
2023-03-28 23:00:00,0.0,569.166666666667,33.0666666666667,266.95
2023-03-29 00:00:00,0.0,566.5,42.1333333333333,266.433333333333
2023-03-29 01:00:00,0.0,559.0,77.4666666666667,265.233333333333
2023-03-29 02:00:00,0.0,555.0,95.7833333333333,265.133333333333
2023-03-29 03:00:00,0.0,555.0,100.1,263.35
2023-03-29 04:00:00,0.0,567.333333333334,100.083333333333,265.683333333333
2023-03-29 05:00:00,0.0,559.5,96.5333333333333,267.316666666667
2023-03-29 06:00:00,0.216666666666667,562.5,97.2333333333333,267.316666666667
2023-03-29 07:00:00,35.9,601.833333333333,99.2666666666667,267.816666666667
2023-03-29 08:00:00,100.366666666667,628.166666666667,100.1,267.733333333333
2023-03-29 09:00:00,221.366666666667,616.5,100.1,268.416666666667
2023-03-29 10:00:00,388.766666666667,650.0,97.55,270.0
2023-03-29 11:00:00,469.116666666667,631.333333333334,98.15,270.2
2023-03-29 12:00:00,537.466666666667,635.333333333333,99.35,270.7
2023-03-29 13:00:00,567.583333333333,627.166666666667,98.35,271.033333333333
2023-03-29 14:00:00,574.4,624.666666666667,92.4666666666667,271.5
2023-03-29 15:00:00,435.083333333333,612.833333333333,99.9,271.116666666667
2023-03-29 16:00:00,387.133333333333,631.0,98.2666666666667,271.7
2023-03-29 17:00:00,217.483333333333,583.0,87.3833333333333,272.816666666667
2023-03-29 18:00:00,66.0666666666667,518.166666666667,77.0333333333334,273.533333333333
2023-03-29 19:00:00,12.9333333333333,502.166666666667,74.25,273.683333333333
2023-03-29 20:00:00,0.0,501.0,72.4833333333333,273.933333333333
2023-03-29 21:00:00,0.0,500.166666666667,90.5,273.183333333333
2023-03-29 22:00:00,0.0,502.0,100.1,272.1
2023-03-29 23:00:00,0.0,504.166666666667,94.1333333333333,273.0
2023-03-30 00:00:00,0.0,499.833333333333,97.9166666666667,272.8
2023-03-30 01:00:00,0.0,499.833333333333,95.15,273.366666666667
2023-03-30 02:00:00,0.0,494.166666666667,84.6166666666667,274.383333333333
2023-03-30 03:00:00,0.0,497.166666666667,98.5,273.183333333333
2023-03-30 04:00:00,0.0,499.5,96.9333333333333,273.75
2023-03-30 05:00:00,0.0,505.5,95.9,273.883333333333
2023-03-30 06:00:00,0.433333333333333,504.5,83.0833333333333,274.45
2023-03-30 07:00:00,49.2333333333333,499.166666666667,76.4,275.266666666667
2023-03-30 08:00:00,196.083333333333,480.333333333334,94.7666666666667,273.866666666667
2023-03-30 09:00:00,417.866666666667,475.833333333333,77.1833333333333,275.65
2023-03-30 10:00:00,680.75,483.666666666667,70.05,276.466666666667
2023-03-30 11:00:00,737.033333333334,483.166666666667,64.6833333333333,277.1
2023-03-30 12:00:00,885.1,477.0,65.95,277.15
2023-03-30 13:00:00,1118.56666666667,465.166666666667,71.25,277.116666666667
2023-03-30 14:00:00,808.166666666667,444.333333333333,77.7333333333333,277.25
2023-03-30 15:00:00,280.95,441.666666666667,99.2833333333333,274.833333333333
2023-03-30 16:00:00,291.333333333333,424.333333333333,100.133333333333,272.166666666667
2023-03-30 17:00:00,257.066666666667,445.333333333333,99.0,272.483333333333
2023-03-30 18:00:00,109.15,450.833333333333,91.9333333333333,273.116666666667
2023-03-30 19:00:00,5.38333333333333,429.666666666667,100.1,271.483333333333
2023-03-30 20:00:00,0.0,433.333333333334,90.25,271.55
2023-03-30 21:00:00,0.0,426.333333333333,67.6,272.283333333333
2023-03-30 22:00:00,0.0,425.5,62.5166666666667,272.25
2023-03-30 23:00:00,0.0,425.833333333333,60.1333333333333,271.983333333333
2023-03-31 00:00:00,0.0,427.666666666667,62.0,271.666666666667
2023-03-31 01:00:00,0.0,428.5,59.8,271.65
2023-03-31 02:00:00,0.0,428.333333333333,60.6666666666667,271.466666666667
2023-03-31 03:00:00,0.0,428.666666666667,57.2833333333333,271.466666666667
2023-03-31 04:00:00,0.0,425.833333333333,53.4666666666667,271.766666666667
2023-03-31 05:00:00,0.0,425.666666666667,53.8,272.616666666667
2023-03-31 06:00:00,1.98333333333333,426.333333333333,56.7833333333333,273.3
2023-03-31 07:00:00,68.2666666666667,426.0,61.65,273.333333333333
2023-03-31 08:00:00,208.233333333333,423.0,69.8,273.25
2023-03-31 09:00:00,355.516666666667,422.666666666667,71.65,273.383333333333
2023-03-31 10:00:00,626.383333333333,423.166666666667,68.7,273.783333333333
2023-03-31 11:00:00,1075.55,420.166666666667,66.6,274.2
2023-03-31 12:00:00,761.616666666667,414.5,73.0833333333333,273.283333333333
2023-03-31 13:00:00,376.183333333333,410.833333333333,90.2333333333333,271.966666666667
2023-03-31 14:00:00,352.516666666667,407.666666666667,100.0,271.216666666667
2023-03-31 15:00:00,291.366666666667,405.833333333333,100.133333333333,270.966666666667
2023-03-31 16:00:00,135.4,415.666666666667,100.1,269.3
2023-03-31 17:00:00,200.233333333333,438.0,96.5833333333333,269.116666666667
2023-03-31 18:00:00,63.0333333333333,436.0,93.7333333333333,269.0
2023-03-31 19:00:00,27.3833333333333,415.333333333333,66.8333333333333,268.95
2023-03-31 20:00:00,0.0,402.833333333333,63.95,269.2
2023-03-31 21:00:00,0.0,400.666666666667,59.2833333333333,269.0
2023-03-31 22:00:00,0.0,396.666666666667,55.2333333333333,268.833333333333
2023-03-31 23:00:00,0.0,400.0,57.5666666666667,268.716666666667
2023-04-01 00:00:00,0.0,400.166666666667,65.5166666666667,268.083333333333
2023-04-01 01:00:00,0.0,395.5,64.6166666666667,267.966666666667
2023-04-01 02:00:00,0.0,392.5,61.0166666666667,267.816666666667
2023-04-01 03:00:00,0.0,397.833333333333,67.9,267.7
2023-04-01 04:00:00,0.0,399.833333333333,70.8833333333333,267.8
2023-04-01 05:00:00,0.0,403.166666666667,82.5833333333333,267.283333333333
2023-04-01 06:00:00,0.55,403.166666666667,91.0,266.883333333333
2023-04-01 07:00:00,32.8666666666667,400.333333333333,89.8,266.816666666667
2023-04-01 08:00:00,122.033333333333,399.666666666667,74.9,267.366666666667
2023-04-01 09:00:00,347.066666666667,395.666666666667,70.6333333333333,267.7
2023-04-01 10:00:00,560.75,398.166666666667,71.4166666666667,268.083333333333
2023-04-01 11:00:00,516.366666666667,398.5,70.9,268.1
2023-04-01 12:00:00,733.433333333333,398.5,71.3333333333333,268.933333333333
2023-04-01 13:00:00,952.8,399.666666666667,65.1666666666667,269.6
2023-04-01 14:00:00,931.533333333333,398.333333333333,67.85,269.633333333333
2023-04-01 15:00:00,533.5,404.5,91.4833333333333,268.516666666667
2023-04-01 16:00:00,508.95,395.5,84.4666666666667,269.016666666667
2023-04-01 17:00:00,343.233333333333,407.833333333333,95.3,267.966666666667
2023-04-01 18:00:00,133.316666666667,407.166666666667,96.1333333333333,267.783333333333
2023-04-01 19:00:00,35.1666666666667,406.833333333333,98.5333333333334,267.4
2023-04-01 20:00:00,0.0,405.666666666667,91.85,267.5
2023-04-01 21:00:00,0.0,405.0,95.6666666666667,267.25
2023-04-01 22:00:00,0.0,403.166666666667,97.0666666666667,267.216666666667
2023-04-01 23:00:00,0.0,403.833333333333,98.2833333333333,266.716666666667
2023-04-02 00:00:00,0.0,402.333333333333,95.5166666666667,266.883333333333
2023-04-02 01:00:00,0.0,403.0,100.066666666667,266.666666666667
2023-04-02 02:00:00,0.0,402.5,100.05,266.55
2023-04-02 03:00:00,0.0,400.833333333333,100.1,266.533333333333
2023-04-02 04:00:00,0.0,401.166666666667,100.1,266.183333333333
2023-04-02 05:00:00,0.0,400.333333333333,100.083333333333,266.083333333333
2023-04-02 06:00:00,0.766666666666667,398.666666666667,100.083333333333,266.183333333333
2023-04-02 07:00:00,46.8833333333333,395.333333333333,100.083333333333,266.366666666667
2023-04-02 08:00:00,264.016666666667,389.0,100.1,266.866666666667
2023-04-02 09:00:00,214.783333333333,398.333333333333,100.083333333333,266.716666666667
2023-04-02 10:00:00,239.216666666667,397.5,100.1,266.7
2023-04-02 11:00:00,360.766666666667,394.833333333333,99.6,267.066666666667
2023-04-02 12:00:00,730.966666666667,385.166666666667,87.3833333333333,268.266666666667
2023-04-02 13:00:00,462.15,362.833333333333,87.8166666666667,268.716666666667
2023-04-02 14:00:00,440.333333333333,370.166666666667,92.1166666666667,268.666666666667
2023-04-02 15:00:00,349.283333333333,378.333333333333,95.9166666666667,268.35
2023-04-02 16:00:00,388.0,388.0,98.6333333333333,268.55
2023-04-02 17:00:00,202.7,385.833333333333,99.95,268.216666666667
2023-04-02 18:00:00,78.2666666666667,387.833333333333,99.9833333333333,267.933333333333
2023-04-02 19:00:00,13.45,388.5,100.1,267.633333333333
2023-04-02 20:00:00,0.0,394.5,100.1,267.616666666667
2023-04-02 21:00:00,0.0,387.0,100.1,267.383333333333
2023-04-02 22:00:00,0.0,400.166666666667,100.1,267.433333333333
2023-04-02 23:00:00,0.0,398.0,100.1,267.5
2023-04-03 00:00:00,0.0,418.666666666667,100.1,267.516666666667
2023-04-03 01:00:00,0.0,417.333333333333,100.083333333333,267.433333333333
2023-04-03 02:00:00,0.0,425.333333333333,100.1,267.35
2023-04-03 03:00:00,0.0,432.666666666667,100.083333333333,266.8
2023-04-03 04:00:00,0.0,433.833333333333,100.1,266.216666666667
2023-04-03 05:00:00,0.0,435.833333333333,100.1,265.716666666667
2023-04-03 06:00:00,1.65,438.5,100.1,265.066666666667
2023-04-03 07:00:00,58.4666666666667,436.166666666667,100.1,264.733333333333
2023-04-03 08:00:00,213.483333333333,434.5,100.1,264.7
2023-04-03 09:00:00,515.783333333333,427.0,100.1,265.45
2023-04-03 10:00:00,654.133333333333,422.666666666667,100.1,266.116666666667
2023-04-03 11:00:00,653.65,426.333333333333,100.116666666667,265.65
2023-04-03 12:00:00,680.633333333333,436.833333333333,100.083333333333,266.65
2023-04-03 13:00:00,653.783333333333,444.833333333333,100.1,265.466666666667
2023-04-03 14:00:00,676.216666666667,442.166666666667,100.1,265.566666666667
2023-04-03 15:00:00,496.466666666667,443.5,100.1,265.216666666667
2023-04-03 16:00:00,439.1,441.333333333333,100.083333333333,264.466666666667
2023-04-03 17:00:00,318.65,440.333333333333,100.1,263.816666666667
2023-04-03 18:00:00,97.2166666666667,432.0,100.05,263.0
2023-04-03 19:00:00,13.8166666666667,458.5,100.05,261.983333333333
2023-04-03 20:00:00,0.0,474.666666666667,100.016666666667,261.25
2023-04-03 21:00:00,0.0,501.0,99.9,260.866666666667
2023-04-03 22:00:00,0.0,502.0,99.9833333333333,260.483333333333
2023-04-03 23:00:00,0.0,505.0,99.9333333333333,260.2
2023-04-04 00:00:00,0.0,513.5,99.9,259.9
2023-04-04 01:00:00,0.0,512.166666666667,99.9166666666667,259.516666666667
2023-04-04 02:00:00,0.0,525.5,99.9,259.233333333333
2023-04-04 03:00:00,0.0,534.833333333333,99.9166666666667,258.85
2023-04-04 04:00:00,0.0,527.666666666667,99.9,258.733333333333
2023-04-04 05:00:00,0.0,528.0,99.05,257.7
2023-04-04 06:00:00,1.33333333333333,529.5,97.1333333333333,256.05
2023-04-04 07:00:00,97.35,522.0,93.9666666666667,256.316666666667
2023-04-04 08:00:00,268.333333333333,513.666666666667,69.8833333333333,257.416666666667
2023-04-04 09:00:00,398.416666666667,492.666666666667,76.6333333333333,260.183333333333
2023-04-04 10:00:00,424.216666666667,485.5,86.9666666666667,262.25
2023-04-04 11:00:00,497.6,484.0,83.6666666666667,262.383333333333
2023-04-04 12:00:00,530.616666666667,462.0,75.6,263.45
2023-04-04 13:00:00,617.8,446.166666666667,67.0,264.583333333333
2023-04-04 14:00:00,993.366666666667,438.5,68.7,264.466666666667
2023-04-04 15:00:00,1097.58333333333,440.666666666667,71.95,263.816666666667
2023-04-04 16:00:00,913.6,428.833333333333,63.6833333333333,264.416666666667
2023-04-04 17:00:00,684.483333333333,416.0,65.65,264.55
2023-04-04 18:00:00,373.25,433.166666666667,81.6833333333334,262.666666666667
2023-04-04 19:00:00,18.05,446.666666666667,96.4166666666667,260.733333333333
2023-04-04 20:00:00,0.0,449.0,99.25,260.35
2023-04-04 21:00:00,0.0,451.666666666667,94.3166666666667,259.933333333333
2023-04-04 22:00:00,0.0,452.833333333333,64.1166666666667,260.75
2023-04-04 23:00:00,0.0,451.833333333333,56.9,260.5
2023-04-05 00:00:00,0.0,448.666666666667,49.0666666666667,260.416666666667
2023-04-05 01:00:00,0.0,456.166666666667,31.0166666666667,260.966666666667
2023-04-05 02:00:00,0.0,442.166666666667,27.1,261.116666666667
2023-04-05 03:00:00,0.0,436.833333333333,25.7,261.216666666667
2023-04-05 04:00:00,0.0,434.166666666667,24.6,261.116666666667
2023-04-05 05:00:00,0.0,431.666666666667,21.5666666666667,261.433333333333
2023-04-05 06:00:00,2.76666666666667,443.0,19.7333333333333,261.783333333333
2023-04-05 07:00:00,176.5,435.5,18.8166666666667,262.416666666667
2023-04-05 08:00:00,489.1,434.833333333333,20.25,262.583333333333
2023-04-05 09:00:00,696.083333333333,424.833333333333,23.7333333333333,265.05
2023-04-05 10:00:00,870.95,413.666666666667,48.8333333333333,265.066666666667
2023-04-05 11:00:00,990.633333333333,426.5,79.9666666666667,264.1
2023-04-05 12:00:00,1064.21666666667,431.0,74.0666666666667,264.95
2023-04-05 13:00:00,1103.96666666667,424.5,59.5666666666667,265.766666666667
2023-04-05 14:00:00,1034.86666666667,425.5,63.0666666666667,265.666666666667
2023-04-05 15:00:00,675.95,431.333333333333,68.2,265.466666666667
2023-04-05 16:00:00,420.433333333333,434.833333333333,68.1666666666667,265.1
2023-04-05 17:00:00,273.283333333333,435.5,76.9833333333333,264.85
2023-04-05 18:00:00,108.283333333333,425.833333333333,92.5666666666667,264.033333333333
2023-04-05 19:00:00,13.8166666666667,455.5,99.95,263.25
2023-04-05 20:00:00,0.0,495.833333333333,100.1,262.833333333333
2023-04-05 21:00:00,0.0,518.0,100.1,262.816666666667
2023-04-05 22:00:00,0.0,530.333333333333,100.033333333333,262.65
2023-04-05 23:00:00,0.0,531.5,100.016666666667,262.383333333333
2023-04-06 00:00:00,0.0,532.833333333333,100.033333333333,261.8
2023-04-06 01:00:00,0.0,535.333333333333,99.9333333333333,260.65
2023-04-06 02:00:00,0.0,536.833333333333,88.95,260.633333333333
2023-04-06 03:00:00,0.0,531.833333333333,77.55,261.15
2023-04-06 04:00:00,0.0,533.166666666667,86.9333333333333,261.133333333333
2023-04-06 05:00:00,0.0,531.166666666667,88.1,260.983333333333
2023-04-06 06:00:00,2.65,526.5,84.4,260.783333333333
2023-04-06 07:00:00,83.45,519.333333333333,84.85,260.383333333333
2023-04-06 08:00:00,320.483333333333,515.166666666667,80.0,261.333333333333
2023-04-06 09:00:00,284.433333333333,515.5,80.7333333333333,262.65
2023-04-06 10:00:00,320.15,513.333333333333,84.5,263.333333333333
2023-04-06 11:00:00,402.433333333333,506.5,77.1666666666667,264.183333333333
2023-04-06 12:00:00,545.6,499.666666666667,69.4,265.666666666667
2023-04-06 13:00:00,416.466666666667,500.333333333333,65.35,265.3
2023-04-06 14:00:00,529.583333333333,495.666666666667,61.4,266.133333333333
2023-04-06 15:00:00,576.3,487.5,55.8666666666667,267.016666666667
2023-04-06 16:00:00,545.383333333333,488.5,51.8666666666667,267.566666666667
2023-04-06 17:00:00,371.166666666667,491.166666666667,51.2666666666667,267.383333333333
2023-04-06 18:00:00,184.983333333333,490.833333333333,55.7166666666667,266.633333333333
2023-04-06 19:00:00,23.5166666666667,492.333333333333,62.2333333333333,265.0
2023-04-06 20:00:00,0.0,493.833333333333,72.4,264.516666666667
2023-04-06 21:00:00,0.0,494.833333333333,74.95,264.366666666667
2023-04-06 22:00:00,0.0,494.166666666667,69.95,264.416666666667
2023-04-06 23:00:00,0.0,491.5,71.85,263.616666666667
2023-04-07 00:00:00,0.0,491.333333333333,73.7833333333334,263.65
2023-04-07 01:00:00,0.0,493.333333333333,64.9333333333333,264.15
2023-04-07 02:00:00,0.0,493.833333333333,65.5833333333333,264.25
2023-04-07 03:00:00,0.0,492.333333333333,77.3,264.183333333333
2023-04-07 04:00:00,0.0,492.666666666667,90.0,263.4
2023-04-07 05:00:00,0.0,490.0,99.6333333333333,262.866666666667
2023-04-07 06:00:00,3.43333333333333,489.5,98.95,263.8
2023-04-07 07:00:00,56.6666666666667,486.833333333333,93.7333333333333,265.766666666667
2023-04-07 08:00:00,321.033333333333,478.833333333333,87.2166666666667,266.95
2023-04-07 09:00:00,726.766666666667,462.833333333333,86.5833333333333,267.883333333333
2023-04-07 10:00:00,696.333333333333,459.0,94.8,267.066666666667
2023-04-07 11:00:00,712.683333333333,468.833333333333,89.9666666666667,267.983333333333
2023-04-07 12:00:00,641.95,471.166666666667,81.25,268.266666666667
2023-04-07 13:00:00,715.883333333333,479.0,74.35,269.033333333333
2023-04-07 14:00:00,580.633333333333,480.0,71.7833333333333,269.3
2023-04-07 15:00:00,468.133333333333,481.166666666667,73.6833333333333,269.25
2023-04-07 16:00:00,289.366666666667,478.833333333333,88.7833333333334,268.383333333333
2023-04-07 17:00:00,182.55,482.0,99.8333333333333,267.483333333333
2023-04-07 18:00:00,82.4166666666667,501.0,100.083333333333,267.1
2023-04-07 19:00:00,24.1666666666667,517.166666666667,100.1,266.666666666667
2023-04-07 20:00:00,0.0,532.5,98.3333333333333,266.566666666667
2023-04-07 21:00:00,0.0,530.833333333333,100.083333333333,266.3
2023-04-07 22:00:00,0.0,529.0,100.016666666667,266.416666666667
2023-04-07 23:00:00,0.0,541.833333333333,100.066666666667,266.366666666667
2023-04-08 00:00:00,0.0,540.333333333333,100.1,266.25
2023-04-08 01:00:00,0.0,546.666666666667,100.083333333333,266.15
2023-04-08 02:00:00,0.0,548.833333333333,100.1,266.05
2023-04-08 03:00:00,0.0,558.5,100.1,266.05
2023-04-08 04:00:00,0.0,558.666666666667,100.1,265.916666666667
2023-04-08 05:00:00,0.0,561.166666666667,100.066666666667,265.75
2023-04-08 06:00:00,2.11666666666667,557.166666666667,100.1,265.516666666667
2023-04-08 07:00:00,44.7666666666667,549.666666666667,100.1,265.333333333333
2023-04-08 08:00:00,213.966666666667,549.333333333333,100.1,265.416666666667
2023-04-08 09:00:00,481.116666666667,538.166666666667,100.1,265.95
2023-04-08 10:00:00,529.25,529.666666666667,100.1,266.3
2023-04-08 11:00:00,635.75,530.0,100.1,266.733333333333
2023-04-08 12:00:00,727.683333333333,529.333333333333,100.116666666667,266.983333333333
2023-04-08 13:00:00,702.666666666667,532.166666666667,100.15,267.4
2023-04-08 14:00:00,621.433333333333,531.833333333333,100.116666666667,267.7
2023-04-08 15:00:00,503.25,541.333333333333,100.083333333333,267.7
2023-04-08 16:00:00,441.1,557.833333333333,100.1,267.733333333333
2023-04-08 17:00:00,314.966666666667,569.5,100.1,267.5
2023-04-08 18:00:00,118.083333333333,578.333333333333,100.083333333333,266.716666666667
2023-04-08 19:00:00,39.7166666666667,583.333333333333,100.1,266.316666666667
2023-04-08 20:00:00,0.0,581.5,100.1,265.983333333333
2023-04-08 21:00:00,0.0,594.333333333333,100.1,265.7
2023-04-08 22:00:00,0.0,613.666666666667,100.1,265.533333333333
2023-04-08 23:00:00,0.0,622.0,100.1,265.216666666667
2023-04-09 00:00:00,0.0,623.333333333333,100.1,264.95
2023-04-09 01:00:00,0.0,621.333333333333,100.083333333333,264.683333333333
2023-04-09 02:00:00,0.0,618.0,100.083333333333,264.566666666667
2023-04-09 03:00:00,0.0,607.666666666667,100.1,264.366666666667
2023-04-09 04:00:00,0.0,600.666666666667,100.066666666667,264.25
2023-04-09 05:00:00,0.0,618.833333333333,100.1,264.016666666667
2023-04-09 06:00:00,3.76666666666667,624.833333333333,100.05,263.816666666667
2023-04-09 07:00:00,76.15,620.833333333334,100.05,263.833333333333
2023-04-09 08:00:00,150.566666666667,611.666666666667,100.1,264.183333333333
2023-04-09 09:00:00,273.133333333333,595.666666666667,100.083333333333,265.65
2023-04-09 10:00:00,455.2,594.166666666667,100.116666666667,266.75
2023-04-09 11:00:00,765.816666666667,583.166666666667,100.1,267.083333333333
2023-04-09 12:00:00,653.1,592.166666666667,100.15,266.616666666667
2023-04-09 13:00:00,594.066666666667,588.333333333333,100.133333333333,266.816666666667
2023-04-09 14:00:00,610.416666666667,584.0,100.116666666667,266.75
2023-04-09 15:00:00,489.033333333333,593.333333333333,100.1,266.616666666667
2023-04-09 16:00:00,393.333333333333,582.5,100.083333333333,266.483333333333
2023-04-09 17:00:00,227.366666666667,591.166666666667,100.083333333333,266.183333333333
2023-04-09 18:00:00,139.983333333333,579.166666666667,100.083333333333,266.183333333333
2023-04-09 19:00:00,28.7833333333333,591.333333333334,100.1,265.666666666667
2023-04-09 20:00:00,0.0,599.166666666667,100.1,265.4
2023-04-09 21:00:00,0.0,585.833333333333,100.1,264.733333333333
2023-04-09 22:00:00,0.0,583.666666666667,100.1,263.9
2023-04-09 23:00:00,0.0,588.666666666667,100.1,263.783333333333
2023-04-10 00:00:00,0.0,589.333333333333,100.05,263.416666666667
2023-04-10 01:00:00,0.0,591.166666666667,99.4333333333334,263.25
2023-04-10 02:00:00,0.0,592.0,92.45,263.45
2023-04-10 03:00:00,0.0,592.833333333333,82.6666666666667,263.433333333333
2023-04-10 04:00:00,0.0,600.5,71.6,263.883333333333
2023-04-10 05:00:00,0.0,589.833333333333,64.5,263.7
2023-04-10 06:00:00,6.86666666666667,586.666666666667,57.6166666666667,264.366666666667
2023-04-10 07:00:00,283.116666666667,581.166666666667,45.9833333333333,265.383333333333
2023-04-10 08:00:00,543.233333333333,579.0,37.0166666666667,267.066666666667
2023-04-10 09:00:00,719.333333333333,574.0,35.3666666666667,268.216666666667
2023-04-10 10:00:00,897.433333333333,568.0,35.7166666666667,269.583333333333
2023-04-10 11:00:00,1029.18333333333,563.666666666667,56.2833333333333,270.3
2023-04-10 12:00:00,1073.76666666667,546.833333333333,49.35,272.2
2023-04-10 13:00:00,1104.56666666667,532.833333333333,45.0166666666667,273.316666666667
2023-04-10 14:00:00,1053.88333333333,526.5,43.35,272.983333333333
2023-04-10 15:00:00,921.533333333333,517.166666666667,36.3,273.383333333333
2023-04-10 16:00:00,795.083333333334,507.5,36.0,274.016666666667
2023-04-10 17:00:00,598.55,515.0,35.2333333333333,274.483333333333
2023-04-10 18:00:00,193.366666666667,516.166666666667,39.85,272.733333333333
2023-04-10 19:00:00,40.9666666666667,524.0,40.75,271.516666666667
2023-04-10 20:00:00,0.0,523.833333333333,35.2833333333333,271.65
2023-04-10 21:00:00,0.0,522.5,35.2666666666667,271.716666666667
2023-04-10 22:00:00,0.0,521.5,29.5333333333333,271.95
2023-04-10 23:00:00,0.0,520.166666666667,28.7666666666667,271.533333333333
2023-04-11 00:00:00,0.0,520.5,28.2666666666667,271.733333333333
2023-04-11 01:00:00,0.0,521.5,30.4,271.933333333333
2023-04-11 02:00:00,0.0,519.5,33.0833333333333,271.95
2023-04-11 03:00:00,0.0,519.666666666667,36.4166666666667,272.033333333333
2023-04-11 04:00:00,0.0,519.666666666667,39.9,272.216666666667
2023-04-11 05:00:00,0.0,519.5,50.0666666666667,272.15
2023-04-11 06:00:00,5.43333333333333,516.5,63.7666666666667,272.366666666667
2023-04-11 07:00:00,64.5666666666667,515.333333333333,66.6666666666667,272.183333333333
2023-04-11 08:00:00,185.95,517.333333333334,74.2,272.166666666667
2023-04-11 09:00:00,313.9,516.166666666667,75.2333333333333,271.95
2023-04-11 10:00:00,430.55,515.166666666667,82.4666666666667,271.466666666667
2023-04-11 11:00:00,449.35,509.166666666667,92.2,269.65
2023-04-11 12:00:00,634.633333333333,516.333333333333,94.9,269.95
2023-04-11 13:00:00,638.716666666667,516.833333333333,80.95,271.716666666667
2023-04-11 14:00:00,614.316666666667,509.666666666667,95.8333333333333,271.066666666667
2023-04-11 15:00:00,519.633333333333,509.833333333333,100.133333333333,270.5
2023-04-11 16:00:00,521.133333333333,515.666666666667,98.1,270.316666666667
2023-04-11 17:00:00,352.533333333333,518.0,91.6833333333333,269.933333333333
2023-04-11 18:00:00,179.55,512.5,95.9166666666667,269.333333333333
2023-04-11 19:00:00,32.9166666666667,513.666666666667,95.5,268.8
2023-04-11 20:00:00,0.233333333333333,514.0,83.5666666666667,268.733333333333
2023-04-11 21:00:00,0.0,511.666666666667,75.9666666666667,268.633333333333
2023-04-11 22:00:00,0.0,515.0,82.45,267.983333333333
2023-04-11 23:00:00,0.0,514.833333333333,82.4,267.816666666667
2023-04-12 00:00:00,0.0,512.5,79.2,267.933333333333
2023-04-12 01:00:00,0.0,514.833333333333,74.7666666666667,268.166666666667
2023-04-12 02:00:00,0.0,514.833333333333,69.1666666666667,268.866666666667
2023-04-12 03:00:00,0.0,514.166666666667,77.0333333333334,269.216666666667
2023-04-12 04:00:00,0.0,513.166666666667,94.3833333333333,268.1
2023-04-12 05:00:00,0.0,513.666666666667,100.083333333333,266.916666666667
2023-04-12 06:00:00,4.78333333333333,518.166666666667,100.1,267.3
2023-04-12 07:00:00,93.5833333333333,520.666666666667,99.2666666666667,269.75
2023-04-12 08:00:00,311.583333333333,519.5,90.0666666666667,271.966666666667
2023-04-12 09:00:00,586.183333333333,512.5,81.4,273.016666666667
2023-04-12 10:00:00,769.85,502.0,90.3833333333333,272.633333333333
2023-04-12 11:00:00,864.5,497.5,91.5666666666667,272.666666666667
2023-04-12 12:00:00,895.25,501.166666666667,91.7333333333333,272.916666666667
2023-04-12 13:00:00,996.65,502.5,74.25,274.183333333333
2023-04-12 14:00:00,733.85,497.166666666667,74.7333333333333,274.266666666667
2023-04-12 15:00:00,645.566666666667,485.666666666667,89.1666666666667,274.2
2023-04-12 16:00:00,514.333333333333,482.166666666667,93.3666666666667,273.833333333333
2023-04-12 17:00:00,316.716666666667,461.333333333333,90.5666666666667,273.9
2023-04-12 18:00:00,162.216666666667,468.0,87.7,273.216666666667
2023-04-12 19:00:00,41.1666666666667,470.833333333333,88.1,272.6
2023-04-12 20:00:00,0.0,476.666666666667,87.45,272.416666666667
2023-04-12 21:00:00,0.0,474.833333333333,86.2833333333334,272.45
2023-04-12 22:00:00,0.0,470.833333333333,82.6833333333333,272.466666666667
2023-04-12 23:00:00,0.0,470.166666666667,92.2166666666667,271.683333333333
2023-04-13 00:00:00,0.0,483.666666666667,100.1,270.5
2023-04-13 01:00:00,0.0,512.5,100.1,269.633333333333
2023-04-13 02:00:00,0.0,542.666666666667,100.1,268.666666666667
2023-04-13 03:00:00,0.0,543.333333333333,100.1,268.266666666667
2023-04-13 04:00:00,0.0,625.0,100.1,267.65
2023-04-13 05:00:00,0.0,643.166666666667,100.1,266.583333333333
2023-04-13 06:00:00,3.55,666.5,100.1,265.816666666667
2023-04-13 07:00:00,64.3666666666667,709.5,100.1,265.533333333333
2023-04-13 08:00:00,298.566666666667,713.333333333333,100.1,265.416666666667
2023-04-13 09:00:00,447.733333333333,685.666666666667,100.1,265.133333333333
2023-04-13 10:00:00,581.966666666667,681.833333333333,100.1,264.916666666667
2023-04-13 11:00:00,524.833333333333,688.666666666667,100.1,264.116666666667
2023-04-13 12:00:00,473.016666666667,680.0,100.1,263.816666666667
2023-04-13 13:00:00,491.95,663.0,100.05,263.533333333333
2023-04-13 14:00:00,486.916666666667,702.333333333333,100.066666666667,263.35
2023-04-13 15:00:00,474.383333333333,675.833333333333,100.083333333333,263.75
2023-04-13 16:00:00,347.35,695.0,100.083333333333,264.05
2023-04-13 17:00:00,128.783333333333,695.833333333334,100.083333333333,263.733333333333
2023-04-13 18:00:00,85.85,733.0,100.05,263.2
2023-04-13 19:00:00,25.6166666666667,736.166666666667,100.083333333333,262.933333333333
2023-04-13 20:00:00,0.0,734.833333333333,100.066666666667,262.85
2023-04-13 21:00:00,0.0,730.833333333333,100.066666666667,262.816666666667
2023-04-13 22:00:00,0.0,739.0,100.033333333333,262.916666666667
2023-04-13 23:00:00,0.0,750.0,100.0,263.033333333333
2023-04-14 00:00:00,0.0,758.833333333333,100.0,263.166666666667
2023-04-14 01:00:00,0.0,763.5,100.033333333333,263.25
2023-04-14 02:00:00,0.0,774.5,100.0,263.35
2023-04-14 03:00:00,0.0,787.666666666667,100.05,263.4
2023-04-14 04:00:00,0.0,796.5,100.066666666667,263.466666666667
2023-04-14 05:00:00,0.0,814.0,100.05,263.466666666667
2023-04-14 06:00:00,1.56666666666667,835.0,100.016666666667,263.6
2023-04-14 07:00:00,20.2,842.166666666667,100.05,263.95
2023-04-14 08:00:00,63.1166666666667,869.833333333333,100.083333333333,264.5
2023-04-14 09:00:00,112.716666666667,869.0,100.083333333333,265.183333333333
2023-04-14 10:00:00,183.733333333333,872.5,100.1,266.2
2023-04-14 11:00:00,339.15,875.166666666667,100.116666666667,267.8
2023-04-14 12:00:00,645.183333333333,888.666666666667,100.15,268.3
2023-04-14 13:00:00,897.9,877.333333333333,100.133333333333,268.283333333333
2023-04-14 14:00:00,736.533333333333,875.5,100.1,267.716666666667
2023-04-14 15:00:00,572.616666666667,864.166666666667,100.133333333333,267.933333333333
2023-04-14 16:00:00,502.3,878.0,100.1,266.4
2023-04-14 17:00:00,335.533333333333,864.0,100.1,267.6
2023-04-14 18:00:00,175.216666666667,863.666666666667,100.083333333333,266.25
2023-04-14 19:00:00,55.1,878.166666666667,100.1,265.7
2023-04-14 20:00:00,0.566666666666667,881.0,100.1,265.333333333333
2023-04-14 21:00:00,0.0,879.666666666667,100.1,265.116666666667
2023-04-14 22:00:00,0.0,857.166666666667,100.1,265.2
2023-04-14 23:00:00,0.0,852.166666666667,100.1,264.833333333333
2023-04-15 00:00:00,0.0,855.666666666667,100.1,264.766666666667
2023-04-15 01:00:00,0.0,855.666666666667,100.083333333333,264.7
2023-04-15 02:00:00,0.0,852.333333333333,100.1,264.183333333333
2023-04-15 03:00:00,0.0,852.5,100.083333333333,264.25
2023-04-15 04:00:00,0.0,860.166666666667,100.1,264.383333333333
2023-04-15 05:00:00,0.0,861.833333333333,100.1,264.116666666667
2023-04-15 06:00:00,6.55,858.833333333333,100.083333333333,263.75
2023-04-15 07:00:00,86.9166666666667,860.5,100.083333333333,264.2
2023-04-15 08:00:00,273.816666666667,847.666666666667,100.1,264.8
2023-04-15 09:00:00,479.366666666667,843.166666666667,99.8333333333333,265.75
2023-04-15 10:00:00,725.15,834.833333333333,96.7833333333333,265.883333333333
2023-04-15 11:00:00,743.8,834.666666666667,98.0333333333333,266.85
2023-04-15 12:00:00,697.783333333333,818.5,99.85,267.016666666667
2023-04-15 13:00:00,682.8,829.666666666667,99.8,267.266666666667
2023-04-15 14:00:00,630.8,835.333333333333,99.8833333333333,267.2
2023-04-15 15:00:00,688.666666666667,824.0,99.3,267.45
2023-04-15 16:00:00,588.55,823.833333333333,99.2833333333333,268.083333333333
2023-04-15 17:00:00,461.9,827.333333333333,99.9666666666667,267.3
2023-04-15 18:00:00,203.4,825.0,100.083333333333,266.55
2023-04-15 19:00:00,29.45,822.5,100.1,266.1
2023-04-15 20:00:00,0.683333333333333,818.666666666667,100.1,266.083333333333
2023-04-15 21:00:00,0.0,835.0,100.1,266.1
2023-04-15 22:00:00,0.0,846.833333333333,100.1,266.066666666667
2023-04-15 23:00:00,0.0,863.666666666667,100.1,266.033333333333
2023-04-16 00:00:00,0.0,889.666666666667,100.1,266.083333333333
2023-04-16 01:00:00,0.0,895.833333333333,100.083333333333,266.1
2023-04-16 02:00:00,0.0,914.666666666667,100.1,266.05
2023-04-16 03:00:00,0.0,916.0,100.083333333333,265.966666666667
2023-04-16 04:00:00,0.0,912.833333333334,100.1,265.916666666667
2023-04-16 05:00:00,0.0,931.166666666667,100.1,265.85
2023-04-16 06:00:00,3.66666666666667,943.5,100.1,265.883333333333
2023-04-16 07:00:00,44.6666666666667,944.333333333333,100.1,266.316666666667
2023-04-16 08:00:00,106.733333333333,953.0,100.1,266.9
2023-04-16 09:00:00,253.016666666667,934.5,100.1,268.116666666667
2023-04-16 10:00:00,428.533333333333,925.333333333333,100.116666666667,270.7
2023-04-16 11:00:00,647.183333333333,925.166666666667,100.116666666667,270.883333333333
2023-04-16 12:00:00,894.033333333333,911.166666666667,100.166666666667,270.283333333333
2023-04-16 13:00:00,923.25,894.833333333333,100.1,270.733333333333
2023-04-16 14:00:00,828.883333333334,889.0,100.166666666667,269.683333333333
2023-04-16 15:00:00,639.533333333333,891.5,100.15,268.833333333333
2023-04-16 16:00:00,528.5,889.166666666667,100.083333333333,268.583333333333
2023-04-16 17:00:00,377.2,884.5,100.1,268.216666666667
2023-04-16 18:00:00,145.116666666667,883.5,100.1,267.833333333333
2023-04-16 19:00:00,44.1666666666667,894.0,100.1,267.633333333333
2023-04-16 20:00:00,1.01666666666667,897.666666666667,100.1,267.516666666667
2023-04-16 21:00:00,0.0,894.0,100.1,267.366666666667
2023-04-16 22:00:00,0.0,902.833333333333,100.1,267.25
2023-04-16 23:00:00,0.0,896.333333333333,100.1,267.066666666667
2023-04-17 00:00:00,0.0,853.0,100.1,266.866666666667
2023-04-17 01:00:00,0.0,845.833333333333,100.05,266.416666666667
2023-04-17 02:00:00,0.0,845.166666666667,100.083333333333,266.216666666667
2023-04-17 03:00:00,0.0,845.0,100.066666666667,265.783333333333
2023-04-17 04:00:00,0.0,845.333333333333,100.083333333333,265.783333333333
2023-04-17 05:00:00,0.0,842.666666666667,100.1,265.75
2023-04-17 06:00:00,12.2,840.333333333333,100.083333333333,265.75
2023-04-17 07:00:00,100.35,840.666666666667,100.1,265.85
2023-04-17 08:00:00,368.566666666667,834.833333333333,100.1,266.3
2023-04-17 09:00:00,678.1,809.5,100.133333333333,268.933333333333
2023-04-17 10:00:00,609.85,811.333333333333,100.133333333333,268.816666666667
2023-04-17 11:00:00,735.816666666667,812.666666666667,100.1,268.216666666667
2023-04-17 12:00:00,642.0,813.833333333333,100.15,268.466666666667
2023-04-17 13:00:00,596.65,791.5,100.133333333333,270.116666666667
2023-04-17 14:00:00,653.633333333333,806.833333333333,100.166666666667,268.9
2023-04-17 15:00:00,541.766666666667,797.5,100.15,269.6
2023-04-17 16:00:00,439.333333333333,808.666666666667,100.116666666667,269.4
2023-04-17 17:00:00,295.5,815.833333333333,100.116666666667,268.5
2023-04-17 18:00:00,188.583333333333,824.333333333333,100.1,268.016666666667
2023-04-17 19:00:00,33.2666666666667,826.833333333333,100.1,267.7
2023-04-17 20:00:00,0.9,829.666666666667,100.1,267.516666666667
2023-04-17 21:00:00,0.0,827.333333333333,100.1,267.483333333333
2023-04-17 22:00:00,0.0,826.333333333333,100.1,267.466666666667
2023-04-17 23:00:00,0.0,824.166666666667,100.1,267.533333333333
2023-04-18 00:00:00,0.0,823.0,100.1,267.383333333333
2023-04-18 01:00:00,0.0,822.166666666667,100.083333333333,267.283333333333
2023-04-18 02:00:00,0.0,822.166666666667,100.1,267.2
2023-04-18 03:00:00,0.0,822.5,100.1,266.866666666667
2023-04-18 04:00:00,0.0,819.666666666667,100.1,266.85
2023-04-18 05:00:00,0.0,819.5,100.1,266.833333333333
2023-04-18 06:00:00,14.9833333333333,819.333333333333,100.083333333333,266.35
2023-04-18 07:00:00,238.233333333333,813.833333333333,100.1,266.5
2023-04-18 08:00:00,356.733333333333,813.0,100.1,266.95
2023-04-18 09:00:00,757.383333333333,801.333333333333,99.6833333333333,268.6
2023-04-18 10:00:00,706.466666666667,800.5,100.116666666667,269.0
2023-04-18 11:00:00,804.283333333333,777.5,96.9166666666667,272.1
2023-04-18 12:00:00,755.35,785.0,95.5166666666667,271.783333333333
2023-04-18 13:00:00,735.333333333333,794.666666666667,98.65,271.266666666667
2023-04-18 14:00:00,641.233333333334,786.833333333333,98.3,271.916666666667
2023-04-18 15:00:00,619.55,779.0,98.3,272.666666666667
2023-04-18 16:00:00,568.516666666667,773.666666666667,97.2666666666667,272.616666666667
2023-04-18 17:00:00,507.8,777.833333333333,96.5,272.066666666667
2023-04-18 18:00:00,157.1,784.166666666667,100.15,270.766666666667
2023-04-18 19:00:00,28.6,784.5,100.116666666667,270.183333333333
2023-04-18 20:00:00,0.683333333333333,783.833333333334,100.1,269.933333333333
2023-04-18 21:00:00,0.0,782.166666666667,100.1,269.883333333333
2023-04-18 22:00:00,0.0,781.5,100.1,269.783333333333
2023-04-18 23:00:00,0.0,781.333333333333,100.1,269.766666666667
2023-04-19 00:00:00,0.0,781.0,100.1,269.6
2023-04-19 01:00:00,0.0,779.833333333333,100.1,269.016666666667
2023-04-19 02:00:00,0.0,780.5,100.1,268.766666666667
2023-04-19 03:00:00,0.0,780.666666666667,100.016666666667,268.483333333333
2023-04-19 04:00:00,0.0,775.166666666667,100.066666666667,267.683333333333
2023-04-19 05:00:00,0.0,774.666666666667,100.1,267.0
2023-04-19 06:00:00,21.6333333333333,776.833333333333,99.8,266.933333333333
2023-04-19 07:00:00,171.3,778.5,90.7,267.466666666667
2023-04-19 08:00:00,300.233333333333,780.166666666667,90.7666666666667,268.85
2023-04-19 09:00:00,413.4,777.0,89.3166666666667,269.416666666667
2023-04-19 10:00:00,549.016666666667,763.5,92.9166666666667,270.2
2023-04-19 11:00:00,656.616666666667,753.5,94.15,270.85
2023-04-19 12:00:00,638.633333333333,760.833333333333,97.6166666666667,270.916666666667
2023-04-19 13:00:00,507.2,758.5,97.5166666666667,271.383333333333
2023-04-19 14:00:00,507.25,757.166666666667,93.45,272.133333333333
2023-04-19 15:00:00,372.016666666667,760.833333333333,100.183333333333,270.35
2023-04-19 16:00:00,366.066666666667,760.5,98.5666666666667,270.95
2023-04-19 17:00:00,208.433333333333,761.666666666667,100.15,270.366666666667
2023-04-19 18:00:00,138.866666666667,773.666666666667,100.083333333333,270.15
2023-04-19 19:00:00,41.75,786.0,100.116666666667,269.75
2023-04-19 20:00:00,0.9,797.333333333333,100.1,269.416666666667
2023-04-19 21:00:00,0.0,815.833333333333,100.1,269.1
2023-04-19 22:00:00,0.0,837.333333333333,100.1,268.5
2023-04-19 23:00:00,0.0,846.833333333333,100.1,267.933333333333
2023-04-20 00:00:00,0.0,843.833333333333,100.1,267.466666666667
2023-04-20 01:00:00,0.0,843.5,100.083333333333,266.966666666667
2023-04-20 02:00:00,0.0,854.833333333333,99.75,268.566666666667
2023-04-20 03:00:00,0.0,854.333333333334,88.3833333333333,269.566666666667
2023-04-20 04:00:00,0.0,853.5,81.5,269.683333333333
2023-04-20 05:00:00,0.0,853.166666666667,71.85,269.816666666667
2023-04-20 06:00:00,8.51666666666667,848.5,70.3,269.783333333333
2023-04-20 07:00:00,63.8833333333333,843.166666666667,69.45,270.033333333333
2023-04-20 08:00:00,188.55,835.5,69.0333333333334,270.516666666667
2023-04-20 09:00:00,336.066666666667,833.666666666667,68.8166666666667,270.65
2023-04-20 10:00:00,443.216666666667,832.5,70.75,270.9
2023-04-20 11:00:00,531.333333333333,831.666666666667,81.9166666666667,270.716666666667
2023-04-20 12:00:00,716.466666666667,825.333333333333,84.8833333333333,270.883333333333
2023-04-20 13:00:00,797.833333333333,811.333333333334,82.1333333333333,271.716666666667
2023-04-20 14:00:00,724.05,817.166666666667,81.1833333333333,271.9
2023-04-20 15:00:00,589.933333333333,817.0,89.75,271.416666666667
2023-04-20 16:00:00,552.183333333333,830.166666666667,88.1,271.333333333333
2023-04-20 17:00:00,330.866666666667,826.833333333333,89.7166666666667,271.233333333333
2023-04-20 18:00:00,150.433333333333,828.333333333333,91.5,270.916666666667
2023-04-20 19:00:00,29.35,830.166666666667,90.5833333333333,270.683333333333
2023-04-20 20:00:00,1.58333333333333,833.666666666667,79.75,271.033333333333
2023-04-20 21:00:00,0.0,842.5,87.2833333333334,270.816666666667
2023-04-20 22:00:00,0.0,844.0,88.65,270.733333333333
2023-04-20 23:00:00,0.0,846.833333333333,90.2333333333333,270.616666666667
2023-04-21 00:00:00,0.0,845.5,93.2,270.516666666667
2023-04-21 01:00:00,0.0,848.333333333333,83.0,271.166666666667
2023-04-21 02:00:00,0.0,831.833333333333,87.25,270.966666666667
2023-04-21 03:00:00,0.0,832.833333333333,95.95,270.433333333333
2023-04-21 04:00:00,0.0,838.333333333333,85.0,270.816666666667
2023-04-21 05:00:00,0.0,850.833333333333,77.1666666666667,270.85
2023-04-21 06:00:00,11.0833333333333,839.666666666667,81.3666666666667,270.7
2023-04-21 07:00:00,104.55,837.0,78.9,270.95
2023-04-21 08:00:00,212.116666666667,825.0,74.6833333333333,270.833333333333
2023-04-21 09:00:00,654.466666666667,807.666666666667,66.7166666666667,271.066666666667
2023-04-21 10:00:00,809.75,781.0,66.4,271.433333333333
2023-04-21 11:00:00,488.916666666667,850.166666666667,73.45,271.35
2023-04-21 12:00:00,1112.21666666667,841.833333333334,64.7166666666667,272.35
2023-04-21 13:00:00,1186.93333333333,835.0,61.5833333333334,272.383333333333
2023-04-21 14:00:00,1118.71666666667,825.833333333333,64.3833333333333,272.7
2023-04-21 15:00:00,959.933333333333,824.166666666667,65.3833333333333,272.85
2023-04-21 16:00:00,644.833333333333,821.5,67.0666666666667,273.083333333333
2023-04-21 17:00:00,442.233333333333,819.0,68.6833333333333,273.166666666667
2023-04-21 18:00:00,321.75,818.833333333333,66.1833333333333,273.316666666667
2023-04-21 19:00:00,61.85,822.166666666667,66.5833333333333,272.933333333333
2023-04-21 20:00:00,2.13333333333333,822.166666666667,67.0833333333333,272.7
2023-04-21 21:00:00,0.0,822.5,66.9833333333333,272.516666666667
2023-04-21 22:00:00,0.0,818.666666666667,65.65,272.333333333333
2023-04-21 23:00:00,0.0,814.0,64.8833333333333,271.866666666667
2023-04-22 00:00:00,0.0,813.833333333333,60.6333333333333,271.85
2023-04-22 01:00:00,0.0,813.833333333333,55.95,271.683333333333
2023-04-22 02:00:00,0.0,815.333333333333,53.8833333333333,271.75
2023-04-22 03:00:00,0.0,814.166666666667,53.5666666666667,271.75
2023-04-22 04:00:00,0.0,811.0,49.0666666666667,271.966666666667
2023-04-22 05:00:00,0.0,811.166666666667,45.1,272.433333333333
2023-04-22 06:00:00,55.1166666666667,811.333333333334,42.1,273.016666666667
2023-04-22 07:00:00,204.083333333333,806.166666666667,38.7,273.683333333333
2023-04-22 08:00:00,437.183333333333,803.5,35.6166666666667,274.533333333333
2023-04-22 09:00:00,715.533333333333,790.666666666667,32.8666666666667,276.95
2023-04-22 10:00:00,917.816666666667,787.166666666667,38.9,277.4
2023-04-22 11:00:00,1041.61666666667,788.833333333334,42.3166666666667,277.5
2023-04-22 12:00:00,1121.01666666667,794.166666666667,40.2166666666667,278.2
2023-04-22 13:00:00,1095.03333333333,792.333333333333,36.8,278.533333333333
2023-04-22 14:00:00,985.85,784.333333333333,36.85,279.033333333333
2023-04-22 15:00:00,929.25,777.166666666667,33.85,280.166666666667
2023-04-22 16:00:00,719.966666666667,773.666666666667,41.5833333333333,278.266666666667
2023-04-22 17:00:00,503.05,767.166666666667,41.1166666666667,278.933333333333
2023-04-22 18:00:00,173.183333333333,776.833333333333,48.9,277.1
2023-04-22 19:00:00,70.6333333333333,781.0,46.9666666666667,277.0
2023-04-22 20:00:00,2.56666666666667,783.333333333333,48.0666666666667,276.65
2023-04-22 21:00:00,0.0,781.666666666667,55.85,276.2
2023-04-22 22:00:00,0.0,781.166666666667,58.3833333333333,275.616666666667
2023-04-22 23:00:00,0.0,778.333333333333,64.3833333333333,275.35
2023-04-23 00:00:00,0.0,780.333333333333,69.4166666666667,274.883333333333
2023-04-23 01:00:00,0.0,778.833333333333,72.2833333333333,274.833333333333
2023-04-23 02:00:00,0.0,779.166666666667,72.6166666666667,274.633333333333
2023-04-23 03:00:00,0.0,778.166666666667,73.85,274.35
2023-04-23 04:00:00,0.0,778.0,75.45,274.4
2023-04-23 05:00:00,0.0,778.166666666667,81.9,274.166666666667
2023-04-23 06:00:00,15.6333333333333,777.333333333333,84.1833333333333,273.983333333333
2023-04-23 07:00:00,146.166666666667,775.333333333334,95.3833333333333,273.35
2023-04-23 08:00:00,376.3,770.666666666667,84.3166666666667,274.283333333333
2023-04-23 09:00:00,715.433333333333,768.833333333333,81.5833333333333,274.733333333333
2023-04-23 10:00:00,703.6,763.5,93.1166666666667,274.933333333333
2023-04-23 11:00:00,923.583333333333,764.166666666667,80.9166666666667,275.616666666667
2023-04-23 12:00:00,1185.05,760.5,68.4166666666667,275.666666666667
2023-04-23 13:00:00,694.716666666667,754.5,69.8333333333333,275.466666666667
2023-04-23 14:00:00,721.683333333333,748.833333333333,74.1,275.366666666667
2023-04-23 15:00:00,595.85,745.166666666667,72.0,275.583333333333
2023-04-23 16:00:00,707.683333333333,739.666666666667,71.55,275.783333333333
2023-04-23 17:00:00,470.116666666667,734.166666666667,69.45,275.85
2023-04-23 18:00:00,173.0,730.666666666667,77.7666666666667,275.0
2023-04-23 19:00:00,60.6166666666667,726.166666666667,79.35,274.766666666667
2023-04-23 20:00:00,3.01666666666667,721.666666666667,76.7333333333333,274.65
2023-04-23 21:00:00,0.0,717.833333333333,77.0666666666667,274.416666666667
2023-04-23 22:00:00,0.0,718.5,77.7,274.3
2023-04-23 23:00:00,0.0,719.333333333333,82.0666666666667,274.033333333333
2023-04-24 00:00:00,0.0,720.666666666667,92.2,273.366666666667
2023-04-24 01:00:00,0.0,720.166666666667,98.6666666666667,272.516666666667
2023-04-24 02:00:00,0.0,748.333333333333,100.1,271.783333333333
2023-04-24 03:00:00,0.0,784.833333333333,100.1,270.066666666667
2023-04-24 04:00:00,0.0,807.5,100.1,269.45
2023-04-24 05:00:00,0.0,839.5,100.1,269.116666666667
2023-04-24 06:00:00,5.1,901.333333333333,100.1,268.966666666667
2023-04-24 07:00:00,24.2333333333333,905.333333333333,100.1,269.2
2023-04-24 08:00:00,71.1333333333333,913.333333333333,100.1,269.433333333333
2023-04-24 09:00:00,152.466666666667,916.166666666667,100.1,270.133333333333
2023-04-24 10:00:00,274.683333333333,912.333333333333,100.083333333333,270.366666666667
2023-04-24 11:00:00,410.833333333333,905.666666666667,100.133333333333,270.883333333333
2023-04-24 12:00:00,644.983333333334,899.166666666667,100.133333333333,271.8
2023-04-24 13:00:00,825.966666666667,885.166666666667,98.8666666666667,270.783333333333
2023-04-24 14:00:00,1005.58333333333,878.5,88.5833333333333,269.85
2023-04-24 15:00:00,755.733333333334,854.333333333334,88.55,270.7
2023-04-24 16:00:00,689.15,847.333333333333,91.0833333333333,270.483333333333
2023-04-24 17:00:00,524.7,842.5,88.8333333333333,270.383333333333
2023-04-24 18:00:00,194.8,839.5,96.4,269.216666666667
2023-04-24 19:00:00,57.3833333333334,835.833333333333,100.016666666667,268.55
2023-04-24 20:00:00,3.91666666666667,834.5,98.85,267.85
2023-04-24 21:00:00,0.0,836.833333333333,93.5166666666666,267.8
2023-04-24 22:00:00,0.0,833.666666666667,96.0333333333333,267.566666666667
2023-04-24 23:00:00,0.0,832.666666666667,95.9833333333333,267.35
2023-04-25 00:00:00,0.0,828.833333333333,99.9166666666667,266.866666666667
2023-04-25 01:00:00,0.0,828.166666666667,100.083333333333,266.75
2023-04-25 02:00:00,0.0,827.0,100.05,266.8
2023-04-25 03:00:00,0.0,824.0,100.033333333333,266.833333333333
2023-04-25 04:00:00,0.0,822.666666666667,100.066666666667,266.7
2023-04-25 05:00:00,0.0,815.833333333333,100.066666666667,266.45
2023-04-25 06:00:00,35.3333333333333,829.333333333334,100.1,266.766666666667
2023-04-25 07:00:00,151.766666666667,830.0,100.1,266.633333333333
2023-04-25 08:00:00,298.933333333333,852.333333333333,93.4166666666667,266.9
2023-04-25 09:00:00,464.8,852.333333333333,94.4666666666667,267.4
2023-04-25 10:00:00,815.366666666667,843.5,98.2833333333333,268.05
2023-04-25 11:00:00,807.283333333333,840.0,96.5333333333333,268.4
2023-04-25 12:00:00,912.016666666667,838.833333333333,94.7,269.516666666667
2023-04-25 13:00:00,810.05,832.333333333333,96.0333333333333,269.366666666667
2023-04-25 14:00:00,997.4,836.5,94.3333333333333,268.733333333333
2023-04-25 15:00:00,924.233333333333,825.833333333333,93.6,268.566666666667
2023-04-25 16:00:00,697.9,828.666666666667,84.55,268.033333333333
2023-04-25 17:00:00,299.866666666667,820.5,92.9333333333333,267.533333333333
2023-04-25 18:00:00,108.083333333333,820.666666666667,99.9333333333333,266.583333333333
2023-04-25 19:00:00,40.9666666666667,821.0,99.9833333333333,266.1
2023-04-25 20:00:00,1.9,821.0,100.1,266.05
2023-04-25 21:00:00,0.0,842.5,100.1,266.133333333333
2023-04-25 22:00:00,0.0,878.666666666667,100.1,266.0
2023-04-25 23:00:00,0.0,886.5,100.1,266.016666666667
2023-04-26 00:00:00,0.0,892.0,100.1,265.8
2023-04-26 01:00:00,0.0,894.833333333333,100.083333333333,265.6
2023-04-26 02:00:00,0.0,892.166666666667,100.1,265.45
2023-04-26 03:00:00,0.0,910.666666666667,100.1,265.3
2023-04-26 04:00:00,0.0,910.0,100.1,265.266666666667
2023-04-26 05:00:00,0.0,904.0,100.083333333333,265.15
2023-04-26 06:00:00,42.3,899.5,100.1,264.9
2023-04-26 07:00:00,311.933333333333,894.333333333333,97.2333333333333,265.483333333333
2023-04-26 08:00:00,356.383333333333,886.5,97.15,265.533333333333
2023-04-26 09:00:00,376.633333333333,884.0,99.2166666666667,266.2
2023-04-26 10:00:00,432.333333333333,872.0,97.3,267.383333333333
2023-04-26 11:00:00,577.083333333333,875.5,91.5166666666667,268.233333333333
2023-04-26 12:00:00,829.483333333333,866.0,78.6666666666667,269.716666666667
2023-04-26 13:00:00,1172.83333333333,843.5,62.5,271.533333333333
2023-04-26 14:00:00,1091.88333333333,830.333333333334,52.5333333333333,271.3
2023-04-26 15:00:00,1016.05,831.166666666667,41.0,271.183333333333
2023-04-26 16:00:00,870.583333333333,823.833333333334,43.2666666666667,271.533333333333
2023-04-26 17:00:00,645.45,820.333333333334,44.1,271.633333333333
2023-04-26 18:00:00,213.383333333333,821.666666666667,40.5666666666667,271.066666666667
2023-04-26 19:00:00,54.5,822.5,56.8333333333333,270.166666666667
2023-04-26 20:00:00,4.36666666666667,823.333333333334,59.8833333333333,269.733333333333
2023-04-26 21:00:00,0.0,822.333333333333,72.25,269.1
2023-04-26 22:00:00,0.0,822.166666666667,76.4,268.883333333333
2023-04-26 23:00:00,0.0,823.0,77.7833333333334,269.083333333333
2023-04-27 00:00:00,0.0,822.666666666667,85.7,269.316666666667
2023-04-27 01:00:00,0.0,822.833333333334,95.55,269.033333333333
2023-04-27 02:00:00,0.0,823.333333333333,95.3166666666667,269.083333333333
2023-04-27 03:00:00,0.0,823.5,94.4833333333333,269.3
2023-04-27 04:00:00,0.0,822.666666666667,94.5333333333333,269.483333333333
2023-04-27 05:00:00,0.0,821.5,85.5666666666667,270.3
2023-04-27 06:00:00,21.85,817.833333333333,96.3,269.683333333333
2023-04-27 07:00:00,164.033333333333,816.166666666667,93.1,269.816666666667
2023-04-27 08:00:00,481.766666666667,819.833333333333,81.3166666666667,270.933333333333
2023-04-27 09:00:00,852.866666666667,828.5,82.95,271.15
2023-04-27 10:00:00,874.45,831.833333333333,96.35,270.616666666667
2023-04-27 11:00:00,858.166666666667,820.166666666667,96.2166666666667,271.583333333333
2023-04-27 12:00:00,1306.55,815.5,90.9333333333333,272.716666666667
2023-04-27 13:00:00,966.266666666667,809.0,85.3666666666667,273.383333333333
2023-04-27 14:00:00,705.7,810.666666666667,96.1333333333333,273.55
2023-04-27 15:00:00,604.516666666667,805.166666666667,94.15,273.733333333333
2023-04-27 16:00:00,503.35,802.166666666667,99.8333333333333,273.233333333333
2023-04-27 17:00:00,378.75,799.666666666667,100.116666666667,273.433333333333
2023-04-27 18:00:00,205.416666666667,796.333333333334,99.8333333333333,273.3
2023-04-27 19:00:00,50.75,799.5,99.95,272.316666666667
2023-04-27 20:00:00,4.58333333333333,800.666666666667,92.1166666666667,272.583333333333
2023-04-27 21:00:00,0.0,799.5,87.2166666666667,272.45
2023-04-27 22:00:00,0.0,797.833333333334,75.4333333333333,272.566666666667
2023-04-27 23:00:00,0.0,794.833333333333,64.5666666666667,273.2
2023-04-28 00:00:00,0.0,796.0,57.2,273.25
2023-04-28 01:00:00,0.0,795.5,53.35,273.5
2023-04-28 02:00:00,0.0,794.833333333333,54.6833333333333,273.516666666667
2023-04-28 03:00:00,0.0,793.333333333333,57.0,273.766666666667
2023-04-28 04:00:00,0.0,793.5,57.7833333333333,273.983333333333
2023-04-28 05:00:00,0.0,794.333333333333,60.0,273.516666666667
2023-04-28 06:00:00,10.7833333333333,792.666666666667,69.1833333333333,273.3
2023-04-28 07:00:00,65.1333333333334,804.833333333333,100.1,271.15
2023-04-28 08:00:00,71.3833333333333,828.666666666667,100.1,272.066666666667
2023-04-28 09:00:00,110.066666666667,844.166666666667,100.1,273.166666666667
2023-04-28 10:00:00,216.9,867.333333333333,100.15,273.183333333333
2023-04-28 11:00:00,564.933333333333,884.166666666667,100.15,273.483333333333
2023-04-28 12:00:00,482.0,890.5,100.133333333333,273.583333333333
2023-04-28 13:00:00,790.816666666667,899.666666666667,99.4666666666667,274.283333333333
2023-04-28 14:00:00,587.966666666667,898.166666666667,100.016666666667,274.166666666667
2023-04-28 15:00:00,552.283333333333,883.166666666667,100.083333333333,273.683333333333
2023-04-28 16:00:00,492.4,871.5,100.15,273.533333333333
2023-04-28 17:00:00,235.25,866.666666666667,100.133333333333,274.2
2023-04-28 18:00:00,94.3,852.166666666667,99.05,274.633333333333
2023-04-28 19:00:00,22.15,846.833333333333,100.116666666667,273.833333333333
2023-04-28 20:00:00,1.56666666666667,848.333333333333,100.183333333333,274.183333333333
2023-04-28 21:00:00,0.0,844.0,100.133333333333,273.816666666667
2023-04-28 22:00:00,0.0,857.833333333334,100.1,273.266666666667
2023-04-28 23:00:00,0.0,870.833333333333,100.116666666667,273.766666666667
2023-04-29 00:00:00,0.0,869.666666666667,95.6833333333333,274.45
2023-04-29 01:00:00,0.0,865.333333333333,100.033333333333,273.583333333333
2023-04-29 02:00:00,0.0,855.333333333334,98.4,274.1
2023-04-29 03:00:00,0.0,863.833333333333,93.65,274.45
2023-04-29 04:00:00,0.0,864.0,95.55,273.766666666667
2023-04-29 05:00:00,0.0,863.666666666667,91.2333333333333,274.15
2023-04-29 06:00:00,16.8666666666667,862.0,100.1,273.016666666667
2023-04-29 07:00:00,102.783333333333,850.0,100.116666666667,273.2
2023-04-29 08:00:00,517.466666666667,832.166666666667,94.0166666666667,274.9
2023-04-29 09:00:00,505.25,842.666666666667,95.7833333333333,275.25
2023-04-29 10:00:00,580.716666666667,851.333333333333,94.6833333333333,274.866666666667
2023-04-29 11:00:00,662.066666666667,853.166666666667,89.4,275.216666666667
2023-04-29 12:00:00,678.15,848.833333333333,88.1,276.283333333333
2023-04-29 13:00:00,692.883333333333,848.166666666667,79.3,276.366666666667
2023-04-29 14:00:00,608.2,842.166666666667,70.85,276.15
2023-04-29 15:00:00,635.083333333333,841.5,72.8,276.366666666667
2023-04-29 16:00:00,467.25,839.333333333333,81.9333333333333,276.166666666667
2023-04-29 17:00:00,390.766666666667,840.333333333333,87.0166666666667,275.95
2023-04-29 18:00:00,243.666666666667,838.166666666667,90.1166666666667,275.666666666667
2023-04-29 19:00:00,91.9833333333333,837.666666666667,99.95,274.816666666667
2023-04-29 20:00:00,4.46666666666667,836.166666666667,100.15,273.8
2023-04-29 21:00:00,0.0,834.666666666667,100.1,273.366666666667
2023-04-29 22:00:00,0.0,834.0,100.1,273.066666666667
2023-04-29 23:00:00,0.0,832.166666666667,100.1,272.95
2023-04-30 00:00:00,0.0,830.666666666667,100.1,272.9
2023-04-30 01:00:00,0.0,832.166666666667,100.1,272.8
2023-04-30 02:00:00,0.0,830.5,100.1,272.666666666667
2023-04-30 03:00:00,0.0,832.0,100.1,272.083333333333
2023-04-30 04:00:00,0.0,834.166666666667,100.1,271.666666666667
2023-04-30 05:00:00,0.1,835.666666666667,100.1,271.466666666667
2023-04-30 06:00:00,26.0833333333333,835.5,100.1,271.116666666667
2023-04-30 07:00:00,174.716666666667,834.166666666667,100.1,271.083333333333
2023-04-30 08:00:00,379.516666666667,830.166666666667,100.1,271.533333333333
2023-04-30 09:00:00,601.933333333333,828.166666666667,100.1,272.016666666667
2023-04-30 10:00:00,519.816666666667,828.166666666667,100.166666666667,272.433333333333
2023-04-30 11:00:00,550.516666666667,823.833333333334,100.133333333333,273.583333333333
2023-04-30 12:00:00,583.75,821.833333333333,100.2,274.716666666667
2023-04-30 13:00:00,633.316666666667,820.833333333333,100.166666666667,274.95
2023-04-30 14:00:00,570.416666666667,817.166666666667,100.066666666667,275.333333333333
2023-04-30 15:00:00,490.683333333333,814.333333333333,96.5833333333333,275.916666666667
2023-04-30 16:00:00,383.983333333333,810.166666666667,98.8333333333333,275.666666666667
2023-04-30 17:00:00,333.416666666667,806.5,93.65,275.933333333333
2023-04-30 18:00:00,122.3,807.666666666667,100.183333333333,274.85
2023-04-30 19:00:00,59.6166666666667,806.0,99.8833333333334,274.383333333333
2023-04-30 20:00:00,4.81666666666667,806.166666666667,100.133333333333,273.8
2023-04-30 21:00:00,0.0,805.5,99.65,273.783333333333
2023-04-30 22:00:00,0.0,804.0,93.6333333333334,274.266666666667
2023-04-30 23:00:00,0.0,802.5,93.0333333333333,274.216666666667
2023-05-01 00:00:00,0.0,802.0,91.1,274.233333333333
2023-05-01 01:00:00,0.0,801.333333333333,95.1833333333333,273.133333333333
2023-05-01 02:00:00,0.0,799.666666666667,89.7166666666667,274.283333333333
2023-05-01 03:00:00,0.0,799.0,90.9333333333333,274.1
2023-05-01 04:00:00,0.0,799.333333333333,96.3333333333333,273.566666666667
2023-05-01 05:00:00,0.433333333333333,798.833333333333,89.8333333333333,273.716666666667
2023-05-01 06:00:00,34.8833333333333,798.166666666667,83.7,273.816666666667
2023-05-01 07:00:00,171.266666666667,797.833333333333,82.1,273.833333333333
2023-05-01 08:00:00,381.083333333333,795.666666666667,82.5333333333334,274.133333333333
2023-05-01 09:00:00,529.283333333333,792.5,91.75,274.333333333333
2023-05-01 10:00:00,705.466666666667,794.5,95.2333333333333,274.383333333333
2023-05-01 11:00:00,595.766666666667,793.5,92.1,274.7
2023-05-01 12:00:00,802.383333333333,788.0,88.75,275.0
2023-05-01 13:00:00,860.516666666667,782.666666666667,85.8333333333333,274.733333333333
2023-05-01 14:00:00,666.783333333333,779.833333333333,85.7666666666667,274.666666666667
2023-05-01 15:00:00,706.35,779.5,73.3166666666667,274.95
2023-05-01 16:00:00,511.15,777.333333333333,73.7833333333333,274.683333333333
2023-05-01 17:00:00,341.55,775.666666666667,74.65,274.566666666667
2023-05-01 18:00:00,133.1,775.0,93.25,273.433333333333
2023-05-01 19:00:00,42.2666666666667,770.166666666667,100.116666666667,272.433333333333
2023-05-01 20:00:00,4.8,777.166666666667,100.1,272.133333333333
2023-05-01 21:00:00,0.0,780.0,100.1,271.916666666667
2023-05-01 22:00:00,0.0,784.0,100.1,271.483333333333
2023-05-01 23:00:00,0.0,796.833333333333,100.1,271.116666666667
2023-05-02 00:00:00,0.0,808.0,100.1,270.983333333333
2023-05-02 01:00:00,0.0,819.333333333333,100.1,270.716666666667
2023-05-02 02:00:00,0.0,823.833333333334,100.1,270.466666666667
2023-05-02 03:00:00,0.0,830.5,100.1,270.333333333333
2023-05-02 04:00:00,0.0,836.666666666667,100.1,270.2
2023-05-02 05:00:00,0.0,843.666666666667,100.1,270.05
2023-05-02 06:00:00,11.3333333333333,844.333333333333,100.1,270.116666666667
2023-05-02 07:00:00,50.0166666666667,845.666666666667,100.1,270.35
2023-05-02 08:00:00,97.45,840.833333333334,100.1,270.6
2023-05-02 09:00:00,159.3,839.166666666667,100.15,271.75
2023-05-02 10:00:00,193.616666666667,843.5,100.133333333333,271.566666666667
2023-05-02 11:00:00,514.583333333333,835.666666666667,100.016666666667,272.166666666667
2023-05-02 12:00:00,756.1,828.666666666667,98.1666666666667,272.883333333333
2023-05-02 13:00:00,715.466666666667,823.166666666667,99.2,272.333333333333
2023-05-02 14:00:00,750.716666666667,813.5,96.4833333333333,273.45
2023-05-02 15:00:00,626.766666666667,820.833333333333,97.9,272.433333333333
2023-05-02 16:00:00,443.016666666667,830.0,100.133333333333,271.816666666667
2023-05-02 17:00:00,371.983333333333,824.666666666667,100.116666666667,271.583333333333
2023-05-02 18:00:00,247.816666666667,830.833333333333,100.133333333333,270.983333333333
2023-05-02 19:00:00,91.1833333333333,840.5,100.1,270.7
2023-05-02 20:00:00,7.25,847.666666666667,100.1,270.4
2023-05-02 21:00:00,0.0,848.666666666667,100.1,270.283333333333
2023-05-02 22:00:00,0.0,846.666666666667,100.1,270.15
2023-05-02 23:00:00,0.0,841.5,100.1,269.983333333333
2023-05-03 00:00:00,0.0,830.333333333334,100.1,269.983333333333
2023-05-03 01:00:00,0.0,829.333333333334,100.1,269.933333333333
2023-05-03 02:00:00,0.0,831.166666666667,100.1,269.8
2023-05-03 03:00:00,0.0,832.166666666667,100.1,269.7
2023-05-03 04:00:00,0.0,836.333333333334,100.1,269.566666666667
2023-05-03 05:00:00,0.0,833.833333333333,100.1,269.616666666667
2023-05-03 06:00:00,21.65,833.5,100.1,269.666666666667
2023-05-03 07:00:00,91.9166666666667,830.166666666667,100.1,269.883333333333
2023-05-03 08:00:00,267.033333333333,827.666666666667,100.1,270.05
2023-05-03 09:00:00,325.066666666667,826.166666666667,99.6833333333333,270.366666666667
2023-05-03 10:00:00,425.683333333333,821.666666666667,100.15,271.483333333333
2023-05-03 11:00:00,545.166666666667,811.5,99.7333333333334,272.916666666667
2023-05-03 12:00:00,621.85,811.5,97.3,272.95
2023-05-03 13:00:00,564.65,809.333333333333,90.4666666666667,274.616666666667
2023-05-03 14:00:00,493.8,815.5,92.6166666666667,274.283333333333
2023-05-03 15:00:00,497.283333333333,818.666666666667,90.9833333333333,275.066666666667
2023-05-03 16:00:00,473.033333333333,816.166666666667,92.7166666666667,274.483333333333
2023-05-03 17:00:00,327.316666666667,819.0,91.2,274.3
2023-05-03 18:00:00,205.7,818.166666666667,100.116666666667,272.933333333333
2023-05-03 19:00:00,68.3166666666667,815.5,99.5833333333333,272.966666666667
2023-05-03 20:00:00,6.36666666666667,820.0,100.116666666667,271.933333333333
2023-05-03 21:00:00,0.0,818.666666666667,100.116666666667,271.45
2023-05-03 22:00:00,0.0,817.833333333334,100.066666666667,271.216666666667
2023-05-03 23:00:00,0.0,814.333333333333,99.0666666666667,270.75
2023-05-04 00:00:00,0.0,820.166666666667,96.4333333333333,271.333333333333
2023-05-04 01:00:00,0.0,817.166666666667,44.4,273.05
2023-05-04 02:00:00,0.0,809.0,30.5666666666667,273.433333333333
2023-05-04 03:00:00,0.0,809.0,30.6166666666667,273.383333333333
2023-05-04 04:00:00,0.0,809.5,29.3833333333333,273.416666666667
2023-05-04 05:00:00,1.33333333333333,813.166666666667,29.1,273.516666666667
2023-05-04 06:00:00,107.233333333333,808.833333333334,25.3166666666667,273.916666666667
2023-05-04 07:00:00,406.166666666667,800.333333333334,20.7666666666667,275.633333333333
2023-05-04 08:00:00,627.866666666667,798.333333333333,22.7666666666667,276.55
2023-05-04 09:00:00,818.133333333333,790.0,25.9,278.1
2023-05-04 10:00:00,968.716666666667,781.166666666667,46.4333333333333,279.016666666667
2023-05-04 11:00:00,1077.2,790.833333333333,46.7333333333334,278.6
2023-05-04 12:00:00,1156.45,798.166666666667,54.1666666666667,277.933333333333
2023-05-04 13:00:00,1140.85,780.833333333333,46.0833333333333,279.233333333333
2023-05-04 14:00:00,1093.51666666667,767.5,42.4666666666667,279.516666666667
2023-05-04 15:00:00,1002.3,761.833333333333,41.7666666666667,279.733333333333
2023-05-04 16:00:00,855.016666666667,759.333333333333,41.0666666666667,279.8
2023-05-04 17:00:00,639.583333333333,755.833333333333,44.3666666666667,279.516666666667
2023-05-04 18:00:00,468.8,751.166666666667,45.1833333333333,279.233333333333
2023-05-04 19:00:00,71.4833333333333,763.833333333334,51.0333333333333,278.233333333333
2023-05-04 20:00:00,9.38333333333333,763.833333333333,55.2833333333333,277.033333333333
2023-05-04 21:00:00,0.0,765.166666666667,55.6333333333333,276.883333333333
2023-05-04 22:00:00,0.0,762.166666666667,57.15,276.516666666667
2023-05-04 23:00:00,0.0,760.833333333333,60.7833333333333,276.066666666667
2023-05-05 00:00:00,0.0,761.0,57.9166666666667,276.283333333333
2023-05-05 01:00:00,0.0,761.166666666667,55.5333333333334,276.2
2023-05-05 02:00:00,0.0,761.5,62.25,275.95
2023-05-05 03:00:00,0.0,760.166666666667,63.6333333333333,275.75
2023-05-05 04:00:00,0.0,759.666666666667,64.5,275.55
2023-05-05 05:00:00,1.31666666666667,760.666666666667,64.5166666666667,275.483333333333
2023-05-05 06:00:00,94.6666666666667,758.0,65.7166666666667,275.816666666667
2023-05-05 07:00:00,373.15,754.0,64.9,276.35
2023-05-05 08:00:00,620.716666666667,753.166666666667,64.3,277.483333333333
2023-05-05 09:00:00,637.55,754.166666666667,68.1,277.183333333333
2023-05-05 10:00:00,592.283333333333,754.166666666667,67.85,277.616666666667
2023-05-05 11:00:00,800.483333333333,755.833333333333,65.3833333333333,278.083333333333
2023-05-05 12:00:00,1221.51666666667,738.333333333333,54.0166666666667,279.366666666667
2023-05-05 13:00:00,1195.5,720.666666666667,48.1333333333333,279.983333333333
2023-05-05 14:00:00,1120.11666666667,722.0,49.85,280.333333333333
2023-05-05 15:00:00,875.116666666667,717.0,46.95,280.633333333333
2023-05-05 16:00:00,659.65,716.0,51.9166666666667,279.95
2023-05-05 17:00:00,415.783333333333,713.0,52.2666666666667,280.033333333333
2023-05-05 18:00:00,177.45,716.666666666667,61.2833333333333,279.166666666667
2023-05-05 19:00:00,43.2666666666667,715.0,73.1666666666667,278.383333333333
2023-05-05 20:00:00,6.01666666666667,716.166666666667,76.75,278.15
2023-05-05 21:00:00,0.0,715.5,72.0333333333334,278.5
2023-05-05 22:00:00,0.0,709.833333333333,87.2166666666667,276.8
2023-05-05 23:00:00,0.0,711.666666666667,98.5,275.733333333333
2023-05-06 00:00:00,0.0,709.666666666667,95.0833333333333,275.8
2023-05-06 01:00:00,0.0,706.0,100.133333333333,274.866666666667
2023-05-06 02:00:00,0.0,709.833333333333,96.7333333333333,275.133333333333
2023-05-06 03:00:00,0.0,707.833333333334,81.5666666666667,276.233333333333
2023-05-06 04:00:00,0.0,710.666666666667,81.6666666666667,276.133333333333
2023-05-06 05:00:00,0.766666666666667,709.666666666667,85.0333333333334,275.883333333333
2023-05-06 06:00:00,27.1,706.833333333333,84.2333333333333,275.95
2023-05-06 07:00:00,111.45,697.833333333333,99.9333333333333,274.75
2023-05-06 08:00:00,232.45,691.0,99.1166666666667,275.316666666667
2023-05-06 09:00:00,599.75,687.666666666667,93.5833333333333,276.016666666667
2023-05-06 10:00:00,514.033333333333,690.0,97.8833333333333,276.933333333333
2023-05-06 11:00:00,370.4,698.166666666667,100.216666666667,276.333333333333
2023-05-06 12:00:00,466.366666666667,684.166666666667,99.75,276.9
2023-05-06 13:00:00,496.366666666667,694.166666666667,100.2,276.733333333333
2023-05-06 14:00:00,551.25,685.166666666667,97.9,277.766666666667
2023-05-06 15:00:00,545.383333333333,686.333333333333,97.6833333333333,277.933333333333
2023-05-06 16:00:00,777.233333333333,679.333333333333,92.1666666666667,278.75
2023-05-06 17:00:00,414.3,680.833333333333,94.05,278.533333333333
2023-05-06 18:00:00,198.466666666667,682.0,99.9166666666667,277.633333333333
2023-05-06 19:00:00,83.9833333333333,681.833333333333,100.2,276.85
2023-05-06 20:00:00,9.71666666666667,682.833333333334,100.083333333333,276.833333333333
2023-05-06 21:00:00,0.0,682.5,100.2,276.283333333333
2023-05-06 22:00:00,0.0,683.166666666667,100.2,276.283333333333
2023-05-06 23:00:00,0.0,682.666666666667,99.7833333333334,276.35
2023-05-07 00:00:00,0.0,682.5,91.0333333333334,277.166666666667
2023-05-07 01:00:00,0.0,684.333333333333,93.7833333333334,276.7
2023-05-07 02:00:00,0.0,683.166666666667,91.0833333333333,275.833333333333
2023-05-07 03:00:00,0.0,682.833333333334,78.05,276.55
2023-05-07 04:00:00,0.0,683.0,72.7166666666667,276.85
2023-05-07 05:00:00,0.983333333333333,684.333333333333,73.6333333333333,276.45
2023-05-07 06:00:00,96.9,680.833333333333,73.15,276.233333333333
2023-05-07 07:00:00,294.266666666667,677.666666666667,69.0166666666667,276.8
2023-05-07 08:00:00,486.416666666667,675.666666666667,62.8166666666667,277.133333333333
2023-05-07 09:00:00,764.183333333333,663.5,80.2166666666667,279.016666666667
2023-05-07 10:00:00,689.7,667.0,92.95,277.966666666667
2023-05-07 11:00:00,564.716666666667,670.166666666667,80.3166666666667,278.033333333333
2023-05-07 12:00:00,665.283333333333,667.166666666667,63.1,278.966666666667
2023-05-07 13:00:00,941.45,662.666666666667,58.4666666666667,279.45
2023-05-07 14:00:00,1207.6,654.833333333333,63.55,279.866666666667
2023-05-07 15:00:00,1046.31666666667,640.5,58.3666666666667,280.216666666667
2023-05-07 16:00:00,664.55,637.666666666667,60.8833333333333,280.733333333333
2023-05-07 17:00:00,470.15,637.333333333334,71.2833333333334,279.8
2023-05-07 18:00:00,144.083333333333,641.0,98.2833333333333,277.8
2023-05-07 19:00:00,56.4833333333333,640.333333333333,100.183333333333,277.066666666667
2023-05-07 20:00:00,3.15,640.166666666667,100.2,276.383333333333
2023-05-07 21:00:00,0.0,638.833333333333,100.183333333333,275.966666666667
2023-05-07 22:00:00,0.0,638.666666666667,100.183333333333,275.883333333333
2023-05-07 23:00:00,0.0,637.833333333333,100.183333333333,275.733333333333
2023-05-08 00:00:00,0.0,636.5,100.133333333333,275.133333333333
2023-05-08 01:00:00,0.0,635.5,100.116666666667,274.75
2023-05-08 02:00:00,0.0,634.833333333333,100.1,274.466666666667
2023-05-08 03:00:00,0.0,636.5,100.116666666667,274.55
2023-05-08 04:00:00,0.0,638.666666666667,100.1,274.233333333333
2023-05-08 05:00:00,0.883333333333333,637.666666666667,100.1,274.25
2023-05-08 06:00:00,18.8666666666667,638.166666666667,100.1,274.216666666667
2023-05-08 07:00:00,68.6,636.5,100.1,274.316666666667
2023-05-08 08:00:00,127.933333333333,636.166666666667,100.1,274.183333333333
2023-05-08 09:00:00,273.583333333333,635.0,100.15,274.366666666667
2023-05-08 10:00:00,367.983333333333,633.666666666667,100.15,274.683333333333
2023-05-08 11:00:00,441.0,629.666666666667,100.166666666667,274.966666666667
2023-05-08 12:00:00,538.483333333334,624.166666666667,100.166666666667,275.133333333333
2023-05-08 13:00:00,548.833333333333,624.0,100.183333333333,275.133333333333
2023-05-08 14:00:00,584.283333333333,606.333333333333,100.166666666667,276.566666666667
2023-05-08 15:00:00,316.116666666667,621.0,100.183333333333,275.8
2023-05-08 16:00:00,323.983333333333,620.666666666667,100.183333333333,275.433333333333
2023-05-08 17:00:00,157.566666666667,621.0,100.183333333333,275.316666666667
2023-05-08 18:00:00,104.733333333333,617.0,100.183333333333,274.916666666667
2023-05-08 19:00:00,50.0666666666667,626.333333333333,100.116666666667,274.516666666667
2023-05-08 20:00:00,2.91666666666667,629.5,100.116666666667,274.533333333333
2023-05-08 21:00:00,0.0,634.0,100.1,274.183333333333
2023-05-08 22:00:00,0.0,638.0,100.1,274.066666666667
2023-05-08 23:00:00,0.0,635.166666666667,100.1,274.1
2023-05-09 00:00:00,0.0,631.0,100.1,273.866666666667
2023-05-09 01:00:00,0.0,632.0,100.1,273.85
2023-05-09 02:00:00,0.0,631.166666666667,100.1,274.0
2023-05-09 03:00:00,0.0,629.0,100.133333333333,274.35
2023-05-09 04:00:00,0.0,629.5,100.15,274.183333333333
2023-05-09 05:00:00,2.33333333333333,629.5,100.166666666667,273.983333333333
2023-05-09 06:00:00,84.2333333333333,631.5,100.1,273.516666666667
2023-05-09 07:00:00,202.55,627.5,100.1,274.1
2023-05-09 08:00:00,352.95,627.166666666667,100.1,274.166666666667
2023-05-09 09:00:00,314.05,623.5,100.15,274.516666666667
2023-05-09 10:00:00,390.966666666667,622.166666666667,100.0,275.466666666667
2023-05-09 11:00:00,512.45,625.833333333333,99.95,275.466666666667
2023-05-09 12:00:00,472.916666666667,622.5,99.0166666666667,276.1
2023-05-09 13:00:00,694.316666666667,612.166666666667,98.6333333333333,276.85
2023-05-09 14:00:00,1242.18333333333,600.666666666667,88.7666666666667,278.533333333333
2023-05-09 15:00:00,712.133333333333,601.666666666667,82.4,278.366666666667
2023-05-09 16:00:00,459.35,600.5,80.4333333333334,278.366666666667
2023-05-09 17:00:00,455.783333333333,593.666666666667,84.4166666666667,278.383333333333
2023-05-09 18:00:00,216.016666666667,605.0,86.6833333333334,277.7
2023-05-09 19:00:00,90.3,611.166666666667,90.55,277.016666666667
2023-05-09 20:00:00,7.46666666666667,608.666666666667,90.0333333333334,276.566666666667
2023-05-09 21:00:00,0.0,603.0,86.1166666666667,276.816666666667
2023-05-09 22:00:00,0.0,605.833333333333,90.8,276.366666666667
2023-05-09 23:00:00,0.0,603.166666666667,96.6166666666667,275.75
2023-05-10 00:00:00,0.0,602.833333333333,97.8666666666667,275.416666666667
2023-05-10 01:00:00,0.0,604.5,100.033333333333,274.85
2023-05-10 02:00:00,0.0,580.333333333333,100.116666666667,274.183333333333
2023-05-10 03:00:00,0.0,573.0,100.116666666667,273.883333333333
2023-05-10 04:00:00,0.0,575.5,100.1,273.433333333333
2023-05-10 05:00:00,0.216666666666667,578.166666666667,100.1,273.066666666667
2023-05-10 06:00:00,10.0166666666667,601.833333333333,100.1,272.533333333333
2023-05-10 07:00:00,48.5333333333333,623.666666666667,100.1,272.916666666667
2023-05-10 08:00:00,69.0166666666667,631.833333333333,100.1,272.883333333333
2023-05-10 09:00:00,107.833333333333,647.833333333333,100.133333333333,273.333333333333
2023-05-10 10:00:00,152.933333333333,652.0,99.8166666666667,273.683333333333
2023-05-10 11:00:00,163.866666666667,662.333333333333,100.15,273.716666666667
2023-05-10 12:00:00,339.366666666667,676.0,100.15,273.1
2023-05-10 13:00:00,394.133333333333,675.333333333333,98.7666666666667,274.016666666667
2023-05-10 14:00:00,367.683333333333,691.5,99.8333333333333,273.716666666667
2023-05-10 15:00:00,333.866666666667,707.0,100.133333333333,273.0
2023-05-10 16:00:00,207.8,715.833333333333,100.166666666667,272.8
2023-05-10 17:00:00,154.666666666667,738.333333333333,100.116666666667,272.183333333333
2023-05-10 18:00:00,96.6333333333333,751.0,100.133333333333,271.933333333333
2023-05-10 19:00:00,42.65,764.166666666667,100.1,271.3
2023-05-10 20:00:00,6.03333333333333,772.833333333333,100.1,270.833333333333
2023-05-10 21:00:00,0.0,776.166666666667,100.1,270.55
2023-05-10 22:00:00,0.0,788.666666666667,100.1,270.133333333333
2023-05-10 23:00:00,0.0,805.166666666667,100.1,269.683333333333
2023-05-11 00:00:00,0.0,817.5,100.1,269.55
2023-05-11 01:00:00,0.0,833.333333333333,100.1,269.5
2023-05-11 02:00:00,0.0,851.333333333333,100.1,269.6
2023-05-11 03:00:00,0.0,871.833333333333,100.1,269.5
2023-05-11 04:00:00,0.0,896.833333333333,100.1,269.55
2023-05-11 05:00:00,0.0,916.666666666667,100.1,269.533333333333
2023-05-11 06:00:00,10.0,937.666666666667,100.1,269.65
2023-05-11 07:00:00,30.2166666666667,952.5,100.1,269.95
2023-05-11 08:00:00,95.2333333333333,975.833333333333,100.1,270.283333333333
2023-05-11 09:00:00,209.983333333333,981.0,100.116666666667,270.85
2023-05-11 10:00:00,369.1,982.833333333333,96.0833333333333,272.65
2023-05-11 11:00:00,279.5,979.5,76.4166666666667,276.883333333333
2023-05-11 12:00:00,289.133333333333,992.0,79.05,275.333333333333
2023-05-11 13:00:00,432.166666666667,1002.16666666667,74.2166666666667,276.116666666667
2023-05-11 14:00:00,565.283333333333,988.833333333333,60.8,278.75
2023-05-11 15:00:00,603.266666666667,999.833333333333,76.8166666666667,275.633333333333
2023-05-11 16:00:00,615.083333333333,995.166666666667,75.15,276.0
2023-05-11 17:00:00,454.6,1010.5,81.2166666666667,274.9
2023-05-11 18:00:00,236.35,1018.16666666667,95.4333333333333,272.483333333333
2023-05-11 19:00:00,72.6666666666667,1027.16666666667,98.1666666666667,271.25
2023-05-11 20:00:00,8.13333333333334,1037.5,100.1,269.9
2023-05-11 21:00:00,0.0,1036.16666666667,100.1,269.766666666667
2023-05-11 22:00:00,0.0,1037.66666666667,100.1,269.7
2023-05-11 23:00:00,0.0,1037.33333333333,100.1,269.85
2023-05-12 00:00:00,0.0,1042.66666666667,100.1,269.916666666667
2023-05-12 01:00:00,0.0,1042.83333333333,100.1,270.266666666667
2023-05-12 02:00:00,0.0,1042.66666666667,100.1,270.016666666667
2023-05-12 03:00:00,0.0,1042.0,100.1,270.066666666667
2023-05-12 04:00:00,0.0,1043.0,100.1,270.166666666667
2023-05-12 05:00:00,1.65,1042.66666666667,100.1,269.85
2023-05-12 06:00:00,48.3333333333333,1027.83333333333,100.1,269.716666666667
2023-05-12 07:00:00,121.816666666667,1019.66666666667,100.1,270.15
2023-05-12 08:00:00,264.116666666667,1015.16666666667,100.15,270.933333333333
2023-05-12 09:00:00,548.15,995.833333333334,96.1,272.666666666667
2023-05-12 10:00:00,829.1,983.666666666667,97.25,272.85
2023-05-12 11:00:00,802.733333333333,978.833333333333,98.7333333333333,272.9
2023-05-12 12:00:00,905.433333333333,964.0,95.7166666666667,273.816666666667
2023-05-12 13:00:00,802.766666666667,946.166666666667,87.5666666666667,275.683333333333
2023-05-12 14:00:00,918.566666666667,938.5,92.9333333333333,274.633333333333
2023-05-12 15:00:00,766.283333333333,943.833333333333,91.9333333333333,275.216666666667
2023-05-12 16:00:00,515.483333333333,931.166666666667,98.9333333333333,273.616666666667
2023-05-12 17:00:00,294.733333333333,933.333333333333,100.15,273.2
2023-05-12 18:00:00,175.666666666667,964.166666666667,100.183333333333,272.683333333333
2023-05-12 19:00:00,104.283333333333,960.0,100.133333333333,272.233333333333
2023-05-12 20:00:00,14.7,956.166666666667,100.1,271.566666666667
2023-05-12 21:00:00,0.0,949.333333333333,100.1,271.366666666667
2023-05-12 22:00:00,0.0,950.333333333334,100.1,271.45
2023-05-12 23:00:00,0.0,950.333333333333,100.1,271.25
2023-05-13 00:00:00,0.0,940.5,99.85,271.333333333333
2023-05-13 01:00:00,0.0,947.666666666667,95.1666666666667,271.85
2023-05-13 02:00:00,0.0,947.666666666667,79.2333333333333,272.516666666667
2023-05-13 03:00:00,0.0,946.666666666667,79.1333333333333,272.283333333333
2023-05-13 04:00:00,0.0,945.0,98.8833333333334,270.866666666667
2023-05-13 05:00:00,1.76666666666667,943.166666666667,100.1,270.616666666667
2023-05-13 06:00:00,43.55,940.833333333333,100.1,270.933333333333
2023-05-13 07:00:00,130.166666666667,934.5,100.116666666667,271.483333333333
2023-05-13 08:00:00,180.533333333333,931.333333333333,100.033333333333,271.183333333333
2023-05-13 09:00:00,322.016666666667,923.166666666667,93.5333333333334,272.05
2023-05-13 10:00:00,1039.35,904.333333333333,81.9166666666667,274.466666666667
2023-05-13 11:00:00,744.583333333333,873.5,90.7666666666667,274.25
2023-05-13 12:00:00,940.966666666667,889.166666666667,89.7333333333333,274.716666666667
2023-05-13 13:00:00,654.0,883.0,82.3666666666667,274.483333333333
2023-05-13 14:00:00,1013.95,869.166666666667,78.4166666666667,275.6
2023-05-13 15:00:00,1107.55,849.333333333333,77.1333333333334,275.983333333333
2023-05-13 16:00:00,656.983333333333,848.666666666667,93.4,274.65
2023-05-13 17:00:00,452.016666666667,835.5,96.7166666666667,274.366666666667
2023-05-13 18:00:00,219.55,817.166666666667,100.166666666667,273.15
2023-05-13 19:00:00,40.6666666666667,824.166666666667,100.15,272.416666666667
2023-05-13 20:00:00,12.35,837.5,100.1,271.95
2023-05-13 21:00:00,0.0,831.333333333333,100.1,271.7
2023-05-13 22:00:00,0.0,825.166666666667,99.4333333333334,271.683333333333
2023-05-13 23:00:00,0.0,817.333333333333,95.4333333333333,271.666666666667
2023-05-14 00:00:00,0.0,810.166666666667,79.4333333333333,272.383333333333
2023-05-14 01:00:00,0.0,809.5,77.8333333333333,271.866666666667
2023-05-14 02:00:00,0.0,814.333333333333,76.1833333333333,271.65
2023-05-14 03:00:00,0.0,820.333333333333,91.25,270.583333333333
2023-05-14 04:00:00,0.0,817.0,97.8666666666667,269.583333333333
2023-05-14 05:00:00,4.63333333333333,818.333333333333,99.8833333333333,269.516666666667
2023-05-14 06:00:00,48.5666666666667,821.166666666667,100.1,269.816666666667
2023-05-14 07:00:00,120.916666666667,815.833333333333,100.1,270.25
2023-05-14 08:00:00,238.766666666667,809.5,100.1,270.616666666667
2023-05-14 09:00:00,556.5,791.166666666667,94.9166666666667,272.4
2023-05-14 10:00:00,681.516666666667,793.833333333333,95.8666666666667,272.683333333333
2023-05-14 11:00:00,652.35,799.666666666667,96.2,272.933333333333
2023-05-14 12:00:00,511.166666666667,811.5,99.8,272.4
2023-05-14 13:00:00,623.533333333333,814.333333333333,100.133333333333,271.833333333333
2023-05-14 14:00:00,514.4,810.666666666667,100.116666666667,272.033333333333
2023-05-14 15:00:00,399.15,810.333333333333,100.116666666667,271.866666666667
2023-05-14 16:00:00,391.416666666667,816.833333333334,100.166666666667,272.266666666667
2023-05-14 17:00:00,208.583333333333,826.333333333333,100.15,272.133333333333
2023-05-14 18:00:00,106.833333333333,850.666666666667,100.133333333333,271.816666666667
2023-05-14 19:00:00,43.95,868.333333333333,100.1,271.4
2023-05-14 20:00:00,7.23333333333333,880.666666666667,100.1,271.233333333333
2023-05-14 21:00:00,0.0,884.666666666667,100.1,270.933333333333
2023-05-14 22:00:00,0.0,877.333333333333,100.1,270.733333333333
2023-05-14 23:00:00,0.0,874.5,100.1,270.583333333333
2023-05-15 00:00:00,0.0,879.166666666667,100.1,270.633333333333
2023-05-15 01:00:00,0.0,883.333333333333,100.1,270.666666666667
2023-05-15 02:00:00,0.0,885.833333333333,100.1,270.55
2023-05-15 03:00:00,0.0,893.333333333333,100.1,270.333333333333
2023-05-15 04:00:00,0.0,892.666666666667,100.1,270.183333333333
2023-05-15 05:00:00,2.53333333333333,897.0,100.1,270.016666666667
2023-05-15 06:00:00,74.0,896.833333333333,100.1,270.15
2023-05-15 07:00:00,158.75,886.166666666667,100.1,270.566666666667
2023-05-15 08:00:00,159.316666666667,885.833333333333,100.1,270.5
2023-05-15 09:00:00,333.733333333333,883.5,100.116666666667,271.6
2023-05-15 10:00:00,393.4,887.833333333334,99.9166666666667,271.833333333333
2023-05-15 11:00:00,544.033333333333,882.833333333334,96.7166666666667,272.8
2023-05-15 12:00:00,642.966666666667,876.833333333333,99.8833333333333,272.4
2023-05-15 13:00:00,650.55,867.833333333334,97.2666666666667,273.083333333333
2023-05-15 14:00:00,738.583333333333,860.5,95.3,274.05
2023-05-15 15:00:00,488.366666666667,855.833333333333,100.066666666667,272.8
2023-05-15 16:00:00,584.616666666667,857.833333333334,98.7833333333333,273.483333333333
2023-05-15 17:00:00,360.866666666667,863.0,100.15,272.55
2023-05-15 18:00:00,190.783333333333,862.666666666667,100.133333333333,272.65
2023-05-15 19:00:00,93.6,865.166666666667,100.116666666667,272.1
2023-05-15 20:00:00,9.91666666666667,868.333333333333,100.1,271.833333333333
2023-05-15 21:00:00,0.0,871.333333333334,100.1,271.383333333333
2023-05-15 22:00:00,0.0,869.5,100.1,271.183333333333
2023-05-15 23:00:00,0.0,865.5,100.1,270.866666666667
2023-05-16 00:00:00,0.0,866.333333333333,100.1,270.783333333333
2023-05-16 01:00:00,0.0,865.333333333333,100.1,270.616666666667
2023-05-16 02:00:00,0.0,864.0,100.1,270.45
2023-05-16 03:00:00,0.0,863.833333333333,100.1,270.583333333333
2023-05-16 04:00:00,0.0,863.5,100.1,270.65
2023-05-16 05:00:00,1.65,859.666666666667,100.1,270.666666666667
2023-05-16 06:00:00,36.45,854.0,100.1,270.833333333333
2023-05-16 07:00:00,116.25,852.166666666667,100.1,270.9
2023-05-16 08:00:00,235.466666666667,851.666666666667,100.1,271.083333333333
2023-05-16 09:00:00,385.55,854.333333333334,100.116666666667,271.25
2023-05-16 10:00:00,523.45,849.166666666667,100.15,271.616666666667
2023-05-16 11:00:00,485.016666666667,848.333333333333,100.133333333333,271.55
2023-05-16 12:00:00,487.35,850.166666666667,100.116666666667,271.65
2023-05-16 13:00:00,547.183333333333,848.666666666667,100.116666666667,271.7
2023-05-16 14:00:00,524.483333333333,845.5,100.133333333333,271.833333333333
2023-05-16 15:00:00,513.916666666667,849.666666666667,100.116666666667,272.016666666667
2023-05-16 16:00:00,510.016666666667,860.833333333333,100.133333333333,271.983333333333
2023-05-16 17:00:00,323.433333333333,865.666666666667,100.116666666667,271.616666666667
2023-05-16 18:00:00,143.0,854.0,100.1,271.283333333333
2023-05-16 19:00:00,71.0666666666667,858.5,100.116666666667,271.016666666667
2023-05-16 20:00:00,12.2666666666667,861.333333333333,100.1,270.783333333333
2023-05-16 21:00:00,0.0,870.5,100.1,270.5
2023-05-16 22:00:00,0.0,855.0,100.1,270.25
2023-05-16 23:00:00,0.0,861.833333333333,100.1,270.0
2023-05-17 00:00:00,0.0,874.833333333334,100.1,269.866666666667
2023-05-17 01:00:00,0.0,860.833333333333,100.1,269.65
2023-05-17 02:00:00,0.0,856.666666666667,100.1,269.35
2023-05-17 03:00:00,0.0,858.5,100.1,268.95
2023-05-17 04:00:00,0.0,871.0,100.1,268.6
2023-05-17 05:00:00,4.41666666666667,860.833333333333,100.1,268.316666666667
2023-05-17 06:00:00,36.0,860.0,100.1,268.183333333333
2023-05-17 07:00:00,82.2333333333333,858.833333333333,100.1,268.183333333333
2023-05-17 08:00:00,186.183333333333,853.833333333333,100.1,268.516666666667
2023-05-17 09:00:00,332.383333333333,850.333333333334,100.1,269.116666666667
2023-05-17 10:00:00,392.233333333333,840.166666666667,100.1,269.766666666667
2023-05-17 11:00:00,426.65,834.5,100.1,270.333333333333
2023-05-17 12:00:00,590.816666666667,833.0,100.133333333333,270.6
2023-05-17 13:00:00,629.1,823.5,100.15,271.083333333333
2023-05-17 14:00:00,604.183333333333,818.0,100.15,271.116666666667
2023-05-17 15:00:00,559.566666666667,834.333333333333,100.133333333333,271.316666666667
2023-05-17 16:00:00,513.65,840.333333333333,100.133333333333,271.2
2023-05-17 17:00:00,416.683333333333,843.833333333333,100.15,271.216666666667
2023-05-17 18:00:00,252.15,844.666666666667,100.15,270.633333333333
2023-05-17 19:00:00,74.2,865.5,100.116666666667,269.333333333333
2023-05-17 20:00:00,11.7,865.0,100.1,268.233333333333
2023-05-17 21:00:00,0.0,871.0,100.1,267.983333333333
2023-05-17 22:00:00,0.0,889.833333333333,100.1,267.966666666667
2023-05-17 23:00:00,0.0,888.833333333333,100.1,268.066666666667
2023-05-18 00:00:00,0.0,888.0,100.1,268.066666666667
2023-05-18 01:00:00,0.0,887.333333333333,100.083333333333,267.95
2023-05-18 02:00:00,0.0,889.333333333333,100.1,267.966666666667
2023-05-18 03:00:00,0.0,884.5,100.1,266.95
2023-05-18 04:00:00,0.0,883.833333333334,100.1,266.883333333333
2023-05-18 05:00:00,4.31666666666667,887.166666666667,100.1,267.033333333333
2023-05-18 06:00:00,101.25,879.5,100.1,267.083333333333
2023-05-18 07:00:00,242.85,882.166666666667,100.1,268.35
2023-05-18 08:00:00,540.25,881.5,99.4833333333333,270.8
2023-05-18 09:00:00,755.7,847.166666666667,98.5166666666667,270.883333333333
2023-05-18 10:00:00,1037.05,852.833333333333,98.0166666666667,271.883333333333
2023-05-18 11:00:00,1178.66666666667,840.0,93.3333333333333,273.733333333333
2023-05-18 12:00:00,1180.51666666667,824.833333333333,95.9,273.033333333333
2023-05-18 13:00:00,1221.05,819.0,96.3666666666667,272.916666666667
2023-05-18 14:00:00,1034.5,813.166666666667,95.8666666666667,273.933333333333
2023-05-18 15:00:00,965.233333333333,807.166666666667,100.116666666667,273.133333333333
2023-05-18 16:00:00,692.583333333333,811.333333333334,100.183333333333,272.966666666667
2023-05-18 17:00:00,558.616666666667,799.0,100.183333333333,272.8
2023-05-18 18:00:00,304.066666666667,798.333333333333,100.15,272.316666666667
2023-05-18 19:00:00,89.4166666666667,794.333333333333,100.116666666667,272.2
2023-05-18 20:00:00,10.05,796.833333333333,100.1,272.266666666667
2023-05-18 21:00:00,0.0,800.666666666667,100.116666666667,273.083333333333
2023-05-18 22:00:00,0.0,797.666666666667,99.1833333333333,273.7
2023-05-18 23:00:00,0.0,793.833333333333,98.0666666666667,273.516666666667
2023-05-19 00:00:00,0.0,800.5,100.1,273.3
2023-05-19 01:00:00,0.0,798.333333333333,100.116666666667,273.4
2023-05-19 02:00:00,0.0,792.166666666667,100.116666666667,273.233333333333
2023-05-19 03:00:00,0.0,783.833333333333,100.1,273.05
2023-05-19 04:00:00,0.0,784.0,100.1,273.066666666667
2023-05-19 05:00:00,5.98333333333333,790.5,100.116666666667,272.966666666667
2023-05-19 06:00:00,67.3666666666667,787.833333333334,92.6666666666667,273.65
2023-05-19 07:00:00,276.883333333333,788.0,81.5166666666667,274.383333333333
2023-05-19 08:00:00,453.383333333333,787.166666666667,73.2,274.9
2023-05-19 09:00:00,587.416666666667,790.333333333334,73.4166666666667,275.883333333333
2023-05-19 10:00:00,739.2,781.333333333333,67.1166666666667,277.35
2023-05-19 11:00:00,1026.65,805.333333333334,79.65,276.433333333333
2023-05-19 12:00:00,728.45,801.0,81.4666666666667,277.266666666667
2023-05-19 13:00:00,660.983333333333,805.833333333333,92.4,275.883333333333
2023-05-19 14:00:00,668.216666666667,799.666666666667,89.3833333333333,276.316666666667
2023-05-19 15:00:00,597.85,794.666666666667,91.9,276.166666666667
2023-05-19 16:00:00,499.383333333333,792.0,88.3333333333333,276.083333333333
2023-05-19 17:00:00,439.233333333333,784.0,89.15,276.05
2023-05-19 18:00:00,122.083333333333,779.333333333333,92.5166666666667,275.283333333333
2023-05-19 19:00:00,70.5833333333333,768.333333333333,93.3666666666667,275.0
2023-05-19 20:00:00,13.8,768.833333333333,93.6666666666667,274.533333333333
2023-05-19 21:00:00,0.0,768.0,91.9333333333333,274.35
2023-05-19 22:00:00,0.0,767.333333333333,91.55,274.283333333333
2023-05-19 23:00:00,0.0,766.666666666667,95.5,273.916666666667
2023-05-20 00:00:00,0.0,765.833333333333,98.5333333333334,273.583333333333
2023-05-20 01:00:00,0.0,768.0,99.7833333333334,273.166666666667
2023-05-20 02:00:00,0.0,771.666666666667,100.116666666667,272.866666666667
2023-05-20 03:00:00,0.0,770.833333333333,100.133333333333,273.2
2023-05-20 04:00:00,0.0,769.166666666667,99.7833333333333,273.633333333333
2023-05-20 05:00:00,6.66666666666667,767.5,92.0666666666667,274.466666666667
2023-05-20 06:00:00,59.8833333333333,768.166666666667,85.4333333333334,275.25
2023-05-20 07:00:00,121.833333333333,769.166666666667,88.8166666666667,275.266666666667
2023-05-20 08:00:00,133.183333333333,772.0,99.85,273.683333333333
2023-05-20 09:00:00,341.583333333333,772.5,92.1333333333333,274.966666666667
2023-05-20 10:00:00,480.916666666667,773.666666666667,88.8833333333333,275.333333333333
2023-05-20 11:00:00,440.683333333333,774.666666666667,91.1333333333333,275.25
2023-05-20 12:00:00,388.116666666667,775.666666666667,91.2666666666667,275.516666666667
2023-05-20 13:00:00,212.016666666667,778.333333333334,97.05,275.2
2023-05-20 14:00:00,336.266666666667,775.333333333333,98.7166666666667,275.2
2023-05-20 15:00:00,268.916666666667,770.833333333333,99.2333333333334,275.216666666667
2023-05-20 16:00:00,251.9,773.833333333333,99.2166666666667,275.083333333333
2023-05-20 17:00:00,135.283333333333,776.333333333333,99.35,275.066666666667
2023-05-20 18:00:00,100.183333333333,777.0,97.7166666666667,275.1
2023-05-20 19:00:00,52.7166666666667,776.333333333333,93.8666666666667,275.25
2023-05-20 20:00:00,8.28333333333333,774.833333333333,92.75,275.333333333333
2023-05-20 21:00:00,0.0,773.166666666667,93.1666666666666,275.383333333333
2023-05-20 22:00:00,0.0,771.333333333333,82.45,276.283333333333
2023-05-20 23:00:00,0.0,770.166666666667,98.3166666666667,275.05
2023-05-21 00:00:00,0.0,768.666666666667,91.6666666666667,275.4
2023-05-21 01:00:00,0.0,767.666666666667,89.5,275.566666666667
2023-05-21 02:00:00,0.0,769.5,88.0,275.616666666667
2023-05-21 03:00:00,0.0,769.666666666667,74.3,276.283333333333
2023-05-21 04:00:00,0.0,769.166666666667,69.7833333333333,276.783333333333
2023-05-21 05:00:00,5.43333333333333,767.5,72.1166666666667,276.616666666667
2023-05-21 06:00:00,54.1166666666667,767.666666666667,83.6333333333334,276.116666666667
2023-05-21 07:00:00,436.433333333333,761.666666666667,73.9666666666667,277.15
2023-05-21 08:00:00,419.183333333333,761.333333333333,77.3333333333333,276.95
2023-05-21 09:00:00,534.05,759.5,81.25,277.016666666667
2023-05-21 10:00:00,925.333333333333,756.5,70.6833333333334,277.966666666667
2023-05-21 11:00:00,908.366666666667,754.333333333333,66.3,278.316666666667
2023-05-21 12:00:00,1186.26666666667,744.5,65.4666666666667,278.583333333333
2023-05-21 13:00:00,903.783333333333,727.166666666667,64.5333333333333,278.883333333333
2023-05-21 14:00:00,808.483333333333,712.833333333334,61.7333333333334,279.166666666667
2023-05-21 15:00:00,1029.31666666667,708.833333333333,57.2666666666667,279.9
2023-05-21 16:00:00,488.466666666667,703.833333333333,60.75,279.65
2023-05-21 17:00:00,679.366666666667,692.666666666667,63.3666666666667,279.75
2023-05-21 18:00:00,479.5,684.5,62.0166666666667,279.6
2023-05-21 19:00:00,106.85,697.333333333333,64.75,278.716666666667
2023-05-21 20:00:00,16.5,698.333333333333,68.7,278.316666666667
2023-05-21 21:00:00,0.0,702.0,76.7,278.15
2023-05-21 22:00:00,0.0,701.166666666667,78.8,277.75
2023-05-21 23:00:00,0.0,700.5,77.7833333333333,277.666666666667
2023-05-22 00:00:00,0.0,700.0,77.45,277.3
2023-05-22 01:00:00,0.0,700.333333333334,78.4,277.0
2023-05-22 02:00:00,0.0,697.5,75.6833333333333,276.683333333333
2023-05-22 03:00:00,0.0,697.166666666667,72.6166666666667,276.85
2023-05-22 04:00:00,0.0,696.166666666667,67.2,276.916666666667
2023-05-22 05:00:00,9.43333333333333,695.0,65.7166666666667,277.05
2023-05-22 06:00:00,161.05,690.333333333333,66.7,276.916666666667
2023-05-22 07:00:00,363.716666666667,690.0,64.6333333333333,277.266666666667
2023-05-22 08:00:00,598.416666666667,685.0,59.7166666666667,279.15
2023-05-22 09:00:00,863.55,683.0,63.9833333333333,279.9
2023-05-22 10:00:00,1060.1,685.333333333333,63.3,279.933333333333
2023-05-22 11:00:00,1214.31666666667,680.833333333333,63.7333333333333,280.316666666667
2023-05-22 12:00:00,1286.55,677.333333333333,63.6333333333333,280.45
2023-05-22 13:00:00,1203.3,662.166666666667,57.4166666666667,280.966666666667
2023-05-22 14:00:00,947.033333333333,655.666666666667,52.9666666666667,281.3
2023-05-22 15:00:00,581.083333333333,650.333333333333,51.4666666666667,281.45
2023-05-22 16:00:00,428.45,644.333333333333,53.4333333333333,281.533333333333
2023-05-22 17:00:00,692.55,629.0,50.4333333333333,282.516666666667
2023-05-22 18:00:00,573.733333333333,617.833333333334,52.6,282.216666666667
2023-05-22 19:00:00,107.416666666667,629.333333333333,57.6666666666667,280.766666666667
2023-05-22 20:00:00,19.1333333333333,640.166666666667,65.9666666666667,280.316666666667
2023-05-22 21:00:00,0.0,648.5,81.6166666666667,279.566666666667
2023-05-22 22:00:00,0.0,648.166666666667,85.0166666666667,278.933333333333
2023-05-22 23:00:00,0.0,648.0,92.2166666666667,278.466666666667
2023-05-23 00:00:00,0.0,646.5,94.9333333333333,277.95
2023-05-23 01:00:00,0.0,643.833333333333,88.0166666666667,278.316666666667
2023-05-23 02:00:00,0.0,645.666666666667,85.2166666666667,278.65
2023-05-23 03:00:00,0.0,646.333333333334,89.8,278.35
2023-05-23 04:00:00,0.0,644.333333333333,90.0166666666667,278.033333333333
2023-05-23 05:00:00,5.76666666666667,644.333333333333,92.7833333333333,277.433333333333
2023-05-23 06:00:00,86.25,643.166666666667,95.0833333333333,277.466666666667
2023-05-23 07:00:00,117.533333333333,642.333333333333,99.85,276.866666666667
2023-05-23 08:00:00,176.083333333333,637.166666666667,100.166666666667,276.933333333333
2023-05-23 09:00:00,140.316666666667,632.0,100.166666666667,276.5
2023-05-23 10:00:00,184.433333333333,628.0,100.15,276.05
2023-05-23 11:00:00,377.95,627.833333333333,99.1333333333333,276.283333333333
2023-05-23 12:00:00,722.966666666667,619.833333333333,95.5,277.416666666667
2023-05-23 13:00:00,802.416666666667,610.833333333333,93.9666666666667,279.3
2023-05-23 14:00:00,625.2,615.333333333333,86.4333333333333,279.85
2023-05-23 15:00:00,429.7,618.333333333333,87.55,279.983333333333
2023-05-23 16:00:00,184.816666666667,615.833333333333,98.7166666666667,277.95
2023-05-23 17:00:00,441.3,612.666666666667,100.05,277.7
2023-05-23 18:00:00,142.883333333333,615.166666666667,100.2,277.583333333333
2023-05-23 19:00:00,21.3166666666667,615.166666666667,100.116666666667,276.95
2023-05-23 20:00:00,13.8833333333333,613.5,100.166666666667,276.383333333333
2023-05-23 21:00:00,0.0,616.5,100.2,276.433333333333
2023-05-23 22:00:00,0.0,615.333333333333,100.2,276.266666666667
2023-05-23 23:00:00,0.0,616.666666666667,100.2,276.216666666667
2023-05-24 00:00:00,0.0,616.166666666667,100.183333333333,275.95
2023-05-24 01:00:00,0.0,616.166666666667,100.183333333333,276.033333333333
2023-05-24 02:00:00,0.0,620.666666666667,100.1,275.75
2023-05-24 03:00:00,0.0,626.5,100.116666666667,275.433333333333
2023-05-24 04:00:00,0.0,627.666666666667,100.1,275.333333333333
2023-05-24 05:00:00,7.63333333333333,630.666666666667,100.116666666667,274.983333333333
2023-05-24 06:00:00,50.2166666666667,629.0,100.116666666667,275.166666666667
2023-05-24 07:00:00,109.6,628.5,100.1,275.216666666667
2023-05-24 08:00:00,243.566666666667,624.5,100.166666666667,275.7
2023-05-24 09:00:00,305.583333333333,621.0,100.15,275.916666666667
2023-05-24 10:00:00,275.8,621.333333333333,100.2,275.933333333333
2023-05-24 11:00:00,371.233333333333,625.166666666667,100.133333333333,275.5
2023-05-24 12:00:00,490.8,622.666666666667,100.2,275.583333333333
2023-05-24 13:00:00,501.116666666667,619.5,100.2,276.383333333333
2023-05-24 14:00:00,347.75,626.0,100.15,275.533333333333
2023-05-24 15:00:00,401.266666666667,620.666666666667,100.15,274.866666666667
2023-05-24 16:00:00,247.466666666667,619.833333333333,100.166666666667,274.433333333333
2023-05-24 17:00:00,166.133333333333,613.833333333333,100.133333333333,273.9
2023-05-24 18:00:00,75.7166666666667,624.0,100.116666666667,273.266666666667
2023-05-24 19:00:00,35.7333333333333,627.5,100.116666666667,272.966666666667
2023-05-24 20:00:00,4.7,623.166666666667,100.1,273.05
2023-05-24 21:00:00,0.0,644.833333333333,100.1,273.083333333333
2023-05-24 22:00:00,0.0,644.333333333333,100.1,273.35
2023-05-24 23:00:00,0.0,650.0,100.1,273.216666666667
2023-05-25 00:00:00,0.0,652.666666666667,100.1,273.6
2023-05-25 01:00:00,0.0,655.0,100.166666666667,274.333333333333
2023-05-25 02:00:00,0.0,655.333333333333,97.8333333333333,274.283333333333
2023-05-25 03:00:00,0.0,653.666666666667,91.1166666666667,274.983333333333
2023-05-25 04:00:00,0.0,653.166666666667,97.5666666666667,274.9
2023-05-25 05:00:00,2.66666666666667,650.833333333333,98.65,275.166666666667
2023-05-25 06:00:00,162.633333333333,648.0,93.9833333333334,275.533333333333
2023-05-25 07:00:00,392.416666666667,640.833333333334,88.9666666666667,276.15
2023-05-25 08:00:00,521.933333333333,634.0,91.7333333333333,276.316666666667
2023-05-25 09:00:00,510.8,629.833333333334,91.5333333333333,276.3
2023-05-25 10:00:00,497.266666666667,623.166666666667,91.0833333333333,276.633333333333
2023-05-25 11:00:00,846.1,610.5,88.0166666666667,277.55
2023-05-25 12:00:00,707.283333333333,606.166666666667,85.6,277.783333333333
2023-05-25 13:00:00,813.3,598.5,82.0833333333333,278.2
2023-05-25 14:00:00,943.016666666667,598.333333333333,79.3666666666667,278.6
2023-05-25 15:00:00,835.55,590.0,72.05,279.333333333333
2023-05-25 16:00:00,917.833333333333,585.0,63.8666666666667,280.066666666667
2023-05-25 17:00:00,740.633333333333,582.0,60.0,280.45
2023-05-25 18:00:00,535.416666666667,579.5,57.7333333333333,280.4
2023-05-25 19:00:00,100.416666666667,586.333333333333,59.2666666666667,279.733333333333
2023-05-25 20:00:00,23.6,591.166666666667,66.7333333333333,279.033333333333
2023-05-25 21:00:00,0.0,597.333333333333,75.4333333333333,278.416666666667
2023-05-25 22:00:00,0.0,596.5,92.8833333333333,277.616666666667
2023-05-25 23:00:00,0.0,594.166666666667,99.7166666666667,277.383333333333
2023-05-26 00:00:00,0.0,593.666666666667,99.9,277.333333333333
2023-05-26 01:00:00,0.0,592.5,99.9,276.9
2023-05-26 02:00:00,0.0,590.833333333333,98.8833333333333,276.6
2023-05-26 03:00:00,0.0,591.666666666667,99.5333333333333,276.466666666667
2023-05-26 04:00:00,0.0,588.166666666667,96.25,276.516666666667
2023-05-26 05:00:00,11.4333333333333,587.5,83.8666666666667,277.033333333333
2023-05-26 06:00:00,186.066666666667,583.5,79.3166666666667,277.35
2023-05-26 07:00:00,473.2,581.5,76.6,277.766666666667
2023-05-26 08:00:00,668.533333333333,581.166666666667,76.0666666666667,278.15
2023-05-26 09:00:00,760.8,573.5,88.4,279.483333333333
2023-05-26 10:00:00,677.816666666667,576.333333333333,98.1666666666667,279.05
2023-05-26 11:00:00,318.833333333333,584.333333333333,100.25,278.383333333333
2023-05-26 12:00:00,385.716666666667,583.333333333333,100.2,278.716666666667
2023-05-26 13:00:00,371.816666666667,577.333333333333,99.9333333333333,278.966666666667
2023-05-26 14:00:00,392.933333333333,574.166666666667,100.066666666667,278.983333333333
2023-05-26 15:00:00,484.033333333333,568.0,96.9666666666667,279.35
2023-05-26 16:00:00,374.666666666667,568.166666666667,93.0666666666667,279.7
2023-05-26 17:00:00,786.15,555.5,79.25,280.916666666667
2023-05-26 18:00:00,281.816666666667,563.166666666667,86.6333333333333,279.85
2023-05-26 19:00:00,142.183333333333,560.333333333333,98.0333333333333,278.666666666667
2023-05-26 20:00:00,21.15,539.333333333333,100.183333333333,277.95
2023-05-26 21:00:00,0.0,540.5,100.133333333333,277.666666666667
2023-05-26 22:00:00,0.0,538.833333333333,100.166666666667,277.383333333333
2023-05-26 23:00:00,0.0,537.0,100.166666666667,276.95
2023-05-27 00:00:00,0.0,535.5,100.2,276.533333333333
2023-05-27 01:00:00,0.0,534.666666666667,100.2,276.3
2023-05-27 02:00:00,0.0,536.0,100.166666666667,276.05
2023-05-27 03:00:00,0.0,536.5,100.166666666667,275.85
2023-05-27 04:00:00,0.0,536.0,100.116666666667,275.583333333333
2023-05-27 05:00:00,6.63333333333333,535.5,100.1,275.283333333333
2023-05-27 06:00:00,74.9333333333333,535.0,100.1,275.066666666667
2023-05-27 07:00:00,140.733333333333,533.5,100.183333333333,275.25
2023-05-27 08:00:00,196.633333333333,532.0,99.85,275.516666666667
2023-05-27 09:00:00,184.55,531.5,99.7666666666667,276.133333333333
2023-05-27 10:00:00,239.283333333333,528.833333333333,100.2,276.45
2023-05-27 11:00:00,438.0,521.5,95.55,277.283333333333
2023-05-27 12:00:00,677.1,515.833333333333,84.3166666666667,278.2
2023-05-27 13:00:00,756.95,511.666666666667,77.2166666666667,279.05
2023-05-27 14:00:00,656.45,506.5,72.45,279.55
2023-05-27 15:00:00,558.183333333333,502.666666666667,72.4666666666667,279.633333333333
2023-05-27 16:00:00,573.6,496.166666666667,69.35,279.783333333333
2023-05-27 17:00:00,376.55,495.333333333333,74.5,279.35
2023-05-27 18:00:00,267.95,496.333333333333,77.3666666666667,278.966666666667
2023-05-27 19:00:00,129.766666666667,498.666666666667,82.9833333333333,278.35
2023-05-27 20:00:00,26.6333333333333,501.333333333333,93.4833333333333,277.516666666667
2023-05-27 21:00:00,0.0,502.0,98.9333333333333,277.083333333333
2023-05-27 22:00:00,0.0,500.333333333333,100.2,276.833333333333
2023-05-27 23:00:00,0.0,500.333333333333,100.2,276.55
2023-05-28 00:00:00,0.0,499.333333333333,100.183333333333,276.4
2023-05-28 01:00:00,0.0,500.0,98.6333333333333,276.25
2023-05-28 02:00:00,0.0,498.5,83.9166666666667,277.45
2023-05-28 03:00:00,0.0,501.166666666667,78.95,277.166666666667
2023-05-28 04:00:00,0.0,498.666666666667,89.0166666666667,276.166666666667
2023-05-28 05:00:00,11.5166666666667,498.166666666667,92.7833333333333,276.5
2023-05-28 06:00:00,141.8,496.5,94.6333333333333,276.183333333333
2023-05-28 07:00:00,426.55,492.833333333333,94.5,276.583333333333
2023-05-28 08:00:00,408.733333333333,494.666666666667,95.0333333333334,277.116666666667
2023-05-28 09:00:00,332.883333333333,487.0,100.016666666667,277.25
2023-05-28 10:00:00,265.683333333333,489.666666666667,99.3,277.116666666667
2023-05-28 11:00:00,306.616666666667,493.5,99.4,277.066666666667
2023-05-28 12:00:00,428.9,485.0,87.5333333333333,277.666666666667
2023-05-28 13:00:00,534.35,480.666666666667,94.05,277.633333333333
2023-05-28 14:00:00,571.3,487.833333333333,81.4833333333333,278.566666666667
2023-05-28 15:00:00,591.0,489.5,82.35,278.933333333333
2023-05-28 16:00:00,449.016666666667,487.0,86.7166666666667,278.583333333333
2023-05-28 17:00:00,131.75,488.5,96.9833333333333,277.583333333333
2023-05-28 18:00:00,58.1666666666667,489.5,97.7166666666667,276.433333333333
2023-05-28 19:00:00,33.7,488.333333333333,100.15,275.75
2023-05-28 20:00:00,29.6166666666667,488.0,100.183333333333,275.866666666667
2023-05-28 21:00:00,0.566666666666667,486.666666666667,100.183333333333,275.683333333333
2023-05-28 22:00:00,0.0,489.0,100.15,275.516666666667
2023-05-28 23:00:00,0.0,484.666666666667,96.9333333333333,275.8
2023-05-29 00:00:00,0.0,485.0,96.1666666666667,275.566666666667
2023-05-29 01:00:00,0.0,484.0,96.2333333333333,275.483333333333
2023-05-29 02:00:00,0.0,482.166666666667,94.05,275.166666666667
2023-05-29 03:00:00,0.0,486.0,93.8666666666667,275.316666666667
2023-05-29 04:00:00,0.0,484.333333333333,93.4833333333333,275.333333333333
2023-05-29 05:00:00,11.2,483.666666666667,89.05,275.25
2023-05-29 06:00:00,179.2,478.166666666667,89.4833333333334,275.533333333333
2023-05-29 07:00:00,412.966666666667,476.833333333333,91.6333333333333,276.033333333333
2023-05-29 08:00:00,210.883333333333,481.5,94.7833333333334,275.7
2023-05-29 09:00:00,221.566666666667,484.0,98.95,276.316666666667
2023-05-29 10:00:00,275.45,482.5,98.15,276.8
2023-05-29 11:00:00,495.466666666667,479.333333333333,94.5833333333333,277.4
2023-05-29 12:00:00,876.783333333333,474.666666666667,88.1833333333333,278.65
2023-05-29 13:00:00,982.516666666667,467.666666666667,81.2833333333333,279.266666666667
2023-05-29 14:00:00,748.8,464.5,75.55,279.183333333333
2023-05-29 15:00:00,658.15,458.0,72.6833333333333,279.583333333333
2023-05-29 16:00:00,554.816666666667,456.333333333333,74.9833333333333,279.816666666667
2023-05-29 17:00:00,255.016666666667,457.0,78.9833333333333,279.283333333333
2023-05-29 18:00:00,214.133333333333,454.666666666667,85.95,278.716666666667
2023-05-29 19:00:00,61.25,455.0,92.05,278.116666666667
2023-05-29 20:00:00,26.8333333333333,455.5,98.3833333333333,277.35
2023-05-29 21:00:00,0.566666666666667,455.333333333333,97.8333333333333,277.083333333333
2023-05-29 22:00:00,0.0,453.0,99.6166666666667,276.516666666667
2023-05-29 23:00:00,0.0,453.333333333333,100.2,276.1
2023-05-30 00:00:00,0.0,453.5,100.2,275.783333333333
2023-05-30 01:00:00,0.0,453.166666666667,100.166666666667,275.383333333333
2023-05-30 02:00:00,0.0,451.833333333333,100.2,275.016666666667
2023-05-30 03:00:00,0.0,450.666666666667,100.2,274.9
2023-05-30 04:00:00,0.0,450.0,100.116666666667,274.283333333333
2023-05-30 05:00:00,7.76666666666667,452.666666666667,100.15,274.216666666667
2023-05-30 06:00:00,86.8833333333333,451.666666666667,100.166666666667,274.15
2023-05-30 07:00:00,224.1,448.0,100.183333333333,274.75
2023-05-30 08:00:00,343.516666666667,449.0,99.1833333333333,275.133333333333
2023-05-30 09:00:00,405.366666666667,446.5,99.45,276.066666666667
2023-05-30 10:00:00,791.683333333333,446.333333333333,93.5666666666667,277.05
2023-05-30 11:00:00,1142.48333333333,439.666666666667,77.5,277.766666666667
2023-05-30 12:00:00,1371.91666666667,432.5,61.7166666666667,278.566666666667
2023-05-30 13:00:00,1250.66666666667,422.5,54.3166666666667,279.216666666667
2023-05-30 14:00:00,893.683333333333,417.833333333333,51.25,279.216666666667
2023-05-30 15:00:00,881.783333333333,409.0,45.8333333333333,279.633333333333
2023-05-30 16:00:00,768.483333333333,402.833333333333,51.2166666666667,279.633333333333
2023-05-30 17:00:00,487.566666666667,401.5,72.2833333333333,277.933333333333
2023-05-30 18:00:00,136.75,404.5,91.8,276.666666666667
2023-05-30 19:00:00,44.6833333333333,403.833333333333,99.6833333333333,275.683333333333
2023-05-30 20:00:00,15.3666666666667,403.333333333333,95.9666666666667,275.733333333333
2023-05-30 21:00:00,0.0,404.333333333333,100.1,275.4
2023-05-30 22:00:00,0.0,399.333333333333,100.05,275.283333333333
2023-05-30 23:00:00,0.0,401.166666666667,99.6,275.366666666667
2023-05-31 00:00:00,0.0,399.666666666667,99.3333333333334,275.0
2023-05-31 01:00:00,0.0,399.333333333333,99.8333333333333,274.933333333333
2023-05-31 02:00:00,0.0,397.166666666667,96.9333333333334,275.233333333333
2023-05-31 03:00:00,0.0,397.5,95.9,275.316666666667
2023-05-31 04:00:00,0.0,398.5,94.3833333333333,275.566666666667
2023-05-31 05:00:00,12.2166666666667,397.833333333333,91.0333333333334,275.733333333333
2023-05-31 06:00:00,204.95,393.833333333333,90.6333333333333,275.933333333333
2023-05-31 07:00:00,414.3,391.333333333333,89.9666666666667,276.45
2023-05-31 08:00:00,483.383333333333,390.833333333333,81.25,276.783333333333
2023-05-31 09:00:00,1033.5,383.833333333333,86.5333333333333,278.183333333333
2023-05-31 10:00:00,1224.36666666667,384.333333333333,86.1666666666667,278.683333333333
2023-05-31 11:00:00,1073.21666666667,376.0,80.5166666666667,278.95
2023-05-31 12:00:00,911.683333333333,368.0,78.55,279.233333333333
2023-05-31 13:00:00,595.516666666667,359.0,71.8166666666667,279.3
2023-05-31 14:00:00,630.0,354.666666666667,65.45,279.6
2023-05-31 15:00:00,567.633333333333,357.0,60.4,279.716666666667
2023-05-31 16:00:00,592.183333333333,355.833333333333,58.45,279.916666666667
2023-05-31 17:00:00,528.933333333333,354.5,64.9166666666667,279.8
2023-05-31 18:00:00,314.933333333333,348.5,68.2,279.333333333333
2023-05-31 19:00:00,131.983333333333,350.833333333333,69.3666666666667,278.9
2023-05-31 20:00:00,30.5,353.666666666667,68.1,278.583333333333
2023-05-31 21:00:00,0.9,355.833333333333,77.7166666666667,278.166666666667
2023-05-31 22:00:00,0.0,356.833333333333,84.1333333333333,277.533333333333
2023-05-31 23:00:00,0.0,353.5,82.5333333333333,277.783333333333
2023-06-01 00:00:00,0.0,352.333333333333,81.0166666666667,277.55
2023-06-01 01:00:00,0.0,350.666666666667,83.4666666666667,277.033333333333
2023-06-01 02:00:00,0.0,347.833333333333,82.2666666666667,276.85
2023-06-01 03:00:00,0.0,348.666666666667,74.9166666666667,277.05
2023-06-01 04:00:00,0.0,350.333333333333,76.45,276.666666666667
2023-06-01 05:00:00,14.45,349.0,75.65,276.75
2023-06-01 06:00:00,225.083333333333,347.5,75.4333333333333,277.05
2023-06-01 07:00:00,513.416666666667,343.0,73.2,277.766666666667
2023-06-01 08:00:00,597.933333333333,344.833333333333,79.3,278.633333333333
2023-06-01 09:00:00,521.816666666667,346.166666666667,80.4666666666667,278.45
2023-06-01 10:00:00,585.616666666667,343.5,77.8833333333333,279.05
2023-06-01 11:00:00,517.066666666667,342.166666666667,73.7166666666667,279.516666666667
2023-06-01 12:00:00,483.133333333333,336.833333333333,71.3833333333333,279.7
2023-06-01 13:00:00,462.766666666667,324.666666666667,71.1833333333333,279.933333333333
2023-06-01 14:00:00,607.95,320.5,70.0166666666667,279.833333333333
2023-06-01 15:00:00,936.766666666666,321.666666666667,62.4833333333333,281.1
2023-06-01 16:00:00,546.8,320.333333333333,60.6166666666667,281.4
2023-06-01 17:00:00,417.566666666667,320.333333333333,67.7333333333333,281.083333333333
2023-06-01 18:00:00,209.583333333333,319.166666666667,77.7666666666667,279.95
2023-06-01 19:00:00,85.3833333333333,316.666666666667,84.2166666666667,279.316666666667
2023-06-01 20:00:00,39.0833333333333,319.333333333333,88.9,278.633333333333
2023-06-01 21:00:00,0.783333333333333,321.166666666667,96.6333333333333,277.966666666667
2023-06-01 22:00:00,0.0,321.833333333333,95.1,277.3
2023-06-01 23:00:00,0.0,323.666666666667,98.7166666666667,276.683333333333
2023-06-02 00:00:00,0.0,322.333333333333,98.2833333333333,276.683333333333
2023-06-02 01:00:00,0.0,320.0,94.05,277.066666666667
2023-06-02 02:00:00,0.0,319.666666666667,95.4666666666667,277.033333333333
2023-06-02 03:00:00,0.0,319.0,93.0666666666667,276.716666666667
2023-06-02 04:00:00,0.0,318.0,96.05,276.183333333333
2023-06-02 05:00:00,13.8666666666667,319.666666666667,98.0166666666667,275.866666666667
2023-06-02 06:00:00,200.066666666667,315.333333333333,97.9,275.833333333333
2023-06-02 07:00:00,454.866666666667,310.666666666667,93.3166666666667,277.166666666667
2023-06-02 08:00:00,272.45,319.5,98.8666666666667,277.633333333333
2023-06-02 09:00:00,283.7,318.333333333333,99.7166666666667,277.6
2023-06-02 10:00:00,396.183333333333,317.333333333333,96.2333333333333,278.316666666667
2023-06-02 11:00:00,772.95,312.333333333333,82.1333333333333,279.566666666667
2023-06-02 12:00:00,943.25,302.166666666667,68.3333333333333,280.7
2023-06-02 13:00:00,646.333333333333,298.333333333333,62.1166666666667,281.033333333333
2023-06-02 14:00:00,525.166666666667,294.0,58.2166666666667,281.233333333333
2023-06-02 15:00:00,721.583333333333,288.333333333333,53.1166666666667,281.816666666667
2023-06-02 16:00:00,476.35,286.333333333333,51.6166666666667,281.733333333333
2023-06-02 17:00:00,590.083333333333,279.833333333333,58.3333333333333,281.683333333333
2023-06-02 18:00:00,136.783333333333,280.666666666667,69.0,280.316666666667
2023-06-02 19:00:00,40.9333333333333,279.333333333333,71.6,278.8
2023-06-02 20:00:00,15.6833333333333,281.333333333333,87.0166666666667,277.633333333333
2023-06-02 21:00:00,0.0,277.333333333333,96.3333333333333,276.6
2023-06-02 22:00:00,0.0,267.0,96.1666666666667,276.366666666667
2023-06-02 23:00:00,0.0,273.666666666667,91.0666666666667,276.966666666667
2023-06-03 00:00:00,0.0,273.333333333333,85.5333333333334,277.366666666667
2023-06-03 01:00:00,0.0,273.333333333333,84.45,277.25
2023-06-03 02:00:00,0.0,269.833333333333,82.75,277.1
2023-06-03 03:00:00,0.0,269.166666666667,81.0666666666667,277.1
2023-06-03 04:00:00,0.0,271.166666666667,78.2,277.5
2023-06-03 05:00:00,12.75,268.0,77.8166666666667,277.216666666667
2023-06-03 06:00:00,195.083333333333,268.0,79.8166666666667,277.166666666667
2023-06-03 07:00:00,471.316666666667,263.166666666667,79.7333333333333,278.233333333333
2023-06-03 08:00:00,562.583333333333,266.5,88.7666666666667,278.666666666667
2023-06-03 09:00:00,892.9,268.5,94.75,279.383333333333
2023-06-03 10:00:00,1193.56666666667,257.333333333333,80.75,280.7
2023-06-03 11:00:00,1315.1,247.333333333333,68.6833333333333,281.683333333333
2023-06-03 12:00:00,1340.1,241.0,64.3166666666667,281.866666666667
2023-06-03 13:00:00,741.616666666667,232.166666666667,64.7333333333333,281.583333333333
2023-06-03 14:00:00,587.066666666667,232.833333333333,67.2166666666667,281.633333333333
2023-06-03 15:00:00,531.916666666667,223.666666666667,71.3666666666667,281.316666666667
2023-06-03 16:00:00,316.666666666667,221.833333333333,75.8666666666667,280.35
2023-06-03 17:00:00,135.533333333333,218.0,92.0833333333333,278.766666666667
2023-06-03 18:00:00,63.25,219.666666666667,97.25,277.533333333333
2023-06-03 19:00:00,11.4833333333333,222.833333333333,100.133333333333,276.716666666667
2023-06-03 20:00:00,0.2,219.333333333333,100.15,276.116666666667
2023-06-03 21:00:00,0.0,221.666666666667,100.2,275.5
2023-06-03 22:00:00,0.0,219.833333333333,100.2,275.45
2023-06-03 23:00:00,0.0,219.333333333333,99.8166666666667,275.9
2023-06-04 00:00:00,0.0,217.5,98.8166666666667,276.066666666667
2023-06-04 01:00:00,0.0,212.333333333333,96.6,276.416666666667
2023-06-04 02:00:00,0.0,209.833333333333,94.3833333333333,276.65
2023-06-04 03:00:00,0.0,210.666666666667,95.9333333333333,276.416666666667
2023-06-04 04:00:00,0.0,211.833333333333,95.1166666666667,276.466666666667
2023-06-04 05:00:00,10.8666666666667,212.5,97.8,276.166666666667
2023-06-04 06:00:00,86.5833333333333,210.833333333333,97.3333333333333,276.316666666667
2023-06-04 07:00:00,157.416666666667,210.333333333333,98.9166666666667,276.7
2023-06-04 08:00:00,282.15,202.833333333333,100.2,277.0
2023-06-04 09:00:00,347.066666666667,202.333333333333,100.2,277.016666666667
2023-06-04 10:00:00,401.75,200.833333333333,98.6,277.466666666667
2023-06-04 11:00:00,376.133333333333,199.666666666667,92.9333333333333,277.85
2023-06-04 12:00:00,455.45,197.5,98.8833333333334,277.7
2023-06-04 13:00:00,323.516666666667,190.166666666667,99.4833333333333,277.783333333333
2023-06-04 14:00:00,354.4,189.333333333333,97.2,276.966666666667
2023-06-04 15:00:00,366.95,188.0,97.0833333333333,277.1
2023-06-04 16:00:00,354.633333333333,187.666666666667,98.2166666666667,277.5
2023-06-04 17:00:00,89.8,188.333333333333,100.183333333333,276.95
2023-06-04 18:00:00,53.1833333333333,191.333333333333,100.183333333333,276.7
2023-06-04 19:00:00,21.0166666666667,192.5,100.183333333333,276.083333333333
2023-06-04 20:00:00,16.7,185.166666666667,100.133333333333,275.7
2023-06-04 21:00:00,0.0,182.833333333333,100.133333333333,275.85
2023-06-04 22:00:00,0.0,185.0,100.183333333333,276.05
2023-06-04 23:00:00,0.0,184.833333333333,100.183333333333,276.083333333333
2023-06-05 00:00:00,0.0,184.666666666667,100.2,275.9
2023-06-05 01:00:00,0.0,184.333333333333,100.2,276.166666666667
2023-06-05 02:00:00,0.0,184.333333333333,100.2,275.916666666667
2023-06-05 03:00:00,0.0,182.5,100.2,276.1
2023-06-05 04:00:00,0.0,181.666666666667,100.133333333333,276.466666666667
2023-06-05 05:00:00,8.43333333333333,182.666666666667,100.2,276.166666666667
2023-06-05 06:00:00,72.4166666666667,180.833333333333,100.2,276.15
2023-06-05 07:00:00,118.4,177.833333333333,100.2,276.183333333333
2023-06-05 08:00:00,121.716666666667,182.5,100.2,276.0
2023-06-05 09:00:00,161.983333333333,188.5,100.15,276.016666666667
2023-06-05 10:00:00,199.0,187.0,100.133333333333,276.016666666667
2023-06-05 11:00:00,181.183333333333,178.5,100.133333333333,275.55
2023-06-05 12:00:00,313.266666666667,177.833333333333,100.183333333333,275.233333333333
2023-06-05 13:00:00,401.633333333333,177.5,100.166666666667,275.233333333333
2023-06-05 14:00:00,534.966666666667,171.333333333333,100.183333333333,275.9
2023-06-05 15:00:00,450.466666666667,164.5,100.15,276.266666666667
2023-06-05 16:00:00,131.066666666667,152.0,100.183333333333,276.116666666667
2023-06-05 17:00:00,114.75,153.5,100.15,275.6
2023-06-05 18:00:00,83.8,148.666666666667,100.1,275.133333333333
2023-06-05 19:00:00,40.9333333333333,132.666666666667,100.116666666667,274.716666666667
2023-06-05 20:00:00,14.35,134.666666666667,100.1,274.233333333333
2023-06-05 21:00:00,1.35,131.333333333333,98.3833333333333,275.033333333333
2023-06-05 22:00:00,0.0,131.833333333333,90.1666666666667,275.65
2023-06-05 23:00:00,0.0,130.666666666667,86.9666666666667,275.716666666667
2023-06-06 00:00:00,0.0,129.0,87.35,275.616666666667
2023-06-06 01:00:00,0.0,128.333333333333,84.8,275.833333333333
2023-06-06 02:00:00,0.0,127.833333333333,85.9,275.766666666667
2023-06-06 03:00:00,0.0,130.333333333333,86.6666666666667,275.7
2023-06-06 04:00:00,0.0,131.666666666667,88.4833333333333,275.433333333333
2023-06-06 05:00:00,12.1,128.333333333333,88.7333333333333,275.116666666667
2023-06-06 06:00:00,210.133333333333,128.5,88.7,275.466666666667
2023-06-06 07:00:00,460.666666666667,124.833333333333,87.0333333333333,276.1
2023-06-06 08:00:00,431.9,131.333333333333,90.4333333333333,276.633333333333
2023-06-06 09:00:00,519.45,139.333333333333,96.6666666666667,276.916666666667
2023-06-06 10:00:00,553.6,131.666666666667,95.1333333333333,277.183333333333
2023-06-06 11:00:00,413.55,118.833333333333,92.4333333333333,277.283333333333
2023-06-06 12:00:00,432.133333333333,123.666666666667,94.1666666666667,277.633333333333
2023-06-06 13:00:00,339.483333333333,106.5,94.05,277.916666666667
2023-06-06 14:00:00,481.3,94.3333333333333,93.85,278.283333333333
2023-06-06 15:00:00,480.6,89.6666666666667,88.9833333333333,278.816666666667
2023-06-06 16:00:00,427.783333333333,76.3333333333333,85.7,279.0
2023-06-06 17:00:00,271.4,74.3333333333333,87.0333333333333,278.683333333333
2023-06-06 18:00:00,160.75,74.0,89.2,278.316666666667
2023-06-06 19:00:00,81.1833333333333,75.3333333333333,93.7166666666667,277.95
2023-06-06 20:00:00,25.6166666666667,81.5,99.2666666666667,277.3
2023-06-06 21:00:00,0.1,85.6666666666667,100.15,276.683333333333
2023-06-06 22:00:00,0.0,67.1666666666667,100.2,276.3
2023-06-06 23:00:00,0.0,71.6666666666667,100.183333333333,276.083333333333
2023-06-07 00:00:00,0.0,80.6666666666667,100.166666666667,275.866666666667
2023-06-07 01:00:00,0.0,78.6666666666667,99.8333333333333,275.85
2023-06-07 02:00:00,0.0,78.0,93.9166666666667,276.0
2023-06-07 03:00:00,0.0,74.8333333333333,82.9833333333333,276.266666666667
2023-06-07 04:00:00,0.0,74.3333333333333,75.95,276.45
2023-06-07 05:00:00,17.0833333333333,75.3333333333333,83.9833333333333,275.816666666667
2023-06-07 06:00:00,112.466666666667,74.1666666666667,86.2166666666667,275.7
2023-06-07 07:00:00,342.083333333333,68.1666666666667,89.3833333333333,276.116666666667
2023-06-07 08:00:00,223.533333333333,74.3333333333333,99.9833333333333,276.166666666667
2023-06-07 09:00:00,345.633333333333,74.1666666666667,92.6,277.0
2023-06-07 10:00:00,732.016666666667,62.6666666666667,86.2166666666667,278.816666666667
2023-06-07 11:00:00,959.483333333334,33.8333333333333,74.8833333333333,279.583333333333
2023-06-07 12:00:00,1279.16666666667,24.0,61.0666666666667,280.95
2023-06-07 13:00:00,1303.75,9.33333333333333,56.6,281.75
2023-06-07 14:00:00,1223.4,5.16666666666667,60.0833333333333,282.3
2023-06-07 15:00:00,473.816666666667,17.5,64.6666666666667,281.2
2023-06-07 16:00:00,439.166666666667,32.6666666666667,63.5166666666667,281.216666666667
2023-06-07 17:00:00,615.766666666667,20.6666666666667,60.4333333333333,281.333333333333
2023-06-07 18:00:00,287.45,15.8333333333333,69.1,280.683333333333
2023-06-07 19:00:00,86.6166666666667,23.5,74.2333333333333,279.666666666667
2023-06-07 20:00:00,48.5,5.16666666666667,72.6666666666667,278.6
2023-06-07 21:00:00,1.35,35.1666666666667,85.05,277.95
2023-06-07 22:00:00,0.0,50.5,86.7833333333333,277.883333333333
2023-06-07 23:00:00,0.0,43.3333333333333,87.85,277.883333333333
2023-06-08 00:00:00,0.0,45.6666666666667,80.2666666666667,278.066666666667
2023-06-08 01:00:00,0.0,43.8333333333333,82.1,277.766666666667
2023-06-08 02:00:00,0.0,41.1666666666667,79.1833333333333,277.75
2023-06-08 03:00:00,0.0,38.1666666666667,81.1666666666667,277.733333333333
2023-06-08 04:00:00,0.0,26.8333333333333,84.0833333333333,277.283333333333
2023-06-08 05:00:00,9.43333333333333,32.1666666666667,86.9333333333333,277.083333333333
2023-06-08 06:00:00,179.95,29.0,84.5166666666667,277.533333333333
2023-06-08 07:00:00,449.2,10.5,83.0166666666667,277.716666666667
2023-06-08 08:00:00,774.033333333333,-6.16666666666667,87.8833333333333,279.3
2023-06-08 09:00:00,905.916666666667,9.16666666666667,81.7666666666667,279.683333333333
2023-06-08 10:00:00,521.733333333333,15.8333333333333,85.95,279.666666666667
2023-06-08 11:00:00,440.35,19.0,100.15,278.233333333333
2023-06-08 12:00:00,681.45,20.0,100.216666666667,278.633333333333
2023-06-08 13:00:00,627.333333333333,21.0,94.7833333333333,278.583333333333
2023-06-08 14:00:00,121.5,17.6666666666667,97.5333333333334,276.8
2023-06-08 15:00:00,332.483333333333,26.0,100.183333333333,276.2
2023-06-08 16:00:00,715.466666666667,17.0,97.6,277.566666666667
2023-06-08 17:00:00,603.516666666667,8.66666666666667,95.8,278.8
2023-06-08 18:00:00,287.066666666667,6.83333333333333,80.2833333333333,278.966666666667
2023-06-08 19:00:00,145.45,1.66666666666667,68.5333333333333,279.183333333333
2023-06-08 20:00:00,28.6166666666667,-1.16666666666667,75.5,278.283333333333
2023-06-08 21:00:00,1.35,-0.833333333333333,77.1833333333333,278.083333333333
2023-06-08 22:00:00,0.0,9.16666666666667,83.25,277.583333333333
2023-06-08 23:00:00,0.0,6.16666666666667,82.5166666666667,277.7
2023-06-09 00:00:00,0.0,9.33333333333333,83.4666666666667,277.433333333333
2023-06-09 01:00:00,0.0,11.1666666666667,85.4666666666667,277.083333333333
2023-06-09 02:00:00,0.0,18.3333333333333,84.5666666666667,277.0
2023-06-09 03:00:00,0.0,16.6666666666667,81.7666666666667,276.916666666667
2023-06-09 04:00:00,0.0,15.8333333333333,81.6666666666667,276.65
2023-06-09 05:00:00,15.5333333333333,18.5,77.45,277.0
2023-06-09 06:00:00,205.4,1.16666666666667,77.45,276.816666666667
2023-06-09 07:00:00,480.866666666667,-6.0,80.3833333333333,277.883333333333
2023-06-09 08:00:00,604.516666666667,11.3333333333333,86.8166666666667,278.416666666667
2023-06-09 09:00:00,400.95,17.3333333333333,85.6333333333333,278.433333333333
2023-06-09 10:00:00,664.866666666667,28.0,85.35,279.516666666667
2023-06-09 11:00:00,1198.63333333333,23.0,72.3833333333333,281.033333333333
2023-06-09 12:00:00,1251.4,6.16666666666667,63.2333333333333,281.883333333333
2023-06-09 13:00:00,895.533333333333,11.0,58.6833333333333,282.366666666667
2023-06-09 14:00:00,769.383333333333,8.5,58.35,282.35
2023-06-09 15:00:00,621.266666666667,12.1666666666667,61.3333333333333,282.4
2023-06-09 16:00:00,572.416666666667,10.1666666666667,60.6,282.25
2023-06-09 17:00:00,439.333333333333,7.66666666666667,67.4833333333333,282.166666666667
2023-06-09 18:00:00,285.366666666667,16.8333333333333,78.7666666666667,281.5
2023-06-09 19:00:00,109.866666666667,28.6666666666667,86.05,280.483333333333
2023-06-09 20:00:00,41.15,50.5,92.0166666666667,279.783333333333
2023-06-09 21:00:00,2.46666666666667,1.0,96.5333333333334,279.35
2023-06-09 22:00:00,0.0,-2.66666666666667,99.8333333333333,278.8
2023-06-09 23:00:00,0.0,2.33333333333333,99.0333333333333,278.716666666667
2023-06-10 00:00:00,0.0,10.0,83.3333333333333,279.433333333333
2023-06-10 01:00:00,0.0,36.0,82.8,279.066666666667
2023-06-10 02:00:00,0.0,52.3333333333333,79.2833333333334,279.183333333333
2023-06-10 03:00:00,0.0,57.1666666666667,79.9166666666667,278.95
2023-06-10 04:00:00,0.0,65.6666666666667,84.0,278.633333333333
2023-06-10 05:00:00,15.8666666666667,68.5,86.8166666666667,278.3
2023-06-10 06:00:00,205.4,60.1666666666667,82.9166666666667,278.7
2023-06-10 07:00:00,391.416666666667,22.1666666666667,88.8,278.816666666667
2023-06-10 08:00:00,469.25,-11.5,94.8666666666667,279.3
2023-06-10 09:00:00,446.966666666667,-10.8333333333333,98.1666666666667,279.433333333333
2023-06-10 10:00:00,607.116666666667,-1.33333333333333,94.85,280.416666666667
2023-06-10 11:00:00,696.033333333333,16.6666666666667,89.2166666666667,280.966666666667
2023-06-10 12:00:00,334.283333333333,9.66666666666667,92.6833333333333,280.0
2023-06-10 13:00:00,481.116666666667,11.8333333333333,88.75,280.533333333333
2023-06-10 14:00:00,635.416666666667,2.33333333333333,82.2,281.183333333333
2023-06-10 15:00:00,468.433333333333,-0.166666666666667,79.7166666666667,281.266666666667
2023-06-10 16:00:00,480.15,-11.1666666666667,79.4,281.533333333333
2023-06-10 17:00:00,309.766666666667,-6.5,89.8833333333334,280.733333333333
2023-06-10 18:00:00,107.883333333333,54.0,98.9,280.033333333333
2023-06-10 19:00:00,37.9166666666667,74.5,100.2,279.45
2023-06-10 20:00:00,8.78333333333334,46.5,100.183333333333,278.9
2023-06-10 21:00:00,0.0,9.33333333333333,100.133333333333,278.4
2023-06-10 22:00:00,0.0,-2.16666666666667,100.116666666667,278.15
2023-06-10 23:00:00,0.0,25.0,100.1,277.666666666667
2023-06-11 00:00:00,0.0,30.1666666666667,100.116666666667,277.866666666667
2023-06-11 01:00:00,0.0,29.8333333333333,100.116666666667,277.433333333333
2023-06-11 02:00:00,0.0,28.1666666666667,100.1,277.333333333333
2023-06-11 03:00:00,0.0,30.6666666666667,100.066666666667,277.416666666667
2023-06-11 04:00:00,0.0,33.8333333333333,100.2,277.166666666667
2023-06-11 05:00:00,19.2333333333333,29.1666666666667,100.2,276.85
2023-06-11 06:00:00,79.25,24.1666666666667,100.15,277.033333333333
2023-06-11 07:00:00,108.433333333333,21.3333333333333,100.116666666667,276.866666666667
2023-06-11 08:00:00,198.65,15.8333333333333,100.116666666667,277.183333333333
2023-06-11 09:00:00,112.15,5.83333333333333,100.2,277.5
2023-06-11 10:00:00,176.516666666667,14.0,100.166666666667,277.933333333333
2023-06-11 11:00:00,331.483333333333,38.1666666666667,100.033333333333,278.583333333333
2023-06-11 12:00:00,501.816666666667,9.83333333333334,99.9,279.2
2023-06-11 13:00:00,413.733333333333,8.0,99.8333333333333,278.8
2023-06-11 14:00:00,485.816666666667,20.3333333333333,93.8833333333333,280.1
2023-06-11 15:00:00,527.8,32.0,87.2166666666667,281.083333333333
2023-06-11 16:00:00,232.9,25.5,82.7833333333333,279.633333333333
2023-06-11 17:00:00,467.55,33.8333333333333,92.55,279.4
2023-06-11 18:00:00,569.216666666667,17.5,79.85,280.6
2023-06-11 19:00:00,183.783333333333,45.3333333333333,85.4,279.6
2023-06-11 20:00:00,45.6166666666667,35.5,99.7666666666667,278.4
2023-06-11 21:00:00,2.78333333333333,43.8333333333333,100.133333333333,278.15
2023-06-11 22:00:00,0.0,42.6666666666667,100.133333333333,277.9
2023-06-11 23:00:00,0.0,41.1666666666667,100.166666666667,277.7
2023-06-12 00:00:00,0.0,45.1666666666667,100.116666666667,277.45
2023-06-12 01:00:00,0.0,41.5,99.8166666666667,277.1
2023-06-12 02:00:00,0.0,27.8333333333333,90.9666666666667,277.666666666667
2023-06-12 03:00:00,0.0,27.1666666666667,84.8333333333333,277.733333333333
2023-06-12 04:00:00,0.0,22.1666666666667,86.2166666666667,277.316666666667
2023-06-12 05:00:00,11.55,12.1666666666667,84.1833333333334,277.25
2023-06-12 06:00:00,246.2,31.1666666666667,78.9,277.016666666667
2023-06-12 07:00:00,441.2,44.6666666666667,88.1166666666667,277.616666666667
2023-06-12 08:00:00,525.05,22.3333333333333,100.2,278.533333333333
2023-06-12 09:00:00,672.7,26.6666666666667,99.7833333333333,279.15
2023-06-12 10:00:00,827.633333333333,27.0,93.1833333333333,280.233333333333
2023-06-12 11:00:00,1243.16666666667,12.8333333333333,80.3833333333333,281.533333333333
2023-06-12 12:00:00,965.383333333333,8.16666666666667,74.65,282.2
2023-06-12 13:00:00,610.3,4.5,72.35,281.983333333333
2023-06-12 14:00:00,1154.81666666667,10.8333333333333,67.0833333333333,282.75
2023-06-12 15:00:00,451.666666666667,6.33333333333333,69.4166666666667,282.133333333333
2023-06-12 16:00:00,438.016666666667,-1.0,73.7333333333333,282.033333333333
2023-06-12 17:00:00,370.166666666667,21.0,77.8666666666667,281.433333333333
2023-06-12 18:00:00,159.483333333333,57.5,84.9666666666667,280.766666666667
2023-06-12 19:00:00,52.9333333333333,59.6666666666667,94.9333333333333,279.8
2023-06-12 20:00:00,17.1166666666667,46.5,97.7666666666667,279.2
2023-06-12 21:00:00,2.13333333333333,58.5,100.1,278.516666666667
2023-06-12 22:00:00,0.0,60.6666666666667,100.15,278.05
2023-06-12 23:00:00,0.0,56.3333333333333,100.15,277.833333333333
2023-06-13 00:00:00,0.0,56.1666666666667,100.166666666667,277.65
2023-06-13 01:00:00,0.0,60.0,100.133333333333,277.483333333333
2023-06-13 02:00:00,0.0,63.0,100.15,277.116666666667
2023-06-13 03:00:00,0.0,65.0,95.4666666666667,277.55
2023-06-13 04:00:00,0.0,64.5,93.35,277.666666666667
2023-06-13 05:00:00,11.65,68.6666666666667,96.9833333333334,276.95
2023-06-13 06:00:00,242.516666666667,47.5,91.6,277.433333333333
2023-06-13 07:00:00,480.2,52.6666666666667,94.05,278.733333333333
2023-06-13 08:00:00,533.65,53.5,100.116666666667,279.0
2023-06-13 09:00:00,814.75,22.1666666666667,99.9166666666667,279.433333333333
2023-06-13 10:00:00,989.95,18.1666666666667,93.9166666666667,280.55
2023-06-13 11:00:00,1010.2,17.3333333333333,84.7166666666667,281.1
2023-06-13 12:00:00,988.7,8.33333333333334,76.4166666666667,281.7
2023-06-13 13:00:00,969.616666666667,11.5,65.7166666666667,282.566666666667
2023-06-13 14:00:00,915.433333333333,16.3333333333333,67.75,282.716666666667
2023-06-13 15:00:00,580.533333333333,23.5,70.75,282.25
2023-06-13 16:00:00,387.533333333333,14.1666666666667,75.3,281.65
2023-06-13 17:00:00,329.066666666667,9.83333333333333,76.9333333333333,281.316666666667
2023-06-13 18:00:00,212.466666666667,14.1666666666667,78.8666666666667,281.0
2023-06-13 19:00:00,93.1833333333333,4.16666666666667,84.95,280.0
2023-06-13 20:00:00,24.7,21.5,88.6333333333334,279.2
2023-06-13 21:00:00,2.01666666666667,35.1666666666667,92.4833333333333,278.25
2023-06-13 22:00:00,0.0,48.1666666666667,90.0833333333333,277.6
2023-06-13 23:00:00,0.0,38.5,86.55,277.133333333333
2023-06-14 00:00:00,0.0,59.3333333333333,87.9333333333334,276.866666666667
2023-06-14 01:00:00,0.0,60.1666666666667,91.85,276.933333333333
2023-06-14 02:00:00,0.0,55.8333333333333,92.85,276.35
2023-06-14 03:00:00,0.0,52.6666666666667,90.4166666666667,276.566666666667
2023-06-14 04:00:00,0.0,54.0,88.6,276.616666666667
2023-06-14 05:00:00,12.5333333333333,50.6666666666667,89.7833333333333,276.25
2023-06-14 06:00:00,242.533333333333,47.1666666666667,88.7333333333333,276.483333333333
2023-06-14 07:00:00,500.083333333333,44.0,89.4666666666667,277.033333333333
2023-06-14 08:00:00,664.666666666667,28.6666666666667,93.4833333333333,277.4
2023-06-14 09:00:00,899.433333333333,11.0,86.45,278.033333333333
2023-06-14 10:00:00,1062.95,16.6666666666667,76.8166666666667,278.6
2023-06-14 11:00:00,1198.46666666667,10.3333333333333,70.6833333333333,279.616666666667
2023-06-14 12:00:00,1300.66666666667,19.6666666666667,66.8,280.7
2023-06-14 13:00:00,1171.35,18.8333333333333,60.75,281.6
2023-06-14 14:00:00,642.516666666667,12.3333333333333,59.85,281.283333333333
2023-06-14 15:00:00,682.283333333333,16.8333333333333,61.75,281.233333333333
2023-06-14 16:00:00,469.566666666667,-1.66666666666667,60.95,280.55
2023-06-14 17:00:00,521.75,-3.83333333333333,58.9333333333333,280.666666666667
2023-06-14 18:00:00,399.1,6.16666666666667,62.6333333333333,280.5
2023-06-14 19:00:00,112.316666666667,21.5,69.2666666666667,279.383333333333
2023-06-14 20:00:00,28.4833333333333,27.1666666666667,76.1166666666667,278.65
2023-06-14 21:00:00,0.9,15.8333333333333,84.4833333333333,277.75
2023-06-14 22:00:00,0.0,15.5,89.8833333333333,277.1
2023-06-14 23:00:00,0.0,6.16666666666667,93.4333333333333,276.466666666667
2023-06-15 00:00:00,0.0,1.66666666666667,96.0,275.9
2023-06-15 01:00:00,0.0,3.16666666666667,97.8333333333333,275.55
2023-06-15 02:00:00,0.0,12.5,96.6666666666667,275.333333333333
2023-06-15 03:00:00,0.0,13.6666666666667,75.0166666666667,276.483333333333
2023-06-15 04:00:00,0.0,13.3333333333333,74.1833333333333,276.166666666667
2023-06-15 05:00:00,13.8833333333333,21.0,83.75,275.216666666667
2023-06-15 06:00:00,220.85,5.16666666666667,86.3166666666667,275.383333333333
2023-06-15 07:00:00,476.983333333333,-0.666666666666667,88.75,276.266666666667
2023-06-15 08:00:00,440.8,11.3333333333333,92.3333333333333,276.416666666667
2023-06-15 09:00:00,480.466666666667,26.6666666666667,87.05,276.733333333333
2023-06-15 10:00:00,553.3,41.5,78.7833333333333,277.6
2023-06-15 11:00:00,693.466666666667,39.1666666666667,72.5,278.333333333333
2023-06-15 12:00:00,887.65,30.1666666666667,66.5,279.2
2023-06-15 13:00:00,747.233333333333,24.6666666666667,68.3833333333334,279.2
2023-06-15 14:00:00,428.316666666667,14.1666666666667,68.6666666666667,278.85
2023-06-15 15:00:00,513.716666666667,22.6666666666667,68.0833333333333,279.083333333333
2023-06-15 16:00:00,280.583333333333,9.66666666666667,69.8666666666667,278.866666666667
2023-06-15 17:00:00,277.016666666667,2.83333333333333,77.5833333333333,278.6
2023-06-15 18:00:00,75.6166666666667,-1.33333333333333,85.9833333333333,277.816666666667
2023-06-15 19:00:00,44.6833333333333,26.6666666666667,90.2666666666667,277.2
2023-06-15 20:00:00,14.7833333333333,12.3333333333333,94.1,276.883333333333
2023-06-15 21:00:00,0.45,21.6666666666667,99.7666666666667,276.3
2023-06-15 22:00:00,0.0,56.1666666666667,100.116666666667,275.966666666667
2023-06-15 23:00:00,0.0,59.5,100.2,275.583333333333
2023-06-16 00:00:00,0.0,53.6666666666667,100.05,275.633333333333
2023-06-16 01:00:00,0.0,52.8333333333333,99.65,275.5
2023-06-16 02:00:00,0.0,77.0,97.4833333333333,275.4
2023-06-16 03:00:00,0.0,83.8333333333333,100.166666666667,275.116666666667
2023-06-16 04:00:00,0.0,66.0,100.133333333333,274.483333333333
2023-06-16 05:00:00,3.31666666666667,55.1666666666667,98.3666666666667,274.6
2023-06-16 06:00:00,125.816666666667,52.6666666666667,92.8666666666667,275.366666666667
2023-06-16 07:00:00,155.2,47.6666666666667,98.4,275.366666666667
2023-06-16 08:00:00,170.55,69.1666666666667,98.1,275.5
2023-06-16 09:00:00,379.083333333333,63.1666666666667,99.6333333333333,275.4
2023-06-16 10:00:00,518.05,48.5,93.3833333333333,276.483333333333
2023-06-16 11:00:00,495.133333333333,39.8333333333333,86.1333333333333,276.616666666667
2023-06-16 12:00:00,695.783333333333,32.8333333333333,77.1,277.166666666667
2023-06-16 13:00:00,629.533333333333,45.3333333333333,81.0666666666667,277.283333333333
2023-06-16 14:00:00,413.766666666667,41.1666666666667,89.1333333333333,277.116666666667
2023-06-16 15:00:00,394.983333333333,48.3333333333333,100.116666666667,275.7
2023-06-16 16:00:00,132.833333333333,47.0,100.15,274.65
2023-06-16 17:00:00,382.633333333333,10.0,94.1833333333333,275.666666666667
2023-06-16 18:00:00,171.233333333333,14.0,86.1833333333333,276.45
2023-06-16 19:00:00,87.95,22.1666666666667,95.0333333333334,275.5
2023-06-16 20:00:00,19.9333333333333,26.3333333333333,87.1333333333333,275.833333333333
2023-06-16 21:00:00,0.0,20.0,91.25,275.383333333333
2023-06-16 22:00:00,0.0,-6.16666666666667,90.2166666666667,275.2
2023-06-16 23:00:00,0.0,9.83333333333333,81.8333333333333,275.95
2023-06-17 00:00:00,0.0,3.16666666666667,77.3666666666667,276.1
2023-06-17 01:00:00,0.0,6.66666666666667,75.1,276.15
2023-06-17 02:00:00,0.0,49.8333333333333,76.6,276.066666666667
2023-06-17 03:00:00,0.0,62.8333333333333,76.4,275.9
2023-06-17 04:00:00,0.0,66.3333333333333,77.6666666666667,275.65
2023-06-17 05:00:00,6.9,65.1666666666667,72.6666666666667,275.633333333333
2023-06-17 06:00:00,51.1333333333333,70.8333333333333,73.7833333333333,275.783333333333
2023-06-17 07:00:00,361.616666666667,43.6666666666667,79.0833333333333,276.133333333333
2023-06-17 08:00:00,598.333333333333,12.5,82.6666666666667,276.833333333333
2023-06-17 09:00:00,486.7,8.16666666666667,84.8666666666667,276.683333333333
2023-06-17 10:00:00,494.45,10.8333333333333,77.95,277.266666666667
2023-06-17 11:00:00,606.283333333333,21.1666666666667,75.05,277.983333333333
2023-06-17 12:00:00,724.35,22.1666666666667,65.7333333333333,278.916666666667
2023-06-17 13:00:00,796.4,31.1666666666667,59.5833333333333,279.85
2023-06-17 14:00:00,713.666666666667,29.6666666666667,55.1333333333333,280.483333333333
2023-06-17 15:00:00,728.333333333333,36.3333333333333,53.0,281.033333333333
2023-06-17 16:00:00,838.4,25.1666666666667,55.0666666666667,281.5
2023-06-17 17:00:00,719.916666666667,29.1666666666667,52.7666666666667,281.833333333333
2023-06-17 18:00:00,531.033333333333,39.1666666666667,56.15,281.7
2023-06-17 19:00:00,213.8,23.6666666666667,63.3166666666667,280.65
2023-06-17 20:00:00,38.5166666666667,22.3333333333333,69.1,279.616666666667
2023-06-17 21:00:00,2.03333333333333,58.8333333333333,72.1,279.083333333333
2023-06-17 22:00:00,0.0,40.0,71.1333333333333,278.983333333333
2023-06-17 23:00:00,0.0,25.6666666666667,68.15,278.9
2023-06-18 00:00:00,0.0,44.3333333333333,62.0833333333333,279.066666666667
2023-06-18 01:00:00,0.0,36.5,58.2833333333333,279.016666666667
2023-06-18 02:00:00,0.0,18.8333333333333,53.95,279.266666666667
2023-06-18 03:00:00,0.0,17.1666666666667,55.7833333333333,279.1
2023-06-18 04:00:00,0.0,23.5,59.0333333333333,278.75
2023-06-18 05:00:00,17.8666666666667,24.0,61.6833333333333,278.316666666667
2023-06-18 06:00:00,203.833333333333,30.8333333333333,62.0,278.566666666667
2023-06-18 07:00:00,393.516666666667,28.8333333333333,62.95,279.083333333333
2023-06-18 08:00:00,631.5,12.5,60.4833333333334,280.316666666667
2023-06-18 09:00:00,811.466666666667,34.8333333333333,59.3,281.133333333333
2023-06-18 10:00:00,966.233333333333,21.5,61.75,282.266666666667
2023-06-18 11:00:00,977.933333333333,36.0,55.0333333333333,283.333333333333
2023-06-18 12:00:00,778.383333333333,33.8333333333333,51.9666666666667,283.766666666667
2023-06-18 13:00:00,967.116666666667,24.8333333333333,46.2166666666667,284.916666666667
2023-06-18 14:00:00,780.833333333333,17.3333333333333,48.1833333333333,285.2
2023-06-18 15:00:00,580.75,19.5,47.8166666666667,285.116666666667
2023-06-18 16:00:00,731.7,22.5,49.15,285.45
2023-06-18 17:00:00,474.466666666667,30.1666666666667,52.5666666666667,284.933333333333
2023-06-18 18:00:00,333.983333333333,26.3333333333333,57.5666666666667,284.5
2023-06-18 19:00:00,176.55,24.8333333333333,58.3833333333333,284.1
2023-06-18 20:00:00,48.0833333333333,26.5,63.35,283.366666666667
2023-06-18 21:00:00,1.56666666666667,32.3333333333333,68.0166666666667,282.716666666667
2023-06-18 22:00:00,0.0,17.8333333333333,67.35,282.366666666667
2023-06-18 23:00:00,0.0,12.6666666666667,68.0333333333333,282.3
2023-06-19 00:00:00,0.0,17.6666666666667,67.7833333333333,282.283333333333
2023-06-19 01:00:00,0.0,28.5,66.35,282.433333333333
2023-06-19 02:00:00,0.0,22.6666666666667,69.7833333333334,281.716666666667
2023-06-19 03:00:00,0.0,23.1666666666667,68.3333333333333,282.05
2023-06-19 04:00:00,0.0,21.1666666666667,70.4,281.566666666667
2023-06-19 05:00:00,8.85,9.66666666666667,69.8,281.9
2023-06-19 06:00:00,78.1,11.5,71.6833333333333,281.516666666667
2023-06-19 07:00:00,339.933333333333,17.6666666666667,70.4333333333333,282.083333333333
2023-06-19 08:00:00,448.1,37.6666666666667,78.2833333333334,282.433333333333
2023-06-19 09:00:00,834.533333333333,20.3333333333333,81.8833333333333,283.066666666667
2023-06-19 10:00:00,1094.01666666667,20.6666666666667,76.0833333333333,284.2
2023-06-19 11:00:00,1152.95,16.5,69.5333333333333,285.033333333333
2023-06-19 12:00:00,1135.36666666667,15.6666666666667,67.1333333333333,285.683333333333
2023-06-19 13:00:00,1067.08333333333,26.3333333333333,64.9666666666667,286.216666666667
2023-06-19 14:00:00,616.833333333333,11.3333333333333,65.0833333333334,286.133333333333
2023-06-19 15:00:00,819.833333333333,4.83333333333333,62.2666666666667,286.683333333333
2023-06-19 16:00:00,816.033333333333,5.5,61.7833333333333,286.883333333333
2023-06-19 17:00:00,588.9,14.1666666666667,61.2,286.7
2023-06-19 18:00:00,234.216666666667,27.3333333333333,64.0166666666667,285.516666666667
2023-06-19 19:00:00,128.65,35.5,66.3,284.65
2023-06-19 20:00:00,20.2666666666667,1.16666666666667,70.3833333333333,284.333333333333
2023-06-19 21:00:00,0.116666666666667,18.6666666666667,76.4,283.816666666667
2023-06-19 22:00:00,0.0,41.3333333333333,71.85,283.133333333333
2023-06-19 23:00:00,0.0,24.5,70.4,283.2
2023-06-20 00:00:00,0.0,20.5,70.9833333333333,282.933333333333
2023-06-20 01:00:00,0.0,18.8333333333333,66.65,283.533333333333
2023-06-20 02:00:00,0.0,21.3333333333333,63.55,283.833333333333
2023-06-20 03:00:00,0.0,20.6666666666667,59.1666666666667,284.033333333333
2023-06-20 04:00:00,0.0,15.3333333333333,63.1666666666667,283.4
2023-06-20 05:00:00,13.6333333333333,18.5,60.3833333333333,283.866666666667
2023-06-20 06:00:00,138.066666666667,29.8333333333333,61.6166666666667,283.7
2023-06-20 07:00:00,333.833333333333,43.6666666666667,62.3666666666667,283.816666666667
2023-06-20 08:00:00,600.516666666667,45.6666666666667,69.0833333333333,284.783333333333
2023-06-20 09:00:00,806.833333333333,28.5,94.05,284.35
2023-06-20 10:00:00,962.233333333334,14.0,88.1,285.15
2023-06-20 11:00:00,1049.7,19.3333333333333,69.0333333333334,286.883333333333
2023-06-20 12:00:00,1106.56666666667,14.1666666666667,61.8833333333333,288.1
2023-06-20 13:00:00,1053.85,5.0,57.0666666666667,288.916666666667
2023-06-20 14:00:00,1031.63333333333,7.0,53.8333333333333,289.116666666667
2023-06-20 15:00:00,700.666666666667,9.16666666666667,56.2333333333333,289.2
2023-06-20 16:00:00,823.533333333333,10.1666666666667,61.5,288.516666666667
2023-06-20 17:00:00,601.4,9.0,61.65,288.366666666667
2023-06-20 18:00:00,470.233333333333,19.6666666666667,61.6666666666667,288.166666666667
2023-06-20 19:00:00,231.166666666667,18.6666666666667,56.7833333333333,288.183333333333
2023-06-20 20:00:00,55.7333333333333,4.16666666666667,58.0833333333333,287.7
2023-06-20 21:00:00,1.46666666666667,8.16666666666667,65.5666666666667,286.7
2023-06-20 22:00:00,0.0,12.1666666666667,67.3666666666667,286.216666666667
2023-06-20 23:00:00,0.0,8.0,58.0,286.3
2023-06-21 00:00:00,0.0,-3.83333333333333,51.35,286.416666666667
2023-06-21 01:00:00,0.0,-2.5,49.3166666666667,286.3
2023-06-21 02:00:00,0.0,-1.66666666666667,48.7,286.383333333333
2023-06-21 03:00:00,0.0,19.3333333333333,49.6666666666667,285.966666666667
2023-06-21 04:00:00,0.0,6.5,49.7333333333333,285.816666666667
2023-06-21 05:00:00,12.4166666666667,4.16666666666667,50.05,285.516666666667
2023-06-21 06:00:00,177.95,11.1666666666667,46.7,286.033333333333
2023-06-21 07:00:00,461.633333333333,5.0,45.0333333333333,287.116666666667
2023-06-21 08:00:00,619.183333333333,0.333333333333333,55.7,287.966666666667
2023-06-21 09:00:00,794.566666666667,4.83333333333333,60.15,288.3
2023-06-21 10:00:00,931.183333333333,22.6666666666667,56.4,289.066666666667
2023-06-21 11:00:00,1036.28333333333,16.0,51.3666666666667,289.833333333333
2023-06-21 12:00:00,1007.41666666667,23.0,46.6333333333333,290.383333333333
2023-06-21 13:00:00,644.433333333333,24.8333333333333,53.25,290.05
2023-06-21 14:00:00,325.283333333333,18.3333333333333,43.1333333333333,288.966666666667
2023-06-21 15:00:00,275.7,24.6666666666667,56.65,286.65
2023-06-21 16:00:00,575.933333333333,23.3333333333333,53.9833333333333,287.366666666667
2023-06-21 17:00:00,624.533333333333,8.0,58.0166666666667,288.533333333333
2023-06-21 18:00:00,374.1,19.3333333333333,97.7666666666667,284.483333333333
2023-06-21 19:00:00,253.95,54.0,95.9,284.733333333333
2023-06-21 20:00:00,52.75,47.3333333333333,88.9,284.933333333333
2023-06-21 21:00:00,3.35,42.0,75.9333333333333,285.316666666667
2023-06-21 22:00:00,0.0,10.6666666666667,65.9666666666667,286.2
2023-06-21 23:00:00,0.0,8.0,57.0333333333333,287.466666666667
2023-06-22 00:00:00,0.0,12.5,50.3,287.633333333333
2023-06-22 01:00:00,0.0,20.3333333333333,52.35,286.5
2023-06-22 02:00:00,0.0,23.5,48.85,287.066666666667
2023-06-22 03:00:00,0.0,17.1666666666667,44.9333333333333,287.633333333333
2023-06-22 04:00:00,0.0,4.5,44.35,287.35
2023-06-22 05:00:00,21.2,20.5,40.5166666666667,287.816666666667
2023-06-22 06:00:00,157.816666666667,14.6666666666667,41.4833333333333,288.05
2023-06-22 07:00:00,258.6,3.5,41.1833333333333,288.316666666667
2023-06-22 08:00:00,269.133333333333,6.5,40.45,288.35
2023-06-22 09:00:00,424.65,28.6666666666667,37.7166666666667,288.716666666667
2023-06-22 10:00:00,384.5,46.1666666666667,35.7,288.866666666667
2023-06-22 11:00:00,824.483333333333,46.3333333333333,32.05,289.966666666667
2023-06-22 12:00:00,889.7,18.5,36.0666666666667,290.0
2023-06-22 13:00:00,934.15,20.8333333333333,37.5,290.383333333333
2023-06-22 14:00:00,1007.88333333333,13.5,39.4333333333333,290.566666666667
2023-06-22 15:00:00,839.966666666667,12.3333333333333,45.75,289.983333333333
2023-06-22 16:00:00,676.6,17.3333333333333,46.55,290.433333333333
2023-06-22 17:00:00,451.316666666667,14.1666666666667,47.2166666666667,289.516666666667
2023-06-22 18:00:00,351.633333333333,10.8333333333333,51.9833333333333,289.05
2023-06-22 19:00:00,159.883333333333,16.5,53.7666666666667,288.266666666667
2023-06-22 20:00:00,44.0833333333333,5.0,53.15,287.766666666667
2023-06-22 21:00:00,1.68333333333333,-2.83333333333333,51.1,287.416666666667
2023-06-22 22:00:00,0.0,10.5,55.45,286.466666666667
2023-06-22 23:00:00,0.0,14.6666666666667,67.9833333333333,284.916666666667
2023-06-23 00:00:00,0.0,8.5,66.0166666666667,284.983333333333
2023-06-23 01:00:00,0.0,-15.5,62.7666666666667,284.866666666667
2023-06-23 02:00:00,0.0,-7.33333333333333,68.3333333333333,284.183333333333
2023-06-23 03:00:00,0.0,-7.66666666666667,77.25,283.4
2023-06-23 04:00:00,0.0,3.16666666666667,93.0833333333333,281.766666666667
2023-06-23 05:00:00,24.55,6.83333333333333,91.7,281.0
2023-06-23 06:00:00,31.25,20.5,98.1833333333334,280.6
2023-06-23 07:00:00,47.4833333333333,29.5,100.2,279.6
2023-06-23 08:00:00,337.366666666667,31.6666666666667,94.85,279.766666666667
2023-06-23 09:00:00,294.066666666667,43.8333333333333,99.6166666666667,279.35
2023-06-23 10:00:00,276.016666666667,53.1666666666667,100.2,278.9
2023-06-23 11:00:00,445.25,39.8333333333333,100.2,279.133333333333
2023-06-23 12:00:00,291.15,45.6666666666667,100.183333333333,278.916666666667
2023-06-23 13:00:00,351.3,29.8333333333333,100.2,278.7
2023-06-23 14:00:00,304.066666666667,23.8333333333333,100.2,278.666666666667
2023-06-23 15:00:00,383.766666666667,23.3333333333333,100.2,278.4
2023-06-23 16:00:00,396.883333333333,29.0,98.0,278.983333333333
2023-06-23 17:00:00,176.866666666667,21.1666666666667,99.2,278.533333333333
2023-06-23 18:00:00,119.866666666667,28.3333333333333,100.05,278.016666666667
2023-06-23 19:00:00,51.3833333333333,24.0,99.7333333333333,277.55
2023-06-23 20:00:00,19.6166666666667,44.6666666666667,99.3166666666667,277.283333333333
2023-06-23 21:00:00,1.58333333333333,55.6666666666667,97.0333333333333,277.116666666667
2023-06-23 22:00:00,0.0,66.3333333333333,99.9333333333333,276.883333333333
2023-06-23 23:00:00,0.0,53.3333333333333,100.2,276.516666666667
2023-06-24 00:00:00,0.0,44.8333333333333,100.166666666667,276.316666666667
2023-06-24 01:00:00,0.0,32.3333333333333,100.166666666667,275.783333333333
2023-06-24 02:00:00,0.0,33.1666666666667,100.133333333333,275.466666666667
2023-06-24 03:00:00,0.0,60.3333333333333,100.133333333333,275.333333333333
2023-06-24 04:00:00,0.0,60.1666666666667,100.15,275.283333333333
2023-06-24 05:00:00,2.9,54.3333333333333,100.2,275.283333333333
2023-06-24 06:00:00,18.0333333333333,73.6666666666667,100.183333333333,275.316666666667
2023-06-24 07:00:00,49.8,66.1666666666667,100.133333333333,275.383333333333
2023-06-24 08:00:00,90.0333333333334,1.5,100.116666666667,275.4
2023-06-24 09:00:00,301.383333333333,4.16666666666667,100.15,275.8
2023-06-24 10:00:00,265.35,8.16666666666667,100.183333333333,276.0
2023-06-24 11:00:00,347.85,16.1666666666667,100.166666666667,276.1
2023-06-24 12:00:00,484.833333333333,30.3333333333333,100.133333333333,276.95
2023-06-24 13:00:00,245.466666666667,21.8333333333333,100.2,277.366666666667
2023-06-24 14:00:00,328.7,25.5,100.183333333333,277.516666666667
2023-06-24 15:00:00,442.016666666667,37.3333333333333,100.216666666667,278.483333333333
2023-06-24 16:00:00,393.6,29.6666666666667,100.216666666667,279.016666666667
2023-06-24 17:00:00,498.25,25.5,99.9166666666667,279.433333333333
2023-06-24 18:00:00,621.883333333333,15.3333333333333,97.7,280.133333333333
2023-06-24 19:00:00,148.316666666667,34.0,99.9166666666667,279.016666666667
2023-06-24 20:00:00,34.2666666666667,31.0,100.2,278.483333333333
2023-06-24 21:00:00,2.58333333333333,38.8333333333333,100.183333333333,278.033333333333
2023-06-24 22:00:00,0.0,36.5,100.166666666667,277.633333333333
2023-06-24 23:00:00,0.0,70.3333333333333,100.166666666667,277.65
2023-06-25 00:00:00,0.0,61.5,100.166666666667,277.216666666667
2023-06-25 01:00:00,0.0,44.1666666666667,95.0,277.6
2023-06-25 02:00:00,0.0,46.0,73.9,279.25
2023-06-25 03:00:00,0.0,43.8333333333333,75.05,279.05
2023-06-25 04:00:00,0.0,39.8333333333333,65.7833333333333,278.95
2023-06-25 05:00:00,11.8833333333333,40.5,39.4333333333333,279.833333333333
2023-06-25 06:00:00,212.2,28.8333333333333,30.3833333333333,280.133333333333
2023-06-25 07:00:00,480.416666666667,13.1666666666667,34.6,281.566666666667
2023-06-25 08:00:00,663.95,21.0,45.9166666666667,282.233333333333
2023-06-25 09:00:00,833.833333333334,25.0,61.4166666666667,283.366666666667
2023-06-25 10:00:00,978.233333333334,13.5,68.5166666666667,284.016666666667
2023-06-25 11:00:00,1090.76666666667,8.66666666666667,67.2333333333333,284.35
2023-06-25 12:00:00,1156.65,13.1666666666667,61.2,284.566666666667
2023-06-25 13:00:00,1174.01666666667,20.6666666666667,48.0,285.183333333333
2023-06-25 14:00:00,1132.96666666667,13.1666666666667,48.5833333333333,285.766666666667
2023-06-25 15:00:00,1044.28333333333,17.0,47.5,285.983333333333
2023-06-25 16:00:00,911.066666666667,18.5,44.3,286.383333333333
2023-06-25 17:00:00,710.05,16.5,46.1,286.1
2023-06-25 18:00:00,391.966666666667,23.0,48.4333333333333,285.8
2023-06-25 19:00:00,100.833333333333,51.5,50.7166666666667,284.783333333333
2023-06-25 20:00:00,44.95,53.3333333333333,57.0833333333333,283.933333333333
2023-06-25 21:00:00,2.91666666666667,44.6666666666667,62.1666666666667,283.183333333333
2023-06-25 22:00:00,0.0,38.1666666666667,65.5166666666667,282.833333333333
2023-06-25 23:00:00,0.0,26.0,69.5333333333333,282.616666666667
2023-06-26 00:00:00,0.0,38.0,64.3,282.583333333333
2023-06-26 01:00:00,0.0,27.6666666666667,56.5666666666667,282.65
2023-06-26 02:00:00,0.0,32.0,58.0,282.233333333333
2023-06-26 03:00:00,0.0,43.0,60.5833333333333,281.666666666667
2023-06-26 04:00:00,0.0,37.8333333333333,59.6833333333333,281.633333333333
2023-06-26 05:00:00,13.3166666666667,33.3333333333333,58.2833333333333,281.683333333333
2023-06-26 06:00:00,218.3,42.3333333333333,60.6833333333333,281.85
2023-06-26 07:00:00,480.3,66.1666666666667,62.6166666666667,282.333333333333
2023-06-26 08:00:00,659.066666666667,40.3333333333333,64.85,283.383333333333
2023-06-26 09:00:00,813.5,22.6666666666667,70.4666666666667,283.816666666667
2023-06-26 10:00:00,813.633333333333,18.5,70.8833333333333,284.233333333333
2023-06-26 11:00:00,573.533333333333,25.6666666666667,68.9333333333333,284.233333333333
2023-06-26 12:00:00,677.333333333333,46.3333333333333,63.9833333333333,284.716666666667
2023-06-26 13:00:00,1141.83333333333,12.8333333333333,57.2166666666667,285.933333333333
2023-06-26 14:00:00,1064.86666666667,18.1666666666667,54.5,286.7
2023-06-26 15:00:00,683.783333333333,6.5,53.55,286.616666666667
2023-06-26 16:00:00,543.166666666667,11.3333333333333,53.9833333333333,286.55
2023-06-26 17:00:00,390.866666666667,10.6666666666667,56.8,286.016666666667
2023-06-26 18:00:00,338.15,2.0,59.3166666666667,285.916666666667
2023-06-26 19:00:00,213.5,21.6666666666667,65.4333333333333,285.45
2023-06-26 20:00:00,36.7333333333333,40.1666666666667,70.6,284.533333333333
2023-06-26 21:00:00,1.9,7.0,71.0,284.133333333333
2023-06-26 22:00:00,0.0,-1.83333333333333,73.8333333333333,283.7
2023-06-26 23:00:00,0.0,3.5,76.65,283.35
2023-06-27 00:00:00,0.0,7.33333333333333,78.1833333333333,282.95
2023-06-27 01:00:00,0.0,21.3333333333333,85.7833333333333,282.283333333333
2023-06-27 02:00:00,0.0,-0.166666666666667,95.8666666666667,281.533333333333
2023-06-27 03:00:00,0.0,43.3333333333333,100.066666666667,280.816666666667
2023-06-27 04:00:00,0.0,24.5,100.2,280.433333333333
2023-06-27 05:00:00,2.76666666666667,9.16666666666667,100.2,280.25
2023-06-27 06:00:00,20.0666666666667,4.66666666666667,100.2,280.116666666667
2023-06-27 07:00:00,125.05,42.3333333333333,99.75,280.033333333333
2023-06-27 08:00:00,177.3,43.1666666666667,100.183333333333,279.6
2023-06-27 09:00:00,404.4,45.6666666666667,100.2,279.416666666667
2023-06-27 10:00:00,586.4,40.6666666666667,100.233333333333,280.216666666667
2023-06-27 11:00:00,471.133333333333,38.1666666666667,100.2,279.833333333333
2023-06-27 12:00:00,712.6,35.3333333333333,100.266666666667,280.716666666667
2023-06-27 13:00:00,483.1,36.0,100.216666666667,280.75
2023-06-27 14:00:00,307.7,36.8333333333333,100.216666666667,280.233333333333
2023-06-27 15:00:00,248.35,39.6666666666667,100.183333333333,280.083333333333
2023-06-27 16:00:00,220.8,42.3333333333333,100.216666666667,279.733333333333
2023-06-27 17:00:00,341.85,36.6666666666667,100.233333333333,279.783333333333
2023-06-27 18:00:00,290.983333333333,29.8333333333333,100.216666666667,279.55
2023-06-27 19:00:00,135.2,29.6666666666667,100.2,279.183333333333
2023-06-27 20:00:00,45.75,54.8333333333333,100.15,278.866666666667
2023-06-27 21:00:00,3.01666666666667,36.8333333333333,100.183333333333,278.466666666667
2023-06-27 22:00:00,0.0,30.8333333333333,100.183333333333,278.083333333333
2023-06-27 23:00:00,0.0,36.1666666666667,100.116666666667,277.416666666667
2023-06-28 00:00:00,0.0,78.3333333333333,100.0,277.05
2023-06-28 01:00:00,0.0,52.8333333333333,80.6166666666667,277.833333333333
2023-06-28 02:00:00,0.0,23.3333333333333,65.0333333333333,278.35
2023-06-28 03:00:00,0.0,45.1666666666667,86.3166666666667,277.283333333333
2023-06-28 04:00:00,0.0,36.5,91.4833333333334,277.066666666667
2023-06-28 05:00:00,1.25,39.3333333333333,99.8333333333333,276.15
2023-06-28 06:00:00,14.8666666666667,17.6666666666667,100.15,275.85
2023-06-28 07:00:00,32.6,19.1666666666667,100.116666666667,275.716666666667
2023-06-28 08:00:00,87.8833333333333,15.0,100.116666666667,275.583333333333
2023-06-28 09:00:00,213.083333333333,38.6666666666667,100.133333333333,275.6
2023-06-28 10:00:00,314.45,42.3333333333333,100.133333333333,275.85
2023-06-28 11:00:00,298.833333333333,38.1666666666667,100.15,275.833333333333
2023-06-28 12:00:00,332.633333333333,55.6666666666667,100.183333333333,276.116666666667
2023-06-28 13:00:00,369.416666666667,60.0,100.166666666667,276.25
2023-06-28 14:00:00,422.55,52.1666666666667,100.183333333333,276.6
2023-06-28 15:00:00,335.066666666667,52.5,100.15,276.416666666667
2023-06-28 16:00:00,451.983333333333,61.1666666666667,100.2,277.033333333333
2023-06-28 17:00:00,409.083333333333,60.0,100.15,277.283333333333
2023-06-28 18:00:00,268.616666666667,47.1666666666667,100.2,277.05
2023-06-28 19:00:00,82.05,29.0,100.166666666667,276.533333333333
2023-06-28 20:00:00,26.15,13.3333333333333,100.183333333333,276.316666666667
2023-06-28 21:00:00,2.8,14.3333333333333,100.166666666667,276.1
2023-06-28 22:00:00,0.0,31.1666666666667,99.5666666666667,276.583333333333
2023-06-28 23:00:00,0.0,66.8333333333333,100.066666666667,276.333333333333
2023-06-29 00:00:00,0.0,58.5,99.2166666666667,276.35
2023-06-29 01:00:00,0.0,86.8333333333333,100.2,275.95
2023-06-29 02:00:00,0.0,84.0,97.8166666666667,276.016666666667
2023-06-29 03:00:00,0.0,66.5,75.95,276.8
2023-06-29 04:00:00,0.0,51.0,60.25,277.616666666667
2023-06-29 05:00:00,10.0833333333333,28.8333333333333,42.0833333333333,278.65
2023-06-29 06:00:00,201.266666666667,40.3333333333333,44.3333333333333,278.7
2023-06-29 07:00:00,474.966666666667,24.6666666666667,47.4,279.65
2023-06-29 08:00:00,656.25,5.0,65.5,281.216666666667
2023-06-29 09:00:00,825.133333333333,12.6666666666667,87.4333333333333,281.75
2023-06-29 10:00:00,969.233333333333,21.1666666666667,80.3,282.716666666667
2023-06-29 11:00:00,1080.05,31.6666666666667,73.9166666666667,283.416666666667
2023-06-29 12:00:00,1147.33333333333,23.0,67.8666666666667,284.633333333333
2023-06-29 13:00:00,1204.25,27.6666666666667,64.3833333333333,285.566666666667
2023-06-29 14:00:00,877.316666666667,24.8333333333333,61.5,285.8
2023-06-29 15:00:00,585.75,10.6666666666667,61.9833333333333,285.766666666667
2023-06-29 16:00:00,315.2,11.6666666666667,63.6333333333333,285.616666666667
2023-06-29 17:00:00,134.616666666667,17.3333333333333,70.1333333333334,285.1
2023-06-29 18:00:00,186.733333333333,58.1666666666667,75.75,284.716666666667
2023-06-29 19:00:00,95.85,30.8333333333333,78.05,284.233333333333
2023-06-29 20:00:00,18.15,17.3333333333333,85.6833333333333,283.4
2023-06-29 21:00:00,1.13333333333333,11.6666666666667,89.5333333333333,283.033333333333
2023-06-29 22:00:00,0.0,16.3333333333333,93.7666666666667,282.666666666667
2023-06-29 23:00:00,0.0,36.1666666666667,99.65,281.466666666667
2023-06-30 00:00:00,0.0,40.0,100.2,280.683333333333
2023-06-30 01:00:00,0.0,30.5,100.2,280.25
2023-06-30 02:00:00,0.0,50.3333333333333,100.2,280.183333333333
2023-06-30 03:00:00,0.0,58.5,100.183333333333,280.2
2023-06-30 04:00:00,0.0,67.8333333333333,100.183333333333,280.85
2023-06-30 05:00:00,5.65,6.66666666666667,98.7,280.8
2023-06-30 06:00:00,28.2333333333333,21.3333333333333,90.1666666666667,281.533333333333
2023-06-30 07:00:00,43.2666666666667,40.3333333333333,97.7833333333333,280.883333333333
2023-06-30 08:00:00,75.3666666666667,68.0,99.45,280.533333333333
2023-06-30 09:00:00,186.966666666667,55.1666666666667,100.2,280.133333333333
2023-06-30 10:00:00,317.6,67.0,100.216666666667,280.733333333333
2023-06-30 11:00:00,210.316666666667,47.6666666666667,100.2,280.633333333333
2023-06-30 12:00:00,335.85,23.8333333333333,100.183333333333,280.816666666667
2023-06-30 13:00:00,293.566666666667,15.6666666666667,100.216666666667,280.766666666667
2023-06-30 14:00:00,479.016666666667,13.5,100.05,281.433333333333
2023-06-30 15:00:00,382.416666666667,20.0,100.233333333333,281.833333333333
2023-06-30 16:00:00,126.3,23.6666666666667,100.2,281.25
2023-06-30 17:00:00,72.25,66.1666666666667,100.15,279.9
2023-06-30 18:00:00,56.85,69.3333333333333,100.2,279.483333333333
2023-06-30 19:00:00,41.4666666666667,88.1666666666667,100.15,279.333333333333
2023-06-30 20:00:00,18.9166666666667,85.0,100.15,279.133333333333
2023-06-30 21:00:00,0.45,101.5,100.116666666667,278.983333333333
