date,hs,rel_hum,temp
2022-10-01 00:00:00,141.0,93.7166666666667,275.35
2022-10-01 01:00:00,127.833333333333,96.5666666666667,275.066666666667
2022-10-01 02:00:00,,,
2022-10-01 03:00:00,130.2,97.92,275.27
2022-10-01 04:00:00,,,
2022-10-01 05:00:00,154.833333333333,85.1,275.45
2022-10-01 06:00:00,161.833333333333,84.25,275.4
2022-10-01 07:00:00,150.666666666667,82.9333333333333,275.466666666667
2022-10-01 08:00:00,129.166666666667,81.0,276.083333333333
2022-10-01 09:00:00,118.333333333333,78.8333333333333,276.966666666667
2022-10-01 10:00:00,124.833333333333,75.1166666666667,277.633333333333
2022-10-01 11:00:00,101.833333333333,72.6666666666667,278.366666666667
2022-10-01 12:00:00,98.8333333333333,52.9833333333333,279.466666666667
2022-10-01 13:00:00,123.0,64.92,278.87
2022-10-01 14:00:00,104.833333333333,66.4,279.2
2022-10-01 15:00:00,102.666666666667,75.5166666666667,278.983333333333
2022-10-01 16:00:00,132.333333333333,91.1833333333333,277.85
2022-10-01 17:00:00,130.0,97.35,277.15
2022-10-01 18:00:00,114.166666666667,98.7833333333334,276.666666666667
2022-10-01 19:00:00,117.166666666667,99.1666666666667,275.933333333333
2022-10-01 20:00:00,118.166666666667,98.8833333333333,275.766666666667
2022-10-01 21:00:00,138.166666666667,98.95,275.65
2022-10-01 22:00:00,138.333333333333,99.1833333333333,275.833333333333
2022-10-01 23:00:00,133.5,100.316666666667,275.833333333333
2022-10-02 00:00:00,141.833333333333,100.566666666667,275.833333333333
2022-10-02 01:00:00,141.5,99.5333333333333,275.833333333333
2022-10-02 02:00:00,120.2,99.52,275.75
2022-10-02 03:00:00,,,
2022-10-02 04:00:00,,,
2022-10-02 05:00:00,133.2,98.52,276.97
2022-10-02 06:00:00,,,
2022-10-02 07:00:00,122.666666666667,98.3166666666667,277.083333333333
2022-10-02 08:00:00,,,
2022-10-02 09:00:00,,,
2022-10-02 10:00:00,74.4,72.16,280.71
2022-10-02 11:00:00,,,
2022-10-02 12:00:00,,,
2022-10-02 13:00:00,,,
2022-10-02 14:00:00,,,
2022-10-02 15:00:00,,,
2022-10-02 16:00:00,,,
2022-10-02 17:00:00,91.2,80.2,280.35
2022-10-02 18:00:00,112.2,64.14,281.05
2022-10-02 19:00:00,,,
2022-10-02 20:00:00,,,
2022-10-02 21:00:00,110.833333333333,83.3666666666667,278.566666666667
2022-10-02 22:00:00,,,
2022-10-02 23:00:00,108.666666666667,73.9666666666667,278.333333333333
2022-10-03 00:00:00,117.5,82.6666666666667,277.683333333333
2022-10-03 01:00:00,107.0,98.4,276.616666666667
2022-10-03 02:00:00,,,
2022-10-03 03:00:00,,,
2022-10-03 04:00:00,,,
2022-10-03 05:00:00,145.4,99.08,276.27
2022-10-03 06:00:00,,,
2022-10-03 07:00:00,,,
2022-10-03 08:00:00,112.833333333333,94.0666666666667,276.633333333333
2022-10-03 09:00:00,91.4,89.9,277.27
2022-10-03 10:00:00,,,
2022-10-03 11:00:00,,,
2022-10-03 12:00:00,103.0,63.96,279.53
2022-10-03 13:00:00,106.8,63.42,280.19
2022-10-03 14:00:00,110.4,60.74,280.23
2022-10-03 15:00:00,117.666666666667,55.7666666666667,280.766666666667
2022-10-03 16:00:00,113.333333333333,47.0333333333333,281.316666666667
2022-10-03 17:00:00,101.333333333333,51.2333333333333,280.066666666667
2022-10-03 18:00:00,101.0,59.68,278.49
2022-10-03 19:00:00,133.666666666667,74.45,277.316666666667
2022-10-03 20:00:00,129.333333333333,96.0333333333333,276.016666666667
2022-10-03 21:00:00,116.6,98.74,275.71
2022-10-03 22:00:00,110.333333333333,99.3333333333333,275.533333333333
2022-10-03 23:00:00,131.5,98.1166666666667,275.316666666667
2022-10-04 00:00:00,136.166666666667,91.7833333333333,275.55
2022-10-04 01:00:00,145.666666666667,82.2,275.633333333333
2022-10-04 02:00:00,,,
2022-10-04 03:00:00,156.8,60.24,276.37
2022-10-04 04:00:00,151.0,52.28,276.97
2022-10-04 05:00:00,151.166666666667,43.9666666666667,277.25
2022-10-04 06:00:00,151.666666666667,41.65,277.316666666667
2022-10-04 07:00:00,148.666666666667,39.15,277.633333333333
2022-10-04 08:00:00,102.2,38.9,279.15
2022-10-04 09:00:00,87.0,38.8,280.266666666667
2022-10-04 10:00:00,100.333333333333,37.2166666666667,281.55
2022-10-04 11:00:00,106.333333333333,40.05,281.983333333333
2022-10-04 12:00:00,107.166666666667,36.8333333333333,282.766666666667
2022-10-04 13:00:00,106.0,35.9,283.583333333333
2022-10-04 14:00:00,96.6666666666667,35.05,283.733333333333
2022-10-04 15:00:00,103.166666666667,31.7166666666667,284.5
2022-10-04 16:00:00,106.0,28.6833333333333,284.5
2022-10-04 17:00:00,103.0,27.65,284.183333333333
2022-10-04 18:00:00,163.833333333333,29.6,282.8
2022-10-04 19:00:00,152.5,30.1166666666667,282.366666666667
2022-10-04 20:00:00,133.5,31.9,281.716666666667
2022-10-04 21:00:00,116.666666666667,31.1333333333333,281.633333333333
2022-10-04 22:00:00,114.333333333333,32.4166666666667,281.6
2022-10-04 23:00:00,121.0,33.4,281.366666666667
2022-10-05 00:00:00,132.833333333333,32.3333333333333,281.15
2022-10-05 01:00:00,119.0,31.2,281.316666666667
2022-10-05 02:00:00,,,
2022-10-05 03:00:00,,,
2022-10-05 04:00:00,,,
2022-10-05 05:00:00,124.6,37.42,282.01
2022-10-05 06:00:00,129.2,39.24,282.03
2022-10-05 07:00:00,162.8,37.78,282.75
2022-10-05 08:00:00,,,
2022-10-05 09:00:00,77.8,40.34,285.99
2022-10-05 10:00:00,73.0,39.56,287.37
2022-10-05 11:00:00,,,
2022-10-05 12:00:00,,,
2022-10-05 13:00:00,69.2,37.58,289.41
2022-10-05 14:00:00,,,
2022-10-05 15:00:00,,,
2022-10-05 16:00:00,,,
2022-10-05 17:00:00,,,
2022-10-05 18:00:00,,,
2022-10-05 19:00:00,97.6,39.04,285.75
2022-10-05 20:00:00,,,
2022-10-05 21:00:00,101.0,43.8666666666667,283.833333333333
2022-10-05 22:00:00,102.833333333333,45.1,283.3
2022-10-05 23:00:00,116.833333333333,46.6333333333333,282.75
2022-10-06 00:00:00,121.666666666667,49.1666666666667,282.166666666667
2022-10-06 01:00:00,112.333333333333,52.4333333333333,281.7
2022-10-06 02:00:00,,,
2022-10-06 03:00:00,114.333333333333,52.8,281.35
2022-10-06 04:00:00,,,
2022-10-06 05:00:00,,,
2022-10-06 06:00:00,,,
2022-10-06 07:00:00,,,
2022-10-06 08:00:00,,,
2022-10-06 09:00:00,103.8,51.12,282.25
2022-10-06 10:00:00,,,
2022-10-06 11:00:00,90.0,48.16,283.93
2022-10-06 12:00:00,,,
2022-10-06 13:00:00,82.5,46.8666666666667,284.633333333333
2022-10-06 14:00:00,90.5,43.2333333333333,284.85
2022-10-06 15:00:00,89.6,45.2,284.89
2022-10-06 16:00:00,87.8,44.32,284.53
2022-10-06 17:00:00,84.3333333333333,47.0,283.616666666667
2022-10-06 18:00:00,89.6666666666667,52.8,282.2
2022-10-06 19:00:00,113.0,53.1833333333333,282.183333333333
2022-10-06 20:00:00,104.5,51.0166666666667,282.75
2022-10-06 21:00:00,102.0,52.8666666666667,282.383333333333
2022-10-06 22:00:00,108.333333333333,55.2166666666667,281.9
2022-10-06 23:00:00,103.166666666667,55.6333333333333,281.766666666667
2022-10-07 00:00:00,102.0,54.9166666666667,281.733333333333
2022-10-07 01:00:00,102.666666666667,54.1666666666667,281.6
2022-10-07 02:00:00,105.4,53.74,281.27
2022-10-07 03:00:00,107.5,53.1666666666667,280.95
2022-10-07 04:00:00,118.0,52.14,280.79
2022-10-07 05:00:00,124.0,46.8,280.933333333333
2022-10-07 06:00:00,102.5,40.85,281.383333333333
2022-10-07 07:00:00,96.3333333333333,37.6333333333333,281.216666666667
2022-10-07 08:00:00,91.1666666666667,37.2833333333333,282.583333333333
2022-10-07 09:00:00,92.5,38.0833333333333,283.75
2022-10-07 10:00:00,93.8333333333333,35.4166666666667,285.15
2022-10-07 11:00:00,90.3333333333333,33.0166666666667,286.016666666667
2022-10-07 12:00:00,92.4,33.34,286.57
2022-10-07 13:00:00,86.8333333333333,35.7,287.25
2022-10-07 14:00:00,83.1666666666667,39.4,287.033333333333
2022-10-07 15:00:00,88.8333333333333,37.8166666666667,287.0
2022-10-07 16:00:00,89.0,40.25,286.033333333333
2022-10-07 17:00:00,88.3333333333333,41.2166666666667,285.266666666667
2022-10-07 18:00:00,89.5,48.8666666666667,283.516666666667
2022-10-07 19:00:00,100.5,48.75,283.35
2022-10-07 20:00:00,86.0,49.8833333333333,282.733333333333
2022-10-07 21:00:00,99.1666666666667,48.05,282.5
2022-10-07 22:00:00,102.333333333333,50.15,281.75
2022-10-07 23:00:00,99.1666666666667,51.2666666666667,281.516666666667
2022-10-08 00:00:00,96.8333333333334,52.1833333333333,281.183333333333
2022-10-08 01:00:00,103.5,52.3833333333333,281.133333333333
2022-10-08 02:00:00,,,
2022-10-08 03:00:00,145.2,51.58,280.37
2022-10-08 04:00:00,,,
2022-10-08 05:00:00,,,
2022-10-08 06:00:00,141.2,66.06,278.11
2022-10-08 07:00:00,,,
2022-10-08 08:00:00,,,
2022-10-08 09:00:00,,,
2022-10-08 10:00:00,,,
2022-10-08 11:00:00,,,
2022-10-08 12:00:00,,,
2022-10-08 13:00:00,79.8,63.56,283.23
2022-10-08 14:00:00,,,
2022-10-08 15:00:00,,,
2022-10-08 16:00:00,,,
2022-10-08 17:00:00,,,
2022-10-08 18:00:00,,,
2022-10-08 19:00:00,125.2,100.88,278.41
2022-10-08 20:00:00,109.2,101.48,278.07
2022-10-08 21:00:00,146.2,101.8,277.67
2022-10-08 22:00:00,150.6,101.9,277.45
2022-10-08 23:00:00,168.0,100.983333333333,277.466666666667
2022-10-09 00:00:00,96.0,101.0,277.266666666667
2022-10-09 01:00:00,117.2,100.96,277.07
2022-10-09 02:00:00,,,
2022-10-09 03:00:00,137.2,96.58,277.65
2022-10-09 04:00:00,,,
2022-10-09 05:00:00,155.4,83.06,278.19
2022-10-09 06:00:00,145.6,79.2,278.73
2022-10-09 07:00:00,,,
2022-10-09 08:00:00,147.2,89.78,277.81
2022-10-09 09:00:00,150.833333333333,93.3,277.9
2022-10-09 10:00:00,153.666666666667,98.1666666666667,278.033333333333
2022-10-09 11:00:00,,,
2022-10-09 12:00:00,141.4,95.06,278.69
2022-10-09 13:00:00,119.6,91.32,279.21
2022-10-09 14:00:00,113.0,82.05,280.0
2022-10-09 15:00:00,105.166666666667,77.9,280.133333333333
2022-10-09 16:00:00,98.6666666666667,77.0,279.716666666667
2022-10-09 17:00:00,133.666666666667,74.8833333333333,279.25
2022-10-09 18:00:00,155.166666666667,76.15,278.9
2022-10-09 19:00:00,127.666666666667,77.55,278.45
2022-10-09 20:00:00,112.666666666667,78.2833333333333,278.15
2022-10-09 21:00:00,126.166666666667,77.75,278.033333333333
2022-10-09 22:00:00,147.166666666667,78.2333333333333,277.933333333333
2022-10-09 23:00:00,146.166666666667,79.8666666666667,277.716666666667
2022-10-10 00:00:00,155.333333333333,77.1666666666667,277.85
2022-10-10 01:00:00,145.833333333333,74.7833333333334,277.85
2022-10-10 02:00:00,136.4,73.68,277.79
2022-10-10 03:00:00,132.2,71.4,277.99
2022-10-10 04:00:00,137.2,71.1,277.83
2022-10-10 05:00:00,139.833333333333,65.4,278.15
2022-10-10 06:00:00,140.0,65.4333333333333,278.016666666667
2022-10-10 07:00:00,145.666666666667,69.3833333333333,277.716666666667
2022-10-10 08:00:00,139.8,70.3,278.11
2022-10-10 09:00:00,124.5,67.4833333333333,278.783333333333
2022-10-10 10:00:00,98.6666666666667,67.0666666666667,279.9
2022-10-10 11:00:00,98.5,64.9166666666667,280.9
2022-10-10 12:00:00,91.6666666666667,64.95,281.5
2022-10-10 13:00:00,85.1666666666667,67.4833333333333,281.566666666667
2022-10-10 14:00:00,86.3333333333333,64.8166666666667,281.416666666667
2022-10-10 15:00:00,80.8333333333333,62.4,281.35
2022-10-10 16:00:00,70.8333333333333,69.6666666666667,280.15
2022-10-10 17:00:00,83.3333333333333,77.25,279.566666666667
2022-10-10 18:00:00,116.666666666667,87.4333333333333,279.133333333333
2022-10-10 19:00:00,135.5,85.9666666666667,278.816666666667
2022-10-10 20:00:00,132.5,88.85,278.583333333333
2022-10-10 21:00:00,126.833333333333,97.9833333333333,278.283333333333
2022-10-10 22:00:00,95.8333333333333,97.3333333333333,277.933333333333
2022-10-10 23:00:00,150.0,91.5166666666667,278.066666666667
2022-10-11 00:00:00,138.666666666667,87.5333333333333,277.85
2022-10-11 01:00:00,140.5,98.1666666666667,277.233333333333
2022-10-11 02:00:00,,,
2022-10-11 03:00:00,,,
2022-10-11 04:00:00,,,
2022-10-11 05:00:00,,,
2022-10-11 06:00:00,,,
2022-10-11 07:00:00,222.2,75.18,276.43
2022-10-11 08:00:00,,,
2022-10-11 09:00:00,,,
2022-10-11 10:00:00,,,
2022-10-11 11:00:00,,,
2022-10-11 12:00:00,,,
2022-10-11 13:00:00,,,
2022-10-11 14:00:00,,,
2022-10-11 15:00:00,,,
2022-10-11 16:00:00,,,
2022-10-11 17:00:00,,,
2022-10-11 18:00:00,72.8,67.92,279.45
2022-10-11 19:00:00,,,
2022-10-11 20:00:00,,,
2022-10-11 21:00:00,149.4,72.62,278.27
2022-10-11 22:00:00,130.8,72.46,278.41
2022-10-11 23:00:00,,,
2022-10-12 00:00:00,117.166666666667,68.8333333333333,278.9
2022-10-12 01:00:00,123.6,68.0,279.07
2022-10-12 02:00:00,,,
2022-10-12 03:00:00,,,
2022-10-12 04:00:00,118.2,78.08,278.31
2022-10-12 05:00:00,133.0,77.16,278.43
2022-10-12 06:00:00,,,
2022-10-12 07:00:00,,,
2022-10-12 08:00:00,,,
2022-10-12 09:00:00,,,
2022-10-12 10:00:00,82.8,89.44,279.07
2022-10-12 11:00:00,,,
2022-10-12 12:00:00,94.8,74.56,280.07
2022-10-12 13:00:00,,,
2022-10-12 14:00:00,,,
2022-10-12 15:00:00,,,
2022-10-12 16:00:00,,,
2022-10-12 17:00:00,,,
2022-10-12 18:00:00,107.2,70.76,279.61
2022-10-12 19:00:00,162.2,81.62,278.97
2022-10-12 20:00:00,,,
2022-10-12 21:00:00,145.166666666667,88.25,278.433333333333
2022-10-12 22:00:00,,,
2022-10-12 23:00:00,143.333333333333,84.6833333333334,278.316666666667
2022-10-13 00:00:00,149.333333333333,84.0666666666667,278.116666666667
2022-10-13 01:00:00,153.0,83.5833333333333,277.8
2022-10-13 02:00:00,154.0,73.2833333333333,277.683333333333
2022-10-13 03:00:00,157.833333333333,70.8,277.733333333333
2022-10-13 04:00:00,159.166666666667,69.3666666666667,277.483333333333
2022-10-13 05:00:00,158.166666666667,65.1,277.35
2022-10-13 06:00:00,166.333333333333,59.4333333333333,277.283333333333
2022-10-13 07:00:00,169.666666666667,55.6333333333333,277.083333333333
2022-10-13 08:00:00,151.0,52.2,278.3
2022-10-13 09:00:00,103.666666666667,49.35,279.65
2022-10-13 10:00:00,100.5,46.6333333333333,280.633333333333
2022-10-13 11:00:00,99.3333333333334,45.9,281.35
2022-10-13 12:00:00,106.0,47.35,281.416666666667
2022-10-13 13:00:00,111.0,48.9166666666667,281.316666666667
2022-10-13 14:00:00,113.5,55.15,281.116666666667
2022-10-13 15:00:00,118.0,63.05,280.716666666667
2022-10-13 16:00:00,124.5,67.0666666666667,280.333333333333
2022-10-13 17:00:00,124.333333333333,71.0333333333333,279.483333333333
2022-10-13 18:00:00,151.666666666667,73.8333333333333,278.983333333333
2022-10-13 19:00:00,166.666666666667,82.1166666666667,278.633333333333
2022-10-13 20:00:00,165.0,87.85,277.616666666667
2022-10-13 21:00:00,159.666666666667,76.0833333333333,277.7
2022-10-13 22:00:00,134.833333333333,82.05,277.7
2022-10-13 23:00:00,155.333333333333,78.2833333333334,277.85
2022-10-14 00:00:00,165.666666666667,75.8666666666667,277.85
2022-10-14 01:00:00,162.333333333333,99.4666666666667,276.516666666667
2022-10-14 02:00:00,186.5,96.6166666666667,276.2
2022-10-14 03:00:00,159.666666666667,99.1833333333333,275.966666666667
2022-10-14 04:00:00,118.833333333333,99.35,275.75
2022-10-14 05:00:00,202.166666666667,99.5166666666667,275.683333333333
2022-10-14 06:00:00,168.0,99.4,275.633333333333
2022-10-14 07:00:00,102.166666666667,99.7666666666667,275.5
2022-10-14 08:00:00,111.666666666667,100.716666666667,275.716666666667
2022-10-14 09:00:00,116.333333333333,100.1,276.616666666667
2022-10-14 10:00:00,103.166666666667,98.65,278.2
2022-10-14 11:00:00,91.4,94.72,279.05
2022-10-14 12:00:00,93.2,73.48,280.09
2022-10-14 13:00:00,92.6,63.8,281.01
2022-10-14 14:00:00,105.8,59.54,281.07
2022-10-14 15:00:00,,,
2022-10-14 16:00:00,99.8333333333333,79.5166666666667,279.5
2022-10-14 17:00:00,,,
2022-10-14 18:00:00,75.6,75.4,279.19
2022-10-14 19:00:00,114.0,75.7833333333333,278.916666666667
2022-10-14 20:00:00,119.0,79.75,278.566666666667
2022-10-14 21:00:00,122.166666666667,75.1,278.866666666667
2022-10-14 22:00:00,93.4,72.52,279.09
2022-10-14 23:00:00,103.5,74.2833333333333,279.033333333333
2022-10-15 00:00:00,130.333333333333,86.5,278.316666666667
2022-10-15 01:00:00,137.166666666667,90.6,277.683333333333
2022-10-15 02:00:00,,,
2022-10-15 03:00:00,137.333333333333,86.7333333333333,278.05
2022-10-15 04:00:00,,,
2022-10-15 05:00:00,125.6,91.92,278.33
2022-10-15 06:00:00,125.0,90.4833333333333,278.5
2022-10-15 07:00:00,,,
2022-10-15 08:00:00,158.8,88.62,278.81
2022-10-15 09:00:00,123.8,86.94,279.29
2022-10-15 10:00:00,97.0,85.66,280.25
2022-10-15 11:00:00,95.6,80.64,281.55
2022-10-15 12:00:00,87.6666666666667,68.1,283.166666666667
2022-10-15 13:00:00,93.0,60.52,284.09
2022-10-15 14:00:00,100.166666666667,46.6333333333333,284.716666666667
2022-10-15 15:00:00,97.5,68.5666666666667,283.2
2022-10-15 16:00:00,94.5,82.9,281.75
2022-10-15 17:00:00,70.8,79.78,281.55
2022-10-15 18:00:00,73.8333333333333,75.15,281.533333333333
2022-10-15 19:00:00,86.5,77.4166666666667,280.95
2022-10-15 20:00:00,88.6666666666667,73.3333333333333,281.033333333333
2022-10-15 21:00:00,91.5,73.4,280.783333333333
2022-10-15 22:00:00,94.0,67.3666666666667,281.2
2022-10-15 23:00:00,94.6666666666667,62.5,281.05
2022-10-16 00:00:00,92.3333333333333,58.1,281.633333333333
2022-10-16 01:00:00,95.3333333333333,54.6,281.316666666667
2022-10-16 02:00:00,97.2,56.34,281.01
2022-10-16 03:00:00,112.8,54.18,280.95
2022-10-16 04:00:00,118.8,46.52,281.69
2022-10-16 05:00:00,115.833333333333,44.9333333333333,281.916666666667
2022-10-16 06:00:00,103.8,45.08,281.73
2022-10-16 07:00:00,117.666666666667,44.9666666666667,281.333333333333
2022-10-16 08:00:00,117.333333333333,43.6333333333333,282.016666666667
2022-10-16 09:00:00,88.8333333333333,42.9,283.966666666667
2022-10-16 10:00:00,86.0,43.2,284.583333333333
2022-10-16 11:00:00,78.8333333333333,36.9,286.05
2022-10-16 12:00:00,78.8333333333333,36.9166666666667,286.283333333333
2022-10-16 13:00:00,76.8333333333333,43.4833333333333,286.45
2022-10-16 14:00:00,88.1666666666667,37.9833333333333,286.5
2022-10-16 15:00:00,85.1666666666667,36.2,286.816666666667
2022-10-16 16:00:00,89.1666666666667,42.55,284.783333333333
2022-10-16 17:00:00,91.5,49.6166666666667,283.6
2022-10-16 18:00:00,98.6666666666667,51.2833333333333,283.3
2022-10-16 19:00:00,91.0,50.3166666666667,282.966666666667
2022-10-16 20:00:00,94.3333333333333,50.95,282.266666666667
2022-10-16 21:00:00,130.166666666667,48.5166666666667,282.15
2022-10-16 22:00:00,143.333333333333,47.1333333333333,282.333333333333
2022-10-16 23:00:00,126.833333333333,47.4666666666667,282.283333333333
2022-10-17 00:00:00,104.666666666667,46.9166666666667,282.05
2022-10-17 01:00:00,105.666666666667,44.9,282.083333333333
2022-10-17 02:00:00,,,
2022-10-17 03:00:00,,,
2022-10-17 04:00:00,,,
2022-10-17 05:00:00,,,
2022-10-17 06:00:00,113.2,29.32,282.11
2022-10-17 07:00:00,,,
2022-10-17 08:00:00,,,
2022-10-17 09:00:00,,,
2022-10-17 10:00:00,87.2,26.18,285.55
2022-10-17 11:00:00,75.6,28.42,286.85
2022-10-17 12:00:00,,,
2022-10-17 13:00:00,84.0,30.26,287.71
2022-10-17 14:00:00,,,
2022-10-17 15:00:00,,,
2022-10-17 16:00:00,,,
2022-10-17 17:00:00,93.2,35.6,284.57
2022-10-17 18:00:00,,,
2022-10-17 19:00:00,105.0,37.34,283.55
2022-10-17 20:00:00,102.0,38.98,282.77
2022-10-17 21:00:00,,,
2022-10-17 22:00:00,100.6,42.2,281.93
2022-10-17 23:00:00,,,
2022-10-18 00:00:00,99.6666666666667,42.9333333333333,282.466666666667
2022-10-18 01:00:00,93.0,44.82,282.19
2022-10-18 02:00:00,,,
2022-10-18 03:00:00,,,
2022-10-18 04:00:00,,,
2022-10-18 05:00:00,127.2,44.06,281.49
2022-10-18 06:00:00,,,
2022-10-18 07:00:00,,,
2022-10-18 08:00:00,132.8,39.82,281.25
2022-10-18 09:00:00,,,
2022-10-18 10:00:00,87.6,38.9,284.17
2022-10-18 11:00:00,,,
2022-10-18 12:00:00,,,
2022-10-18 13:00:00,81.4,43.12,286.03
2022-10-18 14:00:00,77.0,44.34,285.95
2022-10-18 15:00:00,,,
2022-10-18 16:00:00,44.0,46.3,285.39
2022-10-18 17:00:00,94.0,52.52,284.09
2022-10-18 18:00:00,86.6,59.94,283.25
2022-10-18 19:00:00,111.2,70.52,282.19
2022-10-18 20:00:00,116.833333333333,73.2,281.883333333333
2022-10-18 21:00:00,101.0,78.6666666666667,281.283333333333
2022-10-18 22:00:00,99.3333333333333,79.45,281.133333333333
2022-10-18 23:00:00,110.166666666667,77.7833333333333,280.9
2022-10-19 00:00:00,112.333333333333,84.9166666666667,280.366666666667
2022-10-19 01:00:00,115.666666666667,85.0666666666667,280.016666666667
2022-10-19 02:00:00,134.8,74.9,279.93
2022-10-19 03:00:00,150.166666666667,69.7333333333333,280.1
2022-10-19 04:00:00,,,
2022-10-19 05:00:00,139.833333333333,62.6833333333333,280.033333333333
2022-10-19 06:00:00,136.0,60.32,280.21
2022-10-19 07:00:00,140.4,60.64,279.93
2022-10-19 08:00:00,135.666666666667,58.3833333333333,280.316666666667
2022-10-19 09:00:00,106.333333333333,56.7166666666667,281.516666666667
2022-10-19 10:00:00,82.3333333333333,51.8,283.233333333333
2022-10-19 11:00:00,82.8,47.28,284.21
2022-10-19 12:00:00,83.6666666666667,43.5666666666667,284.666666666667
2022-10-19 13:00:00,96.6666666666667,37.8333333333333,285.216666666667
2022-10-19 14:00:00,96.3333333333333,33.4,285.466666666667
2022-10-19 15:00:00,87.1666666666667,30.5,285.8
2022-10-19 16:00:00,82.0,32.0166666666667,284.233333333333
2022-10-19 17:00:00,125.166666666667,34.3166666666667,283.7
2022-10-19 18:00:00,116.0,39.3333333333333,282.5
2022-10-19 19:00:00,102.833333333333,41.6333333333333,282.033333333333
2022-10-19 20:00:00,101.666666666667,42.2,281.933333333333
2022-10-19 21:00:00,115.333333333333,42.6666666666667,281.833333333333
2022-10-19 22:00:00,111.5,42.7833333333333,281.716666666667
2022-10-19 23:00:00,98.3333333333333,42.2166666666667,281.533333333333
2022-10-20 00:00:00,101.166666666667,40.3166666666667,282.0
2022-10-20 01:00:00,105.333333333333,40.4,281.9
2022-10-20 02:00:00,,,
2022-10-20 03:00:00,,,
2022-10-20 04:00:00,,,
2022-10-20 05:00:00,,,
2022-10-20 06:00:00,,,
2022-10-20 07:00:00,,,
2022-10-20 08:00:00,,,
2022-10-20 09:00:00,,,
2022-10-20 10:00:00,,,
2022-10-20 11:00:00,,,
2022-10-20 12:00:00,,,
2022-10-20 13:00:00,,,
2022-10-20 14:00:00,,,
2022-10-20 15:00:00,,,
2022-10-20 16:00:00,83.8333333333333,44.7166666666667,285.65
2022-10-20 17:00:00,,,
2022-10-20 18:00:00,,,
2022-10-20 19:00:00,,,
2022-10-20 20:00:00,,,
2022-10-20 21:00:00,,,
2022-10-20 22:00:00,,,
2022-10-20 23:00:00,102.4,48.28,284.11
2022-10-21 00:00:00,,,
2022-10-21 01:00:00,91.2,52.44,283.39
2022-10-21 02:00:00,108.8,54.1,283.29
2022-10-21 03:00:00,,,
2022-10-21 04:00:00,102.6,57.86,282.61
2022-10-21 05:00:00,,,
2022-10-21 06:00:00,,,
2022-10-21 07:00:00,,,
2022-10-21 08:00:00,,,
2022-10-21 09:00:00,,,
2022-10-21 10:00:00,,,
2022-10-21 11:00:00,,,
2022-10-21 12:00:00,115.2,73.22,281.01
2022-10-21 13:00:00,,,
2022-10-21 14:00:00,110.0,75.06,280.99
2022-10-21 15:00:00,,,
2022-10-21 16:00:00,134.2,79.6,280.11
2022-10-21 17:00:00,126.833333333333,83.4666666666667,279.916666666667
2022-10-21 18:00:00,144.0,88.4833333333333,279.566666666667
2022-10-21 19:00:00,,,
2022-10-21 20:00:00,131.8,95.28,279.25
2022-10-21 21:00:00,146.6,98.6,279.09
2022-10-21 22:00:00,150.6,98.14,279.27
2022-10-21 23:00:00,134.0,93.6,279.65
2022-10-22 00:00:00,116.333333333333,91.35,279.933333333333
2022-10-22 01:00:00,131.5,97.5666666666667,279.583333333333
2022-10-22 02:00:00,,,
2022-10-22 03:00:00,150.6,98.92,279.25
2022-10-22 04:00:00,,,
2022-10-22 05:00:00,117.0,100.02,278.41
2022-10-22 06:00:00,101.833333333333,99.8333333333333,277.233333333333
2022-10-22 07:00:00,133.0,99.2,276.566666666667
2022-10-22 08:00:00,137.6,100.52,276.33
2022-10-22 09:00:00,136.0,100.85,276.433333333333
2022-10-22 10:00:00,141.833333333333,101.316666666667,276.65
2022-10-22 11:00:00,144.166666666667,100.866666666667,276.766666666667
2022-10-22 12:00:00,132.0,99.6,277.23
2022-10-22 13:00:00,137.5,98.9333333333333,278.0
2022-10-22 14:00:00,109.166666666667,97.9,278.766666666667
2022-10-22 15:00:00,101.666666666667,78.9833333333333,280.133333333333
2022-10-22 16:00:00,103.333333333333,68.5666666666667,279.483333333333
2022-10-22 17:00:00,118.5,65.05,279.516666666667
2022-10-22 18:00:00,152.6,67.76,278.99
2022-10-22 19:00:00,145.666666666667,65.2166666666667,278.966666666667
2022-10-22 20:00:00,136.666666666667,63.9833333333333,278.9
2022-10-22 21:00:00,130.833333333333,56.1833333333333,279.483333333333
2022-10-22 22:00:00,137.833333333333,53.2,279.283333333333
2022-10-22 23:00:00,148.833333333333,50.5833333333333,279.066666666667
2022-10-23 00:00:00,145.666666666667,49.8166666666667,278.816666666667
2022-10-23 01:00:00,148.333333333333,45.7666666666667,279.5
2022-10-23 02:00:00,,,
2022-10-23 03:00:00,,,
2022-10-23 04:00:00,,,
2022-10-23 05:00:00,156.8,57.1,279.09
2022-10-23 06:00:00,,,
2022-10-23 07:00:00,158.833333333333,58.5166666666667,280.016666666667
2022-10-23 08:00:00,,,
2022-10-23 09:00:00,,,
2022-10-23 10:00:00,,,
2022-10-23 11:00:00,,,
2022-10-23 12:00:00,,,
2022-10-23 13:00:00,,,
2022-10-23 14:00:00,83.6,53.34,285.13
2022-10-23 15:00:00,83.0,52.22,285.23
2022-10-23 16:00:00,84.3333333333333,53.6166666666667,284.533333333333
2022-10-23 17:00:00,98.6,58.7,283.31
2022-10-23 18:00:00,89.3333333333333,68.1,281.95
2022-10-23 19:00:00,89.5,69.8833333333333,281.7
2022-10-23 20:00:00,93.3333333333333,68.8,281.833333333333
2022-10-23 21:00:00,95.0,70.16,281.61
2022-10-23 22:00:00,108.5,67.6166666666667,281.9
2022-10-23 23:00:00,109.666666666667,71.3166666666667,281.85
2022-10-24 00:00:00,94.5,77.2333333333333,281.4
2022-10-24 01:00:00,83.0,81.2166666666667,281.15
2022-10-24 02:00:00,,,
2022-10-24 03:00:00,,,
2022-10-24 04:00:00,86.4,85.46,280.83
2022-10-24 05:00:00,84.0,97.0833333333333,280.283333333333
2022-10-24 06:00:00,,,
2022-10-24 07:00:00,125.333333333333,97.6166666666667,279.666666666667
2022-10-24 08:00:00,138.2,97.04,279.55
2022-10-24 09:00:00,103.0,92.06,280.21
2022-10-24 10:00:00,91.8333333333333,94.7333333333333,280.566666666667
2022-10-24 11:00:00,107.166666666667,97.2166666666667,280.15
2022-10-24 12:00:00,93.3333333333333,97.8,280.683333333333
2022-10-24 13:00:00,94.8333333333333,96.8333333333333,280.883333333333
2022-10-24 14:00:00,99.1666666666667,99.05,279.95
2022-10-24 15:00:00,126.0,100.516666666667,279.333333333333
2022-10-24 16:00:00,161.8,101.12,277.69
2022-10-24 17:00:00,125.666666666667,101.516666666667,277.133333333333
2022-10-24 18:00:00,176.833333333333,101.783333333333,276.666666666667
2022-10-24 19:00:00,184.333333333333,101.966666666667,275.833333333333
2022-10-24 20:00:00,150.5,101.983333333333,275.85
2022-10-24 21:00:00,117.333333333333,101.833333333333,275.783333333333
2022-10-24 22:00:00,117.166666666667,101.583333333333,275.85
2022-10-24 23:00:00,120.166666666667,101.5,276.116666666667
2022-10-25 00:00:00,114.333333333333,101.5,276.333333333333
2022-10-25 01:00:00,111.666666666667,101.583333333333,276.383333333333
2022-10-25 02:00:00,,,
2022-10-25 03:00:00,,,
2022-10-25 04:00:00,112.0,95.84,276.99
2022-10-25 05:00:00,123.8,83.66,277.19
2022-10-25 06:00:00,133.833333333333,79.65,277.316666666667
2022-10-25 07:00:00,134.0,73.3,277.483333333333
2022-10-25 08:00:00,116.666666666667,73.2333333333333,278.066666666667
2022-10-25 09:00:00,68.5,74.45,279.6
2022-10-25 10:00:00,81.6666666666667,73.9333333333333,279.65
2022-10-25 11:00:00,85.1666666666667,73.9666666666667,280.266666666667
2022-10-25 12:00:00,91.1666666666667,74.55,280.266666666667
2022-10-25 13:00:00,92.8333333333333,68.55,280.766666666667
2022-10-25 14:00:00,96.8333333333333,59.1166666666667,281.1
2022-10-25 15:00:00,95.5,48.3,281.333333333333
2022-10-25 16:00:00,109.666666666667,37.9833333333333,280.883333333333
2022-10-25 17:00:00,106.166666666667,47.4333333333333,280.366666666667
2022-10-25 18:00:00,137.833333333333,64.8666666666667,279.083333333333
2022-10-25 19:00:00,144.333333333333,60.1166666666667,279.3
2022-10-25 20:00:00,152.166666666667,59.9,279.05
2022-10-25 21:00:00,155.5,62.2833333333333,278.9
2022-10-25 22:00:00,155.666666666667,62.2333333333333,279.016666666667
2022-10-25 23:00:00,154.833333333333,61.3666666666667,278.95
2022-10-26 00:00:00,155.166666666667,61.3166666666667,279.016666666667
2022-10-26 01:00:00,156.166666666667,59.9833333333333,279.016666666667
2022-10-26 02:00:00,,,
2022-10-26 03:00:00,,,
2022-10-26 04:00:00,,,
2022-10-26 05:00:00,,,
2022-10-26 06:00:00,,,
2022-10-26 07:00:00,,,
2022-10-26 08:00:00,,,
2022-10-26 09:00:00,,,
2022-10-26 10:00:00,,,
2022-10-26 11:00:00,,,
2022-10-26 12:00:00,88.4,83.5,279.85
2022-10-26 13:00:00,68.0,80.92,280.53
2022-10-26 14:00:00,,,
2022-10-26 15:00:00,,,
2022-10-26 16:00:00,71.6,67.14,281.51
2022-10-26 17:00:00,70.2,58.7,281.59
2022-10-26 18:00:00,,,
2022-10-26 19:00:00,,,
2022-10-26 20:00:00,,,
2022-10-26 21:00:00,,,
2022-10-26 22:00:00,,,
2022-10-26 23:00:00,,,
2022-10-27 00:00:00,135.0,53.58,280.31
2022-10-27 01:00:00,140.0,49.22,280.07
2022-10-27 02:00:00,,,
2022-10-27 03:00:00,,,
2022-10-27 04:00:00,149.4,33.42,279.97
2022-10-27 05:00:00,144.8,30.32,279.85
2022-10-27 06:00:00,144.2,28.84,279.67
2022-10-27 07:00:00,,,
2022-10-27 08:00:00,,,
2022-10-27 09:00:00,,,
2022-10-27 10:00:00,,,
2022-10-27 11:00:00,,,
2022-10-27 12:00:00,,,
2022-10-27 13:00:00,86.5,37.15,286.3
2022-10-27 14:00:00,88.6,36.34,286.43
2022-10-27 15:00:00,71.6666666666667,36.25,285.766666666667
2022-10-27 16:00:00,,,
2022-10-27 17:00:00,101.0,39.3333333333333,284.416666666667
2022-10-27 18:00:00,94.0,42.15,283.683333333333
2022-10-27 19:00:00,83.0,43.1833333333333,283.2
2022-10-27 20:00:00,84.5,45.2333333333333,282.8
2022-10-27 21:00:00,85.6666666666667,46.1,282.616666666667
2022-10-27 22:00:00,81.2,46.22,282.69
2022-10-27 23:00:00,95.6666666666667,47.0166666666667,282.383333333333
2022-10-28 00:00:00,124.166666666667,46.6833333333333,282.466666666667
2022-10-28 01:00:00,136.666666666667,45.9666666666667,282.533333333333
2022-10-28 02:00:00,139.5,47.5,282.133333333333
2022-10-28 03:00:00,,,
2022-10-28 04:00:00,126.333333333333,46.6833333333333,282.1
2022-10-28 05:00:00,134.2,45.76,282.29
2022-10-28 06:00:00,119.6,45.78,282.31
2022-10-28 07:00:00,95.8,45.1,282.49
2022-10-28 08:00:00,91.1666666666667,44.1833333333333,282.833333333333
2022-10-28 09:00:00,108.166666666667,44.0833333333333,283.833333333333
2022-10-28 10:00:00,85.3333333333333,44.0,285.033333333333
2022-10-28 11:00:00,72.8333333333333,41.5833333333333,286.383333333333
2022-10-28 12:00:00,72.1666666666667,37.65,287.4
2022-10-28 13:00:00,79.8333333333333,37.7333333333333,287.75
2022-10-28 14:00:00,89.1666666666667,37.8333333333333,287.483333333333
2022-10-28 15:00:00,98.5,37.1833333333333,287.066666666667
2022-10-28 16:00:00,134.5,39.1666666666667,286.166666666667
2022-10-28 17:00:00,94.6666666666667,40.2666666666667,285.733333333333
2022-10-28 18:00:00,101.333333333333,41.3,285.516666666667
2022-10-28 19:00:00,90.0,42.3166666666667,285.383333333333
2022-10-28 20:00:00,100.833333333333,44.7333333333333,284.633333333333
2022-10-28 21:00:00,109.5,45.65,284.066666666667
2022-10-28 22:00:00,107.166666666667,45.1333333333333,283.983333333333
2022-10-28 23:00:00,123.833333333333,45.5666666666667,283.616666666667
2022-10-29 00:00:00,136.833333333333,46.55,283.35
2022-10-29 01:00:00,127.333333333333,45.6166666666667,283.366666666667
2022-10-29 02:00:00,,,
2022-10-29 03:00:00,115.8,44.4,283.57
2022-10-29 04:00:00,,,
2022-10-29 05:00:00,,,
2022-10-29 06:00:00,93.2,44.22,283.43
2022-10-29 07:00:00,99.6,43.34,283.77
2022-10-29 08:00:00,,,
2022-10-29 09:00:00,,,
2022-10-29 10:00:00,91.0,40.42,286.01
2022-10-29 11:00:00,,,
2022-10-29 12:00:00,88.0,39.7,287.49
2022-10-29 13:00:00,,,
2022-10-29 14:00:00,,,
2022-10-29 15:00:00,,,
2022-10-29 16:00:00,95.4,35.44,286.79
2022-10-29 17:00:00,81.8,39.36,285.89
2022-10-29 18:00:00,,,
2022-10-29 19:00:00,,,
2022-10-29 20:00:00,,,
2022-10-29 21:00:00,103.6,43.38,284.73
2022-10-29 22:00:00,,,
2022-10-29 23:00:00,106.4,44.74,284.47
2022-10-30 00:00:00,91.2,45.32,284.43
2022-10-30 01:00:00,,,
2022-10-30 02:00:00,110.8,45.24,284.23
2022-10-30 03:00:00,106.6,44.68,283.93
2022-10-30 04:00:00,,,
2022-10-30 05:00:00,105.2,44.36,283.65
2022-10-30 06:00:00,,,
2022-10-30 07:00:00,,,
2022-10-30 08:00:00,,,
2022-10-30 09:00:00,,,
2022-10-30 10:00:00,,,
2022-10-30 11:00:00,,,
2022-10-30 12:00:00,88.2,35.54,287.49
2022-10-30 13:00:00,,,
2022-10-30 14:00:00,,,
2022-10-30 15:00:00,,,
2022-10-30 16:00:00,93.4,40.2,285.17
2022-10-30 17:00:00,93.1666666666667,43.2666666666667,284.533333333333
2022-10-30 18:00:00,,,
2022-10-30 19:00:00,78.3333333333333,45.0833333333333,283.866666666667
2022-10-30 20:00:00,86.5,47.6166666666667,283.083333333333
2022-10-30 21:00:00,84.6666666666667,48.75,282.766666666667
2022-10-30 22:00:00,88.5,49.45,282.583333333333
2022-10-30 23:00:00,91.3333333333333,49.1666666666667,282.6
2022-10-31 00:00:00,92.5,47.8333333333333,282.483333333333
2022-10-31 01:00:00,95.8333333333333,45.4166666666667,282.683333333333
2022-10-31 02:00:00,94.4,44.08,282.63
2022-10-31 03:00:00,,,
2022-10-31 04:00:00,,,
2022-10-31 05:00:00,123.4,42.4,282.11
2022-10-31 06:00:00,,,
2022-10-31 07:00:00,140.333333333333,39.7,282.2
2022-10-31 08:00:00,151.5,41.6833333333333,281.6
2022-10-31 09:00:00,112.6,39.42,282.91
2022-10-31 10:00:00,93.6666666666667,38.5833333333333,284.65
2022-10-31 11:00:00,88.2,39.2,285.33
2022-10-31 12:00:00,92.3333333333333,37.8833333333333,285.466666666667
2022-10-31 13:00:00,91.0,36.55,285.466666666667
2022-10-31 14:00:00,,,
2022-10-31 15:00:00,92.4,37.88,284.03
2022-10-31 16:00:00,76.8333333333333,39.5333333333333,283.433333333333
2022-10-31 17:00:00,78.1666666666667,39.7833333333333,283.05
2022-10-31 18:00:00,88.5,39.8,282.55
2022-10-31 19:00:00,87.6666666666667,43.9,281.633333333333
2022-10-31 20:00:00,92.1666666666667,46.0333333333333,281.1
2022-10-31 21:00:00,96.5,46.4833333333333,280.666666666667
2022-10-31 22:00:00,117.166666666667,49.05,280.066666666667
2022-10-31 23:00:00,136.0,42.2333333333333,280.55
2022-11-01 00:00:00,139.333333333333,42.1,280.516666666667
2022-11-01 01:00:00,144.0,49.35,279.5
2022-11-01 02:00:00,,,
2022-11-01 03:00:00,140.0,48.66,279.09
2022-11-01 04:00:00,,,
2022-11-01 05:00:00,,,
2022-11-01 06:00:00,,,
2022-11-01 07:00:00,98.4,42.3,280.09
2022-11-01 08:00:00,,,
2022-11-01 09:00:00,,,
2022-11-01 10:00:00,,,
2022-11-01 11:00:00,76.8,46.48,281.09
2022-11-01 12:00:00,89.8333333333333,50.0333333333333,281.166666666667
2022-11-01 13:00:00,,,
2022-11-01 14:00:00,65.3333333333333,53.0,281.316666666667
2022-11-01 15:00:00,,,
2022-11-01 16:00:00,61.3333333333333,58.0666666666667,280.85
2022-11-01 17:00:00,63.6,63.58,280.39
2022-11-01 18:00:00,67.0,67.6333333333333,279.483333333333
2022-11-01 19:00:00,90.3333333333333,70.9666666666667,278.883333333333
2022-11-01 20:00:00,152.833333333333,73.2666666666667,278.333333333333
2022-11-01 21:00:00,168.0,77.1166666666667,277.95
2022-11-01 22:00:00,176.666666666667,77.9666666666667,277.616666666667
2022-11-01 23:00:00,165.166666666667,76.7333333333333,277.383333333333
2022-11-02 00:00:00,147.333333333333,80.3666666666667,276.733333333333
2022-11-02 01:00:00,141.5,82.25,276.566666666667
2022-11-02 02:00:00,,,
2022-11-02 03:00:00,,,
2022-11-02 04:00:00,159.0,79.68,276.61
2022-11-02 05:00:00,,,
2022-11-02 06:00:00,181.0,69.68,276.51
2022-11-02 07:00:00,,,
2022-11-02 08:00:00,194.5,69.7,275.05
2022-11-02 09:00:00,114.2,76.66,276.21
2022-11-02 10:00:00,101.333333333333,73.2166666666667,276.95
2022-11-02 11:00:00,93.3333333333333,71.4333333333333,277.533333333333
2022-11-02 12:00:00,95.0,75.16,277.31
2022-11-02 13:00:00,97.6666666666667,78.7333333333333,277.916666666667
2022-11-02 14:00:00,89.8333333333333,79.8666666666667,278.066666666667
2022-11-02 15:00:00,85.3333333333333,83.1666666666667,277.583333333333
2022-11-02 16:00:00,144.666666666667,82.15,277.366666666667
2022-11-02 17:00:00,158.833333333333,89.45,276.633333333333
2022-11-02 18:00:00,194.666666666667,89.6833333333333,276.25
2022-11-02 19:00:00,204.0,97.5666666666667,275.816666666667
2022-11-02 20:00:00,184.833333333333,94.3,275.683333333333
2022-11-02 21:00:00,149.666666666667,82.9333333333334,276.166666666667
2022-11-02 22:00:00,177.0,70.6,276.483333333333
2022-11-02 23:00:00,197.5,67.8666666666667,276.533333333333
2022-11-03 00:00:00,190.333333333333,68.9833333333333,276.416666666667
2022-11-03 01:00:00,189.333333333333,68.9,276.266666666667
2022-11-03 02:00:00,,,
2022-11-03 03:00:00,,,
2022-11-03 04:00:00,224.166666666667,66.5333333333333,275.833333333333
2022-11-03 05:00:00,217.4,70.36,275.53
2022-11-03 06:00:00,211.333333333333,70.2666666666667,275.683333333333
2022-11-03 07:00:00,225.166666666667,67.9,275.483333333333
2022-11-03 08:00:00,195.666666666667,69.95,275.566666666667
2022-11-03 09:00:00,160.833333333333,71.0333333333334,276.166666666667
2022-11-03 10:00:00,116.166666666667,66.9666666666667,277.366666666667
2022-11-03 11:00:00,100.4,61.04,278.77
2022-11-03 12:00:00,101.333333333333,60.1166666666667,278.95
2022-11-03 13:00:00,101.0,59.4166666666667,279.316666666667
2022-11-03 14:00:00,101.666666666667,65.9833333333333,278.483333333333
2022-11-03 15:00:00,104.0,67.9833333333333,277.966666666667
2022-11-03 16:00:00,82.6666666666667,71.15,277.2
2022-11-03 17:00:00,124.0,74.1166666666667,277.05
2022-11-03 18:00:00,167.5,75.9333333333333,276.433333333333
2022-11-03 19:00:00,171.5,71.35,276.516666666667
2022-11-03 20:00:00,180.0,67.85,276.8
2022-11-03 21:00:00,178.333333333333,72.8166666666667,276.783333333333
2022-11-03 22:00:00,171.166666666667,78.0666666666667,276.583333333333
2022-11-03 23:00:00,157.5,92.6166666666667,275.483333333333
2022-11-04 00:00:00,142.5,90.4833333333333,275.4
2022-11-04 01:00:00,136.666666666667,87.3666666666667,275.516666666667
2022-11-04 02:00:00,,,
2022-11-04 03:00:00,,,
2022-11-04 04:00:00,,,
2022-11-04 05:00:00,,,
2022-11-04 06:00:00,,,
2022-11-04 07:00:00,105.2,99.9,271.23
2022-11-04 08:00:00,,,
2022-11-04 09:00:00,,,
2022-11-04 10:00:00,173.8,99.44,270.53
2022-11-04 11:00:00,234.2,99.44,270.65
2022-11-04 12:00:00,,,
2022-11-04 13:00:00,,,
2022-11-04 14:00:00,,,
2022-11-04 15:00:00,,,
2022-11-04 16:00:00,246.2,98.68,269.87
2022-11-04 17:00:00,,,
2022-11-04 18:00:00,240.6,99.0,268.35
2022-11-04 19:00:00,,,
2022-11-04 20:00:00,243.6,98.82,267.83
2022-11-04 21:00:00,239.2,98.84,268.03
2022-11-04 22:00:00,274.4,98.74,267.83
2022-11-04 23:00:00,266.5,98.7666666666667,267.366666666667
2022-11-05 00:00:00,230.833333333333,98.75,267.35
2022-11-05 01:00:00,,,
2022-11-05 02:00:00,258.6,98.0,268.85
2022-11-05 03:00:00,,,
2022-11-05 04:00:00,,,
2022-11-05 05:00:00,,,
2022-11-05 06:00:00,189.4,98.86,268.91
2022-11-05 07:00:00,,,
2022-11-05 08:00:00,,,
2022-11-05 09:00:00,,,
2022-11-05 10:00:00,,,
2022-11-05 11:00:00,,,
2022-11-05 12:00:00,,,
2022-11-05 13:00:00,148.4,96.02,271.81
2022-11-05 14:00:00,195.6,88.8,271.77
2022-11-05 15:00:00,208.166666666667,98.8666666666667,271.266666666667
2022-11-05 16:00:00,201.4,95.14,271.01
2022-11-05 17:00:00,212.833333333333,69.1833333333333,271.466666666667
2022-11-05 18:00:00,221.333333333333,68.4166666666667,271.316666666667
2022-11-05 19:00:00,,,
2022-11-05 20:00:00,229.666666666667,67.7833333333333,271.416666666667
2022-11-05 21:00:00,228.8,93.52,270.45
2022-11-05 22:00:00,232.833333333333,99.35,269.8
2022-11-05 23:00:00,233.833333333333,99.0166666666667,269.45
2022-11-06 00:00:00,237.0,90.8,269.433333333333
2022-11-06 01:00:00,234.166666666667,88.4,269.116666666667
2022-11-06 02:00:00,236.2,86.92,268.93
2022-11-06 03:00:00,,,
2022-11-06 04:00:00,228.666666666667,80.5333333333333,268.75
2022-11-06 05:00:00,227.4,79.1,268.87
2022-11-06 06:00:00,220.8,61.8,268.93
2022-11-06 07:00:00,224.666666666667,47.55,269.966666666667
2022-11-06 08:00:00,221.6,39.22,271.01
2022-11-06 09:00:00,176.166666666667,38.3,273.1
2022-11-06 10:00:00,161.333333333333,36.85,274.1
2022-11-06 11:00:00,148.333333333333,30.8166666666667,274.9
2022-11-06 12:00:00,151.833333333333,28.5666666666667,275.716666666667
2022-11-06 13:00:00,154.0,27.4333333333333,276.55
2022-11-06 14:00:00,152.833333333333,26.9333333333333,277.333333333333
2022-11-06 15:00:00,163.5,25.3166666666667,276.25
2022-11-06 16:00:00,194.833333333333,23.35,275.483333333333
2022-11-06 17:00:00,225.166666666667,19.0666666666667,275.933333333333
2022-11-06 18:00:00,230.166666666667,17.6833333333333,276.35
2022-11-06 19:00:00,229.666666666667,18.0,276.55
2022-11-06 20:00:00,226.833333333333,18.2333333333333,276.883333333333
2022-11-06 21:00:00,224.833333333333,29.3333333333333,277.183333333333
2022-11-06 22:00:00,189.833333333333,46.3833333333333,277.766666666667
2022-11-06 23:00:00,176.166666666667,45.7666666666667,277.716666666667
2022-11-07 00:00:00,193.333333333333,46.85,276.916666666667
2022-11-07 01:00:00,202.666666666667,54.6333333333333,275.35
2022-11-07 02:00:00,,,
2022-11-07 03:00:00,,,
2022-11-07 04:00:00,,,
2022-11-07 05:00:00,,,
2022-11-07 06:00:00,,,
2022-11-07 07:00:00,,,
2022-11-07 08:00:00,,,
2022-11-07 09:00:00,,,
2022-11-07 10:00:00,165.0,49.72,277.13
2022-11-07 11:00:00,150.5,47.4166666666667,279.216666666667
2022-11-07 12:00:00,135.0,46.14,279.67
2022-11-07 13:00:00,,,
2022-11-07 14:00:00,,,
2022-11-07 15:00:00,151.833333333333,48.7,277.75
2022-11-07 16:00:00,180.6,48.5,277.27
2022-11-07 17:00:00,,,
2022-11-07 18:00:00,185.166666666667,51.3333333333333,276.616666666667
2022-11-07 19:00:00,186.6,44.74,276.79
2022-11-07 20:00:00,,,
2022-11-07 21:00:00,177.333333333333,44.8666666666667,276.433333333333
2022-11-07 22:00:00,177.333333333333,43.2,276.133333333333
2022-11-07 23:00:00,181.833333333333,37.4666666666667,276.516666666667
2022-11-08 00:00:00,183.833333333333,37.7666666666667,276.583333333333
2022-11-08 01:00:00,185.666666666667,27.0,277.416666666667
2022-11-08 02:00:00,180.2,25.98,277.33
2022-11-08 03:00:00,182.6,23.66,277.33
2022-11-08 04:00:00,181.8,21.66,277.47
2022-11-08 05:00:00,180.4,18.46,278.35
2022-11-08 06:00:00,182.8,18.94,278.11
2022-11-08 07:00:00,,,
2022-11-08 08:00:00,175.4,20.52,278.43
2022-11-08 09:00:00,130.166666666667,21.5833333333333,279.966666666667
2022-11-08 10:00:00,,,
2022-11-08 11:00:00,141.0,21.7333333333333,280.866666666667
2022-11-08 12:00:00,129.4,27.44,281.13
2022-11-08 13:00:00,130.666666666667,27.4,280.766666666667
2022-11-08 14:00:00,128.333333333333,25.6333333333333,281.083333333333
2022-11-08 15:00:00,130.833333333333,23.8666666666667,279.516666666667
2022-11-08 16:00:00,147.333333333333,27.5166666666667,279.15
2022-11-08 17:00:00,178.8,32.1,278.13
2022-11-08 18:00:00,184.8,33.44,277.59
2022-11-08 19:00:00,188.333333333333,34.2,277.016666666667
2022-11-08 20:00:00,189.666666666667,34.75,276.583333333333
2022-11-08 21:00:00,196.5,32.0333333333333,276.833333333333
2022-11-08 22:00:00,196.333333333333,28.9166666666667,277.35
2022-11-08 23:00:00,192.333333333333,25.05,278.033333333333
2022-11-09 00:00:00,191.5,26.95,277.7
2022-11-09 01:00:00,195.666666666667,27.9,277.433333333333
2022-11-09 02:00:00,192.4,28.72,277.63
2022-11-09 03:00:00,192.333333333333,33.4833333333333,277.466666666667
2022-11-09 04:00:00,190.333333333333,36.9833333333333,277.366666666667
2022-11-09 05:00:00,188.166666666667,41.9,276.75
2022-11-09 06:00:00,189.166666666667,43.4666666666667,276.683333333333
2022-11-09 07:00:00,190.666666666667,43.9,276.916666666667
2022-11-09 08:00:00,185.833333333333,43.8166666666667,277.683333333333
2022-11-09 09:00:00,139.666666666667,44.6666666666667,278.65
2022-11-09 10:00:00,116.0,42.7166666666667,279.516666666667
2022-11-09 11:00:00,119.0,47.7,279.933333333333
2022-11-09 12:00:00,129.666666666667,50.2,280.15
2022-11-09 13:00:00,105.666666666667,47.3166666666667,281.233333333333
2022-11-09 14:00:00,91.1666666666667,51.1166666666667,280.85
2022-11-09 15:00:00,121.5,59.9833333333334,278.216666666667
2022-11-09 16:00:00,146.5,61.7333333333333,277.666666666667
2022-11-09 17:00:00,156.666666666667,63.2833333333333,277.666666666667
2022-11-09 18:00:00,160.333333333333,66.75,276.8
2022-11-09 19:00:00,161.666666666667,64.1166666666667,277.2
2022-11-09 20:00:00,162.5,66.1666666666667,276.983333333333
2022-11-09 21:00:00,164.333333333333,68.5666666666667,276.95
2022-11-09 22:00:00,166.333333333333,75.4166666666667,276.333333333333
2022-11-09 23:00:00,162.5,81.1,275.9
2022-11-10 00:00:00,156.666666666667,84.0166666666667,275.25
2022-11-10 01:00:00,159.0,97.1,274.25
2022-11-10 02:00:00,163.833333333333,99.5833333333333,273.85
2022-11-10 03:00:00,156.166666666667,100.066666666667,273.416666666667
2022-11-10 04:00:00,146.166666666667,100.4,273.25
2022-11-10 05:00:00,143.333333333333,100.566666666667,273.233333333333
2022-11-10 06:00:00,140.166666666667,100.766666666667,273.35
2022-11-10 07:00:00,153.666666666667,101.0,273.45
2022-11-10 08:00:00,135.5,101.166666666667,273.566666666667
2022-11-10 09:00:00,186.0,101.366666666667,273.566666666667
2022-11-10 10:00:00,172.833333333333,100.833333333333,273.816666666667
2022-11-10 11:00:00,165.666666666667,100.816666666667,274.15
2022-11-10 12:00:00,151.833333333333,100.483333333333,274.733333333333
2022-11-10 13:00:00,143.833333333333,99.6,275.333333333333
2022-11-10 14:00:00,121.8,88.8,276.21
2022-11-10 15:00:00,145.833333333333,79.05,275.233333333333
2022-11-10 16:00:00,152.5,76.8333333333333,275.3
2022-11-10 17:00:00,158.333333333333,77.5166666666667,274.933333333333
2022-11-10 18:00:00,160.833333333333,79.0833333333334,274.366666666667
2022-11-10 19:00:00,162.5,74.7666666666667,274.683333333333
2022-11-10 20:00:00,163.0,73.55,274.916666666667
2022-11-10 21:00:00,162.833333333333,67.75,275.166666666667
2022-11-10 22:00:00,160.333333333333,54.0,275.533333333333
2022-11-10 23:00:00,160.666666666667,34.95,276.75
2022-11-11 00:00:00,155.0,34.8666666666667,276.816666666667
2022-11-11 01:00:00,155.666666666667,31.8,277.45
2022-11-11 02:00:00,153.833333333333,30.9166666666667,278.1
2022-11-11 03:00:00,155.5,32.9,277.883333333333
2022-11-11 04:00:00,153.5,34.9666666666667,278.15
2022-11-11 05:00:00,156.666666666667,35.8,278.333333333333
2022-11-11 06:00:00,151.833333333333,36.3333333333333,278.583333333333
2022-11-11 07:00:00,153.833333333333,34.8833333333333,278.916666666667
2022-11-11 08:00:00,152.833333333333,35.7166666666667,279.05
2022-11-11 09:00:00,136.833333333333,34.6166666666667,279.55
2022-11-11 10:00:00,106.5,33.7,281.6
2022-11-11 11:00:00,96.3333333333333,34.9333333333333,282.433333333333
2022-11-11 12:00:00,89.5,35.45,282.666666666667
2022-11-11 13:00:00,86.0,34.88,282.95
2022-11-11 14:00:00,84.4,34.3,282.95
2022-11-11 15:00:00,100.666666666667,34.35,282.55
2022-11-11 16:00:00,,,
2022-11-11 17:00:00,103.6,34.52,281.49
2022-11-11 18:00:00,,,
2022-11-11 19:00:00,143.833333333333,33.7833333333333,280.8
2022-11-11 20:00:00,146.0,31.12,280.37
2022-11-11 21:00:00,156.0,28.56,280.51
2022-11-11 22:00:00,160.8,26.96,280.19
2022-11-11 23:00:00,158.333333333333,23.5333333333333,280.483333333333
2022-11-12 00:00:00,154.333333333333,23.3166666666667,280.15
2022-11-12 01:00:00,164.666666666667,20.2666666666667,280.75
2022-11-12 02:00:00,,,
2022-11-12 03:00:00,159.4,19.86,280.67
2022-11-12 04:00:00,151.8,19.54,280.71
2022-11-12 05:00:00,,,
2022-11-12 06:00:00,120.333333333333,19.4833333333333,281.166666666667
2022-11-12 07:00:00,112.4,20.18,281.27
2022-11-12 08:00:00,121.4,18.62,281.55
2022-11-12 09:00:00,118.166666666667,19.3,281.466666666667
2022-11-12 10:00:00,95.8,21.04,282.61
2022-11-12 11:00:00,93.0,20.08,283.43
2022-11-12 12:00:00,95.5,20.8833333333333,283.616666666667
2022-11-12 13:00:00,90.6666666666667,23.5833333333333,284.616666666667
2022-11-12 14:00:00,96.3333333333333,23.4833333333333,283.966666666667
2022-11-12 15:00:00,103.833333333333,25.3166666666667,282.8
2022-11-12 16:00:00,109.0,23.7833333333333,281.833333333333
2022-11-12 17:00:00,104.333333333333,26.3,281.383333333333
2022-11-12 18:00:00,101.5,27.0833333333333,281.016666666667
2022-11-12 19:00:00,101.833333333333,28.7,280.333333333333
2022-11-12 20:00:00,112.333333333333,28.0,280.25
2022-11-12 21:00:00,118.666666666667,30.8833333333333,279.766666666667
2022-11-12 22:00:00,125.666666666667,31.2333333333333,279.6
2022-11-12 23:00:00,133.5,26.95,279.716666666667
2022-11-13 00:00:00,137.333333333333,24.25,279.7
2022-11-13 01:00:00,140.0,22.1166666666667,279.983333333333
2022-11-13 02:00:00,,,
2022-11-13 03:00:00,,,
2022-11-13 04:00:00,132.2,23.34,279.63
2022-11-13 05:00:00,,,
2022-11-13 06:00:00,,,
2022-11-13 07:00:00,,,
2022-11-13 08:00:00,,,
2022-11-13 09:00:00,,,
2022-11-13 10:00:00,84.0,26.46,280.83
2022-11-13 11:00:00,,,
2022-11-13 12:00:00,97.6,36.26,278.95
2022-11-13 13:00:00,,,
2022-11-13 14:00:00,88.0,36.2,278.47
2022-11-13 15:00:00,,,
2022-11-13 16:00:00,,,
2022-11-13 17:00:00,,,
2022-11-13 18:00:00,,,
2022-11-13 19:00:00,,,
2022-11-13 20:00:00,137.8,50.44,275.19
2022-11-13 21:00:00,,,
2022-11-13 22:00:00,142.8,52.98,275.45
2022-11-13 23:00:00,127.6,61.6,274.91
2022-11-14 00:00:00,135.4,66.9,274.21
2022-11-14 01:00:00,150.4,71.64,274.01
2022-11-14 02:00:00,,,
2022-11-14 03:00:00,,,
2022-11-14 04:00:00,,,
2022-11-14 05:00:00,110.8,99.7,272.19
2022-11-14 06:00:00,107.0,96.82,272.43
2022-11-14 07:00:00,,,
2022-11-14 08:00:00,,,
2022-11-14 09:00:00,,,
2022-11-14 10:00:00,120.0,76.9,273.15
2022-11-14 11:00:00,131.4,75.46,273.59
2022-11-14 12:00:00,,,
2022-11-14 13:00:00,142.0,70.9,274.15
2022-11-14 14:00:00,,,
2022-11-14 15:00:00,148.6,69.68,273.17
2022-11-14 16:00:00,157.6,68.9,273.29
2022-11-14 17:00:00,,,
2022-11-14 18:00:00,160.6,67.24,273.19
2022-11-14 19:00:00,152.0,63.7333333333333,273.25
2022-11-14 20:00:00,152.4,63.4,273.23
2022-11-14 21:00:00,143.5,61.6333333333333,273.283333333333
2022-11-14 22:00:00,146.666666666667,59.7166666666667,273.35
2022-11-14 23:00:00,154.166666666667,58.9833333333333,273.466666666667
2022-11-15 00:00:00,156.833333333333,56.1166666666667,273.866666666667
2022-11-15 01:00:00,156.833333333333,56.0833333333333,273.933333333333
2022-11-15 02:00:00,,,
2022-11-15 03:00:00,162.2,56.28,273.91
2022-11-15 04:00:00,,,
2022-11-15 05:00:00,,,
2022-11-15 06:00:00,,,
2022-11-15 07:00:00,173.6,51.26,274.45
2022-11-15 08:00:00,180.5,48.8666666666667,274.683333333333
2022-11-15 09:00:00,134.6,45.38,276.15
2022-11-15 10:00:00,82.6,43.4,277.43
2022-11-15 11:00:00,83.5,43.1666666666667,277.95
2022-11-15 12:00:00,79.4,42.02,278.25
2022-11-15 13:00:00,98.5,41.65,278.816666666667
2022-11-15 14:00:00,78.8,41.48,279.93
2022-11-15 15:00:00,68.5,49.05,278.383333333333
2022-11-15 16:00:00,94.5,55.9,277.383333333333
2022-11-15 17:00:00,135.0,58.28,276.91
2022-11-15 18:00:00,148.666666666667,61.4,275.966666666667
2022-11-15 19:00:00,130.666666666667,63.8666666666667,275.333333333333
2022-11-15 20:00:00,146.666666666667,65.2333333333333,275.083333333333
2022-11-15 21:00:00,146.833333333333,67.3666666666667,274.95
2022-11-15 22:00:00,144.833333333333,66.7333333333333,275.2
2022-11-15 23:00:00,149.333333333333,67.35,274.983333333333
2022-11-16 00:00:00,175.0,70.25,274.35
2022-11-16 01:00:00,167.0,66.1333333333333,275.166666666667
2022-11-16 02:00:00,132.4,67.2,275.05
2022-11-16 03:00:00,123.2,66.3,275.29
2022-11-16 04:00:00,124.166666666667,69.5333333333334,274.983333333333
2022-11-16 05:00:00,126.5,80.6833333333333,274.766666666667
2022-11-16 06:00:00,134.0,98.4166666666667,274.0
2022-11-16 07:00:00,130.0,99.2166666666667,273.65
2022-11-16 08:00:00,98.8333333333333,99.8,273.2
2022-11-16 09:00:00,134.0,100.283333333333,272.816666666667
2022-11-16 10:00:00,131.5,100.433333333333,273.05
2022-11-16 11:00:00,157.666666666667,100.066666666667,273.05
2022-11-16 12:00:00,137.333333333333,100.166666666667,273.05
2022-11-16 13:00:00,147.166666666667,100.433333333333,273.366666666667
2022-11-16 14:00:00,141.0,100.433333333333,273.216666666667
2022-11-16 15:00:00,200.166666666667,100.5,273.066666666667
2022-11-16 16:00:00,211.0,100.716666666667,273.166666666667
2022-11-16 17:00:00,256.833333333333,100.866666666667,272.916666666667
2022-11-16 18:00:00,244.0,100.616666666667,272.366666666667
2022-11-16 19:00:00,211.333333333333,99.4333333333334,271.816666666667
2022-11-16 20:00:00,179.0,99.1333333333333,271.466666666667
2022-11-16 21:00:00,157.833333333333,98.4333333333333,271.233333333333
2022-11-16 22:00:00,151.666666666667,95.65,271.35
2022-11-16 23:00:00,157.166666666667,81.7,271.566666666667
2022-11-17 00:00:00,166.166666666667,68.0666666666667,271.983333333333
2022-11-17 01:00:00,168.0,55.55,272.783333333333
2022-11-17 02:00:00,172.0,47.86,273.09
2022-11-17 03:00:00,,,
2022-11-17 04:00:00,,,
2022-11-17 05:00:00,,,
2022-11-17 06:00:00,212.4,46.4,274.27
2022-11-17 07:00:00,,,
2022-11-17 08:00:00,183.0,60.7,274.13
2022-11-17 09:00:00,,,
2022-11-17 10:00:00,,,
2022-11-17 11:00:00,95.4,59.7,276.55
2022-11-17 12:00:00,128.0,60.98,275.93
2022-11-17 13:00:00,,,
2022-11-17 14:00:00,,,
2022-11-17 15:00:00,,,
2022-11-17 16:00:00,140.0,67.34,274.31
2022-11-17 17:00:00,,,
2022-11-17 18:00:00,,,
2022-11-17 19:00:00,,,
2022-11-17 20:00:00,187.2,66.78,273.11
2022-11-17 21:00:00,,,
2022-11-17 22:00:00,,,
2022-11-17 23:00:00,,,
2022-11-18 00:00:00,157.0,66.7,273.21
2022-11-18 01:00:00,,,
2022-11-18 02:00:00,,,
2022-11-18 03:00:00,,,
2022-11-18 04:00:00,,,
2022-11-18 05:00:00,,,
2022-11-18 06:00:00,,,
2022-11-18 07:00:00,,,
2022-11-18 08:00:00,,,
2022-11-18 09:00:00,139.2,96.14,270.67
2022-11-18 10:00:00,,,
2022-11-18 11:00:00,,,
2022-11-18 12:00:00,,,
2022-11-18 13:00:00,,,
2022-11-18 14:00:00,138.8,70.7,272.31
2022-11-18 15:00:00,133.8,88.1,271.15
2022-11-18 16:00:00,,,
2022-11-18 17:00:00,,,
2022-11-18 18:00:00,123.8,93.58,270.29
2022-11-18 19:00:00,120.833333333333,91.4833333333333,270.266666666667
2022-11-18 20:00:00,131.833333333333,87.55,270.4
2022-11-18 21:00:00,129.8,96.92,269.85
2022-11-18 22:00:00,149.333333333333,91.95,269.2
2022-11-18 23:00:00,146.0,96.18,268.79
2022-11-19 00:00:00,142.833333333333,97.2666666666667,268.533333333333
2022-11-19 01:00:00,159.333333333333,94.9666666666667,268.566666666667
2022-11-19 02:00:00,145.2,91.9,268.21
2022-11-19 03:00:00,156.0,88.4166666666667,268.266666666667
2022-11-19 04:00:00,169.0,84.24,268.33
2022-11-19 05:00:00,181.666666666667,82.9833333333334,268.133333333333
2022-11-19 06:00:00,174.166666666667,65.8166666666667,268.2
2022-11-19 07:00:00,181.666666666667,63.9,267.9
2022-11-19 08:00:00,196.2,63.7,267.73
2022-11-19 09:00:00,155.4,60.4,268.59
2022-11-19 10:00:00,141.0,58.2,269.633333333333
2022-11-19 11:00:00,123.0,55.55,270.766666666667
2022-11-19 12:00:00,85.6666666666667,57.2,270.333333333333
2022-11-19 13:00:00,143.0,55.9833333333333,270.966666666667
2022-11-19 14:00:00,132.333333333333,55.2666666666667,270.416666666667
2022-11-19 15:00:00,126.166666666667,57.9333333333333,270.083333333333
2022-11-19 16:00:00,137.833333333333,57.9,270.366666666667
2022-11-19 17:00:00,159.333333333333,63.9166666666667,269.283333333333
2022-11-19 18:00:00,187.833333333333,70.45,268.883333333333
2022-11-19 19:00:00,194.333333333333,80.4833333333333,268.883333333333
2022-11-19 20:00:00,188.833333333333,85.4166666666667,268.716666666667
2022-11-19 21:00:00,125.166666666667,86.9833333333333,268.6
2022-11-19 22:00:00,120.2,93.22,268.31
2022-11-19 23:00:00,143.5,85.7333333333334,268.283333333333
2022-11-20 00:00:00,124.833333333333,92.2666666666667,268.233333333333
2022-11-20 01:00:00,134.666666666667,87.8,267.683333333333
2022-11-20 02:00:00,,,
2022-11-20 03:00:00,,,
2022-11-20 04:00:00,,,
2022-11-20 05:00:00,,,
2022-11-20 06:00:00,,,
2022-11-20 07:00:00,,,
2022-11-20 08:00:00,,,
2022-11-20 09:00:00,,,
2022-11-20 10:00:00,88.0,98.82,268.71
2022-11-20 11:00:00,48.0,98.38,269.05
2022-11-20 12:00:00,,,
2022-11-20 13:00:00,,,
2022-11-20 14:00:00,131.0,70.78,269.43
2022-11-20 15:00:00,161.2,67.52,269.31
2022-11-20 16:00:00,,,
2022-11-20 17:00:00,141.4,66.82,268.27
2022-11-20 18:00:00,143.5,71.5833333333333,267.833333333333
2022-11-20 19:00:00,143.4,74.34,267.39
2022-11-20 20:00:00,142.833333333333,69.5333333333334,267.633333333333
2022-11-20 21:00:00,138.8,62.58,267.95
2022-11-20 22:00:00,,,
2022-11-20 23:00:00,143.333333333333,51.8666666666667,268.633333333333
2022-11-21 00:00:00,146.833333333333,56.5666666666667,268.966666666667
2022-11-21 01:00:00,158.0,81.7833333333333,267.966666666667
2022-11-21 02:00:00,,,
2022-11-21 03:00:00,184.6,82.94,267.27
2022-11-21 04:00:00,151.4,94.96,267.19
2022-11-21 05:00:00,,,
2022-11-21 06:00:00,188.6,81.72,267.53
2022-11-21 07:00:00,199.0,82.88,267.53
2022-11-21 08:00:00,190.4,89.38,267.47
2022-11-21 09:00:00,,,
2022-11-21 10:00:00,180.2,91.0,268.15
2022-11-21 11:00:00,114.666666666667,78.3166666666667,269.0
2022-11-21 12:00:00,155.6,63.74,270.29
2022-11-21 13:00:00,119.6,52.54,271.09
2022-11-21 14:00:00,132.333333333333,45.1666666666667,270.75
2022-11-21 15:00:00,160.5,38.3166666666667,270.766666666667
2022-11-21 16:00:00,161.2,40.64,271.33
2022-11-21 17:00:00,162.833333333333,46.35,270.85
2022-11-21 18:00:00,161.5,49.6,270.383333333333
2022-11-21 19:00:00,171.166666666667,50.45,270.2
2022-11-21 20:00:00,180.333333333333,48.55,270.333333333333
2022-11-21 21:00:00,183.5,53.9333333333333,270.25
2022-11-21 22:00:00,171.166666666667,58.9166666666667,270.3
2022-11-21 23:00:00,155.333333333333,65.4,270.016666666667
2022-11-22 00:00:00,117.5,70.45,269.883333333333
2022-11-22 01:00:00,114.833333333333,76.8333333333333,269.383333333333
2022-11-22 02:00:00,,,
2022-11-22 03:00:00,134.5,69.7833333333333,270.4
2022-11-22 04:00:00,,,
2022-11-22 05:00:00,179.166666666667,77.15,270.983333333333
2022-11-22 06:00:00,,,
2022-11-22 07:00:00,202.666666666667,99.0333333333333,269.466666666667
2022-11-22 08:00:00,191.333333333333,99.0,268.783333333333
2022-11-22 09:00:00,238.2,98.92,268.51
2022-11-22 10:00:00,268.5,98.7166666666667,268.85
2022-11-22 11:00:00,281.833333333333,98.5,269.033333333333
2022-11-22 12:00:00,275.4,98.56,269.25
2022-11-22 13:00:00,284.333333333333,98.3333333333333,268.933333333333
2022-11-22 14:00:00,307.833333333333,97.7833333333334,268.183333333333
2022-11-22 15:00:00,321.666666666667,98.2,267.866666666667
2022-11-22 16:00:00,319.333333333333,98.6666666666667,267.966666666667
2022-11-22 17:00:00,308.333333333333,98.3333333333334,267.583333333333
2022-11-22 18:00:00,333.666666666667,98.45,267.15
2022-11-22 19:00:00,329.333333333333,97.3333333333333,266.9
2022-11-22 20:00:00,340.833333333333,97.9166666666667,267.016666666667
2022-11-22 21:00:00,345.333333333333,97.95,267.2
2022-11-22 22:00:00,350.333333333333,98.3166666666667,267.0
2022-11-22 23:00:00,347.333333333333,98.1666666666667,267.2
2022-11-23 00:00:00,340.333333333333,97.45,267.566666666667
2022-11-23 01:00:00,324.333333333333,98.2666666666667,267.333333333333
2022-11-23 02:00:00,,,
2022-11-23 03:00:00,,,
2022-11-23 04:00:00,,,
2022-11-23 05:00:00,,,
2022-11-23 06:00:00,,,
2022-11-23 07:00:00,,,
2022-11-23 08:00:00,323.666666666667,98.5166666666667,266.183333333333
2022-11-23 09:00:00,331.2,98.32,266.27
2022-11-23 10:00:00,303.6,94.82,267.17
2022-11-23 11:00:00,273.8,90.98,268.03
2022-11-23 12:00:00,,,
2022-11-23 13:00:00,,,
2022-11-23 14:00:00,289.2,74.0,268.19
2022-11-23 15:00:00,,,
2022-11-23 16:00:00,,,
2022-11-23 17:00:00,,,
2022-11-23 18:00:00,,,
2022-11-23 19:00:00,,,
2022-11-23 20:00:00,,,
2022-11-23 21:00:00,295.2,59.6,269.93
2022-11-23 22:00:00,,,
2022-11-23 23:00:00,,,
2022-11-24 00:00:00,316.8,75.02,270.21
2022-11-24 01:00:00,,,
2022-11-24 02:00:00,316.2,58.88,270.57
2022-11-24 03:00:00,,,
2022-11-24 04:00:00,,,
2022-11-24 05:00:00,,,
2022-11-24 06:00:00,,,
2022-11-24 07:00:00,,,
2022-11-24 08:00:00,,,
2022-11-24 09:00:00,,,
2022-11-24 10:00:00,240.4,68.04,270.87
2022-11-24 11:00:00,263.2,72.8,270.65
2022-11-24 12:00:00,,,
2022-11-24 13:00:00,270.8,76.52,270.87
2022-11-24 14:00:00,263.4,93.28,270.11
2022-11-24 15:00:00,277.0,82.96,270.33
2022-11-24 16:00:00,278.166666666667,69.6166666666667,270.433333333333
2022-11-24 17:00:00,287.8,57.86,270.57
2022-11-24 18:00:00,290.6,54.88,270.01
2022-11-24 19:00:00,292.833333333333,54.35,269.633333333333
2022-11-24 20:00:00,293.8,49.48,269.55
2022-11-24 21:00:00,297.666666666667,51.9833333333333,269.133333333333
2022-11-24 22:00:00,300.333333333333,53.1333333333333,268.716666666667
2022-11-24 23:00:00,301.666666666667,46.5333333333333,268.983333333333
2022-11-25 00:00:00,304.833333333333,32.3666666666667,269.733333333333
2022-11-25 01:00:00,301.333333333333,28.3666666666667,270.05
2022-11-25 02:00:00,296.2,24.2,270.91
2022-11-25 03:00:00,295.166666666667,22.7666666666667,271.55
2022-11-25 04:00:00,291.2,19.82,272.23
2022-11-25 05:00:00,292.666666666667,18.4333333333333,272.3
2022-11-25 06:00:00,294.2,18.66,272.77
2022-11-25 07:00:00,292.0,20.0166666666667,272.45
2022-11-25 08:00:00,292.333333333333,19.8666666666667,272.533333333333
2022-11-25 09:00:00,285.0,20.5333333333333,273.3
2022-11-25 10:00:00,242.5,23.2333333333333,274.466666666667
2022-11-25 11:00:00,215.5,25.75,274.683333333333
2022-11-25 12:00:00,214.2,29.86,274.27
2022-11-25 13:00:00,216.5,28.4333333333333,273.766666666667
2022-11-25 14:00:00,243.333333333333,23.1333333333333,273.4
2022-11-25 15:00:00,285.0,27.2,272.79
2022-11-25 16:00:00,286.833333333333,32.7166666666667,272.516666666667
2022-11-25 17:00:00,290.333333333333,36.1833333333333,272.366666666667
2022-11-25 18:00:00,292.333333333333,40.6,271.616666666667
2022-11-25 19:00:00,292.0,45.0166666666667,271.433333333333
2022-11-25 20:00:00,288.666666666667,52.05,271.116666666667
2022-11-25 21:00:00,280.5,58.0666666666667,270.833333333333
2022-11-25 22:00:00,273.833333333333,68.7666666666667,270.216666666667
2022-11-25 23:00:00,262.333333333333,74.6,270.0
2022-11-26 00:00:00,219.0,93.5,269.183333333333
2022-11-26 01:00:00,260.166666666667,93.8,269.316666666667
2022-11-26 02:00:00,,,
2022-11-26 03:00:00,,,
2022-11-26 04:00:00,,,
2022-11-26 05:00:00,,,
2022-11-26 06:00:00,,,
2022-11-26 07:00:00,,,
2022-11-26 08:00:00,282.0,74.84,268.39
2022-11-26 09:00:00,,,
2022-11-26 10:00:00,,,
2022-11-26 11:00:00,269.4,84.8,269.17
2022-11-26 12:00:00,,,
2022-11-26 13:00:00,,,
2022-11-26 14:00:00,,,
2022-11-26 15:00:00,,,
2022-11-26 16:00:00,,,
2022-11-26 17:00:00,,,
2022-11-26 18:00:00,294.4,76.46,267.79
2022-11-26 19:00:00,,,
2022-11-26 20:00:00,,,
2022-11-26 21:00:00,,,
2022-11-26 22:00:00,,,
2022-11-26 23:00:00,,,
2022-11-27 00:00:00,292.2,39.42,267.51
2022-11-27 01:00:00,290.0,31.28,268.33
2022-11-27 02:00:00,,,
2022-11-27 03:00:00,,,
2022-11-27 04:00:00,,,
2022-11-27 05:00:00,,,
2022-11-27 06:00:00,,,
2022-11-27 07:00:00,,,
2022-11-27 08:00:00,288.8,20.04,270.09
2022-11-27 09:00:00,,,
2022-11-27 10:00:00,,,
2022-11-27 11:00:00,,,
2022-11-27 12:00:00,198.8,18.64,274.31
2022-11-27 13:00:00,197.2,17.54,274.81
2022-11-27 14:00:00,237.4,20.4,273.75
2022-11-27 15:00:00,271.4,16.92,273.41
2022-11-27 16:00:00,275.8,17.44,273.57
2022-11-27 17:00:00,277.666666666667,23.4166666666667,273.216666666667
2022-11-27 18:00:00,278.6,23.1,272.87
2022-11-27 19:00:00,275.833333333333,23.15,273.133333333333
2022-11-27 20:00:00,278.666666666667,23.5666666666667,273.133333333333
2022-11-27 21:00:00,277.4,25.74,273.43
2022-11-27 22:00:00,274.166666666667,26.15,273.9
2022-11-27 23:00:00,271.5,25.8333333333333,274.166666666667
2022-11-28 00:00:00,271.833333333333,26.55,274.5
2022-11-28 01:00:00,271.0,26.0,274.416666666667
2022-11-28 02:00:00,,,
2022-11-28 03:00:00,266.6,29.38,274.39
2022-11-28 04:00:00,266.0,31.1,274.3
2022-11-28 05:00:00,267.0,29.64,274.07
2022-11-28 06:00:00,261.666666666667,55.0166666666667,273.766666666667
2022-11-28 07:00:00,254.833333333333,79.9166666666667,272.366666666667
2022-11-28 08:00:00,247.333333333333,98.0,271.25
2022-11-28 09:00:00,273.833333333333,98.9166666666667,271.3
2022-11-28 10:00:00,278.166666666667,99.0166666666667,271.85
2022-11-28 11:00:00,281.0,98.72,272.13
2022-11-28 12:00:00,278.6,97.72,272.85
2022-11-28 13:00:00,273.333333333333,96.8166666666667,273.15
2022-11-28 14:00:00,279.0,98.4666666666667,272.633333333333
2022-11-28 15:00:00,287.833333333333,99.0333333333334,272.1
2022-11-28 16:00:00,288.666666666667,99.2333333333333,271.783333333333
2022-11-28 17:00:00,285.666666666667,99.75,271.65
2022-11-28 18:00:00,260.0,99.8,271.0
2022-11-28 19:00:00,270.0,100.033333333333,270.866666666667
2022-11-28 20:00:00,258.0,100.15,270.783333333333
2022-11-28 21:00:00,238.166666666667,100.2,270.6
2022-11-28 22:00:00,234.166666666667,99.85,270.433333333333
2022-11-28 23:00:00,241.5,99.7,270.35
2022-11-29 00:00:00,261.333333333333,99.6166666666667,270.266666666667
2022-11-29 01:00:00,302.166666666667,99.5333333333333,270.166666666667
2022-11-29 02:00:00,,,
2022-11-29 03:00:00,,,
2022-11-29 04:00:00,,,
2022-11-29 05:00:00,,,
2022-11-29 06:00:00,330.0,99.44,269.69
2022-11-29 07:00:00,,,
2022-11-29 08:00:00,,,
2022-11-29 09:00:00,341.6,99.44,269.71
2022-11-29 10:00:00,,,
2022-11-29 11:00:00,329.8,99.06,270.19
2022-11-29 12:00:00,,,
2022-11-29 13:00:00,,,
2022-11-29 14:00:00,,,
2022-11-29 15:00:00,,,
2022-11-29 16:00:00,,,
2022-11-29 17:00:00,,,
2022-11-29 18:00:00,331.833333333333,99.5166666666667,269.45
2022-11-29 19:00:00,,,
2022-11-29 20:00:00,307.4,99.44,269.05
2022-11-29 21:00:00,260.666666666667,99.2,269.083333333333
2022-11-29 22:00:00,315.0,99.2,269.15
2022-11-29 23:00:00,,,
2022-11-30 00:00:00,341.5,99.15,269.0
2022-11-30 01:00:00,307.6,99.2,268.99
2022-11-30 02:00:00,,,
2022-11-30 03:00:00,,,
2022-11-30 04:00:00,,,
2022-11-30 05:00:00,,,
2022-11-30 06:00:00,,,
2022-11-30 07:00:00,,,
2022-11-30 08:00:00,,,
2022-11-30 09:00:00,,,
2022-11-30 10:00:00,,,
2022-11-30 11:00:00,369.4,98.36,268.83
2022-11-30 12:00:00,371.333333333333,97.75,267.933333333333
2022-11-30 13:00:00,353.333333333333,91.8666666666667,269.866666666667
2022-11-30 14:00:00,339.2,95.26,270.35
2022-11-30 15:00:00,354.8,92.12,268.51
2022-11-30 16:00:00,376.833333333333,96.2166666666667,268.75
2022-11-30 17:00:00,387.4,96.56,268.53
2022-11-30 18:00:00,390.333333333333,98.4833333333333,267.616666666667
2022-11-30 19:00:00,382.666666666667,98.9,267.45
2022-11-30 20:00:00,385.5,98.7666666666667,267.2
2022-11-30 21:00:00,388.333333333333,91.3,267.266666666667
2022-11-30 22:00:00,389.166666666667,93.1666666666667,266.8
2022-11-30 23:00:00,391.666666666667,93.85,266.166666666667
2022-12-01 00:00:00,390.5,98.3666666666667,265.883333333333
2022-12-01 01:00:00,389.166666666667,98.4166666666667,266.083333333333
2022-12-01 02:00:00,387.6,98.54,266.55
2022-12-01 03:00:00,381.5,98.5833333333333,266.683333333333
2022-12-01 04:00:00,375.833333333333,98.6,266.733333333333
2022-12-01 05:00:00,377.166666666667,97.8333333333333,267.25
2022-12-01 06:00:00,373.166666666667,82.0666666666667,268.583333333333
2022-12-01 07:00:00,365.0,86.25,267.233333333333
2022-12-01 08:00:00,371.333333333333,83.1666666666667,267.283333333333
2022-12-01 09:00:00,363.666666666667,86.0333333333333,266.833333333333
2022-12-01 10:00:00,348.0,89.1166666666667,267.533333333333
2022-12-01 11:00:00,324.666666666667,89.7,268.966666666667
2022-12-01 12:00:00,281.0,76.4,270.216666666667
2022-12-01 13:00:00,263.0,73.55,271.583333333333
2022-12-01 14:00:00,,,
2022-12-01 15:00:00,327.5,64.0833333333333,269.783333333333
2022-12-01 16:00:00,330.333333333333,73.4666666666667,269.1
2022-12-01 17:00:00,328.833333333333,77.7833333333333,267.833333333333
2022-12-01 18:00:00,326.0,89.2333333333333,266.333333333333
2022-12-01 19:00:00,333.5,81.3666666666667,266.366666666667
2022-12-01 20:00:00,334.333333333333,61.4166666666667,268.316666666667
2022-12-01 21:00:00,331.0,52.3166666666667,269.633333333333
2022-12-01 22:00:00,323.833333333333,47.15,270.483333333333
2022-12-01 23:00:00,323.5,44.6,270.5
2022-12-02 00:00:00,340.833333333333,47.4666666666667,271.333333333333
2022-12-02 01:00:00,359.166666666667,55.8333333333333,271.666666666667
2022-12-02 02:00:00,,,
2022-12-02 03:00:00,359.0,56.64,271.87
2022-12-02 04:00:00,355.8,62.26,271.97
2022-12-02 05:00:00,,,
2022-12-02 06:00:00,,,
2022-12-02 07:00:00,,,
2022-12-02 08:00:00,,,
2022-12-02 09:00:00,352.8,95.16,270.39
2022-12-02 10:00:00,339.4,94.16,270.99
2022-12-02 11:00:00,,,
2022-12-02 12:00:00,,,
2022-12-02 13:00:00,342.4,86.74,270.29
2022-12-02 14:00:00,,,
2022-12-02 15:00:00,,,
2022-12-02 16:00:00,,,
2022-12-02 17:00:00,360.5,86.4,269.55
2022-12-02 18:00:00,361.6,87.0,268.91
2022-12-02 19:00:00,359.5,87.0166666666667,268.766666666667
2022-12-02 20:00:00,,,
2022-12-02 21:00:00,,,
2022-12-02 22:00:00,345.333333333333,83.9666666666667,267.983333333333
2022-12-02 23:00:00,338.166666666667,82.8,267.8
2022-12-03 00:00:00,338.333333333333,83.5333333333334,267.45
2022-12-03 01:00:00,342.6,82.7,267.19
2022-12-03 02:00:00,,,
2022-12-03 03:00:00,356.2,72.8,266.69
2022-12-03 04:00:00,,,
2022-12-03 05:00:00,,,
2022-12-03 06:00:00,,,
2022-12-03 07:00:00,,,
2022-12-03 08:00:00,,,
2022-12-03 09:00:00,,,
2022-12-03 10:00:00,346.2,59.46,269.73
2022-12-03 11:00:00,,,
2022-12-03 12:00:00,,,
2022-12-03 13:00:00,317.166666666667,75.85,271.6
2022-12-03 14:00:00,,,
2022-12-03 15:00:00,316.833333333333,74.65,272.066666666667
2022-12-03 16:00:00,,,
2022-12-03 17:00:00,341.166666666667,77.6,272.633333333333
2022-12-03 18:00:00,341.0,76.65,272.566666666667
2022-12-03 19:00:00,338.4,85.34,272.27
2022-12-03 20:00:00,339.5,79.5,272.566666666667
2022-12-03 21:00:00,345.666666666667,79.1166666666667,272.716666666667
2022-12-03 22:00:00,343.666666666667,83.3166666666667,272.666666666667
2022-12-03 23:00:00,349.333333333333,78.5833333333333,272.916666666667
2022-12-04 00:00:00,346.666666666667,77.6666666666667,273.15
2022-12-04 01:00:00,345.333333333333,79.0,273.183333333333
2022-12-04 02:00:00,340.4,80.5,273.17
2022-12-04 03:00:00,,,
2022-12-04 04:00:00,346.0,77.35,273.183333333333
2022-12-04 05:00:00,348.333333333333,79.65,273.15
2022-12-04 06:00:00,347.833333333333,80.0166666666667,273.083333333333
2022-12-04 07:00:00,348.333333333333,76.15,273.183333333333
2022-12-04 08:00:00,346.0,72.55,273.383333333333
2022-12-04 09:00:00,346.0,72.8333333333333,273.616666666667
2022-12-04 10:00:00,340.6,83.24,273.39
2022-12-04 11:00:00,320.5,99.3666666666667,272.7
2022-12-04 12:00:00,348.333333333333,99.25,272.583333333333
2022-12-04 13:00:00,323.2,99.74,272.65
2022-12-04 14:00:00,344.166666666667,99.8333333333333,272.866666666667
2022-12-04 15:00:00,329.666666666667,99.5666666666667,272.6
2022-12-04 16:00:00,307.333333333333,99.9,272.9
2022-12-04 17:00:00,355.0,100.416666666667,272.3
2022-12-04 18:00:00,339.333333333333,100.166666666667,272.183333333333
2022-12-04 19:00:00,311.166666666667,95.5,271.966666666667
2022-12-04 20:00:00,380.0,87.4,271.7
2022-12-04 21:00:00,396.666666666667,84.0,271.6
2022-12-04 22:00:00,405.833333333333,84.7333333333333,271.033333333333
2022-12-04 23:00:00,410.5,84.8666666666667,270.716666666667
2022-12-05 00:00:00,410.5,79.85,270.583333333333
2022-12-05 01:00:00,411.0,75.3833333333333,270.533333333333
2022-12-05 02:00:00,,,
2022-12-05 03:00:00,404.2,79.52,271.19
2022-12-05 04:00:00,407.2,80.0,271.53
2022-12-05 05:00:00,,,
2022-12-05 06:00:00,,,
2022-12-05 07:00:00,339.833333333333,93.85,271.05
2022-12-05 08:00:00,317.0,92.96,271.13
2022-12-05 09:00:00,262.6,83.1,271.55
2022-12-05 10:00:00,332.6,75.34,271.93
2022-12-05 11:00:00,,,
2022-12-05 12:00:00,289.6,71.74,272.49
2022-12-05 13:00:00,,,
2022-12-05 14:00:00,,,
2022-12-05 15:00:00,355.8,98.98,269.79
2022-12-05 16:00:00,,,
2022-12-05 17:00:00,,,
2022-12-05 18:00:00,384.0,98.98,266.99
2022-12-05 19:00:00,,,
2022-12-05 20:00:00,453.2,98.44,266.35
2022-12-05 21:00:00,455.166666666667,98.0833333333333,266.133333333333
2022-12-05 22:00:00,454.166666666667,97.9166666666666,266.016666666667
2022-12-05 23:00:00,457.333333333333,97.1166666666667,265.45
2022-12-06 00:00:00,460.4,96.86,264.89
2022-12-06 01:00:00,461.0,93.4666666666667,264.833333333333
2022-12-06 02:00:00,,,
2022-12-06 03:00:00,458.0,87.74,264.23
2022-12-06 04:00:00,,,
2022-12-06 05:00:00,455.4,69.4,264.23
2022-12-06 06:00:00,,,
2022-12-06 07:00:00,453.2,48.04,265.37
2022-12-06 08:00:00,,,
2022-12-06 09:00:00,437.8,34.5,268.39
2022-12-06 10:00:00,,,
2022-12-06 11:00:00,371.666666666667,44.1,270.866666666667
2022-12-06 12:00:00,343.4,44.48,270.77
2022-12-06 13:00:00,344.833333333333,45.3333333333333,271.166666666667
2022-12-06 14:00:00,,,
2022-12-06 15:00:00,428.5,49.4666666666667,269.8
2022-12-06 16:00:00,432.4,50.64,269.79
2022-12-06 17:00:00,438.833333333333,54.5333333333333,269.416666666667
2022-12-06 18:00:00,441.333333333333,54.45,269.016666666667
2022-12-06 19:00:00,437.833333333333,55.4166666666667,269.2
2022-12-06 20:00:00,437.333333333333,57.8,269.266666666667
2022-12-06 21:00:00,439.0,58.8833333333333,268.95
2022-12-06 22:00:00,438.166666666667,58.7333333333333,269.05
2022-12-06 23:00:00,438.5,58.5,269.133333333333
2022-12-07 00:00:00,437.666666666667,59.6166666666667,268.883333333333
2022-12-07 01:00:00,438.0,58.8166666666667,268.683333333333
2022-12-07 02:00:00,434.6,58.32,268.55
2022-12-07 03:00:00,434.8,58.72,268.23
2022-12-07 04:00:00,,,
2022-12-07 05:00:00,433.8,60.36,267.71
2022-12-07 06:00:00,433.0,60.28,267.55
2022-12-07 07:00:00,431.166666666667,59.2833333333333,268.033333333333
2022-12-07 08:00:00,426.5,65.4833333333333,266.983333333333
2022-12-07 09:00:00,,,
2022-12-07 10:00:00,413.333333333333,73.3833333333333,266.8
2022-12-07 11:00:00,383.8,73.94,267.87
2022-12-07 12:00:00,387.4,79.5,267.37
2022-12-07 13:00:00,362.166666666667,72.7166666666667,268.233333333333
2022-12-07 14:00:00,394.833333333333,78.7166666666667,267.066666666667
2022-12-07 15:00:00,406.166666666667,77.5666666666667,267.35
2022-12-07 16:00:00,407.0,77.0166666666667,267.283333333333
2022-12-07 17:00:00,416.0,78.4333333333333,266.216666666667
2022-12-07 18:00:00,416.833333333333,71.9,266.0
2022-12-07 19:00:00,416.666666666667,63.0833333333333,266.016666666667
2022-12-07 20:00:00,417.5,49.7166666666667,266.1
2022-12-07 21:00:00,422.166666666667,41.6666666666667,266.266666666667
2022-12-07 22:00:00,418.166666666667,38.1666666666667,266.566666666667
2022-12-07 23:00:00,417.833333333333,30.4833333333333,267.1
2022-12-08 00:00:00,419.666666666667,28.9166666666667,266.933333333333
2022-12-08 01:00:00,419.666666666667,28.95,266.633333333333
2022-12-08 02:00:00,,,
2022-12-08 03:00:00,,,
2022-12-08 04:00:00,,,
2022-12-08 05:00:00,,,
2022-12-08 06:00:00,,,
2022-12-08 07:00:00,422.2,24.2,267.33
2022-12-08 08:00:00,,,
2022-12-08 09:00:00,409.0,25.32,268.07
2022-12-08 10:00:00,,,
2022-12-08 11:00:00,,,
2022-12-08 12:00:00,,,
2022-12-08 13:00:00,300.6,29.34,272.51
2022-12-08 14:00:00,,,
2022-12-08 15:00:00,383.4,30.0,269.99
2022-12-08 16:00:00,,,
2022-12-08 17:00:00,,,
2022-12-08 18:00:00,401.0,34.2166666666667,268.533333333333
2022-12-08 19:00:00,402.0,32.38,268.93
2022-12-08 20:00:00,,,
2022-12-08 21:00:00,402.0,37.86,268.09
2022-12-08 22:00:00,411.166666666667,41.6166666666667,267.233333333333
2022-12-08 23:00:00,407.333333333333,36.0166666666667,268.0
2022-12-09 00:00:00,398.6,32.54,269.37
2022-12-09 01:00:00,386.666666666667,35.9833333333333,269.85
2022-12-09 02:00:00,,,
2022-12-09 03:00:00,,,
2022-12-09 04:00:00,,,
2022-12-09 05:00:00,342.0,57.5,269.77
2022-12-09 06:00:00,,,
2022-12-09 07:00:00,387.833333333333,61.15,270.3
2022-12-09 08:00:00,,,
2022-12-09 09:00:00,,,
2022-12-09 10:00:00,404.166666666667,71.6166666666667,270.933333333333
2022-12-09 11:00:00,,,
2022-12-09 12:00:00,,,
2022-12-09 13:00:00,376.0,92.28,271.59
2022-12-09 14:00:00,339.2,79.44,272.43
2022-12-09 15:00:00,368.833333333333,95.2,271.533333333333
2022-12-09 16:00:00,363.8,92.8,271.57
2022-12-09 17:00:00,372.333333333333,90.7,271.783333333333
2022-12-09 18:00:00,407.833333333333,97.9166666666667,271.266666666667
2022-12-09 19:00:00,392.666666666667,99.1166666666667,271.15
2022-12-09 20:00:00,393.666666666667,99.0666666666667,271.016666666667
2022-12-09 21:00:00,384.833333333333,99.3833333333333,270.516666666667
2022-12-09 22:00:00,433.166666666667,99.5833333333333,270.2
2022-12-09 23:00:00,428.166666666667,99.4,269.966666666667
2022-12-10 00:00:00,429.833333333333,99.1666666666667,269.8
2022-12-10 01:00:00,429.833333333333,98.75,269.666666666667
2022-12-10 02:00:00,429.2,98.74,269.09
2022-12-10 03:00:00,433.833333333333,99.4333333333334,268.85
2022-12-10 04:00:00,433.4,99.36,269.19
2022-12-10 05:00:00,,,
2022-12-10 06:00:00,356.0,99.4666666666667,269.166666666667
2022-12-10 07:00:00,297.4,99.48,269.03
2022-12-10 08:00:00,350.0,99.42,268.95
2022-12-10 09:00:00,406.0,99.2,268.89
2022-12-10 10:00:00,414.0,99.3,269.19
2022-12-10 11:00:00,391.666666666667,98.9,269.75
2022-12-10 12:00:00,329.5,98.7666666666667,269.616666666667
2022-12-10 13:00:00,392.5,98.75,269.383333333333
2022-12-10 14:00:00,386.5,98.5833333333333,268.95
2022-12-10 15:00:00,383.666666666667,98.5166666666667,268.7
2022-12-10 16:00:00,365.333333333333,98.8333333333333,268.366666666667
2022-12-10 17:00:00,410.0,98.6666666666667,267.6
2022-12-10 18:00:00,434.166666666667,98.7166666666667,266.5
2022-12-10 19:00:00,438.666666666667,98.7833333333334,265.716666666667
2022-12-10 20:00:00,473.166666666667,98.3333333333333,265.116666666667
2022-12-10 21:00:00,470.333333333333,98.05,264.8
2022-12-10 22:00:00,464.666666666667,97.95,264.75
2022-12-10 23:00:00,460.5,97.8833333333333,264.283333333333
2022-12-11 00:00:00,460.0,97.8833333333333,263.966666666667
2022-12-11 01:00:00,458.166666666667,97.3666666666667,263.683333333333
2022-12-11 02:00:00,,,
2022-12-11 03:00:00,,,
2022-12-11 04:00:00,,,
2022-12-11 05:00:00,,,
2022-12-11 06:00:00,,,
2022-12-11 07:00:00,,,
2022-12-11 08:00:00,,,
2022-12-11 09:00:00,454.8,83.8,260.45
2022-12-11 10:00:00,,,
2022-12-11 11:00:00,,,
2022-12-11 12:00:00,,,
2022-12-11 13:00:00,,,
2022-12-11 14:00:00,,,
2022-12-11 15:00:00,,,
2022-12-11 16:00:00,447.6,62.5,259.73
2022-12-11 17:00:00,,,
2022-12-11 18:00:00,,,
2022-12-11 19:00:00,460.4,79.14,257.89
2022-12-11 20:00:00,,,
2022-12-11 21:00:00,473.0,85.68,257.41
2022-12-11 22:00:00,472.666666666667,85.4833333333334,257.366666666667
2022-12-11 23:00:00,,,
2022-12-12 00:00:00,461.166666666667,84.3833333333333,256.55
2022-12-12 01:00:00,461.8,75.82,256.41
2022-12-12 02:00:00,,,
2022-12-12 03:00:00,461.4,47.2,257.59
2022-12-12 04:00:00,,,
2022-12-12 05:00:00,,,
2022-12-12 06:00:00,,,
2022-12-12 07:00:00,,,
2022-12-12 08:00:00,459.6,33.96,259.37
2022-12-12 09:00:00,,,
2022-12-12 10:00:00,,,
2022-12-12 11:00:00,435.2,41.1,262.59
2022-12-12 12:00:00,414.4,45.72,263.09
2022-12-12 13:00:00,413.333333333333,41.95,263.666666666667
2022-12-12 14:00:00,439.333333333333,47.8166666666667,262.383333333333
2022-12-12 15:00:00,455.666666666667,48.1,262.083333333333
2022-12-12 16:00:00,460.666666666667,49.4166666666667,261.916666666667
2022-12-12 17:00:00,466.0,51.35,260.733333333333
2022-12-12 18:00:00,470.0,48.55,260.066666666667
2022-12-12 19:00:00,469.333333333333,50.9333333333333,259.95
2022-12-12 20:00:00,467.166666666667,48.85,260.016666666667
2022-12-12 21:00:00,470.5,47.3833333333333,259.966666666667
2022-12-12 22:00:00,468.5,44.7333333333333,259.983333333333
2022-12-12 23:00:00,467.0,41.25,260.2
2022-12-13 00:00:00,466.166666666667,35.8,260.483333333333
2022-12-13 01:00:00,466.833333333333,32.6,260.75
2022-12-13 02:00:00,,,
2022-12-13 03:00:00,467.0,29.46,261.27
2022-12-13 04:00:00,466.0,29.9,261.25
2022-12-13 05:00:00,,,
2022-12-13 06:00:00,468.333333333333,34.4833333333333,260.666666666667
2022-12-13 07:00:00,468.333333333333,37.4833333333333,260.566666666667
2022-12-13 08:00:00,468.833333333333,40.9,260.816666666667
2022-12-13 09:00:00,465.833333333333,42.05,261.716666666667
2022-12-13 10:00:00,457.5,45.4833333333333,262.8
2022-12-13 11:00:00,456.0,49.7166666666667,263.216666666667
2022-12-13 12:00:00,452.8,53.14,263.63
2022-12-13 13:00:00,449.333333333333,52.9833333333333,264.583333333333
2022-12-13 14:00:00,443.5,55.55,265.25
2022-12-13 15:00:00,445.833333333333,59.9,265.266666666667
2022-12-13 16:00:00,450.166666666667,65.0666666666667,265.166666666667
2022-12-13 17:00:00,456.166666666667,72.0166666666667,265.233333333333
2022-12-13 18:00:00,459.0,73.95,264.866666666667
2022-12-13 19:00:00,457.666666666667,76.25,265.8
2022-12-13 20:00:00,452.833333333333,81.2166666666667,266.166666666667
2022-12-13 21:00:00,449.5,81.5333333333333,267.066666666667
2022-12-13 22:00:00,446.0,88.4666666666667,267.4
2022-12-13 23:00:00,445.333333333333,84.1,267.816666666667
2022-12-14 00:00:00,442.666666666667,81.05,269.283333333333
2022-12-14 01:00:00,436.333333333333,78.0,269.65
2022-12-14 02:00:00,,,
2022-12-14 03:00:00,,,
2022-12-14 04:00:00,439.4,73.9,268.99
2022-12-14 05:00:00,,,
2022-12-14 06:00:00,441.8,72.0,269.25
2022-12-14 07:00:00,,,
2022-12-14 08:00:00,,,
2022-12-14 09:00:00,429.0,49.56,273.67
2022-12-14 10:00:00,403.4,47.44,274.29
2022-12-14 11:00:00,,,
2022-12-14 12:00:00,360.6,46.5,275.47
2022-12-14 13:00:00,,,
2022-12-14 14:00:00,362.6,45.18,275.75
2022-12-14 15:00:00,372.0,39.5,276.17
2022-12-14 16:00:00,371.166666666667,39.7333333333333,275.783333333333
2022-12-14 17:00:00,380.8,41.16,275.93
2022-12-14 18:00:00,,,
2022-12-14 19:00:00,,,
2022-12-14 20:00:00,407.166666666667,50.5666666666667,274.7
2022-12-14 21:00:00,386.0,51.5833333333333,274.45
2022-12-14 22:00:00,387.666666666667,52.0333333333333,274.233333333333
2022-12-14 23:00:00,400.166666666667,49.7666666666667,274.233333333333
2022-12-15 00:00:00,400.833333333333,51.8666666666667,273.883333333333
2022-12-15 01:00:00,398.333333333333,49.6166666666667,274.15
2022-12-15 02:00:00,396.666666666667,48.25,274.716666666667
2022-12-15 03:00:00,395.666666666667,46.5833333333333,275.4
2022-12-15 04:00:00,407.666666666667,43.3166666666667,275.333333333333
2022-12-15 05:00:00,412.333333333333,42.75,274.883333333333
2022-12-15 06:00:00,414.666666666667,43.6333333333333,274.4
2022-12-15 07:00:00,413.333333333333,46.6166666666667,273.366666666667
2022-12-15 08:00:00,417.666666666667,45.8166666666667,273.483333333333
2022-12-15 09:00:00,414.166666666667,44.6333333333333,273.533333333333
2022-12-15 10:00:00,407.5,42.8833333333333,273.766666666667
2022-12-15 11:00:00,358.666666666667,39.9,274.483333333333
2022-12-15 12:00:00,360.5,44.2166666666667,274.366666666667
2022-12-15 13:00:00,364.166666666667,45.9333333333333,274.05
2022-12-15 14:00:00,384.333333333333,46.7,273.9
2022-12-15 15:00:00,417.833333333333,48.7166666666667,273.433333333333
2022-12-15 16:00:00,421.666666666667,51.0333333333333,273.15
2022-12-15 17:00:00,426.666666666667,54.05,273.066666666667
2022-12-15 18:00:00,428.833333333333,61.0333333333333,272.45
2022-12-15 19:00:00,423.833333333333,85.9,271.2
2022-12-15 20:00:00,415.333333333333,94.45,270.95
2022-12-15 21:00:00,390.333333333333,91.7666666666667,271.433333333333
2022-12-15 22:00:00,361.166666666667,82.05,272.4
2022-12-15 23:00:00,380.333333333333,74.45,272.916666666667
2022-12-16 00:00:00,366.833333333333,90.0,272.516666666667
2022-12-16 01:00:00,347.333333333333,99.7333333333333,271.916666666667
2022-12-16 02:00:00,345.333333333333,95.4666666666667,272.283333333333
2022-12-16 03:00:00,336.166666666667,79.0166666666667,272.866666666667
2022-12-16 04:00:00,337.5,75.6833333333333,272.966666666667
2022-12-16 05:00:00,346.333333333333,76.75,272.666666666667
2022-12-16 06:00:00,384.5,78.8666666666667,272.516666666667
2022-12-16 07:00:00,407.833333333333,74.4833333333333,272.966666666667
2022-12-16 08:00:00,409.0,80.2,272.433333333333
2022-12-16 09:00:00,407.333333333333,93.0666666666667,271.5
2022-12-16 10:00:00,385.166666666667,96.6833333333333,271.466666666667
2022-12-16 11:00:00,408.5,98.4666666666667,271.133333333333
2022-12-16 12:00:00,388.666666666667,98.7166666666667,270.85
2022-12-16 13:00:00,425.0,98.8833333333333,270.066666666667
2022-12-16 14:00:00,460.5,98.9333333333333,269.883333333333
2022-12-16 15:00:00,463.0,98.8666666666667,269.95
2022-12-16 16:00:00,447.833333333333,99.0666666666667,269.983333333333
2022-12-16 17:00:00,441.5,99.2333333333333,269.516666666667
2022-12-16 18:00:00,417.333333333333,99.4666666666667,269.183333333333
2022-12-16 19:00:00,443.0,99.5833333333333,268.933333333333
2022-12-16 20:00:00,461.666666666667,99.0833333333333,268.383333333333
2022-12-16 21:00:00,520.666666666667,98.75,267.9
2022-12-16 22:00:00,519.166666666667,98.6666666666667,267.516666666667
2022-12-16 23:00:00,522.0,98.5666666666667,267.116666666667
2022-12-17 00:00:00,511.5,98.5166666666667,266.683333333333
2022-12-17 01:00:00,459.166666666667,98.4333333333333,266.233333333333
2022-12-17 02:00:00,511.333333333334,98.4,265.866666666667
2022-12-17 03:00:00,501.5,98.35,265.533333333333
2022-12-17 04:00:00,475.333333333333,98.3166666666667,265.216666666667
2022-12-17 05:00:00,506.833333333333,98.2833333333333,264.966666666667
2022-12-17 06:00:00,495.333333333333,98.25,264.883333333333
2022-12-17 07:00:00,494.0,98.15,264.616666666667
2022-12-17 08:00:00,448.4,98.06,264.09
2022-12-17 09:00:00,,,
2022-12-17 10:00:00,,,
2022-12-17 11:00:00,,,
2022-12-17 12:00:00,,,
2022-12-17 13:00:00,469.6,82.1,265.67
2022-12-17 14:00:00,,,
2022-12-17 15:00:00,,,
2022-12-17 16:00:00,522.0,64.16,264.73
2022-12-17 17:00:00,524.6,58.96,264.11
2022-12-17 18:00:00,,,
2022-12-17 19:00:00,528.4,23.42,265.45
2022-12-17 20:00:00,524.0,18.6333333333333,266.0
2022-12-17 21:00:00,,,
2022-12-17 22:00:00,528.833333333333,16.2666666666667,266.4
2022-12-17 23:00:00,522.666666666667,15.3333333333333,266.966666666667
2022-12-18 00:00:00,521.166666666667,14.5166666666667,267.2
2022-12-18 01:00:00,521.666666666667,13.9,267.366666666667
2022-12-18 02:00:00,,,
2022-12-18 03:00:00,,,
2022-12-18 04:00:00,,,
2022-12-18 05:00:00,513.4,14.44,268.11
2022-12-18 06:00:00,,,
2022-12-18 07:00:00,,,
2022-12-18 08:00:00,,,
2022-12-18 09:00:00,,,
2022-12-18 10:00:00,,,
2022-12-18 11:00:00,414.0,13.36,271.31
2022-12-18 12:00:00,410.833333333333,17.6833333333333,272.733333333333
2022-12-18 13:00:00,409.4,10.22,273.67
2022-12-18 14:00:00,458.2,7.08,272.45
2022-12-18 15:00:00,,,
2022-12-18 16:00:00,490.833333333333,8.38333333333334,272.75
2022-12-18 17:00:00,495.5,9.46666666666667,272.95
2022-12-18 18:00:00,501.666666666667,9.73333333333333,272.65
2022-12-18 19:00:00,500.333333333333,9.05,272.9
2022-12-18 20:00:00,501.333333333333,8.56666666666667,273.083333333333
2022-12-18 21:00:00,495.5,8.26666666666667,273.566666666667
2022-12-18 22:00:00,496.666666666667,7.85,274.0
2022-12-18 23:00:00,492.333333333333,8.48333333333333,274.483333333333
2022-12-19 00:00:00,487.5,11.4666666666667,274.733333333333
2022-12-19 01:00:00,486.0,15.3166666666667,275.183333333333
2022-12-19 02:00:00,485.2,15.52,275.37
2022-12-19 03:00:00,,,
2022-12-19 04:00:00,478.666666666667,12.9166666666667,276.066666666667
2022-12-19 05:00:00,475.2,15.38,276.25
2022-12-19 06:00:00,475.6,15.5,276.41
2022-12-19 07:00:00,474.666666666667,20.9,276.283333333333
2022-12-19 08:00:00,469.2,23.3,276.39
2022-12-19 09:00:00,465.666666666667,26.25,276.583333333333
2022-12-19 10:00:00,430.333333333333,24.8666666666667,277.083333333333
2022-12-19 11:00:00,403.166666666667,30.3166666666667,277.133333333333
2022-12-19 12:00:00,,,
2022-12-19 13:00:00,399.0,39.8,279.15
2022-12-19 14:00:00,398.666666666667,51.1166666666667,279.566666666667
2022-12-19 15:00:00,399.333333333333,58.4,279.916666666667
2022-12-19 16:00:00,404.8,59.82,279.47
2022-12-19 17:00:00,407.166666666667,59.2333333333333,279.8
2022-12-19 18:00:00,407.5,57.5333333333333,280.15
2022-12-19 19:00:00,410.5,57.1666666666667,279.85
2022-12-19 20:00:00,413.166666666667,55.8,279.633333333333
2022-12-19 21:00:00,410.0,52.85,279.966666666667
2022-12-19 22:00:00,407.166666666667,50.1,279.8
2022-12-19 23:00:00,407.833333333333,49.0666666666667,279.683333333333
2022-12-20 00:00:00,407.333333333333,48.9666666666667,279.666666666667
2022-12-20 01:00:00,408.5,48.1333333333333,279.833333333333
2022-12-20 02:00:00,,,
2022-12-20 03:00:00,,,
2022-12-20 04:00:00,,,
2022-12-20 05:00:00,,,
2022-12-20 06:00:00,,,
2022-12-20 07:00:00,,,
2022-12-20 08:00:00,,,
2022-12-20 09:00:00,440.166666666667,43.5166666666667,278.383333333333
2022-12-20 10:00:00,401.8,40.68,278.79
2022-12-20 11:00:00,396.2,37.3,279.67
2022-12-20 12:00:00,390.2,36.84,280.43
2022-12-20 13:00:00,,,
2022-12-20 14:00:00,,,
2022-12-20 15:00:00,397.2,33.86,279.35
2022-12-20 16:00:00,404.8,35.24,278.77
2022-12-20 17:00:00,401.4,35.9,278.89
2022-12-20 18:00:00,,,
2022-12-20 19:00:00,,,
2022-12-20 20:00:00,401.8,33.16,279.57
2022-12-20 21:00:00,401.4,34.22,279.91
2022-12-20 22:00:00,399.0,35.72,279.95
2022-12-20 23:00:00,400.2,37.46,280.17
2022-12-21 00:00:00,,,
2022-12-21 01:00:00,398.0,42.1833333333333,279.4
2022-12-21 02:00:00,396.0,45.4,278.53
2022-12-21 03:00:00,,,
2022-12-21 04:00:00,444.8,54.52,275.85
2022-12-21 05:00:00,,,
2022-12-21 06:00:00,,,
2022-12-21 07:00:00,,,
2022-12-21 08:00:00,,,
2022-12-21 09:00:00,449.8,63.06,274.27
2022-12-21 10:00:00,447.0,65.1,274.11
2022-12-21 11:00:00,,,
2022-12-21 12:00:00,,,
2022-12-21 13:00:00,,,
2022-12-21 14:00:00,386.2,63.88,275.27
2022-12-21 15:00:00,,,
2022-12-21 16:00:00,,,
2022-12-21 17:00:00,441.8,69.72,274.15
2022-12-21 18:00:00,,,
2022-12-21 19:00:00,441.2,69.08,274.21
2022-12-21 20:00:00,442.666666666667,69.5,274.316666666667
2022-12-21 21:00:00,446.666666666667,67.5333333333333,274.416666666667
2022-12-21 22:00:00,445.6,69.6,273.97
2022-12-21 23:00:00,443.666666666667,68.4666666666667,274.116666666667
2022-12-22 00:00:00,445.5,63.4333333333333,274.466666666667
2022-12-22 01:00:00,445.166666666667,60.2166666666667,274.666666666667
2022-12-22 02:00:00,,,
2022-12-22 03:00:00,,,
2022-12-22 04:00:00,,,
2022-12-22 05:00:00,448.0,59.52,274.31
2022-12-22 06:00:00,445.333333333333,57.5166666666667,274.483333333333
2022-12-22 07:00:00,444.666666666667,57.0333333333333,274.266666666667
2022-12-22 08:00:00,450.4,53.52,274.37
2022-12-22 09:00:00,445.6,54.24,274.21
2022-12-22 10:00:00,393.6,52.88,274.73
2022-12-22 11:00:00,373.2,51.2,276.05
2022-12-22 12:00:00,381.4,50.76,275.33
2022-12-22 13:00:00,386.0,32.44,276.67
2022-12-22 14:00:00,387.0,33.8833333333333,276.2
2022-12-22 15:00:00,387.166666666667,40.15,275.3
2022-12-22 16:00:00,433.333333333333,48.4,274.25
2022-12-22 17:00:00,435.833333333333,44.45,274.866666666667
2022-12-22 18:00:00,440.0,42.3166666666667,274.45
2022-12-22 19:00:00,442.166666666667,42.85,273.216666666667
2022-12-22 20:00:00,446.666666666667,39.7833333333333,273.466666666667
2022-12-22 21:00:00,444.666666666667,39.8,273.75
2022-12-22 22:00:00,439.166666666667,43.2333333333333,273.666666666667
2022-12-22 23:00:00,437.666666666667,45.15,273.783333333333
2022-12-23 00:00:00,436.166666666667,46.6333333333333,274.283333333333
2022-12-23 01:00:00,427.0,74.7666666666667,273.366666666667
2022-12-23 02:00:00,404.833333333333,96.4166666666667,272.183333333333
2022-12-23 03:00:00,403.666666666667,99.1833333333333,271.9
2022-12-23 04:00:00,422.4,99.16,272.73
2022-12-23 05:00:00,422.333333333333,99.8333333333333,273.25
2022-12-23 06:00:00,440.0,100.233333333333,273.616666666667
2022-12-23 07:00:00,474.0,99.3166666666667,274.05
2022-12-23 08:00:00,480.333333333333,99.4833333333334,273.783333333333
2022-12-23 09:00:00,495.5,99.4666666666667,274.15
2022-12-23 10:00:00,481.333333333333,97.7,274.816666666667
2022-12-23 11:00:00,471.5,96.8833333333333,275.15
2022-12-23 12:00:00,472.833333333333,95.4333333333333,275.35
2022-12-23 13:00:00,428.833333333333,98.0,275.2
2022-12-23 14:00:00,448.333333333333,98.0666666666667,274.9
2022-12-23 15:00:00,457.0,97.9333333333333,274.933333333333
2022-12-23 16:00:00,453.333333333333,97.7166666666667,275.1
2022-12-23 17:00:00,431.0,98.0833333333333,275.55
2022-12-23 18:00:00,430.0,98.5,275.066666666667
2022-12-23 19:00:00,434.166666666667,97.9666666666667,275.433333333333
2022-12-23 20:00:00,438.666666666667,92.1166666666667,275.85
2022-12-23 21:00:00,443.166666666667,98.2,275.233333333333
2022-12-23 22:00:00,441.833333333333,98.75,274.716666666667
2022-12-23 23:00:00,435.666666666667,98.55,274.333333333333
2022-12-24 00:00:00,414.333333333333,99.85,273.8
2022-12-24 01:00:00,433.333333333333,93.4,274.05
2022-12-24 02:00:00,,,
2022-12-24 03:00:00,,,
2022-12-24 04:00:00,,,
2022-12-24 05:00:00,414.0,100.16,272.67
2022-12-24 06:00:00,,,
2022-12-24 07:00:00,,,
2022-12-24 08:00:00,,,
2022-12-24 09:00:00,,,
2022-12-24 10:00:00,459.2,100.56,273.05
2022-12-24 11:00:00,435.4,99.86,273.09
2022-12-24 12:00:00,,,
2022-12-24 13:00:00,,,
2022-12-24 14:00:00,,,
2022-12-24 15:00:00,469.4,99.42,272.47
2022-12-24 16:00:00,481.0,99.5,272.41
2022-12-24 17:00:00,,,
2022-12-24 18:00:00,,,
2022-12-24 19:00:00,497.5,100.783333333333,272.666666666667
2022-12-24 20:00:00,470.6,101.04,272.97
2022-12-24 21:00:00,478.6,101.22,273.07
2022-12-24 22:00:00,492.8,101.44,273.19
2022-12-24 23:00:00,490.833333333333,101.616666666667,273.4
2022-12-25 00:00:00,487.833333333333,100.766666666667,274.133333333333
2022-12-25 01:00:00,484.333333333333,99.7,273.883333333333
2022-12-25 02:00:00,,,
2022-12-25 03:00:00,,,
2022-12-25 04:00:00,,,
2022-12-25 05:00:00,485.2,93.64,274.41
2022-12-25 06:00:00,488.4,82.1,274.49
2022-12-25 07:00:00,,,
2022-12-25 08:00:00,,,
2022-12-25 09:00:00,,,
2022-12-25 10:00:00,409.0,51.58,277.87
2022-12-25 11:00:00,401.4,49.24,278.73
2022-12-25 12:00:00,,,
2022-12-25 13:00:00,393.0,45.36,280.07
2022-12-25 14:00:00,402.666666666667,36.45,279.133333333333
2022-12-25 15:00:00,410.8,35.58,278.77
2022-12-25 16:00:00,411.4,34.92,278.79
2022-12-25 17:00:00,410.0,36.85,278.366666666667
2022-12-25 18:00:00,442.0,38.92,277.65
2022-12-25 19:00:00,459.5,40.1333333333333,277.266666666667
2022-12-25 20:00:00,423.6,33.3,278.31
2022-12-25 21:00:00,410.333333333333,29.6666666666667,278.85
2022-12-25 22:00:00,408.666666666667,28.8666666666667,278.7
2022-12-25 23:00:00,416.833333333333,30.4333333333333,278.05
2022-12-26 00:00:00,423.5,30.7,277.95
2022-12-26 01:00:00,440.333333333333,30.1833333333333,277.95
2022-12-26 02:00:00,,,
2022-12-26 03:00:00,408.166666666667,30.55,277.766666666667
2022-12-26 04:00:00,423.8,30.66,277.51
2022-12-26 05:00:00,439.6,31.44,277.27
2022-12-26 06:00:00,445.333333333333,32.55,276.8
2022-12-26 07:00:00,452.833333333333,34.1333333333333,276.216666666667
2022-12-26 08:00:00,448.666666666667,39.25,275.466666666667
2022-12-26 09:00:00,447.333333333333,40.45,275.083333333333
2022-12-26 10:00:00,395.666666666667,41.6166666666667,275.383333333333
2022-12-26 11:00:00,392.0,43.4666666666667,275.733333333333
2022-12-26 12:00:00,389.166666666667,45.0333333333333,275.85
2022-12-26 13:00:00,384.0,48.55,276.2
2022-12-26 14:00:00,387.6,51.86,274.89
2022-12-26 15:00:00,396.333333333333,53.0666666666667,274.466666666667
2022-12-26 16:00:00,423.5,54.25,274.733333333333
2022-12-26 17:00:00,413.666666666667,53.9333333333333,274.916666666667
2022-12-26 18:00:00,435.333333333333,57.65,274.133333333333
2022-12-26 19:00:00,430.5,62.7833333333333,273.733333333333
2022-12-26 20:00:00,419.833333333333,75.1833333333333,272.85
2022-12-26 21:00:00,420.5,92.0833333333333,271.95
2022-12-26 22:00:00,387.333333333333,99.2833333333333,271.516666666667
2022-12-26 23:00:00,378.5,99.4166666666667,271.333333333333
2022-12-27 00:00:00,451.5,93.9666666666667,271.616666666667
2022-12-27 01:00:00,464.166666666667,75.4833333333333,272.6
2022-12-27 02:00:00,,,
2022-12-27 03:00:00,,,
2022-12-27 04:00:00,,,
2022-12-27 05:00:00,,,
2022-12-27 06:00:00,391.4,98.44,270.67
2022-12-27 07:00:00,405.0,90.62,270.37
2022-12-27 08:00:00,,,
2022-12-27 09:00:00,,,
2022-12-27 10:00:00,,,
2022-12-27 11:00:00,450.8,86.88,270.57
2022-12-27 12:00:00,,,
2022-12-27 13:00:00,,,
2022-12-27 14:00:00,,,
2022-12-27 15:00:00,460.8,89.34,269.51
2022-12-27 16:00:00,476.8,89.74,269.11
2022-12-27 17:00:00,,,
2022-12-27 18:00:00,,,
2022-12-27 19:00:00,482.0,87.22,268.53
2022-12-27 20:00:00,484.2,80.78,268.47
2022-12-27 21:00:00,487.666666666667,49.65,269.3
2022-12-27 22:00:00,486.0,43.3,269.316666666667
2022-12-27 23:00:00,488.333333333333,36.5666666666667,269.283333333333
2022-12-28 00:00:00,490.6,29.56,269.29
2022-12-28 01:00:00,488.666666666667,24.9166666666667,269.866666666667
2022-12-28 02:00:00,,,
2022-12-28 03:00:00,488.6,20.34,269.99
2022-12-28 04:00:00,,,
2022-12-28 05:00:00,,,
2022-12-28 06:00:00,485.4,18.26,270.87
2022-12-28 07:00:00,484.6,18.12,271.03
2022-12-28 08:00:00,,,
2022-12-28 09:00:00,,,
2022-12-28 10:00:00,422.333333333333,28.75,273.15
2022-12-28 11:00:00,400.2,30.56,273.71
2022-12-28 12:00:00,393.2,35.4,273.87
2022-12-28 13:00:00,399.833333333333,33.4333333333333,275.016666666667
2022-12-28 14:00:00,402.666666666667,36.8333333333333,274.6
2022-12-28 15:00:00,,,
2022-12-28 16:00:00,459.8,39.0,274.47
2022-12-28 17:00:00,,,
2022-12-28 18:00:00,481.166666666667,42.7833333333333,274.066666666667
2022-12-28 19:00:00,479.833333333333,43.9,273.933333333333
2022-12-28 20:00:00,477.166666666667,43.8666666666667,273.816666666667
2022-12-28 21:00:00,470.833333333333,49.0833333333333,272.633333333333
2022-12-28 22:00:00,481.833333333333,52.25,271.583333333333
2022-12-28 23:00:00,485.0,51.85,271.466666666667
2022-12-29 00:00:00,480.833333333333,51.9333333333333,271.2
2022-12-29 01:00:00,482.833333333333,57.7833333333333,270.05
2022-12-29 02:00:00,491.2,56.02,269.73
2022-12-29 03:00:00,,,
2022-12-29 04:00:00,489.0,48.0333333333333,270.233333333333
2022-12-29 05:00:00,489.2,46.98,269.85
2022-12-29 06:00:00,488.333333333333,44.2666666666667,270.016666666667
2022-12-29 07:00:00,490.833333333333,37.75,270.65
2022-12-29 08:00:00,486.5,31.1,271.083333333333
2022-12-29 09:00:00,485.0,37.1833333333333,270.45
2022-12-29 10:00:00,436.6,34.96,272.45
2022-12-29 11:00:00,399.666666666667,36.35,274.266666666667
2022-12-29 12:00:00,389.0,40.2666666666667,273.633333333333
2022-12-29 13:00:00,388.5,39.4666666666667,274.216666666667
2022-12-29 14:00:00,404.333333333333,43.0166666666667,272.783333333333
2022-12-29 15:00:00,465.5,36.05,272.416666666667
2022-12-29 16:00:00,474.333333333333,34.8,273.333333333333
2022-12-29 17:00:00,474.666666666667,37.1333333333333,273.433333333333
2022-12-29 18:00:00,479.166666666667,41.2666666666667,272.883333333333
2022-12-29 19:00:00,482.333333333333,47.3,272.0
2022-12-29 20:00:00,478.833333333333,50.4333333333333,271.916666666667
2022-12-29 21:00:00,480.0,53.7,271.616666666667
2022-12-29 22:00:00,478.166666666667,53.5166666666667,271.716666666667
2022-12-29 23:00:00,476.5,55.1166666666667,271.833333333333
2022-12-30 00:00:00,476.5,57.2333333333333,271.85
2022-12-30 01:00:00,473.833333333333,57.1333333333333,272.233333333333
2022-12-30 02:00:00,,,
2022-12-30 03:00:00,,,
2022-12-30 04:00:00,,,
2022-12-30 05:00:00,,,
2022-12-30 06:00:00,,,
2022-12-30 07:00:00,,,
2022-12-30 08:00:00,,,
2022-12-30 09:00:00,,,
2022-12-30 10:00:00,442.833333333333,66.9833333333333,271.933333333333
2022-12-30 11:00:00,413.4,63.4,272.89
2022-12-30 12:00:00,,,
2022-12-30 13:00:00,396.6,56.38,274.11
2022-12-30 14:00:00,420.8,57.92,273.55
2022-12-30 15:00:00,,,
2022-12-30 16:00:00,,,
2022-12-30 17:00:00,469.0,61.4,272.81
2022-12-30 18:00:00,,,
2022-12-30 19:00:00,469.5,67.85,273.05
2022-12-30 20:00:00,467.8,80.24,272.55
2022-12-30 21:00:00,,,
2022-12-30 22:00:00,468.4,69.48,273.91
2022-12-30 23:00:00,467.833333333333,60.8166666666667,275.833333333333
2022-12-31 00:00:00,460.166666666667,61.5166666666667,276.55
2022-12-31 01:00:00,457.5,65.3833333333333,275.983333333333
2022-12-31 02:00:00,462.4,66.86,275.95
2022-12-31 03:00:00,,,
2022-12-31 04:00:00,460.4,64.86,276.75
2022-12-31 05:00:00,,,
2022-12-31 06:00:00,468.4,60.66,277.77
2022-12-31 07:00:00,,,
2022-12-31 08:00:00,,,
2022-12-31 09:00:00,,,
2022-12-31 10:00:00,413.0,52.26,278.61
2022-12-31 11:00:00,410.8,51.4,279.15
2022-12-31 12:00:00,,,
2022-12-31 13:00:00,405.2,45.88,280.37
2022-12-31 14:00:00,409.4,43.86,280.47
2022-12-31 15:00:00,,,
2022-12-31 16:00:00,410.333333333333,43.0833333333333,279.5
2022-12-31 17:00:00,411.8,42.34,279.49
2022-12-31 18:00:00,413.333333333333,41.1333333333333,279.6
2022-12-31 19:00:00,422.5,40.8166666666667,279.316666666667
2022-12-31 20:00:00,420.833333333333,39.6333333333333,279.266666666667
2022-12-31 21:00:00,446.0,41.4666666666667,278.85
2022-12-31 22:00:00,452.0,41.0333333333333,278.516666666667
2022-12-31 23:00:00,459.5,41.75,278.516666666667
2023-01-01 00:00:00,438.166666666667,41.2333333333333,278.85
2023-01-01 01:00:00,456.666666666667,43.4333333333333,278.6
2023-01-01 02:00:00,,,
2023-01-01 03:00:00,,,
2023-01-01 04:00:00,,,
2023-01-01 05:00:00,464.4,44.86,278.41
2023-01-01 06:00:00,458.8,46.02,278.87
2023-01-01 07:00:00,,,
2023-01-01 08:00:00,463.0,51.1666666666667,278.016666666667
2023-01-01 09:00:00,457.0,49.96,278.45
2023-01-01 10:00:00,407.666666666667,49.15,278.9
2023-01-01 11:00:00,,,
2023-01-01 12:00:00,391.5,46.8833333333333,279.65
2023-01-01 13:00:00,394.0,45.32,280.09
2023-01-01 14:00:00,396.6,44.38,279.99
2023-01-01 15:00:00,406.5,44.15,279.316666666667
2023-01-01 16:00:00,407.2,44.08,278.97
2023-01-01 17:00:00,447.166666666667,46.8333333333333,278.616666666667
2023-01-01 18:00:00,461.666666666667,46.25,278.166666666667
2023-01-01 19:00:00,462.666666666667,45.4,277.833333333333
2023-01-01 20:00:00,466.166666666667,44.1833333333333,277.533333333333
2023-01-01 21:00:00,461.333333333333,43.35,277.4
2023-01-01 22:00:00,461.5,41.95,277.916666666667
2023-01-01 23:00:00,463.0,40.9166666666667,278.033333333333
2023-01-02 00:00:00,466.166666666667,41.0166666666667,277.1
2023-01-02 01:00:00,470.5,42.6833333333333,276.316666666667
2023-01-02 02:00:00,470.0,45.1,275.67
2023-01-02 03:00:00,,,
2023-01-02 04:00:00,,,
2023-01-02 05:00:00,,,
2023-01-02 06:00:00,469.0,32.76,276.79
2023-01-02 07:00:00,,,
2023-01-02 08:00:00,,,
2023-01-02 09:00:00,,,
2023-01-02 10:00:00,392.6,30.76,278.71
2023-01-02 11:00:00,384.2,29.26,279.51
2023-01-02 12:00:00,,,
2023-01-02 13:00:00,,,
2023-01-02 14:00:00,380.8,29.76,280.31
2023-01-02 15:00:00,,,
2023-01-02 16:00:00,,,
2023-01-02 17:00:00,445.666666666667,37.4333333333333,277.316666666667
2023-01-02 18:00:00,457.0,39.94,277.23
2023-01-02 19:00:00,,,
2023-01-02 20:00:00,463.833333333333,51.5166666666667,274.866666666667
2023-01-02 21:00:00,464.4,55.14,274.13
2023-01-02 22:00:00,469.333333333333,60.7833333333333,273.566666666667
2023-01-02 23:00:00,471.5,64.2166666666667,273.366666666667
2023-01-03 00:00:00,475.833333333333,70.5833333333333,273.1
2023-01-03 01:00:00,474.833333333333,70.8166666666667,273.05
2023-01-03 02:00:00,,,
2023-01-03 03:00:00,475.0,70.06,272.21
2023-01-03 04:00:00,475.8,74.22,272.07
2023-01-03 05:00:00,,,
2023-01-03 06:00:00,,,
2023-01-03 07:00:00,,,
2023-01-03 08:00:00,471.8,73.18,272.59
2023-01-03 09:00:00,471.6,71.72,272.77
2023-01-03 10:00:00,,,
2023-01-03 11:00:00,442.0,66.1666666666667,274.033333333333
2023-01-03 12:00:00,396.0,64.28,274.61
2023-01-03 13:00:00,395.8,67.34,273.79
2023-01-03 14:00:00,430.666666666667,73.5,273.4
2023-01-03 15:00:00,451.8,82.36,272.87
2023-01-03 16:00:00,453.2,91.48,272.25
2023-01-03 17:00:00,453.833333333333,98.5666666666667,271.95
2023-01-03 18:00:00,447.0,99.25,271.45
2023-01-03 19:00:00,450.166666666667,99.6333333333333,271.366666666667
2023-01-03 20:00:00,456.333333333333,99.8333333333333,271.316666666667
2023-01-03 21:00:00,470.166666666667,99.45,271.516666666667
2023-01-03 22:00:00,464.0,98.4166666666667,271.8
2023-01-03 23:00:00,460.5,98.0666666666667,271.583333333333
2023-01-04 00:00:00,464.333333333333,88.0166666666667,271.6
2023-01-04 01:00:00,472.666666666667,82.9,271.483333333333
2023-01-04 02:00:00,476.4,77.8,271.37
2023-01-04 03:00:00,477.2,71.32,271.33
2023-01-04 04:00:00,465.5,60.75,271.4
2023-01-04 05:00:00,474.0,55.9333333333333,271.333333333333
2023-01-04 06:00:00,479.5,52.3166666666667,271.183333333333
2023-01-04 07:00:00,475.166666666667,45.9333333333333,271.483333333333
2023-01-04 08:00:00,477.833333333333,38.25,271.733333333333
2023-01-04 09:00:00,473.0,31.6333333333333,272.583333333333
2023-01-04 10:00:00,403.2,27.86,274.05
2023-01-04 11:00:00,393.166666666667,25.7333333333333,275.0
2023-01-04 12:00:00,389.0,26.0166666666667,275.633333333333
2023-01-04 13:00:00,392.5,24.0666666666667,277.733333333333
2023-01-04 14:00:00,403.333333333333,29.0166666666667,276.75
2023-01-04 15:00:00,414.5,31.2666666666667,276.316666666667
2023-01-04 16:00:00,435.833333333333,36.6333333333333,276.1
2023-01-04 17:00:00,470.5,40.15,275.75
2023-01-04 18:00:00,473.333333333333,44.75,275.9
2023-01-04 19:00:00,476.333333333333,48.3666666666667,275.05
2023-01-04 20:00:00,478.333333333333,49.3166666666667,274.85
2023-01-04 21:00:00,477.0,48.3833333333333,274.816666666667
2023-01-04 22:00:00,474.333333333333,46.3666666666667,275.033333333333
2023-01-04 23:00:00,473.333333333333,42.9666666666667,275.516666666667
2023-01-05 00:00:00,465.833333333333,43.0333333333333,276.15
2023-01-05 01:00:00,464.833333333333,47.95,276.233333333333
2023-01-05 02:00:00,,,
2023-01-05 03:00:00,,,
2023-01-05 04:00:00,,,
2023-01-05 05:00:00,,,
2023-01-05 06:00:00,,,
2023-01-05 07:00:00,,,
2023-01-05 08:00:00,403.4,67.84,276.53
2023-01-05 09:00:00,,,
2023-01-05 10:00:00,,,
2023-01-05 11:00:00,,,
2023-01-05 12:00:00,,,
2023-01-05 13:00:00,408.0,46.56,277.21
2023-01-05 14:00:00,,,
2023-01-05 15:00:00,,,
2023-01-05 16:00:00,,,
2023-01-05 17:00:00,,,
2023-01-05 18:00:00,,,
2023-01-05 19:00:00,,,
2023-01-05 20:00:00,477.8,54.66,274.13
2023-01-05 21:00:00,,,
2023-01-05 22:00:00,480.333333333333,70.6166666666667,272.616666666667
2023-01-05 23:00:00,481.6,74.38,272.19
2023-01-06 00:00:00,483.666666666667,76.4,272.033333333333
2023-01-06 01:00:00,485.2,77.68,271.61
2023-01-06 02:00:00,,,
2023-01-06 03:00:00,,,
2023-01-06 04:00:00,485.2,56.86,272.79
2023-01-06 05:00:00,,,
2023-01-06 06:00:00,,,
2023-01-06 07:00:00,480.6,27.88,274.35
2023-01-06 08:00:00,,,
2023-01-06 09:00:00,,,
2023-01-06 10:00:00,,,
2023-01-06 11:00:00,,,
2023-01-06 12:00:00,,,
2023-01-06 13:00:00,,,
2023-01-06 14:00:00,390.0,19.64,278.53
2023-01-06 15:00:00,,,
2023-01-06 16:00:00,456.2,20.78,277.71
2023-01-06 17:00:00,463.8,22.94,277.43
2023-01-06 18:00:00,468.833333333333,24.0333333333333,276.816666666667
2023-01-06 19:00:00,474.0,23.78,276.31
2023-01-06 20:00:00,468.5,23.0666666666667,276.15
2023-01-06 21:00:00,469.166666666667,21.85,276.166666666667
2023-01-06 22:00:00,470.833333333333,23.4333333333333,275.516666666667
2023-01-06 23:00:00,475.833333333333,26.05,274.566666666667
2023-01-07 00:00:00,476.166666666667,26.4166666666667,274.416666666667
2023-01-07 01:00:00,477.5,25.8333333333333,274.5
2023-01-07 02:00:00,,,
2023-01-07 03:00:00,475.2,23.74,275.07
2023-01-07 04:00:00,,,
2023-01-07 05:00:00,472.166666666667,22.5333333333333,275.15
2023-01-07 06:00:00,,,
2023-01-07 07:00:00,471.6,21.94,275.05
2023-01-07 08:00:00,473.666666666667,21.1833333333333,275.2
2023-01-07 09:00:00,,,
2023-01-07 10:00:00,408.4,22.02,277.75
2023-01-07 11:00:00,395.4,23.34,278.93
2023-01-07 12:00:00,386.8,20.18,277.81
2023-01-07 13:00:00,384.833333333333,19.4666666666667,278.033333333333
2023-01-07 14:00:00,396.833333333333,24.9166666666667,276.966666666667
2023-01-07 15:00:00,440.166666666667,27.15,276.45
2023-01-07 16:00:00,457.833333333333,29.0666666666667,276.4
2023-01-07 17:00:00,462.5,30.6,276.25
2023-01-07 18:00:00,466.5,30.4666666666667,275.983333333333
2023-01-07 19:00:00,467.333333333334,30.2,275.766666666667
2023-01-07 20:00:00,471.666666666667,30.1,275.283333333333
2023-01-07 21:00:00,467.833333333333,29.45,275.116666666667
2023-01-07 22:00:00,468.166666666667,28.45,275.133333333333
2023-01-07 23:00:00,474.0,27.8666666666667,274.733333333333
2023-01-08 00:00:00,469.166666666667,24.3833333333333,275.05
2023-01-08 01:00:00,470.0,27.95,274.233333333333
2023-01-08 02:00:00,,,
2023-01-08 03:00:00,,,
2023-01-08 04:00:00,476.2,28.76,272.85
2023-01-08 05:00:00,,,
2023-01-08 06:00:00,,,
2023-01-08 07:00:00,,,
2023-01-08 08:00:00,475.4,50.66,271.11
2023-01-08 09:00:00,,,
2023-01-08 10:00:00,,,
2023-01-08 11:00:00,,,
2023-01-08 12:00:00,,,
2023-01-08 13:00:00,,,
2023-01-08 14:00:00,,,
2023-01-08 15:00:00,,,
2023-01-08 16:00:00,453.2,87.14,271.07
2023-01-08 17:00:00,,,
2023-01-08 18:00:00,,,
2023-01-08 19:00:00,477.0,77.16,271.49
2023-01-08 20:00:00,,,
2023-01-08 21:00:00,457.666666666667,84.4166666666667,271.383333333333
2023-01-08 22:00:00,429.2,88.42,271.15
2023-01-08 23:00:00,428.8,98.72,270.85
2023-01-09 00:00:00,468.0,98.4666666666667,270.916666666667
2023-01-09 01:00:00,494.8,97.02,270.91
2023-01-09 02:00:00,,,
2023-01-09 03:00:00,,,
2023-01-09 04:00:00,,,
2023-01-09 05:00:00,,,
2023-01-09 06:00:00,490.6,78.54,271.19
2023-01-09 07:00:00,494.6,83.72,270.65
2023-01-09 08:00:00,,,
2023-01-09 09:00:00,,,
2023-01-09 10:00:00,,,
2023-01-09 11:00:00,470.6,83.68,268.67
2023-01-09 12:00:00,,,
2023-01-09 13:00:00,,,
2023-01-09 14:00:00,498.0,56.8,268.63
2023-01-09 15:00:00,,,
2023-01-09 16:00:00,502.666666666667,60.9166666666667,268.5
2023-01-09 17:00:00,506.5,64.4333333333333,268.5
2023-01-09 18:00:00,502.166666666667,74.25,267.8
2023-01-09 19:00:00,446.0,76.75,267.25
2023-01-09 20:00:00,451.833333333333,64.6833333333333,267.283333333333
2023-01-09 21:00:00,451.0,61.65,267.1
2023-01-09 22:00:00,465.0,72.2,266.8
2023-01-09 23:00:00,483.5,83.35,266.416666666667
2023-01-10 00:00:00,497.666666666667,90.65,266.3
2023-01-10 01:00:00,495.166666666667,80.35,266.666666666667
2023-01-10 02:00:00,528.833333333333,75.3166666666667,266.933333333333
2023-01-10 03:00:00,531.333333333333,77.6333333333334,266.816666666667
2023-01-10 04:00:00,522.0,84.0666666666667,266.45
2023-01-10 05:00:00,531.333333333333,85.3833333333333,266.583333333333
2023-01-10 06:00:00,512.666666666667,85.8,266.483333333333
2023-01-10 07:00:00,543.166666666667,72.4333333333333,266.783333333333
2023-01-10 08:00:00,547.333333333333,75.6166666666667,266.766666666667
2023-01-10 09:00:00,529.166666666667,86.0166666666667,266.516666666667
2023-01-10 10:00:00,505.0,86.9,266.65
2023-01-10 11:00:00,519.6,76.3,266.85
2023-01-10 12:00:00,508.166666666667,76.7,266.833333333333
2023-01-10 13:00:00,540.5,61.7,267.3
2023-01-10 14:00:00,538.166666666667,63.8,267.0
2023-01-10 15:00:00,545.166666666667,60.1833333333333,266.383333333333
2023-01-10 16:00:00,551.5,56.4166666666667,266.066666666667
2023-01-10 17:00:00,551.333333333333,58.0,265.8
2023-01-10 18:00:00,557.166666666667,62.4,265.0
2023-01-10 19:00:00,559.833333333333,67.8,264.266666666667
2023-01-10 20:00:00,563.5,64.4833333333333,263.966666666667
2023-01-10 21:00:00,561.333333333333,61.6833333333333,264.533333333333
2023-01-10 22:00:00,562.166666666667,48.3833333333333,265.316666666667
2023-01-10 23:00:00,561.333333333333,38.8166666666667,266.116666666667
2023-01-11 00:00:00,553.166666666667,28.7166666666667,267.983333333333
2023-01-11 01:00:00,547.666666666667,27.0833333333333,268.866666666667
2023-01-11 02:00:00,,,
2023-01-11 03:00:00,,,
2023-01-11 04:00:00,,,
2023-01-11 05:00:00,,,
2023-01-11 06:00:00,,,
2023-01-11 07:00:00,,,
2023-01-11 08:00:00,,,
2023-01-11 09:00:00,,,
2023-01-11 10:00:00,,,
2023-01-11 11:00:00,,,
2023-01-11 12:00:00,,,
2023-01-11 13:00:00,452.4,54.08,275.29
2023-01-11 14:00:00,449.6,54.4,275.73
2023-01-11 15:00:00,,,
2023-01-11 16:00:00,,,
2023-01-11 17:00:00,,,
2023-01-11 18:00:00,520.8,64.28,273.87
2023-01-11 19:00:00,,,
2023-01-11 20:00:00,,,
2023-01-11 21:00:00,,,
2023-01-11 22:00:00,529.0,79.05,271.166666666667
2023-01-11 23:00:00,537.333333333333,92.75,270.616666666667
2023-01-12 00:00:00,520.166666666667,92.2166666666667,270.45
2023-01-12 01:00:00,526.5,81.9,270.466666666667
2023-01-12 02:00:00,523.166666666667,86.5333333333333,270.083333333333
2023-01-12 03:00:00,518.666666666667,80.5333333333334,269.65
2023-01-12 04:00:00,518.666666666667,72.5,269.1
2023-01-12 05:00:00,533.0,62.4666666666667,268.566666666667
2023-01-12 06:00:00,541.5,70.7833333333333,268.016666666667
2023-01-12 07:00:00,547.833333333333,62.6166666666667,267.9
2023-01-12 08:00:00,552.833333333333,57.7333333333333,268.183333333333
2023-01-12 09:00:00,552.666666666667,50.0833333333333,268.666666666667
2023-01-12 10:00:00,539.666666666667,44.7833333333333,270.216666666667
2023-01-12 11:00:00,524.0,46.6166666666667,270.833333333333
2023-01-12 12:00:00,507.166666666667,47.55,271.75
2023-01-12 13:00:00,440.666666666667,39.5,273.933333333333
2023-01-12 14:00:00,444.833333333333,43.4833333333333,273.916666666667
2023-01-12 15:00:00,502.166666666667,37.55,273.816666666667
2023-01-12 16:00:00,506.333333333333,33.1,274.033333333333
2023-01-12 17:00:00,524.5,31.2333333333333,273.783333333333
2023-01-12 18:00:00,531.166666666667,30.75,274.133333333333
2023-01-12 19:00:00,534.166666666667,26.5,274.15
2023-01-12 20:00:00,536.666666666667,25.7833333333333,274.366666666667
2023-01-12 21:00:00,534.833333333333,25.8166666666667,274.466666666667
2023-01-12 22:00:00,533.666666666667,23.75,274.933333333333
2023-01-12 23:00:00,529.666666666667,23.0666666666667,275.15
2023-01-13 00:00:00,526.833333333333,21.75,275.283333333333
2023-01-13 01:00:00,518.833333333333,21.8666666666667,275.8
2023-01-13 02:00:00,523.666666666667,22.7333333333333,275.683333333333
2023-01-13 03:00:00,532.0,25.0666666666667,275.066666666667
2023-01-13 04:00:00,536.666666666667,27.9833333333333,274.366666666667
2023-01-13 05:00:00,536.333333333333,32.5333333333333,273.466666666667
2023-01-13 06:00:00,533.0,41.0333333333333,272.05
2023-01-13 07:00:00,543.166666666667,44.45,271.083333333333
2023-01-13 08:00:00,544.666666666667,41.3666666666667,271.583333333333
2023-01-13 09:00:00,539.166666666667,36.7,273.216666666667
2023-01-13 10:00:00,532.0,44.6166666666667,274.066666666667
2023-01-13 11:00:00,512.0,54.08,273.91
2023-01-13 12:00:00,470.333333333333,47.25,274.266666666667
2023-01-13 13:00:00,468.0,43.3666666666667,275.016666666667
2023-01-13 14:00:00,470.666666666667,43.1666666666667,274.933333333333
2023-01-13 15:00:00,510.833333333333,47.95,274.416666666667
2023-01-13 16:00:00,528.666666666667,57.05,273.0
2023-01-13 17:00:00,537.833333333333,63.5166666666667,272.383333333333
2023-01-13 18:00:00,497.666666666667,94.5,270.483333333333
2023-01-13 19:00:00,504.166666666667,93.2833333333333,270.083333333333
2023-01-13 20:00:00,534.666666666667,80.25,269.7
2023-01-13 21:00:00,531.666666666667,73.6833333333333,269.866666666667
2023-01-13 22:00:00,515.666666666667,87.7333333333333,268.9
2023-01-13 23:00:00,450.666666666667,98.2,268.516666666667
2023-01-14 00:00:00,506.833333333333,96.15,268.3
2023-01-14 01:00:00,529.833333333333,91.6166666666667,268.2
2023-01-14 02:00:00,,,
2023-01-14 03:00:00,,,
2023-01-14 04:00:00,,,
2023-01-14 05:00:00,,,
2023-01-14 06:00:00,569.0,63.94,267.79
2023-01-14 07:00:00,,,
2023-01-14 08:00:00,,,
2023-01-14 09:00:00,,,
2023-01-14 10:00:00,,,
2023-01-14 11:00:00,489.8,45.4,271.65
2023-01-14 12:00:00,,,
2023-01-14 13:00:00,,,
2023-01-14 14:00:00,491.6,34.8,273.73
2023-01-14 15:00:00,511.4,35.26,273.37
2023-01-14 16:00:00,557.0,38.48,272.95
2023-01-14 17:00:00,565.666666666667,40.7333333333333,272.516666666667
2023-01-14 18:00:00,573.166666666667,43.95,271.816666666667
2023-01-14 19:00:00,576.166666666667,47.0,271.2
2023-01-14 20:00:00,576.0,48.9,270.77
2023-01-14 21:00:00,574.666666666667,48.9333333333333,270.95
2023-01-14 22:00:00,572.666666666667,50.9166666666667,270.833333333333
2023-01-14 23:00:00,569.5,48.25,271.633333333333
2023-01-15 00:00:00,562.333333333334,48.6166666666667,272.266666666667
2023-01-15 01:00:00,,,
2023-01-15 02:00:00,,,
2023-01-15 03:00:00,,,
2023-01-15 04:00:00,,,
2023-01-15 05:00:00,,,
2023-01-15 06:00:00,535.0,62.3833333333333,274.25
2023-01-15 07:00:00,545.2,60.1,274.25
2023-01-15 08:00:00,,,
2023-01-15 09:00:00,,,
2023-01-15 10:00:00,,,
2023-01-15 11:00:00,,,
2023-01-15 12:00:00,485.0,56.06,274.69
2023-01-15 13:00:00,475.4,54.82,275.39
2023-01-15 14:00:00,473.8,58.64,274.29
2023-01-15 15:00:00,526.5,67.55,272.15
2023-01-15 16:00:00,546.833333333333,83.4,270.383333333333
2023-01-15 17:00:00,,,
2023-01-15 18:00:00,500.2,98.92,268.25
2023-01-15 19:00:00,,,
2023-01-15 20:00:00,585.333333333333,98.6333333333334,267.166666666667
2023-01-15 21:00:00,590.166666666667,95.7,266.65
2023-01-15 22:00:00,594.666666666667,77.2,266.383333333333
2023-01-15 23:00:00,598.0,66.12,266.19
2023-01-16 00:00:00,603.0,53.14,266.17
2023-01-16 01:00:00,602.0,36.3333333333333,266.45
2023-01-16 02:00:00,,,
2023-01-16 03:00:00,604.4,47.06,265.77
2023-01-16 04:00:00,,,
2023-01-16 05:00:00,607.2,35.16,265.35
2023-01-16 06:00:00,604.4,30.1,265.25
2023-01-16 07:00:00,,,
2023-01-16 08:00:00,,,
2023-01-16 09:00:00,,,
2023-01-16 10:00:00,,,
2023-01-16 11:00:00,,,
2023-01-16 12:00:00,566.8,43.5,268.37
2023-01-16 13:00:00,570.8,50.84,268.35
2023-01-16 14:00:00,574.4,56.92,268.27
2023-01-16 15:00:00,583.2,60.56,267.95
2023-01-16 16:00:00,590.0,65.62,267.35
2023-01-16 17:00:00,,,
2023-01-16 18:00:00,595.5,74.95,266.366666666667
2023-01-16 19:00:00,599.6,71.42,266.15
2023-01-16 20:00:00,597.333333333333,67.4,266.35
2023-01-16 21:00:00,598.833333333333,64.15,266.05
2023-01-16 22:00:00,596.5,58.1,266.516666666667
2023-01-16 23:00:00,597.666666666667,47.9,267.216666666667
2023-01-17 00:00:00,593.166666666667,51.45,266.366666666667
2023-01-17 01:00:00,598.833333333333,48.6833333333333,265.433333333333
2023-01-17 02:00:00,,,
2023-01-17 03:00:00,602.4,50.28,265.11
2023-01-17 04:00:00,,,
2023-01-17 05:00:00,,,
2023-01-17 06:00:00,,,
2023-01-17 07:00:00,,,
2023-01-17 08:00:00,,,
2023-01-17 09:00:00,,,
2023-01-17 10:00:00,,,
2023-01-17 11:00:00,,,
2023-01-17 12:00:00,579.6,59.2,266.25
2023-01-17 13:00:00,,,
2023-01-17 14:00:00,,,
2023-01-17 15:00:00,,,
2023-01-17 16:00:00,,,
2023-01-17 17:00:00,,,
2023-01-17 18:00:00,,,
2023-01-17 19:00:00,,,
2023-01-17 20:00:00,581.8,86.1,265.91
2023-01-17 21:00:00,,,
2023-01-17 22:00:00,581.6,82.54,265.45
2023-01-17 23:00:00,583.8,83.3,265.49
2023-01-18 00:00:00,587.5,79.7166666666667,265.566666666667
2023-01-18 01:00:00,594.2,82.42,264.51
2023-01-18 02:00:00,,,
2023-01-18 03:00:00,,,
2023-01-18 04:00:00,,,
2023-01-18 05:00:00,592.6,91.2,263.65
2023-01-18 06:00:00,592.0,92.44,263.59
2023-01-18 07:00:00,,,
2023-01-18 08:00:00,591.0,82.48,263.17
2023-01-18 09:00:00,593.0,78.6,263.51
2023-01-18 10:00:00,578.8,72.96,264.75
2023-01-18 11:00:00,,,
2023-01-18 12:00:00,545.4,60.84,265.65
2023-01-18 13:00:00,,,
2023-01-18 14:00:00,558.2,53.06,265.99
2023-01-18 15:00:00,580.833333333333,53.35,265.45
2023-01-18 16:00:00,588.6,54.54,265.59
2023-01-18 17:00:00,595.5,54.6666666666667,265.1
2023-01-18 18:00:00,,,
2023-01-18 19:00:00,599.333333333333,65.6666666666667,263.933333333333
2023-01-18 20:00:00,600.0,69.1,263.566666666667
2023-01-18 21:00:00,600.333333333333,72.2666666666667,263.35
2023-01-18 22:00:00,586.0,88.1666666666667,263.033333333333
2023-01-18 23:00:00,577.166666666667,93.6166666666667,262.816666666667
2023-01-19 00:00:00,575.0,94.7833333333333,262.8
2023-01-19 01:00:00,584.0,94.6833333333333,262.6
2023-01-19 02:00:00,,,
2023-01-19 03:00:00,611.0,91.3,261.89
2023-01-19 04:00:00,625.0,89.6,261.49
2023-01-19 05:00:00,630.2,83.0,261.17
2023-01-19 06:00:00,633.333333333333,85.7,260.833333333333
2023-01-19 07:00:00,638.6,79.48,260.67
2023-01-19 08:00:00,635.666666666667,84.2166666666667,260.7
2023-01-19 09:00:00,626.333333333333,90.5333333333333,260.7
2023-01-19 10:00:00,615.666666666667,91.45,261.633333333333
2023-01-19 11:00:00,608.333333333333,91.0,261.65
2023-01-19 12:00:00,593.8,91.36,262.19
2023-01-19 13:00:00,566.0,90.3666666666667,262.516666666667
2023-01-19 14:00:00,592.833333333333,90.4333333333333,262.35
2023-01-19 15:00:00,586.666666666667,90.3833333333333,262.216666666667
2023-01-19 16:00:00,592.833333333333,87.9666666666667,260.933333333333
2023-01-19 17:00:00,610.5,89.8666666666667,260.583333333333
2023-01-19 18:00:00,605.333333333333,88.7,259.883333333333
2023-01-19 19:00:00,605.333333333333,87.35,259.45
2023-01-19 20:00:00,635.5,86.15,258.966666666667
2023-01-19 21:00:00,662.833333333334,85.5166666666667,258.583333333333
2023-01-19 22:00:00,660.666666666667,85.2,258.15
2023-01-19 23:00:00,670.166666666667,84.4833333333333,257.933333333333
2023-01-20 00:00:00,673.666666666667,83.9166666666667,257.683333333333
2023-01-20 01:00:00,671.0,84.5666666666667,257.483333333333
2023-01-20 02:00:00,,,
2023-01-20 03:00:00,653.8,84.54,257.37
2023-01-20 04:00:00,,,
2023-01-20 05:00:00,,,
2023-01-20 06:00:00,,,
2023-01-20 07:00:00,,,
2023-01-20 08:00:00,663.166666666667,81.7833333333334,257.083333333333
2023-01-20 09:00:00,,,
2023-01-20 10:00:00,649.8,83.64,258.01
2023-01-20 11:00:00,,,
2023-01-20 12:00:00,,,
2023-01-20 13:00:00,,,
2023-01-20 14:00:00,,,
2023-01-20 15:00:00,,,
2023-01-20 16:00:00,,,
2023-01-20 17:00:00,,,
2023-01-20 18:00:00,,,
2023-01-20 19:00:00,643.2,62.88,260.93
2023-01-20 20:00:00,634.666666666667,62.6666666666667,260.783333333333
2023-01-20 21:00:00,630.8,61.96,260.67
2023-01-20 22:00:00,,,
2023-01-20 23:00:00,613.4,60.34,261.27
2023-01-21 00:00:00,613.4,65.82,261.07
2023-01-21 01:00:00,613.833333333333,65.5166666666667,260.95
2023-01-21 02:00:00,,,
2023-01-21 03:00:00,,,
2023-01-21 04:00:00,,,
2023-01-21 05:00:00,,,
2023-01-21 06:00:00,,,
2023-01-21 07:00:00,592.0,63.56,261.15
2023-01-21 08:00:00,,,
2023-01-21 09:00:00,,,
2023-01-21 10:00:00,570.4,56.76,261.87
2023-01-21 11:00:00,,,
2023-01-21 12:00:00,,,
2023-01-21 13:00:00,,,
2023-01-21 14:00:00,,,
2023-01-21 15:00:00,563.6,91.08,261.41
2023-01-21 16:00:00,562.0,91.72,261.59
2023-01-21 17:00:00,561.6,92.14,261.51
2023-01-21 18:00:00,568.166666666667,91.5,261.283333333333
2023-01-21 19:00:00,571.166666666667,90.8333333333333,260.516666666667
2023-01-21 20:00:00,564.833333333333,89.85,260.233333333333
2023-01-21 21:00:00,564.833333333333,89.4,260.15
2023-01-21 22:00:00,573.666666666667,89.2333333333333,260.116666666667
2023-01-21 23:00:00,581.5,89.0666666666667,259.983333333333
2023-01-22 00:00:00,590.666666666667,89.0,259.9
2023-01-22 01:00:00,598.833333333333,89.0333333333333,259.933333333333
2023-01-22 02:00:00,597.4,88.66,259.75
2023-01-22 03:00:00,,,
2023-01-22 04:00:00,599.8,87.7,259.57
2023-01-22 05:00:00,602.833333333333,87.5833333333333,259.583333333333
2023-01-22 06:00:00,,,
2023-01-22 07:00:00,595.6,87.84,259.59
2023-01-22 08:00:00,598.8,87.56,259.55
2023-01-22 09:00:00,603.0,88.06,259.95
2023-01-22 10:00:00,605.0,88.7,260.283333333333
2023-01-22 11:00:00,575.4,90.76,261.87
2023-01-22 12:00:00,521.0,89.58,262.81
2023-01-22 13:00:00,523.166666666667,90.4666666666667,262.333333333333
2023-01-22 14:00:00,,,
2023-01-22 15:00:00,546.666666666667,91.9333333333333,262.916666666667
2023-01-22 16:00:00,538.833333333333,92.0333333333333,262.883333333333
2023-01-22 17:00:00,585.666666666667,89.3166666666667,261.333333333333
2023-01-22 18:00:00,585.6,89.18,260.43
2023-01-22 19:00:00,583.5,88.7666666666667,259.95
2023-01-22 20:00:00,586.833333333333,89.0,260.016666666667
2023-01-22 21:00:00,564.833333333333,88.1166666666667,259.733333333333
2023-01-22 22:00:00,559.333333333333,87.4166666666667,259.5
2023-01-22 23:00:00,565.333333333333,87.1666666666667,259.283333333333
2023-01-23 00:00:00,584.5,87.0333333333334,259.1
2023-01-23 01:00:00,598.0,86.2666666666667,258.616666666667
2023-01-23 02:00:00,616.4,86.5,258.51
2023-01-23 03:00:00,617.0,86.7666666666667,258.633333333333
2023-01-23 04:00:00,,,
2023-01-23 05:00:00,,,
2023-01-23 06:00:00,610.4,86.28,258.53
2023-01-23 07:00:00,607.0,86.6166666666667,258.6
2023-01-23 08:00:00,,,
2023-01-23 09:00:00,,,
2023-01-23 10:00:00,,,
2023-01-23 11:00:00,580.2,92.3,261.87
2023-01-23 12:00:00,,,
2023-01-23 13:00:00,,,
2023-01-23 14:00:00,558.0,95.22,264.83
2023-01-23 15:00:00,548.2,94.98,265.01
2023-01-23 16:00:00,533.8,95.38,264.99
2023-01-23 17:00:00,518.5,97.7333333333333,265.233333333333
2023-01-23 18:00:00,551.166666666667,97.65,265.183333333333
2023-01-23 19:00:00,562.5,98.2666666666667,265.216666666667
2023-01-23 20:00:00,559.5,98.1666666666667,266.0
2023-01-23 21:00:00,572.666666666667,98.2,267.733333333333
2023-01-23 22:00:00,585.333333333333,98.1166666666667,268.0
2023-01-23 23:00:00,565.0,94.6833333333333,267.733333333333
2023-01-24 00:00:00,555.333333333334,79.4666666666667,268.166666666667
2023-01-24 01:00:00,555.666666666667,71.8,268.75
2023-01-24 02:00:00,,,
2023-01-24 03:00:00,,,
2023-01-24 04:00:00,605.4,66.44,268.27
2023-01-24 05:00:00,,,
2023-01-24 06:00:00,616.666666666667,63.0166666666667,268.2
2023-01-24 07:00:00,,,
2023-01-24 08:00:00,620.333333333333,61.9166666666667,268.433333333333
2023-01-24 09:00:00,615.2,62.1,268.45
2023-01-24 10:00:00,593.0,59.74,269.83
2023-01-24 11:00:00,585.166666666667,60.35,270.583333333333
2023-01-24 12:00:00,575.666666666667,58.8166666666667,271.616666666667
2023-01-24 13:00:00,561.6,63.44,271.63
2023-01-24 14:00:00,545.333333333333,62.7833333333333,272.166666666667
2023-01-24 15:00:00,561.2,59.72,272.07
2023-01-24 16:00:00,578.6,60.56,271.71
2023-01-24 17:00:00,588.333333333333,64.5166666666667,270.916666666667
2023-01-24 18:00:00,596.0,69.6333333333333,269.866666666667
2023-01-24 19:00:00,595.666666666667,75.7166666666667,268.533333333333
2023-01-24 20:00:00,602.5,74.7166666666667,268.366666666667
2023-01-24 21:00:00,598.833333333333,74.7333333333333,268.466666666667
2023-01-24 22:00:00,598.833333333333,72.0666666666667,268.933333333333
2023-01-24 23:00:00,596.333333333333,64.25,270.533333333333
2023-01-25 00:00:00,590.833333333333,62.5666666666667,270.966666666667
2023-01-25 01:00:00,590.333333333333,63.65,270.65
2023-01-25 02:00:00,592.8,60.88,270.59
2023-01-25 03:00:00,,,
2023-01-25 04:00:00,594.833333333333,52.6833333333333,270.516666666667
2023-01-25 05:00:00,594.333333333333,49.7666666666667,270.3
2023-01-25 06:00:00,594.0,45.25,270.633333333333
2023-01-25 07:00:00,597.166666666667,51.1333333333333,269.316666666667
2023-01-25 08:00:00,601.166666666667,46.5833333333333,269.516666666667
2023-01-25 09:00:00,597.833333333333,51.1,269.4
2023-01-25 10:00:00,548.0,49.2166666666667,271.35
2023-01-25 11:00:00,491.833333333333,47.5333333333333,272.25
2023-01-25 12:00:00,489.666666666667,47.95,272.216666666667
2023-01-25 13:00:00,489.0,41.4166666666667,273.166666666667
2023-01-25 14:00:00,488.666666666667,35.3666666666667,273.25
2023-01-25 15:00:00,537.666666666667,32.1333333333333,271.633333333333
2023-01-25 16:00:00,584.666666666667,34.4333333333333,271.233333333333
2023-01-25 17:00:00,591.666666666667,37.55,270.983333333333
2023-01-25 18:00:00,594.833333333333,44.4166666666667,269.9
2023-01-25 19:00:00,595.5,43.1166666666667,269.566666666667
2023-01-25 20:00:00,598.333333333333,44.85,269.166666666667
2023-01-25 21:00:00,599.666666666667,43.2333333333333,268.566666666667
2023-01-25 22:00:00,598.0,37.3333333333333,268.816666666667
2023-01-25 23:00:00,598.166666666667,36.3333333333333,268.45
2023-01-26 00:00:00,603.0,32.0,268.066666666667
2023-01-26 01:00:00,601.833333333333,29.75,267.633333333333
2023-01-26 02:00:00,,,
2023-01-26 03:00:00,,,
2023-01-26 04:00:00,,,
2023-01-26 05:00:00,,,
2023-01-26 06:00:00,,,
2023-01-26 07:00:00,,,
2023-01-26 08:00:00,,,
2023-01-26 09:00:00,,,
2023-01-26 10:00:00,,,
2023-01-26 11:00:00,,,
2023-01-26 12:00:00,,,
2023-01-26 13:00:00,,,
2023-01-26 14:00:00,,,
2023-01-26 15:00:00,,,
2023-01-26 16:00:00,,,
2023-01-26 17:00:00,597.0,42.2,266.47
2023-01-26 18:00:00,,,
2023-01-26 19:00:00,603.4,53.88,264.65
2023-01-26 20:00:00,,,
2023-01-26 21:00:00,,,
2023-01-26 22:00:00,,,
2023-01-26 23:00:00,,,
2023-01-27 00:00:00,609.4,58.66,263.47
2023-01-27 01:00:00,610.0,56.82,263.39
2023-01-27 02:00:00,,,
2023-01-27 03:00:00,,,
2023-01-27 04:00:00,,,
2023-01-27 05:00:00,,,
2023-01-27 06:00:00,603.6,62.84,260.71
2023-01-27 07:00:00,,,
2023-01-27 08:00:00,,,
2023-01-27 09:00:00,598.0,62.84,261.61
2023-01-27 10:00:00,,,
2023-01-27 11:00:00,,,
2023-01-27 12:00:00,,,
2023-01-27 13:00:00,549.2,80.5,262.27
2023-01-27 14:00:00,564.166666666667,85.0833333333333,262.233333333333
2023-01-27 15:00:00,,,
2023-01-27 16:00:00,,,
2023-01-27 17:00:00,566.166666666667,90.5,260.866666666667
2023-01-27 18:00:00,,,
2023-01-27 19:00:00,558.2,88.8,259.87
2023-01-27 20:00:00,585.2,88.56,259.71
2023-01-27 21:00:00,586.833333333333,88.1333333333333,259.783333333333
2023-01-27 22:00:00,592.833333333334,88.1166666666667,259.75
2023-01-27 23:00:00,558.0,87.7166666666667,259.65
2023-01-28 00:00:00,569.333333333333,88.2666666666667,259.766666666667
2023-01-28 01:00:00,622.833333333333,87.6166666666667,259.716666666667
2023-01-28 02:00:00,,,
2023-01-28 03:00:00,,,
2023-01-28 04:00:00,,,
2023-01-28 05:00:00,613.4,86.42,259.37
2023-01-28 06:00:00,,,
2023-01-28 07:00:00,623.166666666667,85.7666666666667,259.383333333333
2023-01-28 08:00:00,626.8,86.26,259.59
2023-01-28 09:00:00,617.833333333333,88.6333333333333,260.516666666667
2023-01-28 10:00:00,,,
2023-01-28 11:00:00,577.6,86.6,262.63
2023-01-28 12:00:00,552.4,83.36,263.43
2023-01-28 13:00:00,529.333333333333,79.8166666666667,264.183333333333
2023-01-28 14:00:00,520.8,76.06,265.07
2023-01-28 15:00:00,,,
2023-01-28 16:00:00,594.4,83.12,263.57
2023-01-28 17:00:00,606.833333333333,93.15,263.433333333333
2023-01-28 18:00:00,612.6,98.1,262.77
2023-01-28 19:00:00,617.333333333333,95.4666666666667,262.133333333333
2023-01-28 20:00:00,618.333333333333,93.1833333333333,261.65
2023-01-28 21:00:00,619.0,92.8,261.583333333333
2023-01-28 22:00:00,633.666666666667,90.7666666666667,261.216666666667
2023-01-28 23:00:00,643.833333333333,88.8333333333333,260.933333333333
2023-01-29 00:00:00,644.833333333333,90.2166666666667,260.766666666667
2023-01-29 01:00:00,645.333333333333,89.3,260.483333333333
2023-01-29 02:00:00,645.0,89.16,260.23
2023-01-29 03:00:00,651.8,78.12,260.99
2023-01-29 04:00:00,648.333333333333,61.2333333333333,262.266666666667
2023-01-29 05:00:00,645.833333333333,56.1666666666667,262.816666666667
2023-01-29 06:00:00,642.833333333333,50.8166666666667,263.433333333333
2023-01-29 07:00:00,640.166666666667,48.0833333333333,264.05
2023-01-29 08:00:00,638.833333333333,45.8333333333334,264.8
2023-01-29 09:00:00,623.833333333333,45.15,265.816666666667
2023-01-29 10:00:00,593.0,44.06,268.39
2023-01-29 11:00:00,531.0,40.7166666666667,269.833333333333
2023-01-29 12:00:00,504.833333333333,40.8166666666667,270.5
2023-01-29 13:00:00,501.5,37.7666666666667,271.566666666667
2023-01-29 14:00:00,506.666666666667,41.4166666666667,270.75
2023-01-29 15:00:00,582.666666666667,45.6166666666667,268.983333333333
2023-01-29 16:00:00,602.833333333333,46.7833333333333,268.9
2023-01-29 17:00:00,609.833333333333,47.0833333333334,268.683333333333
2023-01-29 18:00:00,617.5,46.75,268.65
2023-01-29 19:00:00,616.333333333333,47.8833333333333,268.15
2023-01-29 20:00:00,620.166666666667,45.75,268.033333333333
2023-01-29 21:00:00,622.5,45.9166666666667,267.9
2023-01-29 22:00:00,621.333333333334,45.4833333333333,267.833333333333
2023-01-29 23:00:00,627.333333333333,45.1833333333333,267.65
2023-01-30 00:00:00,626.833333333333,43.0166666666667,267.816666666667
2023-01-30 01:00:00,626.166666666667,40.3333333333333,267.283333333333
2023-01-30 02:00:00,,,
2023-01-30 03:00:00,,,
2023-01-30 04:00:00,,,
2023-01-30 05:00:00,,,
2023-01-30 06:00:00,624.4,28.38,268.55
2023-01-30 07:00:00,,,
2023-01-30 08:00:00,,,
2023-01-30 09:00:00,,,
2023-01-30 10:00:00,598.4,31.76,269.51
2023-01-30 11:00:00,,,
2023-01-30 12:00:00,,,
2023-01-30 13:00:00,511.6,28.88,272.69
2023-01-30 14:00:00,514.8,31.46,273.11
2023-01-30 15:00:00,,,
2023-01-30 16:00:00,,,
2023-01-30 17:00:00,584.2,42.58,271.19
2023-01-30 18:00:00,,,
2023-01-30 19:00:00,580.2,56.82,269.23
2023-01-30 20:00:00,570.6,78.52,267.87
2023-01-30 21:00:00,570.0,82.0166666666667,266.733333333333
2023-01-30 22:00:00,585.0,75.7666666666667,266.166666666667
2023-01-30 23:00:00,574.0,82.2333333333333,265.35
2023-01-31 00:00:00,585.166666666667,68.8,264.916666666667
2023-01-31 01:00:00,600.5,67.6833333333333,264.833333333333
2023-01-31 02:00:00,595.2,53.54,265.27
2023-01-31 03:00:00,,,
2023-01-31 04:00:00,,,
2023-01-31 05:00:00,,,
2023-01-31 06:00:00,,,
2023-01-31 07:00:00,,,
2023-01-31 08:00:00,596.4,31.46,265.65
2023-01-31 09:00:00,,,
2023-01-31 10:00:00,,,
2023-01-31 11:00:00,,,
2023-01-31 12:00:00,509.4,33.86,268.27
2023-01-31 13:00:00,496.6,25.54,269.35
2023-01-31 14:00:00,511.6,21.76,270.11
2023-01-31 15:00:00,569.2,20.9,269.91
2023-01-31 16:00:00,572.0,27.28,269.61
2023-01-31 17:00:00,,,
2023-01-31 18:00:00,579.333333333333,29.1,269.733333333333
2023-01-31 19:00:00,576.8,34.46,269.17
2023-01-31 20:00:00,587.0,54.45,268.5
2023-01-31 21:00:00,589.4,54.88,268.59
2023-01-31 22:00:00,590.5,58.3333333333333,268.583333333333
2023-01-31 23:00:00,591.166666666667,59.8833333333333,268.05
2023-02-01 00:00:00,592.666666666667,61.1333333333333,268.283333333333
2023-02-01 01:00:00,592.333333333333,61.3,268.1
2023-02-01 02:00:00,592.4,60.56,268.39
2023-02-01 03:00:00,592.6,58.68,268.31
2023-02-01 04:00:00,,,
2023-02-01 05:00:00,593.833333333333,44.6,268.683333333333
2023-02-01 06:00:00,594.166666666667,42.7666666666667,268.733333333333
2023-02-01 07:00:00,594.0,43.14,268.45
2023-02-01 08:00:00,593.0,40.8166666666667,268.583333333333
2023-02-01 09:00:00,579.333333333333,38.9833333333333,269.233333333333
2023-02-01 10:00:00,565.0,37.4,269.83
2023-02-01 11:00:00,565.4,46.92,269.49
2023-02-01 12:00:00,565.666666666667,54.1833333333333,269.016666666667
2023-02-01 13:00:00,556.0,53.48,269.59
2023-02-01 14:00:00,551.166666666667,45.65,269.933333333333
2023-02-01 15:00:00,555.333333333333,42.3666666666667,269.9
2023-02-01 16:00:00,561.333333333333,45.8166666666667,269.533333333333
2023-02-01 17:00:00,567.0,46.3333333333333,269.15
2023-02-01 18:00:00,572.666666666667,46.5,269.066666666667
2023-02-01 19:00:00,574.5,46.0666666666667,268.85
2023-02-01 20:00:00,575.166666666667,49.0166666666667,268.483333333333
2023-02-01 21:00:00,576.0,53.1666666666667,268.083333333333
2023-02-01 22:00:00,577.166666666667,55.6833333333333,267.883333333333
2023-02-01 23:00:00,578.166666666667,66.3666666666667,267.2
2023-02-02 00:00:00,578.333333333333,74.7166666666667,266.566666666667
2023-02-02 01:00:00,577.0,71.9166666666667,266.516666666667
2023-02-02 02:00:00,574.4,73.62,266.29
2023-02-02 03:00:00,,,
2023-02-02 04:00:00,,,
2023-02-02 05:00:00,,,
2023-02-02 06:00:00,,,
2023-02-02 07:00:00,,,
2023-02-02 08:00:00,,,
2023-02-02 09:00:00,,,
2023-02-02 10:00:00,,,
2023-02-02 11:00:00,,,
2023-02-02 12:00:00,627.8,98.02,266.93
2023-02-02 13:00:00,,,
2023-02-02 14:00:00,,,
2023-02-02 15:00:00,659.0,98.04,267.19
2023-02-02 16:00:00,,,
2023-02-02 17:00:00,,,
2023-02-02 18:00:00,,,
2023-02-02 19:00:00,,,
2023-02-02 20:00:00,,,
2023-02-02 21:00:00,679.8,98.42,266.85
2023-02-02 22:00:00,,,
2023-02-02 23:00:00,670.666666666667,98.4333333333333,267.216666666667
2023-02-03 00:00:00,651.666666666667,98.5,267.366666666667
2023-02-03 01:00:00,684.666666666667,98.5166666666667,267.466666666667
2023-02-03 02:00:00,,,
2023-02-03 03:00:00,,,
2023-02-03 04:00:00,,,
2023-02-03 05:00:00,,,
2023-02-03 06:00:00,,,
2023-02-03 07:00:00,,,
2023-02-03 08:00:00,,,
2023-02-03 09:00:00,,,
2023-02-03 10:00:00,695.8,68.4,269.87
2023-02-03 11:00:00,667.4,52.42,271.59
2023-02-03 12:00:00,,,
2023-02-03 13:00:00,612.6,29.58,274.87
2023-02-03 14:00:00,610.6,28.44,274.77
2023-02-03 15:00:00,615.0,27.06,273.95
2023-02-03 16:00:00,675.833333333333,27.3333333333333,273.65
2023-02-03 17:00:00,671.6,27.92,273.47
2023-02-03 18:00:00,657.166666666667,34.65,273.5
2023-02-03 19:00:00,653.333333333333,65.8,271.616666666667
2023-02-03 20:00:00,638.0,95.8833333333333,269.483333333333
2023-02-03 21:00:00,638.166666666667,99.25,269.433333333333
2023-02-03 22:00:00,658.666666666667,99.3333333333333,269.583333333333
2023-02-03 23:00:00,653.5,99.1833333333333,269.55
2023-02-04 00:00:00,668.0,99.1833333333333,269.616666666667
2023-02-04 01:00:00,704.833333333333,99.1833333333333,269.483333333333
2023-02-04 02:00:00,,,
2023-02-04 03:00:00,,,
2023-02-04 04:00:00,,,
2023-02-04 05:00:00,,,
2023-02-04 06:00:00,,,
2023-02-04 07:00:00,,,
2023-02-04 08:00:00,,,
2023-02-04 09:00:00,,,
2023-02-04 10:00:00,,,
2023-02-04 11:00:00,,,
2023-02-04 12:00:00,,,
2023-02-04 13:00:00,,,
2023-02-04 14:00:00,,,
2023-02-04 15:00:00,,,
2023-02-04 16:00:00,,,
2023-02-04 17:00:00,,,
2023-02-04 18:00:00,,,
2023-02-04 19:00:00,,,
2023-02-04 20:00:00,,,
2023-02-04 21:00:00,828.0,32.44,268.19
2023-02-04 22:00:00,824.0,39.16,267.45
2023-02-04 23:00:00,825.8,50.62,266.21
2023-02-05 00:00:00,826.4,56.86,265.35
2023-02-05 01:00:00,,,
2023-02-05 02:00:00,,,
2023-02-05 03:00:00,,,
2023-02-05 04:00:00,830.8,65.38,264.03
2023-02-05 05:00:00,,,
2023-02-05 06:00:00,,,
2023-02-05 07:00:00,,,
2023-02-05 08:00:00,,,
2023-02-05 09:00:00,822.0,72.1,262.81
2023-02-05 10:00:00,,,
2023-02-05 11:00:00,,,
2023-02-05 12:00:00,,,
2023-02-05 13:00:00,,,
2023-02-05 14:00:00,,,
2023-02-05 15:00:00,,,
2023-02-05 16:00:00,,,
2023-02-05 17:00:00,784.5,71.1833333333333,265.5
2023-02-05 18:00:00,,,
2023-02-05 19:00:00,,,
2023-02-05 20:00:00,796.833333333333,97.6,263.616666666667
2023-02-05 21:00:00,795.4,97.74,263.47
2023-02-05 22:00:00,791.6,97.68,263.71
2023-02-05 23:00:00,786.166666666667,97.6833333333333,263.65
2023-02-06 00:00:00,785.166666666667,97.7166666666667,263.516666666667
2023-02-06 01:00:00,784.2,97.78,263.69
2023-02-06 02:00:00,784.4,97.8,263.87
2023-02-06 03:00:00,,,
2023-02-06 04:00:00,,,
2023-02-06 05:00:00,789.8,97.66,263.33
2023-02-06 06:00:00,,,
2023-02-06 07:00:00,,,
2023-02-06 08:00:00,,,
2023-02-06 09:00:00,778.833333333333,93.4166666666667,263.15
2023-02-06 10:00:00,748.2,89.48,264.11
2023-02-06 11:00:00,,,
2023-02-06 12:00:00,719.2,76.1,264.73
2023-02-06 13:00:00,722.2,71.2,265.79
2023-02-06 14:00:00,,,
2023-02-06 15:00:00,,,
2023-02-06 16:00:00,,,
2023-02-06 17:00:00,773.333333333333,51.6833333333333,265.85
2023-02-06 18:00:00,780.6,66.22,264.91
2023-02-06 19:00:00,784.333333333333,70.7333333333333,263.816666666667
2023-02-06 20:00:00,785.666666666667,75.4166666666667,263.083333333333
2023-02-06 21:00:00,784.833333333333,93.2666666666667,262.1
2023-02-06 22:00:00,789.333333333333,93.0833333333333,261.65
2023-02-06 23:00:00,792.833333333334,92.4833333333333,261.3
2023-02-07 00:00:00,785.666666666667,84.1833333333334,261.433333333333
2023-02-07 01:00:00,791.333333333333,75.3666666666667,261.733333333333
2023-02-07 02:00:00,789.4,67.64,261.85
2023-02-07 03:00:00,790.5,64.2333333333333,261.5
2023-02-07 04:00:00,791.333333333333,60.0833333333333,261.533333333333
2023-02-07 05:00:00,789.666666666667,52.8166666666667,261.9
2023-02-07 06:00:00,790.666666666667,45.7333333333333,262.1
2023-02-07 07:00:00,789.833333333333,41.45,262.533333333333
2023-02-07 08:00:00,789.5,38.2666666666667,263.133333333333
2023-02-07 09:00:00,774.666666666667,36.05,264.583333333333
2023-02-07 10:00:00,745.666666666667,40.0333333333333,266.0
2023-02-07 11:00:00,728.833333333333,39.2166666666667,267.433333333333
2023-02-07 12:00:00,697.666666666667,36.5166666666667,268.033333333333
2023-02-07 13:00:00,645.5,37.3,268.533333333333
2023-02-07 14:00:00,703.0,38.16,267.95
2023-02-07 15:00:00,735.5,38.0833333333333,266.783333333333
2023-02-07 16:00:00,767.5,43.1833333333333,265.85
2023-02-07 17:00:00,773.333333333333,43.0166666666667,265.633333333333
2023-02-07 18:00:00,778.166666666667,44.7166666666667,264.783333333333
2023-02-07 19:00:00,779.0,50.4,263.7
2023-02-07 20:00:00,782.166666666667,58.5666666666667,263.416666666667
2023-02-07 21:00:00,782.833333333333,64.2666666666667,263.116666666667
2023-02-07 22:00:00,785.666666666667,65.65,262.8
2023-02-07 23:00:00,786.333333333333,63.9,262.366666666667
2023-02-08 00:00:00,786.0,60.2166666666667,262.25
2023-02-08 01:00:00,786.5,59.25,261.866666666667
2023-02-08 02:00:00,,,
2023-02-08 03:00:00,,,
2023-02-08 04:00:00,,,
2023-02-08 05:00:00,,,
2023-02-08 06:00:00,,,
2023-02-08 07:00:00,,,
2023-02-08 08:00:00,,,
2023-02-08 09:00:00,,,
2023-02-08 10:00:00,736.6,33.76,266.83
2023-02-08 11:00:00,,,
2023-02-08 12:00:00,,,
2023-02-08 13:00:00,,,
2023-02-08 14:00:00,632.4,28.36,269.09
2023-02-08 15:00:00,,,
2023-02-08 16:00:00,740.333333333333,35.8666666666667,266.0
2023-02-08 17:00:00,760.0,31.35,265.966666666667
2023-02-08 18:00:00,,,
2023-02-08 19:00:00,771.2,30.4,264.95
2023-02-08 20:00:00,769.4,31.02,265.01
2023-02-08 21:00:00,771.4,32.26,264.53
2023-02-08 22:00:00,775.0,28.1,264.533333333333
2023-02-08 23:00:00,769.8,18.44,265.07
2023-02-09 00:00:00,766.0,17.0333333333333,264.733333333333
2023-02-09 01:00:00,768.166666666667,14.2166666666667,264.75
2023-02-09 02:00:00,,,
2023-02-09 03:00:00,769.8,8.7,265.37
2023-02-09 04:00:00,,,
2023-02-09 05:00:00,766.6,7.62,265.65
2023-02-09 06:00:00,767.8,7.7,265.57
2023-02-09 07:00:00,,,
2023-02-09 08:00:00,,,
2023-02-09 09:00:00,750.4,13.06,265.83
2023-02-09 10:00:00,723.333333333333,14.5,267.75
2023-02-09 11:00:00,,,
2023-02-09 12:00:00,672.666666666667,20.0833333333333,268.783333333333
2023-02-09 13:00:00,,,
2023-02-09 14:00:00,704.4,20.74,268.47
2023-02-09 15:00:00,698.8,21.1,268.73
2023-02-09 16:00:00,739.8,25.06,267.01
2023-02-09 17:00:00,756.4,28.9,266.95
2023-02-09 18:00:00,762.833333333333,31.1666666666667,265.816666666667
2023-02-09 19:00:00,764.166666666667,33.6833333333333,264.716666666667
2023-02-09 20:00:00,765.833333333333,33.2,264.433333333333
2023-02-09 21:00:00,764.333333333333,34.55,264.1
2023-02-09 22:00:00,764.833333333333,35.6166666666667,264.116666666667
2023-02-09 23:00:00,767.5,34.3833333333333,264.0
2023-02-10 00:00:00,768.0,32.2333333333333,264.35
2023-02-10 01:00:00,766.166666666667,29.45,264.716666666667
2023-02-10 02:00:00,767.166666666667,28.7833333333333,264.55
2023-02-10 03:00:00,767.2,31.7,263.77
2023-02-10 04:00:00,764.5,35.5333333333333,263.05
2023-02-10 05:00:00,767.0,34.85,263.216666666667
2023-02-10 06:00:00,766.833333333333,32.6166666666667,263.616666666667
2023-02-10 07:00:00,767.166666666667,31.0666666666667,264.383333333333
2023-02-10 08:00:00,766.833333333333,31.1166666666667,264.033333333333
2023-02-10 09:00:00,753.0,28.0833333333333,265.583333333333
2023-02-10 10:00:00,718.166666666667,25.4,268.2
2023-02-10 11:00:00,702.0,26.35,268.916666666667
2023-02-10 12:00:00,696.166666666667,22.8833333333333,268.533333333333
2023-02-10 13:00:00,630.666666666667,20.9833333333333,270.316666666667
2023-02-10 14:00:00,691.333333333333,24.6666666666667,269.433333333333
2023-02-10 15:00:00,706.0,22.0166666666667,269.95
2023-02-10 16:00:00,736.833333333333,22.3833333333333,269.333333333333
2023-02-10 17:00:00,744.5,24.6833333333333,269.35
2023-02-10 18:00:00,750.833333333333,26.3333333333333,269.066666666667
2023-02-10 19:00:00,752.833333333334,26.2666666666667,268.55
2023-02-10 20:00:00,755.0,26.6,268.433333333333
2023-02-10 21:00:00,756.0,27.0333333333333,268.233333333333
2023-02-10 22:00:00,757.5,26.85,268.15
2023-02-10 23:00:00,753.833333333333,25.8833333333333,268.183333333333
2023-02-11 00:00:00,752.0,24.8,268.816666666667
2023-02-11 01:00:00,753.833333333333,23.8333333333333,268.983333333333
2023-02-11 02:00:00,,,
2023-02-11 03:00:00,753.4,22.78,269.19
2023-02-11 04:00:00,,,
2023-02-11 05:00:00,,,
2023-02-11 06:00:00,747.333333333333,22.35,269.566666666667
2023-02-11 07:00:00,745.4,22.06,269.69
2023-02-11 08:00:00,,,
2023-02-11 09:00:00,742.2,23.22,269.99
2023-02-11 10:00:00,,,
2023-02-11 11:00:00,,,
2023-02-11 12:00:00,,,
2023-02-11 13:00:00,,,
2023-02-11 14:00:00,,,
2023-02-11 15:00:00,710.8,37.98,273.77
2023-02-11 16:00:00,721.4,68.92,272.37
2023-02-11 17:00:00,727.2,66.96,272.47
2023-02-11 18:00:00,735.4,72.24,272.41
2023-02-11 19:00:00,738.666666666667,71.6166666666667,272.733333333333
2023-02-11 20:00:00,736.4,68.78,272.97
2023-02-11 21:00:00,736.2,68.4,272.17
2023-02-11 22:00:00,740.8,71.08,271.45
2023-02-11 23:00:00,744.0,72.9,271.1
2023-02-12 00:00:00,740.166666666667,70.7833333333333,271.383333333333
2023-02-12 01:00:00,739.833333333333,69.3833333333333,271.566666666667
2023-02-12 02:00:00,,,
2023-02-12 03:00:00,,,
2023-02-12 04:00:00,739.2,65.3,271.47
2023-02-12 05:00:00,740.8,63.18,271.41
2023-02-12 06:00:00,,,
2023-02-12 07:00:00,,,
2023-02-12 08:00:00,,,
2023-02-12 09:00:00,718.6,56.96,272.09
2023-02-12 10:00:00,,,
2023-02-12 11:00:00,622.333333333333,50.0,274.016666666667
2023-02-12 12:00:00,623.2,47.28,275.07
2023-02-12 13:00:00,626.8,49.7,274.71
2023-02-12 14:00:00,,,
2023-02-12 15:00:00,626.4,48.86,275.49
2023-02-12 16:00:00,707.4,51.1,274.57
2023-02-12 17:00:00,720.2,51.96,274.45
2023-02-12 18:00:00,724.0,54.8166666666667,274.05
2023-02-12 19:00:00,729.5,55.9666666666667,273.683333333333
2023-02-12 20:00:00,728.666666666667,55.7166666666667,273.6
2023-02-12 21:00:00,729.333333333333,55.1666666666667,273.55
2023-02-12 22:00:00,729.666666666667,55.0166666666667,273.366666666667
2023-02-12 23:00:00,732.0,52.6833333333333,273.516666666667
2023-02-13 00:00:00,732.166666666667,45.95,273.6
2023-02-13 01:00:00,729.0,45.6833333333333,273.45
2023-02-13 02:00:00,731.0,41.92,273.83
2023-02-13 03:00:00,,,
2023-02-13 04:00:00,723.6,35.24,274.43
2023-02-13 05:00:00,722.333333333333,33.9833333333333,274.45
2023-02-13 06:00:00,723.6,31.92,274.57
2023-02-13 07:00:00,727.6,32.0,274.23
2023-02-13 08:00:00,724.5,31.9166666666667,274.016666666667
2023-02-13 09:00:00,682.6,30.52,275.29
2023-02-13 10:00:00,616.5,29.6333333333333,277.216666666667
2023-02-13 11:00:00,609.166666666667,29.3833333333333,277.633333333333
2023-02-13 12:00:00,618.166666666667,31.7,276.666666666667
2023-02-13 13:00:00,617.833333333333,29.5833333333333,277.683333333333
2023-02-13 14:00:00,,,
2023-02-13 15:00:00,622.833333333333,32.3166666666667,277.383333333333
2023-02-13 16:00:00,692.166666666667,34.4166666666667,275.966666666667
2023-02-13 17:00:00,707.6,34.24,275.85
2023-02-13 18:00:00,713.0,37.4333333333333,275.516666666667
2023-02-13 19:00:00,719.166666666667,39.15,275.066666666667
2023-02-13 20:00:00,720.0,40.1333333333333,274.65
2023-02-13 21:00:00,721.833333333333,39.6,274.333333333333
2023-02-13 22:00:00,720.666666666667,37.4666666666667,274.266666666667
2023-02-13 23:00:00,721.5,33.2,274.433333333333
2023-02-14 00:00:00,719.833333333333,29.4166666666667,274.483333333333
2023-02-14 01:00:00,718.5,23.5666666666667,275.033333333333
2023-02-14 02:00:00,,,
2023-02-14 03:00:00,,,
2023-02-14 04:00:00,,,
2023-02-14 05:00:00,,,
2023-02-14 06:00:00,,,
2023-02-14 07:00:00,716.0,17.84,275.23
2023-02-14 08:00:00,,,
2023-02-14 09:00:00,,,
2023-02-14 10:00:00,,,
2023-02-14 11:00:00,,,
2023-02-14 12:00:00,,,
2023-02-14 13:00:00,,,
2023-02-14 14:00:00,621.0,16.9666666666667,279.85
2023-02-14 15:00:00,620.8,19.84,279.43
2023-02-14 16:00:00,663.2,19.68,278.37
2023-02-14 17:00:00,690.2,20.28,278.05
2023-02-14 18:00:00,,,
2023-02-14 19:00:00,705.8,24.76,277.45
2023-02-14 20:00:00,709.833333333333,23.8833333333333,276.816666666667
2023-02-14 21:00:00,,,
2023-02-14 22:00:00,709.5,19.85,276.333333333333
2023-02-14 23:00:00,,,
2023-02-15 00:00:00,703.5,16.6666666666667,276.6
2023-02-15 01:00:00,703.5,15.5,276.816666666667
2023-02-15 02:00:00,,,
2023-02-15 03:00:00,704.2,16.18,276.27
2023-02-15 04:00:00,,,
2023-02-15 05:00:00,,,
2023-02-15 06:00:00,708.6,13.98,276.51
2023-02-15 07:00:00,712.2,14.28,276.53
2023-02-15 08:00:00,709.833333333333,15.5666666666667,276.433333333333
2023-02-15 09:00:00,657.5,16.3166666666667,277.466666666667
2023-02-15 10:00:00,612.833333333333,17.3,278.766666666667
2023-02-15 11:00:00,608.0,17.48,279.29
2023-02-15 12:00:00,603.166666666667,17.5,279.866666666667
2023-02-15 13:00:00,,,
2023-02-15 14:00:00,608.666666666667,17.45,280.433333333333
2023-02-15 15:00:00,613.333333333333,17.85,279.966666666667
2023-02-15 16:00:00,625.0,18.82,278.83
2023-02-15 17:00:00,682.333333333333,19.7166666666667,278.633333333333
2023-02-15 18:00:00,692.0,22.3833333333333,278.316666666667
2023-02-15 19:00:00,698.166666666667,25.2666666666667,277.683333333333
2023-02-15 20:00:00,698.333333333333,25.75,277.183333333333
2023-02-15 21:00:00,702.166666666667,26.0333333333333,276.7
2023-02-15 22:00:00,702.0,25.8,276.133333333333
2023-02-15 23:00:00,702.666666666667,24.6833333333333,275.9
2023-02-16 00:00:00,706.0,25.5333333333333,275.466666666667
2023-02-16 01:00:00,708.666666666667,24.5,275.45
2023-02-16 02:00:00,706.166666666667,24.1666666666667,275.433333333333
2023-02-16 03:00:00,707.5,24.8,275.2
2023-02-16 04:00:00,706.666666666667,24.9166666666667,275.133333333333
2023-02-16 05:00:00,707.0,24.25,275.216666666667
2023-02-16 06:00:00,707.166666666667,23.9166666666667,275.216666666667
2023-02-16 07:00:00,707.5,24.5666666666667,274.966666666667
2023-02-16 08:00:00,710.0,27.5333333333333,273.766666666667
2023-02-16 09:00:00,685.333333333334,27.6833333333333,274.15
2023-02-16 10:00:00,637.833333333333,28.8,274.983333333333
2023-02-16 11:00:00,615.666666666667,28.6,275.583333333333
2023-02-16 12:00:00,607.0,27.4833333333333,276.616666666667
2023-02-16 13:00:00,601.5,27.1666666666667,277.233333333333
2023-02-16 14:00:00,607.0,27.05,277.416666666667
2023-02-16 15:00:00,604.666666666667,25.2,278.383333333333
2023-02-16 16:00:00,646.0,26.4666666666667,275.9
2023-02-16 17:00:00,693.666666666667,28.1833333333333,275.416666666667
2023-02-16 18:00:00,699.0,30.3666666666667,275.35
2023-02-16 19:00:00,701.333333333334,32.1666666666667,274.683333333333
2023-02-16 20:00:00,703.166666666667,34.8833333333333,273.683333333333
2023-02-16 21:00:00,707.333333333333,33.5,273.633333333333
2023-02-16 22:00:00,706.833333333333,33.2833333333333,273.65
2023-02-16 23:00:00,707.333333333333,33.7166666666667,273.366666666667
2023-02-17 00:00:00,710.0,37.0166666666667,273.066666666667
2023-02-17 01:00:00,709.5,37.7166666666667,273.166666666667
2023-02-17 02:00:00,705.833333333333,37.6166666666667,273.5
2023-02-17 03:00:00,707.0,40.6166666666667,273.616666666667
2023-02-17 04:00:00,707.5,42.5333333333333,273.616666666667
2023-02-17 05:00:00,706.833333333333,43.8333333333333,273.65
2023-02-17 06:00:00,706.5,46.9166666666667,273.55
2023-02-17 07:00:00,703.166666666667,46.6333333333333,273.85
2023-02-17 08:00:00,702.5,47.3833333333333,273.916666666667
2023-02-17 09:00:00,697.333333333333,48.7666666666667,274.35
2023-02-17 10:00:00,687.166666666667,52.1666666666667,274.683333333333
2023-02-17 11:00:00,,,
2023-02-17 12:00:00,,,
2023-02-17 13:00:00,,,
2023-02-17 14:00:00,,,
2023-02-17 15:00:00,,,
2023-02-17 16:00:00,,,
2023-02-17 17:00:00,,,
2023-02-17 18:00:00,593.2,65.16,276.23
2023-02-17 19:00:00,635.0,68.32,276.11
2023-02-17 20:00:00,656.0,69.8,275.97
2023-02-17 21:00:00,658.4,70.46,275.47
2023-02-17 22:00:00,658.5,70.6666666666667,275.316666666667
2023-02-17 23:00:00,659.6,69.02,275.43
2023-02-18 00:00:00,660.6,69.5,275.27
2023-02-18 01:00:00,662.833333333333,66.9166666666667,275.216666666667
2023-02-18 02:00:00,,,
2023-02-18 03:00:00,,,
2023-02-18 04:00:00,,,
2023-02-18 05:00:00,662.2,64.9,275.31
2023-02-18 06:00:00,,,
2023-02-18 07:00:00,,,
2023-02-18 08:00:00,,,
2023-02-18 09:00:00,606.4,44.36,277.19
2023-02-18 10:00:00,,,
2023-02-18 11:00:00,,,
2023-02-18 12:00:00,,,
2023-02-18 13:00:00,,,
2023-02-18 14:00:00,,,
2023-02-18 15:00:00,586.166666666667,30.3166666666667,279.45
2023-02-18 16:00:00,586.666666666667,30.4,279.1
2023-02-18 17:00:00,586.8,31.26,278.61
2023-02-18 18:00:00,592.833333333334,30.7666666666667,278.033333333333
2023-02-18 19:00:00,607.0,30.3166666666667,277.983333333333
2023-02-18 20:00:00,632.5,30.4833333333333,277.95
2023-02-18 21:00:00,638.5,30.7166666666667,277.9
2023-02-18 22:00:00,640.833333333333,30.3166666666667,277.833333333333
2023-02-18 23:00:00,641.0,27.4,277.783333333333
2023-02-19 00:00:00,645.833333333333,26.7833333333333,277.516666666667
2023-02-19 01:00:00,646.166666666667,29.1,276.933333333333
2023-02-19 02:00:00,,,
2023-02-19 03:00:00,649.2,28.64,276.77
2023-02-19 04:00:00,,,
2023-02-19 05:00:00,,,
2023-02-19 06:00:00,,,
2023-02-19 07:00:00,,,
2023-02-19 08:00:00,,,
2023-02-19 09:00:00,,,
2023-02-19 10:00:00,,,
2023-02-19 11:00:00,,,
2023-02-19 12:00:00,,,
2023-02-19 13:00:00,,,
2023-02-19 14:00:00,578.2,36.7,276.87
2023-02-19 15:00:00,,,
2023-02-19 16:00:00,,,
2023-02-19 17:00:00,,,
2023-02-19 18:00:00,,,
2023-02-19 19:00:00,651.8,43.26,274.37
2023-02-19 20:00:00,,,
2023-02-19 21:00:00,655.5,44.7666666666667,273.683333333333
2023-02-19 22:00:00,654.2,47.86,273.27
2023-02-19 23:00:00,658.6,49.46,272.97
2023-02-20 00:00:00,,,
2023-02-20 01:00:00,659.2,57.96,272.41
2023-02-20 02:00:00,,,
2023-02-20 03:00:00,666.4,85.7,269.73
2023-02-20 04:00:00,,,
2023-02-20 05:00:00,,,
2023-02-20 06:00:00,,,
2023-02-20 07:00:00,,,
2023-02-20 08:00:00,,,
2023-02-20 09:00:00,655.8,59.2,272.65
2023-02-20 10:00:00,,,
2023-02-20 11:00:00,562.0,47.74,275.89
2023-02-20 12:00:00,,,
2023-02-20 13:00:00,565.0,44.44,277.69
2023-02-20 14:00:00,,,
2023-02-20 15:00:00,,,
2023-02-20 16:00:00,,,
2023-02-20 17:00:00,588.2,41.5,277.35
2023-02-20 18:00:00,634.166666666667,40.7333333333333,276.883333333333
2023-02-20 19:00:00,,,
2023-02-20 20:00:00,644.2,41.44,276.49
2023-02-20 21:00:00,648.4,43.16,276.31
2023-02-20 22:00:00,647.666666666667,38.6666666666667,276.35
2023-02-20 23:00:00,649.2,37.1,275.93
2023-02-21 00:00:00,644.166666666667,33.6,275.85
2023-02-21 01:00:00,647.0,30.1333333333333,275.65
2023-02-21 02:00:00,,,
2023-02-21 03:00:00,,,
2023-02-21 04:00:00,644.4,24.48,276.17
2023-02-21 05:00:00,647.0,22.5166666666667,276.083333333333
2023-02-21 06:00:00,,,
2023-02-21 07:00:00,646.6,20.72,275.95
2023-02-21 08:00:00,646.8,20.9,275.81
2023-02-21 09:00:00,596.2,22.74,276.75
2023-02-21 10:00:00,555.6,24.66,278.01
2023-02-21 11:00:00,,,
2023-02-21 12:00:00,558.4,23.94,277.81
2023-02-21 13:00:00,556.833333333333,22.5833333333333,279.55
2023-02-21 14:00:00,549.4,19.88,280.61
2023-02-21 15:00:00,,,
2023-02-21 16:00:00,558.8,21.76,278.29
2023-02-21 17:00:00,626.8,22.78,277.25
2023-02-21 18:00:00,635.333333333333,24.7,276.783333333333
2023-02-21 19:00:00,641.5,27.1666666666667,276.516666666667
2023-02-21 20:00:00,643.5,28.3666666666667,276.333333333333
2023-02-21 21:00:00,648.166666666667,29.5,275.8
2023-02-21 22:00:00,646.666666666667,29.1166666666667,275.616666666667
2023-02-21 23:00:00,647.5,28.3,275.4
2023-02-22 00:00:00,646.166666666667,26.1666666666667,275.65
2023-02-22 01:00:00,646.0,25.2666666666667,275.466666666667
2023-02-22 02:00:00,643.6,22.0,275.77
2023-02-22 03:00:00,644.2,21.46,275.83
2023-02-22 04:00:00,644.666666666667,21.1166666666667,275.683333333333
2023-02-22 05:00:00,645.166666666667,21.45,275.65
2023-02-22 06:00:00,647.5,21.7333333333333,275.683333333333
2023-02-22 07:00:00,647.833333333334,22.6,275.55
2023-02-22 08:00:00,646.666666666667,22.9166666666667,275.65
2023-02-22 09:00:00,593.833333333333,22.5166666666667,276.766666666667
2023-02-22 10:00:00,560.833333333333,23.4166666666667,277.966666666667
2023-02-22 11:00:00,563.833333333333,25.75,278.266666666667
2023-02-22 12:00:00,560.666666666667,24.85,279.166666666667
2023-02-22 13:00:00,548.0,27.8,279.27
2023-02-22 14:00:00,554.666666666667,34.4,278.3
2023-02-22 15:00:00,554.666666666667,35.5166666666667,277.916666666667
2023-02-22 16:00:00,557.166666666667,36.9666666666667,276.983333333333
2023-02-22 17:00:00,592.833333333333,36.4,276.233333333333
2023-02-22 18:00:00,621.666666666667,37.0666666666667,276.2
2023-02-22 19:00:00,623.666666666667,38.5666666666667,276.283333333333
2023-02-22 20:00:00,622.5,39.55,275.95
2023-02-22 21:00:00,626.0,40.6833333333333,275.4
2023-02-22 22:00:00,630.333333333333,45.0333333333333,274.5
2023-02-22 23:00:00,631.5,48.9333333333333,273.85
2023-02-23 00:00:00,635.166666666667,52.6666666666667,273.05
2023-02-23 01:00:00,640.0,57.6333333333333,272.333333333333
2023-02-23 02:00:00,,,
2023-02-23 03:00:00,,,
2023-02-23 04:00:00,,,
2023-02-23 05:00:00,,,
2023-02-23 06:00:00,,,
2023-02-23 07:00:00,646.0,73.9,270.45
2023-02-23 08:00:00,,,
2023-02-23 09:00:00,,,
2023-02-23 10:00:00,,,
2023-02-23 11:00:00,560.0,64.24,273.11
2023-02-23 12:00:00,,,
2023-02-23 13:00:00,,,
2023-02-23 14:00:00,546.6,59.16,275.55
2023-02-23 15:00:00,,,
2023-02-23 16:00:00,,,
2023-02-23 17:00:00,,,
2023-02-23 18:00:00,,,
2023-02-23 19:00:00,,,
2023-02-23 20:00:00,,,
2023-02-23 21:00:00,635.4,75.74,271.91
2023-02-23 22:00:00,,,
2023-02-23 23:00:00,637.2,78.34,271.45
2023-02-24 00:00:00,638.8,75.94,271.09
2023-02-24 01:00:00,639.8,74.22,271.09
2023-02-24 02:00:00,,,
2023-02-24 03:00:00,645.0,71.94,270.95
2023-02-24 04:00:00,,,
2023-02-24 05:00:00,,,
2023-02-24 06:00:00,,,
2023-02-24 07:00:00,,,
2023-02-24 08:00:00,642.8,56.42,271.25
2023-02-24 09:00:00,,,
2023-02-24 10:00:00,,,
2023-02-24 11:00:00,603.0,52.82,273.81
2023-02-24 12:00:00,,,
2023-02-24 13:00:00,,,
2023-02-24 14:00:00,599.2,44.78,275.33
2023-02-24 15:00:00,,,
2023-02-24 16:00:00,608.666666666667,45.45,275.033333333333
2023-02-24 17:00:00,612.2,45.9,274.81
2023-02-24 18:00:00,617.0,50.05,274.1
2023-02-24 19:00:00,,,
2023-02-24 20:00:00,625.333333333333,51.1333333333333,273.283333333333
2023-02-24 21:00:00,630.4,63.56,271.95
2023-02-24 22:00:00,632.666666666667,50.9333333333333,273.1
2023-02-24 23:00:00,625.833333333333,59.2,272.466666666667
2023-02-25 00:00:00,628.0,65.9833333333333,272.05
2023-02-25 01:00:00,629.166666666667,80.75,271.1
2023-02-25 02:00:00,,,
2023-02-25 03:00:00,615.6,98.54,270.29
2023-02-25 04:00:00,605.2,99.1,270.43
2023-02-25 05:00:00,587.333333333333,99.3666666666667,270.35
2023-02-25 06:00:00,626.333333333334,99.0666666666667,269.7
2023-02-25 07:00:00,634.333333333333,98.4,269.366666666667
2023-02-25 08:00:00,643.333333333333,96.4333333333333,269.133333333333
2023-02-25 09:00:00,640.666666666667,97.0333333333333,269.133333333333
2023-02-25 10:00:00,548.333333333333,94.45,270.15
2023-02-25 11:00:00,491.5,89.4333333333333,271.083333333333
2023-02-25 12:00:00,462.833333333333,86.45,271.383333333333
2023-02-25 13:00:00,495.333333333333,82.4166666666667,271.633333333333
2023-02-25 14:00:00,495.5,77.4833333333333,271.916666666667
2023-02-25 15:00:00,492.5,75.3666666666667,271.766666666667
2023-02-25 16:00:00,598.0,80.2,270.73
2023-02-25 17:00:00,584.666666666667,76.65,270.4
2023-02-25 18:00:00,602.666666666667,77.0166666666667,269.783333333333
2023-02-25 19:00:00,611.0,79.05,268.8
2023-02-25 20:00:00,603.0,88.5,267.816666666667
2023-02-25 21:00:00,609.166666666667,95.9333333333333,266.733333333333
2023-02-25 22:00:00,633.666666666667,98.4166666666667,265.333333333333
2023-02-25 23:00:00,663.0,97.8666666666667,263.866666666667
2023-02-26 00:00:00,682.666666666667,86.95,263.383333333333
2023-02-26 01:00:00,675.666666666667,82.3333333333333,262.916666666667
2023-02-26 02:00:00,675.0,87.1833333333333,262.616666666667
2023-02-26 03:00:00,652.5,84.5333333333334,262.516666666667
2023-02-26 04:00:00,683.833333333334,84.1,262.083333333333
2023-02-26 05:00:00,675.5,92.9166666666667,261.783333333333
2023-02-26 06:00:00,676.0,91.7166666666667,261.416666666667
2023-02-26 07:00:00,688.666666666667,83.3666666666667,261.266666666667
2023-02-26 08:00:00,693.5,74.0,261.0
2023-02-26 09:00:00,679.666666666667,75.55,261.966666666667
2023-02-26 10:00:00,662.166666666667,75.0666666666667,262.233333333333
2023-02-26 11:00:00,680.5,58.6333333333333,261.366666666667
2023-02-26 12:00:00,671.5,61.0,261.933333333333
2023-02-26 13:00:00,664.166666666667,62.1666666666667,262.116666666667
2023-02-26 14:00:00,664.333333333333,61.4,262.3
2023-02-26 15:00:00,662.5,54.9,262.583333333333
2023-02-26 16:00:00,663.0,50.92,262.69
2023-02-26 17:00:00,678.833333333333,50.0166666666667,261.7
2023-02-26 18:00:00,685.833333333333,51.2333333333333,261.483333333333
2023-02-26 19:00:00,688.166666666667,57.1,261.35
2023-02-26 20:00:00,688.333333333333,70.2,260.533333333333
2023-02-26 21:00:00,689.0,74.4166666666667,260.183333333333
2023-02-26 22:00:00,690.0,72.4666666666667,260.2
2023-02-26 23:00:00,691.0,76.4833333333333,260.066666666667
2023-02-27 00:00:00,688.666666666667,79.0666666666667,259.8
2023-02-27 01:00:00,656.166666666667,78.8333333333333,259.8
2023-02-27 02:00:00,,,
2023-02-27 03:00:00,,,
2023-02-27 04:00:00,671.6,80.56,260.05
2023-02-27 05:00:00,679.0,86.32,260.13
2023-02-27 06:00:00,,,
2023-02-27 07:00:00,,,
2023-02-27 08:00:00,,,
2023-02-27 09:00:00,655.8,91.24,261.81
2023-02-27 10:00:00,645.4,92.56,262.01
2023-02-27 11:00:00,,,
2023-02-27 12:00:00,659.0,91.26,263.57
2023-02-27 13:00:00,,,
2023-02-27 14:00:00,652.0,90.46,265.19
2023-02-27 15:00:00,,,
2023-02-27 16:00:00,657.0,91.0,265.65
2023-02-27 17:00:00,668.4,90.42,265.09
2023-02-27 18:00:00,,,
2023-02-27 19:00:00,688.833333333333,98.0833333333333,263.016666666667
2023-02-27 20:00:00,692.6,96.78,262.61
2023-02-27 21:00:00,698.833333333333,95.7666666666667,261.983333333333
2023-02-27 22:00:00,699.666666666667,94.8333333333333,261.916666666667
2023-02-27 23:00:00,703.5,94.45,261.816666666667
2023-02-28 00:00:00,706.166666666667,89.8333333333333,263.35
2023-02-28 01:00:00,693.666666666667,73.75,264.55
2023-02-28 02:00:00,,,
2023-02-28 03:00:00,685.4,69.96,264.63
2023-02-28 04:00:00,,,
2023-02-28 05:00:00,683.6,67.72,264.47
2023-02-28 06:00:00,684.8,68.02,264.45
2023-02-28 07:00:00,,,
2023-02-28 08:00:00,,,
2023-02-28 09:00:00,654.2,56.5,267.05
2023-02-28 10:00:00,,,
2023-02-28 11:00:00,565.8,50.4,269.79
2023-02-28 12:00:00,,,
2023-02-28 13:00:00,568.6,50.02,270.71
2023-02-28 14:00:00,,,
2023-02-28 15:00:00,572.8,51.18,271.17
2023-02-28 16:00:00,577.0,49.86,271.37
2023-02-28 17:00:00,626.333333333333,52.15,270.483333333333
2023-02-28 18:00:00,667.166666666667,56.4166666666667,269.633333333333
2023-02-28 19:00:00,680.333333333333,62.9666666666667,268.083333333333
2023-02-28 20:00:00,679.833333333333,66.6333333333333,267.4
2023-02-28 21:00:00,683.666666666667,67.8,267.333333333333
2023-02-28 22:00:00,681.833333333333,65.75,267.083333333333
2023-02-28 23:00:00,684.666666666667,61.9,267.133333333333
2023-03-01 00:00:00,683.833333333333,60.15,267.366666666667
2023-03-01 01:00:00,682.0,56.75,267.616666666667
2023-03-01 02:00:00,,,
2023-03-01 03:00:00,680.6,52.3,267.75
2023-03-01 04:00:00,682.166666666667,49.3,268.133333333333
2023-03-01 05:00:00,680.666666666667,48.0333333333333,268.183333333333
2023-03-01 06:00:00,680.666666666667,47.4666666666667,268.166666666667
2023-03-01 07:00:00,679.833333333333,46.3833333333333,268.333333333333
2023-03-01 08:00:00,676.666666666667,45.1,268.75
2023-03-01 09:00:00,619.833333333333,41.6,270.666666666667
2023-03-01 10:00:00,575.5,41.6666666666667,271.866666666667
2023-03-01 11:00:00,573.333333333333,40.9833333333333,272.916666666667
2023-03-01 12:00:00,572.8,42.16,273.27
2023-03-01 13:00:00,578.0,46.3166666666667,273.566666666667
2023-03-01 14:00:00,611.2,55.36,273.51
2023-03-01 15:00:00,643.666666666667,57.2166666666667,273.6
2023-03-01 16:00:00,646.666666666667,57.15,273.633333333333
2023-03-01 17:00:00,651.166666666667,56.3833333333333,273.483333333333
2023-03-01 18:00:00,658.333333333333,57.1166666666667,273.033333333333
2023-03-01 19:00:00,664.0,61.1,272.8
2023-03-01 20:00:00,668.166666666667,62.1,272.033333333333
2023-03-01 21:00:00,667.333333333333,60.55,272.333333333333
2023-03-01 22:00:00,666.0,61.8833333333333,272.35
2023-03-01 23:00:00,667.0,64.4166666666667,272.033333333333
2023-03-02 00:00:00,668.0,67.8,271.566666666667
2023-03-02 01:00:00,671.333333333333,68.8166666666667,270.95
2023-03-02 02:00:00,,,
2023-03-02 03:00:00,,,
2023-03-02 04:00:00,674.2,70.54,270.33
2023-03-02 05:00:00,,,
2023-03-02 06:00:00,,,
2023-03-02 07:00:00,,,
2023-03-02 08:00:00,,,
2023-03-02 09:00:00,663.8,62.4,270.65
2023-03-02 10:00:00,,,
2023-03-02 11:00:00,587.2,55.6,272.31
2023-03-02 12:00:00,593.2,52.3,272.83
2023-03-02 13:00:00,615.4,50.78,273.05
2023-03-02 14:00:00,,,
2023-03-02 15:00:00,,,
2023-03-02 16:00:00,,,
2023-03-02 17:00:00,586.8,54.86,272.31
2023-03-02 18:00:00,,,
2023-03-02 19:00:00,618.166666666667,56.5333333333333,271.416666666667
2023-03-02 20:00:00,,,
2023-03-02 21:00:00,623.166666666667,57.8666666666667,270.45
2023-03-02 22:00:00,627.2,59.5,270.09
2023-03-02 23:00:00,629.4,58.3,269.71
2023-03-03 00:00:00,631.333333333333,59.9333333333333,269.216666666667
2023-03-03 01:00:00,633.333333333333,60.65,268.85
2023-03-03 02:00:00,632.6,59.22,268.83
2023-03-03 03:00:00,,,
2023-03-03 04:00:00,,,
2023-03-03 05:00:00,632.6,59.62,268.25
2023-03-03 06:00:00,,,
2023-03-03 07:00:00,,,
2023-03-03 08:00:00,,,
2023-03-03 09:00:00,575.6,53.84,269.79
2023-03-03 10:00:00,,,
2023-03-03 11:00:00,487.0,47.3666666666667,272.066666666667
2023-03-03 12:00:00,,,
2023-03-03 13:00:00,489.333333333333,52.0666666666667,272.783333333333
2023-03-03 14:00:00,486.0,53.88,273.15
2023-03-03 15:00:00,499.8,59.56,272.83
2023-03-03 16:00:00,519.166666666667,60.6833333333333,272.783333333333
2023-03-03 17:00:00,561.6,65.58,271.73
2023-03-03 18:00:00,605.4,76.48,270.49
2023-03-03 19:00:00,611.5,81.1333333333333,269.583333333333
2023-03-03 20:00:00,616.0,96.0666666666667,268.983333333333
2023-03-03 21:00:00,610.5,99.1666666666667,268.85
2023-03-03 22:00:00,596.833333333333,99.3166666666667,268.633333333333
2023-03-03 23:00:00,586.0,97.6333333333334,268.266666666667
2023-03-04 00:00:00,579.5,91.7666666666667,268.35
2023-03-04 01:00:00,607.5,78.0166666666667,268.05
2023-03-04 02:00:00,609.6,79.72,267.93
2023-03-04 03:00:00,604.2,85.56,267.71
2023-03-04 04:00:00,616.666666666667,80.15,267.0
2023-03-04 05:00:00,623.666666666667,83.4333333333333,266.5
2023-03-04 06:00:00,627.333333333333,84.6333333333334,266.3
2023-03-04 07:00:00,624.166666666667,85.9666666666667,266.066666666667
2023-03-04 08:00:00,620.666666666667,85.6833333333333,266.366666666667
2023-03-04 09:00:00,592.0,72.0833333333333,268.183333333333
2023-03-04 10:00:00,503.166666666667,59.2833333333333,270.233333333333
2023-03-04 11:00:00,492.0,50.84,271.17
2023-03-04 12:00:00,482.833333333333,49.0333333333333,271.983333333333
2023-03-04 13:00:00,493.0,44.7333333333333,272.833333333333
2023-03-04 14:00:00,496.666666666667,42.8,273.616666666667
2023-03-04 15:00:00,499.0,41.9166666666667,273.566666666667
2023-03-04 16:00:00,524.833333333333,30.3666666666667,274.116666666667
2023-03-04 17:00:00,569.5,30.1166666666667,273.2
2023-03-04 18:00:00,604.666666666667,38.95,271.416666666667
2023-03-04 19:00:00,609.833333333333,46.1833333333333,270.45
2023-03-04 20:00:00,608.5,56.3,269.716666666667
2023-03-04 21:00:00,609.666666666667,59.0166666666667,269.266666666667
2023-03-04 22:00:00,608.833333333333,63.8833333333333,268.566666666667
2023-03-04 23:00:00,612.5,68.8666666666667,267.733333333333
2023-03-05 00:00:00,614.166666666667,72.2833333333333,267.116666666667
2023-03-05 01:00:00,619.833333333333,72.7,266.75
2023-03-05 02:00:00,,,
2023-03-05 03:00:00,,,
2023-03-05 04:00:00,,,
2023-03-05 05:00:00,,,
2023-03-05 06:00:00,,,
2023-03-05 07:00:00,,,
2023-03-05 08:00:00,,,
2023-03-05 09:00:00,,,
2023-03-05 10:00:00,,,
2023-03-05 11:00:00,,,
2023-03-05 12:00:00,,,
2023-03-05 13:00:00,,,
2023-03-05 14:00:00,,,
2023-03-05 15:00:00,,,
2023-03-05 16:00:00,,,
2023-03-05 17:00:00,,,
2023-03-05 18:00:00,,,
2023-03-05 19:00:00,612.8,26.1,270.61
2023-03-05 20:00:00,618.2,32.7,269.49
2023-03-05 21:00:00,616.4,37.16,268.63
2023-03-05 22:00:00,620.2,44.92,267.77
2023-03-05 23:00:00,,,
2023-03-06 00:00:00,627.833333333333,31.85,267.6
2023-03-06 01:00:00,,,
2023-03-06 02:00:00,626.6,24.42,267.65
2023-03-06 03:00:00,,,
2023-03-06 04:00:00,620.4,29.3,267.19
2023-03-06 05:00:00,620.4,31.74,267.47
2023-03-06 06:00:00,,,
2023-03-06 07:00:00,620.8,33.14,267.79
2023-03-06 08:00:00,,,
2023-03-06 09:00:00,,,
2023-03-06 10:00:00,,,
2023-03-06 11:00:00,595.2,48.46,270.53
2023-03-06 12:00:00,557.8,45.4,271.65
2023-03-06 13:00:00,533.2,32.4,271.85
2023-03-06 14:00:00,,,
2023-03-06 15:00:00,539.0,37.14,272.53
2023-03-06 16:00:00,591.2,39.9,271.95
2023-03-06 17:00:00,595.166666666667,39.6166666666667,271.816666666667
2023-03-06 18:00:00,605.8,39.84,270.47
2023-03-06 19:00:00,607.6,48.6,269.09
2023-03-06 20:00:00,616.833333333333,68.2,267.516666666667
2023-03-06 21:00:00,617.0,79.1666666666667,266.816666666667
2023-03-06 22:00:00,618.166666666667,93.1333333333333,266.083333333333
2023-03-06 23:00:00,621.666666666667,96.6333333333333,265.833333333333
2023-03-07 00:00:00,619.833333333333,94.8,265.866666666667
2023-03-07 01:00:00,619.5,94.3333333333333,265.65
2023-03-07 02:00:00,,,
2023-03-07 03:00:00,627.4,67.48,266.15
2023-03-07 04:00:00,,,
2023-03-07 05:00:00,,,
2023-03-07 06:00:00,620.6,53.18,267.01
2023-03-07 07:00:00,621.6,49.46,267.31
2023-03-07 08:00:00,618.166666666667,47.6333333333333,267.983333333333
2023-03-07 09:00:00,,,
2023-03-07 10:00:00,586.333333333333,51.0,270.2
2023-03-07 11:00:00,549.5,49.4,271.4
2023-03-07 12:00:00,526.166666666667,48.5666666666667,271.816666666667
2023-03-07 13:00:00,524.2,46.48,272.53
2023-03-07 14:00:00,528.333333333333,45.7666666666667,272.883333333333
2023-03-07 15:00:00,526.333333333333,46.6333333333333,272.95
2023-03-07 16:00:00,559.4,49.46,272.45
2023-03-07 17:00:00,590.666666666667,60.1,270.783333333333
2023-03-07 18:00:00,596.0,64.7333333333333,270.0
2023-03-07 19:00:00,597.5,67.7333333333334,269.666666666667
2023-03-07 20:00:00,601.666666666667,67.2,269.45
2023-03-07 21:00:00,600.333333333333,68.2,269.433333333333
2023-03-07 22:00:00,597.5,69.2666666666667,269.35
2023-03-07 23:00:00,600.0,66.1666666666667,269.566666666667
2023-03-08 00:00:00,596.0,66.6166666666667,269.633333333333
2023-03-08 01:00:00,598.666666666667,68.9166666666667,269.233333333333
2023-03-08 02:00:00,,,
2023-03-08 03:00:00,,,
2023-03-08 04:00:00,,,
2023-03-08 05:00:00,,,
2023-03-08 06:00:00,,,
2023-03-08 07:00:00,,,
2023-03-08 08:00:00,,,
2023-03-08 09:00:00,,,
2023-03-08 10:00:00,571.8,54.14,271.79
2023-03-08 11:00:00,,,
2023-03-08 12:00:00,,,
2023-03-08 13:00:00,,,
2023-03-08 14:00:00,,,
2023-03-08 15:00:00,505.8,58.36,274.87
2023-03-08 16:00:00,,,
2023-03-08 17:00:00,,,
2023-03-08 18:00:00,,,
2023-03-08 19:00:00,,,
2023-03-08 20:00:00,,,
2023-03-08 21:00:00,580.5,71.8166666666667,272.966666666667
2023-03-08 22:00:00,581.4,71.14,273.31
2023-03-08 23:00:00,,,
2023-03-09 00:00:00,,,
2023-03-09 01:00:00,,,
2023-03-09 02:00:00,,,
2023-03-09 03:00:00,,,
2023-03-09 04:00:00,573.0,88.38,272.07
2023-03-09 05:00:00,,,
2023-03-09 06:00:00,,,
2023-03-09 07:00:00,,,
2023-03-09 08:00:00,568.833333333333,43.0,275.8
2023-03-09 09:00:00,,,
2023-03-09 10:00:00,539.8,97.68,272.65
2023-03-09 11:00:00,,,
2023-03-09 12:00:00,491.2,95.9,273.91
2023-03-09 13:00:00,497.0,76.0,275.49
2023-03-09 14:00:00,,,
2023-03-09 15:00:00,509.2,40.84,276.57
2023-03-09 16:00:00,,,
2023-03-09 17:00:00,503.8,39.02,276.23
2023-03-09 18:00:00,,,
2023-03-09 19:00:00,574.6,37.66,274.77
2023-03-09 20:00:00,,,
2023-03-09 21:00:00,581.0,40.2833333333333,273.583333333333
2023-03-09 22:00:00,583.6,40.8,273.33
2023-03-09 23:00:00,,,
2023-03-10 00:00:00,583.833333333333,43.2666666666667,273.566666666667
2023-03-10 01:00:00,585.8,48.18,273.23
2023-03-10 02:00:00,,,
2023-03-10 03:00:00,,,
2023-03-10 04:00:00,,,
2023-03-10 05:00:00,,,
2023-03-10 06:00:00,,,
2023-03-10 07:00:00,,,
2023-03-10 08:00:00,584.6,73.86,272.17
2023-03-10 09:00:00,,,
2023-03-10 10:00:00,,,
2023-03-10 11:00:00,510.6,61.94,274.77
2023-03-10 12:00:00,,,
2023-03-10 13:00:00,490.0,57.98,274.55
2023-03-10 14:00:00,,,
2023-03-10 15:00:00,485.6,52.28,275.25
2023-03-10 16:00:00,514.0,74.2,273.1
2023-03-10 17:00:00,545.333333333333,96.4166666666667,271.466666666667
2023-03-10 18:00:00,536.5,97.8666666666667,271.266666666667
2023-03-10 19:00:00,530.166666666667,89.7,271.0
2023-03-10 20:00:00,551.333333333333,95.4166666666667,270.166666666667
2023-03-10 21:00:00,562.5,74.8833333333333,270.016666666667
2023-03-10 22:00:00,554.0,58.3666666666667,270.85
2023-03-10 23:00:00,546.5,60.1,270.9
2023-03-11 00:00:00,567.666666666667,64.7166666666667,270.533333333333
2023-03-11 01:00:00,547.333333333333,74.9333333333333,269.566666666667
2023-03-11 02:00:00,,,
2023-03-11 03:00:00,,,
2023-03-11 04:00:00,572.5,79.7,268.616666666667
2023-03-11 05:00:00,573.6,78.96,268.37
2023-03-11 06:00:00,549.0,79.96,268.03
2023-03-11 07:00:00,518.2,71.98,268.29
2023-03-11 08:00:00,545.0,68.1333333333333,268.766666666667
2023-03-11 09:00:00,555.333333333333,65.6,269.1
2023-03-11 10:00:00,539.833333333333,62.6833333333333,269.966666666667
2023-03-11 11:00:00,502.666666666667,65.0833333333333,270.183333333333
2023-03-11 12:00:00,475.666666666667,62.3833333333333,271.283333333333
2023-03-11 13:00:00,,,
2023-03-11 14:00:00,500.333333333333,54.7166666666667,272.733333333333
2023-03-11 15:00:00,503.666666666667,50.8333333333334,273.1
2023-03-11 16:00:00,541.666666666667,52.25,272.566666666667
2023-03-11 17:00:00,563.0,62.05,271.533333333333
2023-03-11 18:00:00,567.166666666667,61.25,271.416666666667
2023-03-11 19:00:00,565.333333333333,70.7166666666667,271.283333333333
2023-03-11 20:00:00,575.5,92.2833333333334,269.783333333333
2023-03-11 21:00:00,570.833333333333,98.4666666666667,269.55
2023-03-11 22:00:00,556.666666666667,98.7333333333333,269.45
2023-03-11 23:00:00,559.333333333333,98.6,269.366666666667
2023-03-12 00:00:00,601.833333333333,95.6166666666667,269.166666666667
2023-03-12 01:00:00,554.166666666667,97.4333333333333,268.666666666667
2023-03-12 02:00:00,,,
2023-03-12 03:00:00,,,
2023-03-12 04:00:00,,,
2023-03-12 05:00:00,580.4,98.22,268.99
2023-03-12 06:00:00,,,
2023-03-12 07:00:00,,,
2023-03-12 08:00:00,631.4,85.18,270.03
2023-03-12 09:00:00,,,
2023-03-12 10:00:00,621.166666666667,76.4833333333333,271.85
2023-03-12 11:00:00,576.4,79.46,272.19
2023-03-12 12:00:00,,,
2023-03-12 13:00:00,522.4,73.94,272.93
2023-03-12 14:00:00,,,
2023-03-12 15:00:00,523.8,73.7,273.63
2023-03-12 16:00:00,506.6,85.96,272.97
2023-03-12 17:00:00,531.333333333334,71.25,273.45
2023-03-12 18:00:00,576.666666666667,56.3333333333333,273.283333333333
2023-03-12 19:00:00,592.833333333333,49.2333333333333,273.233333333333
2023-03-12 20:00:00,595.6,48.14,273.21
2023-03-12 21:00:00,599.166666666667,43.75,273.05
2023-03-12 22:00:00,600.333333333333,34.1833333333333,273.516666666667
2023-03-12 23:00:00,602.5,25.0833333333333,274.116666666667
2023-03-13 00:00:00,599.0,18.7666666666667,274.75
2023-03-13 01:00:00,597.333333333333,17.7,274.966666666667
2023-03-13 02:00:00,593.8,15.14,275.41
2023-03-13 03:00:00,590.0,13.15,275.65
2023-03-13 04:00:00,584.8,14.68,275.43
2023-03-13 05:00:00,578.333333333333,19.35,275.883333333333
2023-03-13 06:00:00,579.666666666667,24.75,277.4
2023-03-13 07:00:00,577.0,29.56,278.15
2023-03-13 08:00:00,554.833333333333,37.5333333333333,278.366666666667
2023-03-13 09:00:00,526.6,45.98,278.53
2023-03-13 10:00:00,531.0,48.98,278.77
2023-03-13 11:00:00,518.5,50.05,279.016666666667
2023-03-13 12:00:00,519.8,50.06,279.55
2023-03-13 13:00:00,516.333333333333,46.1333333333333,280.9
2023-03-13 14:00:00,510.0,43.6166666666667,281.933333333333
2023-03-13 15:00:00,506.2,41.22,282.01
2023-03-13 16:00:00,496.666666666667,41.35,281.516666666667
2023-03-13 17:00:00,497.333333333333,46.2166666666667,279.366666666667
2023-03-13 18:00:00,515.166666666667,55.7333333333333,276.85
2023-03-13 19:00:00,576.0,58.7333333333333,275.933333333333
2023-03-13 20:00:00,582.0,64.35,274.85
2023-03-13 21:00:00,587.333333333333,74.2333333333333,273.7
2023-03-13 22:00:00,588.333333333333,80.35,273.283333333333
2023-03-13 23:00:00,587.166666666667,77.9333333333333,273.4
2023-03-14 00:00:00,579.666666666667,77.0333333333333,273.766666666667
2023-03-14 01:00:00,576.833333333333,77.85,274.15
2023-03-14 02:00:00,571.4,79.0,274.05
2023-03-14 03:00:00,569.666666666667,81.9833333333333,274.033333333333
2023-03-14 04:00:00,535.0,95.05,273.466666666667
2023-03-14 05:00:00,539.5,99.3833333333333,272.85
2023-03-14 06:00:00,573.666666666667,99.7,272.5
2023-03-14 07:00:00,633.0,99.8666666666667,272.3
2023-03-14 08:00:00,639.2,100.08,272.29
2023-03-14 09:00:00,711.666666666667,100.45,272.733333333333
2023-03-14 10:00:00,766.833333333333,99.9166666666667,272.983333333333
2023-03-14 11:00:00,779.333333333333,99.7,273.2
2023-03-14 12:00:00,692.166666666667,98.1666666666667,274.166666666667
2023-03-14 13:00:00,667.5,79.8833333333333,276.7
2023-03-14 14:00:00,628.833333333333,78.1333333333333,277.183333333333
2023-03-14 15:00:00,611.833333333333,91.4333333333333,275.416666666667
2023-03-14 16:00:00,623.666666666667,98.9333333333333,272.6
2023-03-14 17:00:00,651.0,96.3,271.6
2023-03-14 18:00:00,657.666666666667,86.5166666666667,270.75
2023-03-14 19:00:00,686.5,67.5333333333334,270.266666666667
2023-03-14 20:00:00,674.166666666667,57.6,270.083333333333
2023-03-14 21:00:00,666.0,61.9166666666667,269.633333333333
2023-03-14 22:00:00,673.5,63.8166666666667,269.633333333333
2023-03-14 23:00:00,675.333333333333,77.4833333333333,268.9
2023-03-15 00:00:00,661.2,77.46,268.17
2023-03-15 01:00:00,708.5,59.4333333333333,267.966666666667
2023-03-15 02:00:00,,,
2023-03-15 03:00:00,,,
2023-03-15 04:00:00,702.6,70.86,266.93
2023-03-15 05:00:00,695.166666666667,91.9666666666667,266.016666666667
2023-03-15 06:00:00,,,
2023-03-15 07:00:00,,,
2023-03-15 08:00:00,,,
2023-03-15 09:00:00,,,
2023-03-15 10:00:00,,,
2023-03-15 11:00:00,700.4,45.92,265.53
2023-03-15 12:00:00,692.2,40.98,266.21
2023-03-15 13:00:00,,,
2023-03-15 14:00:00,,,
2023-03-15 15:00:00,682.6,32.06,267.73
2023-03-15 16:00:00,695.6,35.86,267.77
2023-03-15 17:00:00,,,
2023-03-15 18:00:00,,,
2023-03-15 19:00:00,,,
2023-03-15 20:00:00,,,
2023-03-15 21:00:00,733.6,54.7,265.21
2023-03-15 22:00:00,732.6,55.64,264.97
2023-03-15 23:00:00,,,
2023-03-16 00:00:00,734.4,56.56,264.51
2023-03-16 01:00:00,737.5,57.1333333333333,264.316666666667
2023-03-16 02:00:00,736.0,57.8666666666667,263.883333333333
2023-03-16 03:00:00,,,
2023-03-16 04:00:00,,,
2023-03-16 05:00:00,,,
2023-03-16 06:00:00,,,
2023-03-16 07:00:00,,,
2023-03-16 08:00:00,,,
2023-03-16 09:00:00,670.5,38.6833333333333,268.916666666667
2023-03-16 10:00:00,,,
2023-03-16 11:00:00,,,
2023-03-16 12:00:00,604.4,26.66,273.29
2023-03-16 13:00:00,,,
2023-03-16 14:00:00,605.0,23.08,275.51
2023-03-16 15:00:00,597.8,21.86,276.85
2023-03-16 16:00:00,602.5,24.7,276.5
2023-03-16 17:00:00,609.0,31.0,276.316666666667
2023-03-16 18:00:00,650.6,34.68,274.93
2023-03-16 19:00:00,690.833333333333,35.55,274.183333333333
2023-03-16 20:00:00,697.833333333333,35.8333333333333,273.933333333333
2023-03-16 21:00:00,698.0,38.7333333333333,273.533333333333
2023-03-16 22:00:00,695.833333333333,41.6666666666667,273.7
2023-03-16 23:00:00,692.833333333333,44.15,273.9
2023-03-17 00:00:00,694.166666666667,44.2666666666667,274.2
2023-03-17 01:00:00,696.166666666667,44.9166666666667,274.483333333333
2023-03-17 02:00:00,694.666666666667,44.2166666666667,275.0
2023-03-17 03:00:00,,,
2023-03-17 04:00:00,,,
2023-03-17 05:00:00,680.0,28.4666666666667,276.383333333333
2023-03-17 06:00:00,682.0,23.1666666666667,276.933333333333
2023-03-17 07:00:00,680.5,21.2666666666667,277.133333333333
2023-03-17 08:00:00,642.166666666667,19.75,278.05
2023-03-17 09:00:00,602.666666666667,18.3666666666667,280.35
2023-03-17 10:00:00,593.5,20.2833333333333,281.766666666667
2023-03-17 11:00:00,594.6,20.46,282.43
2023-03-17 12:00:00,579.666666666667,19.0166666666667,284.216666666667
2023-03-17 13:00:00,572.666666666667,19.0,284.383333333333
2023-03-17 14:00:00,565.833333333333,21.1333333333333,285.35
2023-03-17 15:00:00,549.666666666667,23.1833333333333,285.1
2023-03-17 16:00:00,544.0,25.0666666666667,284.366666666667
2023-03-17 17:00:00,541.5,27.4,282.683333333333
2023-03-17 18:00:00,549.333333333333,28.0166666666667,280.7
2023-03-17 19:00:00,568.333333333333,31.0833333333333,279.616666666667
2023-03-17 20:00:00,614.0,34.6666666666667,278.766666666667
2023-03-17 21:00:00,619.5,35.9166666666667,278.283333333333
2023-03-17 22:00:00,616.0,35.8333333333333,278.1
2023-03-17 23:00:00,623.333333333333,36.2666666666667,277.5
2023-03-18 00:00:00,625.166666666667,33.7666666666667,277.466666666667
2023-03-18 01:00:00,621.333333333333,34.5,277.333333333333
2023-03-18 02:00:00,,,
2023-03-18 03:00:00,629.6,43.44,275.83
2023-03-18 04:00:00,,,
2023-03-18 05:00:00,631.4,51.92,274.61
2023-03-18 06:00:00,633.4,53.2,274.47
2023-03-18 07:00:00,,,
2023-03-18 08:00:00,,,
2023-03-18 09:00:00,,,
2023-03-18 10:00:00,556.0,47.0,277.83
2023-03-18 11:00:00,556.4,45.26,278.65
2023-03-18 12:00:00,,,
2023-03-18 13:00:00,545.4,38.4,280.13
2023-03-18 14:00:00,,,
2023-03-18 15:00:00,,,
2023-03-18 16:00:00,532.166666666667,34.7166666666667,282.916666666667
2023-03-18 17:00:00,533.0,40.9166666666667,280.35
2023-03-18 18:00:00,,,
2023-03-18 19:00:00,,,
2023-03-18 20:00:00,,,
2023-03-18 21:00:00,621.5,52.8833333333333,276.266666666667
2023-03-18 22:00:00,,,
2023-03-18 23:00:00,623.6,54.8,275.61
2023-03-19 00:00:00,622.0,54.1,275.39
2023-03-19 01:00:00,619.4,52.36,275.83
2023-03-19 02:00:00,,,
2023-03-19 03:00:00,623.0,60.12,274.53
2023-03-19 04:00:00,,,
2023-03-19 05:00:00,616.8,58.4,274.63
2023-03-19 06:00:00,,,
2023-03-19 07:00:00,,,
2023-03-19 08:00:00,602.833333333333,62.2333333333333,274.366666666667
2023-03-19 09:00:00,,,
2023-03-19 10:00:00,,,
2023-03-19 11:00:00,535.2,58.56,276.29
2023-03-19 12:00:00,539.0,54.42,276.83
2023-03-19 13:00:00,,,
2023-03-19 14:00:00,533.333333333333,53.5333333333333,277.033333333333
2023-03-19 15:00:00,,,
2023-03-19 16:00:00,542.2,54.88,276.79
2023-03-19 17:00:00,549.8,58.26,276.35
2023-03-19 18:00:00,596.8,74.22,275.09
2023-03-19 19:00:00,,,
2023-03-19 20:00:00,610.6,98.32,273.39
2023-03-19 21:00:00,606.166666666667,98.7,273.033333333333
2023-03-19 22:00:00,604.833333333333,97.4333333333333,272.55
2023-03-19 23:00:00,604.833333333333,99.7,272.4
2023-03-20 00:00:00,602.666666666667,100.233333333333,272.35
2023-03-20 01:00:00,592.666666666667,100.766666666667,272.25
2023-03-20 02:00:00,,,
2023-03-20 03:00:00,,,
2023-03-20 04:00:00,,,
2023-03-20 05:00:00,,,
2023-03-20 06:00:00,,,
2023-03-20 07:00:00,,,
2023-03-20 08:00:00,,,
2023-03-20 09:00:00,643.8,99.92,271.65
2023-03-20 10:00:00,617.4,99.86,272.33
2023-03-20 11:00:00,589.2,99.28,272.73
2023-03-20 12:00:00,559.833333333333,86.7833333333333,273.75
2023-03-20 13:00:00,,,
2023-03-20 14:00:00,526.833333333333,74.8166666666667,276.233333333333
2023-03-20 15:00:00,529.2,69.54,276.11
2023-03-20 16:00:00,531.166666666667,58.6,276.7
2023-03-20 17:00:00,530.5,58.45,276.433333333333
2023-03-20 18:00:00,579.333333333333,63.5333333333333,274.633333333333
2023-03-20 19:00:00,611.166666666667,68.85,273.683333333333
2023-03-20 20:00:00,616.166666666667,74.9166666666667,272.833333333333
2023-03-20 21:00:00,622.166666666667,81.35,272.383333333333
2023-03-20 22:00:00,620.666666666667,94.0333333333333,271.933333333333
2023-03-20 23:00:00,621.5,94.9333333333333,271.983333333333
2023-03-21 00:00:00,625.0,91.1,272.016666666667
2023-03-21 01:00:00,623.5,88.9166666666667,272.216666666667
2023-03-21 02:00:00,621.8,83.26,272.47
2023-03-21 03:00:00,622.5,77.9166666666667,272.583333333333
2023-03-21 04:00:00,622.166666666667,64.1166666666667,273.066666666667
2023-03-21 05:00:00,619.0,61.3333333333333,273.266666666667
2023-03-21 06:00:00,616.166666666667,56.3666666666667,273.616666666667
2023-03-21 07:00:00,616.166666666667,52.1666666666667,273.783333333333
2023-03-21 08:00:00,604.166666666667,50.3333333333333,274.316666666667
2023-03-21 09:00:00,566.5,45.9333333333333,275.5
2023-03-21 10:00:00,528.333333333333,42.4166666666667,276.733333333333
2023-03-21 11:00:00,526.333333333333,43.15,277.6
2023-03-21 12:00:00,517.5,42.8333333333333,278.333333333333
2023-03-21 13:00:00,517.333333333334,41.65,278.883333333333
2023-03-21 14:00:00,514.0,46.9833333333333,278.883333333333
2023-03-21 15:00:00,515.5,50.5,278.933333333333
2023-03-21 16:00:00,521.0,54.1833333333333,278.45
2023-03-21 17:00:00,521.666666666667,57.8833333333333,278.083333333333
2023-03-21 18:00:00,537.5,59.8666666666667,277.266666666667
2023-03-21 19:00:00,580.666666666667,61.9,276.916666666667
2023-03-21 20:00:00,584.0,64.6666666666667,276.5
2023-03-21 21:00:00,585.666666666667,65.9166666666667,276.15
2023-03-21 22:00:00,586.833333333333,65.8833333333334,275.883333333333
2023-03-21 23:00:00,586.333333333333,68.9666666666667,275.283333333333
2023-03-22 00:00:00,587.666666666667,69.7666666666667,275.0
2023-03-22 01:00:00,586.833333333333,68.1,274.95
2023-03-22 02:00:00,586.0,64.3,275.11
2023-03-22 03:00:00,,,
2023-03-22 04:00:00,588.4,63.98,274.61
2023-03-22 05:00:00,,,
2023-03-22 06:00:00,,,
2023-03-22 07:00:00,,,
2023-03-22 08:00:00,523.6,58.44,276.41
2023-03-22 09:00:00,,,
2023-03-22 10:00:00,,,
2023-03-22 11:00:00,,,
2023-03-22 12:00:00,,,
2023-03-22 13:00:00,,,
2023-03-22 14:00:00,482.8,47.08,280.39
2023-03-22 15:00:00,,,
2023-03-22 16:00:00,,,
2023-03-22 17:00:00,,,
2023-03-22 18:00:00,,,
2023-03-22 19:00:00,,,
2023-03-22 20:00:00,464.2,57.36,277.69
2023-03-22 21:00:00,465.0,63.4,276.99
2023-03-22 22:00:00,506.5,64.1666666666667,276.533333333333
2023-03-22 23:00:00,511.8,63.26,276.75
2023-03-23 00:00:00,512.0,60.18,275.83
2023-03-23 01:00:00,514.4,57.66,275.93
2023-03-23 02:00:00,,,
2023-03-23 03:00:00,,,
2023-03-23 04:00:00,516.6,46.94,276.01
2023-03-23 05:00:00,,,
2023-03-23 06:00:00,,,
2023-03-23 07:00:00,,,
2023-03-23 08:00:00,,,
2023-03-23 09:00:00,442.4,49.78,276.57
2023-03-23 10:00:00,,,
2023-03-23 11:00:00,435.2,50.26,278.51
2023-03-23 12:00:00,,,
2023-03-23 13:00:00,426.8,38.08,281.87
2023-03-23 14:00:00,432.6,41.42,281.49
2023-03-23 15:00:00,416.2,43.38,281.75
2023-03-23 16:00:00,420.0,49.44,280.65
2023-03-23 17:00:00,416.6,54.44,279.69
2023-03-23 18:00:00,416.4,56.84,279.15
2023-03-23 19:00:00,415.8,60.06,278.33
2023-03-23 20:00:00,431.666666666667,62.7166666666667,278.116666666667
2023-03-23 21:00:00,415.6,65.42,277.91
2023-03-23 22:00:00,446.0,67.1333333333334,277.616666666667
2023-03-23 23:00:00,463.5,68.7833333333334,277.333333333333
2023-03-24 00:00:00,465.833333333333,68.3333333333333,277.2
2023-03-24 01:00:00,463.666666666667,67.6166666666667,277.383333333333
2023-03-24 02:00:00,466.6,71.24,276.89
2023-03-24 03:00:00,466.2,69.22,276.97
2023-03-24 04:00:00,466.0,69.2,276.85
2023-03-24 05:00:00,465.833333333333,71.9166666666667,276.566666666667
2023-03-24 06:00:00,467.8,69.32,276.61
2023-03-24 07:00:00,461.166666666667,63.0666666666667,277.433333333333
2023-03-24 08:00:00,411.833333333333,64.4666666666667,278.033333333333
2023-03-24 09:00:00,410.166666666667,65.5833333333333,278.3
2023-03-24 10:00:00,405.5,63.5666666666667,278.383333333333
2023-03-24 11:00:00,398.833333333333,62.2166666666667,279.283333333333
2023-03-24 12:00:00,388.0,66.7833333333333,278.866666666667
2023-03-24 13:00:00,394.2,70.64,278.33
2023-03-24 14:00:00,386.166666666667,66.5333333333334,279.466666666667
2023-03-24 15:00:00,386.8,60.54,280.25
2023-03-24 16:00:00,385.166666666667,60.25,279.616666666667
2023-03-24 17:00:00,374.0,68.2,277.45
2023-03-24 18:00:00,382.833333333333,75.5,276.433333333333
2023-03-24 19:00:00,404.0,96.8666666666667,274.766666666667
2023-03-24 20:00:00,432.0,99.5,273.733333333333
2023-03-24 21:00:00,432.833333333333,99.7166666666667,273.566666666667
2023-03-24 22:00:00,439.833333333333,95.8833333333333,274.1
2023-03-24 23:00:00,428.666666666667,100.133333333333,273.383333333333
2023-03-25 00:00:00,423.666666666667,100.866666666667,273.066666666667
2023-03-25 01:00:00,445.333333333333,100.833333333333,272.65
2023-03-25 02:00:00,,,
2023-03-25 03:00:00,,,
2023-03-25 04:00:00,,,
2023-03-25 05:00:00,476.2,99.44,269.93
2023-03-25 06:00:00,480.6,99.14,269.95
2023-03-25 07:00:00,,,
2023-03-25 08:00:00,473.2,96.7,270.55
2023-03-25 09:00:00,,,
2023-03-25 10:00:00,,,
2023-03-25 11:00:00,,,
2023-03-25 12:00:00,336.6,91.74,272.45
2023-03-25 13:00:00,352.8,85.36,272.01
2023-03-25 14:00:00,359.6,86.52,271.29
2023-03-25 15:00:00,393.4,78.78,271.25
2023-03-25 16:00:00,401.2,84.7,271.11
2023-03-25 17:00:00,376.0,86.1666666666667,270.766666666667
2023-03-25 18:00:00,428.2,86.8,270.45
2023-03-25 19:00:00,452.5,84.6,270.316666666667
2023-03-25 20:00:00,481.6,72.08,270.13
2023-03-25 21:00:00,480.666666666667,65.7666666666667,270.633333333333
2023-03-25 22:00:00,479.0,68.16,270.51
2023-03-25 23:00:00,486.833333333333,60.6333333333333,270.816666666667
2023-03-26 00:00:00,491.4,57.08,270.91
2023-03-26 01:00:00,491.833333333333,55.4833333333333,271.1
2023-03-26 02:00:00,,,
2023-03-26 03:00:00,,,
2023-03-26 04:00:00,,,
2023-03-26 05:00:00,493.0,51.98,271.27
2023-03-26 06:00:00,488.0,51.18,271.51
2023-03-26 07:00:00,488.6,52.26,271.39
2023-03-26 08:00:00,481.4,49.38,272.05
2023-03-26 09:00:00,,,
2023-03-26 10:00:00,409.5,43.75,275.35
2023-03-26 11:00:00,,,
2023-03-26 12:00:00,403.8,45.44,275.27
2023-03-26 13:00:00,391.2,56.32,274.03
2023-03-26 14:00:00,387.5,69.85,273.2
2023-03-26 15:00:00,408.0,93.88,271.59
2023-03-26 16:00:00,467.0,98.45,270.916666666667
2023-03-26 17:00:00,498.666666666667,98.9166666666667,270.333333333333
2023-03-26 18:00:00,528.166666666667,98.6333333333334,270.083333333333
2023-03-26 19:00:00,539.0,93.7333333333333,270.333333333333
2023-03-26 20:00:00,525.666666666667,98.8833333333333,269.416666666667
2023-03-26 21:00:00,552.333333333333,97.9333333333333,268.483333333333
2023-03-26 22:00:00,575.166666666667,95.7833333333333,268.283333333333
2023-03-26 23:00:00,587.666666666667,81.6833333333333,267.916666666667
2023-03-27 00:00:00,588.0,70.1833333333333,268.133333333333
2023-03-27 01:00:00,584.666666666667,70.0333333333334,268.4
2023-03-27 02:00:00,582.0,69.5833333333333,268.633333333333
2023-03-27 03:00:00,,,
2023-03-27 04:00:00,571.8,78.48,268.13
2023-03-27 05:00:00,567.0,96.7333333333333,267.45
2023-03-27 06:00:00,528.333333333333,98.65,267.566666666667
2023-03-27 07:00:00,561.833333333333,98.4333333333333,267.866666666667
2023-03-27 08:00:00,610.5,98.6833333333333,268.266666666667
2023-03-27 09:00:00,616.666666666667,98.7,267.783333333333
2023-03-27 10:00:00,612.833333333333,97.9166666666667,267.5
2023-03-27 11:00:00,614.0,97.9833333333333,267.533333333333
2023-03-27 12:00:00,621.0,97.4,268.2
2023-03-27 13:00:00,647.5,98.1166666666667,266.633333333333
2023-03-27 14:00:00,654.333333333333,96.7,266.5
2023-03-27 15:00:00,666.5,94.3666666666667,265.883333333333
2023-03-27 16:00:00,660.166666666667,93.95,265.416666666667
2023-03-27 17:00:00,660.333333333333,92.7,265.033333333333
2023-03-27 18:00:00,670.333333333333,88.2333333333334,264.616666666667
2023-03-27 19:00:00,664.5,91.45,263.95
2023-03-27 20:00:00,661.666666666667,90.2,262.75
2023-03-27 21:00:00,666.0,84.2333333333333,262.6
2023-03-27 22:00:00,679.666666666667,85.6,262.65
2023-03-27 23:00:00,679.833333333333,84.2166666666667,262.75
2023-03-28 00:00:00,663.333333333333,91.2833333333334,262.766666666667
2023-03-28 01:00:00,648.166666666667,87.5,262.766666666667
2023-03-28 02:00:00,,,
2023-03-28 03:00:00,,,
2023-03-28 04:00:00,,,
2023-03-28 05:00:00,,,
2023-03-28 06:00:00,,,
2023-03-28 07:00:00,,,
2023-03-28 08:00:00,,,
2023-03-28 09:00:00,,,
2023-03-28 10:00:00,,,
2023-03-28 11:00:00,,,
2023-03-28 12:00:00,626.2,48.28,267.03
2023-03-28 13:00:00,,,
2023-03-28 14:00:00,545.0,23.3666666666667,269.883333333333
2023-03-28 15:00:00,521.8,17.64,270.01
2023-03-28 16:00:00,547.6,16.08,270.11
2023-03-28 17:00:00,571.2,26.96,269.29
2023-03-28 18:00:00,590.666666666667,24.2833333333333,268.483333333333
2023-03-28 19:00:00,605.0,23.5333333333333,268.433333333333
2023-03-28 20:00:00,607.4,27.9,267.43
2023-03-28 21:00:00,614.0,27.2166666666667,267.166666666667
2023-03-28 22:00:00,609.166666666667,26.15,267.533333333333
2023-03-28 23:00:00,609.0,23.2833333333333,267.966666666667
2023-03-29 00:00:00,608.0,28.3,269.4
2023-03-29 01:00:00,597.166666666667,55.7166666666667,269.6
2023-03-29 02:00:00,,,
2023-03-29 03:00:00,580.5,93.85,267.1
2023-03-29 04:00:00,,,
2023-03-29 05:00:00,,,
2023-03-29 06:00:00,617.4,98.94,268.75
2023-03-29 07:00:00,616.2,98.96,269.01
2023-03-29 08:00:00,,,
2023-03-29 09:00:00,,,
2023-03-29 10:00:00,652.4,98.74,271.59
2023-03-29 11:00:00,,,
2023-03-29 12:00:00,560.8,98.52,272.93
2023-03-29 13:00:00,,,
2023-03-29 14:00:00,591.2,94.64,274.49
2023-03-29 15:00:00,,,
2023-03-29 16:00:00,591.2,96.22,275.11
2023-03-29 17:00:00,594.666666666667,92.3,274.866666666667
2023-03-29 18:00:00,611.333333333333,76.8666666666667,275.666666666667
2023-03-29 19:00:00,642.5,63.1833333333333,276.683333333333
2023-03-29 20:00:00,643.166666666667,63.25,277.116666666667
2023-03-29 21:00:00,644.0,74.0,276.466666666667
2023-03-29 22:00:00,648.166666666667,94.2333333333334,274.933333333333
2023-03-29 23:00:00,647.166666666667,86.7,275.333333333333
2023-03-30 00:00:00,648.0,92.0666666666667,275.116666666667
2023-03-30 01:00:00,647.0,91.0333333333334,275.216666666667
2023-03-30 02:00:00,647.8,92.8,275.01
2023-03-30 03:00:00,643.166666666667,86.1666666666667,275.783333333333
2023-03-30 04:00:00,642.0,87.35,275.683333333333
2023-03-30 05:00:00,641.333333333333,83.3666666666667,276.1
2023-03-30 06:00:00,639.666666666667,76.5,276.5
2023-03-30 07:00:00,631.0,70.7833333333333,277.083333333333
2023-03-30 08:00:00,624.5,83.0,276.65
2023-03-30 09:00:00,565.833333333333,77.15,277.266666666667
2023-03-30 10:00:00,550.0,67.26,278.47
2023-03-30 11:00:00,533.5,62.5666666666667,280.366666666667
2023-03-30 12:00:00,514.833333333333,64.2,280.6
2023-03-30 13:00:00,496.0,55.3,281.733333333333
2023-03-30 14:00:00,484.333333333333,52.1333333333333,282.083333333333
2023-03-30 15:00:00,461.0,87.1833333333333,278.183333333333
2023-03-30 16:00:00,497.0,98.45,274.65
2023-03-30 17:00:00,498.166666666667,98.4,274.916666666667
2023-03-30 18:00:00,519.833333333333,98.7666666666667,274.616666666667
2023-03-30 19:00:00,524.0,99.6333333333333,273.933333333333
2023-03-30 20:00:00,522.5,93.5166666666667,273.75
2023-03-30 21:00:00,531.833333333333,77.5333333333333,274.383333333333
2023-03-30 22:00:00,536.666666666667,65.7833333333333,274.583333333333
2023-03-30 23:00:00,542.166666666667,54.4666666666667,275.033333333333
2023-03-31 00:00:00,543.0,53.4666666666667,274.8
2023-03-31 01:00:00,546.666666666667,56.0166666666667,274.416666666667
2023-03-31 02:00:00,,,
2023-03-31 03:00:00,547.8,57.08,273.87
2023-03-31 04:00:00,547.2,56.14,273.81
2023-03-31 05:00:00,542.2,61.36,273.99
2023-03-31 06:00:00,,,
2023-03-31 07:00:00,538.8,72.32,273.99
2023-03-31 08:00:00,532.8,77.02,274.15
2023-03-31 09:00:00,,,
2023-03-31 10:00:00,472.0,75.48,275.33
2023-03-31 11:00:00,,,
2023-03-31 12:00:00,466.2,74.0,275.73
2023-03-31 13:00:00,,,
2023-03-31 14:00:00,,,
2023-03-31 15:00:00,,,
2023-03-31 16:00:00,512.8,99.62,271.95
2023-03-31 17:00:00,,,
2023-03-31 18:00:00,566.4,98.72,271.71
2023-03-31 19:00:00,,,
2023-03-31 20:00:00,,,
2023-03-31 21:00:00,617.8,59.88,271.81
2023-03-31 22:00:00,610.666666666667,50.2833333333333,271.933333333333
2023-03-31 23:00:00,610.0,51.98,271.71
2023-04-01 00:00:00,606.333333333333,58.4333333333333,271.483333333333
2023-04-01 01:00:00,607.4,56.54,271.47
2023-04-01 02:00:00,,,
2023-04-01 03:00:00,,,
2023-04-01 04:00:00,,,
2023-04-01 05:00:00,604.8,69.92,270.71
2023-04-01 06:00:00,,,
2023-04-01 07:00:00,,,
2023-04-01 08:00:00,,,
2023-04-01 09:00:00,575.2,76.72,271.13
2023-04-01 10:00:00,506.4,73.44,272.55
2023-04-01 11:00:00,500.8,64.44,273.21
2023-04-01 12:00:00,489.4,55.78,273.99
2023-04-01 13:00:00,452.6,49.66,275.03
2023-04-01 14:00:00,477.4,52.84,274.15
2023-04-01 15:00:00,483.6,59.94,273.83
2023-04-01 16:00:00,504.666666666667,74.2833333333333,272.416666666667
2023-04-01 17:00:00,543.333333333333,90.3,271.333333333333
2023-04-01 18:00:00,536.166666666667,90.8,271.016666666667
2023-04-01 19:00:00,549.333333333333,82.2166666666667,271.0
2023-04-01 20:00:00,558.666666666667,78.9,270.633333333333
2023-04-01 21:00:00,559.0,73.48,270.55
2023-04-01 22:00:00,563.166666666667,70.1666666666667,270.783333333333
2023-04-01 23:00:00,565.833333333333,68.2833333333333,270.733333333333
2023-04-02 00:00:00,568.166666666667,72.0166666666667,270.65
2023-04-02 01:00:00,567.666666666667,84.85,270.3
2023-04-02 02:00:00,568.4,80.0,270.35
2023-04-02 03:00:00,569.666666666667,79.0833333333333,270.166666666667
2023-04-02 04:00:00,573.166666666667,84.5333333333333,269.9
2023-04-02 05:00:00,573.333333333333,99.0,269.183333333333
2023-04-02 06:00:00,574.5,98.7166666666667,269.0
2023-04-02 07:00:00,568.166666666667,98.95,268.933333333333
2023-04-02 08:00:00,,,
2023-04-02 09:00:00,502.4,76.68,271.71
2023-04-02 10:00:00,476.5,61.0,272.55
2023-04-02 11:00:00,485.2,53.44,272.89
2023-04-02 12:00:00,489.5,51.8833333333333,273.4
2023-04-02 13:00:00,487.833333333333,50.0333333333333,273.75
2023-04-02 14:00:00,474.5,48.5333333333333,274.383333333333
2023-04-02 15:00:00,480.5,57.85,273.266666666667
2023-04-02 16:00:00,520.0,61.25,273.033333333333
2023-04-02 17:00:00,539.166666666667,64.8,272.866666666667
2023-04-02 18:00:00,543.333333333333,70.5666666666667,272.35
2023-04-02 19:00:00,553.666666666667,72.2333333333333,271.883333333333
2023-04-02 20:00:00,558.166666666667,73.1,272.0
2023-04-02 21:00:00,558.333333333334,85.0166666666667,271.183333333333
2023-04-02 22:00:00,563.166666666667,97.4333333333333,270.5
2023-04-02 23:00:00,562.166666666667,90.3833333333333,270.983333333333
2023-04-03 00:00:00,561.0,94.5166666666667,270.65
2023-04-03 01:00:00,559.166666666667,88.1333333333333,270.9
2023-04-03 02:00:00,557.4,95.78,270.43
2023-04-03 03:00:00,,,
2023-04-03 04:00:00,,,
2023-04-03 05:00:00,,,
2023-04-03 06:00:00,,,
2023-04-03 07:00:00,,,
2023-04-03 08:00:00,541.0,98.74,268.27
2023-04-03 09:00:00,,,
2023-04-03 10:00:00,539.0,98.5,269.23
2023-04-03 11:00:00,,,
2023-04-03 12:00:00,,,
2023-04-03 13:00:00,482.4,48.26,271.43
2023-04-03 14:00:00,,,
2023-04-03 15:00:00,486.4,53.28,271.31
2023-04-03 16:00:00,,,
2023-04-03 17:00:00,,,
2023-04-03 18:00:00,,,
2023-04-03 19:00:00,557.0,64.06,267.49
2023-04-03 20:00:00,562.166666666667,65.45,266.483333333333
2023-04-03 21:00:00,567.0,68.02,265.29
2023-04-03 22:00:00,569.833333333333,74.3333333333333,264.5
2023-04-03 23:00:00,572.0,86.52,263.31
2023-04-04 00:00:00,573.6,83.4,262.93
2023-04-04 01:00:00,577.4,82.08,262.35
2023-04-04 02:00:00,577.8,80.98,262.27
2023-04-04 03:00:00,576.6,83.0,261.97
2023-04-04 04:00:00,,,
2023-04-04 05:00:00,,,
2023-04-04 06:00:00,,,
2023-04-04 07:00:00,573.4,82.62,261.07
2023-04-04 08:00:00,,,
2023-04-04 09:00:00,557.8,81.94,262.43
2023-04-04 10:00:00,539.6,77.76,263.85
2023-04-04 11:00:00,523.0,71.16,265.15
2023-04-04 12:00:00,,,
2023-04-04 13:00:00,465.0,53.68,268.59
2023-04-04 14:00:00,438.4,42.12,269.65
2023-04-04 15:00:00,449.0,23.3,271.17
2023-04-04 16:00:00,471.8,17.84,271.59
2023-04-04 17:00:00,515.833333333333,18.0333333333333,271.016666666667
2023-04-04 18:00:00,520.2,32.56,268.71
2023-04-04 19:00:00,531.166666666667,54.45,266.1
2023-04-04 20:00:00,545.5,65.3666666666667,264.55
2023-04-04 21:00:00,556.5,72.5333333333334,263.933333333333
2023-04-04 22:00:00,558.5,78.35,263.4
2023-04-04 23:00:00,558.333333333333,82.2166666666667,263.2
2023-04-05 00:00:00,556.166666666667,81.5166666666667,263.15
2023-04-05 01:00:00,556.5,79.05,262.716666666667
2023-04-05 02:00:00,558.0,79.34,262.29
2023-04-05 03:00:00,559.166666666667,83.85,262.0
2023-04-05 04:00:00,562.833333333333,82.8666666666667,261.833333333333
2023-04-05 05:00:00,565.2,71.02,261.85
2023-04-05 06:00:00,569.0,58.44,262.33
2023-04-05 07:00:00,560.166666666667,53.7666666666667,263.483333333333
2023-04-05 08:00:00,527.0,55.3333333333333,265.9
2023-04-05 09:00:00,508.2,50.42,266.83
2023-04-05 10:00:00,498.5,45.9833333333333,267.65
2023-04-05 11:00:00,497.6,40.54,268.25
2023-04-05 12:00:00,475.0,32.5166666666667,269.45
2023-04-05 13:00:00,457.5,31.3166666666667,270.716666666667
2023-04-05 14:00:00,448.8,24.98,271.41
2023-04-05 15:00:00,435.666666666667,27.0333333333333,271.466666666667
2023-04-05 16:00:00,444.5,28.8833333333333,271.683333333333
2023-04-05 17:00:00,499.333333333333,37.8666666666667,270.95
2023-04-05 18:00:00,524.333333333333,52.1333333333333,268.816666666667
2023-04-05 19:00:00,531.166666666667,66.3,268.166666666667
2023-04-05 20:00:00,531.0,73.3833333333333,267.183333333333
2023-04-05 21:00:00,530.333333333333,71.25,266.616666666667
2023-04-05 22:00:00,529.5,74.3666666666667,266.233333333333
2023-04-05 23:00:00,528.666666666667,84.9833333333333,265.816666666667
2023-04-06 00:00:00,526.833333333333,84.8666666666667,265.583333333333
2023-04-06 01:00:00,532.0,75.9666666666667,265.233333333333
2023-04-06 02:00:00,,,
2023-04-06 03:00:00,,,
2023-04-06 04:00:00,,,
2023-04-06 05:00:00,,,
2023-04-06 06:00:00,532.2,71.52,264.61
2023-04-06 07:00:00,525.4,73.08,265.05
2023-04-06 08:00:00,506.8,68.58,266.71
2023-04-06 09:00:00,487.8,61.76,267.51
2023-04-06 10:00:00,,,
2023-04-06 11:00:00,,,
2023-04-06 12:00:00,,,
2023-04-06 13:00:00,,,
2023-04-06 14:00:00,,,
2023-04-06 15:00:00,,,
2023-04-06 16:00:00,,,
2023-04-06 17:00:00,,,
2023-04-06 18:00:00,,,
2023-04-06 19:00:00,,,
2023-04-06 20:00:00,522.6,43.02,269.23
2023-04-06 21:00:00,524.0,46.16,269.01
2023-04-06 22:00:00,526.2,46.08,268.81
2023-04-06 23:00:00,529.0,45.48,268.41
2023-04-07 00:00:00,530.0,44.6,268.25
2023-04-07 01:00:00,527.666666666667,47.8,268.033333333333
2023-04-07 02:00:00,523.0,52.16,268.07
2023-04-07 03:00:00,524.6,56.78,267.97
2023-04-07 04:00:00,,,
2023-04-07 05:00:00,526.4,72.14,266.77
2023-04-07 06:00:00,517.4,75.56,266.55
2023-04-07 07:00:00,,,
2023-04-07 08:00:00,,,
2023-04-07 09:00:00,,,
2023-04-07 10:00:00,,,
2023-04-07 11:00:00,434.833333333333,55.55,273.433333333333
2023-04-07 12:00:00,432.4,43.72,274.37
2023-04-07 13:00:00,416.6,38.22,274.27
2023-04-07 14:00:00,420.333333333333,36.1666666666667,274.816666666667
2023-04-07 15:00:00,416.4,36.12,275.25
2023-04-07 16:00:00,423.8,43.74,274.31
2023-04-07 17:00:00,418.0,55.22,273.73
2023-04-07 18:00:00,485.8,62.94,271.93
2023-04-07 19:00:00,497.666666666667,62.6833333333333,271.783333333333
2023-04-07 20:00:00,477.333333333333,62.0833333333333,271.516666666667
2023-04-07 21:00:00,497.833333333333,60.6,271.05
2023-04-07 22:00:00,495.5,82.7666666666667,270.233333333333
2023-04-07 23:00:00,470.333333333333,99.2,269.416666666667
2023-04-08 00:00:00,470.333333333333,99.6666666666667,269.283333333333
2023-04-08 01:00:00,469.5,99.8833333333333,269.333333333333
2023-04-08 02:00:00,,,
2023-04-08 03:00:00,468.8,99.74,269.09
2023-04-08 04:00:00,,,
2023-04-08 05:00:00,476.4,91.5,268.93
2023-04-08 06:00:00,478.333333333333,73.65,269.583333333333
2023-04-08 07:00:00,473.0,82.3833333333334,269.616666666667
2023-04-08 08:00:00,462.8,92.58,269.57
2023-04-08 09:00:00,434.5,76.1666666666667,270.533333333333
2023-04-08 10:00:00,404.2,88.96,270.67
2023-04-08 11:00:00,412.8,74.04,271.23
2023-04-08 12:00:00,,,
2023-04-08 13:00:00,398.0,56.82,272.73
2023-04-08 14:00:00,413.166666666667,66.0166666666667,272.216666666667
2023-04-08 15:00:00,424.6,74.8,271.73
2023-04-08 16:00:00,430.166666666667,93.2666666666667,270.816666666667
2023-04-08 17:00:00,428.0,92.5833333333333,270.766666666667
2023-04-08 18:00:00,421.5,98.3166666666667,269.966666666667
2023-04-08 19:00:00,429.166666666667,97.0166666666667,269.966666666667
2023-04-08 20:00:00,439.0,96.55,269.2
2023-04-08 21:00:00,433.666666666667,98.5833333333333,269.033333333333
2023-04-08 22:00:00,452.0,98.4833333333334,268.866666666667
2023-04-08 23:00:00,462.333333333333,99.4666666666667,268.433333333333
2023-04-09 00:00:00,417.333333333333,99.2666666666667,268.316666666667
2023-04-09 01:00:00,489.0,99.0666666666667,268.183333333333
2023-04-09 02:00:00,,,
2023-04-09 03:00:00,518.4,98.46,267.35
2023-04-09 04:00:00,,,
2023-04-09 05:00:00,,,
2023-04-09 06:00:00,496.6,86.36,266.41
2023-04-09 07:00:00,,,
2023-04-09 08:00:00,,,
2023-04-09 09:00:00,,,
2023-04-09 10:00:00,,,
2023-04-09 11:00:00,,,
2023-04-09 12:00:00,,,
2023-04-09 13:00:00,406.0,57.58,272.41
2023-04-09 14:00:00,410.6,51.1,272.65
2023-04-09 15:00:00,406.2,47.08,273.33
2023-04-09 16:00:00,,,
2023-04-09 17:00:00,398.6,50.18,273.19
2023-04-09 18:00:00,,,
2023-04-09 19:00:00,463.5,57.2666666666667,271.083333333333
2023-04-09 20:00:00,466.0,55.58,270.83
2023-04-09 21:00:00,,,
2023-04-09 22:00:00,499.666666666667,64.6166666666667,269.116666666667
2023-04-09 23:00:00,502.833333333333,69.8,268.333333333333
2023-04-10 00:00:00,508.5,77.95,267.433333333333
2023-04-10 01:00:00,511.833333333333,81.0,267.2
2023-04-10 02:00:00,,,
2023-04-10 03:00:00,,,
2023-04-10 04:00:00,516.6,69.82,267.13
2023-04-10 05:00:00,,,
2023-04-10 06:00:00,519.8,58.06,266.81
2023-04-10 07:00:00,,,
2023-04-10 08:00:00,,,
2023-04-10 09:00:00,,,
2023-04-10 10:00:00,403.8,36.52,273.15
2023-04-10 11:00:00,,,
2023-04-10 12:00:00,411.6,28.96,275.45
2023-04-10 13:00:00,,,
2023-04-10 14:00:00,412.0,21.96,277.07
2023-04-10 15:00:00,415.6,15.96,277.79
2023-04-10 16:00:00,414.0,15.12,277.67
2023-04-10 17:00:00,406.5,17.8333333333333,277.3
2023-04-10 18:00:00,430.833333333333,26.0166666666667,275.966666666667
2023-04-10 19:00:00,463.833333333333,26.9666666666667,275.5
2023-04-10 20:00:00,471.666666666667,26.8166666666667,275.483333333333
2023-04-10 21:00:00,473.833333333333,29.3166666666667,275.083333333333
2023-04-10 22:00:00,474.5,32.0166666666667,274.483333333333
2023-04-10 23:00:00,478.833333333333,31.55,274.3
2023-04-11 00:00:00,476.0,31.2166666666667,274.25
2023-04-11 01:00:00,476.833333333333,29.6,274.35
2023-04-11 02:00:00,474.6,29.82,274.49
2023-04-11 03:00:00,474.666666666667,27.9333333333333,274.95
2023-04-11 04:00:00,,,
2023-04-11 05:00:00,472.6,31.76,275.01
2023-04-11 06:00:00,474.0,32.6333333333333,275.066666666667
2023-04-11 07:00:00,472.6,40.06,275.21
2023-04-11 08:00:00,446.6,39.36,275.55
2023-04-11 09:00:00,,,
2023-04-11 10:00:00,,,
2023-04-11 11:00:00,422.5,75.1833333333333,273.25
2023-04-11 12:00:00,410.5,98.9,272.783333333333
2023-04-11 13:00:00,387.0,99.2166666666667,273.65
2023-04-11 14:00:00,385.833333333333,96.3833333333334,274.45
2023-04-11 15:00:00,398.5,89.5666666666667,274.666666666667
2023-04-11 16:00:00,381.166666666667,92.8,273.316666666667
2023-04-11 17:00:00,379.833333333333,88.2833333333334,273.416666666667
2023-04-11 18:00:00,426.0,88.3833333333334,272.966666666667
2023-04-11 19:00:00,465.666666666667,77.45,272.666666666667
2023-04-11 20:00:00,473.666666666667,67.15,272.666666666667
2023-04-11 21:00:00,477.833333333333,66.1833333333333,272.066666666667
2023-04-11 22:00:00,480.166666666667,64.4333333333333,271.766666666667
2023-04-11 23:00:00,484.666666666667,62.6333333333333,271.516666666667
2023-04-12 00:00:00,487.333333333334,66.2,271.216666666667
2023-04-12 01:00:00,481.333333333333,64.2666666666667,271.3
2023-04-12 02:00:00,,,
2023-04-12 03:00:00,,,
2023-04-12 04:00:00,,,
2023-04-12 05:00:00,,,
2023-04-12 06:00:00,475.4,98.6,270.19
2023-04-12 07:00:00,,,
2023-04-12 08:00:00,475.4,98.06,272.41
2023-04-12 09:00:00,,,
2023-04-12 10:00:00,,,
2023-04-12 11:00:00,,,
2023-04-12 12:00:00,404.8,80.62,276.19
2023-04-12 13:00:00,,,
2023-04-12 14:00:00,410.6,57.36,278.47
2023-04-12 15:00:00,,,
2023-04-12 16:00:00,,,
2023-04-12 17:00:00,,,
2023-04-12 18:00:00,398.4,73.92,275.59
2023-04-12 19:00:00,423.2,76.58,274.83
2023-04-12 20:00:00,446.666666666667,81.35,274.416666666667
2023-04-12 21:00:00,439.8,86.66,274.03
2023-04-12 22:00:00,442.8,92.46,273.65
2023-04-12 23:00:00,438.666666666667,98.25,273.466666666667
2023-04-13 00:00:00,431.0,99.2166666666667,272.933333333333
2023-04-13 01:00:00,424.6,100.14,271.63
2023-04-13 02:00:00,,,
2023-04-13 03:00:00,,,
2023-04-13 04:00:00,596.4,99.86,270.15
2023-04-13 05:00:00,,,
2023-04-13 06:00:00,598.0,99.12,268.77
2023-04-13 07:00:00,600.4,99.28,268.57
2023-04-13 08:00:00,585.0,98.9,268.91
2023-04-13 09:00:00,589.4,99.02,269.69
2023-04-13 10:00:00,602.2,98.24,268.03
2023-04-13 11:00:00,,,
2023-04-13 12:00:00,599.833333333334,89.4833333333333,266.7
2023-04-13 13:00:00,,,
2023-04-13 14:00:00,584.333333333333,97.1833333333333,267.333333333333
2023-04-13 15:00:00,620.6,95.44,267.03
2023-04-13 16:00:00,610.8,97.68,266.95
2023-04-13 17:00:00,617.2,95.28,266.89
2023-04-13 18:00:00,630.0,87.34,266.61
2023-04-13 19:00:00,632.833333333333,88.7166666666667,266.75
2023-04-13 20:00:00,633.333333333333,89.1666666666667,266.866666666667
2023-04-13 21:00:00,631.833333333333,96.5166666666667,266.6
2023-04-13 22:00:00,631.833333333333,90.2333333333333,266.766666666667
2023-04-13 23:00:00,626.333333333333,77.3166666666667,267.2
2023-04-14 00:00:00,624.5,72.3666666666667,267.616666666667
2023-04-14 01:00:00,622.666666666667,75.0,267.75
2023-04-14 02:00:00,621.6,80.98,267.57
2023-04-14 03:00:00,612.833333333333,77.65,267.733333333333
2023-04-14 04:00:00,600.6,74.34,268.07
2023-04-14 05:00:00,597.8,78.8,267.91
2023-04-14 06:00:00,,,
2023-04-14 07:00:00,578.8,77.24,268.15
2023-04-14 08:00:00,580.8,73.6,268.27
2023-04-14 09:00:00,568.8,70.92,268.69
2023-04-14 10:00:00,,,
2023-04-14 11:00:00,498.166666666667,64.2166666666667,270.416666666667
2023-04-14 12:00:00,465.6,62.42,271.13
2023-04-14 13:00:00,463.833333333333,60.65,271.416666666667
2023-04-14 14:00:00,463.833333333333,59.05,271.7
2023-04-14 15:00:00,,,
2023-04-14 16:00:00,505.833333333333,61.0833333333333,270.9
2023-04-14 17:00:00,479.2,58.22,270.81
2023-04-14 18:00:00,505.5,69.0,270.166666666667
2023-04-14 19:00:00,513.333333333334,69.4666666666667,269.633333333333
2023-04-14 20:00:00,519.166666666667,78.8833333333333,269.4
2023-04-14 21:00:00,523.166666666667,95.0,268.5
2023-04-14 22:00:00,522.666666666667,94.15,268.3
2023-04-14 23:00:00,520.166666666667,92.2833333333334,268.083333333333
2023-04-15 00:00:00,519.333333333333,91.0833333333333,267.633333333333
2023-04-15 01:00:00,517.0,88.3666666666667,267.55
2023-04-15 02:00:00,519.8,78.22,267.65
2023-04-15 03:00:00,516.6,90.52,267.57
2023-04-15 04:00:00,,,
2023-04-15 05:00:00,,,
2023-04-15 06:00:00,,,
2023-04-15 07:00:00,,,
2023-04-15 08:00:00,,,
2023-04-15 09:00:00,,,
2023-04-15 10:00:00,,,
2023-04-15 11:00:00,,,
2023-04-15 12:00:00,433.666666666667,54.7333333333333,272.183333333333
2023-04-15 13:00:00,443.4,52.2,272.29
2023-04-15 14:00:00,434.4,56.9,272.11
2023-04-15 15:00:00,446.833333333333,62.95,271.716666666667
2023-04-15 16:00:00,472.166666666667,60.7,271.8
2023-04-15 17:00:00,480.5,63.2833333333333,271.766666666667
2023-04-15 18:00:00,503.833333333333,65.8833333333334,270.766666666667
2023-04-15 19:00:00,510.666666666667,71.5,270.466666666667
2023-04-15 20:00:00,508.8,84.48,269.89
2023-04-15 21:00:00,512.0,94.72,269.19
2023-04-15 22:00:00,510.166666666667,98.1666666666667,269.1
2023-04-15 23:00:00,471.333333333333,97.1666666666667,269.133333333333
2023-04-16 00:00:00,461.833333333333,98.7166666666667,269.066666666667
2023-04-16 01:00:00,508.333333333333,98.3666666666667,269.083333333333
2023-04-16 02:00:00,,,
2023-04-16 03:00:00,506.2,95.62,269.23
2023-04-16 04:00:00,,,
2023-04-16 05:00:00,,,
2023-04-16 06:00:00,528.8,98.9,268.83
2023-04-16 07:00:00,494.6,99.14,269.13
2023-04-16 08:00:00,467.0,98.5833333333333,269.55
2023-04-16 09:00:00,485.6,98.62,270.81
2023-04-16 10:00:00,437.2,98.58,271.89
2023-04-16 11:00:00,426.166666666667,98.7,272.15
2023-04-16 12:00:00,412.833333333333,98.55,272.433333333333
2023-04-16 13:00:00,423.5,98.7333333333333,272.316666666667
2023-04-16 14:00:00,405.333333333333,98.45,272.783333333333
2023-04-16 15:00:00,423.166666666667,96.9,272.316666666667
2023-04-16 16:00:00,429.666666666667,82.2833333333333,272.266666666667
2023-04-16 17:00:00,502.833333333333,68.3666666666667,272.45
2023-04-16 18:00:00,493.333333333333,74.4666666666667,272.166666666667
2023-04-16 19:00:00,504.666666666667,71.0,272.016666666667
2023-04-16 20:00:00,519.666666666667,77.75,271.916666666667
2023-04-16 21:00:00,521.0,78.7666666666667,271.5
2023-04-16 22:00:00,525.5,79.1,271.25
2023-04-16 23:00:00,532.166666666667,90.35,270.683333333333
2023-04-17 00:00:00,541.0,91.1666666666667,270.533333333333
2023-04-17 01:00:00,536.0,89.8666666666667,270.25
2023-04-17 02:00:00,541.0,99.34,269.01
2023-04-17 03:00:00,541.833333333333,99.3333333333334,268.566666666667
2023-04-17 04:00:00,538.333333333333,98.65,268.35
2023-04-17 05:00:00,540.8,98.24,268.33
2023-04-17 06:00:00,544.5,98.4333333333333,268.133333333333
2023-04-17 07:00:00,539.333333333333,97.1333333333333,268.233333333333
2023-04-17 08:00:00,523.166666666667,96.8166666666667,269.033333333333
2023-04-17 09:00:00,511.5,98.0833333333333,269.8
2023-04-17 10:00:00,482.333333333333,85.2666666666667,271.116666666667
2023-04-17 11:00:00,460.5,76.55,272.133333333333
2023-04-17 12:00:00,489.666666666667,88.2,272.2
2023-04-17 13:00:00,464.333333333333,88.8666666666667,272.75
2023-04-17 14:00:00,476.5,92.3166666666667,272.983333333333
2023-04-17 15:00:00,475.166666666667,90.9166666666667,273.066666666667
2023-04-17 16:00:00,471.5,90.45,273.35
2023-04-17 17:00:00,492.5,95.8833333333333,273.216666666667
2023-04-17 18:00:00,511.5,97.35,272.3
2023-04-17 19:00:00,521.166666666667,95.1666666666667,272.183333333333
2023-04-17 20:00:00,526.333333333333,93.1166666666667,271.966666666667
2023-04-17 21:00:00,528.666666666667,99.2166666666667,271.1
2023-04-17 22:00:00,528.5,99.9333333333333,270.966666666667
2023-04-17 23:00:00,532.0,100.0,270.65
2023-04-18 00:00:00,532.5,100.016666666667,270.566666666667
2023-04-18 01:00:00,531.666666666667,99.9333333333333,270.566666666667
2023-04-18 02:00:00,532.6,99.98,270.43
2023-04-18 03:00:00,,,
2023-04-18 04:00:00,535.2,85.68,270.15
2023-04-18 05:00:00,,,
2023-04-18 06:00:00,,,
2023-04-18 07:00:00,522.833333333333,82.1333333333334,270.783333333333
2023-04-18 08:00:00,458.2,80.42,272.51
2023-04-18 09:00:00,431.6,71.64,273.37
2023-04-18 10:00:00,,,
2023-04-18 11:00:00,,,
2023-04-18 12:00:00,,,
2023-04-18 13:00:00,,,
2023-04-18 14:00:00,,,
2023-04-18 15:00:00,,,
2023-04-18 16:00:00,433.166666666667,58.4166666666667,277.183333333333
2023-04-18 17:00:00,434.166666666667,60.1166666666667,277.2
2023-04-18 18:00:00,438.4,60.72,276.37
2023-04-18 19:00:00,490.4,64.22,274.77
2023-04-18 20:00:00,500.166666666667,76.4333333333333,274.166666666667
2023-04-18 21:00:00,500.6,92.5,273.37
2023-04-18 22:00:00,501.8,98.18,273.07
2023-04-18 23:00:00,501.0,99.1833333333333,272.75
2023-04-19 00:00:00,502.833333333333,99.2666666666667,272.7
2023-04-19 01:00:00,502.333333333333,99.2333333333334,272.483333333333
2023-04-19 02:00:00,505.166666666667,99.8666666666667,271.883333333333
2023-04-19 03:00:00,506.8,88.58,272.01
2023-04-19 04:00:00,507.6,93.38,271.67
2023-04-19 05:00:00,507.6,98.26,271.47
2023-04-19 06:00:00,505.6,100.12,271.43
2023-04-19 07:00:00,501.666666666667,99.3166666666667,271.6
2023-04-19 08:00:00,493.4,97.08,271.57
2023-04-19 09:00:00,470.333333333333,90.55,272.65
2023-04-19 10:00:00,446.833333333333,90.4166666666667,272.983333333333
2023-04-19 11:00:00,424.0,81.2,273.666666666667
2023-04-19 12:00:00,422.4,78.54,274.29
2023-04-19 13:00:00,422.333333333333,74.3666666666667,274.566666666667
2023-04-19 14:00:00,427.333333333333,74.6666666666667,274.433333333333
2023-04-19 15:00:00,449.833333333333,74.2166666666667,274.416666666667
2023-04-19 16:00:00,477.166666666667,78.6833333333333,273.983333333333
2023-04-19 17:00:00,473.833333333333,90.4833333333333,273.383333333333
2023-04-19 18:00:00,469.166666666667,97.8166666666667,272.966666666667
2023-04-19 19:00:00,462.5,98.7666666666667,272.65
2023-04-19 20:00:00,444.166666666667,100.116666666667,272.2
2023-04-19 21:00:00,390.0,100.6,271.9
2023-04-19 22:00:00,456.5,100.683333333333,271.583333333333
2023-04-19 23:00:00,484.5,100.683333333333,271.3
2023-04-20 00:00:00,439.833333333333,100.633333333333,270.983333333333
2023-04-20 01:00:00,413.0,100.433333333333,270.6
2023-04-20 02:00:00,432.333333333333,100.35,270.4
2023-04-20 03:00:00,395.333333333333,100.0,270.2
2023-04-20 04:00:00,421.166666666667,99.7166666666667,269.966666666667
2023-04-20 05:00:00,427.5,98.8166666666667,270.816666666667
2023-04-20 06:00:00,483.2,92.8,271.17
2023-04-20 07:00:00,485.666666666667,88.6333333333334,271.683333333333
2023-04-20 08:00:00,458.333333333333,83.3666666666667,272.95
2023-04-20 09:00:00,414.333333333333,79.15,274.1
2023-04-20 10:00:00,398.666666666667,75.5333333333333,274.833333333333
2023-04-20 11:00:00,408.833333333333,70.9166666666667,275.233333333333
2023-04-20 12:00:00,399.333333333333,76.15,274.6
2023-04-20 13:00:00,418.0,71.9833333333333,275.183333333333
2023-04-20 14:00:00,429.333333333333,72.7,275.016666666667
2023-04-20 15:00:00,420.166666666667,91.7166666666667,273.966666666667
2023-04-20 16:00:00,432.666666666667,88.1166666666667,274.016666666667
2023-04-20 17:00:00,465.833333333333,94.3166666666667,273.533333333333
2023-04-20 18:00:00,467.833333333333,91.6666666666667,273.333333333333
2023-04-20 19:00:00,468.333333333333,92.5333333333334,273.3
2023-04-20 20:00:00,431.0,87.8666666666667,273.333333333333
2023-04-20 21:00:00,469.0,88.9666666666667,273.15
2023-04-20 22:00:00,462.5,96.1,272.833333333333
2023-04-20 23:00:00,467.166666666667,99.0666666666667,272.55
2023-04-21 00:00:00,444.833333333333,99.6833333333333,272.5
2023-04-21 01:00:00,442.5,99.3333333333333,272.516666666667
2023-04-21 02:00:00,424.6,96.04,272.83
2023-04-21 03:00:00,361.0,99.1333333333333,272.333333333333
2023-04-21 04:00:00,423.4,98.48,272.27
2023-04-21 05:00:00,442.2,85.6,272.53
2023-04-21 06:00:00,455.166666666667,80.9666666666667,272.933333333333
2023-04-21 07:00:00,459.333333333333,77.3666666666667,273.15
2023-04-21 08:00:00,,,
2023-04-21 09:00:00,406.0,60.16,276.05
2023-04-21 10:00:00,418.0,56.68,276.99
2023-04-21 11:00:00,415.166666666667,54.8333333333333,277.55
2023-04-21 12:00:00,413.2,50.98,277.85
2023-04-21 13:00:00,413.4,51.62,277.19
2023-04-21 14:00:00,404.2,52.06,277.41
2023-04-21 15:00:00,401.0,52.56,277.33
2023-04-21 16:00:00,393.8,53.9,277.41
2023-04-21 17:00:00,375.0,59.9166666666667,276.55
2023-04-21 18:00:00,383.5,57.9,276.65
2023-04-21 19:00:00,391.333333333333,62.7,275.333333333333
2023-04-21 20:00:00,,,
2023-04-21 21:00:00,439.166666666667,68.2666666666667,274.5
2023-04-21 22:00:00,436.2,67.38,274.49
2023-04-21 23:00:00,439.0,67.1333333333334,274.416666666667
2023-04-22 00:00:00,444.0,66.2,273.95
2023-04-22 01:00:00,444.2,65.84,274.11
2023-04-22 02:00:00,,,
2023-04-22 03:00:00,445.0,62.4666666666667,274.066666666667
2023-04-22 04:00:00,448.0,60.36,274.05
2023-04-22 05:00:00,448.6,52.7,274.37
2023-04-22 06:00:00,,,
2023-04-22 07:00:00,393.166666666667,39.9833333333333,275.366666666667
2023-04-22 08:00:00,377.2,37.28,277.61
2023-04-22 09:00:00,362.4,35.74,279.61
2023-04-22 10:00:00,356.8,32.74,280.71
2023-04-22 11:00:00,357.8,30.52,281.09
2023-04-22 12:00:00,362.4,28.16,281.55
2023-04-22 13:00:00,364.166666666667,28.9166666666667,281.816666666667
2023-04-22 14:00:00,358.833333333333,31.4333333333333,282.15
2023-04-22 15:00:00,359.166666666667,31.6833333333333,282.666666666667
2023-04-22 16:00:00,359.8,33.02,282.53
2023-04-22 17:00:00,338.833333333333,34.2166666666667,283.116666666667
2023-04-22 18:00:00,327.666666666667,43.25,280.983333333333
2023-04-22 19:00:00,337.5,48.3166666666667,279.4
2023-04-22 20:00:00,362.4,51.78,278.71
2023-04-22 21:00:00,388.833333333333,55.25,278.033333333333
2023-04-22 22:00:00,392.666666666667,58.7333333333333,277.75
2023-04-22 23:00:00,391.333333333333,62.85,277.333333333333
2023-04-23 00:00:00,393.666666666667,65.4833333333333,277.1
2023-04-23 01:00:00,391.666666666667,68.85,276.9
2023-04-23 02:00:00,392.4,70.12,276.75
2023-04-23 03:00:00,394.666666666667,69.5166666666667,276.683333333333
2023-04-23 04:00:00,390.666666666667,70.9666666666667,276.7
2023-04-23 05:00:00,389.8,72.34,276.47
2023-04-23 06:00:00,391.2,76.22,276.19
2023-04-23 07:00:00,378.4,81.36,276.31
2023-04-23 08:00:00,365.0,77.4666666666667,276.733333333333
2023-04-23 09:00:00,337.0,73.0,277.766666666667
2023-04-23 10:00:00,330.8,61.06,279.51
2023-04-23 11:00:00,328.833333333333,59.7333333333333,279.583333333333
2023-04-23 12:00:00,331.166666666667,58.7166666666667,279.916666666667
2023-04-23 13:00:00,322.5,60.6166666666667,279.633333333333
2023-04-23 14:00:00,323.5,61.9833333333333,279.4
2023-04-23 15:00:00,316.666666666667,60.5333333333334,279.533333333333
2023-04-23 16:00:00,320.166666666667,61.9,279.483333333333
2023-04-23 17:00:00,311.833333333333,64.7166666666667,278.95
2023-04-23 18:00:00,328.0,70.4333333333333,277.783333333333
2023-04-23 19:00:00,359.166666666667,74.8,277.016666666667
2023-04-23 20:00:00,363.833333333333,77.85,276.816666666667
2023-04-23 21:00:00,362.666666666667,77.6333333333333,276.7
2023-04-23 22:00:00,362.0,75.9833333333333,276.666666666667
2023-04-23 23:00:00,354.333333333333,78.2333333333333,276.283333333333
2023-04-24 00:00:00,343.666666666667,81.5333333333333,275.983333333333
2023-04-24 01:00:00,340.333333333333,90.2833333333333,275.466666666667
2023-04-24 02:00:00,339.0,100.1,273.15
2023-04-24 03:00:00,346.5,100.783333333333,272.416666666667
2023-04-24 04:00:00,331.833333333333,101.016666666667,272.133333333333
2023-04-24 05:00:00,385.833333333333,101.1,271.983333333333
2023-04-24 06:00:00,425.2,101.08,271.85
2023-04-24 07:00:00,460.666666666667,101.016666666667,272.083333333333
2023-04-24 08:00:00,470.333333333333,100.166666666667,272.416666666667
2023-04-24 09:00:00,411.0,99.78,272.99
2023-04-24 10:00:00,354.0,98.1333333333333,273.5
2023-04-24 11:00:00,328.8,95.48,273.97
2023-04-24 12:00:00,318.333333333333,89.6333333333333,274.3
2023-04-24 13:00:00,312.6,75.76,274.77
2023-04-24 14:00:00,335.6,58.36,275.57
2023-04-24 15:00:00,316.8,56.7,275.31
2023-04-24 16:00:00,336.0,55.9166666666667,275.416666666667
2023-04-24 17:00:00,356.6,64.14,274.11
2023-04-24 18:00:00,339.5,56.0166666666667,274.066666666667
2023-04-24 19:00:00,356.2,65.18,272.79
2023-04-24 20:00:00,382.666666666667,66.0166666666667,272.233333333333
2023-04-24 21:00:00,396.166666666667,66.2833333333333,271.8
2023-04-24 22:00:00,399.166666666667,64.3666666666667,271.483333333333
2023-04-24 23:00:00,396.833333333333,72.6333333333333,271.25
2023-04-25 00:00:00,404.833333333333,78.0833333333333,270.466666666667
2023-04-25 01:00:00,399.666666666667,83.8833333333333,270.4
2023-04-25 02:00:00,399.833333333333,96.9833333333333,270.05
2023-04-25 03:00:00,405.333333333333,94.1333333333333,269.666666666667
2023-04-25 04:00:00,406.666666666667,91.95,269.533333333333
2023-04-25 05:00:00,404.333333333333,95.2,269.383333333333
2023-04-25 06:00:00,403.333333333333,97.55,269.266666666667
2023-04-25 07:00:00,392.333333333333,96.4166666666667,270.016666666667
2023-04-25 08:00:00,374.4,98.36,270.55
2023-04-25 09:00:00,369.333333333333,92.75,270.966666666667
2023-04-25 10:00:00,326.0,89.8666666666667,271.983333333333
2023-04-25 11:00:00,314.2,79.82,272.65
2023-04-25 12:00:00,309.833333333333,79.9666666666667,272.65
2023-04-25 13:00:00,315.0,83.4333333333333,272.216666666667
2023-04-25 14:00:00,312.166666666667,64.3,273.783333333333
2023-04-25 15:00:00,341.0,61.3,273.433333333333
2023-04-25 16:00:00,327.166666666667,67.95,272.566666666667
2023-04-25 17:00:00,372.666666666667,79.9,271.366666666667
2023-04-25 18:00:00,387.333333333333,84.5833333333333,270.233333333333
2023-04-25 19:00:00,391.166666666667,85.1833333333333,269.983333333333
2023-04-25 20:00:00,387.5,84.6166666666667,269.683333333333
2023-04-25 21:00:00,363.166666666667,91.2,269.266666666667
2023-04-25 22:00:00,365.666666666667,98.6666666666667,269.016666666667
2023-04-25 23:00:00,376.666666666667,98.4166666666667,268.883333333333
2023-04-26 00:00:00,384.0,86.2166666666667,268.983333333333
2023-04-26 01:00:00,399.833333333333,82.4333333333333,269.066666666667
2023-04-26 02:00:00,411.333333333333,86.45,268.833333333333
2023-04-26 03:00:00,406.833333333333,89.3666666666667,268.783333333333
2023-04-26 04:00:00,395.666666666667,95.8833333333333,268.65
2023-04-26 05:00:00,392.0,88.7333333333333,268.8
2023-04-26 06:00:00,377.333333333333,91.0,268.766666666667
2023-04-26 07:00:00,352.0,97.6666666666667,269.283333333333
2023-04-26 08:00:00,378.0,93.2666666666667,270.25
2023-04-26 09:00:00,397.333333333333,80.9,269.85
2023-04-26 10:00:00,366.833333333333,65.7,271.383333333333
2023-04-26 11:00:00,319.833333333333,49.8833333333333,273.5
2023-04-26 12:00:00,308.5,41.3166666666667,274.516666666667
2023-04-26 13:00:00,330.166666666667,33.7,275.55
2023-04-26 14:00:00,319.333333333333,23.05,276.033333333333
2023-04-26 15:00:00,325.166666666667,25.2166666666667,277.616666666667
2023-04-26 16:00:00,314.0,22.3666666666667,276.85
2023-04-26 17:00:00,332.0,30.55,276.15
2023-04-26 18:00:00,347.0,27.1,275.633333333333
2023-04-26 19:00:00,387.833333333333,29.8666666666667,274.4
2023-04-26 20:00:00,395.833333333333,36.1833333333333,273.716666666667
2023-04-26 21:00:00,400.333333333333,34.5666666666667,273.7
2023-04-26 22:00:00,397.833333333333,39.8,273.316666666667
2023-04-26 23:00:00,394.166666666667,50.0666666666667,273.316666666667
2023-04-27 00:00:00,394.6,59.2,272.93
2023-04-27 01:00:00,394.166666666667,65.0166666666667,272.683333333333
2023-04-27 02:00:00,394.833333333333,69.85,272.266666666667
2023-04-27 03:00:00,394.6,73.28,272.09
2023-04-27 04:00:00,394.333333333333,80.95,271.516666666667
2023-04-27 05:00:00,393.0,85.5666666666667,271.85
2023-04-27 06:00:00,388.166666666667,91.3,271.983333333333
2023-04-27 07:00:00,339.833333333333,96.6666666666667,272.033333333333
2023-04-27 08:00:00,321.833333333333,86.9333333333333,273.016666666667
2023-04-27 09:00:00,285.166666666667,84.2333333333333,273.866666666667
2023-04-27 10:00:00,292.6,76.94,275.33
2023-04-27 11:00:00,312.0,72.4,276.35
2023-04-27 12:00:00,309.666666666667,55.6166666666667,277.3
2023-04-27 13:00:00,310.666666666667,43.6166666666667,279.2
2023-04-27 14:00:00,,,
2023-04-27 15:00:00,295.166666666667,54.2833333333333,278.866666666667
2023-04-27 16:00:00,301.666666666667,49.9833333333334,279.35
2023-04-27 17:00:00,299.833333333333,47.9166666666667,279.466666666667
2023-04-27 18:00:00,289.333333333333,48.0666666666667,279.25
2023-04-27 19:00:00,295.666666666667,52.2166666666667,277.466666666667
2023-04-27 20:00:00,337.2,56.12,276.83
2023-04-27 21:00:00,341.833333333333,62.4,275.816666666667
2023-04-27 22:00:00,344.166666666667,76.3666666666667,274.833333333333
2023-04-27 23:00:00,345.0,78.4,274.83
2023-04-28 00:00:00,343.0,62.8,275.19
2023-04-28 01:00:00,347.0,67.5333333333333,275.3
2023-04-28 02:00:00,,,
2023-04-28 03:00:00,345.4,62.92,275.31
2023-04-28 04:00:00,,,
2023-04-28 05:00:00,,,
2023-04-28 06:00:00,,,
2023-04-28 07:00:00,,,
2023-04-28 08:00:00,,,
2023-04-28 09:00:00,299.4,99.44,273.79
2023-04-28 10:00:00,,,
2023-04-28 11:00:00,288.2,95.5,276.41
2023-04-28 12:00:00,294.4,98.9,275.73
2023-04-28 13:00:00,,,
2023-04-28 14:00:00,293.2,98.06,277.19
2023-04-28 15:00:00,302.8,98.46,277.49
2023-04-28 16:00:00,267.0,99.08,277.23
2023-04-28 17:00:00,274.666666666667,99.8,277.333333333333
2023-04-28 18:00:00,,,
2023-04-28 19:00:00,297.166666666667,99.6166666666667,276.266666666667
2023-04-28 20:00:00,336.833333333333,96.75,276.516666666667
2023-04-28 21:00:00,336.6,98.12,275.57
2023-04-28 22:00:00,310.4,98.82,275.11
2023-04-28 23:00:00,312.166666666667,99.7333333333333,275.15
2023-04-29 00:00:00,322.833333333333,99.2333333333333,275.533333333333
2023-04-29 01:00:00,325.5,98.8333333333333,275.816666666667
2023-04-29 02:00:00,311.2,99.24,275.73
2023-04-29 03:00:00,294.8,99.1,275.73
2023-04-29 04:00:00,336.4,98.42,275.95
2023-04-29 05:00:00,,,
2023-04-29 06:00:00,327.166666666667,99.45,275.4
2023-04-29 07:00:00,309.0,100.1,275.03
2023-04-29 08:00:00,278.6,99.74,275.93
2023-04-29 09:00:00,269.166666666667,98.9833333333333,277.416666666667
2023-04-29 10:00:00,,,
2023-04-29 11:00:00,266.8,81.1,279.17
2023-04-29 12:00:00,253.4,55.94,280.59
2023-04-29 13:00:00,230.0,46.7,281.43
2023-04-29 14:00:00,,,
2023-04-29 15:00:00,222.666666666667,46.4166666666667,280.933333333333
2023-04-29 16:00:00,220.833333333333,46.0166666666667,280.466666666667
2023-04-29 17:00:00,216.166666666667,49.5166666666667,280.366666666667
2023-04-29 18:00:00,208.0,57.1666666666667,279.583333333333
2023-04-29 19:00:00,204.833333333333,58.3,278.733333333333
2023-04-29 20:00:00,212.0,63.0333333333334,278.35
2023-04-29 21:00:00,239.0,81.6666666666667,277.316666666667
2023-04-29 22:00:00,238.166666666667,95.1,276.25
2023-04-29 23:00:00,250.833333333333,99.6333333333333,275.45
2023-04-30 00:00:00,255.0,99.8833333333334,275.316666666667
2023-04-30 01:00:00,259.333333333333,99.4666666666667,275.116666666667
2023-04-30 02:00:00,259.4,99.4,275.05
2023-04-30 03:00:00,,,
2023-04-30 04:00:00,,,
2023-04-30 05:00:00,259.6,99.72,274.65
2023-04-30 06:00:00,,,
2023-04-30 07:00:00,,,
2023-04-30 08:00:00,228.6,95.12,275.29
2023-04-30 09:00:00,,,
2023-04-30 10:00:00,,,
2023-04-30 11:00:00,194.2,65.34,278.65
2023-04-30 12:00:00,177.8,59.46,280.37
2023-04-30 13:00:00,165.6,61.12,281.35
2023-04-30 14:00:00,154.6,63.32,281.17
2023-04-30 15:00:00,153.4,65.42,280.77
2023-04-30 16:00:00,141.0,57.8833333333333,281.233333333333
2023-04-30 17:00:00,141.166666666667,59.6833333333333,281.15
2023-04-30 18:00:00,132.6,71.8,279.19
2023-04-30 19:00:00,168.166666666667,68.8833333333334,278.133333333333
2023-04-30 20:00:00,176.2,71.12,277.87
2023-04-30 21:00:00,179.0,74.4833333333333,277.35
2023-04-30 22:00:00,178.5,80.65,276.7
2023-04-30 23:00:00,178.0,88.3833333333334,276.3
2023-05-01 00:00:00,178.5,91.25,276.05
2023-05-01 01:00:00,173.0,97.1833333333333,275.616666666667
2023-05-01 02:00:00,177.6,95.96,275.71
2023-05-01 03:00:00,,,
2023-05-01 04:00:00,,,
2023-05-01 05:00:00,187.8,86.14,275.85
2023-05-01 06:00:00,,,
2023-05-01 07:00:00,181.5,82.0,275.933333333333
2023-05-01 08:00:00,154.2,74.44,276.83
2023-05-01 09:00:00,135.8,68.96,278.09
2023-05-01 10:00:00,128.6,65.62,278.81
2023-05-01 11:00:00,124.833333333333,69.0166666666667,278.3
2023-05-01 12:00:00,117.6,68.34,278.45
2023-05-01 13:00:00,124.0,70.7666666666667,277.966666666667
2023-05-01 14:00:00,121.0,62.12,278.81
2023-05-01 15:00:00,111.0,55.85,279.35
2023-05-01 16:00:00,102.0,59.8166666666667,279.1
2023-05-01 17:00:00,112.5,90.1333333333333,276.95
2023-05-01 18:00:00,146.333333333333,98.6833333333333,275.55
2023-05-01 19:00:00,153.166666666667,99.8166666666667,274.783333333333
2023-05-01 20:00:00,156.833333333333,100.583333333333,274.033333333333
2023-05-01 21:00:00,155.833333333333,101.0,273.233333333333
2023-05-01 22:00:00,123.0,101.383333333333,273.166666666667
2023-05-01 23:00:00,118.5,101.566666666667,273.116666666667
2023-05-02 00:00:00,99.3333333333333,101.733333333333,272.933333333333
2023-05-02 01:00:00,95.6666666666667,101.883333333333,272.883333333333
2023-05-02 02:00:00,141.8,101.94,272.75
2023-05-02 03:00:00,,,
2023-05-02 04:00:00,,,
2023-05-02 05:00:00,,,
2023-05-02 06:00:00,,,
2023-05-02 07:00:00,,,
2023-05-02 08:00:00,,,
2023-05-02 09:00:00,,,
2023-05-02 10:00:00,,,
2023-05-02 11:00:00,,,
2023-05-02 12:00:00,,,
2023-05-02 13:00:00,,,
2023-05-02 14:00:00,,,
2023-05-02 15:00:00,,,
2023-05-02 16:00:00,,,
2023-05-02 17:00:00,,,
2023-05-02 18:00:00,,,
2023-05-02 19:00:00,,,
2023-05-02 20:00:00,,,
2023-05-02 21:00:00,129.4,90.92,274.03
2023-05-02 22:00:00,132.6,81.56,274.33
2023-05-02 23:00:00,129.8,97.28,273.47
2023-05-03 00:00:00,,,
2023-05-03 01:00:00,134.6,101.18,272.87
2023-05-03 02:00:00,,,
2023-05-03 03:00:00,,,
2023-05-03 04:00:00,139.0,95.88,272.33
2023-05-03 05:00:00,138.8,93.08,272.15
2023-05-03 06:00:00,,,
2023-05-03 07:00:00,,,
2023-05-03 08:00:00,,,
2023-05-03 09:00:00,,,
2023-05-03 10:00:00,,,
2023-05-03 11:00:00,57.8,66.62,277.21
2023-05-03 12:00:00,,,
2023-05-03 13:00:00,,,
2023-05-03 14:00:00,,,
2023-05-03 15:00:00,43.1666666666667,45.4833333333333,281.25
2023-05-03 16:00:00,38.4,45.32,281.11
2023-05-03 17:00:00,46.1666666666667,57.5,279.45
2023-05-03 18:00:00,,,
2023-05-03 19:00:00,,,
2023-05-03 20:00:00,77.8,64.94,277.19
2023-05-03 21:00:00,83.2,69.2,276.25
2023-05-03 22:00:00,93.0,75.36,275.55
2023-05-03 23:00:00,99.2,78.36,275.27
2023-05-04 00:00:00,96.1666666666667,73.7166666666667,274.983333333333
2023-05-04 01:00:00,99.0,71.8833333333333,275.05
2023-05-04 02:00:00,,,
2023-05-04 03:00:00,,,
2023-05-04 04:00:00,,,
2023-05-04 05:00:00,,,
2023-05-04 06:00:00,96.6,55.0,275.13
2023-05-04 07:00:00,62.8333333333333,48.6333333333333,277.2
2023-05-04 08:00:00,,,
2023-05-04 09:00:00,33.0,38.26,280.17
2023-05-04 10:00:00,33.8,33.42,280.99
2023-05-04 11:00:00,45.1666666666667,30.2666666666667,282.4
2023-05-04 12:00:00,50.3333333333333,29.2666666666667,283.216666666667
2023-05-04 13:00:00,51.2,25.8,284.43
2023-05-04 14:00:00,60.0,21.5166666666667,284.233333333333
2023-05-04 15:00:00,69.8333333333333,21.0666666666667,284.133333333333
2023-05-04 16:00:00,85.1666666666667,22.3166666666667,284.183333333333
2023-05-04 17:00:00,68.1666666666667,23.55,284.35
2023-05-04 18:00:00,49.5,30.8166666666667,283.8
2023-05-04 19:00:00,47.6666666666667,33.8166666666667,281.833333333333
2023-05-04 20:00:00,46.1666666666667,36.5833333333333,281.35
2023-05-04 21:00:00,59.0,39.5,281.033333333333
2023-05-04 22:00:00,66.8333333333333,43.6,280.05
2023-05-04 23:00:00,76.6666666666667,46.4833333333333,279.733333333333
2023-05-05 00:00:00,85.8333333333333,48.0,279.4
2023-05-05 01:00:00,90.8333333333333,49.9333333333333,279.0
2023-05-05 02:00:00,,,
2023-05-05 03:00:00,,,
2023-05-05 04:00:00,,,
2023-05-05 05:00:00,,,
2023-05-05 06:00:00,96.2,56.6,278.51
2023-05-05 07:00:00,85.4,55.22,278.85
2023-05-05 08:00:00,41.2,50.34,281.17
2023-05-05 09:00:00,,,
2023-05-05 10:00:00,44.2,49.0,282.47
2023-05-05 11:00:00,54.4,49.06,282.47
2023-05-05 12:00:00,,,
2023-05-05 13:00:00,,,
2023-05-05 14:00:00,,,
2023-05-05 15:00:00,,,
2023-05-05 16:00:00,,,
2023-05-05 17:00:00,,,
2023-05-05 18:00:00,,,
2023-05-05 19:00:00,,,
2023-05-05 20:00:00,,,
2023-05-05 21:00:00,,,
2023-05-05 22:00:00,76.6,91.5,278.47
2023-05-05 23:00:00,85.4,86.02,278.09
2023-05-06 00:00:00,81.0,90.52,277.83
2023-05-06 01:00:00,,,
2023-05-06 02:00:00,82.4,96.62,277.43
2023-05-06 03:00:00,,,
2023-05-06 04:00:00,,,
2023-05-06 05:00:00,,,
2023-05-06 06:00:00,,,
2023-05-06 07:00:00,85.4,98.84,277.13
2023-05-06 08:00:00,,,
2023-05-06 09:00:00,58.6,96.82,278.43
2023-05-06 10:00:00,,,
2023-05-06 11:00:00,,,
2023-05-06 12:00:00,48.1666666666667,80.2333333333333,281.166666666667
2023-05-06 13:00:00,,,
2023-05-06 14:00:00,48.2,66.72,282.01
2023-05-06 15:00:00,59.0,55.54,283.91
2023-05-06 16:00:00,59.8,53.52,284.13
2023-05-06 17:00:00,53.2,51.06,284.21
2023-05-06 18:00:00,,,
2023-05-06 19:00:00,,,
2023-05-06 20:00:00,58.2,65.28,281.01
2023-05-06 21:00:00,,,
2023-05-06 22:00:00,,,
2023-05-06 23:00:00,80.6666666666667,85.3833333333333,279.3
2023-05-07 00:00:00,80.0,84.5333333333334,279.35
2023-05-07 01:00:00,81.5,84.0,278.566666666667
2023-05-07 02:00:00,79.0,94.24,277.65
2023-05-07 03:00:00,,,
2023-05-07 04:00:00,79.2,74.82,278.53
2023-05-07 05:00:00,83.5,70.2,278.733333333333
2023-05-07 06:00:00,81.6,70.56,278.55
2023-05-07 07:00:00,,,
2023-05-07 08:00:00,48.1666666666667,63.8666666666667,280.383333333333
2023-05-07 09:00:00,50.6666666666667,62.4833333333333,282.083333333333
2023-05-07 10:00:00,54.5,59.15,282.783333333333
2023-05-07 11:00:00,50.5,43.6,283.583333333333
2023-05-07 12:00:00,48.8333333333333,39.2333333333333,283.833333333333
2023-05-07 13:00:00,53.8333333333333,37.8,284.416666666667
2023-05-07 14:00:00,56.1666666666667,34.9666666666667,284.983333333333
2023-05-07 15:00:00,59.8333333333333,32.4833333333333,285.566666666667
2023-05-07 16:00:00,57.3333333333333,33.4833333333333,285.833333333333
2023-05-07 17:00:00,55.3333333333333,43.35,284.85
2023-05-07 18:00:00,63.6666666666667,50.25,283.783333333333
2023-05-07 19:00:00,62.8333333333333,60.3833333333333,281.783333333333
2023-05-07 20:00:00,61.6666666666667,68.5666666666667,281.0
2023-05-07 21:00:00,61.5,71.3666666666667,280.016666666667
2023-05-07 22:00:00,61.6666666666667,76.6333333333333,279.35
2023-05-07 23:00:00,102.333333333333,94.2833333333333,277.583333333333
2023-05-08 00:00:00,117.833333333333,97.05,276.283333333333
2023-05-08 01:00:00,172.5,98.4666666666667,275.816666666667
2023-05-08 02:00:00,104.333333333333,97.7666666666667,275.95
2023-05-08 03:00:00,100.333333333333,98.4166666666667,275.966666666667
2023-05-08 04:00:00,103.666666666667,98.4833333333333,275.95
2023-05-08 05:00:00,101.333333333333,98.8833333333333,275.85
2023-05-08 06:00:00,98.5,99.9166666666667,275.666666666667
2023-05-08 07:00:00,106.666666666667,100.083333333333,275.9
2023-05-08 08:00:00,171.666666666667,100.316666666667,276.266666666667
2023-05-08 09:00:00,161.666666666667,100.366666666667,276.333333333333
2023-05-08 10:00:00,106.666666666667,100.833333333333,276.833333333333
2023-05-08 11:00:00,68.6666666666667,101.05,277.3
2023-05-08 12:00:00,63.8333333333333,101.016666666667,277.8
2023-05-08 13:00:00,54.6666666666667,100.55,278.683333333333
2023-05-08 14:00:00,62.5,99.6333333333333,279.183333333333
2023-05-08 15:00:00,60.6666666666667,99.3166666666667,279.733333333333
2023-05-08 16:00:00,58.0,100.3,279.533333333333
2023-05-08 17:00:00,61.8333333333333,100.516666666667,278.95
2023-05-08 18:00:00,62.6666666666667,100.133333333333,278.516666666667
2023-05-08 19:00:00,85.3333333333333,99.2833333333333,278.25
2023-05-08 20:00:00,93.8333333333333,99.9833333333333,277.75
2023-05-08 21:00:00,95.8333333333333,99.75,277.183333333333
2023-05-08 22:00:00,99.8333333333333,99.8166666666667,276.816666666667
2023-05-08 23:00:00,98.6666666666667,99.1666666666667,276.966666666667
2023-05-09 00:00:00,97.0,99.64,276.93
2023-05-09 01:00:00,100.5,99.95,276.733333333333
2023-05-09 02:00:00,100.166666666667,100.05,276.6
2023-05-09 03:00:00,99.3333333333333,100.333333333333,276.566666666667
2023-05-09 04:00:00,99.6666666666667,100.15,276.6
2023-05-09 05:00:00,97.6,99.6,276.51
2023-05-09 06:00:00,96.0,99.3166666666667,276.633333333333
2023-05-09 07:00:00,85.8333333333333,99.8,276.966666666667
2023-05-09 08:00:00,67.5,100.283333333333,277.366666666667
2023-05-09 09:00:00,62.0,99.4,278.566666666667
2023-05-09 10:00:00,64.8333333333333,99.0,278.816666666667
2023-05-09 11:00:00,64.0,93.45,280.25
2023-05-09 12:00:00,62.0,66.0166666666667,281.15
2023-05-09 13:00:00,65.0,61.8833333333333,282.15
2023-05-09 14:00:00,61.1666666666667,56.8666666666667,282.216666666667
2023-05-09 15:00:00,63.3333333333333,54.6333333333333,283.433333333333
2023-05-09 16:00:00,58.1666666666667,56.7833333333333,283.15
2023-05-09 17:00:00,58.6666666666667,62.7166666666667,282.383333333333
2023-05-09 18:00:00,57.5,70.15,280.983333333333
2023-05-09 19:00:00,60.6666666666667,78.5333333333334,279.466666666667
2023-05-09 20:00:00,78.6666666666667,87.65,278.683333333333
2023-05-09 21:00:00,89.0,97.9333333333333,277.916666666667
2023-05-09 22:00:00,90.1666666666667,99.0333333333334,277.483333333333
2023-05-09 23:00:00,90.1666666666667,98.9166666666667,277.416666666667
2023-05-10 00:00:00,94.8333333333333,99.1666666666667,277.216666666667
2023-05-10 01:00:00,96.6666666666667,99.5,276.95
2023-05-10 02:00:00,92.6666666666667,99.0666666666667,276.816666666667
2023-05-10 03:00:00,92.6666666666667,98.1333333333333,276.75
2023-05-10 04:00:00,97.3333333333333,98.9833333333333,276.0
2023-05-10 05:00:00,101.833333333333,98.9,275.516666666667
2023-05-10 06:00:00,101.5,99.2333333333333,275.65
2023-05-10 07:00:00,94.0,99.95,275.55
2023-05-10 08:00:00,93.6666666666667,99.6833333333333,275.716666666667
2023-05-10 09:00:00,94.6666666666667,99.35,275.516666666667
2023-05-10 10:00:00,86.8333333333333,99.5166666666667,275.466666666667
2023-05-10 11:00:00,106.166666666667,99.6666666666667,274.866666666667
2023-05-10 12:00:00,87.5,99.2,275.466666666667
2023-05-10 13:00:00,96.6666666666667,99.1833333333333,275.3
2023-05-10 14:00:00,105.166666666667,100.2,274.866666666667
2023-05-10 15:00:00,103.0,100.533333333333,274.916666666667
2023-05-10 16:00:00,104.666666666667,100.583333333333,274.316666666667
2023-05-10 17:00:00,109.333333333333,100.733333333333,273.783333333333
2023-05-10 18:00:00,109.833333333333,100.883333333333,273.333333333333
2023-05-10 19:00:00,104.666666666667,101.066666666667,273.3
2023-05-10 20:00:00,170.333333333333,101.416666666667,273.233333333333
2023-05-10 21:00:00,134.833333333333,101.483333333333,272.933333333333
2023-05-10 22:00:00,87.1666666666667,101.616666666667,272.583333333333
2023-05-10 23:00:00,94.3333333333333,101.733333333333,272.283333333333
2023-05-11 00:00:00,89.0,101.783333333333,272.233333333333
2023-05-11 01:00:00,90.1666666666667,101.766666666667,272.033333333333
2023-05-11 02:00:00,99.6,101.64,272.01
2023-05-11 03:00:00,133.8,101.48,271.97
2023-05-11 04:00:00,126.0,101.25,271.9
2023-05-11 05:00:00,149.6,101.06,271.79
2023-05-11 06:00:00,114.666666666667,101.016666666667,271.9
2023-05-11 07:00:00,118.666666666667,101.516666666667,272.316666666667
2023-05-11 08:00:00,132.5,101.283333333333,272.833333333333
2023-05-11 09:00:00,148.5,100.983333333333,273.05
2023-05-11 10:00:00,117.166666666667,100.95,273.383333333333
2023-05-11 11:00:00,118.0,100.8,274.21
2023-05-11 12:00:00,101.333333333333,100.266666666667,273.766666666667
2023-05-11 13:00:00,51.1666666666667,100.283333333333,273.133333333333
2023-05-11 14:00:00,56.5,100.35,273.2
2023-05-11 15:00:00,87.5,100.466666666667,273.3
2023-05-11 16:00:00,102.5,100.783333333333,273.433333333333
2023-05-11 17:00:00,93.4,100.92,273.55
2023-05-11 18:00:00,124.666666666667,101.133333333333,273.55
2023-05-11 19:00:00,157.5,101.033333333333,273.25
2023-05-11 20:00:00,151.166666666667,101.383333333333,273.433333333333
2023-05-11 21:00:00,133.0,101.533333333333,273.15
2023-05-11 22:00:00,115.5,101.566666666667,273.083333333333
2023-05-11 23:00:00,99.3333333333333,101.583333333333,272.933333333333
2023-05-12 00:00:00,114.5,101.683333333333,272.75
2023-05-12 01:00:00,108.833333333333,101.833333333333,272.65
2023-05-12 02:00:00,99.5,101.966666666667,272.65
2023-05-12 03:00:00,59.1666666666667,102.1,272.6
2023-05-12 04:00:00,96.0,102.1,272.533333333333
2023-05-12 05:00:00,111.166666666667,101.933333333333,272.466666666667
2023-05-12 06:00:00,110.166666666667,101.733333333333,272.566666666667
2023-05-12 07:00:00,120.166666666667,101.083333333333,272.666666666667
2023-05-12 08:00:00,129.0,101.15,273.016666666667
2023-05-12 09:00:00,84.0,100.9,273.433333333333
2023-05-12 10:00:00,121.666666666667,100.866666666667,273.683333333333
2023-05-12 11:00:00,75.2,100.84,274.59
2023-05-12 12:00:00,77.8,100.72,274.99
2023-05-12 13:00:00,77.8333333333333,100.483333333333,276.383333333333
2023-05-12 14:00:00,65.0,100.233333333333,276.45
2023-05-12 15:00:00,72.1666666666667,96.15,277.733333333333
2023-05-12 16:00:00,65.1666666666667,86.9666666666667,276.7
2023-05-12 17:00:00,76.0,95.9,276.21
2023-05-12 18:00:00,78.0,98.04,276.07
2023-05-12 19:00:00,90.0,99.0333333333334,275.066666666667
2023-05-12 20:00:00,95.5,98.3333333333333,275.066666666667
2023-05-12 21:00:00,100.166666666667,98.3833333333333,274.8
2023-05-12 22:00:00,103.5,98.6666666666667,274.4
2023-05-12 23:00:00,104.0,96.3666666666667,274.683333333333
2023-05-13 00:00:00,103.6,95.1,274.65
2023-05-13 01:00:00,105.5,93.5166666666667,274.35
2023-05-13 02:00:00,109.5,89.4333333333333,274.083333333333
2023-05-13 03:00:00,113.0,87.2,273.983333333333
2023-05-13 04:00:00,110.166666666667,86.8333333333333,274.033333333333
2023-05-13 05:00:00,109.6,86.5,273.99
2023-05-13 06:00:00,106.6,83.88,274.13
2023-05-13 07:00:00,102.333333333333,86.65,274.75
2023-05-13 08:00:00,97.8333333333333,91.45,275.183333333333
2023-05-13 09:00:00,105.166666666667,94.95,274.516666666667
2023-05-13 10:00:00,103.333333333333,96.8666666666667,274.233333333333
2023-05-13 11:00:00,76.0,89.7333333333333,275.633333333333
2023-05-13 12:00:00,73.3333333333333,75.3833333333333,277.316666666667
2023-05-13 13:00:00,69.6666666666667,66.35,278.316666666667
2023-05-13 14:00:00,69.0,64.7666666666667,278.716666666667
2023-05-13 15:00:00,73.5,63.2,279.466666666667
2023-05-13 16:00:00,69.6666666666667,61.9333333333333,279.216666666667
2023-05-13 17:00:00,71.5,66.0666666666667,278.416666666667
2023-05-13 18:00:00,71.0,83.25,277.416666666667
2023-05-13 19:00:00,86.8333333333334,95.45,275.933333333333
2023-05-13 20:00:00,97.5,98.65,275.016666666667
2023-05-13 21:00:00,78.6666666666667,99.6666666666667,274.516666666667
2023-05-13 22:00:00,94.6666666666667,98.7333333333333,274.233333333333
2023-05-13 23:00:00,109.333333333333,96.5,274.183333333333
2023-05-14 00:00:00,110.166666666667,87.3333333333333,274.5
2023-05-14 01:00:00,115.0,84.05,274.366666666667
2023-05-14 02:00:00,111.333333333333,83.0,274.116666666667
2023-05-14 03:00:00,117.166666666667,82.3,273.95
2023-05-14 04:00:00,147.833333333333,98.4333333333333,272.666666666667
2023-05-14 05:00:00,127.5,100.966666666667,272.7
2023-05-14 06:00:00,117.333333333333,100.183333333333,273.016666666667
2023-05-14 07:00:00,107.5,99.2166666666667,273.35
2023-05-14 08:00:00,118.0,98.2666666666667,273.616666666667
2023-05-14 09:00:00,115.0,97.75,274.166666666667
2023-05-14 10:00:00,75.6666666666667,89.6833333333333,275.683333333333
2023-05-14 11:00:00,74.1666666666667,79.4166666666667,277.2
2023-05-14 12:00:00,68.0,71.8,277.966666666667
2023-05-14 13:00:00,63.1666666666667,73.1833333333333,277.983333333333
2023-05-14 14:00:00,66.5,88.0833333333333,276.483333333333
2023-05-14 15:00:00,67.5,82.5,277.466666666667
2023-05-14 16:00:00,66.0,95.7833333333333,275.616666666667
2023-05-14 17:00:00,93.6666666666667,94.8666666666667,275.366666666667
2023-05-14 18:00:00,77.1666666666667,98.5333333333334,275.016666666667
2023-05-14 19:00:00,111.0,99.2333333333333,274.366666666667
2023-05-14 20:00:00,105.5,99.85,274.233333333333
2023-05-14 21:00:00,102.333333333333,100.95,273.55
2023-05-14 22:00:00,112.5,101.15,273.55
2023-05-14 23:00:00,128.0,101.183333333333,273.45
2023-05-15 00:00:00,97.8333333333333,101.583333333333,273.316666666667
2023-05-15 01:00:00,127.166666666667,101.916666666667,273.333333333333
2023-05-15 02:00:00,121.833333333333,90.8166666666667,274.133333333333
2023-05-15 03:00:00,116.333333333333,82.8,274.166666666667
2023-05-15 04:00:00,120.5,97.2333333333334,273.383333333333
2023-05-15 05:00:00,135.333333333333,100.216666666667,273.05
2023-05-15 06:00:00,128.333333333333,98.6,273.016666666667
2023-05-15 07:00:00,118.166666666667,99.35,272.95
2023-05-15 08:00:00,105.833333333333,99.75,273.0
2023-05-15 09:00:00,108.833333333333,97.1166666666667,273.733333333333
2023-05-15 10:00:00,75.5,95.7,274.616666666667
2023-05-15 11:00:00,80.1666666666667,92.3333333333333,274.966666666667
2023-05-15 12:00:00,81.1666666666667,72.55,276.25
2023-05-15 13:00:00,83.6666666666667,66.3833333333334,277.266666666667
2023-05-15 14:00:00,81.5,67.0166666666667,278.066666666667
2023-05-15 15:00:00,77.3333333333333,75.2166666666667,277.5
2023-05-15 16:00:00,77.6666666666667,80.95,276.7
2023-05-15 17:00:00,85.6666666666667,73.3666666666667,277.283333333333
2023-05-15 18:00:00,76.6666666666667,64.4166666666667,277.75
2023-05-15 19:00:00,102.5,73.85,275.883333333333
2023-05-15 20:00:00,109.5,74.05,275.95
2023-05-15 21:00:00,115.666666666667,72.0666666666667,275.7
2023-05-15 22:00:00,130.5,71.1833333333333,275.75
2023-05-15 23:00:00,159.166666666667,79.7,275.2
2023-05-16 00:00:00,148.5,90.3666666666667,274.4
2023-05-16 01:00:00,106.333333333333,72.95,275.116666666667
2023-05-16 02:00:00,124.5,82.85,274.666666666667
2023-05-16 03:00:00,96.5,99.8833333333333,273.566666666667
2023-05-16 04:00:00,99.5,101.0,273.333333333333
2023-05-16 05:00:00,100.333333333333,101.55,273.25
2023-05-16 06:00:00,106.166666666667,101.933333333333,273.283333333333
2023-05-16 07:00:00,110.5,101.7,273.333333333333
2023-05-16 08:00:00,118.0,101.1,273.466666666667
2023-05-16 09:00:00,131.0,100.883333333333,273.55
2023-05-16 10:00:00,178.5,100.9,273.5
2023-05-16 11:00:00,187.833333333333,100.9,273.683333333333
2023-05-16 12:00:00,197.166666666667,100.866666666667,273.766666666667
2023-05-16 13:00:00,162.166666666667,100.816666666667,273.766666666667
2023-05-16 14:00:00,122.666666666667,100.8,273.95
2023-05-16 15:00:00,115.5,100.816666666667,274.183333333333
2023-05-16 16:00:00,106.833333333333,100.85,274.45
2023-05-16 17:00:00,114.0,100.866666666667,274.233333333333
2023-05-16 18:00:00,114.0,100.833333333333,274.133333333333
2023-05-16 19:00:00,114.0,100.983333333333,274.283333333333
2023-05-16 20:00:00,117.166666666667,90.3166666666667,274.8
2023-05-16 21:00:00,124.0,81.0333333333333,274.55
2023-05-16 22:00:00,129.833333333333,81.2166666666667,274.35
2023-05-16 23:00:00,116.166666666667,79.6666666666667,274.283333333333
2023-05-17 00:00:00,114.833333333333,79.6166666666667,274.133333333333
2023-05-17 01:00:00,110.0,79.6,273.916666666667
2023-05-17 02:00:00,110.166666666667,80.0333333333334,273.683333333333
2023-05-17 03:00:00,114.0,80.75,273.4
2023-05-17 04:00:00,112.666666666667,96.9333333333334,271.916666666667
2023-05-17 05:00:00,115.5,100.166666666667,271.0
2023-05-17 06:00:00,111.0,100.25,270.7
2023-05-17 07:00:00,141.5,100.383333333333,270.783333333333
2023-05-17 08:00:00,185.666666666667,99.8,270.933333333333
2023-05-17 09:00:00,246.5,99.7333333333333,270.95
2023-05-17 10:00:00,267.666666666667,99.8,271.2
2023-05-17 11:00:00,272.833333333333,99.8666666666667,271.166666666667
2023-05-17 12:00:00,247.666666666667,99.95,271.466666666667
2023-05-17 13:00:00,150.0,100.1,271.8
2023-05-17 14:00:00,137.5,100.183333333333,271.816666666667
2023-05-17 15:00:00,120.0,100.233333333333,271.916666666667
2023-05-17 16:00:00,129.5,100.333333333333,272.1
2023-05-17 17:00:00,128.166666666667,100.333333333333,271.966666666667
2023-05-17 18:00:00,128.833333333333,100.266666666667,271.733333333333
2023-05-17 19:00:00,116.333333333333,100.416666666667,271.916666666667
2023-05-17 20:00:00,116.166666666667,100.666666666667,272.1
2023-05-17 21:00:00,113.5,100.9,271.666666666667
2023-05-17 22:00:00,115.5,100.983333333333,271.616666666667
2023-05-17 23:00:00,115.833333333333,101.1,271.55
2023-05-18 00:00:00,113.166666666667,101.15,271.483333333333
2023-05-18 01:00:00,115.833333333333,101.166666666667,271.333333333333
2023-05-18 02:00:00,121.333333333333,100.866666666667,271.066666666667
2023-05-18 03:00:00,121.666666666667,100.366666666667,270.85
2023-05-18 04:00:00,121.0,99.7166666666667,270.733333333333
2023-05-18 05:00:00,117.666666666667,100.033333333333,270.666666666667
2023-05-18 06:00:00,122.0,99.7666666666667,270.5
2023-05-18 07:00:00,117.666666666667,99.85,270.9
2023-05-18 08:00:00,117.166666666667,99.9,271.4
2023-05-18 09:00:00,146.0,99.9833333333333,271.85
2023-05-18 10:00:00,182.0,100.383333333333,272.633333333333
2023-05-18 11:00:00,132.333333333333,100.666666666667,273.166666666667
2023-05-18 12:00:00,130.333333333333,100.95,273.95
2023-05-18 13:00:00,96.6666666666667,101.183333333333,275.183333333333
2023-05-18 14:00:00,83.1666666666667,101.016666666667,276.15
2023-05-18 15:00:00,81.3333333333333,100.816666666667,276.533333333333
2023-05-18 16:00:00,81.5,100.466666666667,276.466666666667
2023-05-18 17:00:00,83.8333333333333,99.95,275.916666666667
2023-05-18 18:00:00,87.0,99.2833333333333,275.133333333333
2023-05-18 19:00:00,83.6666666666667,100.383333333333,274.716666666667
2023-05-18 20:00:00,72.3333333333333,101.05,274.35
2023-05-18 21:00:00,56.0,101.283333333333,274.183333333333
2023-05-18 22:00:00,47.8333333333333,101.733333333333,274.183333333333
2023-05-18 23:00:00,60.1666666666667,102.033333333333,274.233333333333
2023-05-19 00:00:00,74.1666666666667,102.15,274.216666666667
2023-05-19 01:00:00,86.0,102.25,274.3
2023-05-19 02:00:00,89.1666666666667,102.283333333333,274.6
2023-05-19 03:00:00,89.6666666666667,102.133333333333,274.983333333333
2023-05-19 04:00:00,98.3333333333333,99.5166666666667,275.433333333333
2023-05-19 05:00:00,111.166666666667,90.8,276.083333333333
2023-05-19 06:00:00,110.0,86.35,276.416666666667
2023-05-19 07:00:00,106.333333333333,84.7333333333333,276.916666666667
2023-05-19 08:00:00,86.8333333333333,81.0,277.65
2023-05-19 09:00:00,74.1666666666667,77.3166666666667,278.216666666667
2023-05-19 10:00:00,100.0,73.7166666666667,278.816666666667
2023-05-19 11:00:00,91.1666666666667,68.15,279.866666666667
2023-05-19 12:00:00,78.0,66.4166666666667,280.366666666667
2023-05-19 13:00:00,78.1666666666667,64.2833333333333,281.016666666667
2023-05-19 14:00:00,79.8333333333333,65.65,281.0
2023-05-19 15:00:00,79.1666666666667,64.2333333333334,281.25
2023-05-19 16:00:00,66.0,67.1833333333333,280.416666666667
2023-05-19 17:00:00,66.0,76.9333333333333,279.05
2023-05-19 18:00:00,60.6666666666667,79.5333333333333,278.95
2023-05-19 19:00:00,96.3333333333333,85.15,277.816666666667
2023-05-19 20:00:00,110.0,88.2833333333334,277.4
2023-05-19 21:00:00,126.333333333333,81.05,277.15
2023-05-19 22:00:00,107.0,79.0666666666667,277.15
2023-05-19 23:00:00,102.666666666667,81.05,276.916666666667
2023-05-20 00:00:00,102.666666666667,82.9,276.783333333333
2023-05-20 01:00:00,104.166666666667,83.45,276.7
2023-05-20 02:00:00,104.833333333333,87.15,276.3
2023-05-20 03:00:00,105.666666666667,86.5833333333333,276.4
2023-05-20 04:00:00,105.0,85.05,276.483333333333
2023-05-20 05:00:00,104.333333333333,84.7333333333333,276.483333333333
2023-05-20 06:00:00,103.166666666667,81.4166666666667,276.833333333333
2023-05-20 07:00:00,99.3333333333333,78.9166666666667,277.65
2023-05-20 08:00:00,97.6666666666667,83.0,277.633333333333
2023-05-20 09:00:00,82.8333333333333,78.2833333333334,278.15
2023-05-20 10:00:00,70.0,68.2,279.966666666667
2023-05-20 11:00:00,75.3333333333333,64.8166666666667,280.35
2023-05-20 12:00:00,108.833333333333,68.9833333333333,279.383333333333
2023-05-20 13:00:00,100.5,73.2333333333333,279.183333333333
2023-05-20 14:00:00,80.1666666666667,75.7833333333334,278.85
2023-05-20 15:00:00,80.3333333333333,75.4,279.233333333333
2023-05-20 16:00:00,80.5,73.8666666666667,279.716666666667
2023-05-20 17:00:00,64.8333333333333,76.3833333333334,279.383333333333
2023-05-20 18:00:00,68.8333333333333,76.0333333333334,279.333333333333
2023-05-20 19:00:00,96.6666666666667,76.7833333333333,278.533333333333
2023-05-20 20:00:00,106.0,80.1666666666667,278.116666666667
2023-05-20 21:00:00,107.833333333333,79.6333333333334,278.066666666667
2023-05-20 22:00:00,106.0,73.4,278.483333333333
2023-05-20 23:00:00,103.666666666667,74.2666666666667,278.25
2023-05-21 00:00:00,101.666666666667,73.95,278.316666666667
2023-05-21 01:00:00,100.833333333333,74.1833333333333,278.266666666667
2023-05-21 02:00:00,101.0,73.2166666666667,278.233333333333
2023-05-21 03:00:00,102.166666666667,71.7,278.3
2023-05-21 04:00:00,101.166666666667,68.9833333333333,278.483333333333
2023-05-21 05:00:00,102.0,68.55,278.416666666667
2023-05-21 06:00:00,99.3333333333333,70.3833333333333,278.566666666667
2023-05-21 07:00:00,82.8333333333333,67.8,279.283333333333
2023-05-21 08:00:00,64.0,64.1333333333333,280.616666666667
2023-05-21 09:00:00,65.5,67.2166666666667,280.133333333333
2023-05-21 10:00:00,82.0,62.4666666666667,281.816666666667
2023-05-21 11:00:00,84.1666666666667,61.2666666666667,281.733333333333
2023-05-21 12:00:00,85.6666666666667,58.9833333333333,282.416666666667
2023-05-21 13:00:00,76.3333333333333,53.5,284.233333333333
2023-05-21 14:00:00,69.5,51.9166666666667,283.95
2023-05-21 15:00:00,73.0,47.9333333333333,284.6
2023-05-21 16:00:00,77.5,46.1666666666667,284.9
2023-05-21 17:00:00,82.3333333333333,48.2166666666667,284.383333333333
2023-05-21 18:00:00,78.1666666666667,46.8833333333333,284.45
2023-05-21 19:00:00,39.5,48.95,283.433333333333
2023-05-21 20:00:00,49.8333333333333,53.5833333333333,281.916666666667
2023-05-21 21:00:00,61.3333333333333,60.0666666666667,281.333333333333
2023-05-21 22:00:00,58.0,66.4166666666667,280.433333333333
2023-05-21 23:00:00,67.0,63.4666666666667,280.466666666667
2023-05-22 00:00:00,77.1666666666667,66.25,280.166666666667
2023-05-22 01:00:00,76.1666666666667,68.0666666666667,279.816666666667
2023-05-22 02:00:00,87.0,66.8833333333333,279.816666666667
2023-05-22 03:00:00,84.0,67.5166666666667,279.6
2023-05-22 04:00:00,91.5,66.8666666666667,279.583333333333
2023-05-22 05:00:00,77.5,66.5666666666667,279.616666666667
2023-05-22 06:00:00,78.8333333333333,67.5,279.616666666667
2023-05-22 07:00:00,76.0,62.6166666666667,281.466666666667
2023-05-22 08:00:00,69.3333333333333,59.1166666666667,282.45
2023-05-22 09:00:00,63.5,54.4333333333333,283.45
2023-05-22 10:00:00,71.6666666666667,49.15,285.033333333333
2023-05-22 11:00:00,85.0,42.7666666666667,285.833333333333
2023-05-22 12:00:00,90.1666666666667,40.45,286.4
2023-05-22 13:00:00,86.1666666666667,36.6,286.766666666667
2023-05-22 14:00:00,77.0,37.0333333333333,286.633333333333
2023-05-22 15:00:00,80.6666666666667,36.1333333333333,287.25
2023-05-22 16:00:00,93.5,37.5166666666667,287.016666666667
2023-05-22 17:00:00,106.833333333333,35.9833333333333,287.3
2023-05-22 18:00:00,90.5,38.9833333333333,286.916666666667
2023-05-22 19:00:00,102.0,42.8833333333333,284.816666666667
2023-05-22 20:00:00,83.5,53.0333333333334,283.566666666667
2023-05-22 21:00:00,81.0,67.45,282.85
2023-05-22 22:00:00,67.1666666666667,71.3666666666667,282.083333333333
2023-05-22 23:00:00,65.8333333333333,73.4333333333333,281.716666666667
2023-05-23 00:00:00,60.6666666666667,75.15,281.283333333333
2023-05-23 01:00:00,61.5,74.5,280.883333333333
2023-05-23 02:00:00,66.6666666666667,76.1833333333333,280.183333333333
2023-05-23 03:00:00,66.3333333333333,74.55,280.433333333333
2023-05-23 04:00:00,68.8333333333333,71.2,280.583333333333
2023-05-23 05:00:00,72.1666666666667,70.0333333333333,280.533333333333
2023-05-23 06:00:00,70.1666666666667,71.5666666666667,280.183333333333
2023-05-23 07:00:00,67.3333333333333,73.5,280.266666666667
2023-05-23 08:00:00,71.5,77.7166666666667,280.0
2023-05-23 09:00:00,72.8333333333333,86.8166666666667,279.983333333333
2023-05-23 10:00:00,75.5,95.25,279.483333333333
2023-05-23 11:00:00,76.3333333333333,94.2666666666667,280.466666666667
2023-05-23 12:00:00,69.3333333333333,74.6166666666667,282.333333333333
2023-05-23 13:00:00,61.1666666666667,66.2333333333333,283.816666666667
2023-05-23 14:00:00,64.3333333333333,63.05,284.6
2023-05-23 15:00:00,62.3333333333333,61.55,285.383333333333
2023-05-23 16:00:00,58.0,68.7666666666667,283.9
2023-05-23 17:00:00,53.0,74.0166666666667,283.066666666667
2023-05-23 18:00:00,37.3333333333333,80.7333333333333,282.016666666667
2023-05-23 19:00:00,62.0,90.2333333333333,280.616666666667
2023-05-23 20:00:00,70.6666666666667,98.5,279.733333333333
2023-05-23 21:00:00,82.6666666666667,99.3,279.266666666667
2023-05-23 22:00:00,90.1666666666667,99.0666666666667,279.15
2023-05-23 23:00:00,84.8333333333333,99.0,279.233333333333
2023-05-24 00:00:00,87.5,100.416666666667,278.966666666667
2023-05-24 01:00:00,86.0,100.866666666667,278.733333333333
2023-05-24 02:00:00,86.0,101.7,278.533333333333
2023-05-24 03:00:00,83.2,102.04,278.45
2023-05-24 04:00:00,81.8333333333333,102.216666666667,278.35
2023-05-24 05:00:00,87.1666666666667,102.266666666667,278.116666666667
2023-05-24 06:00:00,115.0,102.25,278.083333333333
2023-05-24 07:00:00,122.5,102.033333333333,278.333333333333
2023-05-24 08:00:00,70.0,101.45,278.733333333333
2023-05-24 09:00:00,63.6666666666667,101.333333333333,278.533333333333
2023-05-24 10:00:00,84.5,101.55,278.7
2023-05-24 11:00:00,82.6666666666667,101.416666666667,278.433333333333
2023-05-24 12:00:00,88.3333333333333,101.666666666667,278.8
2023-05-24 13:00:00,75.5,100.9,279.233333333333
2023-05-24 14:00:00,80.3333333333333,101.033333333333,278.183333333333
2023-05-24 15:00:00,79.6666666666667,100.883333333333,277.783333333333
2023-05-24 16:00:00,73.0,101.05,277.316666666667
2023-05-24 17:00:00,81.3333333333334,101.366666666667,277.233333333333
2023-05-24 18:00:00,93.3333333333333,101.65,277.183333333333
2023-05-24 19:00:00,103.666666666667,101.666666666667,276.35
2023-05-24 20:00:00,104.833333333333,101.666666666667,275.2
2023-05-24 21:00:00,140.666666666667,101.683333333333,274.733333333333
2023-05-24 22:00:00,135.166666666667,101.883333333333,274.483333333333
2023-05-24 23:00:00,119.833333333333,102.1,274.85
2023-05-25 00:00:00,105.5,101.25,275.8
2023-05-25 01:00:00,121.666666666667,98.5833333333333,276.45
2023-05-25 02:00:00,100.5,99.0666666666667,276.583333333333
2023-05-25 03:00:00,106.166666666667,98.8333333333333,276.583333333333
2023-05-25 04:00:00,126.0,96.4833333333334,276.916666666667
2023-05-25 05:00:00,144.166666666667,97.05,277.266666666667
2023-05-25 06:00:00,114.666666666667,89.2666666666667,277.7
2023-05-25 07:00:00,113.333333333333,92.3,277.766666666667
2023-05-25 08:00:00,91.3333333333333,88.2333333333333,278.6
2023-05-25 09:00:00,95.3333333333333,81.9833333333333,279.3
2023-05-25 10:00:00,95.0,80.4833333333333,279.8
2023-05-25 11:00:00,77.0,76.8,280.5
2023-05-25 12:00:00,68.8333333333333,70.3833333333333,281.566666666667
2023-05-25 13:00:00,62.5,68.1833333333333,282.3
2023-05-25 14:00:00,57.5,64.6333333333333,282.45
2023-05-25 15:00:00,58.8333333333333,59.3333333333333,283.666666666667
2023-05-25 16:00:00,62.0,49.9166666666667,285.683333333333
2023-05-25 17:00:00,60.0,44.95,286.083333333333
2023-05-25 18:00:00,53.5,43.3833333333333,285.816666666667
2023-05-25 19:00:00,47.3333333333333,48.2333333333333,283.716666666667
2023-05-25 20:00:00,78.5,52.7,282.6
2023-05-25 21:00:00,87.3333333333333,59.65,282.1
2023-05-25 22:00:00,88.3333333333333,72.1,280.8
2023-05-25 23:00:00,79.5,85.1333333333333,279.983333333333
2023-05-26 00:00:00,65.6666666666667,90.3166666666666,279.533333333333
2023-05-26 01:00:00,76.8333333333333,93.25,279.5
2023-05-26 02:00:00,102.166666666667,88.2833333333334,279.533333333333
2023-05-26 03:00:00,133.833333333333,88.7666666666667,279.216666666667
2023-05-26 04:00:00,141.833333333333,84.3833333333333,279.016666666667
2023-05-26 05:00:00,140.0,71.9166666666667,279.216666666667
2023-05-26 06:00:00,117.666666666667,68.3166666666667,279.6
2023-05-26 07:00:00,51.0,61.75,281.683333333333
2023-05-26 08:00:00,37.5,60.1333333333333,282.716666666667
2023-05-26 09:00:00,44.1666666666667,59.5666666666667,283.4
2023-05-26 10:00:00,54.3333333333333,63.2333333333333,283.85
2023-05-26 11:00:00,56.3333333333333,63.9166666666667,284.566666666667
2023-05-26 12:00:00,70.5,57.6333333333333,285.9
2023-05-26 13:00:00,60.6666666666667,54.4333333333333,285.466666666667
2023-05-26 14:00:00,70.6666666666667,49.0,286.833333333333
2023-05-26 15:00:00,70.3333333333333,46.95,287.516666666667
2023-05-26 16:00:00,71.3333333333333,47.3166666666667,287.366666666667
2023-05-26 17:00:00,84.0,47.0,286.766666666667
2023-05-26 18:00:00,77.1666666666667,51.2,285.366666666667
2023-05-26 19:00:00,50.5,61.5666666666667,283.433333333333
2023-05-26 20:00:00,49.6666666666667,63.1666666666667,282.916666666667
2023-05-26 21:00:00,55.8333333333333,75.25,281.966666666667
2023-05-26 22:00:00,52.0,78.25,281.116666666667
2023-05-26 23:00:00,53.1666666666667,94.8,280.133333333333
2023-05-27 00:00:00,63.1666666666667,96.1833333333333,279.666666666667
2023-05-27 01:00:00,77.3333333333333,98.6666666666667,279.216666666667
2023-05-27 02:00:00,93.0,98.7166666666667,279.033333333333
2023-05-27 03:00:00,82.8333333333333,96.7833333333333,278.866666666667
2023-05-27 04:00:00,115.5,91.8,278.7
2023-05-27 05:00:00,84.6666666666667,91.6666666666667,278.366666666667
2023-05-27 06:00:00,88.3333333333333,90.7333333333333,278.7
2023-05-27 07:00:00,74.1666666666667,98.6166666666667,279.233333333333
2023-05-27 08:00:00,64.5,76.5,279.733333333333
2023-05-27 09:00:00,70.1666666666667,64.3166666666667,281.533333333333
2023-05-27 10:00:00,60.5,60.15,283.65
2023-05-27 11:00:00,66.8333333333333,53.45,284.516666666667
2023-05-27 12:00:00,71.3333333333333,45.6166666666667,284.466666666667
2023-05-27 13:00:00,77.0,43.7333333333333,284.916666666667
2023-05-27 14:00:00,82.0,40.0833333333333,287.05
2023-05-27 15:00:00,70.1666666666667,36.75,286.116666666667
2023-05-27 16:00:00,83.1666666666667,35.2,286.35
2023-05-27 17:00:00,97.0,39.7666666666667,285.733333333333
2023-05-27 18:00:00,98.1666666666667,46.2166666666667,285.583333333333
2023-05-27 19:00:00,83.8333333333333,56.9166666666667,283.216666666667
2023-05-27 20:00:00,110.5,62.7333333333333,282.516666666667
2023-05-27 21:00:00,90.3333333333333,72.9833333333333,281.8
2023-05-27 22:00:00,67.8333333333333,83.5166666666667,280.7
2023-05-27 23:00:00,82.3333333333333,89.3333333333333,279.916666666667
2023-05-28 00:00:00,94.8333333333333,95.9833333333333,279.483333333333
2023-05-28 01:00:00,95.3333333333333,90.55,279.466666666667
2023-05-28 02:00:00,91.3333333333333,90.4666666666667,279.566666666667
2023-05-28 03:00:00,104.666666666667,85.8333333333333,279.466666666667
2023-05-28 04:00:00,99.5,88.6833333333333,279.283333333333
2023-05-28 05:00:00,141.0,89.7666666666667,278.883333333333
2023-05-28 06:00:00,162.333333333333,87.2166666666667,278.916666666667
2023-05-28 07:00:00,76.3333333333333,79.3666666666667,280.133333333333
2023-05-28 08:00:00,72.0,73.8166666666667,281.65
2023-05-28 09:00:00,64.5,67.3166666666667,282.266666666667
2023-05-28 10:00:00,67.0,64.6833333333333,282.25
2023-05-28 11:00:00,84.1666666666667,60.4666666666667,282.933333333333
2023-05-28 12:00:00,79.0,58.9,283.45
2023-05-28 13:00:00,64.8333333333333,52.8166666666667,284.616666666667
2023-05-28 14:00:00,62.6666666666667,49.5166666666667,284.633333333333
2023-05-28 15:00:00,61.6666666666667,45.7666666666667,285.35
2023-05-28 16:00:00,59.6666666666667,46.5333333333333,285.0
2023-05-28 17:00:00,65.5,52.45,284.133333333333
2023-05-28 18:00:00,66.8333333333333,61.6333333333333,282.183333333333
2023-05-28 19:00:00,59.1666666666667,84.4833333333333,279.383333333333
2023-05-28 20:00:00,94.6666666666667,89.1666666666667,279.116666666667
2023-05-28 21:00:00,134.333333333333,85.8,278.883333333333
2023-05-28 22:00:00,141.333333333333,80.1,278.966666666667
2023-05-28 23:00:00,147.833333333333,81.6,278.633333333333
2023-05-29 00:00:00,147.166666666667,76.7,279.05
2023-05-29 01:00:00,136.666666666667,76.55,278.85
2023-05-29 02:00:00,140.0,72.9333333333333,278.966666666667
2023-05-29 03:00:00,161.333333333333,76.2166666666667,278.6
2023-05-29 04:00:00,174.5,73.2666666666667,278.6
2023-05-29 05:00:00,165.333333333333,76.1166666666667,278.133333333333
2023-05-29 06:00:00,131.5,78.7333333333333,277.883333333333
2023-05-29 07:00:00,72.6666666666667,77.5,279.716666666667
2023-05-29 08:00:00,82.5,73.1833333333333,280.7
2023-05-29 09:00:00,68.6666666666667,63.4,282.05
2023-05-29 10:00:00,64.5,60.9666666666667,283.0
2023-05-29 11:00:00,71.1666666666667,55.75,284.166666666667
2023-05-29 12:00:00,78.6666666666667,48.1833333333333,285.283333333333
2023-05-29 13:00:00,76.8333333333333,44.85,285.75
2023-05-29 14:00:00,75.0,45.4166666666667,285.65
2023-05-29 15:00:00,79.6666666666667,46.4,285.566666666667
2023-05-29 16:00:00,81.3333333333333,42.05,287.05
2023-05-29 17:00:00,75.0,45.45,285.9
2023-05-29 18:00:00,75.5,53.6,283.933333333333
2023-05-29 19:00:00,87.1666666666667,57.1333333333333,282.866666666667
2023-05-29 20:00:00,90.3333333333333,60.6666666666667,282.366666666667
2023-05-29 21:00:00,70.0,64.3333333333333,281.7
2023-05-29 22:00:00,92.1666666666667,67.5166666666667,280.8
2023-05-29 23:00:00,91.8333333333333,72.1333333333333,279.766666666667
2023-05-30 00:00:00,78.3333333333333,75.7666666666667,279.1
2023-05-30 01:00:00,76.8333333333333,77.5333333333333,278.733333333333
2023-05-30 02:00:00,111.166666666667,79.6833333333333,278.366666666667
2023-05-30 03:00:00,125.5,78.35,278.433333333333
2023-05-30 04:00:00,123.333333333333,81.7666666666667,277.783333333333
2023-05-30 05:00:00,128.166666666667,82.75,277.65
2023-05-30 06:00:00,112.333333333333,82.9666666666667,277.616666666667
2023-05-30 07:00:00,84.3333333333334,83.8,278.316666666667
2023-05-30 08:00:00,95.5,80.6666666666667,278.966666666667
2023-05-30 09:00:00,71.6666666666667,72.9,280.8
2023-05-30 10:00:00,60.5,72.5833333333333,280.633333333333
2023-05-30 11:00:00,73.3333333333333,58.4166666666667,282.516666666667
2023-05-30 12:00:00,77.5,45.9833333333333,283.75
2023-05-30 13:00:00,71.8333333333333,40.2833333333333,284.65
2023-05-30 14:00:00,75.6666666666667,36.4333333333333,285.316666666667
2023-05-30 15:00:00,97.3333333333333,34.55,285.416666666667
2023-05-30 16:00:00,107.666666666667,32.3666666666667,285.283333333333
2023-05-30 17:00:00,114.833333333333,40.9166666666667,283.816666666667
2023-05-30 18:00:00,109.833333333333,48.1166666666667,282.416666666667
2023-05-30 19:00:00,97.3333333333333,52.6166666666667,281.783333333333
2023-05-30 20:00:00,98.1666666666667,62.2666666666667,281.083333333333
2023-05-30 21:00:00,87.5,68.0,280.233333333333
2023-05-30 22:00:00,94.0,67.9333333333333,279.8
2023-05-30 23:00:00,107.5,68.75,279.666666666667
2023-05-31 00:00:00,121.666666666667,67.85,279.683333333333
2023-05-31 01:00:00,145.833333333333,70.9666666666667,279.2
2023-05-31 02:00:00,78.1666666666667,74.1333333333333,278.866666666667
2023-05-31 03:00:00,84.5,76.8833333333333,278.35
2023-05-31 04:00:00,74.8333333333333,74.6833333333333,278.6
2023-05-31 05:00:00,111.833333333333,75.3833333333333,278.316666666667
2023-05-31 06:00:00,86.0,81.98,278.11
2023-05-31 07:00:00,60.5,76.2166666666667,279.3
2023-05-31 08:00:00,56.3333333333333,65.75,281.366666666667
2023-05-31 09:00:00,41.0,58.0,282.9
2023-05-31 10:00:00,50.1666666666667,57.6666666666667,283.116666666667
2023-05-31 11:00:00,68.1666666666667,50.9333333333333,283.683333333333
2023-05-31 12:00:00,73.8333333333333,51.75,283.366666666667
2023-05-31 13:00:00,74.8333333333333,48.8833333333333,283.616666666667
2023-05-31 14:00:00,71.0,45.1166666666667,284.566666666667
2023-05-31 15:00:00,72.8333333333333,44.9333333333333,284.716666666667
2023-05-31 16:00:00,82.3333333333333,44.05,284.833333333333
2023-05-31 17:00:00,79.8333333333333,49.3833333333333,284.366666666667
2023-05-31 18:00:00,99.0,53.2666666666667,283.2
2023-05-31 19:00:00,85.6666666666667,54.2,282.65
2023-05-31 20:00:00,87.1666666666667,53.65,281.9
2023-05-31 21:00:00,93.3333333333333,56.6333333333333,281.016666666667
2023-05-31 22:00:00,98.8333333333333,55.25,281.033333333333
2023-05-31 23:00:00,124.166666666667,56.9333333333333,280.7
2023-06-01 00:00:00,123.833333333333,58.3333333333333,280.483333333333
2023-06-01 01:00:00,99.5,58.8666666666667,280.633333333333
2023-06-01 02:00:00,106.833333333333,60.8166666666667,280.233333333333
2023-06-01 03:00:00,86.8333333333333,61.15,280.216666666667
2023-06-01 04:00:00,103.833333333333,62.1833333333333,279.9
2023-06-01 05:00:00,125.666666666667,61.3166666666667,279.933333333333
2023-06-01 06:00:00,110.833333333333,59.6,280.233333333333
2023-06-01 07:00:00,85.3333333333333,56.6666666666667,281.7
2023-06-01 08:00:00,54.8333333333333,54.1166666666667,282.916666666667
2023-06-01 09:00:00,42.6666666666667,51.3,284.35
2023-06-01 10:00:00,55.8333333333333,50.4,284.833333333333
2023-06-01 11:00:00,60.0,50.6166666666667,284.116666666667
2023-06-01 12:00:00,73.5,50.0833333333333,284.7
2023-06-01 13:00:00,87.8333333333333,50.9666666666667,284.583333333333
2023-06-01 14:00:00,71.0,49.8666666666667,285.516666666667
2023-06-01 15:00:00,66.8333333333333,44.3,286.266666666667
2023-06-01 16:00:00,67.5,43.4166666666667,286.566666666667
2023-06-01 17:00:00,58.6666666666667,45.5,286.8
2023-06-01 18:00:00,42.0,58.65,284.7
2023-06-01 19:00:00,72.3333333333333,60.3,282.9
2023-06-01 20:00:00,66.5,68.5166666666667,282.05
2023-06-01 21:00:00,109.5,71.1666666666667,281.15
2023-06-01 22:00:00,118.666666666667,75.3,280.533333333333
2023-06-01 23:00:00,134.0,77.7166666666667,280.183333333333
2023-06-02 00:00:00,139.666666666667,77.7,280.116666666667
2023-06-02 01:00:00,125.166666666667,79.25,280.05
2023-06-02 02:00:00,108.166666666667,80.1166666666667,279.9
2023-06-02 03:00:00,144.333333333333,78.5333333333334,279.783333333333
2023-06-02 04:00:00,154.5,80.5833333333333,279.45
2023-06-02 05:00:00,136.5,81.6,278.95
2023-06-02 06:00:00,119.333333333333,81.05,279.233333333333
2023-06-02 07:00:00,85.5,75.9333333333333,281.066666666667
2023-06-02 08:00:00,77.5,70.4333333333333,282.216666666667
2023-06-02 09:00:00,63.3333333333333,65.0666666666667,283.366666666667
2023-06-02 10:00:00,67.5,58.25,284.4
2023-06-02 11:00:00,74.3333333333333,47.3166666666667,285.666666666667
2023-06-02 12:00:00,70.1666666666667,42.6166666666667,286.383333333333
2023-06-02 13:00:00,80.3333333333333,37.85,287.233333333333
2023-06-02 14:00:00,84.1666666666667,34.6666666666667,287.75
2023-06-02 15:00:00,80.8333333333333,34.7333333333333,288.983333333333
2023-06-02 16:00:00,74.6666666666667,40.5333333333333,287.2
2023-06-02 17:00:00,64.3333333333333,53.4333333333333,283.766666666667
2023-06-02 18:00:00,70.4,55.04,283.71
2023-06-02 19:00:00,75.3333333333333,48.0166666666667,283.766666666667
2023-06-02 20:00:00,78.6666666666667,50.6166666666667,282.866666666667
2023-06-02 21:00:00,96.0,53.0333333333334,282.483333333333
2023-06-02 22:00:00,95.3333333333333,60.95,281.483333333333
2023-06-02 23:00:00,103.0,66.6166666666667,280.8
2023-06-03 00:00:00,120.333333333333,68.0166666666667,280.45
2023-06-03 01:00:00,140.5,69.25,279.916666666667
2023-06-03 02:00:00,145.166666666667,67.2833333333334,280.283333333333
2023-06-03 03:00:00,151.833333333333,67.0666666666667,280.25
2023-06-03 04:00:00,161.333333333333,68.7,279.9
2023-06-03 05:00:00,161.666666666667,69.7,279.666666666667
2023-06-03 06:00:00,112.666666666667,68.5166666666667,279.95
2023-06-03 07:00:00,97.6666666666667,62.7833333333333,282.083333333333
2023-06-03 08:00:00,72.3333333333333,59.3833333333333,283.4
2023-06-03 09:00:00,63.5,56.2333333333334,284.316666666667
2023-06-03 10:00:00,63.8333333333333,54.3,285.05
2023-06-03 11:00:00,66.3333333333333,50.6833333333333,285.9
2023-06-03 12:00:00,70.5,47.0,286.05
2023-06-03 13:00:00,78.6666666666667,45.3666666666667,287.15
2023-06-03 14:00:00,80.3333333333333,47.6,286.85
2023-06-03 15:00:00,55.3333333333333,54.3166666666667,285.016666666667
2023-06-03 16:00:00,92.6666666666667,56.4666666666667,285.0
2023-06-03 17:00:00,91.6666666666667,61.1,284.283333333333
2023-06-03 18:00:00,87.4,66.98,282.81
2023-06-03 19:00:00,108.5,89.15,280.183333333333
2023-06-03 20:00:00,96.3333333333333,98.85,278.683333333333
2023-06-03 21:00:00,106.5,99.2166666666667,278.133333333333
2023-06-03 22:00:00,97.5,97.7166666666667,277.85
2023-06-03 23:00:00,122.166666666667,97.1166666666667,278.216666666667
2023-06-04 00:00:00,137.166666666667,94.0,278.633333333333
2023-06-04 01:00:00,176.833333333333,97.5333333333334,278.433333333333
2023-06-04 02:00:00,165.833333333333,87.1833333333333,279.083333333333
2023-06-04 03:00:00,177.5,88.7666666666667,278.766666666667
2023-06-04 04:00:00,165.833333333333,83.0833333333333,279.25
2023-06-04 05:00:00,72.3333333333333,84.55,279.2
2023-06-04 06:00:00,130.0,92.2666666666666,278.916666666667
2023-06-04 07:00:00,137.333333333333,90.95,279.466666666667
2023-06-04 08:00:00,98.0,86.6,280.266666666667
2023-06-04 09:00:00,76.1666666666667,85.25,280.816666666667
2023-06-04 10:00:00,74.8333333333333,75.2333333333333,282.1
2023-06-04 11:00:00,97.1666666666667,79.75,282.05
2023-06-04 12:00:00,107.666666666667,82.9333333333334,282.066666666667
2023-06-04 13:00:00,99.8333333333333,72.75,281.783333333333
2023-06-04 14:00:00,105.5,80.1166666666667,279.55
2023-06-04 15:00:00,113.333333333333,97.4333333333333,279.15
2023-06-04 16:00:00,96.3333333333333,98.1833333333334,279.95
2023-06-04 17:00:00,95.3333333333333,96.0333333333334,280.4
2023-06-04 18:00:00,113.166666666667,98.95,279.333333333333
2023-06-04 19:00:00,132.166666666667,99.2333333333333,279.1
2023-06-04 20:00:00,123.0,98.7333333333333,279.316666666667
2023-06-04 21:00:00,138.333333333333,95.5,279.15
2023-06-04 22:00:00,147.333333333333,98.35,278.766666666667
2023-06-04 23:00:00,147.333333333333,98.55,278.666666666667
2023-06-05 00:00:00,148.5,96.9833333333334,278.766666666667
2023-06-05 01:00:00,144.333333333333,96.5666666666667,278.65
2023-06-05 02:00:00,152.333333333333,93.55,278.466666666667
2023-06-05 03:00:00,141.166666666667,90.1666666666667,278.816666666667
2023-06-05 04:00:00,135.5,94.3166666666667,279.066666666667
2023-06-05 05:00:00,145.0,97.35,278.933333333333
2023-06-05 06:00:00,134.333333333333,98.55,278.866666666667
2023-06-05 07:00:00,118.666666666667,100.016666666667,278.883333333333
2023-06-05 08:00:00,109.166666666667,99.9833333333333,279.15
2023-06-05 09:00:00,106.8,100.06,279.11
2023-06-05 10:00:00,103.5,99.8666666666667,279.183333333333
2023-06-05 11:00:00,104.2,99.98,279.11
2023-06-05 12:00:00,109.166666666667,100.55,278.966666666667
2023-06-05 13:00:00,118.666666666667,100.516666666667,279.65
2023-06-05 14:00:00,114.833333333333,100.883333333333,280.133333333333
2023-06-05 15:00:00,107.666666666667,100.4,280.466666666667
2023-06-05 16:00:00,109.833333333333,100.4,280.466666666667
2023-06-05 17:00:00,103.833333333333,100.75,279.666666666667
2023-06-05 18:00:00,101.833333333333,96.6666666666667,279.416666666667
2023-06-05 19:00:00,97.5,93.1833333333333,278.883333333333
2023-06-05 20:00:00,115.166666666667,100.583333333333,278.35
2023-06-05 21:00:00,121.333333333333,100.616666666667,277.983333333333
2023-06-05 22:00:00,132.166666666667,99.2166666666667,277.966666666667
2023-06-05 23:00:00,155.5,100.1,277.5
2023-06-06 00:00:00,160.666666666667,99.7166666666667,277.2
2023-06-06 01:00:00,166.333333333333,97.7666666666667,277.45
2023-06-06 02:00:00,156.5,94.4833333333333,277.483333333333
2023-06-06 03:00:00,165.166666666667,91.3,277.566666666667
2023-06-06 04:00:00,153.166666666667,89.0333333333333,277.45
2023-06-06 05:00:00,154.166666666667,86.7333333333333,277.8
2023-06-06 06:00:00,152.666666666667,86.3,277.766666666667
2023-06-06 07:00:00,106.333333333333,84.6,278.75
2023-06-06 08:00:00,86.0,83.6333333333334,280.233333333333
2023-06-06 09:00:00,71.8333333333333,79.1,280.55
2023-06-06 10:00:00,68.5,76.45,281.233333333333
2023-06-06 11:00:00,65.8333333333333,69.0666666666667,282.333333333333
2023-06-06 12:00:00,73.6666666666667,59.2833333333333,283.083333333333
2023-06-06 13:00:00,62.5,52.9666666666667,284.183333333333
2023-06-06 14:00:00,68.0,50.5333333333334,284.183333333333
2023-06-06 15:00:00,58.8333333333333,50.05,284.716666666667
2023-06-06 16:00:00,57.1666666666667,50.2166666666667,285.183333333333
2023-06-06 17:00:00,63.6666666666667,51.6,284.3
2023-06-06 18:00:00,66.8333333333333,53.9833333333333,283.6
2023-06-06 19:00:00,65.8333333333333,58.65,282.666666666667
2023-06-06 20:00:00,91.0,64.7,281.783333333333
2023-06-06 21:00:00,95.0,70.5333333333334,281.1
2023-06-06 22:00:00,90.0,79.0666666666667,279.816666666667
2023-06-06 23:00:00,98.0,79.9,279.666666666667
2023-06-07 00:00:00,90.1666666666667,81.95,279.233333333333
2023-06-07 01:00:00,80.0,83.7333333333333,278.966666666667
2023-06-07 02:00:00,77.3333333333333,81.9333333333333,279.033333333333
2023-06-07 03:00:00,74.1666666666667,79.55,279.05
2023-06-07 04:00:00,109.166666666667,80.55,278.816666666667
2023-06-07 05:00:00,117.833333333333,81.2,278.733333333333
2023-06-07 06:00:00,113.333333333333,81.8166666666667,278.4
2023-06-07 07:00:00,77.1666666666667,84.2333333333333,279.666666666667
2023-06-07 08:00:00,83.0,83.3666666666667,281.7
2023-06-07 09:00:00,53.6666666666667,70.2166666666667,282.033333333333
2023-06-07 10:00:00,50.1666666666667,60.6,283.683333333333
2023-06-07 11:00:00,66.6666666666667,46.1833333333333,285.066666666667
2023-06-07 12:00:00,73.5,42.3166666666667,285.783333333333
2023-06-07 13:00:00,77.3333333333333,38.65,286.216666666667
2023-06-07 14:00:00,80.8333333333333,37.5666666666667,287.233333333333
2023-06-07 15:00:00,71.1666666666667,36.35,287.3
2023-06-07 16:00:00,76.0,37.45,286.866666666667
2023-06-07 17:00:00,73.6666666666667,39.8333333333333,287.116666666667
2023-06-07 18:00:00,53.3333333333333,47.95,284.666666666667
2023-06-07 19:00:00,71.3333333333333,52.8166666666667,283.7
2023-06-07 20:00:00,91.8333333333333,61.3333333333333,282.966666666667
2023-06-07 21:00:00,94.3333333333333,63.4,282.516666666667
2023-06-07 22:00:00,120.333333333333,69.4333333333333,281.816666666667
2023-06-07 23:00:00,152.833333333333,67.3833333333333,281.066666666667
2023-06-08 00:00:00,149.166666666667,65.1166666666667,281.116666666667
2023-06-08 01:00:00,91.0,64.5,281.05
2023-06-08 02:00:00,79.0,67.8166666666667,280.6
2023-06-08 03:00:00,89.3333333333333,70.3333333333333,279.983333333333
2023-06-08 04:00:00,91.8333333333334,71.9166666666667,279.833333333333
2023-06-08 05:00:00,89.6666666666667,69.9166666666667,280.166666666667
2023-06-08 06:00:00,60.1666666666667,67.6166666666667,280.933333333333
2023-06-08 07:00:00,67.3333333333333,69.0,281.516666666667
2023-06-08 08:00:00,65.0,62.4833333333333,283.116666666667
2023-06-08 09:00:00,58.6666666666667,63.2166666666667,282.85
2023-06-08 10:00:00,80.5,74.0,282.633333333333
2023-06-08 11:00:00,70.5,74.2833333333333,281.916666666667
2023-06-08 12:00:00,73.8333333333333,66.4666666666667,283.883333333333
2023-06-08 13:00:00,60.6666666666667,69.0166666666667,283.233333333333
2023-06-08 14:00:00,64.5,84.2333333333333,280.016666666667
2023-06-08 15:00:00,93.8333333333333,91.8666666666667,278.95
2023-06-08 16:00:00,87.1666666666667,84.0333333333333,280.833333333333
2023-06-08 17:00:00,80.1666666666667,84.45,281.216666666667
2023-06-08 18:00:00,96.3333333333333,77.0333333333333,281.116666666667
2023-06-08 19:00:00,75.1666666666667,71.3,281.483333333333
2023-06-08 20:00:00,59.6666666666667,69.05,281.233333333333
2023-06-08 21:00:00,81.5,66.2,281.133333333333
2023-06-08 22:00:00,79.5,70.1666666666667,280.333333333333
2023-06-08 23:00:00,63.3333333333333,69.3833333333333,280.55
2023-06-09 00:00:00,101.5,74.8333333333333,280.15
2023-06-09 01:00:00,120.666666666667,80.2833333333333,279.533333333333
2023-06-09 02:00:00,134.4,78.56,279.43
2023-06-09 03:00:00,141.666666666667,78.2333333333333,279.2
2023-06-09 04:00:00,147.166666666667,77.9833333333333,279.216666666667
2023-06-09 05:00:00,145.166666666667,76.6166666666667,279.133333333333
2023-06-09 06:00:00,130.833333333333,75.8333333333333,279.483333333333
2023-06-09 07:00:00,78.5,70.1666666666667,281.766666666667
2023-06-09 08:00:00,64.0,66.2666666666667,282.516666666667
2023-06-09 09:00:00,73.0,62.2166666666667,283.6
2023-06-09 10:00:00,69.6666666666667,54.2166666666667,284.916666666667
2023-06-09 11:00:00,72.3333333333333,50.0333333333333,285.966666666667
2023-06-09 12:00:00,76.1666666666667,44.3333333333333,286.9
2023-06-09 13:00:00,82.6666666666667,42.2,287.066666666667
2023-06-09 14:00:00,77.8333333333333,41.3666666666667,288.05
2023-06-09 15:00:00,64.6666666666667,37.7666666666667,287.566666666667
2023-06-09 16:00:00,72.1666666666667,37.5666666666667,287.616666666667
2023-06-09 17:00:00,68.6666666666667,38.45,287.466666666667
2023-06-09 18:00:00,62.8333333333333,42.3666666666667,287.8
2023-06-09 19:00:00,48.8333333333333,53.2666666666667,285.05
2023-06-09 20:00:00,78.8333333333333,59.5,284.2
2023-06-09 21:00:00,89.5,65.4166666666667,283.566666666667
2023-06-09 22:00:00,90.6666666666667,67.85,283.0
2023-06-09 23:00:00,94.0,70.1,282.55
2023-06-10 00:00:00,97.1666666666667,71.8333333333333,282.2
2023-06-10 01:00:00,99.5,71.25,281.983333333333
2023-06-10 02:00:00,100.5,70.6333333333333,282.05
2023-06-10 03:00:00,98.5,71.9,281.583333333333
2023-06-10 04:00:00,96.8333333333333,74.0833333333333,281.033333333333
2023-06-10 05:00:00,115.0,75.8333333333333,280.633333333333
2023-06-10 06:00:00,91.5,75.0666666666667,281.4
2023-06-10 07:00:00,79.4,72.46,282.63
2023-06-10 08:00:00,67.5,68.6166666666667,283.65
2023-06-10 09:00:00,57.5,67.7166666666667,284.466666666667
2023-06-10 10:00:00,75.3333333333333,66.5666666666667,285.05
2023-06-10 11:00:00,84.5,57.9666666666667,286.433333333333
2023-06-10 12:00:00,85.5,52.8833333333333,286.016666666667
2023-06-10 13:00:00,84.8333333333333,51.5,285.983333333333
2023-06-10 14:00:00,85.1666666666667,46.5833333333333,287.133333333333
2023-06-10 15:00:00,78.3333333333333,41.5666666666667,288.566666666667
2023-06-10 16:00:00,67.5,43.0,289.033333333333
2023-06-10 17:00:00,84.8333333333333,48.55,287.683333333333
2023-06-10 18:00:00,60.1666666666667,56.0833333333333,285.7
2023-06-10 19:00:00,63.6666666666667,63.5,284.6
2023-06-10 20:00:00,44.8333333333333,75.15,283.783333333333
2023-06-10 21:00:00,68.3333333333333,98.1333333333333,281.7
2023-06-10 22:00:00,103.333333333333,99.5833333333333,280.983333333333
2023-06-10 23:00:00,97.0,99.5666666666667,280.75
2023-06-11 00:00:00,104.5,100.333333333333,280.483333333333
2023-06-11 01:00:00,103.5,99.8166666666667,280.45
2023-06-11 02:00:00,80.3333333333333,99.9166666666667,279.983333333333
2023-06-11 03:00:00,76.8333333333333,100.533333333333,279.883333333333
2023-06-11 04:00:00,76.0,101.183333333333,279.783333333333
2023-06-11 05:00:00,96.1666666666667,99.4666666666667,279.683333333333
2023-06-11 06:00:00,90.3333333333333,98.4833333333333,279.95
2023-06-11 07:00:00,95.3333333333333,100.183333333333,279.983333333333
2023-06-11 08:00:00,103.833333333333,99.9666666666667,279.75
2023-06-11 09:00:00,95.0,99.0666666666667,280.55
2023-06-11 10:00:00,85.1666666666667,98.1,281.15
2023-06-11 11:00:00,81.1666666666667,96.5166666666667,282.316666666667
2023-06-11 12:00:00,76.8333333333333,90.0333333333334,283.283333333333
2023-06-11 13:00:00,63.0,75.4833333333333,284.266666666667
2023-06-11 14:00:00,64.1666666666667,58.9333333333333,285.3
2023-06-11 15:00:00,72.5,52.4833333333334,286.866666666667
2023-06-11 16:00:00,58.2,54.76,286.27
2023-06-11 17:00:00,80.3333333333333,61.4,284.416666666667
2023-06-11 18:00:00,93.8333333333333,55.2833333333333,284.866666666667
2023-06-11 19:00:00,76.3333333333333,59.2,284.216666666667
2023-06-11 20:00:00,76.0,64.3833333333333,283.4
2023-06-11 21:00:00,83.6666666666667,76.0166666666667,282.466666666667
2023-06-11 22:00:00,103.166666666667,80.3666666666667,281.916666666667
2023-06-11 23:00:00,124.0,86.75,281.266666666667
2023-06-12 00:00:00,120.833333333333,92.1,280.766666666667
2023-06-12 01:00:00,94.5,89.0833333333333,280.866666666667
2023-06-12 02:00:00,115.666666666667,90.5,280.366666666667
2023-06-12 03:00:00,141.333333333333,87.7333333333334,280.566666666667
2023-06-12 04:00:00,135.333333333333,85.25,280.266666666667
2023-06-12 05:00:00,149.333333333333,86.75,279.883333333333
2023-06-12 06:00:00,138.6,86.96,279.89
2023-06-12 07:00:00,101.666666666667,77.1833333333333,282.083333333333
2023-06-12 08:00:00,85.1666666666667,71.9666666666667,282.766666666667
2023-06-12 09:00:00,75.6666666666667,69.9833333333333,283.8
2023-06-12 10:00:00,71.3333333333333,65.25,285.083333333333
2023-06-12 11:00:00,78.6666666666667,53.6,286.116666666667
2023-06-12 12:00:00,94.3333333333333,39.7833333333333,287.45
2023-06-12 13:00:00,96.3333333333333,37.0,287.916666666667
2023-06-12 14:00:00,88.1666666666667,40.5333333333333,288.05
2023-06-12 15:00:00,72.6666666666667,41.95,287.833333333333
2023-06-12 16:00:00,84.1666666666667,38.7,288.383333333333
2023-06-12 17:00:00,75.8333333333333,41.9666666666667,288.283333333333
2023-06-12 18:00:00,84.0,51.3166666666667,285.716666666667
2023-06-12 19:00:00,81.6666666666667,59.8,284.633333333333
2023-06-12 20:00:00,66.3333333333333,62.1,284.35
2023-06-12 21:00:00,62.6666666666667,68.45,283.466666666667
2023-06-12 22:00:00,73.0,73.6166666666667,282.316666666667
2023-06-12 23:00:00,81.5,79.7,281.2
2023-06-13 00:00:00,83.3333333333333,83.7333333333333,280.583333333333
2023-06-13 01:00:00,85.8333333333333,86.6833333333334,280.45
2023-06-13 02:00:00,93.1666666666667,87.5833333333333,280.1
2023-06-13 03:00:00,93.5,92.35,279.55
2023-06-13 04:00:00,107.833333333333,88.8333333333334,279.783333333333
2023-06-13 05:00:00,151.2,89.22,279.49
2023-06-13 06:00:00,112.333333333333,85.4,280.3
2023-06-13 07:00:00,69.1666666666667,76.0666666666667,282.366666666667
2023-06-13 08:00:00,64.3333333333333,71.4,283.2
2023-06-13 09:00:00,74.3333333333333,66.65,284.3
2023-06-13 10:00:00,76.6666666666667,66.1833333333333,284.933333333333
2023-06-13 11:00:00,80.8333333333333,59.8166666666667,285.8
2023-06-13 12:00:00,85.5,45.4833333333334,287.366666666667
2023-06-13 13:00:00,85.1666666666667,41.3,287.833333333333
2023-06-13 14:00:00,95.1666666666667,40.95,288.033333333333
2023-06-13 15:00:00,97.3333333333333,39.6166666666667,288.05
2023-06-13 16:00:00,82.6666666666667,39.1,288.333333333333
2023-06-13 17:00:00,86.6666666666667,43.2666666666667,286.516666666667
2023-06-13 18:00:00,78.3333333333334,46.6333333333333,286.016666666667
2023-06-13 19:00:00,70.8333333333333,51.4166666666667,285.383333333333
2023-06-13 20:00:00,74.8333333333333,58.6833333333333,283.766666666667
2023-06-13 21:00:00,97.0,61.4666666666667,282.766666666667
2023-06-13 22:00:00,102.166666666667,62.7,281.6
2023-06-13 23:00:00,87.3333333333333,63.4833333333333,280.55
2023-06-14 00:00:00,87.3333333333333,64.6333333333333,279.983333333333
2023-06-14 01:00:00,79.1666666666667,64.95,279.716666666667
2023-06-14 02:00:00,121.166666666667,78.15,279.566666666667
2023-06-14 03:00:00,130.833333333333,81.6833333333333,279.016666666667
2023-06-14 04:00:00,136.6,83.26,279.05
2023-06-14 05:00:00,136.0,84.6,278.35
2023-06-14 06:00:00,120.666666666667,79.8333333333333,278.883333333333
2023-06-14 07:00:00,64.0,70.1166666666667,280.466666666667
2023-06-14 08:00:00,70.1666666666667,68.2833333333333,280.966666666667
2023-06-14 09:00:00,71.1666666666667,65.3333333333333,281.55
2023-06-14 10:00:00,79.3333333333333,61.4,282.75
2023-06-14 11:00:00,89.8333333333333,56.1166666666667,284.3
2023-06-14 12:00:00,91.6666666666667,46.1333333333333,285.716666666667
2023-06-14 13:00:00,87.5,42.4333333333333,285.933333333333
2023-06-14 14:00:00,89.0,42.5666666666667,285.816666666667
2023-06-14 15:00:00,94.0,36.9166666666667,287.233333333333
2023-06-14 16:00:00,87.0,35.65,287.85
2023-06-14 17:00:00,81.8333333333333,38.5166666666667,287.0
2023-06-14 18:00:00,71.6666666666667,44.6,285.266666666667
2023-06-14 19:00:00,86.6666666666667,49.2833333333333,283.383333333333
2023-06-14 20:00:00,112.333333333333,53.1166666666667,282.8
2023-06-14 21:00:00,96.3333333333333,55.7833333333333,282.266666666667
2023-06-14 22:00:00,105.166666666667,61.7,280.866666666667
2023-06-14 23:00:00,110.833333333333,65.5666666666667,279.983333333333
2023-06-15 00:00:00,113.166666666667,71.0833333333333,279.033333333333
2023-06-15 01:00:00,146.333333333333,72.8833333333333,278.6
2023-06-15 02:00:00,159.833333333333,72.45,278.566666666667
2023-06-15 03:00:00,161.166666666667,74.0666666666667,278.316666666667
2023-06-15 04:00:00,156.0,75.75,277.916666666667
2023-06-15 05:00:00,156.833333333333,77.1333333333333,277.7
2023-06-15 06:00:00,142.5,72.6166666666667,278.05
2023-06-15 07:00:00,114.833333333333,60.0666666666667,280.55
2023-06-15 08:00:00,109.5,53.8833333333333,281.983333333333
2023-06-15 09:00:00,96.5,49.25,282.416666666667
2023-06-15 10:00:00,90.0,44.4833333333333,283.25
2023-06-15 11:00:00,92.5,43.5166666666667,284.5
2023-06-15 12:00:00,92.5,43.75,284.566666666667
2023-06-15 13:00:00,96.1666666666667,43.0166666666667,285.116666666667
2023-06-15 14:00:00,97.8333333333333,42.25,285.166666666667
2023-06-15 15:00:00,93.1666666666667,42.1666666666667,286.216666666667
2023-06-15 16:00:00,77.3333333333333,44.6,284.766666666667
2023-06-15 17:00:00,74.0,47.3166666666667,284.266666666667
2023-06-15 18:00:00,89.6666666666667,51.2666666666667,283.566666666667
2023-06-15 19:00:00,115.0,55.8166666666667,282.383333333333
2023-06-15 20:00:00,114.0,58.5333333333333,281.566666666667
2023-06-15 21:00:00,113.5,63.2333333333333,280.75
2023-06-15 22:00:00,129.0,66.6666666666667,279.716666666667
2023-06-15 23:00:00,130.666666666667,69.65,279.583333333333
2023-06-16 00:00:00,157.166666666667,79.3333333333333,278.016666666667
2023-06-16 01:00:00,158.5,77.6833333333333,278.3
2023-06-16 02:00:00,162.5,81.05,278.366666666667
2023-06-16 03:00:00,161.6,90.82,277.81
2023-06-16 04:00:00,138.4,98.6,276.81
2023-06-16 05:00:00,118.333333333333,98.75,276.733333333333
2023-06-16 06:00:00,119.833333333333,98.5,277.1
2023-06-16 07:00:00,99.8333333333333,90.8833333333333,277.783333333333
2023-06-16 08:00:00,100.0,84.7,279.116666666667
2023-06-16 09:00:00,93.0,80.6833333333333,279.666666666667
2023-06-16 10:00:00,104.166666666667,67.85,281.416666666667
2023-06-16 11:00:00,85.3333333333333,57.1166666666667,281.9
2023-06-16 12:00:00,78.0,60.4666666666667,282.333333333333
2023-06-16 13:00:00,86.3333333333333,59.0666666666667,283.066666666667
2023-06-16 14:00:00,64.5,58.6333333333333,282.466666666667
2023-06-16 15:00:00,80.1666666666667,62.3333333333333,282.166666666667
2023-06-16 16:00:00,80.3333333333333,95.65,277.816666666667
2023-06-16 17:00:00,95.0,90.8666666666667,279.366666666667
2023-06-16 18:00:00,74.3333333333333,80.5833333333333,279.4
2023-06-16 19:00:00,121.833333333333,93.8,277.7
2023-06-16 20:00:00,128.166666666667,88.0666666666667,278.166666666667
2023-06-16 21:00:00,126.666666666667,92.2666666666667,277.75
2023-06-16 22:00:00,121.666666666667,90.3166666666667,277.45
2023-06-16 23:00:00,131.0,84.0,277.733333333333
2023-06-17 00:00:00,129.5,76.2333333333333,278.333333333333
2023-06-17 01:00:00,130.166666666667,67.9,278.8
2023-06-17 02:00:00,134.833333333333,63.05,278.716666666667
2023-06-17 03:00:00,127.6,54.78,279.21
2023-06-17 04:00:00,141.666666666667,55.5166666666667,278.933333333333
2023-06-17 05:00:00,139.5,52.0333333333333,279.016666666667
2023-06-17 06:00:00,120.5,54.1333333333333,278.883333333333
2023-06-17 07:00:00,75.3333333333333,57.7166666666667,279.416666666667
2023-06-17 08:00:00,79.8333333333333,60.1166666666667,280.933333333333
2023-06-17 09:00:00,84.4,59.78,281.57
2023-06-17 10:00:00,92.5,52.8666666666667,282.35
2023-06-17 11:00:00,83.5,47.8833333333333,283.233333333333
2023-06-17 12:00:00,87.1666666666667,47.4666666666667,284.266666666667
2023-06-17 13:00:00,103.5,45.6,284.8
2023-06-17 14:00:00,93.1666666666667,42.7,285.616666666667
2023-06-17 15:00:00,100.5,40.1333333333333,286.15
2023-06-17 16:00:00,99.8333333333333,38.8166666666667,286.85
2023-06-17 17:00:00,93.6666666666667,36.9833333333333,286.833333333333
2023-06-17 18:00:00,96.1666666666667,37.2166666666667,286.333333333333
2023-06-17 19:00:00,91.8333333333334,41.4666666666667,284.75
2023-06-17 20:00:00,73.2,45.2,283.43
2023-06-17 21:00:00,82.0,48.56,282.69
2023-06-17 22:00:00,92.6666666666667,49.9666666666667,282.3
2023-06-17 23:00:00,96.1666666666667,50.35,282.183333333333
2023-06-18 00:00:00,105.333333333333,51.2,282.033333333333
2023-06-18 01:00:00,95.6666666666666,52.5333333333333,281.616666666667
2023-06-18 02:00:00,90.5,53.3666666666667,281.45
2023-06-18 03:00:00,102.4,52.98,281.47
2023-06-18 04:00:00,103.166666666667,51.4666666666667,281.65
2023-06-18 05:00:00,113.333333333333,52.25,281.4
2023-06-18 06:00:00,109.0,50.4833333333333,282.166666666667
2023-06-18 07:00:00,59.8333333333333,47.1666666666667,284.15
2023-06-18 08:00:00,30.6666666666667,46.4166666666667,285.583333333333
2023-06-18 09:00:00,57.6666666666667,43.6166666666667,286.366666666667
2023-06-18 10:00:00,71.8333333333333,41.5,287.616666666667
2023-06-18 11:00:00,73.1666666666667,41.0,288.383333333333
2023-06-18 12:00:00,75.1666666666667,38.1166666666667,289.283333333333
2023-06-18 13:00:00,73.0,37.5166666666667,289.3
2023-06-18 14:00:00,74.8333333333333,36.8333333333333,289.35
2023-06-18 15:00:00,70.6666666666667,36.0166666666667,290.333333333333
2023-06-18 16:00:00,76.5,41.9166666666667,289.833333333333
2023-06-18 17:00:00,71.0,46.8666666666667,288.916666666667
2023-06-18 18:00:00,73.1666666666667,51.4,288.35
2023-06-18 19:00:00,54.8333333333333,57.3,287.55
2023-06-18 20:00:00,39.6666666666667,62.05,286.666666666667
2023-06-18 21:00:00,54.8333333333333,65.4833333333333,286.1
2023-06-18 22:00:00,55.3333333333333,68.1166666666667,285.85
2023-06-18 23:00:00,68.3333333333333,72.1333333333334,285.3
2023-06-19 00:00:00,77.1666666666667,72.4333333333333,284.916666666667
2023-06-19 01:00:00,91.3333333333333,70.9666666666667,284.3
2023-06-19 02:00:00,90.8333333333333,75.7,283.85
2023-06-19 03:00:00,91.2,74.22,283.91
2023-06-19 04:00:00,80.3333333333333,74.6166666666667,283.733333333333
2023-06-19 05:00:00,77.5,71.7,284.133333333333
2023-06-19 06:00:00,73.1666666666667,67.4333333333333,284.483333333333
2023-06-19 07:00:00,53.8333333333333,62.4833333333333,286.1
2023-06-19 08:00:00,49.6666666666667,60.5666666666667,286.766666666667
2023-06-19 09:00:00,49.5,59.85,287.65
2023-06-19 10:00:00,62.0,58.0333333333333,288.316666666667
2023-06-19 11:00:00,79.1666666666667,51.3,289.4
2023-06-19 12:00:00,83.3333333333333,47.6833333333333,289.8
2023-06-19 13:00:00,97.3333333333333,47.25,289.716666666667
2023-06-19 14:00:00,98.6666666666667,48.6,289.7
2023-06-19 15:00:00,73.0,48.1333333333333,289.75
2023-06-19 16:00:00,71.6666666666667,44.25,290.866666666667
2023-06-19 17:00:00,41.1666666666667,51.7166666666667,289.433333333333
2023-06-19 18:00:00,67.5,56.6833333333333,288.183333333333
2023-06-19 19:00:00,83.8333333333334,62.2333333333333,287.883333333333
2023-06-19 20:00:00,62.1666666666667,67.5166666666667,287.166666666667
2023-06-19 21:00:00,79.0,67.6166666666667,286.283333333333
2023-06-19 22:00:00,93.6666666666667,70.55,285.216666666667
2023-06-19 23:00:00,73.5,70.35,285.133333333333
2023-06-20 00:00:00,74.5,66.5166666666667,285.35
2023-06-20 01:00:00,81.3333333333334,69.1,284.65
2023-06-20 02:00:00,86.1666666666667,69.6666666666667,284.566666666667
2023-06-20 03:00:00,81.8333333333333,69.0166666666667,284.65
2023-06-20 04:00:00,70.6666666666667,66.95,285.083333333333
2023-06-20 05:00:00,94.3333333333333,64.7166666666667,285.266666666667
2023-06-20 06:00:00,99.3333333333333,65.25,285.4
2023-06-20 07:00:00,37.6666666666667,64.5,286.183333333333
2023-06-20 08:00:00,73.8333333333333,62.6666666666667,287.766666666667
2023-06-20 09:00:00,54.0,57.45,289.366666666667
2023-06-20 10:00:00,63.8333333333333,55.25,290.5
2023-06-20 11:00:00,66.1666666666667,51.2833333333333,291.433333333333
2023-06-20 12:00:00,69.1666666666667,46.7666666666667,292.333333333333
2023-06-20 13:00:00,56.1666666666667,48.2666666666667,292.633333333333
2023-06-20 14:00:00,63.5,50.0833333333333,292.533333333333
2023-06-20 15:00:00,64.0,54.4333333333333,291.933333333333
2023-06-20 16:00:00,56.0,54.8166666666667,292.033333333333
2023-06-20 17:00:00,53.6666666666667,55.5166666666667,291.716666666667
2023-06-20 18:00:00,44.3333333333333,57.0833333333333,291.116666666667
2023-06-20 19:00:00,33.1666666666667,61.4666666666667,290.116666666667
2023-06-20 20:00:00,39.1666666666667,68.35,288.95
2023-06-20 21:00:00,77.6666666666667,68.75,288.583333333333
2023-06-20 22:00:00,79.0,66.85,288.5
2023-06-20 23:00:00,91.5,64.7666666666667,287.95
2023-06-21 00:00:00,87.1666666666667,60.2,287.933333333333
2023-06-21 01:00:00,87.1666666666667,59.1166666666667,287.65
2023-06-21 02:00:00,88.0,53.0,287.9
2023-06-21 03:00:00,84.0,47.76,288.25
2023-06-21 04:00:00,87.6666666666667,47.35,287.9
2023-06-21 05:00:00,82.5,45.45,288.116666666667
2023-06-21 06:00:00,83.1666666666667,45.8833333333333,288.666666666667
2023-06-21 07:00:00,85.6666666666667,47.2,290.3
2023-06-21 08:00:00,96.5,50.6666666666667,291.05
2023-06-21 09:00:00,85.5,48.1666666666667,291.916666666667
2023-06-21 10:00:00,58.5,43.15,293.233333333333
2023-06-21 11:00:00,48.5,28.65,294.9
2023-06-21 12:00:00,63.3333333333333,27.25,295.216666666667
2023-06-21 13:00:00,53.8333333333333,31.85,295.333333333333
2023-06-21 14:00:00,32.8333333333333,42.0666666666667,293.116666666667
2023-06-21 15:00:00,44.6666666666667,54.0833333333333,289.933333333333
2023-06-21 16:00:00,90.1666666666667,51.5,290.783333333333
2023-06-21 17:00:00,88.1666666666667,38.1,293.333333333333
2023-06-21 18:00:00,52.0,55.05,291.2
2023-06-21 19:00:00,42.6666666666667,77.2,288.666666666667
2023-06-21 20:00:00,51.1666666666667,79.7,288.066666666667
2023-06-21 21:00:00,92.0,79.2666666666667,287.883333333333
2023-06-21 22:00:00,86.8333333333333,76.1,288.15
2023-06-21 23:00:00,87.8333333333333,69.9833333333333,288.433333333333
2023-06-22 00:00:00,75.0,60.4666666666667,288.933333333333
2023-06-22 01:00:00,69.8333333333333,60.4666666666667,288.533333333333
2023-06-22 02:00:00,76.8333333333333,60.8,288.15
2023-06-22 03:00:00,83.3333333333333,59.6166666666667,287.916666666667
2023-06-22 04:00:00,94.1666666666667,60.8166666666667,287.566666666667
2023-06-22 05:00:00,89.5,57.5333333333333,288.05
2023-06-22 06:00:00,64.3333333333333,52.0166666666667,289.116666666667
2023-06-22 07:00:00,65.8333333333333,50.4666666666667,289.466666666667
2023-06-22 08:00:00,67.8333333333333,46.2166666666667,290.483333333333
2023-06-22 09:00:00,89.6666666666667,40.5833333333333,291.733333333333
2023-06-22 10:00:00,99.3333333333333,33.1333333333333,292.466666666667
2023-06-22 11:00:00,93.6666666666667,36.3,293.466666666667
2023-06-22 12:00:00,65.5,35.45,294.183333333333
2023-06-22 13:00:00,50.5,37.2166666666667,294.633333333333
2023-06-22 14:00:00,44.3333333333333,41.9166666666667,294.15
2023-06-22 15:00:00,45.0,42.0666666666667,294.033333333333
2023-06-22 16:00:00,38.8333333333333,43.5,293.6
2023-06-22 17:00:00,53.3333333333333,46.9166666666667,292.55
2023-06-22 18:00:00,75.1666666666667,50.05,291.9
2023-06-22 19:00:00,89.5,50.9333333333333,291.483333333333
2023-06-22 20:00:00,72.1666666666667,52.4,290.416666666667
2023-06-22 21:00:00,44.8333333333333,55.0166666666667,289.75
2023-06-22 22:00:00,67.4,58.34,289.23
2023-06-22 23:00:00,81.3333333333334,60.4,287.016666666667
2023-06-23 00:00:00,73.3333333333333,66.6166666666667,286.666666666667
2023-06-23 01:00:00,90.5,61.45,287.166666666667
2023-06-23 02:00:00,82.8333333333333,69.1333333333333,286.166666666667
2023-06-23 03:00:00,87.0,72.9666666666667,285.916666666667
2023-06-23 04:00:00,95.1666666666667,93.0666666666667,283.3
2023-06-23 05:00:00,103.333333333333,100.666666666667,282.45
2023-06-23 06:00:00,91.5,101.283333333333,282.116666666667
2023-06-23 07:00:00,90.0,100.55,282.033333333333
2023-06-23 08:00:00,58.2,96.2,282.43
2023-06-23 09:00:00,88.0,97.7333333333333,282.916666666667
2023-06-23 10:00:00,95.0,90.9,282.55
2023-06-23 11:00:00,91.8333333333333,91.45,282.933333333333
2023-06-23 12:00:00,102.0,89.0666666666667,282.066666666667
2023-06-23 13:00:00,90.5,73.6333333333333,283.1
2023-06-23 14:00:00,91.3333333333333,63.5833333333333,283.55
2023-06-23 15:00:00,105.5,55.8666666666667,284.683333333333
2023-06-23 16:00:00,95.6666666666666,58.6,284.033333333333
2023-06-23 17:00:00,97.8333333333333,60.9,283.3
2023-06-23 18:00:00,95.8333333333333,67.0333333333333,282.466666666667
2023-06-23 19:00:00,108.666666666667,66.5,281.9
2023-06-23 20:00:00,105.833333333333,68.6166666666667,281.383333333333
2023-06-23 21:00:00,118.0,65.0,281.45
2023-06-23 22:00:00,106.333333333333,64.0,281.35
2023-06-23 23:00:00,92.3333333333333,62.7333333333333,281.2
2023-06-24 00:00:00,86.6666666666667,61.0333333333333,280.883333333333
2023-06-24 01:00:00,93.5,60.8833333333333,280.75
2023-06-24 02:00:00,114.0,65.05,280.6
2023-06-24 03:00:00,110.833333333333,70.6666666666667,280.25
2023-06-24 04:00:00,105.666666666667,73.7833333333333,280.066666666667
2023-06-24 05:00:00,105.166666666667,88.9833333333333,279.3
2023-06-24 06:00:00,131.333333333333,98.2666666666667,278.633333333333
2023-06-24 07:00:00,104.166666666667,101.483333333333,278.5
2023-06-24 08:00:00,109.666666666667,77.5833333333334,280.933333333333
2023-06-24 09:00:00,86.6666666666667,76.85,281.0
2023-06-24 10:00:00,86.0,88.7833333333334,281.25
2023-06-24 11:00:00,94.0,95.2666666666667,281.183333333333
2023-06-24 12:00:00,100.0,81.5333333333333,282.666666666667
2023-06-24 13:00:00,99.8333333333333,63.75,285.15
2023-06-24 14:00:00,96.1666666666667,61.25,285.35
2023-06-24 15:00:00,88.3333333333333,59.6166666666667,285.933333333333
2023-06-24 16:00:00,88.5,61.1666666666667,285.433333333333
2023-06-24 17:00:00,86.8333333333333,60.8,285.233333333333
2023-06-24 18:00:00,86.1666666666667,61.4666666666667,285.216666666667
2023-06-24 19:00:00,85.8333333333333,61.45,284.7
2023-06-24 20:00:00,92.6666666666667,65.7,283.4
2023-06-24 21:00:00,88.6666666666667,70.5666666666667,282.266666666667
2023-06-24 22:00:00,75.6666666666667,77.65,281.083333333333
2023-06-24 23:00:00,78.8333333333333,80.0,280.8
2023-06-25 00:00:00,100.0,80.75,280.733333333333
2023-06-25 01:00:00,108.833333333333,80.55,280.766666666667
2023-06-25 02:00:00,103.4,80.62,280.89
2023-06-25 03:00:00,94.6,79.86,280.65
2023-06-25 04:00:00,112.166666666667,76.1,280.583333333333
2023-06-25 05:00:00,101.5,73.85,280.816666666667
2023-06-25 06:00:00,102.5,69.5166666666667,281.383333333333
2023-06-25 07:00:00,59.6666666666667,64.05,283.833333333333
2023-06-25 08:00:00,58.1666666666667,59.5,284.916666666667
2023-06-25 09:00:00,77.1666666666667,54.2166666666667,286.1
2023-06-25 10:00:00,97.8333333333333,50.0166666666667,287.166666666667
2023-06-25 11:00:00,98.3333333333333,47.9,287.816666666667
2023-06-25 12:00:00,94.0,42.0166666666667,288.983333333333
2023-06-25 13:00:00,98.5,29.0,290.933333333333
2023-06-25 14:00:00,77.8333333333333,28.2333333333333,292.2
2023-06-25 15:00:00,74.0,27.1833333333333,292.633333333333
2023-06-25 16:00:00,63.3333333333333,28.9666666666667,292.566666666667
2023-06-25 17:00:00,74.1666666666667,32.6833333333333,291.866666666667
2023-06-25 18:00:00,63.0,37.4666666666667,291.25
2023-06-25 19:00:00,77.0,46.6,289.283333333333
2023-06-25 20:00:00,50.8333333333333,53.1333333333333,287.8
2023-06-25 21:00:00,53.6666666666667,56.9166666666667,287.1
2023-06-25 22:00:00,66.8333333333333,58.3166666666667,286.366666666667
2023-06-25 23:00:00,92.1666666666667,53.4166666666667,285.683333333333
2023-06-26 00:00:00,95.8333333333333,48.6666666666667,285.5
2023-06-26 01:00:00,83.8333333333333,49.2166666666667,284.866666666667
2023-06-26 02:00:00,77.3333333333333,48.2666666666667,284.683333333333
2023-06-26 03:00:00,81.3333333333334,48.8333333333333,284.6
2023-06-26 04:00:00,78.8333333333333,50.95,284.466666666667
2023-06-26 05:00:00,91.0,55.5666666666667,284.3
2023-06-26 06:00:00,65.6666666666667,57.8833333333333,284.816666666667
2023-06-26 07:00:00,56.0,54.78,286.69
2023-06-26 08:00:00,56.6666666666667,50.8,287.766666666667
2023-06-26 09:00:00,60.1666666666667,44.5833333333333,288.333333333333
2023-06-26 10:00:00,69.0,41.3,289.566666666667
2023-06-26 11:00:00,66.6666666666667,40.4333333333333,290.633333333333
2023-06-26 12:00:00,67.6666666666667,38.7333333333333,291.4
2023-06-26 13:00:00,67.3333333333333,37.25,292.033333333333
2023-06-26 14:00:00,71.3333333333333,35.9166666666667,292.316666666667
2023-06-26 15:00:00,65.1666666666667,34.6833333333333,292.583333333333
2023-06-26 16:00:00,66.8333333333333,36.3666666666667,291.933333333333
2023-06-26 17:00:00,74.3333333333333,37.8666666666667,291.7
2023-06-26 18:00:00,80.0,40.4333333333333,291.283333333333
2023-06-26 19:00:00,56.0,45.75,289.433333333333
2023-06-26 20:00:00,63.5,47.2166666666667,288.383333333333
2023-06-26 21:00:00,80.3333333333333,48.8333333333333,287.783333333333
2023-06-26 22:00:00,65.8333333333333,51.0333333333333,287.316666666667
2023-06-26 23:00:00,49.8333333333333,57.0333333333333,286.666666666667
2023-06-27 00:00:00,59.0,63.7666666666667,285.933333333333
2023-06-27 01:00:00,70.3333333333333,71.7166666666667,285.05
2023-06-27 02:00:00,76.1666666666667,78.8333333333333,284.516666666667
2023-06-27 03:00:00,72.6666666666667,82.4333333333333,284.166666666667
2023-06-27 04:00:00,75.0,89.8833333333333,283.583333333333
2023-06-27 05:00:00,89.3333333333333,95.1666666666667,283.133333333333
2023-06-27 06:00:00,83.0,98.3833333333333,282.883333333333
2023-06-27 07:00:00,93.3333333333333,98.55,282.966666666667
2023-06-27 08:00:00,89.1666666666667,98.4,283.2
2023-06-27 09:00:00,75.1666666666667,96.7,283.866666666667
2023-06-27 10:00:00,96.1666666666667,91.0666666666667,284.333333333333
2023-06-27 11:00:00,87.6666666666667,79.6666666666667,284.3
2023-06-27 12:00:00,77.5,72.5166666666667,285.0
2023-06-27 13:00:00,81.8333333333333,63.6666666666667,286.4
2023-06-27 14:00:00,74.6666666666667,57.25,286.7
2023-06-27 15:00:00,63.6666666666667,57.1166666666667,286.583333333333
2023-06-27 16:00:00,59.0,58.3,285.633333333333
2023-06-27 17:00:00,65.3333333333333,53.4333333333333,286.35
2023-06-27 18:00:00,62.6666666666667,53.05,286.45
2023-06-27 19:00:00,72.8333333333333,56.6,284.533333333333
2023-06-27 20:00:00,82.8333333333333,56.6,283.483333333333
2023-06-27 21:00:00,86.6666666666667,56.4166666666667,282.7
2023-06-27 22:00:00,81.3333333333333,58.7833333333333,282.15
2023-06-27 23:00:00,76.0,60.3333333333333,281.466666666667
2023-06-28 00:00:00,77.6666666666667,61.0833333333333,281.216666666667
2023-06-28 01:00:00,73.5,60.0833333333333,281.233333333333
2023-06-28 02:00:00,74.4,60.12,281.05
2023-06-28 03:00:00,,,
2023-06-28 04:00:00,91.4,62.16,280.77
2023-06-28 05:00:00,99.1666666666667,62.8,280.883333333333
2023-06-28 06:00:00,74.0,74.9166666666667,279.95
2023-06-28 07:00:00,64.1666666666667,81.05,279.55
2023-06-28 08:00:00,111.666666666667,86.4333333333333,279.366666666667
2023-06-28 09:00:00,118.833333333333,98.2666666666667,279.1
2023-06-28 10:00:00,111.0,97.7166666666667,279.583333333333
2023-06-28 11:00:00,103.5,99.3333333333333,279.35
2023-06-28 12:00:00,103.166666666667,100.3,279.033333333333
2023-06-28 13:00:00,101.833333333333,99.5166666666667,279.65
2023-06-28 14:00:00,93.0,99.6,279.816666666667
2023-06-28 15:00:00,87.3333333333333,100.116666666667,279.783333333333
2023-06-28 16:00:00,87.3333333333333,99.5333333333333,280.133333333333
2023-06-28 17:00:00,85.0,93.2833333333333,281.133333333333
2023-06-28 18:00:00,76.0,75.1166666666667,282.216666666667
2023-06-28 19:00:00,67.3333333333333,70.8,282.083333333333
2023-06-28 20:00:00,73.8333333333333,72.7,280.983333333333
2023-06-28 21:00:00,113.166666666667,82.5,280.3
2023-06-28 22:00:00,85.8333333333333,85.5666666666667,279.7
2023-06-28 23:00:00,76.0,83.4333333333333,279.65
2023-06-29 00:00:00,65.0,79.8166666666667,279.666666666667
2023-06-29 01:00:00,70.8333333333333,79.85,279.516666666667
2023-06-29 02:00:00,76.0,78.3166666666667,279.666666666667
2023-06-29 03:00:00,74.0,76.3666666666667,279.716666666667
2023-06-29 04:00:00,72.5,69.8666666666667,279.883333333333
2023-06-29 05:00:00,76.8333333333333,66.6666666666667,279.983333333333
2023-06-29 06:00:00,90.3333333333333,64.35,280.533333333333
2023-06-29 07:00:00,93.6666666666667,56.5833333333333,283.316666666667
2023-06-29 08:00:00,47.3333333333333,51.2,285.1
2023-06-29 09:00:00,51.6666666666667,47.0166666666667,286.533333333333
2023-06-29 10:00:00,71.0,45.52,288.03
2023-06-29 11:00:00,63.1666666666667,45.5833333333333,288.883333333333
2023-06-29 12:00:00,63.2,46.74,289.15
2023-06-29 13:00:00,60.5,43.45,291.016666666667
2023-06-29 14:00:00,52.0,44.5666666666667,290.6
2023-06-29 15:00:00,59.3333333333333,41.1166666666667,292.366666666667
2023-06-29 16:00:00,39.0,41.4666666666667,292.35
2023-06-29 17:00:00,26.1666666666667,45.25,291.416666666667
2023-06-29 18:00:00,48.6,49.9,290.23
2023-06-29 19:00:00,37.0,53.95,289.433333333333
2023-06-29 20:00:00,25.1666666666667,61.4166666666667,287.45
2023-06-29 21:00:00,55.0,65.6,286.733333333333
2023-06-29 22:00:00,34.1666666666667,74.65,285.816666666667
2023-06-29 23:00:00,58.3333333333333,94.3833333333333,283.483333333333
2023-06-30 00:00:00,63.8333333333333,99.4333333333334,282.833333333333
2023-06-30 01:00:00,47.0,101.45,282.45
2023-06-30 02:00:00,53.8333333333333,99.4,282.666666666667
2023-06-30 03:00:00,55.8333333333333,98.4,282.7
2023-06-30 04:00:00,62.5,92.9,283.15
2023-06-30 05:00:00,56.6666666666667,98.7,282.8
2023-06-30 06:00:00,76.3333333333333,98.2166666666667,282.9
2023-06-30 07:00:00,91.6666666666667,100.716666666667,282.366666666667
2023-06-30 08:00:00,86.6666666666667,101.15,282.433333333333
2023-06-30 09:00:00,68.0,101.316666666667,282.65
2023-06-30 10:00:00,69.6666666666667,101.6,283.133333333333
2023-06-30 11:00:00,69.1666666666667,99.25,283.733333333333
2023-06-30 12:00:00,64.8333333333333,98.7166666666667,285.033333333333
2023-06-30 13:00:00,66.5,98.5,284.833333333333
2023-06-30 14:00:00,67.8333333333333,93.9,285.05
2023-06-30 15:00:00,67.3333333333333,100.1,283.866666666667
2023-06-30 16:00:00,61.1666666666667,101.066666666667,282.65
2023-06-30 17:00:00,94.8333333333333,99.7166666666667,282.5
2023-06-30 18:00:00,104.833333333333,100.6,282.216666666667
2023-06-30 19:00:00,106.166666666667,101.75,282.45
2023-06-30 20:00:00,104.333333333333,102.283333333333,282.216666666667
2023-06-30 21:00:00,103.5,102.566666666667,282.016666666667
